id_emenda,ano,nr_emenda,declarada_no_painel,declarada_no_portal,vl_lei_alteracao_painel,vl_lei_alteracao_portal,diferenca,vl_empenhado_painel,vl_empenhado_portal,diferenca_empenhado,motivo_da_ausencia,as_of_painel,as_of_portal
594,2021,00557.01,não,sim,,"0,00",,,"0,00",,fora da janela do painel (2021–2022; o painel cobre 2023–2026),2026-09-01,2025-12-16T18:14:28.151388
595,2021,00394.01,não,sim,,"0,00",,,"0,00",,fora da janela do painel (2021–2022; o painel cobre 2023–2026),2026-09-01,2025-12-16T18:14:28.151388
596,2021,00542.01,não,sim,,"0,00",,,"0,00",,fora da janela do painel (2021–2022; o painel cobre 2023–2026),2026-09-01,2025-12-16T18:14:28.151388
597,2021,00503.01,não,sim,,"0,00",,,"0,00",,fora da janela do painel (2021–2022; o painel cobre 2023–2026),2026-09-01,2025-12-16T18:14:28.151388
598,2021,00203.01,não,sim,,"500.000,00",,,"500.000,00",,fora da janela do painel (2021–2022; o painel cobre 2023–2026),2026-09-01,2025-12-16T18:14:28.151388
599,2021,00533.01,não,sim,,"0,00",,,"0,00",,fora da janela do painel (2021–2022; o painel cobre 2023–2026),2026-09-01,2025-12-16T18:14:28.151388
600,2021,00316.01,não,sim,,"0,00",,,"0,00",,fora da janela do painel (2021–2022; o painel cobre 2023–2026),2026-09-01,2025-12-16T18:14:28.151388
601,2021,00313.01,não,sim,,"0,00",,,"0,00",,fora da janela do painel (2021–2022; o painel cobre 2023–2026),2026-09-01,2025-12-16T18:14:28.151388
602,2021,00281.01,não,sim,,"0,00",,,"0,00",,fora da janela do painel (2021–2022; o painel cobre 2023–2026),2026-09-01,2025-12-16T18:14:28.151388
603,2021,00091.01,não,sim,,"290.000,00",,,"0,00",,fora da janela do painel (2021–2022; o painel cobre 2023–2026),2026-09-01,2025-12-16T18:14:28.151388
604,2021,00229.01,não,sim,,"2.000.000,00",,,"1.945.000,00",,fora da janela do painel (2021–2022; o painel cobre 2023–2026),2026-09-01,2025-12-16T18:14:28.151388
605,2021,00022.01,não,sim,,"0,00",,,"0,00",,fora da janela do painel (2021–2022; o painel cobre 2023–2026),2026-09-01,2025-12-16T18:14:28.151388
606,2021,00427.01,não,sim,,"0,00",,,"0,00",,fora da janela do painel (2021–2022; o painel cobre 2023–2026),2026-09-01,2025-12-16T18:14:28.151388
607,2021,00476.01,não,sim,,"0,00",,,"0,00",,fora da janela do painel (2021–2022; o painel cobre 2023–2026),2026-09-01,2025-12-16T18:14:28.151388
608,2021,00143.01,não,sim,,"0,00",,,"0,00",,fora da janela do painel (2021–2022; o painel cobre 2023–2026),2026-09-01,2025-12-16T18:14:28.151388
609,2021,00342.01,não,sim,,"200.000,00",,,"199.844,87",,fora da janela do painel (2021–2022; o painel cobre 2023–2026),2026-09-01,2025-12-16T18:14:28.151388
610,2021,00398.01,não,sim,,"100.000,00",,,"0,00",,fora da janela do painel (2021–2022; o painel cobre 2023–2026),2026-09-01,2025-12-16T18:14:28.151388
611,2021,00546.01,não,sim,,"0,00",,,"0,00",,fora da janela do painel (2021–2022; o painel cobre 2023–2026),2026-09-01,2025-12-16T18:14:28.151388
612,2021,00195.01,não,sim,,"0,00",,,"0,00",,fora da janela do painel (2021–2022; o painel cobre 2023–2026),2026-09-01,2025-12-16T18:14:28.151388
613,2021,00076.01,não,sim,,"1.800.000,00",,,"1.732.150,66",,fora da janela do painel (2021–2022; o painel cobre 2023–2026),2026-09-01,2025-12-16T18:14:28.151388
614,2021,00014.01,não,sim,,"0,00",,,"0,00",,fora da janela do painel (2021–2022; o painel cobre 2023–2026),2026-09-01,2025-12-16T18:14:28.151388
615,2021,00072.01,não,sim,,"3.439.358,00",,,"3.437.126,74",,fora da janela do painel (2021–2022; o painel cobre 2023–2026),2026-09-01,2025-12-16T18:14:28.151388
616,2021,00161.01,não,sim,,"0,00",,,"0,00",,fora da janela do painel (2021–2022; o painel cobre 2023–2026),2026-09-01,2025-12-16T18:14:28.151388
617,2021,00174.01,não,sim,,"0,00",,,"0,00",,fora da janela do painel (2021–2022; o painel cobre 2023–2026),2026-09-01,2025-12-16T18:14:28.151388
618,2021,00176.01,não,sim,,"550.000,00",,,"449.626,01",,fora da janela do painel (2021–2022; o painel cobre 2023–2026),2026-09-01,2025-12-16T18:14:28.151388
620,2021,00125.01,não,sim,,"380.000,00",,,"149.850,00",,fora da janela do painel (2021–2022; o painel cobre 2023–2026),2026-09-01,2025-12-16T18:14:28.151388
621,2021,00375.01,não,sim,,"2.700.000,00",,,"2.695.524,24",,fora da janela do painel (2021–2022; o painel cobre 2023–2026),2026-09-01,2025-12-16T18:14:28.151388
622,2021,00555.01,não,sim,,"0,00",,,"0,00",,fora da janela do painel (2021–2022; o painel cobre 2023–2026),2026-09-01,2025-12-16T18:14:28.151388
623,2021,00131.01,não,sim,,"200.000,00",,,"24.964,64",,fora da janela do painel (2021–2022; o painel cobre 2023–2026),2026-09-01,2025-12-16T18:14:28.151388
624,2021,00130.01,não,sim,,"200.000,00",,,"0,00",,fora da janela do painel (2021–2022; o painel cobre 2023–2026),2026-09-01,2025-12-16T18:14:28.151388
625,2021,00376.01,não,sim,,"990.000,00",,,"0,00",,fora da janela do painel (2021–2022; o painel cobre 2023–2026),2026-09-01,2025-12-16T18:14:28.151388
626,2021,00159.01,não,sim,,"410.000,00",,,"410.000,00",,fora da janela do painel (2021–2022; o painel cobre 2023–2026),2026-09-01,2025-12-16T18:14:28.151388
628,2021,00352.01,não,sim,,"0,00",,,"0,00",,fora da janela do painel (2021–2022; o painel cobre 2023–2026),2026-09-01,2025-12-16T18:14:28.151388
629,2021,00515.01,não,sim,,"1.267.000,00",,,"1.266.845,83",,fora da janela do painel (2021–2022; o painel cobre 2023–2026),2026-09-01,2025-12-16T18:14:28.151388
630,2021,00155.01,não,sim,,"0,00",,,"0,00",,fora da janela do painel (2021–2022; o painel cobre 2023–2026),2026-09-01,2025-12-16T18:14:28.151388
631,2021,00235.01,não,sim,,"0,00",,,"0,00",,fora da janela do painel (2021–2022; o painel cobre 2023–2026),2026-09-01,2025-12-16T18:14:28.151388
632,2021,00098.01,não,sim,,"0,00",,,"0,00",,fora da janela do painel (2021–2022; o painel cobre 2023–2026),2026-09-01,2025-12-16T18:14:28.151388
633,2021,00175.01,não,sim,,"310.000,00",,,"310.000,00",,fora da janela do painel (2021–2022; o painel cobre 2023–2026),2026-09-01,2025-12-16T18:14:28.151388
635,2021,00183.01,não,sim,,"420.000,00",,,"320.000,00",,fora da janela do painel (2021–2022; o painel cobre 2023–2026),2026-09-01,2025-12-16T18:14:28.151388
637,2021,00238.01,não,sim,,"0,00",,,"0,00",,fora da janela do painel (2021–2022; o painel cobre 2023–2026),2026-09-01,2025-12-16T18:14:28.151388
638,2021,00531.01,não,sim,,"280.000,00",,,"280.000,00",,fora da janela do painel (2021–2022; o painel cobre 2023–2026),2026-09-01,2025-12-16T18:14:28.151388
639,2021,00168.01,não,sim,,"1.768.000,00",,,"1.649.982,37",,fora da janela do painel (2021–2022; o painel cobre 2023–2026),2026-09-01,2025-12-16T18:14:28.151388
640,2021,00097.01,não,sim,,"1.300.000,00",,,"1.194.420,40",,fora da janela do painel (2021–2022; o painel cobre 2023–2026),2026-09-01,2025-12-16T18:14:28.151388
641,2021,00405.01,não,sim,,"1.500,00",,,"0,00",,fora da janela do painel (2021–2022; o painel cobre 2023–2026),2026-09-01,2025-12-16T18:14:28.151388
642,2021,00493.01,não,sim,,"150.000,00",,,"0,00",,fora da janela do painel (2021–2022; o painel cobre 2023–2026),2026-09-01,2025-12-16T18:14:28.151388
643,2021,00132.01,não,sim,,"100.000,00",,,"0,00",,fora da janela do painel (2021–2022; o painel cobre 2023–2026),2026-09-01,2025-12-16T18:14:28.151388
644,2021,00128.01,não,sim,,"0,00",,,"0,00",,fora da janela do painel (2021–2022; o painel cobre 2023–2026),2026-09-01,2025-12-16T18:14:28.151388
645,2021,00494.01,não,sim,,"0,00",,,"0,00",,fora da janela do painel (2021–2022; o painel cobre 2023–2026),2026-09-01,2025-12-16T18:14:28.151388
646,2021,00320.01,não,sim,,"0,00",,,"0,00",,fora da janela do painel (2021–2022; o painel cobre 2023–2026),2026-09-01,2025-12-16T18:14:28.151388
647,2021,00300.01,não,sim,,"740.000,00",,,"738.655,51",,fora da janela do painel (2021–2022; o painel cobre 2023–2026),2026-09-01,2025-12-16T18:14:28.151388
648,2021,00171.01,não,sim,,"301.000,00",,,"284.520,77",,fora da janela do painel (2021–2022; o painel cobre 2023–2026),2026-09-01,2025-12-16T18:14:28.151388
650,2021,00133.01,não,sim,,"360.000,00",,,"0,00",,fora da janela do painel (2021–2022; o painel cobre 2023–2026),2026-09-01,2025-12-16T18:14:28.151388
652,2021,00304.01,não,sim,,"4.616.716,00",,,"3.782.438,38",,fora da janela do painel (2021–2022; o painel cobre 2023–2026),2026-09-01,2025-12-16T18:14:28.151388
653,2021,00306.01,não,sim,,"2.490.000,00",,,"2.433.356,87",,fora da janela do painel (2021–2022; o painel cobre 2023–2026),2026-09-01,2025-12-16T18:14:28.151388
654,2021,00096.01,não,sim,,"1.700.000,00",,,"1.296.939,58",,fora da janela do painel (2021–2022; o painel cobre 2023–2026),2026-09-01,2025-12-16T18:14:28.151388
655,2021,00112.01,não,sim,,"333.358,00",,,"329.621,24",,fora da janela do painel (2021–2022; o painel cobre 2023–2026),2026-09-01,2025-12-16T18:14:28.151388
656,2021,00374.01,não,sim,,"0,00",,,"0,00",,fora da janela do painel (2021–2022; o painel cobre 2023–2026),2026-09-01,2025-12-16T18:14:28.151388
657,2021,00357.01,não,sim,,"100.000,00",,,"79.633,26",,fora da janela do painel (2021–2022; o painel cobre 2023–2026),2026-09-01,2025-12-16T18:14:28.151388
658,2021,00108.01,não,sim,,"1.000.000,00",,,"605.000,00",,fora da janela do painel (2021–2022; o painel cobre 2023–2026),2026-09-01,2025-12-16T18:14:28.151388
659,2021,00518.01,não,sim,,"200.000,00",,,"199.987,83",,fora da janela do painel (2021–2022; o painel cobre 2023–2026),2026-09-01,2025-12-16T18:14:28.151388
660,2021,00021.01,não,sim,,"170.000,00",,,"151.946,54",,fora da janela do painel (2021–2022; o painel cobre 2023–2026),2026-09-01,2025-12-16T18:14:28.151388
661,2021,00033.01,não,sim,,"0,00",,,"0,00",,fora da janela do painel (2021–2022; o painel cobre 2023–2026),2026-09-01,2025-12-16T18:14:28.151388
662,2021,00148.01,não,sim,,"0,00",,,"0,00",,fora da janela do painel (2021–2022; o painel cobre 2023–2026),2026-09-01,2025-12-16T18:14:28.151388
663,2021,00290.01,não,sim,,"0,00",,,"0,00",,fora da janela do painel (2021–2022; o painel cobre 2023–2026),2026-09-01,2025-12-16T18:14:28.151388
664,2021,00170.01,não,sim,,"765.000,00",,,"764.978,37",,fora da janela do painel (2021–2022; o painel cobre 2023–2026),2026-09-01,2025-12-16T18:14:28.151388
665,2021,00421.01,não,sim,,"750.000,00",,,"249.215,04",,fora da janela do painel (2021–2022; o painel cobre 2023–2026),2026-09-01,2025-12-16T18:14:28.151388
666,2021,00146.01,não,sim,,"0,00",,,"0,00",,fora da janela do painel (2021–2022; o painel cobre 2023–2026),2026-09-01,2025-12-16T18:14:28.151388
667,2021,00020.01,não,sim,,"0,00",,,"0,00",,fora da janela do painel (2021–2022; o painel cobre 2023–2026),2026-09-01,2025-12-16T18:14:28.151388
668,2021,00048.01,não,sim,,"500.000,00",,,"499.699,84",,fora da janela do painel (2021–2022; o painel cobre 2023–2026),2026-09-01,2025-12-16T18:14:28.151388
669,2021,00165.01,não,sim,,"270.000,00",,,"0,00",,fora da janela do painel (2021–2022; o painel cobre 2023–2026),2026-09-01,2025-12-16T18:14:28.151388
670,2021,00261.01,não,sim,,"0,00",,,"0,00",,fora da janela do painel (2021–2022; o painel cobre 2023–2026),2026-09-01,2025-12-16T18:14:28.151388
671,2021,00156.01,não,sim,,"87.000,00",,,"80.800,00",,fora da janela do painel (2021–2022; o painel cobre 2023–2026),2026-09-01,2025-12-16T18:14:28.151388
672,2021,00034.01,não,sim,,"0,00",,,"0,00",,fora da janela do painel (2021–2022; o painel cobre 2023–2026),2026-09-01,2025-12-16T18:14:28.151388
673,2021,00543.01,não,sim,,"0,00",,,"0,00",,fora da janela do painel (2021–2022; o painel cobre 2023–2026),2026-09-01,2025-12-16T18:14:28.151388
674,2021,00188.01,não,sim,,"0,00",,,"0,00",,fora da janela do painel (2021–2022; o painel cobre 2023–2026),2026-09-01,2025-12-16T18:14:28.151388
675,2021,00071.01,não,sim,,"1.300.000,00",,,"579.484,24",,fora da janela do painel (2021–2022; o painel cobre 2023–2026),2026-09-01,2025-12-16T18:14:28.151388
676,2021,00353.01,não,sim,,"0,00",,,"0,00",,fora da janela do painel (2021–2022; o painel cobre 2023–2026),2026-09-01,2025-12-16T18:14:28.151388
677,2021,00052.01,não,sim,,"305.000,00",,,"197.545,06",,fora da janela do painel (2021–2022; o painel cobre 2023–2026),2026-09-01,2025-12-16T18:14:28.151388
678,2021,00144.01,não,sim,,"0,00",,,"0,00",,fora da janela do painel (2021–2022; o painel cobre 2023–2026),2026-09-01,2025-12-16T18:14:28.151388
679,2021,00514.01,não,sim,,"500.000,00",,,"500.000,00",,fora da janela do painel (2021–2022; o painel cobre 2023–2026),2026-09-01,2025-12-16T18:14:28.151388
680,2021,00366.01,não,sim,,"930.000,00",,,"930.000,00",,fora da janela do painel (2021–2022; o painel cobre 2023–2026),2026-09-01,2025-12-16T18:14:28.151388
681,2021,00031.01,não,sim,,"100.000,00",,,"77.864,46",,fora da janela do painel (2021–2022; o painel cobre 2023–2026),2026-09-01,2025-12-16T18:14:28.151388
682,2021,00428.01,não,sim,,"0,00",,,"0,00",,fora da janela do painel (2021–2022; o painel cobre 2023–2026),2026-09-01,2025-12-16T18:14:28.151388
683,2021,00351.01,não,sim,,"0,00",,,"0,00",,fora da janela do painel (2021–2022; o painel cobre 2023–2026),2026-09-01,2025-12-16T18:14:28.151388
684,2021,00429.01,não,sim,,"900.000,00",,,"900.000,00",,fora da janela do painel (2021–2022; o painel cobre 2023–2026),2026-09-01,2025-12-16T18:14:28.151388
685,2021,00250.01,não,sim,,"0,00",,,"0,00",,fora da janela do painel (2021–2022; o painel cobre 2023–2026),2026-09-01,2025-12-16T18:14:28.151388
686,2021,00240.01,não,sim,,"0,00",,,"0,00",,fora da janela do painel (2021–2022; o painel cobre 2023–2026),2026-09-01,2025-12-16T18:14:28.151388
687,2021,00244.01,não,sim,,"200.000,00",,,"200.000,00",,fora da janela do painel (2021–2022; o painel cobre 2023–2026),2026-09-01,2025-12-16T18:14:28.151388
688,2021,00246.01,não,sim,,"100.000,00",,,"99.973,00",,fora da janela do painel (2021–2022; o painel cobre 2023–2026),2026-09-01,2025-12-16T18:14:28.151388
689,2021,00242.01,não,sim,,"0,00",,,"0,00",,fora da janela do painel (2021–2022; o painel cobre 2023–2026),2026-09-01,2025-12-16T18:14:28.151388
690,2021,00243.01,não,sim,,"230.000,00",,,"230.000,00",,fora da janela do painel (2021–2022; o painel cobre 2023–2026),2026-09-01,2025-12-16T18:14:28.151388
691,2021,00239.01,não,sim,,"250.000,00",,,"249.982,89",,fora da janela do painel (2021–2022; o painel cobre 2023–2026),2026-09-01,2025-12-16T18:14:28.151388
692,2021,00251.01,não,sim,,"0,00",,,"0,00",,fora da janela do painel (2021–2022; o painel cobre 2023–2026),2026-09-01,2025-12-16T18:14:28.151388
693,2021,00247.01,não,sim,,"200.000,00",,,"200.000,00",,fora da janela do painel (2021–2022; o painel cobre 2023–2026),2026-09-01,2025-12-16T18:14:28.151388
694,2021,00241.01,não,sim,,"0,00",,,"0,00",,fora da janela do painel (2021–2022; o painel cobre 2023–2026),2026-09-01,2025-12-16T18:14:28.151388
695,2021,00057.01,não,sim,,"0,00",,,"0,00",,fora da janela do painel (2021–2022; o painel cobre 2023–2026),2026-09-01,2025-12-16T18:14:28.151388
696,2021,00058.01,não,sim,,"100.000,00",,,"99.974,26",,fora da janela do painel (2021–2022; o painel cobre 2023–2026),2026-09-01,2025-12-16T18:14:28.151388
697,2021,00064.01,não,sim,,"0,00",,,"0,00",,fora da janela do painel (2021–2022; o painel cobre 2023–2026),2026-09-01,2025-12-16T18:14:28.151388
698,2021,00017.01,não,sim,,"0,00",,,"0,00",,fora da janela do painel (2021–2022; o painel cobre 2023–2026),2026-09-01,2025-12-16T18:14:28.151388
699,2021,00345.01,não,sim,,"0,00",,,"0,00",,fora da janela do painel (2021–2022; o painel cobre 2023–2026),2026-09-01,2025-12-16T18:14:28.151388
700,2021,00015.01,não,sim,,"0,00",,,"0,00",,fora da janela do painel (2021–2022; o painel cobre 2023–2026),2026-09-01,2025-12-16T18:14:28.151388
701,2021,00245.01,não,sim,,"250.000,00",,,"248.225,00",,fora da janela do painel (2021–2022; o painel cobre 2023–2026),2026-09-01,2025-12-16T18:14:28.151388
702,2021,00249.01,não,sim,,"100.000,00",,,"99.291,88",,fora da janela do painel (2021–2022; o painel cobre 2023–2026),2026-09-01,2025-12-16T18:14:28.151388
703,2021,00013.01,não,sim,,"0,00",,,"0,00",,fora da janela do painel (2021–2022; o painel cobre 2023–2026),2026-09-01,2025-12-16T18:14:28.151388
704,2021,00016.01,não,sim,,"0,00",,,"0,00",,fora da janela do painel (2021–2022; o painel cobre 2023–2026),2026-09-01,2025-12-16T18:14:28.151388
705,2021,00028.01,não,sim,,"100.000,00",,,"0,00",,fora da janela do painel (2021–2022; o painel cobre 2023–2026),2026-09-01,2025-12-16T18:14:28.151388
706,2021,00517.01,não,sim,,"0,00",,,"0,00",,fora da janela do painel (2021–2022; o painel cobre 2023–2026),2026-09-01,2025-12-16T18:14:28.151388
707,2021,00516.01,não,sim,,"0,00",,,"0,00",,fora da janela do painel (2021–2022; o painel cobre 2023–2026),2026-09-01,2025-12-16T18:14:28.151388
708,2021,00248.01,não,sim,,"0,00",,,"0,00",,fora da janela do painel (2021–2022; o painel cobre 2023–2026),2026-09-01,2025-12-16T18:14:28.151388
709,2021,00491.01,não,sim,,"350.000,00",,,"347.707,20",,fora da janela do painel (2021–2022; o painel cobre 2023–2026),2026-09-01,2025-12-16T18:14:28.151388
710,2021,00505.01,não,sim,,"150.000,00",,,"149.999,90",,fora da janela do painel (2021–2022; o painel cobre 2023–2026),2026-09-01,2025-12-16T18:14:28.151388
711,2021,00294.01,não,sim,,"900.000,00",,,"899.998,50",,fora da janela do painel (2021–2022; o painel cobre 2023–2026),2026-09-01,2025-12-16T18:14:28.151388
712,2021,00262.01,não,sim,,"0,00",,,"0,00",,fora da janela do painel (2021–2022; o painel cobre 2023–2026),2026-09-01,2025-12-16T18:14:28.151388
713,2021,00140.01,não,sim,,"0,00",,,"0,00",,fora da janela do painel (2021–2022; o painel cobre 2023–2026),2026-09-01,2025-12-16T18:14:28.151388
714,2021,00041.01,não,sim,,"0,00",,,"0,00",,fora da janela do painel (2021–2022; o painel cobre 2023–2026),2026-09-01,2025-12-16T18:14:28.151388
715,2021,00129.01,não,sim,,"0,00",,,"0,00",,fora da janela do painel (2021–2022; o painel cobre 2023–2026),2026-09-01,2025-12-16T18:14:28.151388
716,2021,00275.01,não,sim,,"380.000,00",,,"0,00",,fora da janela do painel (2021–2022; o painel cobre 2023–2026),2026-09-01,2025-12-16T18:14:28.151388
717,2021,00053.01,não,sim,,"0,00",,,"0,00",,fora da janela do painel (2021–2022; o painel cobre 2023–2026),2026-09-01,2025-12-16T18:14:28.151388
718,2021,00164.01,não,sim,,"0,00",,,"0,00",,fora da janela do painel (2021–2022; o painel cobre 2023–2026),2026-09-01,2025-12-16T18:14:28.151388
719,2021,00233.01,não,sim,,"0,00",,,"0,00",,fora da janela do painel (2021–2022; o painel cobre 2023–2026),2026-09-01,2025-12-16T18:14:28.151388
720,2021,00392.01,não,sim,,"0,00",,,"0,00",,fora da janela do painel (2021–2022; o painel cobre 2023–2026),2026-09-01,2025-12-16T18:14:28.151388
721,2021,00139.01,não,sim,,"0,00",,,"0,00",,fora da janela do painel (2021–2022; o painel cobre 2023–2026),2026-09-01,2025-12-16T18:14:28.151388
722,2021,00321.01,não,sim,,"0,00",,,"0,00",,fora da janela do painel (2021–2022; o painel cobre 2023–2026),2026-09-01,2025-12-16T18:14:28.151388
723,2021,00084.01,não,sim,,"13.333,00",,,"13.332,01",,fora da janela do painel (2021–2022; o painel cobre 2023–2026),2026-09-01,2025-12-16T18:14:28.151388
724,2021,00082.01,não,sim,,"0,00",,,"0,00",,fora da janela do painel (2021–2022; o painel cobre 2023–2026),2026-09-01,2025-12-16T18:14:28.151388
725,2021,00103.01,não,sim,,"0,00",,,"0,00",,fora da janela do painel (2021–2022; o painel cobre 2023–2026),2026-09-01,2025-12-16T18:14:28.151388
726,2021,00411.01,não,sim,,"180.000,00",,,"114.937,17",,fora da janela do painel (2021–2022; o painel cobre 2023–2026),2026-09-01,2025-12-16T18:14:28.151388
728,2021,00198.01,não,sim,,"0,00",,,"0,00",,fora da janela do painel (2021–2022; o painel cobre 2023–2026),2026-09-01,2025-12-16T18:14:28.151388
729,2021,00038.01,não,sim,,"0,00",,,"0,00",,fora da janela do painel (2021–2022; o painel cobre 2023–2026),2026-09-01,2025-12-16T18:14:28.151388
730,2021,00350.01,não,sim,,"0,00",,,"0,00",,fora da janela do painel (2021–2022; o painel cobre 2023–2026),2026-09-01,2025-12-16T18:14:28.151388
731,2021,00497.01,não,sim,,"0,00",,,"0,00",,fora da janela do painel (2021–2022; o painel cobre 2023–2026),2026-09-01,2025-12-16T18:14:28.151388
732,2021,00511.01,não,sim,,"0,00",,,"0,00",,fora da janela do painel (2021–2022; o painel cobre 2023–2026),2026-09-01,2025-12-16T18:14:28.151388
733,2021,00498.01,não,sim,,"200.000,00",,,"0,00",,fora da janela do painel (2021–2022; o painel cobre 2023–2026),2026-09-01,2025-12-16T18:14:28.151388
734,2021,00479.01,não,sim,,"0,00",,,"0,00",,fora da janela do painel (2021–2022; o painel cobre 2023–2026),2026-09-01,2025-12-16T18:14:28.151388
735,2021,00499.01,não,sim,,"500.000,00",,,"500.000,00",,fora da janela do painel (2021–2022; o painel cobre 2023–2026),2026-09-01,2025-12-16T18:14:28.151388
736,2021,00395.01,não,sim,,"3.087.000,00",,,"3.087.000,00",,fora da janela do painel (2021–2022; o painel cobre 2023–2026),2026-09-01,2025-12-16T18:14:28.151388
737,2021,00135.01,não,sim,,"300.000,00",,,"300.000,00",,fora da janela do painel (2021–2022; o painel cobre 2023–2026),2026-09-01,2025-12-16T18:14:28.151388
738,2021,00163.01,não,sim,,"350.000,00",,,"350.000,00",,fora da janela do painel (2021–2022; o painel cobre 2023–2026),2026-09-01,2025-12-16T18:14:28.151388
739,2021,00482.01,não,sim,,"0,00",,,"0,00",,fora da janela do painel (2021–2022; o painel cobre 2023–2026),2026-09-01,2025-12-16T18:14:28.151388
740,2021,00134.01,não,sim,,"300.000,00",,,"299.946,60",,fora da janela do painel (2021–2022; o painel cobre 2023–2026),2026-09-01,2025-12-16T18:14:28.151388
741,2021,00141.01,não,sim,,"0,00",,,"0,00",,fora da janela do painel (2021–2022; o painel cobre 2023–2026),2026-09-01,2025-12-16T18:14:28.151388
743,2021,00269.01,não,sim,,"100.000,00",,,"93.377,49",,fora da janela do painel (2021–2022; o painel cobre 2023–2026),2026-09-01,2025-12-16T18:14:28.151388
744,2021,00196.01,não,sim,,"2.000.000,00",,,"2.000.000,00",,fora da janela do painel (2021–2022; o painel cobre 2023–2026),2026-09-01,2025-12-16T18:14:28.151388
745,2021,00114.01,não,sim,,"0,00",,,"0,00",,fora da janela do painel (2021–2022; o painel cobre 2023–2026),2026-09-01,2025-12-16T18:14:28.151388
746,2021,00283.01,não,sim,,"0,00",,,"0,00",,fora da janela do painel (2021–2022; o painel cobre 2023–2026),2026-09-01,2025-12-16T18:14:28.151388
747,2021,00054.01,não,sim,,"1.500.000,00",,,"1.497.949,50",,fora da janela do painel (2021–2022; o painel cobre 2023–2026),2026-09-01,2025-12-16T18:14:28.151388
748,2021,00338.01,não,sim,,"150.000,00",,,"0,00",,fora da janela do painel (2021–2022; o painel cobre 2023–2026),2026-09-01,2025-12-16T18:14:28.151388
749,2021,00206.01,não,sim,,"344.000,00",,,"244.000,00",,fora da janela do painel (2021–2022; o painel cobre 2023–2026),2026-09-01,2025-12-16T18:14:28.151388
750,2021,00062.01,não,sim,,"0,00",,,"0,00",,fora da janela do painel (2021–2022; o painel cobre 2023–2026),2026-09-01,2025-12-16T18:14:28.151388
751,2021,00349.01,não,sim,,"200.000,00",,,"200.000,00",,fora da janela do painel (2021–2022; o painel cobre 2023–2026),2026-09-01,2025-12-16T18:14:28.151388
752,2021,00488.01,não,sim,,"120.000,00",,,"113.946,72",,fora da janela do painel (2021–2022; o painel cobre 2023–2026),2026-09-01,2025-12-16T18:14:28.151388
753,2021,00162.01,não,sim,,"5.115.000,00",,,"5.115.000,00",,fora da janela do painel (2021–2022; o painel cobre 2023–2026),2026-09-01,2025-12-16T18:14:28.151388
755,2021,00224.01,não,sim,,"400.000,00",,,"0,00",,fora da janela do painel (2021–2022; o painel cobre 2023–2026),2026-09-01,2025-12-16T18:14:28.151388
756,2021,00142.01,não,sim,,"0,00",,,"0,00",,fora da janela do painel (2021–2022; o painel cobre 2023–2026),2026-09-01,2025-12-16T18:14:28.151388
757,2021,00065.01,não,sim,,"0,00",,,"0,00",,fora da janela do painel (2021–2022; o painel cobre 2023–2026),2026-09-01,2025-12-16T18:14:28.151388
758,2021,00039.01,não,sim,,"120.000,00",,,"0,00",,fora da janela do painel (2021–2022; o painel cobre 2023–2026),2026-09-01,2025-12-16T18:14:28.151388
759,2021,00109.01,não,sim,,"0,00",,,"0,00",,fora da janela do painel (2021–2022; o painel cobre 2023–2026),2026-09-01,2025-12-16T18:14:28.151388
760,2021,00453.01,não,sim,,"80.000,00",,,"80.000,00",,fora da janela do painel (2021–2022; o painel cobre 2023–2026),2026-09-01,2025-12-16T18:14:28.151388
761,2021,00037.01,não,sim,,"0,00",,,"0,00",,fora da janela do painel (2021–2022; o painel cobre 2023–2026),2026-09-01,2025-12-16T18:14:28.151388
762,2021,00443.01,não,sim,,"0,00",,,"0,00",,fora da janela do painel (2021–2022; o painel cobre 2023–2026),2026-09-01,2025-12-16T18:14:28.151388
763,2021,00520.01,não,sim,,"3.400.000,00",,,"3.399.999,00",,fora da janela do painel (2021–2022; o painel cobre 2023–2026),2026-09-01,2025-12-16T18:14:28.151388
764,2021,00074.01,não,sim,,"950.000,00",,,"785.000,00",,fora da janela do painel (2021–2022; o painel cobre 2023–2026),2026-09-01,2025-12-16T18:14:28.151388
765,2021,00213.01,não,sim,,"0,00",,,"0,00",,fora da janela do painel (2021–2022; o painel cobre 2023–2026),2026-09-01,2025-12-16T18:14:28.151388
766,2021,00066.01,não,sim,,"0,00",,,"0,00",,fora da janela do painel (2021–2022; o painel cobre 2023–2026),2026-09-01,2025-12-16T18:14:28.151388
767,2021,00425.01,não,sim,,"0,00",,,"0,00",,fora da janela do painel (2021–2022; o painel cobre 2023–2026),2026-09-01,2025-12-16T18:14:28.151388
768,2021,00344.01,não,sim,,"0,00",,,"0,00",,fora da janela do painel (2021–2022; o painel cobre 2023–2026),2026-09-01,2025-12-16T18:14:28.151388
769,2021,00431.01,não,sim,,"0,00",,,"0,00",,fora da janela do painel (2021–2022; o painel cobre 2023–2026),2026-09-01,2025-12-16T18:14:28.151388
770,2021,00036.01,não,sim,,"113.000,00",,,"112.684,95",,fora da janela do painel (2021–2022; o painel cobre 2023–2026),2026-09-01,2025-12-16T18:14:28.151388
771,2021,00537.01,não,sim,,"0,00",,,"0,00",,fora da janela do painel (2021–2022; o painel cobre 2023–2026),2026-09-01,2025-12-16T18:14:28.151388
772,2021,00484.01,não,sim,,"0,00",,,"0,00",,fora da janela do painel (2021–2022; o painel cobre 2023–2026),2026-09-01,2025-12-16T18:14:28.151388
773,2021,00369.01,não,sim,,"0,00",,,"0,00",,fora da janela do painel (2021–2022; o painel cobre 2023–2026),2026-09-01,2025-12-16T18:14:28.151388
774,2021,00401.01,não,sim,,"3.467.620,00",,,"2.191.217,28",,fora da janela do painel (2021–2022; o painel cobre 2023–2026),2026-09-01,2025-12-16T18:14:28.151388
775,2021,00026.01,não,sim,,"0,00",,,"0,00",,fora da janela do painel (2021–2022; o painel cobre 2023–2026),2026-09-01,2025-12-16T18:14:28.151388
776,2021,00466.01,não,sim,,"350.000,00",,,"0,00",,fora da janela do painel (2021–2022; o painel cobre 2023–2026),2026-09-01,2025-12-16T18:14:28.151388
777,2021,00307.01,não,sim,,"0,00",,,"0,00",,fora da janela do painel (2021–2022; o painel cobre 2023–2026),2026-09-01,2025-12-16T18:14:28.151388
778,2021,00208.01,não,sim,,"0,00",,,"0,00",,fora da janela do painel (2021–2022; o painel cobre 2023–2026),2026-09-01,2025-12-16T18:14:28.151388
779,2021,00337.01,não,sim,,"0,00",,,"0,00",,fora da janela do painel (2021–2022; o painel cobre 2023–2026),2026-09-01,2025-12-16T18:14:28.151388
780,2021,00370.01,não,sim,,"0,00",,,"0,00",,fora da janela do painel (2021–2022; o painel cobre 2023–2026),2026-09-01,2025-12-16T18:14:28.151388
781,2021,00172.01,não,sim,,"0,00",,,"0,00",,fora da janela do painel (2021–2022; o painel cobre 2023–2026),2026-09-01,2025-12-16T18:14:28.151388
782,2021,00368.01,não,sim,,"0,00",,,"0,00",,fora da janela do painel (2021–2022; o painel cobre 2023–2026),2026-09-01,2025-12-16T18:14:28.151388
783,2021,00136.01,não,sim,,"0,00",,,"0,00",,fora da janela do painel (2021–2022; o painel cobre 2023–2026),2026-09-01,2025-12-16T18:14:28.151388
784,2021,00207.01,não,sim,,"0,00",,,"0,00",,fora da janela do painel (2021–2022; o painel cobre 2023–2026),2026-09-01,2025-12-16T18:14:28.151388
785,2021,00438.01,não,sim,,"0,00",,,"0,00",,fora da janela do painel (2021–2022; o painel cobre 2023–2026),2026-09-01,2025-12-16T18:14:28.151388
786,2021,00339.01,não,sim,,"0,00",,,"0,00",,fora da janela do painel (2021–2022; o painel cobre 2023–2026),2026-09-01,2025-12-16T18:14:28.151388
787,2021,00430.01,não,sim,,"0,00",,,"0,00",,fora da janela do painel (2021–2022; o painel cobre 2023–2026),2026-09-01,2025-12-16T18:14:28.151388
788,2021,00481.01,não,sim,,"1.400.000,00",,,"1.273.141,53",,fora da janela do painel (2021–2022; o painel cobre 2023–2026),2026-09-01,2025-12-16T18:14:28.151388
789,2021,00254.01,não,sim,,"350.000,00",,,"308.905,86",,fora da janela do painel (2021–2022; o painel cobre 2023–2026),2026-09-01,2025-12-16T18:14:28.151388
790,2021,00544.01,não,sim,,"313.000,00",,,"312.988,09",,fora da janela do painel (2021–2022; o painel cobre 2023–2026),2026-09-01,2025-12-16T18:14:28.151388
791,2021,00549.01,não,sim,,"0,00",,,"0,00",,fora da janela do painel (2021–2022; o painel cobre 2023–2026),2026-09-01,2025-12-16T18:14:28.151388
792,2021,00311.01,não,sim,,"0,00",,,"0,00",,fora da janela do painel (2021–2022; o painel cobre 2023–2026),2026-09-01,2025-12-16T18:14:28.151388
793,2021,00433.01,não,sim,,"50.000,00",,,"0,00",,fora da janela do painel (2021–2022; o painel cobre 2023–2026),2026-09-01,2025-12-16T18:14:28.151388
794,2021,00364.01,não,sim,,"0,00",,,"0,00",,fora da janela do painel (2021–2022; o painel cobre 2023–2026),2026-09-01,2025-12-16T18:14:28.151388
795,2021,00406.01,não,sim,,"0,00",,,"0,00",,fora da janela do painel (2021–2022; o painel cobre 2023–2026),2026-09-01,2025-12-16T18:14:28.151388
796,2021,00424.01,não,sim,,"0,00",,,"0,00",,fora da janela do painel (2021–2022; o painel cobre 2023–2026),2026-09-01,2025-12-16T18:14:28.151388
797,2021,00334.01,não,sim,,"0,00",,,"0,00",,fora da janela do painel (2021–2022; o painel cobre 2023–2026),2026-09-01,2025-12-16T18:14:28.151388
798,2021,00397.01,não,sim,,"875.000,00",,,"163.088,52",,fora da janela do painel (2021–2022; o painel cobre 2023–2026),2026-09-01,2025-12-16T18:14:28.151388
799,2021,00234.01,não,sim,,"0,00",,,"0,00",,fora da janela do painel (2021–2022; o painel cobre 2023–2026),2026-09-01,2025-12-16T18:14:28.151388
800,2021,00104.01,não,sim,,"1.000.000,00",,,"0,00",,fora da janela do painel (2021–2022; o painel cobre 2023–2026),2026-09-01,2025-12-16T18:14:28.151388
801,2021,00363.01,não,sim,,"0,00",,,"0,00",,fora da janela do painel (2021–2022; o painel cobre 2023–2026),2026-09-01,2025-12-16T18:14:28.151388
802,2021,00043.01,não,sim,,"401.000,00",,,"394.231,78",,fora da janela do painel (2021–2022; o painel cobre 2023–2026),2026-09-01,2025-12-16T18:14:28.151388
803,2021,00365.01,não,sim,,"0,00",,,"0,00",,fora da janela do painel (2021–2022; o painel cobre 2023–2026),2026-09-01,2025-12-16T18:14:28.151388
804,2021,00186.01,não,sim,,"0,00",,,"0,00",,fora da janela do painel (2021–2022; o painel cobre 2023–2026),2026-09-01,2025-12-16T18:14:28.151388
805,2021,00426.01,não,sim,,"0,00",,,"0,00",,fora da janela do painel (2021–2022; o painel cobre 2023–2026),2026-09-01,2025-12-16T18:14:28.151388
806,2021,00473.01,não,sim,,"0,00",,,"0,00",,fora da janela do painel (2021–2022; o painel cobre 2023–2026),2026-09-01,2025-12-16T18:14:28.151388
807,2021,00284.01,não,sim,,"0,00",,,"0,00",,fora da janela do painel (2021–2022; o painel cobre 2023–2026),2026-09-01,2025-12-16T18:14:28.151388
808,2021,00263.01,não,sim,,"0,00",,,"0,00",,fora da janela do painel (2021–2022; o painel cobre 2023–2026),2026-09-01,2025-12-16T18:14:28.151388
809,2021,00259.01,não,sim,,"0,00",,,"0,00",,fora da janela do painel (2021–2022; o painel cobre 2023–2026),2026-09-01,2025-12-16T18:14:28.151388
810,2021,00354.01,não,sim,,"0,00",,,"0,00",,fora da janela do painel (2021–2022; o painel cobre 2023–2026),2026-09-01,2025-12-16T18:14:28.151388
811,2021,00222.01,não,sim,,"0,00",,,"0,00",,fora da janela do painel (2021–2022; o painel cobre 2023–2026),2026-09-01,2025-12-16T18:14:28.151388
812,2021,00432.01,não,sim,,"0,00",,,"0,00",,fora da janela do painel (2021–2022; o painel cobre 2023–2026),2026-09-01,2025-12-16T18:14:28.151388
813,2021,00407.01,não,sim,,"0,00",,,"0,00",,fora da janela do painel (2021–2022; o painel cobre 2023–2026),2026-09-01,2025-12-16T18:14:28.151388
814,2021,00456.01,não,sim,,"200.000,00",,,"200.000,00",,fora da janela do painel (2021–2022; o painel cobre 2023–2026),2026-09-01,2025-12-16T18:14:28.151388
815,2021,00063.01,não,sim,,"0,00",,,"0,00",,fora da janela do painel (2021–2022; o painel cobre 2023–2026),2026-09-01,2025-12-16T18:14:28.151388
816,2021,00523.01,não,sim,,"0,00",,,"0,00",,fora da janela do painel (2021–2022; o painel cobre 2023–2026),2026-09-01,2025-12-16T18:14:28.151388
817,2021,00102.01,não,sim,,"392.000,00",,,"364.500,00",,fora da janela do painel (2021–2022; o painel cobre 2023–2026),2026-09-01,2025-12-16T18:14:28.151388
818,2021,00487.01,não,sim,,"0,00",,,"0,00",,fora da janela do painel (2021–2022; o painel cobre 2023–2026),2026-09-01,2025-12-16T18:14:28.151388
819,2021,00070.01,não,sim,,"200.000,00",,,"200.000,00",,fora da janela do painel (2021–2022; o painel cobre 2023–2026),2026-09-01,2025-12-16T18:14:28.151388
820,2021,00197.01,não,sim,,"500.000,00",,,"500.000,00",,fora da janela do painel (2021–2022; o painel cobre 2023–2026),2026-09-01,2025-12-16T18:14:28.151388
821,2021,00439.01,não,sim,,"3.900.358,00",,,"3.390.000,00",,fora da janela do painel (2021–2022; o painel cobre 2023–2026),2026-09-01,2025-12-16T18:14:28.151388
823,2021,00509.01,não,sim,,"4.610.000,00",,,"4.460.000,00",,fora da janela do painel (2021–2022; o painel cobre 2023–2026),2026-09-01,2025-12-16T18:14:28.151388
825,2021,00115.01,não,sim,,"9.500.000,00",,,"9.500.000,00",,fora da janela do painel (2021–2022; o painel cobre 2023–2026),2026-09-01,2025-12-16T18:14:28.151388
827,2021,00147.01,não,sim,,"3.000.000,00",,,"3.000.000,00",,fora da janela do painel (2021–2022; o painel cobre 2023–2026),2026-09-01,2025-12-16T18:14:28.151388
828,2021,00094.01,não,sim,,"3.000.000,00",,,"3.000.000,00",,fora da janela do painel (2021–2022; o painel cobre 2023–2026),2026-09-01,2025-12-16T18:14:28.151388
829,2021,00095.01,não,sim,,"300.000,00",,,"150.000,00",,fora da janela do painel (2021–2022; o painel cobre 2023–2026),2026-09-01,2025-12-16T18:14:28.151388
830,2021,00018.01,não,sim,,"560.000,00",,,"560.000,00",,fora da janela do painel (2021–2022; o painel cobre 2023–2026),2026-09-01,2025-12-16T18:14:28.151388
831,2021,00299.01,não,sim,,"7.202.400,00",,,"6.704.800,00",,fora da janela do painel (2021–2022; o painel cobre 2023–2026),2026-09-01,2025-12-16T18:14:28.151388
833,2021,00252.01,não,sim,,"5.040.943,00",,,"5.010.550,00",,fora da janela do painel (2021–2022; o painel cobre 2023–2026),2026-09-01,2025-12-16T18:14:28.151388
834,2021,00253.01,não,sim,,"3.023.000,00",,,"2.991.850,00",,fora da janela do painel (2021–2022; o painel cobre 2023–2026),2026-09-01,2025-12-16T18:14:28.151388
835,2021,00361.01,não,sim,,"1.100.000,00",,,"1.000.000,00",,fora da janela do painel (2021–2022; o painel cobre 2023–2026),2026-09-01,2025-12-16T18:14:28.151388
836,2021,00362.01,não,sim,,"2.108.000,00",,,"1.820.000,00",,fora da janela do painel (2021–2022; o painel cobre 2023–2026),2026-09-01,2025-12-16T18:14:28.151388
837,2021,00472.01,não,sim,,"8.783.358,00",,,"8.083.358,00",,fora da janela do painel (2021–2022; o painel cobre 2023–2026),2026-09-01,2025-12-16T18:14:28.151388
839,2021,00227.01,não,sim,,"3.840.000,00",,,"3.480.000,00",,fora da janela do painel (2021–2022; o painel cobre 2023–2026),2026-09-01,2025-12-16T18:14:28.151388
840,2021,00046.01,não,sim,,"2.550.000,00",,,"2.400.000,00",,fora da janela do painel (2021–2022; o painel cobre 2023–2026),2026-09-01,2025-12-16T18:14:28.151388
842,2021,00069.01,não,sim,,"4.124.000,00",,,"4.124.000,00",,fora da janela do painel (2021–2022; o painel cobre 2023–2026),2026-09-01,2025-12-16T18:14:28.151388
843,2021,00367.01,não,sim,,"0,00",,,"0,00",,fora da janela do painel (2021–2022; o painel cobre 2023–2026),2026-09-01,2025-12-16T18:14:28.151388
844,2021,00075.01,não,sim,,"200.000,00",,,"122.249,85",,fora da janela do painel (2021–2022; o painel cobre 2023–2026),2026-09-01,2025-12-16T18:14:28.151388
845,2021,00265.01,não,sim,,"1.500.000,00",,,"1.499.655,47",,fora da janela do painel (2021–2022; o painel cobre 2023–2026),2026-09-01,2025-12-16T18:14:28.151388
846,2021,00150.01,não,sim,,"500.000,00",,,"447.140,46",,fora da janela do painel (2021–2022; o painel cobre 2023–2026),2026-09-01,2025-12-16T18:14:28.151388
847,2021,00388.01,não,sim,,"500.000,00",,,"470.798,53",,fora da janela do painel (2021–2022; o painel cobre 2023–2026),2026-09-01,2025-12-16T18:14:28.151388
848,2021,00040.01,não,sim,,"100.000,00",,,"0,00",,fora da janela do painel (2021–2022; o painel cobre 2023–2026),2026-09-01,2025-12-16T18:14:28.151388
849,2021,00055.01,não,sim,,"0,00",,,"0,00",,fora da janela do painel (2021–2022; o painel cobre 2023–2026),2026-09-01,2025-12-16T18:14:28.151388
850,2021,00230.01,não,sim,,"500.000,00",,,"0,00",,fora da janela do painel (2021–2022; o painel cobre 2023–2026),2026-09-01,2025-12-16T18:14:28.151388
851,2021,00099.01,não,sim,,"300.000,00",,,"299.670,58",,fora da janela do painel (2021–2022; o painel cobre 2023–2026),2026-09-01,2025-12-16T18:14:28.151388
852,2021,00107.01,não,sim,,"700.000,00",,,"0,00",,fora da janela do painel (2021–2022; o painel cobre 2023–2026),2026-09-01,2025-12-16T18:14:28.151388
853,2021,00193.01,não,sim,,"250.000,00",,,"249.730,00",,fora da janela do painel (2021–2022; o painel cobre 2023–2026),2026-09-01,2025-12-16T18:14:28.151388
854,2021,00225.01,não,sim,,"200.000,00",,,"200.000,00",,fora da janela do painel (2021–2022; o painel cobre 2023–2026),2026-09-01,2025-12-16T18:14:28.151388
855,2021,00465.01,não,sim,,"0,00",,,"0,00",,fora da janela do painel (2021–2022; o painel cobre 2023–2026),2026-09-01,2025-12-16T18:14:28.151388
856,2021,00256.01,não,sim,,"360.000,00",,,"360.000,00",,fora da janela do painel (2021–2022; o painel cobre 2023–2026),2026-09-01,2025-12-16T18:14:28.151388
857,2021,00050.01,não,sim,,"1.000.000,00",,,"1.000.000,00",,fora da janela do painel (2021–2022; o painel cobre 2023–2026),2026-09-01,2025-12-16T18:14:28.151388
858,2021,00442.01,não,sim,,"0,00",,,"0,00",,fora da janela do painel (2021–2022; o painel cobre 2023–2026),2026-09-01,2025-12-16T18:14:28.151388
859,2021,00400.01,não,sim,,"600.000,00",,,"600.000,00",,fora da janela do painel (2021–2022; o painel cobre 2023–2026),2026-09-01,2025-12-16T18:14:28.151388
860,2021,00106.01,não,sim,,"0,00",,,"0,00",,fora da janela do painel (2021–2022; o painel cobre 2023–2026),2026-09-01,2025-12-16T18:14:28.151388
861,2021,00236.01,não,sim,,"2.703.358,00",,,"1.185.875,58",,fora da janela do painel (2021–2022; o painel cobre 2023–2026),2026-09-01,2025-12-16T18:14:28.151388
862,2021,00477.01,não,sim,,"1.250.000,00",,,"500.000,00",,fora da janela do painel (2021–2022; o painel cobre 2023–2026),2026-09-01,2025-12-16T18:14:28.151388
863,2021,00535.01,não,sim,,"0,00",,,"0,00",,fora da janela do painel (2021–2022; o painel cobre 2023–2026),2026-09-01,2025-12-16T18:14:28.151388
864,2021,00536.01,não,sim,,"0,00",,,"0,00",,fora da janela do painel (2021–2022; o painel cobre 2023–2026),2026-09-01,2025-12-16T18:14:28.151388
865,2021,00329.01,não,sim,,"200.000,00",,,"193.914,04",,fora da janela do painel (2021–2022; o painel cobre 2023–2026),2026-09-01,2025-12-16T18:14:28.151388
866,2021,00448.01,não,sim,,"1.603.000,00",,,"1.167.040,00",,fora da janela do painel (2021–2022; o painel cobre 2023–2026),2026-09-01,2025-12-16T18:14:28.151388
867,2021,00121.01,não,sim,,"1.250.000,00",,,"0,00",,fora da janela do painel (2021–2022; o painel cobre 2023–2026),2026-09-01,2025-12-16T18:14:28.151388
868,2021,00389.01,não,sim,,"1.300.000,00",,,"1.300.000,00",,fora da janela do painel (2021–2022; o painel cobre 2023–2026),2026-09-01,2025-12-16T18:14:28.151388
869,2021,00153.01,não,sim,,"0,00",,,"0,00",,fora da janela do painel (2021–2022; o painel cobre 2023–2026),2026-09-01,2025-12-16T18:14:28.151388
870,2021,00116.01,não,sim,,"0,00",,,"0,00",,fora da janela do painel (2021–2022; o painel cobre 2023–2026),2026-09-01,2025-12-16T18:14:28.151388
871,2021,00550.01,não,sim,,"0,00",,,"0,00",,fora da janela do painel (2021–2022; o painel cobre 2023–2026),2026-09-01,2025-12-16T18:14:28.151388
872,2021,00118.01,não,sim,,"0,00",,,"0,00",,fora da janela do painel (2021–2022; o painel cobre 2023–2026),2026-09-01,2025-12-16T18:14:28.151388
873,2021,00152.01,não,sim,,"0,00",,,"0,00",,fora da janela do painel (2021–2022; o painel cobre 2023–2026),2026-09-01,2025-12-16T18:14:28.151388
874,2021,00154.01,não,sim,,"0,00",,,"0,00",,fora da janela do painel (2021–2022; o painel cobre 2023–2026),2026-09-01,2025-12-16T18:14:28.151388
875,2021,00151.01,não,sim,,"0,00",,,"0,00",,fora da janela do painel (2021–2022; o painel cobre 2023–2026),2026-09-01,2025-12-16T18:14:28.151388
876,2021,00120.01,não,sim,,"0,00",,,"0,00",,fora da janela do painel (2021–2022; o painel cobre 2023–2026),2026-09-01,2025-12-16T18:14:28.151388
877,2021,00117.01,não,sim,,"1.600.000,00",,,"1.478.000,00",,fora da janela do painel (2021–2022; o painel cobre 2023–2026),2026-09-01,2025-12-16T18:14:28.151388
878,2021,00119.01,não,sim,,"100.000,00",,,"0,00",,fora da janela do painel (2021–2022; o painel cobre 2023–2026),2026-09-01,2025-12-16T18:14:28.151388
879,2021,00393.01,não,sim,,"300.000,00",,,"0,00",,fora da janela do painel (2021–2022; o painel cobre 2023–2026),2026-09-01,2025-12-16T18:14:28.151388
880,2021,00384.01,não,sim,,"0,00",,,"0,00",,fora da janela do painel (2021–2022; o painel cobre 2023–2026),2026-09-01,2025-12-16T18:14:28.151388
881,2021,00382.01,não,sim,,"0,00",,,"0,00",,fora da janela do painel (2021–2022; o painel cobre 2023–2026),2026-09-01,2025-12-16T18:14:28.151388
882,2021,00380.01,não,sim,,"0,00",,,"0,00",,fora da janela do painel (2021–2022; o painel cobre 2023–2026),2026-09-01,2025-12-16T18:14:28.151388
883,2021,00387.01,não,sim,,"0,00",,,"0,00",,fora da janela do painel (2021–2022; o painel cobre 2023–2026),2026-09-01,2025-12-16T18:14:28.151388
884,2021,00385.01,não,sim,,"0,00",,,"0,00",,fora da janela do painel (2021–2022; o painel cobre 2023–2026),2026-09-01,2025-12-16T18:14:28.151388
885,2021,00379.01,não,sim,,"250.000,00",,,"250.000,00",,fora da janela do painel (2021–2022; o painel cobre 2023–2026),2026-09-01,2025-12-16T18:14:28.151388
886,2021,00381.01,não,sim,,"0,00",,,"0,00",,fora da janela do painel (2021–2022; o painel cobre 2023–2026),2026-09-01,2025-12-16T18:14:28.151388
887,2021,00386.01,não,sim,,"500.000,00",,,"500.000,00",,fora da janela do painel (2021–2022; o painel cobre 2023–2026),2026-09-01,2025-12-16T18:14:28.151388
888,2021,00383.01,não,sim,,"500.000,00",,,"0,00",,fora da janela do painel (2021–2022; o painel cobre 2023–2026),2026-09-01,2025-12-16T18:14:28.151388
889,2021,00437.01,não,sim,,"1.667.165,00",,,"1.220.327,10",,fora da janela do painel (2021–2022; o painel cobre 2023–2026),2026-09-01,2025-12-16T18:14:28.151388
890,2021,00178.01,não,sim,,"0,00",,,"0,00",,fora da janela do painel (2021–2022; o painel cobre 2023–2026),2026-09-01,2025-12-16T18:14:28.151388
891,2021,00455.01,não,sim,,"300.000,00",,,"300.000,00",,fora da janela do painel (2021–2022; o painel cobre 2023–2026),2026-09-01,2025-12-16T18:14:28.151388
892,2021,00414.01,não,sim,,"960,00",,,"0,00",,fora da janela do painel (2021–2022; o painel cobre 2023–2026),2026-09-01,2025-12-16T18:14:28.151388
893,2021,00309.01,não,sim,,"2.010.000,00",,,"1.759.173,90",,fora da janela do painel (2021–2022; o painel cobre 2023–2026),2026-09-01,2025-12-16T18:14:28.151388
894,2021,00540.01,não,sim,,"0,00",,,"0,00",,fora da janela do painel (2021–2022; o painel cobre 2023–2026),2026-09-01,2025-12-16T18:14:28.151388
895,2021,00526.01,não,sim,,"0,00",,,"0,00",,fora da janela do painel (2021–2022; o painel cobre 2023–2026),2026-09-01,2025-12-16T18:14:28.151388
897,2021,00372.01,não,sim,,"1.355.000,00",,,"1.255.000,00",,fora da janela do painel (2021–2022; o painel cobre 2023–2026),2026-09-01,2025-12-16T18:14:28.151388
898,2021,00212.01,não,sim,,"800.000,00",,,"0,00",,fora da janela do painel (2021–2022; o painel cobre 2023–2026),2026-09-01,2025-12-16T18:14:28.151388
899,2021,00214.01,não,sim,,"650.000,00",,,"200.000,00",,fora da janela do painel (2021–2022; o painel cobre 2023–2026),2026-09-01,2025-12-16T18:14:28.151388
900,2021,00226.01,não,sim,,"5.628.358,00",,,"4.000.000,00",,fora da janela do painel (2021–2022; o painel cobre 2023–2026),2026-09-01,2025-12-16T18:14:28.151388
901,2021,00093.01,não,sim,,"788.000,00",,,"250.000,00",,fora da janela do painel (2021–2022; o painel cobre 2023–2026),2026-09-01,2025-12-16T18:14:28.151388
902,2021,00060.01,não,sim,,"1.100.000,00",,,"976.772,62",,fora da janela do painel (2021–2022; o painel cobre 2023–2026),2026-09-01,2025-12-16T18:14:28.151388
903,2021,00330.01,não,sim,,"0,00",,,"0,00",,fora da janela do painel (2021–2022; o painel cobre 2023–2026),2026-09-01,2025-12-16T18:14:28.151388
904,2021,00325.01,não,sim,,"500.000,00",,,"498.324,95",,fora da janela do painel (2021–2022; o painel cobre 2023–2026),2026-09-01,2025-12-16T18:14:28.151388
906,2021,00415.01,não,sim,,"0,00",,,"0,00",,fora da janela do painel (2021–2022; o painel cobre 2023–2026),2026-09-01,2025-12-16T18:14:28.151388
907,2021,00023.01,não,sim,,"0,00",,,"0,00",,fora da janela do painel (2021–2022; o painel cobre 2023–2026),2026-09-01,2025-12-16T18:14:28.151388
908,2021,00461.01,não,sim,,"0,00",,,"0,00",,fora da janela do painel (2021–2022; o painel cobre 2023–2026),2026-09-01,2025-12-16T18:14:28.151388
909,2021,00049.01,não,sim,,"0,00",,,"0,00",,fora da janela do painel (2021–2022; o painel cobre 2023–2026),2026-09-01,2025-12-16T18:14:28.151388
910,2021,00177.01,não,sim,,"600.000,00",,,"600.000,00",,fora da janela do painel (2021–2022; o painel cobre 2023–2026),2026-09-01,2025-12-16T18:14:28.151388
911,2021,00527.01,não,sim,,"0,00",,,"0,00",,fora da janela do painel (2021–2022; o painel cobre 2023–2026),2026-09-01,2025-12-16T18:14:28.151388
912,2021,00051.01,não,sim,,"500.000,00",,,"0,00",,fora da janela do painel (2021–2022; o painel cobre 2023–2026),2026-09-01,2025-12-16T18:14:28.151388
913,2021,00124.01,não,sim,,"0,00",,,"0,00",,fora da janela do painel (2021–2022; o painel cobre 2023–2026),2026-09-01,2025-12-16T18:14:28.151388
914,2021,00602.01,não,sim,,"300.000,00",,,"300.000,00",,fora da janela do painel (2021–2022; o painel cobre 2023–2026),2026-09-01,2025-12-16T18:14:28.151388
915,2021,00232.01,não,sim,,"2.000.000,00",,,"0,00",,fora da janela do painel (2021–2022; o painel cobre 2023–2026),2026-09-01,2025-12-16T18:14:28.151388
916,2021,00258.01,não,sim,,"0,00",,,"0,00",,fora da janela do painel (2021–2022; o painel cobre 2023–2026),2026-09-01,2025-12-16T18:14:28.151388
917,2021,00508.01,não,sim,,"70.000,00",,,"0,00",,fora da janela do painel (2021–2022; o painel cobre 2023–2026),2026-09-01,2025-12-16T18:14:28.151388
918,2021,00202.01,não,sim,,"400.000,00",,,"0,00",,fora da janela do painel (2021–2022; o painel cobre 2023–2026),2026-09-01,2025-12-16T18:14:28.151388
919,2021,00469.01,não,sim,,"220.000,00",,,"185.985,03",,fora da janela do painel (2021–2022; o painel cobre 2023–2026),2026-09-01,2025-12-16T18:14:28.151388
920,2021,00545.01,não,sim,,"0,00",,,"0,00",,fora da janela do painel (2021–2022; o painel cobre 2023–2026),2026-09-01,2025-12-16T18:14:28.151388
921,2021,00216.01,não,sim,,"0,00",,,"0,00",,fora da janela do painel (2021–2022; o painel cobre 2023–2026),2026-09-01,2025-12-16T18:14:28.151388
922,2021,00077.01,não,sim,,"100.000,00",,,"100.000,00",,fora da janela do painel (2021–2022; o painel cobre 2023–2026),2026-09-01,2025-12-16T18:14:28.151388
923,2021,00086.01,não,sim,,"100.000,00",,,"64.359,98",,fora da janela do painel (2021–2022; o painel cobre 2023–2026),2026-09-01,2025-12-16T18:14:28.151388
924,2021,00088.01,não,sim,,"150.000,00",,,"128.832,96",,fora da janela do painel (2021–2022; o painel cobre 2023–2026),2026-09-01,2025-12-16T18:14:28.151388
925,2021,00221.01,não,sim,,"0,00",,,"0,00",,fora da janela do painel (2021–2022; o painel cobre 2023–2026),2026-09-01,2025-12-16T18:14:28.151388
926,2021,00287.01,não,sim,,"0,00",,,"0,00",,fora da janela do painel (2021–2022; o painel cobre 2023–2026),2026-09-01,2025-12-16T18:14:28.151388
929,2021,00468.01,não,sim,,"330.000,00",,,"291.477,93",,fora da janela do painel (2021–2022; o painel cobre 2023–2026),2026-09-01,2025-12-16T18:14:28.151388
930,2021,00450.01,não,sim,,"0,00",,,"0,00",,fora da janela do painel (2021–2022; o painel cobre 2023–2026),2026-09-01,2025-12-16T18:14:28.151388
931,2021,00510.01,não,sim,,"0,00",,,"0,00",,fora da janela do painel (2021–2022; o painel cobre 2023–2026),2026-09-01,2025-12-16T18:14:28.151388
932,2021,00512.01,não,sim,,"1.973.000,00",,,"651.812,09",,fora da janela do painel (2021–2022; o painel cobre 2023–2026),2026-09-01,2025-12-16T18:14:28.151388
933,2021,00513.01,não,sim,,"100.000,00",,,"8.000,00",,fora da janela do painel (2021–2022; o painel cobre 2023–2026),2026-09-01,2025-12-16T18:14:28.151388
935,2021,00519.01,não,sim,,"0,00",,,"0,00",,fora da janela do painel (2021–2022; o painel cobre 2023–2026),2026-09-01,2025-12-16T18:14:28.151388
936,2021,00483.01,não,sim,,"200.000,00",,,"200.000,00",,fora da janela do painel (2021–2022; o painel cobre 2023–2026),2026-09-01,2025-12-16T18:14:28.151388
937,2021,00480.01,não,sim,,"100.000,00",,,"0,00",,fora da janela do painel (2021–2022; o painel cobre 2023–2026),2026-09-01,2025-12-16T18:14:28.151388
938,2021,00105.01,não,sim,,"200.000,00",,,"134.089,16",,fora da janela do painel (2021–2022; o painel cobre 2023–2026),2026-09-01,2025-12-16T18:14:28.151388
939,2021,00553.01,não,sim,,"0,00",,,"0,00",,fora da janela do painel (2021–2022; o painel cobre 2023–2026),2026-09-01,2025-12-16T18:14:28.151388
940,2021,00184.01,não,sim,,"350.000,00",,,"300.000,00",,fora da janela do painel (2021–2022; o painel cobre 2023–2026),2026-09-01,2025-12-16T18:14:28.151388
941,2021,00301.01,não,sim,,"700.000,00",,,"600.000,00",,fora da janela do painel (2021–2022; o painel cobre 2023–2026),2026-09-01,2025-12-16T18:14:28.151388
942,2021,00454.01,não,sim,,"230.000,00",,,"149.389,77",,fora da janela do painel (2021–2022; o painel cobre 2023–2026),2026-09-01,2025-12-16T18:14:28.151388
944,2021,00422.01,não,sim,,"300.000,00",,,"289.937,63",,fora da janela do painel (2021–2022; o painel cobre 2023–2026),2026-09-01,2025-12-16T18:14:28.151388
946,2021,00348.01,não,sim,,"200.000,00",,,"111.443,56",,fora da janela do painel (2021–2022; o painel cobre 2023–2026),2026-09-01,2025-12-16T18:14:28.151388
947,2021,00166.01,não,sim,,"168.000,00",,,"162.702,73",,fora da janela do painel (2021–2022; o painel cobre 2023–2026),2026-09-01,2025-12-16T18:14:28.151388
949,2021,00210.01,não,sim,,"0,00",,,"0,00",,fora da janela do painel (2021–2022; o painel cobre 2023–2026),2026-09-01,2025-12-16T18:14:28.151388
951,2021,00123.01,não,sim,,"500.000,00",,,"0,00",,fora da janela do painel (2021–2022; o painel cobre 2023–2026),2026-09-01,2025-12-16T18:14:28.151388
952,2021,00217.01,não,sim,,"0,00",,,"0,00",,fora da janela do painel (2021–2022; o painel cobre 2023–2026),2026-09-01,2025-12-16T18:14:28.151388
953,2021,00449.01,não,sim,,"650.000,00",,,"0,00",,fora da janela do painel (2021–2022; o painel cobre 2023–2026),2026-09-01,2025-12-16T18:14:28.151388
954,2021,00485.01,não,sim,,"700.000,00",,,"0,00",,fora da janela do painel (2021–2022; o painel cobre 2023–2026),2026-09-01,2025-12-16T18:14:28.151388
955,2021,00404.01,não,sim,,"450.880,00",,,"300.000,00",,fora da janela do painel (2021–2022; o painel cobre 2023–2026),2026-09-01,2025-12-16T18:14:28.151388
956,2021,00471.01,não,sim,,"1.000.000,00",,,"0,00",,fora da janela do painel (2021–2022; o painel cobre 2023–2026),2026-09-01,2025-12-16T18:14:28.151388
957,2021,00209.01,não,sim,,"0,00",,,"0,00",,fora da janela do painel (2021–2022; o painel cobre 2023–2026),2026-09-01,2025-12-16T18:14:28.151388
958,2021,00451.01,não,sim,,"150.000,00",,,"150.000,00",,fora da janela do painel (2021–2022; o painel cobre 2023–2026),2026-09-01,2025-12-16T18:14:28.151388
959,2021,00423.01,não,sim,,"0,00",,,"0,00",,fora da janela do painel (2021–2022; o painel cobre 2023–2026),2026-09-01,2025-12-16T18:14:28.151388
960,2021,00167.01,não,sim,,"900.000,00",,,"892.465,81",,fora da janela do painel (2021–2022; o painel cobre 2023–2026),2026-09-01,2025-12-16T18:14:28.151388
961,2021,00158.01,não,sim,,"150.000,00",,,"111.152,46",,fora da janela do painel (2021–2022; o painel cobre 2023–2026),2026-09-01,2025-12-16T18:14:28.151388
964,2021,00157.01,não,sim,,"240.000,00",,,"163.575,96",,fora da janela do painel (2021–2022; o painel cobre 2023–2026),2026-09-01,2025-12-16T18:14:28.151388
967,2021,00220.01,não,sim,,"0,00",,,"0,00",,fora da janela do painel (2021–2022; o painel cobre 2023–2026),2026-09-01,2025-12-16T18:14:28.151388
968,2021,00502.01,não,sim,,"0,00",,,"0,00",,fora da janela do painel (2021–2022; o painel cobre 2023–2026),2026-09-01,2025-12-16T18:14:28.151388
969,2021,00042.01,não,sim,,"0,00",,,"0,00",,fora da janela do painel (2021–2022; o painel cobre 2023–2026),2026-09-01,2025-12-16T18:14:28.151388
970,2021,00257.01,não,sim,,"150.000,00",,,"0,00",,fora da janela do painel (2021–2022; o painel cobre 2023–2026),2026-09-01,2025-12-16T18:14:28.151388
971,2021,00080.01,não,sim,,"0,00",,,"0,00",,fora da janela do painel (2021–2022; o painel cobre 2023–2026),2026-09-01,2025-12-16T18:14:28.151388
972,2021,00541.01,não,sim,,"0,00",,,"0,00",,fora da janela do painel (2021–2022; o painel cobre 2023–2026),2026-09-01,2025-12-16T18:14:28.151388
973,2021,00492.01,não,sim,,"0,00",,,"0,00",,fora da janela do painel (2021–2022; o painel cobre 2023–2026),2026-09-01,2025-12-16T18:14:28.151388
974,2021,00100.01,não,sim,,"150.000,00",,,"0,00",,fora da janela do painel (2021–2022; o painel cobre 2023–2026),2026-09-01,2025-12-16T18:14:28.151388
975,2021,00506.01,não,sim,,"150.000,00",,,"0,00",,fora da janela do painel (2021–2022; o painel cobre 2023–2026),2026-09-01,2025-12-16T18:14:28.151388
976,2021,00271.01,não,sim,,"2.100.000,00",,,"1.900.000,00",,fora da janela do painel (2021–2022; o painel cobre 2023–2026),2026-09-01,2025-12-16T18:14:28.151388
977,2021,00267.01,não,sim,,"0,00",,,"0,00",,fora da janela do painel (2021–2022; o painel cobre 2023–2026),2026-09-01,2025-12-16T18:14:28.151388
979,2021,00467.01,não,sim,,"0,00",,,"0,00",,fora da janela do painel (2021–2022; o painel cobre 2023–2026),2026-09-01,2025-12-16T18:14:28.151388
980,2021,00452.01,não,sim,,"0,00",,,"0,00",,fora da janela do painel (2021–2022; o painel cobre 2023–2026),2026-09-01,2025-12-16T18:14:28.151388
981,2021,00215.01,não,sim,,"140.000,00",,,"0,00",,fora da janela do painel (2021–2022; o painel cobre 2023–2026),2026-09-01,2025-12-16T18:14:28.151388
982,2021,00012.01,não,sim,,"0,00",,,"0,00",,fora da janela do painel (2021–2022; o painel cobre 2023–2026),2026-09-01,2025-12-16T18:14:28.151388
983,2021,00457.01,não,sim,,"0,00",,,"0,00",,fora da janela do painel (2021–2022; o painel cobre 2023–2026),2026-09-01,2025-12-16T18:14:28.151388
984,2021,00317.01,não,sim,,"0,00",,,"0,00",,fora da janela do painel (2021–2022; o painel cobre 2023–2026),2026-09-01,2025-12-16T18:14:28.151388
985,2021,00279.01,não,sim,,"0,00",,,"0,00",,fora da janela do painel (2021–2022; o painel cobre 2023–2026),2026-09-01,2025-12-16T18:14:28.151388
986,2021,00085.01,não,sim,,"50.000,00",,,"39.430,08",,fora da janela do painel (2021–2022; o painel cobre 2023–2026),2026-09-01,2025-12-16T18:14:28.151388
987,2021,00067.01,não,sim,,"300.000,00",,,"0,00",,fora da janela do painel (2021–2022; o painel cobre 2023–2026),2026-09-01,2025-12-16T18:14:28.151388
988,2021,00061.01,não,sim,,"0,00",,,"0,00",,fora da janela do painel (2021–2022; o painel cobre 2023–2026),2026-09-01,2025-12-16T18:14:28.151388
989,2021,00078.01,não,sim,,"0,00",,,"0,00",,fora da janela do painel (2021–2022; o painel cobre 2023–2026),2026-09-01,2025-12-16T18:14:28.151388
990,2021,00087.01,não,sim,,"50.000,00",,,"16.396,01",,fora da janela do painel (2021–2022; o painel cobre 2023–2026),2026-09-01,2025-12-16T18:14:28.151388
991,2021,00297.01,não,sim,,"50.000,00",,,"49.479,97",,fora da janela do painel (2021–2022; o painel cobre 2023–2026),2026-09-01,2025-12-16T18:14:28.151388
993,2021,00122.01,não,sim,,"200.000,00",,,"48.490,00",,fora da janela do painel (2021–2022; o painel cobre 2023–2026),2026-09-01,2025-12-16T18:14:28.151388
994,2021,00441.01,não,sim,,"0,00",,,"0,00",,fora da janela do painel (2021–2022; o painel cobre 2023–2026),2026-09-01,2025-12-16T18:14:28.151388
995,2021,00302.01,não,sim,,"2.891.082,00",,,"0,00",,fora da janela do painel (2021–2022; o painel cobre 2023–2026),2026-09-01,2025-12-16T18:14:28.151388
997,2021,00292.01,não,sim,,"1.300.000,00",,,"1.300.000,00",,fora da janela do painel (2021–2022; o painel cobre 2023–2026),2026-09-01,2025-12-16T18:14:28.151388
998,2021,00282.01,não,sim,,"0,00",,,"0,00",,fora da janela do painel (2021–2022; o painel cobre 2023–2026),2026-09-01,2025-12-16T18:14:28.151388
999,2021,00551.01,não,sim,,"300.000,00",,,"278.838,27",,fora da janela do painel (2021–2022; o painel cobre 2023–2026),2026-09-01,2025-12-16T18:14:28.151388
1002,2021,00552.01,não,sim,,"300.000,00",,,"41.566,20",,fora da janela do painel (2021–2022; o painel cobre 2023–2026),2026-09-01,2025-12-16T18:14:28.151388
1005,2021,00286.01,não,sim,,"60.000,00",,,"33.746,00",,fora da janela do painel (2021–2022; o painel cobre 2023–2026),2026-09-01,2025-12-16T18:14:28.151388
1007,2021,00289.01,não,sim,,"1.200.000,00",,,"610.532,65",,fora da janela do painel (2021–2022; o painel cobre 2023–2026),2026-09-01,2025-12-16T18:14:28.151388
1009,2021,00277.01,não,sim,,"0,00",,,"0,00",,fora da janela do painel (2021–2022; o painel cobre 2023–2026),2026-09-01,2025-12-16T18:14:28.151388
1010,2021,00274.01,não,sim,,"300.000,00",,,"265.077,76",,fora da janela do painel (2021–2022; o painel cobre 2023–2026),2026-09-01,2025-12-16T18:14:28.151388
1011,2021,00458.01,não,sim,,"0,00",,,"0,00",,fora da janela do painel (2021–2022; o painel cobre 2023–2026),2026-09-01,2025-12-16T18:14:28.151388
1012,2021,00399.01,não,sim,,"421.000,00",,,"399.687,77",,fora da janela do painel (2021–2022; o painel cobre 2023–2026),2026-09-01,2025-12-16T18:14:28.151388
1013,2021,00547.01,não,sim,,"0,00",,,"0,00",,fora da janela do painel (2021–2022; o painel cobre 2023–2026),2026-09-01,2025-12-16T18:14:28.151388
1014,2021,00179.01,não,sim,,"0,00",,,"0,00",,fora da janela do painel (2021–2022; o painel cobre 2023–2026),2026-09-01,2025-12-16T18:14:28.151388
1015,2021,00335.01,não,sim,,"0,00",,,"0,00",,fora da janela do painel (2021–2022; o painel cobre 2023–2026),2026-09-01,2025-12-16T18:14:28.151388
1016,2021,00145.01,não,sim,,"400.000,00",,,"0,00",,fora da janela do painel (2021–2022; o painel cobre 2023–2026),2026-09-01,2025-12-16T18:14:28.151388
1017,2021,00237.01,não,sim,,"960.604,00",,,"953.452,24",,fora da janela do painel (2021–2022; o painel cobre 2023–2026),2026-09-01,2025-12-16T18:14:28.151388
1018,2021,00111.01,não,sim,,"0,00",,,"0,00",,fora da janela do painel (2021–2022; o painel cobre 2023–2026),2026-09-01,2025-12-16T18:14:28.151388
1019,2021,00403.01,não,sim,,"1.000.000,00",,,"940.435,76",,fora da janela do painel (2021–2022; o painel cobre 2023–2026),2026-09-01,2025-12-16T18:14:28.151388
1020,2021,00291.01,não,sim,,"1.600.000,00",,,"1.596.916,00",,fora da janela do painel (2021–2022; o painel cobre 2023–2026),2026-09-01,2025-12-16T18:14:28.151388
1022,2021,00223.01,não,sim,,"0,00",,,"0,00",,fora da janela do painel (2021–2022; o painel cobre 2023–2026),2026-09-01,2025-12-16T18:14:28.151388
1023,2021,00200.01,não,sim,,"600.000,00",,,"0,00",,fora da janela do painel (2021–2022; o painel cobre 2023–2026),2026-09-01,2025-12-16T18:14:28.151388
1024,2021,00024.01,não,sim,,"0,00",,,"0,00",,fora da janela do painel (2021–2022; o painel cobre 2023–2026),2026-09-01,2025-12-16T18:14:28.151388
1025,2021,00025.01,não,sim,,"0,00",,,"0,00",,fora da janela do painel (2021–2022; o painel cobre 2023–2026),2026-09-01,2025-12-16T18:14:28.151388
1026,2021,00280.01,não,sim,,"0,00",,,"0,00",,fora da janela do painel (2021–2022; o painel cobre 2023–2026),2026-09-01,2025-12-16T18:14:28.151388
1027,2021,00475.01,não,sim,,"0,00",,,"0,00",,fora da janela do painel (2021–2022; o painel cobre 2023–2026),2026-09-01,2025-12-16T18:14:28.151388
1028,2021,00346.01,não,sim,,"0,00",,,"0,00",,fora da janela do painel (2021–2022; o painel cobre 2023–2026),2026-09-01,2025-12-16T18:14:28.151388
1029,2021,00548.01,não,sim,,"0,00",,,"0,00",,fora da janela do painel (2021–2022; o painel cobre 2023–2026),2026-09-01,2025-12-16T18:14:28.151388
1030,2021,00089.01,não,sim,,"0,00",,,"0,00",,fora da janela do painel (2021–2022; o painel cobre 2023–2026),2026-09-01,2025-12-16T18:14:28.151388
1031,2021,00182.01,não,sim,,"0,00",,,"0,00",,fora da janela do painel (2021–2022; o painel cobre 2023–2026),2026-09-01,2025-12-16T18:14:28.151388
1032,2021,00459.01,não,sim,,"0,00",,,"0,00",,fora da janela do painel (2021–2022; o painel cobre 2023–2026),2026-09-01,2025-12-16T18:14:28.151388
1033,2021,00490.01,não,sim,,"250.000,00",,,"0,00",,fora da janela do painel (2021–2022; o painel cobre 2023–2026),2026-09-01,2025-12-16T18:14:28.151388
1034,2021,00278.01,não,sim,,"3.483.358,00",,,"3.483.358,00",,fora da janela do painel (2021–2022; o painel cobre 2023–2026),2026-09-01,2025-12-16T18:14:28.151388
1035,2021,00296.01,não,sim,,"610.000,00",,,"433.861,13",,fora da janela do painel (2021–2022; o painel cobre 2023–2026),2026-09-01,2025-12-16T18:14:28.151388
1036,2021,00504.01,não,sim,,"0,00",,,"0,00",,fora da janela do painel (2021–2022; o painel cobre 2023–2026),2026-09-01,2025-12-16T18:14:28.151388
1037,2021,00056.01,não,sim,,"0,00",,,"0,00",,fora da janela do painel (2021–2022; o painel cobre 2023–2026),2026-09-01,2025-12-16T18:14:28.151388
1038,2021,00507.01,não,sim,,"100.000,00",,,"0,00",,fora da janela do painel (2021–2022; o painel cobre 2023–2026),2026-09-01,2025-12-16T18:14:28.151388
1039,2021,00474.01,não,sim,,"1.000.000,00",,,"0,00",,fora da janela do painel (2021–2022; o painel cobre 2023–2026),2026-09-01,2025-12-16T18:14:28.151388
1040,2021,00413.01,não,sim,,"1.000.000,00",,,"1.000.000,00",,fora da janela do painel (2021–2022; o painel cobre 2023–2026),2026-09-01,2025-12-16T18:14:28.151388
1041,2021,00092.01,não,sim,,"1.000.000,00",,,"0,00",,fora da janela do painel (2021–2022; o painel cobre 2023–2026),2026-09-01,2025-12-16T18:14:28.151388
1042,2021,00285.01,não,sim,,"1.320.000,00",,,"1.320.000,00",,fora da janela do painel (2021–2022; o painel cobre 2023–2026),2026-09-01,2025-12-16T18:14:28.151388
1044,2021,00409.01,não,sim,,"2.133.358,00",,,"2.133.358,00",,fora da janela do painel (2021–2022; o painel cobre 2023–2026),2026-09-01,2025-12-16T18:14:28.151388
1045,2021,00268.01,não,sim,,"1.100.000,00",,,"0,00",,fora da janela do painel (2021–2022; o painel cobre 2023–2026),2026-09-01,2025-12-16T18:14:28.151388
1046,2021,00554.01,não,sim,,"0,00",,,"0,00",,fora da janela do painel (2021–2022; o painel cobre 2023–2026),2026-09-01,2025-12-16T18:14:28.151388
1047,2021,00218.01,não,sim,,"0,00",,,"0,00",,fora da janela do painel (2021–2022; o painel cobre 2023–2026),2026-09-01,2025-12-16T18:14:28.151388
1048,2021,00276.01,não,sim,,"0,00",,,"0,00",,fora da janela do painel (2021–2022; o painel cobre 2023–2026),2026-09-01,2025-12-16T18:14:28.151388
1049,2021,00059.01,não,sim,,"200.000,00",,,"200.000,00",,fora da janela do painel (2021–2022; o painel cobre 2023–2026),2026-09-01,2025-12-16T18:14:28.151388
1050,2021,00169.01,não,sim,,"21.007.766,00",,,"20.210.980,00",,fora da janela do painel (2021–2022; o painel cobre 2023–2026),2026-09-01,2025-12-16T18:14:28.151388
1052,2021,00035.01,não,sim,,"3.500.000,00",,,"3.500.000,00",,fora da janela do painel (2021–2022; o painel cobre 2023–2026),2026-09-01,2025-12-16T18:14:28.151388
1053,2021,00113.01,não,sim,,"1.700.000,00",,,"1.700.000,00",,fora da janela do painel (2021–2022; o painel cobre 2023–2026),2026-09-01,2025-12-16T18:14:28.151388
1054,2021,00500.01,não,sim,,"2.280.000,00",,,"2.280.000,00",,fora da janela do painel (2021–2022; o painel cobre 2023–2026),2026-09-01,2025-12-16T18:14:28.151388
1055,2021,00496.01,não,sim,,"500.000,00",,,"500.000,00",,fora da janela do painel (2021–2022; o painel cobre 2023–2026),2026-09-01,2025-12-16T18:14:28.151388
1056,2021,00314.01,não,sim,,"75.000,00",,,"75.000,00",,fora da janela do painel (2021–2022; o painel cobre 2023–2026),2026-09-01,2025-12-16T18:14:28.151388
1057,2021,00264.01,não,sim,,"0,00",,,"0,00",,fora da janela do painel (2021–2022; o painel cobre 2023–2026),2026-09-01,2025-12-16T18:14:28.151388
1058,2021,00090.01,não,sim,,"1.600.000,00",,,"1.600.000,00",,fora da janela do painel (2021–2022; o painel cobre 2023–2026),2026-09-01,2025-12-16T18:14:28.151388
1059,2021,00127.01,não,sim,,"210.000,00",,,"0,00",,fora da janela do painel (2021–2022; o painel cobre 2023–2026),2026-09-01,2025-12-16T18:14:28.151388
1061,2021,00190.01,não,sim,,"3.550.000,00",,,"2.209.735,93",,fora da janela do painel (2021–2022; o painel cobre 2023–2026),2026-09-01,2025-12-16T18:14:28.151388
1062,2021,00445.01,não,sim,,"0,00",,,"0,00",,fora da janela do painel (2021–2022; o painel cobre 2023–2026),2026-09-01,2025-12-16T18:14:28.151388
1063,2021,00446.01,não,sim,,"0,00",,,"0,00",,fora da janela do painel (2021–2022; o painel cobre 2023–2026),2026-09-01,2025-12-16T18:14:28.151388
1064,2021,00270.01,não,sim,,"2.900.000,00",,,"2.899.948,93",,fora da janela do painel (2021–2022; o painel cobre 2023–2026),2026-09-01,2025-12-16T18:14:28.151388
1065,2021,00266.01,não,sim,,"300.000,00",,,"299.917,34",,fora da janela do painel (2021–2022; o painel cobre 2023–2026),2026-09-01,2025-12-16T18:14:28.151388
1066,2021,00273.01,não,sim,,"2.150.000,00",,,"0,00",,fora da janela do painel (2021–2022; o painel cobre 2023–2026),2026-09-01,2025-12-16T18:14:28.151388
1067,2021,00293.01,não,sim,,"2.400.000,00",,,"0,00",,fora da janela do painel (2021–2022; o painel cobre 2023–2026),2026-09-01,2025-12-16T18:14:28.151388
1068,2021,00295.01,não,sim,,"0,00",,,"0,00",,fora da janela do painel (2021–2022; o painel cobre 2023–2026),2026-09-01,2025-12-16T18:14:28.151388
1072,2021,00444.01,não,sim,,"0,00",,,"0,00",,fora da janela do painel (2021–2022; o painel cobre 2023–2026),2026-09-01,2025-12-16T18:14:28.151388
1073,2021,00470.01,não,sim,,"0,00",,,"0,00",,fora da janela do painel (2021–2022; o painel cobre 2023–2026),2026-09-01,2025-12-16T18:14:28.151388
1074,2021,00336.01,não,sim,,"980.000,00",,,"630.000,00",,fora da janela do painel (2021–2022; o painel cobre 2023–2026),2026-09-01,2025-12-16T18:14:28.151388
1075,2021,00328.01,não,sim,,"100.001,00",,,"0,00",,fora da janela do painel (2021–2022; o painel cobre 2023–2026),2026-09-01,2025-12-16T18:14:28.151388
1076,2021,00501.01,não,sim,,"320.000,00",,,"252.000,00",,fora da janela do painel (2021–2022; o painel cobre 2023–2026),2026-09-01,2025-12-16T18:14:28.151388
1077,2021,00327.01,não,sim,,"200.000,00",,,"62.100,00",,fora da janela do painel (2021–2022; o painel cobre 2023–2026),2026-09-01,2025-12-16T18:14:28.151388
1078,2021,00180.01,não,sim,,"220.000,00",,,"192.325,00",,fora da janela do painel (2021–2022; o painel cobre 2023–2026),2026-09-01,2025-12-16T18:14:28.151388
1080,2021,00343.01,não,sim,,"0,00",,,"0,00",,fora da janela do painel (2021–2022; o painel cobre 2023–2026),2026-09-01,2025-12-16T18:14:28.151388
1081,2021,00205.01,não,sim,,"670.000,00",,,"484.689,78",,fora da janela do painel (2021–2022; o painel cobre 2023–2026),2026-09-01,2025-12-16T18:14:28.151388
1082,2021,00391.01,não,sim,,"0,00",,,"0,00",,fora da janela do painel (2021–2022; o painel cobre 2023–2026),2026-09-01,2025-12-16T18:14:28.151388
1083,2021,00308.01,não,sim,,"0,00",,,"0,00",,fora da janela do painel (2021–2022; o painel cobre 2023–2026),2026-09-01,2025-12-16T18:14:28.151388
1084,2021,00219.01,não,sim,,"0,00",,,"0,00",,fora da janela do painel (2021–2022; o painel cobre 2023–2026),2026-09-01,2025-12-16T18:14:28.151388
1085,2021,00194.01,não,sim,,"180.000,00",,,"0,00",,fora da janela do painel (2021–2022; o painel cobre 2023–2026),2026-09-01,2025-12-16T18:14:28.151388
1086,2021,00464.01,não,sim,,"150.000,00",,,"149.810,00",,fora da janela do painel (2021–2022; o painel cobre 2023–2026),2026-09-01,2025-12-16T18:14:28.151388
1087,2021,00525.01,não,sim,,"0,00",,,"0,00",,fora da janela do painel (2021–2022; o painel cobre 2023–2026),2026-09-01,2025-12-16T18:14:28.151388
1088,2021,00255.01,não,sim,,"0,00",,,"0,00",,fora da janela do painel (2021–2022; o painel cobre 2023–2026),2026-09-01,2025-12-16T18:14:28.151388
1089,2021,00529.01,não,sim,,"602.000,00",,,"600.744,62",,fora da janela do painel (2021–2022; o painel cobre 2023–2026),2026-09-01,2025-12-16T18:14:28.151388
1090,2021,00522.01,não,sim,,"0,00",,,"0,00",,fora da janela do painel (2021–2022; o painel cobre 2023–2026),2026-09-01,2025-12-16T18:14:28.151388
1091,2021,00045.01,não,sim,,"60.000,00",,,"0,00",,fora da janela do painel (2021–2022; o painel cobre 2023–2026),2026-09-01,2025-12-16T18:14:28.151388
1092,2021,00312.01,não,sim,,"0,00",,,"0,00",,fora da janela do painel (2021–2022; o painel cobre 2023–2026),2026-09-01,2025-12-16T18:14:28.151388
1093,2021,00530.01,não,sim,,"800.000,00",,,"799.990,00",,fora da janela do painel (2021–2022; o painel cobre 2023–2026),2026-09-01,2025-12-16T18:14:28.151388
1094,2021,00333.01,não,sim,,"0,00",,,"0,00",,fora da janela do painel (2021–2022; o painel cobre 2023–2026),2026-09-01,2025-12-16T18:14:28.151388
1095,2021,00138.01,não,sim,,"0,00",,,"0,00",,fora da janela do painel (2021–2022; o painel cobre 2023–2026),2026-09-01,2025-12-16T18:14:28.151388
1096,2021,00192.01,não,sim,,"800.000,00",,,"0,00",,fora da janela do painel (2021–2022; o painel cobre 2023–2026),2026-09-01,2025-12-16T18:14:28.151388
1097,2021,00231.01,não,sim,,"0,00",,,"0,00",,fora da janela do painel (2021–2022; o painel cobre 2023–2026),2026-09-01,2025-12-16T18:14:28.151388
1098,2021,00310.01,não,sim,,"0,00",,,"0,00",,fora da janela do painel (2021–2022; o painel cobre 2023–2026),2026-09-01,2025-12-16T18:14:28.151388
1099,2021,00318.01,não,sim,,"0,00",,,"0,00",,fora da janela do painel (2021–2022; o painel cobre 2023–2026),2026-09-01,2025-12-16T18:14:28.151388
1100,2021,00332.01,não,sim,,"0,00",,,"0,00",,fora da janela do painel (2021–2022; o painel cobre 2023–2026),2026-09-01,2025-12-16T18:14:28.151388
1101,2021,00331.01,não,sim,,"1.526.716,00",,,"1.249.184,46",,fora da janela do painel (2021–2022; o painel cobre 2023–2026),2026-09-01,2025-12-16T18:14:28.151388
1102,2021,00410.01,não,sim,,"1.100.000,00",,,"0,00",,fora da janela do painel (2021–2022; o painel cobre 2023–2026),2026-09-01,2025-12-16T18:14:28.151388
1103,2021,00478.01,não,sim,,"0,00",,,"0,00",,fora da janela do painel (2021–2022; o painel cobre 2023–2026),2026-09-01,2025-12-16T18:14:28.151388
1104,2021,00303.01,não,sim,,"0,00",,,"0,00",,fora da janela do painel (2021–2022; o painel cobre 2023–2026),2026-09-01,2025-12-16T18:14:28.151388
1105,2021,00371.01,não,sim,,"0,00",,,"0,00",,fora da janela do painel (2021–2022; o painel cobre 2023–2026),2026-09-01,2025-12-16T18:14:28.151388
1106,2021,00137.01,não,sim,,"0,00",,,"0,00",,fora da janela do painel (2021–2022; o painel cobre 2023–2026),2026-09-01,2025-12-16T18:14:28.151388
1107,2021,00373.01,não,sim,,"0,00",,,"0,00",,fora da janela do painel (2021–2022; o painel cobre 2023–2026),2026-09-01,2025-12-16T18:14:28.151388
1108,2021,00211.01,não,sim,,"0,00",,,"0,00",,fora da janela do painel (2021–2022; o painel cobre 2023–2026),2026-09-01,2025-12-16T18:14:28.151388
1109,2021,00402.01,não,sim,,"592.000,00",,,"315.603,25",,fora da janela do painel (2021–2022; o painel cobre 2023–2026),2026-09-01,2025-12-16T18:14:28.151388
1110,2021,00315.01,não,sim,,"0,00",,,"0,00",,fora da janela do painel (2021–2022; o painel cobre 2023–2026),2026-09-01,2025-12-16T18:14:28.151388
1111,2021,00341.01,não,sim,,"0,00",,,"0,00",,fora da janela do painel (2021–2022; o painel cobre 2023–2026),2026-09-01,2025-12-16T18:14:28.151388
1112,2021,00412.01,não,sim,,"3.358,00",,,"0,00",,fora da janela do painel (2021–2022; o painel cobre 2023–2026),2026-09-01,2025-12-16T18:14:28.151388
1113,2021,00305.01,não,sim,,"0,00",,,"0,00",,fora da janela do painel (2021–2022; o painel cobre 2023–2026),2026-09-01,2025-12-16T18:14:28.151388
1114,2021,00528.01,não,sim,,"475.000,00",,,"474.006,12",,fora da janela do painel (2021–2022; o painel cobre 2023–2026),2026-09-01,2025-12-16T18:14:28.151388
1115,2021,00524.01,não,sim,,"0,00",,,"0,00",,fora da janela do painel (2021–2022; o painel cobre 2023–2026),2026-09-01,2025-12-16T18:14:28.151388
1116,2021,00110.01,não,sim,,"0,00",,,"0,00",,fora da janela do painel (2021–2022; o painel cobre 2023–2026),2026-09-01,2025-12-16T18:14:28.151388
1117,2021,00486.01,não,sim,,"0,00",,,"0,00",,fora da janela do painel (2021–2022; o painel cobre 2023–2026),2026-09-01,2025-12-16T18:14:28.151388
1118,2021,00199.01,não,sim,,"500.000,00",,,"0,00",,fora da janela do painel (2021–2022; o painel cobre 2023–2026),2026-09-01,2025-12-16T18:14:28.151388
1119,2021,00204.01,não,sim,,"980.000,00",,,"749.423,99",,fora da janela do painel (2021–2022; o painel cobre 2023–2026),2026-09-01,2025-12-16T18:14:28.151388
1120,2021,00228.01,não,sim,,"2.000.000,00",,,"932.762,70",,fora da janela do painel (2021–2022; o painel cobre 2023–2026),2026-09-01,2025-12-16T18:14:28.151388
1122,2021,00149.01,não,sim,,"0,00",,,"0,00",,fora da janela do painel (2021–2022; o painel cobre 2023–2026),2026-09-01,2025-12-16T18:14:28.151388
1123,2021,00538.01,não,sim,,"240.100,00",,,"240.067,52",,fora da janela do painel (2021–2022; o painel cobre 2023–2026),2026-09-01,2025-12-16T18:14:28.151388
1124,2021,00462.01,não,sim,,"300.000,00",,,"300.000,00",,fora da janela do painel (2021–2022; o painel cobre 2023–2026),2026-09-01,2025-12-16T18:14:28.151388
1125,2021,00044.01,não,sim,,"0,00",,,"0,00",,fora da janela do painel (2021–2022; o painel cobre 2023–2026),2026-09-01,2025-12-16T18:14:28.151388
1126,2021,00298.01,não,sim,,"0,00",,,"0,00",,fora da janela do painel (2021–2022; o painel cobre 2023–2026),2026-09-01,2025-12-16T18:14:28.151388
1127,2021,00521.01,não,sim,,"0,00",,,"0,00",,fora da janela do painel (2021–2022; o painel cobre 2023–2026),2026-09-01,2025-12-16T18:14:28.151388
1128,2021,00126.01,não,sim,,"400.000,00",,,"0,00",,fora da janela do painel (2021–2022; o painel cobre 2023–2026),2026-09-01,2025-12-16T18:14:28.151388
1129,2021,00408.01,não,sim,,"1.000.000,00",,,"1.000.000,00",,fora da janela do painel (2021–2022; o painel cobre 2023–2026),2026-09-01,2025-12-16T18:14:28.151388
1130,2021,00260.01,não,sim,,"0,00",,,"0,00",,fora da janela do painel (2021–2022; o painel cobre 2023–2026),2026-09-01,2025-12-16T18:14:28.151388
1131,2021,00079.01,não,sim,,"0,00",,,"0,00",,fora da janela do painel (2021–2022; o painel cobre 2023–2026),2026-09-01,2025-12-16T18:14:28.151388
1132,2021,00390.01,não,sim,,"0,00",,,"0,00",,fora da janela do painel (2021–2022; o painel cobre 2023–2026),2026-09-01,2025-12-16T18:14:28.151388
1133,2021,00173.01,não,sim,,"0,00",,,"0,00",,fora da janela do painel (2021–2022; o painel cobre 2023–2026),2026-09-01,2025-12-16T18:14:28.151388
1134,2021,00081.01,não,sim,,"0,00",,,"0,00",,fora da janela do painel (2021–2022; o painel cobre 2023–2026),2026-09-01,2025-12-16T18:14:28.151388
1135,2021,00347.01,não,sim,,"220.000,00",,,"167.125,58",,fora da janela do painel (2021–2022; o painel cobre 2023–2026),2026-09-01,2025-12-16T18:14:28.151388
1136,2021,00101.01,não,sim,,"250.000,00",,,"250.000,00",,fora da janela do painel (2021–2022; o painel cobre 2023–2026),2026-09-01,2025-12-16T18:14:28.151388
1137,2021,00440.01,não,sim,,"0,00",,,"0,00",,fora da janela do painel (2021–2022; o painel cobre 2023–2026),2026-09-01,2025-12-16T18:14:28.151388
1138,2021,00534.01,não,sim,,"0,00",,,"0,00",,fora da janela do painel (2021–2022; o painel cobre 2023–2026),2026-09-01,2025-12-16T18:14:28.151388
1139,2021,00340.01,não,sim,,"400.000,00",,,"389.164,64",,fora da janela do painel (2021–2022; o painel cobre 2023–2026),2026-09-01,2025-12-16T18:14:28.151388
1140,2021,00189.01,não,sim,,"3.681.358,00",,,"3.632.500,00",,fora da janela do painel (2021–2022; o painel cobre 2023–2026),2026-09-01,2025-12-16T18:14:28.151388
1142,2021,00618.01,não,sim,,"300.000,00",,,"299.960,00",,fora da janela do painel (2021–2022; o painel cobre 2023–2026),2026-09-01,2025-12-16T18:14:28.151388
1143,2021,00356.01,não,sim,,"1.150.000,00",,,"1.049.747,07",,fora da janela do painel (2021–2022; o painel cobre 2023–2026),2026-09-01,2025-12-16T18:14:28.151388
1144,2021,00416.01,não,sim,,"2.700.000,00",,,"2.529.999,44",,fora da janela do painel (2021–2022; o painel cobre 2023–2026),2026-09-01,2025-12-16T18:14:28.151388
1145,2021,00420.01,não,sim,,"1.520.000,00",,,"1.369.981,40",,fora da janela do painel (2021–2022; o painel cobre 2023–2026),2026-09-01,2025-12-16T18:14:28.151388
1146,2021,00434.01,não,sim,,"0,00",,,"0,00",,fora da janela do painel (2021–2022; o painel cobre 2023–2026),2026-09-01,2025-12-16T18:14:28.151388
1147,2021,00419.01,não,sim,,"5.000,00",,,"0,00",,fora da janela do painel (2021–2022; o painel cobre 2023–2026),2026-09-01,2025-12-16T18:14:28.151388
1148,2021,00435.01,não,sim,,"100.000,00",,,"100.000,00",,fora da janela do painel (2021–2022; o painel cobre 2023–2026),2026-09-01,2025-12-16T18:14:28.151388
1149,2021,00436.01,não,sim,,"300.000,00",,,"300.000,00",,fora da janela do painel (2021–2022; o painel cobre 2023–2026),2026-09-01,2025-12-16T18:14:28.151388
1150,2021,00460.01,não,sim,,"3.200.000,00",,,"3.198.668,29",,fora da janela do painel (2021–2022; o painel cobre 2023–2026),2026-09-01,2025-12-16T18:14:28.151388
1151,2021,00322.01,não,sim,,"3.927.999,00",,,"3.866.651,22",,fora da janela do painel (2021–2022; o painel cobre 2023–2026),2026-09-01,2025-12-16T18:14:28.151388
1152,2021,00489.01,não,sim,,"2.210.000,00",,,"2.048.010,00",,fora da janela do painel (2021–2022; o painel cobre 2023–2026),2026-09-01,2025-12-16T18:14:28.151388
1153,2021,00191.01,não,sim,,"950.000,00",,,"950.000,00",,fora da janela do painel (2021–2022; o painel cobre 2023–2026),2026-09-01,2025-12-16T18:14:28.151388
1154,2021,00326.01,não,sim,,"3.900.000,00",,,"0,00",,fora da janela do painel (2021–2022; o painel cobre 2023–2026),2026-09-01,2025-12-16T18:14:28.151388
1155,2021,00556.01,não,sim,,"150.000,00",,,"131.074,75",,fora da janela do painel (2021–2022; o painel cobre 2023–2026),2026-09-01,2025-12-16T18:14:28.151388
1156,2021,00463.01,não,sim,,"0,00",,,"0,00",,fora da janela do painel (2021–2022; o painel cobre 2023–2026),2026-09-01,2025-12-16T18:14:28.151388
1157,2021,00358.01,não,sim,,"230.000,00",,,"216.958,23",,fora da janela do painel (2021–2022; o painel cobre 2023–2026),2026-09-01,2025-12-16T18:14:28.151388
1158,2021,00355.01,não,sim,,"2.310.000,00",,,"2.308.032,86",,fora da janela do painel (2021–2022; o painel cobre 2023–2026),2026-09-01,2025-12-16T18:14:28.151388
1159,2021,00495.01,não,sim,,"800.000,00",,,"729.246,84",,fora da janela do painel (2021–2022; o painel cobre 2023–2026),2026-09-01,2025-12-16T18:14:28.151388
1160,2021,00323.01,não,sim,,"480.000,00",,,"44.540,24",,fora da janela do painel (2021–2022; o painel cobre 2023–2026),2026-09-01,2025-12-16T18:14:28.151388
1161,2021,00185.01,não,sim,,"26,00",,,"0,00",,fora da janela do painel (2021–2022; o painel cobre 2023–2026),2026-09-01,2025-12-16T18:14:28.151388
1162,2021,00360.01,não,sim,,"0,00",,,"0,00",,fora da janela do painel (2021–2022; o painel cobre 2023–2026),2026-09-01,2025-12-16T18:14:28.151388
1163,2021,00359.01,não,sim,,"570.000,00",,,"419.899,95",,fora da janela do painel (2021–2022; o painel cobre 2023–2026),2026-09-01,2025-12-16T18:14:28.151388
1164,2021,00187.01,não,sim,,"200.000,00",,,"199.990,00",,fora da janela do painel (2021–2022; o painel cobre 2023–2026),2026-09-01,2025-12-16T18:14:28.151388
1165,2021,00181.01,não,sim,,"600.000,00",,,"600.000,00",,fora da janela do painel (2021–2022; o painel cobre 2023–2026),2026-09-01,2025-12-16T18:14:28.151388
1166,2021,00083.01,não,sim,,"0,00",,,"0,00",,fora da janela do painel (2021–2022; o painel cobre 2023–2026),2026-09-01,2025-12-16T18:14:28.151388
1167,2021,00558.01,não,sim,,"0,00",,,"0,00",,fora da janela do painel (2021–2022; o painel cobre 2023–2026),2026-09-01,2025-12-16T18:14:28.151388
1168,2021,00201.01,não,sim,,"740.000,00",,,"140.000,00",,fora da janela do painel (2021–2022; o painel cobre 2023–2026),2026-09-01,2025-12-16T18:14:28.151388
1170,2021,00324.01,não,sim,,"2.355.000,00",,,"2.317.000,00",,fora da janela do painel (2021–2022; o painel cobre 2023–2026),2026-09-01,2025-12-16T18:14:28.151388
1172,2021,00447.01,não,sim,,"2.550.000,00",,,"2.550.000,00",,fora da janela do painel (2021–2022; o painel cobre 2023–2026),2026-09-01,2025-12-16T18:14:28.151388
1174,2021,00417.01,não,sim,,"4.910.000,00",,,"4.901.000,00",,fora da janela do painel (2021–2022; o painel cobre 2023–2026),2026-09-01,2025-12-16T18:14:28.151388
1176,2021,00418.01,não,sim,,"0,00",,,"0,00",,fora da janela do painel (2021–2022; o painel cobre 2023–2026),2026-09-01,2025-12-16T18:14:28.151388
1178,2021,00396.01,não,sim,,"3.268.000,00",,,"3.268.000,00",,fora da janela do painel (2021–2022; o painel cobre 2023–2026),2026-09-01,2025-12-16T18:14:28.151388
1180,2021,00539.01,não,sim,,"500.000,00",,,"500.000,00",,fora da janela do painel (2021–2022; o painel cobre 2023–2026),2026-09-01,2025-12-16T18:14:28.151388
1182,2021,00532.01,não,sim,,"2.200.000,00",,,"2.200.000,00",,fora da janela do painel (2021–2022; o painel cobre 2023–2026),2026-09-01,2025-12-16T18:14:28.151388
1183,2021,00377.01,não,sim,,"5.500.000,00",,,"5.447.534,00",,fora da janela do painel (2021–2022; o painel cobre 2023–2026),2026-09-01,2025-12-16T18:14:28.151388
1185,2021,00272.01,não,sim,,"2.068.000,00",,,"2.030.000,00",,fora da janela do painel (2021–2022; o painel cobre 2023–2026),2026-09-01,2025-12-16T18:14:28.151388
1187,2021,00343.02,não,sim,,"1.366.175,68",,,"0,00",,fora da janela do painel (2021–2022; o painel cobre 2023–2026),2026-09-01,2025-12-16T18:14:28.151388
1188,2021,00360.02,não,sim,,"0,00",,,"0,00",,fora da janela do painel (2021–2022; o painel cobre 2023–2026),2026-09-01,2025-12-16T18:14:28.151388
1190,2021,01090.01,não,sim,,"460.000,00",,,"0,00",,fora da janela do painel (2021–2022; o painel cobre 2023–2026),2026-09-01,2025-12-16T18:14:28.151388
1191,2021,01035.01,não,sim,,"250.000,00",,,"169.836,97",,fora da janela do painel (2021–2022; o painel cobre 2023–2026),2026-09-01,2025-12-16T18:14:28.151388
1192,2021,01167.01,não,sim,,"1.357.475,00",,,"658.393,97",,fora da janela do painel (2021–2022; o painel cobre 2023–2026),2026-09-01,2025-12-16T18:14:28.151388
1193,2021,01026.01,não,sim,,"0,00",,,"0,00",,fora da janela do painel (2021–2022; o painel cobre 2023–2026),2026-09-01,2025-12-16T18:14:28.151388
1194,2021,01165.01,não,sim,,"600.000,00",,,"599.901,74",,fora da janela do painel (2021–2022; o painel cobre 2023–2026),2026-09-01,2025-12-16T18:14:28.151388
1195,2021,01078.01,não,sim,,"0,00",,,"0,00",,fora da janela do painel (2021–2022; o painel cobre 2023–2026),2026-09-01,2025-12-16T18:14:28.151388
1196,2021,01077.01,não,sim,,"230.000,00",,,"225.000,00",,fora da janela do painel (2021–2022; o painel cobre 2023–2026),2026-09-01,2025-12-16T18:14:28.151388
1197,2021,01067.01,não,sim,,"880.000,00",,,"878.261,47",,fora da janela do painel (2021–2022; o painel cobre 2023–2026),2026-09-01,2025-12-16T18:14:28.151388
1198,2021,01072.01,não,sim,,"0,00",,,"0,00",,fora da janela do painel (2021–2022; o painel cobre 2023–2026),2026-09-01,2025-12-16T18:14:28.151388
1199,2021,01109.01,não,sim,,"2.000.000,00",,,"1.999.937,88",,fora da janela do painel (2021–2022; o painel cobre 2023–2026),2026-09-01,2025-12-16T18:14:28.151388
1200,2021,01114.01,não,sim,,"500.000,00",,,"499.999,66",,fora da janela do painel (2021–2022; o painel cobre 2023–2026),2026-09-01,2025-12-16T18:14:28.151388
1201,2021,01113.01,não,sim,,"500.000,00",,,"0,00",,fora da janela do painel (2021–2022; o painel cobre 2023–2026),2026-09-01,2025-12-16T18:14:28.151388
1202,2021,01138.01,não,sim,,"1.500.000,00",,,"1.500.000,00",,fora da janela do painel (2021–2022; o painel cobre 2023–2026),2026-09-01,2025-12-16T18:14:28.151388
1203,2021,01158.01,não,sim,,"300.000,00",,,"300.000,00",,fora da janela do painel (2021–2022; o painel cobre 2023–2026),2026-09-01,2025-12-16T18:14:28.151388
1204,2021,01126.01,não,sim,,"150.000,00",,,"150.000,00",,fora da janela do painel (2021–2022; o painel cobre 2023–2026),2026-09-01,2025-12-16T18:14:28.151388
1205,2021,01121.01,não,sim,,"0,00",,,"0,00",,fora da janela do painel (2021–2022; o painel cobre 2023–2026),2026-09-01,2025-12-16T18:14:28.151388
1206,2021,01002.01,não,sim,,"150.000,00",,,"28.864,41",,fora da janela do painel (2021–2022; o painel cobre 2023–2026),2026-09-01,2025-12-16T18:14:28.151388
1207,2021,01122.01,não,sim,,"0,00",,,"0,00",,fora da janela do painel (2021–2022; o painel cobre 2023–2026),2026-09-01,2025-12-16T18:14:28.151388
1208,2021,01133.01,não,sim,,"100.000,00",,,"100.000,00",,fora da janela do painel (2021–2022; o painel cobre 2023–2026),2026-09-01,2025-12-16T18:14:28.151388
1209,2021,01132.01,não,sim,,"0,00",,,"0,00",,fora da janela do painel (2021–2022; o painel cobre 2023–2026),2026-09-01,2025-12-16T18:14:28.151388
1210,2021,01134.01,não,sim,,"220.000,00",,,"219.998,77",,fora da janela do painel (2021–2022; o painel cobre 2023–2026),2026-09-01,2025-12-16T18:14:28.151388
1211,2021,01137.01,não,sim,,"0,00",,,"0,00",,fora da janela do painel (2021–2022; o painel cobre 2023–2026),2026-09-01,2025-12-16T18:14:28.151388
1212,2021,01141.01,não,sim,,"300.000,00",,,"300.000,00",,fora da janela do painel (2021–2022; o painel cobre 2023–2026),2026-09-01,2025-12-16T18:14:28.151388
1213,2021,01136.01,não,sim,,"0,00",,,"0,00",,fora da janela do painel (2021–2022; o painel cobre 2023–2026),2026-09-01,2025-12-16T18:14:28.151388
1214,2021,01127.01,não,sim,,"374.000,00",,,"300.577,10",,fora da janela do painel (2021–2022; o painel cobre 2023–2026),2026-09-01,2025-12-16T18:14:28.151388
1215,2021,01125.01,não,sim,,"0,00",,,"0,00",,fora da janela do painel (2021–2022; o painel cobre 2023–2026),2026-09-01,2025-12-16T18:14:28.151388
1216,2021,01129.01,não,sim,,"0,00",,,"0,00",,fora da janela do painel (2021–2022; o painel cobre 2023–2026),2026-09-01,2025-12-16T18:14:28.151388
1217,2021,01128.01,não,sim,,"130.000,00",,,"129.006,40",,fora da janela do painel (2021–2022; o painel cobre 2023–2026),2026-09-01,2025-12-16T18:14:28.151388
1218,2021,01152.01,não,sim,,"1.580.000,00",,,"1.470.000,00",,fora da janela do painel (2021–2022; o painel cobre 2023–2026),2026-09-01,2025-12-16T18:14:28.151388
1219,2021,01031.01,não,sim,,"0,00",,,"0,00",,fora da janela do painel (2021–2022; o painel cobre 2023–2026),2026-09-01,2025-12-16T18:14:28.151388
1220,2021,01176.01,não,sim,,"60.000,00",,,"0,00",,fora da janela do painel (2021–2022; o painel cobre 2023–2026),2026-09-01,2025-12-16T18:14:28.151388
1221,2021,01166.01,não,sim,,"500.000,00",,,"499.775,50",,fora da janela do painel (2021–2022; o painel cobre 2023–2026),2026-09-01,2025-12-16T18:14:28.151388
1222,2021,01153.01,não,sim,,"0,00",,,"0,00",,fora da janela do painel (2021–2022; o painel cobre 2023–2026),2026-09-01,2025-12-16T18:14:28.151388
1223,2021,01148.01,não,sim,,"40.000,00",,,"38.764,00",,fora da janela do painel (2021–2022; o painel cobre 2023–2026),2026-09-01,2025-12-16T18:14:28.151388
1224,2021,01149.01,não,sim,,"10.000,00",,,"9.803,43",,fora da janela do painel (2021–2022; o painel cobre 2023–2026),2026-09-01,2025-12-16T18:14:28.151388
1225,2021,01124.01,não,sim,,"0,00",,,"0,00",,fora da janela do painel (2021–2022; o painel cobre 2023–2026),2026-09-01,2025-12-16T18:14:28.151388
1226,2021,01030.01,não,sim,,"900.000,00",,,"900.000,00",,fora da janela do painel (2021–2022; o painel cobre 2023–2026),2026-09-01,2025-12-16T18:14:28.151388
1227,2021,01039.01,não,sim,,"0,00",,,"0,00",,fora da janela do painel (2021–2022; o painel cobre 2023–2026),2026-09-01,2025-12-16T18:14:28.151388
1228,2021,01058.01,não,sim,,"500.000,00",,,"500.000,00",,fora da janela do painel (2021–2022; o painel cobre 2023–2026),2026-09-01,2025-12-16T18:14:28.151388
1229,2021,01003.01,não,sim,,"60.000,00",,,"38.404,50",,fora da janela do painel (2021–2022; o painel cobre 2023–2026),2026-09-01,2025-12-16T18:14:28.151388
1230,2021,01116.01,não,sim,,"0,00",,,"0,00",,fora da janela do painel (2021–2022; o painel cobre 2023–2026),2026-09-01,2025-12-16T18:14:28.151388
1231,2021,01029.01,não,sim,,"873.358,00",,,"0,00",,fora da janela do painel (2021–2022; o painel cobre 2023–2026),2026-09-01,2025-12-16T18:14:28.151388
1232,2021,01019.01,não,sim,,"0,00",,,"0,00",,fora da janela do painel (2021–2022; o painel cobre 2023–2026),2026-09-01,2025-12-16T18:14:28.151388
1233,2021,01089.01,não,sim,,"14.000,00",,,"10.546,45",,fora da janela do painel (2021–2022; o painel cobre 2023–2026),2026-09-01,2025-12-16T18:14:28.151388
1234,2021,01110.01,não,sim,,"0,00",,,"0,00",,fora da janela do painel (2021–2022; o painel cobre 2023–2026),2026-09-01,2025-12-16T18:14:28.151388
1235,2021,01093.01,não,sim,,"0,00",,,"0,00",,fora da janela do painel (2021–2022; o painel cobre 2023–2026),2026-09-01,2025-12-16T18:14:28.151388
1236,2021,01047.01,não,sim,,"0,00",,,"0,00",,fora da janela do painel (2021–2022; o painel cobre 2023–2026),2026-09-01,2025-12-16T18:14:28.151388
1237,2021,01104.01,não,sim,,"337.040,00",,,"337.040,00",,fora da janela do painel (2021–2022; o painel cobre 2023–2026),2026-09-01,2025-12-16T18:14:28.151388
1238,2021,01009.01,não,sim,,"250.000,00",,,"219.030,06",,fora da janela do painel (2021–2022; o painel cobre 2023–2026),2026-09-01,2025-12-16T18:14:28.151388
1239,2021,01025.01,não,sim,,"0,00",,,"0,00",,fora da janela do painel (2021–2022; o painel cobre 2023–2026),2026-09-01,2025-12-16T18:14:28.151388
1240,2021,01175.01,não,sim,,"400.000,00",,,"0,00",,fora da janela do painel (2021–2022; o painel cobre 2023–2026),2026-09-01,2025-12-16T18:14:28.151388
1241,2021,01048.01,não,sim,,"350.000,00",,,"0,00",,fora da janela do painel (2021–2022; o painel cobre 2023–2026),2026-09-01,2025-12-16T18:14:28.151388
1242,2021,01097.01,não,sim,,"0,00",,,"0,00",,fora da janela do painel (2021–2022; o painel cobre 2023–2026),2026-09-01,2025-12-16T18:14:28.151388
1243,2021,01156.01,não,sim,,"0,00",,,"0,00",,fora da janela do painel (2021–2022; o painel cobre 2023–2026),2026-09-01,2025-12-16T18:14:28.151388
1244,2021,01014.01,não,sim,,"680.000,00",,,"648.328,61",,fora da janela do painel (2021–2022; o painel cobre 2023–2026),2026-09-01,2025-12-16T18:14:28.151388
1245,2021,01130.01,não,sim,,"350.000,00",,,"0,00",,fora da janela do painel (2021–2022; o painel cobre 2023–2026),2026-09-01,2025-12-16T18:14:28.151388
1246,2021,01071.01,não,sim,,"400.000,00",,,"357.438,12",,fora da janela do painel (2021–2022; o painel cobre 2023–2026),2026-09-01,2025-12-16T18:14:28.151388
1247,2021,01140.01,não,sim,,"0,00",,,"0,00",,fora da janela do painel (2021–2022; o painel cobre 2023–2026),2026-09-01,2025-12-16T18:14:28.151388
1248,2021,01098.01,não,sim,,"0,00",,,"0,00",,fora da janela do painel (2021–2022; o painel cobre 2023–2026),2026-09-01,2025-12-16T18:14:28.151388
1249,2021,01123.01,não,sim,,"405.000,00",,,"405.000,00",,fora da janela do painel (2021–2022; o painel cobre 2023–2026),2026-09-01,2025-12-16T18:14:28.151388
1250,2021,01032.01,não,sim,,"700.000,00",,,"0,00",,fora da janela do painel (2021–2022; o painel cobre 2023–2026),2026-09-01,2025-12-16T18:14:28.151388
1251,2021,01135.01,não,sim,,"500.000,00",,,"351.466,44",,fora da janela do painel (2021–2022; o painel cobre 2023–2026),2026-09-01,2025-12-16T18:14:28.151388
1252,2021,01038.01,não,sim,,"330.000,00",,,"0,00",,fora da janela do painel (2021–2022; o painel cobre 2023–2026),2026-09-01,2025-12-16T18:14:28.151388
1253,2021,01173.01,não,sim,,"250.000,00",,,"241.332,66",,fora da janela do painel (2021–2022; o painel cobre 2023–2026),2026-09-01,2025-12-16T18:14:28.151388
1254,2021,01034.01,não,sim,,"0,00",,,"0,00",,fora da janela do painel (2021–2022; o painel cobre 2023–2026),2026-09-01,2025-12-16T18:14:28.151388
1255,2021,01037.01,não,sim,,"350.000,00",,,"77.699,50",,fora da janela do painel (2021–2022; o painel cobre 2023–2026),2026-09-01,2025-12-16T18:14:28.151388
1256,2021,01057.01,não,sim,,"0,00",,,"0,00",,fora da janela do painel (2021–2022; o painel cobre 2023–2026),2026-09-01,2025-12-16T18:14:28.151388
1257,2021,01052.01,não,sim,,"300.000,00",,,"300.000,00",,fora da janela do painel (2021–2022; o painel cobre 2023–2026),2026-09-01,2025-12-16T18:14:28.151388
1258,2021,01013.01,não,sim,,"0,00",,,"0,00",,fora da janela do painel (2021–2022; o painel cobre 2023–2026),2026-09-01,2025-12-16T18:14:28.151388
1259,2021,01017.01,não,sim,,"0,00",,,"0,00",,fora da janela do painel (2021–2022; o painel cobre 2023–2026),2026-09-01,2025-12-16T18:14:28.151388
1260,2021,01056.01,não,sim,,"0,00",,,"0,00",,fora da janela do painel (2021–2022; o painel cobre 2023–2026),2026-09-01,2025-12-16T18:14:28.151388
1261,2021,01086.01,não,sim,,"0,00",,,"0,00",,fora da janela do painel (2021–2022; o painel cobre 2023–2026),2026-09-01,2025-12-16T18:14:28.151388
1262,2021,01082.01,não,sim,,"26.000,00",,,"0,00",,fora da janela do painel (2021–2022; o painel cobre 2023–2026),2026-09-01,2025-12-16T18:14:28.151388
1263,2021,01112.01,não,sim,,"600.000,00",,,"600.000,00",,fora da janela do painel (2021–2022; o painel cobre 2023–2026),2026-09-01,2025-12-16T18:14:28.151388
1265,2021,01074.01,não,sim,,"1.510.000,00",,,"1.508.695,65",,fora da janela do painel (2021–2022; o painel cobre 2023–2026),2026-09-01,2025-12-16T18:14:28.151388
1266,2021,01087.01,não,sim,,"150.000,00",,,"145.945,43",,fora da janela do painel (2021–2022; o painel cobre 2023–2026),2026-09-01,2025-12-16T18:14:28.151388
1267,2021,01170.01,não,sim,,"290.000,00",,,"248.958,67",,fora da janela do painel (2021–2022; o painel cobre 2023–2026),2026-09-01,2025-12-16T18:14:28.151388
1268,2021,01169.01,não,sim,,"90.000,00",,,"89.612,87",,fora da janela do painel (2021–2022; o painel cobre 2023–2026),2026-09-01,2025-12-16T18:14:28.151388
1269,2021,01168.01,não,sim,,"145.000,00",,,"144.831,34",,fora da janela do painel (2021–2022; o painel cobre 2023–2026),2026-09-01,2025-12-16T18:14:28.151388
1270,2021,01108.01,não,sim,,"0,00",,,"0,00",,fora da janela do painel (2021–2022; o painel cobre 2023–2026),2026-09-01,2025-12-16T18:14:28.151388
1271,2021,01151.01,não,sim,,"0,00",,,"0,00",,fora da janela do painel (2021–2022; o painel cobre 2023–2026),2026-09-01,2025-12-16T18:14:28.151388
1272,2021,01171.01,não,sim,,"0,00",,,"0,00",,fora da janela do painel (2021–2022; o painel cobre 2023–2026),2026-09-01,2025-12-16T18:14:28.151388
1273,2021,01144.01,não,sim,,"700.000,00",,,"400.000,00",,fora da janela do painel (2021–2022; o painel cobre 2023–2026),2026-09-01,2025-12-16T18:14:28.151388
1274,2021,01146.01,não,sim,,"2.300.000,00",,,"700.000,00",,fora da janela do painel (2021–2022; o painel cobre 2023–2026),2026-09-01,2025-12-16T18:14:28.151388
1275,2021,01145.01,não,sim,,"250.000,00",,,"218.771,72",,fora da janela do painel (2021–2022; o painel cobre 2023–2026),2026-09-01,2025-12-16T18:14:28.151388
1276,2021,01063.01,não,sim,,"100.000,00",,,"100.000,00",,fora da janela do painel (2021–2022; o painel cobre 2023–2026),2026-09-01,2025-12-16T18:14:28.151388
1277,2021,01033.01,não,sim,,"295.232,00",,,"0,00",,fora da janela do painel (2021–2022; o painel cobre 2023–2026),2026-09-01,2025-12-16T18:14:28.151388
1278,2021,01049.01,não,sim,,"0,00",,,"0,00",,fora da janela do painel (2021–2022; o painel cobre 2023–2026),2026-09-01,2025-12-16T18:14:28.151388
1279,2021,01119.01,não,sim,,"380.000,00",,,"379.813,44",,fora da janela do painel (2021–2022; o painel cobre 2023–2026),2026-09-01,2025-12-16T18:14:28.151388
1280,2021,01050.01,não,sim,,"250.000,00",,,"227.504,33",,fora da janela do painel (2021–2022; o painel cobre 2023–2026),2026-09-01,2025-12-16T18:14:28.151388
1281,2021,01051.01,não,sim,,"0,00",,,"0,00",,fora da janela do painel (2021–2022; o painel cobre 2023–2026),2026-09-01,2025-12-16T18:14:28.151388
1282,2021,01179.01,não,sim,,"950.000,00",,,"916.487,03",,fora da janela do painel (2021–2022; o painel cobre 2023–2026),2026-09-01,2025-12-16T18:14:28.151388
1283,2021,01041.01,não,sim,,"0,00",,,"0,00",,fora da janela do painel (2021–2022; o painel cobre 2023–2026),2026-09-01,2025-12-16T18:14:28.151388
1284,2021,01055.01,não,sim,,"0,00",,,"0,00",,fora da janela do painel (2021–2022; o painel cobre 2023–2026),2026-09-01,2025-12-16T18:14:28.151388
1285,2021,01115.01,não,sim,,"0,00",,,"0,00",,fora da janela do painel (2021–2022; o painel cobre 2023–2026),2026-09-01,2025-12-16T18:14:28.151388
1286,2021,01053.01,não,sim,,"0,00",,,"0,00",,fora da janela do painel (2021–2022; o painel cobre 2023–2026),2026-09-01,2025-12-16T18:14:28.151388
1287,2021,01094.01,não,sim,,"0,00",,,"0,00",,fora da janela do painel (2021–2022; o painel cobre 2023–2026),2026-09-01,2025-12-16T18:14:28.151388
1288,2021,01117.01,não,sim,,"1.000.000,00",,,"1.000.000,00",,fora da janela do painel (2021–2022; o painel cobre 2023–2026),2026-09-01,2025-12-16T18:14:28.151388
1289,2021,01016.01,não,sim,,"200.000,00",,,"200.000,00",,fora da janela do painel (2021–2022; o painel cobre 2023–2026),2026-09-01,2025-12-16T18:14:28.151388
1290,2021,01005.01,não,sim,,"0,00",,,"0,00",,fora da janela do painel (2021–2022; o painel cobre 2023–2026),2026-09-01,2025-12-16T18:14:28.151388
1291,2021,01161.01,não,sim,,"50.000,00",,,"50.000,00",,fora da janela do painel (2021–2022; o painel cobre 2023–2026),2026-09-01,2025-12-16T18:14:28.151388
1292,2021,01159.01,não,sim,,"50.000,00",,,"50.000,00",,fora da janela do painel (2021–2022; o painel cobre 2023–2026),2026-09-01,2025-12-16T18:14:28.151388
1293,2021,01157.01,não,sim,,"50.000,00",,,"50.000,00",,fora da janela do painel (2021–2022; o painel cobre 2023–2026),2026-09-01,2025-12-16T18:14:28.151388
1294,2021,01160.01,não,sim,,"50.000,00",,,"50.000,00",,fora da janela do painel (2021–2022; o painel cobre 2023–2026),2026-09-01,2025-12-16T18:14:28.151388
1295,2021,01164.01,não,sim,,"667.000,00",,,"666.690,60",,fora da janela do painel (2021–2022; o painel cobre 2023–2026),2026-09-01,2025-12-16T18:14:28.151388
1296,2021,01163.01,não,sim,,"499.579,50",,,"499.579,50",,fora da janela do painel (2021–2022; o painel cobre 2023–2026),2026-09-01,2025-12-16T18:14:28.151388
1297,2021,01106.01,não,sim,,"0,00",,,"0,00",,fora da janela do painel (2021–2022; o painel cobre 2023–2026),2026-09-01,2025-12-16T18:14:28.151388
1298,2021,01010.01,não,sim,,"80.000,00",,,"73.500,45",,fora da janela do painel (2021–2022; o painel cobre 2023–2026),2026-09-01,2025-12-16T18:14:28.151388
1299,2021,01043.01,não,sim,,"0,00",,,"0,00",,fora da janela do painel (2021–2022; o painel cobre 2023–2026),2026-09-01,2025-12-16T18:14:28.151388
1300,2021,01120.01,não,sim,,"0,00",,,"0,00",,fora da janela do painel (2021–2022; o painel cobre 2023–2026),2026-09-01,2025-12-16T18:14:28.151388
1303,2021,01162.01,não,sim,,"50.000,00",,,"50.000,00",,fora da janela do painel (2021–2022; o painel cobre 2023–2026),2026-09-01,2025-12-16T18:14:28.151388
1304,2021,01172.01,não,sim,,"0,00",,,"0,00",,fora da janela do painel (2021–2022; o painel cobre 2023–2026),2026-09-01,2025-12-16T18:14:28.151388
1305,2021,01075.01,não,sim,,"230.000,00",,,"215.513,21",,fora da janela do painel (2021–2022; o painel cobre 2023–2026),2026-09-01,2025-12-16T18:14:28.151388
1306,2021,02037.01,não,sim,,"200.000,00",,,"200.000,00",,fora da janela do painel (2021–2022; o painel cobre 2023–2026),2026-09-01,2025-12-16T18:14:28.151388
1307,2021,02006.01,não,sim,,"0,00",,,"0,00",,fora da janela do painel (2021–2022; o painel cobre 2023–2026),2026-09-01,2025-12-16T18:14:28.151388
1308,2021,02005.01,não,sim,,"160.000,00",,,"160.000,00",,fora da janela do painel (2021–2022; o painel cobre 2023–2026),2026-09-01,2025-12-16T18:14:28.151388
1309,2021,02015.01,não,sim,,"500.000,00",,,"500.000,00",,fora da janela do painel (2021–2022; o painel cobre 2023–2026),2026-09-01,2025-12-16T18:14:28.151388
1310,2021,02004.01,não,sim,,"0,00",,,"0,00",,fora da janela do painel (2021–2022; o painel cobre 2023–2026),2026-09-01,2025-12-16T18:14:28.151388
1311,2021,02023.01,não,sim,,"2.340.000,00",,,"2.340.000,00",,fora da janela do painel (2021–2022; o painel cobre 2023–2026),2026-09-01,2025-12-16T18:14:28.151388
1312,2021,02014.01,não,sim,,"0,00",,,"0,00",,fora da janela do painel (2021–2022; o painel cobre 2023–2026),2026-09-01,2025-12-16T18:14:28.151388
1313,2021,02036.01,não,sim,,"0,00",,,"0,00",,fora da janela do painel (2021–2022; o painel cobre 2023–2026),2026-09-01,2025-12-16T18:14:28.151388
1315,2021,02026.01,não,sim,,"0,00",,,"0,00",,fora da janela do painel (2021–2022; o painel cobre 2023–2026),2026-09-01,2025-12-16T18:14:28.151388
1316,2021,02021.01,não,sim,,"1.000.000,00",,,"959.584,00",,fora da janela do painel (2021–2022; o painel cobre 2023–2026),2026-09-01,2025-12-16T18:14:28.151388
1317,2021,02011.01,não,sim,,"150.000,00",,,"119.350,00",,fora da janela do painel (2021–2022; o painel cobre 2023–2026),2026-09-01,2025-12-16T18:14:28.151388
1318,2021,02002.01,não,sim,,"0,00",,,"0,00",,fora da janela do painel (2021–2022; o painel cobre 2023–2026),2026-09-01,2025-12-16T18:14:28.151388
1319,2021,02032.01,não,sim,,"800.000,00",,,"800.000,00",,fora da janela do painel (2021–2022; o painel cobre 2023–2026),2026-09-01,2025-12-16T18:14:28.151388
1320,2021,02007.01,não,sim,,"3.000.000,00",,,"2.940.000,00",,fora da janela do painel (2021–2022; o painel cobre 2023–2026),2026-09-01,2025-12-16T18:14:28.151388
1321,2021,02024.01,não,sim,,"1.100.000,00",,,"837.171,19",,fora da janela do painel (2021–2022; o painel cobre 2023–2026),2026-09-01,2025-12-16T18:14:28.151388
1322,2021,02031.01,não,sim,,"300.000,00",,,"0,00",,fora da janela do painel (2021–2022; o painel cobre 2023–2026),2026-09-01,2025-12-16T18:14:28.151388
1323,2021,02012.01,não,sim,,"0,00",,,"0,00",,fora da janela do painel (2021–2022; o painel cobre 2023–2026),2026-09-01,2025-12-16T18:14:28.151388
1324,2021,02013.01,não,sim,,"0,00",,,"0,00",,fora da janela do painel (2021–2022; o painel cobre 2023–2026),2026-09-01,2025-12-16T18:14:28.151388
1327,2021,00217.02,não,sim,,"300.000,00",,,"0,00",,fora da janela do painel (2021–2022; o painel cobre 2023–2026),2026-09-01,2025-12-16T18:14:28.151388
1328,2021,00223.02,não,sim,,"0,00",,,"0,00",,fora da janela do painel (2021–2022; o painel cobre 2023–2026),2026-09-01,2025-12-16T18:14:28.151388
1329,2021,00221.02,não,sim,,"0,00",,,"0,00",,fora da janela do painel (2021–2022; o painel cobre 2023–2026),2026-09-01,2025-12-16T18:14:28.151388
1330,2021,03069.01,não,sim,,"0,00",,,"0,00",,fora da janela do painel (2021–2022; o painel cobre 2023–2026),2026-09-01,2025-12-16T18:14:28.151388
1331,2021,03097.01,não,sim,,"200.000,00",,,"0,00",,fora da janela do painel (2021–2022; o painel cobre 2023–2026),2026-09-01,2025-12-16T18:14:28.151388
1332,2021,03098.01,não,sim,,"100.000,00",,,"0,00",,fora da janela do painel (2021–2022; o painel cobre 2023–2026),2026-09-01,2025-12-16T18:14:28.151388
1333,2021,03100.01,não,sim,,"50.000,00",,,"0,00",,fora da janela do painel (2021–2022; o painel cobre 2023–2026),2026-09-01,2025-12-16T18:14:28.151388
1335,2021,03024.01,não,sim,,"0,00",,,"0,00",,fora da janela do painel (2021–2022; o painel cobre 2023–2026),2026-09-01,2025-12-16T18:14:28.151388
1336,2021,03070.01,não,sim,,"100.000,00",,,"0,00",,fora da janela do painel (2021–2022; o painel cobre 2023–2026),2026-09-01,2025-12-16T18:14:28.151388
1337,2021,03037.01,não,sim,,"345.000,00",,,"345.000,00",,fora da janela do painel (2021–2022; o painel cobre 2023–2026),2026-09-01,2025-12-16T18:14:28.151388
1339,2021,03084.01,não,sim,,"0,00",,,"0,00",,fora da janela do painel (2021–2022; o painel cobre 2023–2026),2026-09-01,2025-12-16T18:14:28.151388
1340,2021,03052.01,não,sim,,"250.000,00",,,"206.556,83",,fora da janela do painel (2021–2022; o painel cobre 2023–2026),2026-09-01,2025-12-16T18:14:28.151388
1341,2021,03005.01,não,sim,,"0,00",,,"0,00",,fora da janela do painel (2021–2022; o painel cobre 2023–2026),2026-09-01,2025-12-16T18:14:28.151388
1342,2021,03083.01,não,sim,,"0,00",,,"0,00",,fora da janela do painel (2021–2022; o painel cobre 2023–2026),2026-09-01,2025-12-16T18:14:28.151388
1343,2021,03003.01,não,sim,,"0,00",,,"0,00",,fora da janela do painel (2021–2022; o painel cobre 2023–2026),2026-09-01,2025-12-16T18:14:28.151388
1344,2021,03050.01,não,sim,,"497.000,00",,,"496.321,40",,fora da janela do painel (2021–2022; o painel cobre 2023–2026),2026-09-01,2025-12-16T18:14:28.151388
1345,2021,03056.01,não,sim,,"400.000,00",,,"391.028,54",,fora da janela do painel (2021–2022; o painel cobre 2023–2026),2026-09-01,2025-12-16T18:14:28.151388
1346,2021,03055.01,não,sim,,"250.000,00",,,"241.242,11",,fora da janela do painel (2021–2022; o painel cobre 2023–2026),2026-09-01,2025-12-16T18:14:28.151388
1347,2021,03059.01,não,sim,,"1.000.000,00",,,"1.000.000,00",,fora da janela do painel (2021–2022; o painel cobre 2023–2026),2026-09-01,2025-12-16T18:14:28.151388
1348,2021,03006.01,não,sim,,"100.000,00",,,"100.000,00",,fora da janela do painel (2021–2022; o painel cobre 2023–2026),2026-09-01,2025-12-16T18:14:28.151388
1350,2021,03077.01,não,sim,,"0,00",,,"0,00",,fora da janela do painel (2021–2022; o painel cobre 2023–2026),2026-09-01,2025-12-16T18:14:28.151388
1352,2021,03051.01,não,sim,,"350.000,00",,,"318.128,00",,fora da janela do painel (2021–2022; o painel cobre 2023–2026),2026-09-01,2025-12-16T18:14:28.151388
1354,2021,03108.01,não,sim,,"262.000,00",,,"241.162,82",,fora da janela do painel (2021–2022; o painel cobre 2023–2026),2026-09-01,2025-12-16T18:14:28.151388
1357,2021,03085.01,não,sim,,"5.910.116,00",,,"5.069.800,00",,fora da janela do painel (2021–2022; o painel cobre 2023–2026),2026-09-01,2025-12-16T18:14:28.151388
1358,2021,03110.01,não,sim,,"500.000,00",,,"500.000,00",,fora da janela do painel (2021–2022; o painel cobre 2023–2026),2026-09-01,2025-12-16T18:14:28.151388
1359,2021,03118.01,não,sim,,"0,00",,,"0,00",,fora da janela do painel (2021–2022; o painel cobre 2023–2026),2026-09-01,2025-12-16T18:14:28.151388
1360,2021,03044.01,não,sim,,"0,00",,,"0,00",,fora da janela do painel (2021–2022; o painel cobre 2023–2026),2026-09-01,2025-12-16T18:14:28.151388
1361,2021,03146.01,não,sim,,"0,00",,,"0,00",,fora da janela do painel (2021–2022; o painel cobre 2023–2026),2026-09-01,2025-12-16T18:14:28.151388
1363,2021,03078.01,não,sim,,"0,00",,,"0,00",,fora da janela do painel (2021–2022; o painel cobre 2023–2026),2026-09-01,2025-12-16T18:14:28.151388
1364,2021,03116.01,não,sim,,"102.900,00",,,"95.750,00",,fora da janela do painel (2021–2022; o painel cobre 2023–2026),2026-09-01,2025-12-16T18:14:28.151388
1366,2021,03125.01,não,sim,,"10.000,00",,,"0,00",,fora da janela do painel (2021–2022; o painel cobre 2023–2026),2026-09-01,2025-12-16T18:14:28.151388
1367,2021,03149.01,não,sim,,"400.000,00",,,"400.000,00",,fora da janela do painel (2021–2022; o painel cobre 2023–2026),2026-09-01,2025-12-16T18:14:28.151388
1368,2021,03127.01,não,sim,,"50.000,00",,,"0,00",,fora da janela do painel (2021–2022; o painel cobre 2023–2026),2026-09-01,2025-12-16T18:14:28.151388
1369,2021,03126.01,não,sim,,"0,00",,,"0,00",,fora da janela do painel (2021–2022; o painel cobre 2023–2026),2026-09-01,2025-12-16T18:14:28.151388
1371,2021,03132.01,não,sim,,"50.000,00",,,"49.353,80",,fora da janela do painel (2021–2022; o painel cobre 2023–2026),2026-09-01,2025-12-16T18:14:28.151388
1373,2021,03089.01,não,sim,,"350.000,00",,,"343.272,26",,fora da janela do painel (2021–2022; o painel cobre 2023–2026),2026-09-01,2025-12-16T18:14:28.151388
1374,2021,03092.01,não,sim,,"400.000,00",,,"152.580,42",,fora da janela do painel (2021–2022; o painel cobre 2023–2026),2026-09-01,2025-12-16T18:14:28.151388
1375,2021,03094.01,não,sim,,"500.000,00",,,"470.264,18",,fora da janela do painel (2021–2022; o painel cobre 2023–2026),2026-09-01,2025-12-16T18:14:28.151388
1376,2021,03115.01,não,sim,,"47.100,00",,,"7.985,00",,fora da janela do painel (2021–2022; o painel cobre 2023–2026),2026-09-01,2025-12-16T18:14:28.151388
1377,2021,03038.01,não,sim,,"150.000,00",,,"0,00",,fora da janela do painel (2021–2022; o painel cobre 2023–2026),2026-09-01,2025-12-16T18:14:28.151388
1378,2021,03040.01,não,sim,,"800.000,00",,,"800.000,00",,fora da janela do painel (2021–2022; o painel cobre 2023–2026),2026-09-01,2025-12-16T18:14:28.151388
1379,2021,03033.01,não,sim,,"200.000,00",,,"200.000,00",,fora da janela do painel (2021–2022; o painel cobre 2023–2026),2026-09-01,2025-12-16T18:14:28.151388
1381,2021,03063.01,não,sim,,"300.000,00",,,"300.000,00",,fora da janela do painel (2021–2022; o painel cobre 2023–2026),2026-09-01,2025-12-16T18:14:28.151388
1382,2021,03053.01,não,sim,,"610.000,00",,,"610.000,00",,fora da janela do painel (2021–2022; o painel cobre 2023–2026),2026-09-01,2025-12-16T18:14:28.151388
1383,2021,03122.01,não,sim,,"0,00",,,"0,00",,fora da janela do painel (2021–2022; o painel cobre 2023–2026),2026-09-01,2025-12-16T18:14:28.151388
1384,2021,03030.01,não,sim,,"1.199.835,00",,,"0,00",,fora da janela do painel (2021–2022; o painel cobre 2023–2026),2026-09-01,2025-12-16T18:14:28.151388
1385,2021,03120.01,não,sim,,"1.000.000,00",,,"0,00",,fora da janela do painel (2021–2022; o painel cobre 2023–2026),2026-09-01,2025-12-16T18:14:28.151388
1388,2021,03124.01,não,sim,,"350.000,00",,,"0,00",,fora da janela do painel (2021–2022; o painel cobre 2023–2026),2026-09-01,2025-12-16T18:14:28.151388
1389,2021,03104.01,não,sim,,"160.000,00",,,"150.018,94",,fora da janela do painel (2021–2022; o painel cobre 2023–2026),2026-09-01,2025-12-16T18:14:28.151388
1390,2021,03061.01,não,sim,,"0,00",,,"0,00",,fora da janela do painel (2021–2022; o painel cobre 2023–2026),2026-09-01,2025-12-16T18:14:28.151388
1393,2021,03058.01,não,sim,,"800.000,00",,,"800.000,00",,fora da janela do painel (2021–2022; o painel cobre 2023–2026),2026-09-01,2025-12-16T18:14:28.151388
1394,2021,03106.01,não,sim,,"1.700.000,00",,,"1.700.000,00",,fora da janela do painel (2021–2022; o painel cobre 2023–2026),2026-09-01,2025-12-16T18:14:28.151388
1395,2021,03109.01,não,sim,,"1.000.000,00",,,"1.000.000,00",,fora da janela do painel (2021–2022; o painel cobre 2023–2026),2026-09-01,2025-12-16T18:14:28.151388
1396,2021,03045.01,não,sim,,"150.000,00",,,"150.000,00",,fora da janela do painel (2021–2022; o painel cobre 2023–2026),2026-09-01,2025-12-16T18:14:28.151388
1398,2021,03054.01,não,sim,,"1.500.000,00",,,"1.497.407,00",,fora da janela do painel (2021–2022; o painel cobre 2023–2026),2026-09-01,2025-12-16T18:14:28.151388
1399,2021,03042.01,não,sim,,"400.000,00",,,"400.000,00",,fora da janela do painel (2021–2022; o painel cobre 2023–2026),2026-09-01,2025-12-16T18:14:28.151388
1403,2021,03022.01,não,sim,,"200.000,00",,,"0,00",,fora da janela do painel (2021–2022; o painel cobre 2023–2026),2026-09-01,2025-12-16T18:14:28.151388
1405,2021,03065.01,não,sim,,"260.000,00",,,"253.920,40",,fora da janela do painel (2021–2022; o painel cobre 2023–2026),2026-09-01,2025-12-16T18:14:28.151388
1406,2021,03066.01,não,sim,,"200.000,00",,,"0,00",,fora da janela do painel (2021–2022; o painel cobre 2023–2026),2026-09-01,2025-12-16T18:14:28.151388
1408,2021,03072.01,não,sim,,"400.000,00",,,"291.555,01",,fora da janela do painel (2021–2022; o painel cobre 2023–2026),2026-09-01,2025-12-16T18:14:28.151388
1409,2021,03076.01,não,sim,,"150.000,00",,,"0,00",,fora da janela do painel (2021–2022; o painel cobre 2023–2026),2026-09-01,2025-12-16T18:14:28.151388
1410,2021,03082.01,não,sim,,"200.000,00",,,"200.000,00",,fora da janela do painel (2021–2022; o painel cobre 2023–2026),2026-09-01,2025-12-16T18:14:28.151388
1413,2021,03099.01,não,sim,,"100.000,00",,,"0,00",,fora da janela do painel (2021–2022; o painel cobre 2023–2026),2026-09-01,2025-12-16T18:14:28.151388
1415,2021,03048.01,não,sim,,"300.000,00",,,"299.580,00",,fora da janela do painel (2021–2022; o painel cobre 2023–2026),2026-09-01,2025-12-16T18:14:28.151388
1417,2021,03121.01,não,sim,,"50.000,00",,,"0,00",,fora da janela do painel (2021–2022; o painel cobre 2023–2026),2026-09-01,2025-12-16T18:14:28.151388
1418,2021,03068.01,não,sim,,"0,00",,,"0,00",,fora da janela do painel (2021–2022; o painel cobre 2023–2026),2026-09-01,2025-12-16T18:14:28.151388
1419,2021,03096.01,não,sim,,"900.000,00",,,"896.480,81",,fora da janela do painel (2021–2022; o painel cobre 2023–2026),2026-09-01,2025-12-16T18:14:28.151388
1420,2021,03157.01,não,sim,,"0,00",,,"0,00",,fora da janela do painel (2021–2022; o painel cobre 2023–2026),2026-09-01,2025-12-16T18:14:28.151388
1421,2021,03156.01,não,sim,,"500.000,00",,,"0,00",,fora da janela do painel (2021–2022; o painel cobre 2023–2026),2026-09-01,2025-12-16T18:14:28.151388
1422,2021,03155.01,não,sim,,"150.000,00",,,"0,00",,fora da janela do painel (2021–2022; o painel cobre 2023–2026),2026-09-01,2025-12-16T18:14:28.151388
1423,2021,03154.01,não,sim,,"160.000,00",,,"0,00",,fora da janela do painel (2021–2022; o painel cobre 2023–2026),2026-09-01,2025-12-16T18:14:28.151388
1424,2021,03151.01,não,sim,,"0,00",,,"0,00",,fora da janela do painel (2021–2022; o painel cobre 2023–2026),2026-09-01,2025-12-16T18:14:28.151388
1425,2021,03150.01,não,sim,,"0,00",,,"0,00",,fora da janela do painel (2021–2022; o painel cobre 2023–2026),2026-09-01,2025-12-16T18:14:28.151388
1426,2021,03128.01,não,sim,,"50.000,00",,,"49.659,09",,fora da janela do painel (2021–2022; o painel cobre 2023–2026),2026-09-01,2025-12-16T18:14:28.151388
1427,2021,03130.01,não,sim,,"0,00",,,"0,00",,fora da janela do painel (2021–2022; o painel cobre 2023–2026),2026-09-01,2025-12-16T18:14:28.151388
1428,2021,03131.01,não,sim,,"40.000,00",,,"21.952,27",,fora da janela do painel (2021–2022; o painel cobre 2023–2026),2026-09-01,2025-12-16T18:14:28.151388
1429,2021,03133.01,não,sim,,"0,00",,,"0,00",,fora da janela do painel (2021–2022; o painel cobre 2023–2026),2026-09-01,2025-12-16T18:14:28.151388
1430,2021,03138.01,não,sim,,"0,00",,,"0,00",,fora da janela do painel (2021–2022; o painel cobre 2023–2026),2026-09-01,2025-12-16T18:14:28.151388
1431,2021,03139.01,não,sim,,"2.812.000,00",,,"1.059.944,28",,fora da janela do painel (2021–2022; o painel cobre 2023–2026),2026-09-01,2025-12-16T18:14:28.151388
1432,2021,03142.01,não,sim,,"150.000,00",,,"150.000,00",,fora da janela do painel (2021–2022; o painel cobre 2023–2026),2026-09-01,2025-12-16T18:14:28.151388
1433,2021,03143.01,não,sim,,"83.358,00",,,"83.358,00",,fora da janela do painel (2021–2022; o painel cobre 2023–2026),2026-09-01,2025-12-16T18:14:28.151388
1434,2021,03147.01,não,sim,,"670.000,00",,,"0,00",,fora da janela do painel (2021–2022; o painel cobre 2023–2026),2026-09-01,2025-12-16T18:14:28.151388
1435,2021,03148.01,não,sim,,"600.000,00",,,"0,00",,fora da janela do painel (2021–2022; o painel cobre 2023–2026),2026-09-01,2025-12-16T18:14:28.151388
1437,2021,03013.01,não,sim,,"1.000.000,00",,,"1.000.000,00",,fora da janela do painel (2021–2022; o painel cobre 2023–2026),2026-09-01,2025-12-16T18:14:28.151388
1438,2021,03067.01,não,sim,,"0,00",,,"0,00",,fora da janela do painel (2021–2022; o painel cobre 2023–2026),2026-09-01,2025-12-16T18:14:28.151388
1440,2021,05001.01,não,sim,,"670.000,00",,,"0,00",,fora da janela do painel (2021–2022; o painel cobre 2023–2026),2026-09-01,2025-12-16T18:14:28.151388
1441,2021,05004.01,não,sim,,"320.000,00",,,"223.820,20",,fora da janela do painel (2021–2022; o painel cobre 2023–2026),2026-09-01,2025-12-16T18:14:28.151388
1442,2021,05007.01,não,sim,,"4.000.000,00",,,"4.000.000,00",,fora da janela do painel (2021–2022; o painel cobre 2023–2026),2026-09-01,2025-12-16T18:14:28.151388
1443,2021,05008.01,não,sim,,"3.000.000,00",,,"2.999.986,36",,fora da janela do painel (2021–2022; o painel cobre 2023–2026),2026-09-01,2025-12-16T18:14:28.151388
1444,2021,05010.01,não,sim,,"555.453,00",,,"0,00",,fora da janela do painel (2021–2022; o painel cobre 2023–2026),2026-09-01,2025-12-16T18:14:28.151388
1445,2021,05011.01,não,sim,,"100.000,00",,,"99.892,00",,fora da janela do painel (2021–2022; o painel cobre 2023–2026),2026-09-01,2025-12-16T18:14:28.151388
1446,2021,05012.01,não,sim,,"75.000,00",,,"0,00",,fora da janela do painel (2021–2022; o painel cobre 2023–2026),2026-09-01,2025-12-16T18:14:28.151388
1447,2021,05015.01,não,sim,,"0,00",,,"0,00",,fora da janela do painel (2021–2022; o painel cobre 2023–2026),2026-09-01,2025-12-16T18:14:28.151388
1448,2021,05016.01,não,sim,,"600.000,00",,,"599.998,33",,fora da janela do painel (2021–2022; o painel cobre 2023–2026),2026-09-01,2025-12-16T18:14:28.151388
1449,2021,05020.01,não,sim,,"10.000,00",,,"0,00",,fora da janela do painel (2021–2022; o painel cobre 2023–2026),2026-09-01,2025-12-16T18:14:28.151388
1450,2021,05022.01,não,sim,,"300.000,00",,,"300.000,00",,fora da janela do painel (2021–2022; o painel cobre 2023–2026),2026-09-01,2025-12-16T18:14:28.151388
1451,2021,05023.01,não,sim,,"200.000,00",,,"0,00",,fora da janela do painel (2021–2022; o painel cobre 2023–2026),2026-09-01,2025-12-16T18:14:28.151388
1452,2021,04004.01,não,sim,,"360.000,00",,,"66.305,69",,fora da janela do painel (2021–2022; o painel cobre 2023–2026),2026-09-01,2025-12-16T18:14:28.151388
1453,2021,06002.01,não,sim,,"200.000,00",,,"77.621,69",,fora da janela do painel (2021–2022; o painel cobre 2023–2026),2026-09-01,2025-12-16T18:14:28.151388
1454,2021,06003.01,não,sim,,"300.000,00",,,"299.994,36",,fora da janela do painel (2021–2022; o painel cobre 2023–2026),2026-09-01,2025-12-16T18:14:28.151388
1455,2021,06004.01,não,sim,,"0,00",,,"0,00",,fora da janela do painel (2021–2022; o painel cobre 2023–2026),2026-09-01,2025-12-16T18:14:28.151388
1456,2021,06017.01,não,sim,,"1.483.000,00",,,"1.360.258,59",,fora da janela do painel (2021–2022; o painel cobre 2023–2026),2026-09-01,2025-12-16T18:14:28.151388
1457,2021,06020.01,não,sim,,"0,00",,,"0,00",,fora da janela do painel (2021–2022; o painel cobre 2023–2026),2026-09-01,2025-12-16T18:14:28.151388
1458,2021,06021.01,não,sim,,"200.000,00",,,"0,00",,fora da janela do painel (2021–2022; o painel cobre 2023–2026),2026-09-01,2025-12-16T18:14:28.151388
1459,2021,06023.01,não,sim,,"500.000,00",,,"0,00",,fora da janela do painel (2021–2022; o painel cobre 2023–2026),2026-09-01,2025-12-16T18:14:28.151388
1460,2021,06026.01,não,sim,,"1.500.000,00",,,"1.177.662,40",,fora da janela do painel (2021–2022; o painel cobre 2023–2026),2026-09-01,2025-12-16T18:14:28.151388
1461,2021,06027.01,não,sim,,"0,00",,,"0,00",,fora da janela do painel (2021–2022; o painel cobre 2023–2026),2026-09-01,2025-12-16T18:14:28.151388
1462,2021,06028.01,não,sim,,"1.400.000,00",,,"1.400.000,00",,fora da janela do painel (2021–2022; o painel cobre 2023–2026),2026-09-01,2025-12-16T18:14:28.151388
1463,2021,06030.01,não,sim,,"0,00",,,"0,00",,fora da janela do painel (2021–2022; o painel cobre 2023–2026),2026-09-01,2025-12-16T18:14:28.151388
1464,2021,06031.01,não,sim,,"0,00",,,"0,00",,fora da janela do painel (2021–2022; o painel cobre 2023–2026),2026-09-01,2025-12-16T18:14:28.151388
1465,2021,06032.01,não,sim,,"1.000.000,00",,,"274.424,60",,fora da janela do painel (2021–2022; o painel cobre 2023–2026),2026-09-01,2025-12-16T18:14:28.151388
1466,2021,06033.01,não,sim,,"0,00",,,"0,00",,fora da janela do painel (2021–2022; o painel cobre 2023–2026),2026-09-01,2025-12-16T18:14:28.151388
1467,2021,06034.01,não,sim,,"0,00",,,"0,00",,fora da janela do painel (2021–2022; o painel cobre 2023–2026),2026-09-01,2025-12-16T18:14:28.151388
1468,2021,06035.01,não,sim,,"0,00",,,"0,00",,fora da janela do painel (2021–2022; o painel cobre 2023–2026),2026-09-01,2025-12-16T18:14:28.151388
1469,2021,06036.01,não,sim,,"0,00",,,"0,00",,fora da janela do painel (2021–2022; o painel cobre 2023–2026),2026-09-01,2025-12-16T18:14:28.151388
1470,2021,06037.01,não,sim,,"200.000,00",,,"0,00",,fora da janela do painel (2021–2022; o painel cobre 2023–2026),2026-09-01,2025-12-16T18:14:28.151388
1471,2021,06043.01,não,sim,,"0,00",,,"0,00",,fora da janela do painel (2021–2022; o painel cobre 2023–2026),2026-09-01,2025-12-16T18:14:28.151388
1472,2021,06045.01,não,sim,,"0,00",,,"0,00",,fora da janela do painel (2021–2022; o painel cobre 2023–2026),2026-09-01,2025-12-16T18:14:28.151388
1473,2021,06049.01,não,sim,,"800.000,00",,,"0,00",,fora da janela do painel (2021–2022; o painel cobre 2023–2026),2026-09-01,2025-12-16T18:14:28.151388
1474,2021,06050.01,não,sim,,"0,00",,,"0,00",,fora da janela do painel (2021–2022; o painel cobre 2023–2026),2026-09-01,2025-12-16T18:14:28.151388
1475,2021,06051.01,não,sim,,"0,00",,,"0,00",,fora da janela do painel (2021–2022; o painel cobre 2023–2026),2026-09-01,2025-12-16T18:14:28.151388
1476,2021,06052.01,não,sim,,"700.000,00",,,"699.970,84",,fora da janela do painel (2021–2022; o painel cobre 2023–2026),2026-09-01,2025-12-16T18:14:28.151388
1477,2021,06053.01,não,sim,,"200.000,00",,,"200.000,00",,fora da janela do painel (2021–2022; o painel cobre 2023–2026),2026-09-01,2025-12-16T18:14:28.151388
1478,2021,06065.01,não,sim,,"0,00",,,"0,00",,fora da janela do painel (2021–2022; o painel cobre 2023–2026),2026-09-01,2025-12-16T18:14:28.151388
1479,2021,06069.01,não,sim,,"0,00",,,"0,00",,fora da janela do painel (2021–2022; o painel cobre 2023–2026),2026-09-01,2025-12-16T18:14:28.151388
1481,2021,06071.01,não,sim,,"0,00",,,"0,00",,fora da janela do painel (2021–2022; o painel cobre 2023–2026),2026-09-01,2025-12-16T18:14:28.151388
1482,2021,06075.01,não,sim,,"1.000.000,00",,,"999.970,00",,fora da janela do painel (2021–2022; o painel cobre 2023–2026),2026-09-01,2025-12-16T18:14:28.151388
1483,2021,06076.01,não,sim,,"500.000,00",,,"472.853,07",,fora da janela do painel (2021–2022; o painel cobre 2023–2026),2026-09-01,2025-12-16T18:14:28.151388
1484,2021,06077.01,não,sim,,"100.000,00",,,"100.000,00",,fora da janela do painel (2021–2022; o painel cobre 2023–2026),2026-09-01,2025-12-16T18:14:28.151388
1485,2021,06078.01,não,sim,,"0,00",,,"0,00",,fora da janela do painel (2021–2022; o painel cobre 2023–2026),2026-09-01,2025-12-16T18:14:28.151388
1486,2021,06079.01,não,sim,,"0,00",,,"0,00",,fora da janela do painel (2021–2022; o painel cobre 2023–2026),2026-09-01,2025-12-16T18:14:28.151388
1487,2021,06080.01,não,sim,,"1.400.000,00",,,"1.399.424,40",,fora da janela do painel (2021–2022; o painel cobre 2023–2026),2026-09-01,2025-12-16T18:14:28.151388
1488,2021,06081.01,não,sim,,"200.000,00",,,"199.764,68",,fora da janela do painel (2021–2022; o painel cobre 2023–2026),2026-09-01,2025-12-16T18:14:28.151388
1489,2021,06082.01,não,sim,,"200.000,00",,,"199.999,84",,fora da janela do painel (2021–2022; o painel cobre 2023–2026),2026-09-01,2025-12-16T18:14:28.151388
1490,2021,06083.01,não,sim,,"150.000,00",,,"150.000,00",,fora da janela do painel (2021–2022; o painel cobre 2023–2026),2026-09-01,2025-12-16T18:14:28.151388
1491,2021,06085.01,não,sim,,"70.000,00",,,"45.019,00",,fora da janela do painel (2021–2022; o painel cobre 2023–2026),2026-09-01,2025-12-16T18:14:28.151388
1493,2021,06089.01,não,sim,,"150.000,00",,,"0,00",,fora da janela do painel (2021–2022; o painel cobre 2023–2026),2026-09-01,2025-12-16T18:14:28.151388
1494,2021,06090.01,não,sim,,"100.000,00",,,"99.901,16",,fora da janela do painel (2021–2022; o painel cobre 2023–2026),2026-09-01,2025-12-16T18:14:28.151388
1495,2021,06091.01,não,sim,,"15.000,00",,,"5.636,61",,fora da janela do painel (2021–2022; o painel cobre 2023–2026),2026-09-01,2025-12-16T18:14:28.151388
1496,2021,06092.01,não,sim,,"200.000,00",,,"133.209,70",,fora da janela do painel (2021–2022; o painel cobre 2023–2026),2026-09-01,2025-12-16T18:14:28.151388
1497,2021,06093.01,não,sim,,"500.000,00",,,"300.000,00",,fora da janela do painel (2021–2022; o painel cobre 2023–2026),2026-09-01,2025-12-16T18:14:28.151388
1498,2021,06094.01,não,sim,,"2.000.000,00",,,"2.000.000,00",,fora da janela do painel (2021–2022; o painel cobre 2023–2026),2026-09-01,2025-12-16T18:14:28.151388
1499,2021,06095.01,não,sim,,"20.000,00",,,"20.000,00",,fora da janela do painel (2021–2022; o painel cobre 2023–2026),2026-09-01,2025-12-16T18:14:28.151388
1500,2021,06097.01,não,sim,,"1.000.000,00",,,"42.445,00",,fora da janela do painel (2021–2022; o painel cobre 2023–2026),2026-09-01,2025-12-16T18:14:28.151388
1501,2021,06101.01,não,sim,,"860.000,00",,,"769.621,19",,fora da janela do painel (2021–2022; o painel cobre 2023–2026),2026-09-01,2025-12-16T18:14:28.151388
1502,2021,06102.01,não,sim,,"2.000.000,00",,,"2.000.000,00",,fora da janela do painel (2021–2022; o painel cobre 2023–2026),2026-09-01,2025-12-16T18:14:28.151388
1503,2021,06107.01,não,sim,,"150.000,00",,,"149.752,68",,fora da janela do painel (2021–2022; o painel cobre 2023–2026),2026-09-01,2025-12-16T18:14:28.151388
1504,2021,06109.01,não,sim,,"25.000,00",,,"24.909,80",,fora da janela do painel (2021–2022; o painel cobre 2023–2026),2026-09-01,2025-12-16T18:14:28.151388
1505,2021,06118.01,não,sim,,"200.000,00",,,"80.000,00",,fora da janela do painel (2021–2022; o painel cobre 2023–2026),2026-09-01,2025-12-16T18:14:28.151388
1506,2021,06119.01,não,sim,,"100.000,00",,,"0,00",,fora da janela do painel (2021–2022; o painel cobre 2023–2026),2026-09-01,2025-12-16T18:14:28.151388
1507,2021,06120.01,não,sim,,"190.000,00",,,"140.200,00",,fora da janela do painel (2021–2022; o painel cobre 2023–2026),2026-09-01,2025-12-16T18:14:28.151388
1508,2021,06121.01,não,sim,,"400.000,00",,,"400.000,00",,fora da janela do painel (2021–2022; o painel cobre 2023–2026),2026-09-01,2025-12-16T18:14:28.151388
1509,2021,06122.01,não,sim,,"200.000,00",,,"200.000,00",,fora da janela do painel (2021–2022; o painel cobre 2023–2026),2026-09-01,2025-12-16T18:14:28.151388
1510,2021,06125.01,não,sim,,"450.000,00",,,"417.145,30",,fora da janela do painel (2021–2022; o painel cobre 2023–2026),2026-09-01,2025-12-16T18:14:28.151388
1511,2021,06126.01,não,sim,,"70.000,00",,,"70.000,00",,fora da janela do painel (2021–2022; o painel cobre 2023–2026),2026-09-01,2025-12-16T18:14:28.151388
1512,2021,06135.01,não,sim,,"300.000,00",,,"299.145,32",,fora da janela do painel (2021–2022; o painel cobre 2023–2026),2026-09-01,2025-12-16T18:14:28.151388
1513,2021,06143.01,não,sim,,"670.000,00",,,"670.000,00",,fora da janela do painel (2021–2022; o painel cobre 2023–2026),2026-09-01,2025-12-16T18:14:28.151388
1514,2021,06144.01,não,sim,,"0,00",,,"0,00",,fora da janela do painel (2021–2022; o painel cobre 2023–2026),2026-09-01,2025-12-16T18:14:28.151388
1516,2021,06146.01,não,sim,,"0,00",,,"0,00",,fora da janela do painel (2021–2022; o painel cobre 2023–2026),2026-09-01,2025-12-16T18:14:28.151388
1517,2021,06152.01,não,sim,,"450.000,00",,,"450.000,00",,fora da janela do painel (2021–2022; o painel cobre 2023–2026),2026-09-01,2025-12-16T18:14:28.151388
1519,2021,06145.01,não,sim,,"620.000,00",,,"0,00",,fora da janela do painel (2021–2022; o painel cobre 2023–2026),2026-09-01,2025-12-16T18:14:28.151388
1520,2021,06022.01,não,sim,,"70.000,00",,,"0,00",,fora da janela do painel (2021–2022; o painel cobre 2023–2026),2026-09-01,2025-12-16T18:14:28.151388
1521,2021,06041.01,não,sim,,"0,00",,,"0,00",,fora da janela do painel (2021–2022; o painel cobre 2023–2026),2026-09-01,2025-12-16T18:14:28.151388
1522,2021,06018.01,não,sim,,"110.000,00",,,"0,00",,fora da janela do painel (2021–2022; o painel cobre 2023–2026),2026-09-01,2025-12-16T18:14:28.151388
1523,2021,06057.01,não,sim,,"0,00",,,"0,00",,fora da janela do painel (2021–2022; o painel cobre 2023–2026),2026-09-01,2025-12-16T18:14:28.151388
1524,2021,06087.01,não,sim,,"20.000,00",,,"0,00",,fora da janela do painel (2021–2022; o painel cobre 2023–2026),2026-09-01,2025-12-16T18:14:28.151388
1525,2021,06029.01,não,sim,,"560.000,00",,,"0,00",,fora da janela do painel (2021–2022; o painel cobre 2023–2026),2026-09-01,2025-12-16T18:14:28.151388
1526,2021,06055.01,não,sim,,"200.000,00",,,"0,00",,fora da janela do painel (2021–2022; o painel cobre 2023–2026),2026-09-01,2025-12-16T18:14:28.151388
1527,2021,06054.01,não,sim,,"0,00",,,"0,00",,fora da janela do painel (2021–2022; o painel cobre 2023–2026),2026-09-01,2025-12-16T18:14:28.151388
1528,2021,06155.01,não,sim,,"200.000,00",,,"0,00",,fora da janela do painel (2021–2022; o painel cobre 2023–2026),2026-09-01,2025-12-16T18:14:28.151388
1533,2021,07001.01,não,sim,,"80.000,00",,,"0,00",,fora da janela do painel (2021–2022; o painel cobre 2023–2026),2026-09-01,2025-12-16T18:14:28.151388
1534,2021,07002.01,não,sim,,"0,00",,,"0,00",,fora da janela do painel (2021–2022; o painel cobre 2023–2026),2026-09-01,2025-12-16T18:14:28.151388
1535,2021,07004.01,não,sim,,"840.000,00",,,"835.796,79",,fora da janela do painel (2021–2022; o painel cobre 2023–2026),2026-09-01,2025-12-16T18:14:28.151388
1536,2021,07005.01,não,sim,,"200.000,00",,,"199.835,00",,fora da janela do painel (2021–2022; o painel cobre 2023–2026),2026-09-01,2025-12-16T18:14:28.151388
1537,2021,07007.01,não,sim,,"0,00",,,"0,00",,fora da janela do painel (2021–2022; o painel cobre 2023–2026),2026-09-01,2025-12-16T18:14:28.151388
1538,2021,07008.01,não,sim,,"600.000,00",,,"600.000,00",,fora da janela do painel (2021–2022; o painel cobre 2023–2026),2026-09-01,2025-12-16T18:14:28.151388
1539,2021,07009.01,não,sim,,"210.000,00",,,"0,00",,fora da janela do painel (2021–2022; o painel cobre 2023–2026),2026-09-01,2025-12-16T18:14:28.151388
1540,2021,07010.01,não,sim,,"100.000,00",,,"0,00",,fora da janela do painel (2021–2022; o painel cobre 2023–2026),2026-09-01,2025-12-16T18:14:28.151388
1541,2021,07011.01,não,sim,,"800.000,00",,,"0,00",,fora da janela do painel (2021–2022; o painel cobre 2023–2026),2026-09-01,2025-12-16T18:14:28.151388
1542,2021,07012.01,não,sim,,"800.000,00",,,"667.921,11",,fora da janela do painel (2021–2022; o painel cobre 2023–2026),2026-09-01,2025-12-16T18:14:28.151388
1543,2021,07013.01,não,sim,,"300.000,00",,,"300.000,00",,fora da janela do painel (2021–2022; o painel cobre 2023–2026),2026-09-01,2025-12-16T18:14:28.151388
1544,2021,07014.01,não,sim,,"410.000,00",,,"409.930,12",,fora da janela do painel (2021–2022; o painel cobre 2023–2026),2026-09-01,2025-12-16T18:14:28.151388
1545,2021,07015.01,não,sim,,"100.000,00",,,"100.000,00",,fora da janela do painel (2021–2022; o painel cobre 2023–2026),2026-09-01,2025-12-16T18:14:28.151388
1546,2021,07019.01,não,sim,,"0,00",,,"0,00",,fora da janela do painel (2021–2022; o painel cobre 2023–2026),2026-09-01,2025-12-16T18:14:28.151388
1547,2021,07020.01,não,sim,,"0,00",,,"0,00",,fora da janela do painel (2021–2022; o painel cobre 2023–2026),2026-09-01,2025-12-16T18:14:28.151388
1548,2021,07021.01,não,sim,,"500.000,00",,,"500.000,00",,fora da janela do painel (2021–2022; o painel cobre 2023–2026),2026-09-01,2025-12-16T18:14:28.151388
1549,2021,07022.01,não,sim,,"0,00",,,"0,00",,fora da janela do painel (2021–2022; o painel cobre 2023–2026),2026-09-01,2025-12-16T18:14:28.151388
1550,2021,07024.01,não,sim,,"100.000,00",,,"0,00",,fora da janela do painel (2021–2022; o painel cobre 2023–2026),2026-09-01,2025-12-16T18:14:28.151388
1551,2021,07028.01,não,sim,,"400.000,00",,,"400.000,00",,fora da janela do painel (2021–2022; o painel cobre 2023–2026),2026-09-01,2025-12-16T18:14:28.151388
1552,2021,07029.01,não,sim,,"570.000,00",,,"508.000,00",,fora da janela do painel (2021–2022; o painel cobre 2023–2026),2026-09-01,2025-12-16T18:14:28.151388
1553,2021,07031.01,não,sim,,"0,00",,,"0,00",,fora da janela do painel (2021–2022; o painel cobre 2023–2026),2026-09-01,2025-12-16T18:14:28.151388
1554,2021,07032.01,não,sim,,"0,00",,,"0,00",,fora da janela do painel (2021–2022; o painel cobre 2023–2026),2026-09-01,2025-12-16T18:14:28.151388
1555,2021,07033.01,não,sim,,"0,00",,,"0,00",,fora da janela do painel (2021–2022; o painel cobre 2023–2026),2026-09-01,2025-12-16T18:14:28.151388
1556,2021,07034.01,não,sim,,"0,00",,,"0,00",,fora da janela do painel (2021–2022; o painel cobre 2023–2026),2026-09-01,2025-12-16T18:14:28.151388
1557,2021,07035.01,não,sim,,"580.000,00",,,"508.000,00",,fora da janela do painel (2021–2022; o painel cobre 2023–2026),2026-09-01,2025-12-16T18:14:28.151388
1558,2021,07036.01,não,sim,,"0,00",,,"0,00",,fora da janela do painel (2021–2022; o painel cobre 2023–2026),2026-09-01,2025-12-16T18:14:28.151388
1559,2021,07037.01,não,sim,,"0,00",,,"0,00",,fora da janela do painel (2021–2022; o painel cobre 2023–2026),2026-09-01,2025-12-16T18:14:28.151388
1560,2021,07038.01,não,sim,,"0,00",,,"0,00",,fora da janela do painel (2021–2022; o painel cobre 2023–2026),2026-09-01,2025-12-16T18:14:28.151388
1561,2021,07039.01,não,sim,,"0,00",,,"0,00",,fora da janela do painel (2021–2022; o painel cobre 2023–2026),2026-09-01,2025-12-16T18:14:28.151388
1562,2021,07040.01,não,sim,,"300.000,00",,,"276.606,58",,fora da janela do painel (2021–2022; o painel cobre 2023–2026),2026-09-01,2025-12-16T18:14:28.151388
1563,2021,07041.01,não,sim,,"250.000,00",,,"0,00",,fora da janela do painel (2021–2022; o painel cobre 2023–2026),2026-09-01,2025-12-16T18:14:28.151388
1564,2021,07044.01,não,sim,,"165.000,00",,,"165.000,00",,fora da janela do painel (2021–2022; o painel cobre 2023–2026),2026-09-01,2025-12-16T18:14:28.151388
1565,2021,07045.01,não,sim,,"200.000,00",,,"200.000,00",,fora da janela do painel (2021–2022; o painel cobre 2023–2026),2026-09-01,2025-12-16T18:14:28.151388
1566,2021,07046.01,não,sim,,"310.000,00",,,"310.000,00",,fora da janela do painel (2021–2022; o painel cobre 2023–2026),2026-09-01,2025-12-16T18:14:28.151388
1567,2021,07047.01,não,sim,,"550.000,00",,,"0,00",,fora da janela do painel (2021–2022; o painel cobre 2023–2026),2026-09-01,2025-12-16T18:14:28.151388
1568,2021,07050.01,não,sim,,"40.000,00",,,"0,00",,fora da janela do painel (2021–2022; o painel cobre 2023–2026),2026-09-01,2025-12-16T18:14:28.151388
1569,2021,07052.01,não,sim,,"200.000,00",,,"200.000,00",,fora da janela do painel (2021–2022; o painel cobre 2023–2026),2026-09-01,2025-12-16T18:14:28.151388
1570,2021,07053.01,não,sim,,"0,00",,,"0,00",,fora da janela do painel (2021–2022; o painel cobre 2023–2026),2026-09-01,2025-12-16T18:14:28.151388
1571,2021,07054.01,não,sim,,"80.000,00",,,"80.000,00",,fora da janela do painel (2021–2022; o painel cobre 2023–2026),2026-09-01,2025-12-16T18:14:28.151388
1572,2021,07055.01,não,sim,,"40.000,00",,,"36.626,97",,fora da janela do painel (2021–2022; o painel cobre 2023–2026),2026-09-01,2025-12-16T18:14:28.151388
1573,2021,07064.01,não,sim,,"0,00",,,"0,00",,fora da janela do painel (2021–2022; o painel cobre 2023–2026),2026-09-01,2025-12-16T18:14:28.151388
1574,2021,07069.01,não,sim,,"120.000,00",,,"0,00",,fora da janela do painel (2021–2022; o painel cobre 2023–2026),2026-09-01,2025-12-16T18:14:28.151388
1575,2021,07070.01,não,sim,,"200.000,00",,,"0,00",,fora da janela do painel (2021–2022; o painel cobre 2023–2026),2026-09-01,2025-12-16T18:14:28.151388
1576,2021,07071.01,não,sim,,"0,00",,,"0,00",,fora da janela do painel (2021–2022; o painel cobre 2023–2026),2026-09-01,2025-12-16T18:14:28.151388
1577,2021,07072.01,não,sim,,"0,00",,,"0,00",,fora da janela do painel (2021–2022; o painel cobre 2023–2026),2026-09-01,2025-12-16T18:14:28.151388
1578,2021,07075.01,não,sim,,"250.000,00",,,"0,00",,fora da janela do painel (2021–2022; o painel cobre 2023–2026),2026-09-01,2025-12-16T18:14:28.151388
1579,2021,07076.01,não,sim,,"0,00",,,"0,00",,fora da janela do painel (2021–2022; o painel cobre 2023–2026),2026-09-01,2025-12-16T18:14:28.151388
1580,2021,07077.01,não,sim,,"600.000,00",,,"599.995,23",,fora da janela do painel (2021–2022; o painel cobre 2023–2026),2026-09-01,2025-12-16T18:14:28.151388
1581,2021,07078.01,não,sim,,"500.000,00",,,"500.000,00",,fora da janela do painel (2021–2022; o painel cobre 2023–2026),2026-09-01,2025-12-16T18:14:28.151388
1582,2021,07082.01,não,sim,,"220.000,00",,,"129.864,75",,fora da janela do painel (2021–2022; o painel cobre 2023–2026),2026-09-01,2025-12-16T18:14:28.151388
1583,2021,07083.01,não,sim,,"100.000,00",,,"100.000,00",,fora da janela do painel (2021–2022; o painel cobre 2023–2026),2026-09-01,2025-12-16T18:14:28.151388
1584,2021,07084.01,não,sim,,"200.000,00",,,"0,00",,fora da janela do painel (2021–2022; o painel cobre 2023–2026),2026-09-01,2025-12-16T18:14:28.151388
1585,2021,07085.01,não,sim,,"100.000,00",,,"0,00",,fora da janela do painel (2021–2022; o painel cobre 2023–2026),2026-09-01,2025-12-16T18:14:28.151388
1586,2021,07088.01,não,sim,,"200.000,00",,,"199.996,35",,fora da janela do painel (2021–2022; o painel cobre 2023–2026),2026-09-01,2025-12-16T18:14:28.151388
1587,2021,07089.01,não,sim,,"0,00",,,"0,00",,fora da janela do painel (2021–2022; o painel cobre 2023–2026),2026-09-01,2025-12-16T18:14:28.151388
1588,2021,07090.01,não,sim,,"0,00",,,"0,00",,fora da janela do painel (2021–2022; o painel cobre 2023–2026),2026-09-01,2025-12-16T18:14:28.151388
1589,2021,07091.01,não,sim,,"217.000,00",,,"0,00",,fora da janela do painel (2021–2022; o painel cobre 2023–2026),2026-09-01,2025-12-16T18:14:28.151388
1590,2021,07098.01,não,sim,,"0,00",,,"0,00",,fora da janela do painel (2021–2022; o painel cobre 2023–2026),2026-09-01,2025-12-16T18:14:28.151388
1591,2021,07101.01,não,sim,,"290.000,00",,,"289.999,96",,fora da janela do painel (2021–2022; o painel cobre 2023–2026),2026-09-01,2025-12-16T18:14:28.151388
1592,2021,07103.01,não,sim,,"210.000,00",,,"0,00",,fora da janela do painel (2021–2022; o painel cobre 2023–2026),2026-09-01,2025-12-16T18:14:28.151388
1593,2021,07104.01,não,sim,,"970.000,00",,,"892.704,80",,fora da janela do painel (2021–2022; o painel cobre 2023–2026),2026-09-01,2025-12-16T18:14:28.151388
1594,2021,07106.01,não,sim,,"50.000,00",,,"49.913,20",,fora da janela do painel (2021–2022; o painel cobre 2023–2026),2026-09-01,2025-12-16T18:14:28.151388
1595,2021,07107.01,não,sim,,"120.000,00",,,"119.880,00",,fora da janela do painel (2021–2022; o painel cobre 2023–2026),2026-09-01,2025-12-16T18:14:28.151388
1596,2021,07109.01,não,sim,,"0,00",,,"0,00",,fora da janela do painel (2021–2022; o painel cobre 2023–2026),2026-09-01,2025-12-16T18:14:28.151388
1597,2021,07111.01,não,sim,,"2.000.000,00",,,"1.999.923,07",,fora da janela do painel (2021–2022; o painel cobre 2023–2026),2026-09-01,2025-12-16T18:14:28.151388
1598,2021,07113.01,não,sim,,"300.000,00",,,"0,00",,fora da janela do painel (2021–2022; o painel cobre 2023–2026),2026-09-01,2025-12-16T18:14:28.151388
1599,2021,07115.01,não,sim,,"0,00",,,"0,00",,fora da janela do painel (2021–2022; o painel cobre 2023–2026),2026-09-01,2025-12-16T18:14:28.151388
1600,2021,07117.01,não,sim,,"100.000,00",,,"100.000,00",,fora da janela do painel (2021–2022; o painel cobre 2023–2026),2026-09-01,2025-12-16T18:14:28.151388
1601,2021,07118.01,não,sim,,"250.000,00",,,"250.000,00",,fora da janela do painel (2021–2022; o painel cobre 2023–2026),2026-09-01,2025-12-16T18:14:28.151388
1602,2021,07120.01,não,sim,,"300.000,00",,,"300.000,00",,fora da janela do painel (2021–2022; o painel cobre 2023–2026),2026-09-01,2025-12-16T18:14:28.151388
1603,2021,07124.01,não,sim,,"0,00",,,"0,00",,fora da janela do painel (2021–2022; o painel cobre 2023–2026),2026-09-01,2025-12-16T18:14:28.151388
1604,2021,07125.01,não,sim,,"0,00",,,"0,00",,fora da janela do painel (2021–2022; o painel cobre 2023–2026),2026-09-01,2025-12-16T18:14:28.151388
1605,2021,07127.01,não,sim,,"0,00",,,"0,00",,fora da janela do painel (2021–2022; o painel cobre 2023–2026),2026-09-01,2025-12-16T18:14:28.151388
1606,2021,07130.01,não,sim,,"0,00",,,"0,00",,fora da janela do painel (2021–2022; o painel cobre 2023–2026),2026-09-01,2025-12-16T18:14:28.151388
1607,2021,07131.01,não,sim,,"0,00",,,"0,00",,fora da janela do painel (2021–2022; o painel cobre 2023–2026),2026-09-01,2025-12-16T18:14:28.151388
1611,2021,07017.01,não,sim,,"90.000,00",,,"90.000,00",,fora da janela do painel (2021–2022; o painel cobre 2023–2026),2026-09-01,2025-12-16T18:14:28.151388
1612,2021,08001.01,não,sim,,"500.000,00",,,"0,00",,fora da janela do painel (2021–2022; o painel cobre 2023–2026),2026-09-01,2025-12-16T18:14:28.151388
1613,2021,08002.01,não,sim,,"150.000,00",,,"149.982,88",,fora da janela do painel (2021–2022; o painel cobre 2023–2026),2026-09-01,2025-12-16T18:14:28.151388
1614,2021,08006.01,não,sim,,"500.000,00",,,"498.527,63",,fora da janela do painel (2021–2022; o painel cobre 2023–2026),2026-09-01,2025-12-16T18:14:28.151388
1615,2021,08007.01,não,sim,,"200.000,00",,,"169.987,12",,fora da janela do painel (2021–2022; o painel cobre 2023–2026),2026-09-01,2025-12-16T18:14:28.151388
1616,2021,08008.01,não,sim,,"100.000,00",,,"100.000,00",,fora da janela do painel (2021–2022; o painel cobre 2023–2026),2026-09-01,2025-12-16T18:14:28.151388
1617,2021,08009.01,não,sim,,"0,00",,,"0,00",,fora da janela do painel (2021–2022; o painel cobre 2023–2026),2026-09-01,2025-12-16T18:14:28.151388
1618,2021,08010.01,não,sim,,"200.000,00",,,"0,00",,fora da janela do painel (2021–2022; o painel cobre 2023–2026),2026-09-01,2025-12-16T18:14:28.151388
1619,2021,08011.01,não,sim,,"300.000,00",,,"300.000,00",,fora da janela do painel (2021–2022; o painel cobre 2023–2026),2026-09-01,2025-12-16T18:14:28.151388
1620,2021,08012.01,não,sim,,"0,00",,,"0,00",,fora da janela do painel (2021–2022; o painel cobre 2023–2026),2026-09-01,2025-12-16T18:14:28.151388
1621,2021,08013.01,não,sim,,"185.000,00",,,"0,00",,fora da janela do painel (2021–2022; o painel cobre 2023–2026),2026-09-01,2025-12-16T18:14:28.151388
1622,2021,08016.01,não,sim,,"150.000,00",,,"150.000,00",,fora da janela do painel (2021–2022; o painel cobre 2023–2026),2026-09-01,2025-12-16T18:14:28.151388
1623,2021,08017.01,não,sim,,"355.000,00",,,"255.000,00",,fora da janela do painel (2021–2022; o painel cobre 2023–2026),2026-09-01,2025-12-16T18:14:28.151388
1624,2021,08025.01,não,sim,,"45.000,00",,,"41.513,88",,fora da janela do painel (2021–2022; o painel cobre 2023–2026),2026-09-01,2025-12-16T18:14:28.151388
1625,2021,08026.01,não,sim,,"45.000,00",,,"42.358,88",,fora da janela do painel (2021–2022; o painel cobre 2023–2026),2026-09-01,2025-12-16T18:14:28.151388
1626,2021,08029.01,não,sim,,"29.396,00",,,"29.395,18",,fora da janela do painel (2021–2022; o painel cobre 2023–2026),2026-09-01,2025-12-16T18:14:28.151388
1627,2021,08033.01,não,sim,,"300.000,00",,,"0,00",,fora da janela do painel (2021–2022; o painel cobre 2023–2026),2026-09-01,2025-12-16T18:14:28.151388
1628,2021,08036.01,não,sim,,"590.000,00",,,"588.191,56",,fora da janela do painel (2021–2022; o painel cobre 2023–2026),2026-09-01,2025-12-16T18:14:28.151388
1629,2021,08038.01,não,sim,,"50.000,00",,,"50.000,00",,fora da janela do painel (2021–2022; o painel cobre 2023–2026),2026-09-01,2025-12-16T18:14:28.151388
1630,2021,08040.01,não,sim,,"150.000,00",,,"149.837,00",,fora da janela do painel (2021–2022; o painel cobre 2023–2026),2026-09-01,2025-12-16T18:14:28.151388
1631,2021,08041.01,não,sim,,"0,00",,,"0,00",,fora da janela do painel (2021–2022; o painel cobre 2023–2026),2026-09-01,2025-12-16T18:14:28.151388
1632,2021,08042.01,não,sim,,"0,00",,,"0,00",,fora da janela do painel (2021–2022; o painel cobre 2023–2026),2026-09-01,2025-12-16T18:14:28.151388
1633,2021,08043.01,não,sim,,"60.000,00",,,"0,00",,fora da janela do painel (2021–2022; o painel cobre 2023–2026),2026-09-01,2025-12-16T18:14:28.151388
1634,2021,08044.01,não,sim,,"0,00",,,"0,00",,fora da janela do painel (2021–2022; o painel cobre 2023–2026),2026-09-01,2025-12-16T18:14:28.151388
1635,2021,08046.01,não,sim,,"250.000,00",,,"0,00",,fora da janela do painel (2021–2022; o painel cobre 2023–2026),2026-09-01,2025-12-16T18:14:28.151388
1636,2021,08047.01,não,sim,,"50.000,00",,,"50.000,00",,fora da janela do painel (2021–2022; o painel cobre 2023–2026),2026-09-01,2025-12-16T18:14:28.151388
1637,2021,08048.01,não,sim,,"500.000,00",,,"500.000,00",,fora da janela do painel (2021–2022; o painel cobre 2023–2026),2026-09-01,2025-12-16T18:14:28.151388
1638,2021,08030.01,não,sim,,"2.000.000,00",,,"0,00",,fora da janela do painel (2021–2022; o painel cobre 2023–2026),2026-09-01,2025-12-16T18:14:28.151388
1639,2021,08024.01,não,sim,,"10.000,00",,,"0,00",,fora da janela do painel (2021–2022; o painel cobre 2023–2026),2026-09-01,2025-12-16T18:14:28.151388
1640,2021,08037.01,não,sim,,"590.000,00",,,"583.130,80",,fora da janela do painel (2021–2022; o painel cobre 2023–2026),2026-09-01,2025-12-16T18:14:28.151388
1641,2021,08045.01,não,sim,,"300.000,00",,,"300.000,00",,fora da janela do painel (2021–2022; o painel cobre 2023–2026),2026-09-01,2025-12-16T18:14:28.151388
1642,2021,00014.02,não,sim,,"1.200.000,00",,,"1.199.995,44",,fora da janela do painel (2021–2022; o painel cobre 2023–2026),2026-09-01,2025-12-16T18:14:28.151388
1643,2021,00516.02,não,sim,,"530.000,00",,,"530.000,00",,fora da janela do painel (2021–2022; o painel cobre 2023–2026),2026-09-01,2025-12-16T18:14:28.151388
1644,2021,01121.02,não,sim,,"0,00",,,"0,00",,fora da janela do painel (2021–2022; o painel cobre 2023–2026),2026-09-01,2025-12-16T18:14:28.151388
1645,2021,00016.02,não,sim,,"4.250.000,00",,,"4.248.177,57",,fora da janela do painel (2021–2022; o painel cobre 2023–2026),2026-09-01,2025-12-16T18:14:28.151388
1646,2021,00017.02,não,sim,,"1.500.000,00",,,"1.485.000,00",,fora da janela do painel (2021–2022; o painel cobre 2023–2026),2026-09-01,2025-12-16T18:14:28.151388
1648,2021,07032.02,não,sim,,"300.000,00",,,"299.936,23",,fora da janela do painel (2021–2022; o painel cobre 2023–2026),2026-09-01,2025-12-16T18:14:28.151388
1649,2021,07127.02,não,sim,,"200.000,00",,,"199.382,00",,fora da janela do painel (2021–2022; o painel cobre 2023–2026),2026-09-01,2025-12-16T18:14:28.151388
1650,2021,06144.02,não,sim,,"200.000,00",,,"194.490,03",,fora da janela do painel (2021–2022; o painel cobre 2023–2026),2026-09-01,2025-12-16T18:14:28.151388
1651,2021,00360.03,não,sim,,"725.000,00",,,"604.955,17",,fora da janela do painel (2021–2022; o painel cobre 2023–2026),2026-09-01,2025-12-16T18:14:28.151388
1653,2021,00343.03,não,sim,,"1.840.824,32",,,"0,00",,fora da janela do painel (2021–2022; o painel cobre 2023–2026),2026-09-01,2025-12-16T18:14:28.151388
1654,2021,07072.02,não,sim,,"50.000,00",,,"0,00",,fora da janela do painel (2021–2022; o painel cobre 2023–2026),2026-09-01,2025-12-16T18:14:28.151388
1655,2021,07109.02,não,sim,,"1.000.000,00",,,"1.000.000,00",,fora da janela do painel (2021–2022; o painel cobre 2023–2026),2026-09-01,2025-12-16T18:14:28.151388
1656,2021,03077.02,não,sim,,"150.000,00",,,"149.800,00",,fora da janela do painel (2021–2022; o painel cobre 2023–2026),2026-09-01,2025-12-16T18:14:28.151388
1657,2021,01163.02,não,sim,,"420,50",,,"0,00",,fora da janela do painel (2021–2022; o painel cobre 2023–2026),2026-09-01,2025-12-16T18:14:28.151388
1658,2021,03078.02,não,sim,,"150.000,00",,,"149.893,52",,fora da janela do painel (2021–2022; o painel cobre 2023–2026),2026-09-01,2025-12-16T18:14:28.151388
1659,2021,00015.02,não,sim,,"1.286.700,00",,,"1.267.569,00",,fora da janela do painel (2021–2022; o painel cobre 2023–2026),2026-09-01,2025-12-16T18:14:28.151388
1660,2021,09006.01,não,sim,,"600.000,00",,,"600.000,00",,fora da janela do painel (2021–2022; o painel cobre 2023–2026),2026-09-01,2025-12-16T18:14:28.151388
1661,2021,09007.01,não,sim,,"0,00",,,"0,00",,fora da janela do painel (2021–2022; o painel cobre 2023–2026),2026-09-01,2025-12-16T18:14:28.151388
1662,2021,09008.01,não,sim,,"0,00",,,"0,00",,fora da janela do painel (2021–2022; o painel cobre 2023–2026),2026-09-01,2025-12-16T18:14:28.151388
1663,2021,09016.01,não,sim,,"0,00",,,"0,00",,fora da janela do painel (2021–2022; o painel cobre 2023–2026),2026-09-01,2025-12-16T18:14:28.151388
1665,2021,09024.01,não,sim,,"1.000.000,00",,,"244.980,00",,fora da janela do painel (2021–2022; o painel cobre 2023–2026),2026-09-01,2025-12-16T18:14:28.151388
1666,2021,09030.01,não,sim,,"750.000,00",,,"0,00",,fora da janela do painel (2021–2022; o painel cobre 2023–2026),2026-09-01,2025-12-16T18:14:28.151388
1667,2021,09031.01,não,sim,,"593.358,00",,,"0,00",,fora da janela do painel (2021–2022; o painel cobre 2023–2026),2026-09-01,2025-12-16T18:14:28.151388
1668,2021,09038.01,não,sim,,"250.000,00",,,"250.000,00",,fora da janela do painel (2021–2022; o painel cobre 2023–2026),2026-09-01,2025-12-16T18:14:28.151388
1669,2021,09039.01,não,sim,,"634.768,00",,,"277.328,04",,fora da janela do painel (2021–2022; o painel cobre 2023–2026),2026-09-01,2025-12-16T18:14:28.151388
1670,2021,09040.01,não,sim,,"300.000,00",,,"233.651,70",,fora da janela do painel (2021–2022; o painel cobre 2023–2026),2026-09-01,2025-12-16T18:14:28.151388
1671,2021,09053.01,não,sim,,"700.000,00",,,"0,00",,fora da janela do painel (2021–2022; o painel cobre 2023–2026),2026-09-01,2025-12-16T18:14:28.151388
1673,2021,10002.01,não,sim,,"550.000,00",,,"546.941,30",,fora da janela do painel (2021–2022; o painel cobre 2023–2026),2026-09-01,2025-12-16T18:14:28.151388
1674,2021,10006.01,não,sim,,"82.000,00",,,"82.000,00",,fora da janela do painel (2021–2022; o painel cobre 2023–2026),2026-09-01,2025-12-16T18:14:28.151388
1675,2021,10010.01,não,sim,,"30.000,00",,,"30.000,00",,fora da janela do painel (2021–2022; o painel cobre 2023–2026),2026-09-01,2025-12-16T18:14:28.151388
1676,2021,10011.01,não,sim,,"70.000,00",,,"70.000,00",,fora da janela do painel (2021–2022; o painel cobre 2023–2026),2026-09-01,2025-12-16T18:14:28.151388
1677,2021,10013.01,não,sim,,"0,00",,,"0,00",,fora da janela do painel (2021–2022; o painel cobre 2023–2026),2026-09-01,2025-12-16T18:14:28.151388
1678,2021,10014.01,não,sim,,"100.000,00",,,"0,00",,fora da janela do painel (2021–2022; o painel cobre 2023–2026),2026-09-01,2025-12-16T18:14:28.151388
1679,2021,10015.01,não,sim,,"130.000,00",,,"130.000,00",,fora da janela do painel (2021–2022; o painel cobre 2023–2026),2026-09-01,2025-12-16T18:14:28.151388
1680,2021,10019.01,não,sim,,"240.000,00",,,"239.999,87",,fora da janela do painel (2021–2022; o painel cobre 2023–2026),2026-09-01,2025-12-16T18:14:28.151388
1681,2021,10020.01,não,sim,,"2.211.358,00",,,"2.176.647,98",,fora da janela do painel (2021–2022; o painel cobre 2023–2026),2026-09-01,2025-12-16T18:14:28.151388
1682,2021,10021.01,não,sim,,"82.000,00",,,"82.000,00",,fora da janela do painel (2021–2022; o painel cobre 2023–2026),2026-09-01,2025-12-16T18:14:28.151388
1683,2021,10022.01,não,sim,,"82.000,00",,,"82.000,00",,fora da janela do painel (2021–2022; o painel cobre 2023–2026),2026-09-01,2025-12-16T18:14:28.151388
1684,2021,10025.01,não,sim,,"100.000,00",,,"100.000,00",,fora da janela do painel (2021–2022; o painel cobre 2023–2026),2026-09-01,2025-12-16T18:14:28.151388
1685,2021,10026.01,não,sim,,"200.000,00",,,"0,00",,fora da janela do painel (2021–2022; o painel cobre 2023–2026),2026-09-01,2025-12-16T18:14:28.151388
1686,2021,10027.01,não,sim,,"3.000.000,00",,,"3.000.000,00",,fora da janela do painel (2021–2022; o painel cobre 2023–2026),2026-09-01,2025-12-16T18:14:28.151388
1687,2021,10028.01,não,sim,,"0,00",,,"0,00",,fora da janela do painel (2021–2022; o painel cobre 2023–2026),2026-09-01,2025-12-16T18:14:28.151388
1688,2021,10029.01,não,sim,,"0,00",,,"0,00",,fora da janela do painel (2021–2022; o painel cobre 2023–2026),2026-09-01,2025-12-16T18:14:28.151388
1689,2021,10030.01,não,sim,,"400.000,00",,,"400.000,00",,fora da janela do painel (2021–2022; o painel cobre 2023–2026),2026-09-01,2025-12-16T18:14:28.151388
1690,2021,10032.01,não,sim,,"350.000,00",,,"350.000,00",,fora da janela do painel (2021–2022; o painel cobre 2023–2026),2026-09-01,2025-12-16T18:14:28.151388
1691,2021,10033.01,não,sim,,"0,00",,,"0,00",,fora da janela do painel (2021–2022; o painel cobre 2023–2026),2026-09-01,2025-12-16T18:14:28.151388
1692,2021,10034.01,não,sim,,"100.000,00",,,"0,00",,fora da janela do painel (2021–2022; o painel cobre 2023–2026),2026-09-01,2025-12-16T18:14:28.151388
1693,2021,10036.01,não,sim,,"0,00",,,"0,00",,fora da janela do painel (2021–2022; o painel cobre 2023–2026),2026-09-01,2025-12-16T18:14:28.151388
1694,2021,10040.01,não,sim,,"160.000,00",,,"0,00",,fora da janela do painel (2021–2022; o painel cobre 2023–2026),2026-09-01,2025-12-16T18:14:28.151388
1695,2021,10041.01,não,sim,,"20.000,00",,,"0,00",,fora da janela do painel (2021–2022; o painel cobre 2023–2026),2026-09-01,2025-12-16T18:14:28.151388
1696,2021,10045.01,não,sim,,"82.000,00",,,"82.000,00",,fora da janela do painel (2021–2022; o painel cobre 2023–2026),2026-09-01,2025-12-16T18:14:28.151388
1697,2021,10001.01,não,sim,,"30.000,00",,,"0,00",,fora da janela do painel (2021–2022; o painel cobre 2023–2026),2026-09-01,2025-12-16T18:14:28.151388
1698,2021,11029.01,não,sim,,"300.000,00",,,"300.000,00",,fora da janela do painel (2021–2022; o painel cobre 2023–2026),2026-09-01,2025-12-16T18:14:28.151388
1699,2021,11025.01,não,sim,,"645.000,00",,,"645.000,00",,fora da janela do painel (2021–2022; o painel cobre 2023–2026),2026-09-01,2025-12-16T18:14:28.151388
1700,2021,11001.01,não,sim,,"1.480.000,00",,,"1.294.726,52",,fora da janela do painel (2021–2022; o painel cobre 2023–2026),2026-09-01,2025-12-16T18:14:28.151388
1701,2021,11020.01,não,sim,,"260.000,00",,,"260.000,00",,fora da janela do painel (2021–2022; o painel cobre 2023–2026),2026-09-01,2025-12-16T18:14:28.151388
1702,2021,11021.01,não,sim,,"170.000,00",,,"170.000,00",,fora da janela do painel (2021–2022; o painel cobre 2023–2026),2026-09-01,2025-12-16T18:14:28.151388
1703,2021,11006.01,não,sim,,"1.760.000,00",,,"1.574.726,53",,fora da janela do painel (2021–2022; o painel cobre 2023–2026),2026-09-01,2025-12-16T18:14:28.151388
1704,2021,11027.01,não,sim,,"336.667,00",,,"336.667,00",,fora da janela do painel (2021–2022; o painel cobre 2023–2026),2026-09-01,2025-12-16T18:14:28.151388
1705,2021,11024.01,não,sim,,"500.000,00",,,"500.000,00",,fora da janela do painel (2021–2022; o painel cobre 2023–2026),2026-09-01,2025-12-16T18:14:28.151388
1706,2021,11010.01,não,sim,,"970.000,00",,,"970.000,00",,fora da janela do painel (2021–2022; o painel cobre 2023–2026),2026-09-01,2025-12-16T18:14:28.151388
1707,2021,11031.01,não,sim,,"851.000,00",,,"851.000,00",,fora da janela do painel (2021–2022; o painel cobre 2023–2026),2026-09-01,2025-12-16T18:14:28.151388
1708,2021,11030.01,não,sim,,"333.000,00",,,"333.000,00",,fora da janela do painel (2021–2022; o painel cobre 2023–2026),2026-09-01,2025-12-16T18:14:28.151388
1709,2021,11013.01,não,sim,,"1.000.000,00",,,"814.726,52",,fora da janela do painel (2021–2022; o painel cobre 2023–2026),2026-09-01,2025-12-16T18:14:28.151388
1710,2021,11019.01,não,sim,,"700.000,00",,,"700.000,00",,fora da janela do painel (2021–2022; o painel cobre 2023–2026),2026-09-01,2025-12-16T18:14:28.151388
1711,2021,11016.01,não,sim,,"600.000,00",,,"600.000,00",,fora da janela do painel (2021–2022; o painel cobre 2023–2026),2026-09-01,2025-12-16T18:14:28.151388
1712,2021,11005.01,não,sim,,"533.800,00",,,"533.800,00",,fora da janela do painel (2021–2022; o painel cobre 2023–2026),2026-09-01,2025-12-16T18:14:28.151388
1713,2021,11008.01,não,sim,,"500.000,00",,,"500.000,00",,fora da janela do painel (2021–2022; o painel cobre 2023–2026),2026-09-01,2025-12-16T18:14:28.151388
1714,2021,11026.01,não,sim,,"700.000,00",,,"700.000,00",,fora da janela do painel (2021–2022; o painel cobre 2023–2026),2026-09-01,2025-12-16T18:14:28.151388
1715,2021,11032.01,não,sim,,"588.000,00",,,"588.000,00",,fora da janela do painel (2021–2022; o painel cobre 2023–2026),2026-09-01,2025-12-16T18:14:28.151388
1716,2021,11009.01,não,sim,,"661.300,00",,,"661.300,00",,fora da janela do painel (2021–2022; o painel cobre 2023–2026),2026-09-01,2025-12-16T18:14:28.151388
1717,2021,11007.01,não,sim,,"1.500.000,00",,,"1.314.726,52",,fora da janela do painel (2021–2022; o painel cobre 2023–2026),2026-09-01,2025-12-16T18:14:28.151388
1718,2021,11028.01,não,sim,,"1.065.000,00",,,"0,00",,fora da janela do painel (2021–2022; o painel cobre 2023–2026),2026-09-01,2025-12-16T18:14:28.151388
1719,2021,00013.02,não,sim,,"1.358.658,00",,,"1.358.340,84",,fora da janela do painel (2021–2022; o painel cobre 2023–2026),2026-09-01,2025-12-16T18:14:28.151388
1720,2021,09008.02,não,sim,,"100.000,00",,,"0,00",,fora da janela do painel (2021–2022; o painel cobre 2023–2026),2026-09-01,2025-12-16T18:14:28.151388
1723,2021,12002.01,não,sim,,"400.000,00",,,"400.000,00",,fora da janela do painel (2021–2022; o painel cobre 2023–2026),2026-09-01,2025-12-16T18:14:28.151388
1724,2021,12003.01,não,sim,,"170.000,00",,,"0,00",,fora da janela do painel (2021–2022; o painel cobre 2023–2026),2026-09-01,2025-12-16T18:14:28.151388
1725,2021,12007.01,não,sim,,"150.000,00",,,"0,00",,fora da janela do painel (2021–2022; o painel cobre 2023–2026),2026-09-01,2025-12-16T18:14:28.151388
1726,2021,12008.01,não,sim,,"400.000,00",,,"0,00",,fora da janela do painel (2021–2022; o painel cobre 2023–2026),2026-09-01,2025-12-16T18:14:28.151388
1727,2021,12018.01,não,sim,,"150.000,00",,,"0,00",,fora da janela do painel (2021–2022; o painel cobre 2023–2026),2026-09-01,2025-12-16T18:14:28.151388
1729,2021,13006.01,não,sim,,"600.000,00",,,"0,00",,fora da janela do painel (2021–2022; o painel cobre 2023–2026),2026-09-01,2025-12-16T18:14:28.151388
1730,2021,13013.01,não,sim,,"300.000,00",,,"0,00",,fora da janela do painel (2021–2022; o painel cobre 2023–2026),2026-09-01,2025-12-16T18:14:28.151388
1733,2021,13016.01,não,sim,,"0,00",,,"0,00",,fora da janela do painel (2021–2022; o painel cobre 2023–2026),2026-09-01,2025-12-16T18:14:28.151388
1734,2021,13017.01,não,sim,,"420.000,00",,,"0,00",,fora da janela do painel (2021–2022; o painel cobre 2023–2026),2026-09-01,2025-12-16T18:14:28.151388
1735,2021,13020.01,não,sim,,"1.200.000,00",,,"1.093.543,10",,fora da janela do painel (2021–2022; o painel cobre 2023–2026),2026-09-01,2025-12-16T18:14:28.151388
1736,2021,13021.01,não,sim,,"1.014.459,00",,,"1.014.458,53",,fora da janela do painel (2021–2022; o painel cobre 2023–2026),2026-09-01,2025-12-16T18:14:28.151388
1737,2021,13026.01,não,sim,,"600.000,00",,,"0,00",,fora da janela do painel (2021–2022; o painel cobre 2023–2026),2026-09-01,2025-12-16T18:14:28.151388
1738,2021,13043.01,não,sim,,"0,00",,,"0,00",,fora da janela do painel (2021–2022; o painel cobre 2023–2026),2026-09-01,2025-12-16T18:14:28.151388
1739,2021,14001.01,não,sim,,"4.000.000,00",,,"0,00",,fora da janela do painel (2021–2022; o painel cobre 2023–2026),2026-09-01,2025-12-16T18:14:28.151388
1742,2022,00066.01,não,sim,,"4.124.000,00",,,"4.124.000,00",,fora da janela do painel (2021–2022; o painel cobre 2023–2026),2026-09-01,2025-12-16T18:14:28.151388
1743,2022,00497.01,não,sim,,"2.500.000,00",,,"1.540.500,00",,fora da janela do painel (2021–2022; o painel cobre 2023–2026),2026-09-01,2025-12-16T18:14:28.151388
1744,2022,00498.01,não,sim,,"6.320.383,00",,,"6.289.342,10",,fora da janela do painel (2021–2022; o painel cobre 2023–2026),2026-09-01,2025-12-16T18:14:28.151388
1745,2022,00499.01,não,sim,,"541.398,00",,,"210.395,63",,fora da janela do painel (2021–2022; o painel cobre 2023–2026),2026-09-01,2025-12-16T18:14:28.151388
1746,2022,00500.01,não,sim,,"860.504,00",,,"860.503,05",,fora da janela do painel (2021–2022; o painel cobre 2023–2026),2026-09-01,2025-12-16T18:14:28.151388
1747,2022,00501.01,não,sim,,"2.000.000,00",,,"2.000.000,00",,fora da janela do painel (2021–2022; o painel cobre 2023–2026),2026-09-01,2025-12-16T18:14:28.151388
1748,2022,00502.01,não,sim,,"0,00",,,"0,00",,fora da janela do painel (2021–2022; o painel cobre 2023–2026),2026-09-01,2025-12-16T18:14:28.151388
1749,2022,00503.01,não,sim,,"0,00",,,"0,00",,fora da janela do painel (2021–2022; o painel cobre 2023–2026),2026-09-01,2025-12-16T18:14:28.151388
1750,2022,00504.01,não,sim,,"0,00",,,"0,00",,fora da janela do painel (2021–2022; o painel cobre 2023–2026),2026-09-01,2025-12-16T18:14:28.151388
1751,2022,00505.01,não,sim,,"0,00",,,"0,00",,fora da janela do painel (2021–2022; o painel cobre 2023–2026),2026-09-01,2025-12-16T18:14:28.151388
1752,2022,00506.01,não,sim,,"0,00",,,"0,00",,fora da janela do painel (2021–2022; o painel cobre 2023–2026),2026-09-01,2025-12-16T18:14:28.151388
1753,2022,00507.01,não,sim,,"0,00",,,"0,00",,fora da janela do painel (2021–2022; o painel cobre 2023–2026),2026-09-01,2025-12-16T18:14:28.151388
1754,2022,00453.01,não,sim,,"100.000,00",,,"0,00",,fora da janela do painel (2021–2022; o painel cobre 2023–2026),2026-09-01,2025-12-16T18:14:28.151388
1755,2022,00454.01,não,sim,,"749.947,00",,,"749.946,82",,fora da janela do painel (2021–2022; o painel cobre 2023–2026),2026-09-01,2025-12-16T18:14:28.151388
1756,2022,00455.01,não,sim,,"0,00",,,"0,00",,fora da janela do painel (2021–2022; o painel cobre 2023–2026),2026-09-01,2025-12-16T18:14:28.151388
1757,2022,00456.01,não,sim,,"0,00",,,"0,00",,fora da janela do painel (2021–2022; o painel cobre 2023–2026),2026-09-01,2025-12-16T18:14:28.151388
1758,2022,00457.01,não,sim,,"0,00",,,"0,00",,fora da janela do painel (2021–2022; o painel cobre 2023–2026),2026-09-01,2025-12-16T18:14:28.151388
1759,2022,00458.01,não,sim,,"0,00",,,"0,00",,fora da janela do painel (2021–2022; o painel cobre 2023–2026),2026-09-01,2025-12-16T18:14:28.151388
1760,2022,00459.01,não,sim,,"0,00",,,"0,00",,fora da janela do painel (2021–2022; o painel cobre 2023–2026),2026-09-01,2025-12-16T18:14:28.151388
1761,2022,00460.01,não,sim,,"0,00",,,"0,00",,fora da janela do painel (2021–2022; o painel cobre 2023–2026),2026-09-01,2025-12-16T18:14:28.151388
1762,2022,00461.01,não,sim,,"0,00",,,"0,00",,fora da janela do painel (2021–2022; o painel cobre 2023–2026),2026-09-01,2025-12-16T18:14:28.151388
1763,2022,00462.01,não,sim,,"0,00",,,"0,00",,fora da janela do painel (2021–2022; o painel cobre 2023–2026),2026-09-01,2025-12-16T18:14:28.151388
1764,2022,00463.01,não,sim,,"0,00",,,"0,00",,fora da janela do painel (2021–2022; o painel cobre 2023–2026),2026-09-01,2025-12-16T18:14:28.151388
1765,2022,00465.01,não,sim,,"2.100.000,00",,,"2.100.000,00",,fora da janela do painel (2021–2022; o painel cobre 2023–2026),2026-09-01,2025-12-16T18:14:28.151388
1766,2022,00466.01,não,sim,,"750.000,00",,,"750.000,00",,fora da janela do painel (2021–2022; o painel cobre 2023–2026),2026-09-01,2025-12-16T18:14:28.151388
1767,2022,00468.01,não,sim,,"200.000,00",,,"196.220,00",,fora da janela do painel (2021–2022; o painel cobre 2023–2026),2026-09-01,2025-12-16T18:14:28.151388
1768,2022,00469.01,não,sim,,"0,00",,,"0,00",,fora da janela do painel (2021–2022; o painel cobre 2023–2026),2026-09-01,2025-12-16T18:14:28.151388
1769,2022,00470.01,não,sim,,"4.945.000,00",,,"4.945.000,00",,fora da janela do painel (2021–2022; o painel cobre 2023–2026),2026-09-01,2025-12-16T18:14:28.151388
1770,2022,00471.01,não,sim,,"0,00",,,"0,00",,fora da janela do painel (2021–2022; o painel cobre 2023–2026),2026-09-01,2025-12-16T18:14:28.151388
1771,2022,00472.01,não,sim,,"0,00",,,"0,00",,fora da janela do painel (2021–2022; o painel cobre 2023–2026),2026-09-01,2025-12-16T18:14:28.151388
1772,2022,00473.01,não,sim,,"79.700,00",,,"79.700,00",,fora da janela do painel (2021–2022; o painel cobre 2023–2026),2026-09-01,2025-12-16T18:14:28.151388
1773,2022,00474.01,não,sim,,"0,00",,,"0,00",,fora da janela do painel (2021–2022; o painel cobre 2023–2026),2026-09-01,2025-12-16T18:14:28.151388
1774,2022,00475.01,não,sim,,"0,00",,,"0,00",,fora da janela do painel (2021–2022; o painel cobre 2023–2026),2026-09-01,2025-12-16T18:14:28.151388
1775,2022,00476.01,não,sim,,"0,00",,,"0,00",,fora da janela do painel (2021–2022; o painel cobre 2023–2026),2026-09-01,2025-12-16T18:14:28.151388
1776,2022,00477.01,não,sim,,"142.266,00",,,"142.265,87",,fora da janela do painel (2021–2022; o painel cobre 2023–2026),2026-09-01,2025-12-16T18:14:28.151388
1777,2022,00509.01,não,sim,,"0,00",,,"0,00",,fora da janela do painel (2021–2022; o painel cobre 2023–2026),2026-09-01,2025-12-16T18:14:28.151388
1778,2022,00510.01,não,sim,,"0,00",,,"0,00",,fora da janela do painel (2021–2022; o painel cobre 2023–2026),2026-09-01,2025-12-16T18:14:28.151388
1779,2022,00517.01,não,sim,,"1.739.828,00",,,"1.739.657,43",,fora da janela do painel (2021–2022; o painel cobre 2023–2026),2026-09-01,2025-12-16T18:14:28.151388
1780,2022,00333.01,não,sim,,"7.731.355,00",,,"7.731.355,00",,fora da janela do painel (2021–2022; o painel cobre 2023–2026),2026-09-01,2025-12-16T18:14:28.151388
1781,2022,00334.01,não,sim,,"1.000.000,00",,,"1.000.000,00",,fora da janela do painel (2021–2022; o painel cobre 2023–2026),2026-09-01,2025-12-16T18:14:28.151388
1782,2022,00335.01,não,sim,,"0,00",,,"0,00",,fora da janela do painel (2021–2022; o painel cobre 2023–2026),2026-09-01,2025-12-16T18:14:28.151388
1783,2022,00336.01,não,sim,,"1.449.936,00",,,"1.449.933,21",,fora da janela do painel (2021–2022; o painel cobre 2023–2026),2026-09-01,2025-12-16T18:14:28.151388
1784,2022,00337.01,não,sim,,"0,00",,,"0,00",,fora da janela do painel (2021–2022; o painel cobre 2023–2026),2026-09-01,2025-12-16T18:14:28.151388
1785,2022,00338.01,não,sim,,"0,00",,,"0,00",,fora da janela do painel (2021–2022; o painel cobre 2023–2026),2026-09-01,2025-12-16T18:14:28.151388
1786,2022,00339.01,não,sim,,"300.000,00",,,"299.999,96",,fora da janela do painel (2021–2022; o painel cobre 2023–2026),2026-09-01,2025-12-16T18:14:28.151388
1787,2022,00340.01,não,sim,,"0,00",,,"0,00",,fora da janela do painel (2021–2022; o painel cobre 2023–2026),2026-09-01,2025-12-16T18:14:28.151388
1788,2022,00341.01,não,sim,,"0,00",,,"0,00",,fora da janela do painel (2021–2022; o painel cobre 2023–2026),2026-09-01,2025-12-16T18:14:28.151388
1789,2022,00342.01,não,sim,,"0,00",,,"0,00",,fora da janela do painel (2021–2022; o painel cobre 2023–2026),2026-09-01,2025-12-16T18:14:28.151388
1790,2022,00343.01,não,sim,,"0,00",,,"0,00",,fora da janela do painel (2021–2022; o painel cobre 2023–2026),2026-09-01,2025-12-16T18:14:28.151388
1791,2022,00344.01,não,sim,,"0,00",,,"0,00",,fora da janela do painel (2021–2022; o painel cobre 2023–2026),2026-09-01,2025-12-16T18:14:28.151388
1792,2022,00345.01,não,sim,,"1.162.495,00",,,"1.162.494,57",,fora da janela do painel (2021–2022; o painel cobre 2023–2026),2026-09-01,2025-12-16T18:14:28.151388
1793,2022,00346.01,não,sim,,"0,00",,,"0,00",,fora da janela do painel (2021–2022; o painel cobre 2023–2026),2026-09-01,2025-12-16T18:14:28.151388
1794,2022,00347.01,não,sim,,"198.000,00",,,"198.000,00",,fora da janela do painel (2021–2022; o painel cobre 2023–2026),2026-09-01,2025-12-16T18:14:28.151388
1795,2022,00348.01,não,sim,,"0,00",,,"0,00",,fora da janela do painel (2021–2022; o painel cobre 2023–2026),2026-09-01,2025-12-16T18:14:28.151388
1796,2022,00276.01,não,sim,,"1.168.483,00",,,"1.168.482,78",,fora da janela do painel (2021–2022; o painel cobre 2023–2026),2026-09-01,2025-12-16T18:14:28.151388
1797,2022,00277.01,não,sim,,"0,00",,,"0,00",,fora da janela do painel (2021–2022; o painel cobre 2023–2026),2026-09-01,2025-12-16T18:14:28.151388
1798,2022,00279.01,não,sim,,"0,00",,,"0,00",,fora da janela do painel (2021–2022; o painel cobre 2023–2026),2026-09-01,2025-12-16T18:14:28.151388
1799,2022,00280.01,não,sim,,"0,00",,,"0,00",,fora da janela do painel (2021–2022; o painel cobre 2023–2026),2026-09-01,2025-12-16T18:14:28.151388
1800,2022,00281.01,não,sim,,"772.418,00",,,"772.417,58",,fora da janela do painel (2021–2022; o painel cobre 2023–2026),2026-09-01,2025-12-16T18:14:28.151388
1801,2022,00282.01,não,sim,,"300.000,00",,,"299.999,43",,fora da janela do painel (2021–2022; o painel cobre 2023–2026),2026-09-01,2025-12-16T18:14:28.151388
1802,2022,00283.01,não,sim,,"0,00",,,"0,00",,fora da janela do painel (2021–2022; o painel cobre 2023–2026),2026-09-01,2025-12-16T18:14:28.151388
1803,2022,00284.01,não,sim,,"450.000,00",,,"449.971,50",,fora da janela do painel (2021–2022; o painel cobre 2023–2026),2026-09-01,2025-12-16T18:14:28.151388
1804,2022,00285.01,não,sim,,"70.000,00",,,"37.000,00",,fora da janela do painel (2021–2022; o painel cobre 2023–2026),2026-09-01,2025-12-16T18:14:28.151388
1805,2022,00287.01,não,sim,,"0,00",,,"0,00",,fora da janela do painel (2021–2022; o painel cobre 2023–2026),2026-09-01,2025-12-16T18:14:28.151388
1806,2022,00288.01,não,sim,,"1.810.000,00",,,"1.810.000,00",,fora da janela do painel (2021–2022; o painel cobre 2023–2026),2026-09-01,2025-12-16T18:14:28.151388
1807,2022,00289.01,não,sim,,"5.674.738,00",,,"5.074.737,68",,fora da janela do painel (2021–2022; o painel cobre 2023–2026),2026-09-01,2025-12-16T18:14:28.151388
1808,2022,00290.01,não,sim,,"1.200.000,00",,,"1.032.533,66",,fora da janela do painel (2021–2022; o painel cobre 2023–2026),2026-09-01,2025-12-16T18:14:28.151388
1809,2022,00291.01,não,sim,,"11.813.986,00",,,"11.499.096,64",,fora da janela do painel (2021–2022; o painel cobre 2023–2026),2026-09-01,2025-12-16T18:14:28.151388
1810,2022,00292.01,não,sim,,"500.000,00",,,"500.000,00",,fora da janela do painel (2021–2022; o painel cobre 2023–2026),2026-09-01,2025-12-16T18:14:28.151388
1811,2022,00293.01,não,sim,,"500.000,00",,,"500.000,00",,fora da janela do painel (2021–2022; o painel cobre 2023–2026),2026-09-01,2025-12-16T18:14:28.151388
1812,2022,00294.01,não,sim,,"0,00",,,"0,00",,fora da janela do painel (2021–2022; o painel cobre 2023–2026),2026-09-01,2025-12-16T18:14:28.151388
1813,2022,00295.01,não,sim,,"0,00",,,"0,00",,fora da janela do painel (2021–2022; o painel cobre 2023–2026),2026-09-01,2025-12-16T18:14:28.151388
1814,2022,00296.01,não,sim,,"0,00",,,"0,00",,fora da janela do painel (2021–2022; o painel cobre 2023–2026),2026-09-01,2025-12-16T18:14:28.151388
1815,2022,00297.01,não,sim,,"0,00",,,"0,00",,fora da janela do painel (2021–2022; o painel cobre 2023–2026),2026-09-01,2025-12-16T18:14:28.151388
1816,2022,00298.01,não,sim,,"0,00",,,"0,00",,fora da janela do painel (2021–2022; o painel cobre 2023–2026),2026-09-01,2025-12-16T18:14:28.151388
1817,2022,00299.01,não,sim,,"250.000,00",,,"0,00",,fora da janela do painel (2021–2022; o painel cobre 2023–2026),2026-09-01,2025-12-16T18:14:28.151388
1819,2022,00520.01,não,sim,,"0,00",,,"0,00",,fora da janela do painel (2021–2022; o painel cobre 2023–2026),2026-09-01,2025-12-16T18:14:28.151388
1820,2022,00521.01,não,sim,,"0,00",,,"0,00",,fora da janela do painel (2021–2022; o painel cobre 2023–2026),2026-09-01,2025-12-16T18:14:28.151388
1821,2022,00168.01,não,sim,,"650.000,00",,,"650.000,00",,fora da janela do painel (2021–2022; o painel cobre 2023–2026),2026-09-01,2025-12-16T18:14:28.151388
1822,2022,00169.01,não,sim,,"60.000,00",,,"0,00",,fora da janela do painel (2021–2022; o painel cobre 2023–2026),2026-09-01,2025-12-16T18:14:28.151388
1823,2022,00170.01,não,sim,,"0,00",,,"0,00",,fora da janela do painel (2021–2022; o painel cobre 2023–2026),2026-09-01,2025-12-16T18:14:28.151388
1824,2022,00171.01,não,sim,,"0,00",,,"0,00",,fora da janela do painel (2021–2022; o painel cobre 2023–2026),2026-09-01,2025-12-16T18:14:28.151388
1825,2022,00172.01,não,sim,,"400.000,00",,,"347.399,21",,fora da janela do painel (2021–2022; o painel cobre 2023–2026),2026-09-01,2025-12-16T18:14:28.151388
1826,2022,00173.01,não,sim,,"0,00",,,"0,00",,fora da janela do painel (2021–2022; o painel cobre 2023–2026),2026-09-01,2025-12-16T18:14:28.151388
1827,2022,00174.01,não,sim,,"600.000,00",,,"600.000,00",,fora da janela do painel (2021–2022; o painel cobre 2023–2026),2026-09-01,2025-12-16T18:14:28.151388
1828,2022,00175.01,não,sim,,"0,00",,,"0,00",,fora da janela do painel (2021–2022; o painel cobre 2023–2026),2026-09-01,2025-12-16T18:14:28.151388
1829,2022,00176.01,não,sim,,"58.140,00",,,"0,00",,fora da janela do painel (2021–2022; o painel cobre 2023–2026),2026-09-01,2025-12-16T18:14:28.151388
1830,2022,00177.01,não,sim,,"70.000,00",,,"6.018,00",,fora da janela do painel (2021–2022; o painel cobre 2023–2026),2026-09-01,2025-12-16T18:14:28.151388
1831,2022,00178.01,não,sim,,"500.000,00",,,"500.000,00",,fora da janela do painel (2021–2022; o painel cobre 2023–2026),2026-09-01,2025-12-16T18:14:28.151388
1832,2022,00179.01,não,sim,,"1.655.000,00",,,"878.003,75",,fora da janela do painel (2021–2022; o painel cobre 2023–2026),2026-09-01,2025-12-16T18:14:28.151388
1833,2022,00180.01,não,sim,,"700.000,00",,,"700.000,00",,fora da janela do painel (2021–2022; o painel cobre 2023–2026),2026-09-01,2025-12-16T18:14:28.151388
1834,2022,00181.01,não,sim,,"2.595.000,00",,,"2.595.000,00",,fora da janela do painel (2021–2022; o painel cobre 2023–2026),2026-09-01,2025-12-16T18:14:28.151388
1835,2022,00182.01,não,sim,,"1.500.000,00",,,"1.499.697,17",,fora da janela do painel (2021–2022; o painel cobre 2023–2026),2026-09-01,2025-12-16T18:14:28.151388
1836,2022,00183.01,não,sim,,"200.000,00",,,"200.000,00",,fora da janela do painel (2021–2022; o painel cobre 2023–2026),2026-09-01,2025-12-16T18:14:28.151388
1837,2022,00184.01,não,sim,,"200.000,00",,,"0,00",,fora da janela do painel (2021–2022; o painel cobre 2023–2026),2026-09-01,2025-12-16T18:14:28.151388
1838,2022,00185.01,não,sim,,"0,00",,,"0,00",,fora da janela do painel (2021–2022; o painel cobre 2023–2026),2026-09-01,2025-12-16T18:14:28.151388
1839,2022,00186.01,não,sim,,"0,00",,,"0,00",,fora da janela do painel (2021–2022; o painel cobre 2023–2026),2026-09-01,2025-12-16T18:14:28.151388
1840,2022,00187.01,não,sim,,"500.000,00",,,"500.000,00",,fora da janela do painel (2021–2022; o painel cobre 2023–2026),2026-09-01,2025-12-16T18:14:28.151388
1841,2022,00188.01,não,sim,,"2.997.000,00",,,"2.997.000,00",,fora da janela do painel (2021–2022; o painel cobre 2023–2026),2026-09-01,2025-12-16T18:14:28.151388
1842,2022,00189.01,não,sim,,"4.810.000,00",,,"4.219.573,45",,fora da janela do painel (2021–2022; o painel cobre 2023–2026),2026-09-01,2025-12-16T18:14:28.151388
1843,2022,00190.01,não,sim,,"2.630.000,00",,,"2.629.997,00",,fora da janela do painel (2021–2022; o painel cobre 2023–2026),2026-09-01,2025-12-16T18:14:28.151388
1844,2022,00191.01,não,sim,,"60.000,00",,,"0,00",,fora da janela do painel (2021–2022; o painel cobre 2023–2026),2026-09-01,2025-12-16T18:14:28.151388
1845,2022,00192.01,não,sim,,"0,00",,,"0,00",,fora da janela do painel (2021–2022; o painel cobre 2023–2026),2026-09-01,2025-12-16T18:14:28.151388
1846,2022,00531.01,não,sim,,"0,00",,,"0,00",,fora da janela do painel (2021–2022; o painel cobre 2023–2026),2026-09-01,2025-12-16T18:14:28.151388
1847,2022,00532.01,não,sim,,"0,00",,,"0,00",,fora da janela do painel (2021–2022; o painel cobre 2023–2026),2026-09-01,2025-12-16T18:14:28.151388
1848,2022,00533.01,não,sim,,"555.563,00",,,"555.562,70",,fora da janela do painel (2021–2022; o painel cobre 2023–2026),2026-09-01,2025-12-16T18:14:28.151388
1849,2022,00534.01,não,sim,,"2.020.000,00",,,"1.982.555,59",,fora da janela do painel (2021–2022; o painel cobre 2023–2026),2026-09-01,2025-12-16T18:14:28.151388
1850,2022,00535.01,não,sim,,"400.000,00",,,"399.085,14",,fora da janela do painel (2021–2022; o painel cobre 2023–2026),2026-09-01,2025-12-16T18:14:28.151388
1851,2022,00536.01,não,sim,,"600.000,00",,,"593.622,39",,fora da janela do painel (2021–2022; o painel cobre 2023–2026),2026-09-01,2025-12-16T18:14:28.151388
1852,2022,00537.01,não,sim,,"100.000,00",,,"97.488,02",,fora da janela do painel (2021–2022; o painel cobre 2023–2026),2026-09-01,2025-12-16T18:14:28.151388
1853,2022,00538.01,não,sim,,"0,00",,,"0,00",,fora da janela do painel (2021–2022; o painel cobre 2023–2026),2026-09-01,2025-12-16T18:14:28.151388
1854,2022,00539.01,não,sim,,"0,00",,,"0,00",,fora da janela do painel (2021–2022; o painel cobre 2023–2026),2026-09-01,2025-12-16T18:14:28.151388
1855,2022,00540.01,não,sim,,"0,00",,,"0,00",,fora da janela do painel (2021–2022; o painel cobre 2023–2026),2026-09-01,2025-12-16T18:14:28.151388
1856,2022,00541.01,não,sim,,"300.000,00",,,"299.995,50",,fora da janela do painel (2021–2022; o painel cobre 2023–2026),2026-09-01,2025-12-16T18:14:28.151388
1857,2022,00543.01,não,sim,,"0,00",,,"0,00",,fora da janela do painel (2021–2022; o painel cobre 2023–2026),2026-09-01,2025-12-16T18:14:28.151388
1858,2022,00544.01,não,sim,,"300.000,00",,,"299.549,85",,fora da janela do painel (2021–2022; o painel cobre 2023–2026),2026-09-01,2025-12-16T18:14:28.151388
1859,2022,00546.01,não,sim,,"3.825.140,00",,,"3.821.136,14",,fora da janela do painel (2021–2022; o painel cobre 2023–2026),2026-09-01,2025-12-16T18:14:28.151388
1860,2022,00547.01,não,sim,,"0,00",,,"0,00",,fora da janela do painel (2021–2022; o painel cobre 2023–2026),2026-09-01,2025-12-16T18:14:28.151388
1861,2022,00548.01,não,sim,,"210.000,00",,,"209.999,99",,fora da janela do painel (2021–2022; o painel cobre 2023–2026),2026-09-01,2025-12-16T18:14:28.151388
1862,2022,00549.01,não,sim,,"0,00",,,"0,00",,fora da janela do painel (2021–2022; o painel cobre 2023–2026),2026-09-01,2025-12-16T18:14:28.151388
1863,2022,00578.01,não,sim,,"1.500.000,00",,,"1.499.978,20",,fora da janela do painel (2021–2022; o painel cobre 2023–2026),2026-09-01,2025-12-16T18:14:28.151388
1864,2022,00140.01,não,sim,,"0,00",,,"0,00",,fora da janela do painel (2021–2022; o painel cobre 2023–2026),2026-09-01,2025-12-16T18:14:28.151388
1865,2022,00141.01,não,sim,,"5.500.000,00",,,"5.498.106,40",,fora da janela do painel (2021–2022; o painel cobre 2023–2026),2026-09-01,2025-12-16T18:14:28.151388
1866,2022,00142.01,não,sim,,"1.995.000,00",,,"1.904.785,36",,fora da janela do painel (2021–2022; o painel cobre 2023–2026),2026-09-01,2025-12-16T18:14:28.151388
1867,2022,00143.01,não,sim,,"4.325.000,00",,,"3.814.356,16",,fora da janela do painel (2021–2022; o painel cobre 2023–2026),2026-09-01,2025-12-16T18:14:28.151388
1868,2022,00144.01,não,sim,,"2.823.000,00",,,"2.022.726,02",,fora da janela do painel (2021–2022; o painel cobre 2023–2026),2026-09-01,2025-12-16T18:14:28.151388
1869,2022,00145.01,não,sim,,"1.970.000,00",,,"1.966.937,94",,fora da janela do painel (2021–2022; o painel cobre 2023–2026),2026-09-01,2025-12-16T18:14:28.151388
1870,2022,00146.01,não,sim,,"1.000.000,00",,,"1.000.000,00",,fora da janela do painel (2021–2022; o painel cobre 2023–2026),2026-09-01,2025-12-16T18:14:28.151388
1871,2022,00147.01,não,sim,,"0,00",,,"0,00",,fora da janela do painel (2021–2022; o painel cobre 2023–2026),2026-09-01,2025-12-16T18:14:28.151388
1872,2022,00148.01,não,sim,,"1.000.000,00",,,"1.000.000,00",,fora da janela do painel (2021–2022; o painel cobre 2023–2026),2026-09-01,2025-12-16T18:14:28.151388
1873,2022,00149.01,não,sim,,"245.328,00",,,"116.027,38",,fora da janela do painel (2021–2022; o painel cobre 2023–2026),2026-09-01,2025-12-16T18:14:28.151388
1874,2022,00150.01,não,sim,,"800.000,00",,,"799.896,28",,fora da janela do painel (2021–2022; o painel cobre 2023–2026),2026-09-01,2025-12-16T18:14:28.151388
1875,2022,00151.01,não,sim,,"275.000,00",,,"247.521,92",,fora da janela do painel (2021–2022; o painel cobre 2023–2026),2026-09-01,2025-12-16T18:14:28.151388
1876,2022,00152.01,não,sim,,"0,00",,,"0,00",,fora da janela do painel (2021–2022; o painel cobre 2023–2026),2026-09-01,2025-12-16T18:14:28.151388
1877,2022,00153.01,não,sim,,"0,00",,,"0,00",,fora da janela do painel (2021–2022; o painel cobre 2023–2026),2026-09-01,2025-12-16T18:14:28.151388
1878,2022,00154.01,não,sim,,"0,00",,,"0,00",,fora da janela do painel (2021–2022; o painel cobre 2023–2026),2026-09-01,2025-12-16T18:14:28.151388
1879,2022,00155.01,não,sim,,"0,00",,,"0,00",,fora da janela do painel (2021–2022; o painel cobre 2023–2026),2026-09-01,2025-12-16T18:14:28.151388
1880,2022,00156.01,não,sim,,"130.000,00",,,"0,00",,fora da janela do painel (2021–2022; o painel cobre 2023–2026),2026-09-01,2025-12-16T18:14:28.151388
1881,2022,00157.01,não,sim,,"100.000,00",,,"0,00",,fora da janela do painel (2021–2022; o painel cobre 2023–2026),2026-09-01,2025-12-16T18:14:28.151388
1882,2022,00158.01,não,sim,,"0,00",,,"0,00",,fora da janela do painel (2021–2022; o painel cobre 2023–2026),2026-09-01,2025-12-16T18:14:28.151388
1883,2022,00159.01,não,sim,,"79.050,00",,,"79.050,00",,fora da janela do painel (2021–2022; o painel cobre 2023–2026),2026-09-01,2025-12-16T18:14:28.151388
1884,2022,00160.01,não,sim,,"0,00",,,"0,00",,fora da janela do painel (2021–2022; o painel cobre 2023–2026),2026-09-01,2025-12-16T18:14:28.151388
1885,2022,00161.01,não,sim,,"0,00",,,"0,00",,fora da janela do painel (2021–2022; o painel cobre 2023–2026),2026-09-01,2025-12-16T18:14:28.151388
1886,2022,00162.01,não,sim,,"250.000,00",,,"0,00",,fora da janela do painel (2021–2022; o painel cobre 2023–2026),2026-09-01,2025-12-16T18:14:28.151388
1887,2022,00163.01,não,sim,,"90.000,00",,,"13.973,28",,fora da janela do painel (2021–2022; o painel cobre 2023–2026),2026-09-01,2025-12-16T18:14:28.151388
1888,2022,00164.01,não,sim,,"168.140,00",,,"0,00",,fora da janela do painel (2021–2022; o painel cobre 2023–2026),2026-09-01,2025-12-16T18:14:28.151388
1889,2022,00165.01,não,sim,,"140.000,00",,,"0,00",,fora da janela do painel (2021–2022; o painel cobre 2023–2026),2026-09-01,2025-12-16T18:14:28.151388
1890,2022,00166.01,não,sim,,"0,00",,,"0,00",,fora da janela do painel (2021–2022; o painel cobre 2023–2026),2026-09-01,2025-12-16T18:14:28.151388
1891,2022,00167.01,não,sim,,"0,00",,,"0,00",,fora da janela do painel (2021–2022; o painel cobre 2023–2026),2026-09-01,2025-12-16T18:14:28.151388
1892,2022,00349.01,não,sim,,"4.669.828,00",,,"3.899.827,50",,fora da janela do painel (2021–2022; o painel cobre 2023–2026),2026-09-01,2025-12-16T18:14:28.151388
1893,2022,00350.01,não,sim,,"2.118.756,00",,,"1.449.600,39",,fora da janela do painel (2021–2022; o painel cobre 2023–2026),2026-09-01,2025-12-16T18:14:28.151388
1894,2022,00352.01,não,sim,,"250.000,00",,,"250.000,00",,fora da janela do painel (2021–2022; o painel cobre 2023–2026),2026-09-01,2025-12-16T18:14:28.151388
1895,2022,00353.01,não,sim,,"136.891,00",,,"131.536,38",,fora da janela do painel (2021–2022; o painel cobre 2023–2026),2026-09-01,2025-12-16T18:14:28.151388
1896,2022,00354.01,não,sim,,"0,00",,,"0,00",,fora da janela do painel (2021–2022; o painel cobre 2023–2026),2026-09-01,2025-12-16T18:14:28.151388
1897,2022,00355.01,não,sim,,"0,00",,,"0,00",,fora da janela do painel (2021–2022; o painel cobre 2023–2026),2026-09-01,2025-12-16T18:14:28.151388
1898,2022,00356.01,não,sim,,"220.000,00",,,"198.200,61",,fora da janela do painel (2021–2022; o painel cobre 2023–2026),2026-09-01,2025-12-16T18:14:28.151388
1899,2022,00357.01,não,sim,,"0,00",,,"0,00",,fora da janela do painel (2021–2022; o painel cobre 2023–2026),2026-09-01,2025-12-16T18:14:28.151388
1900,2022,00358.01,não,sim,,"0,00",,,"0,00",,fora da janela do painel (2021–2022; o painel cobre 2023–2026),2026-09-01,2025-12-16T18:14:28.151388
1901,2022,00359.01,não,sim,,"0,00",,,"0,00",,fora da janela do painel (2021–2022; o painel cobre 2023–2026),2026-09-01,2025-12-16T18:14:28.151388
1902,2022,00360.01,não,sim,,"0,00",,,"0,00",,fora da janela do painel (2021–2022; o painel cobre 2023–2026),2026-09-01,2025-12-16T18:14:28.151388
1903,2022,00361.01,não,sim,,"0,00",,,"0,00",,fora da janela do painel (2021–2022; o painel cobre 2023–2026),2026-09-01,2025-12-16T18:14:28.151388
1904,2022,00362.01,não,sim,,"200.000,00",,,"200.000,00",,fora da janela do painel (2021–2022; o painel cobre 2023–2026),2026-09-01,2025-12-16T18:14:28.151388
1905,2022,00363.01,não,sim,,"550.000,00",,,"550.000,00",,fora da janela do painel (2021–2022; o painel cobre 2023–2026),2026-09-01,2025-12-16T18:14:28.151388
1906,2022,00364.01,não,sim,,"1.736.280,00",,,"1.736.128,50",,fora da janela do painel (2021–2022; o painel cobre 2023–2026),2026-09-01,2025-12-16T18:14:28.151388
1907,2022,00365.01,não,sim,,"900.000,00",,,"899.995,90",,fora da janela do painel (2021–2022; o painel cobre 2023–2026),2026-09-01,2025-12-16T18:14:28.151388
1908,2022,00366.01,não,sim,,"0,00",,,"0,00",,fora da janela do painel (2021–2022; o painel cobre 2023–2026),2026-09-01,2025-12-16T18:14:28.151388
1909,2022,00367.01,não,sim,,"280.000,00",,,"263.447,60",,fora da janela do painel (2021–2022; o painel cobre 2023–2026),2026-09-01,2025-12-16T18:14:28.151388
1910,2022,00368.01,não,sim,,"811.322,00",,,"811.321,03",,fora da janela do painel (2021–2022; o painel cobre 2023–2026),2026-09-01,2025-12-16T18:14:28.151388
1911,2022,00369.01,não,sim,,"0,00",,,"0,00",,fora da janela do painel (2021–2022; o painel cobre 2023–2026),2026-09-01,2025-12-16T18:14:28.151388
1912,2022,00370.01,não,sim,,"650.000,00",,,"649.731,76",,fora da janela do painel (2021–2022; o painel cobre 2023–2026),2026-09-01,2025-12-16T18:14:28.151388
1913,2022,00371.01,não,sim,,"1.000.000,00",,,"990.544,22",,fora da janela do painel (2021–2022; o painel cobre 2023–2026),2026-09-01,2025-12-16T18:14:28.151388
1914,2022,00372.01,não,sim,,"0,00",,,"0,00",,fora da janela do painel (2021–2022; o painel cobre 2023–2026),2026-09-01,2025-12-16T18:14:28.151388
1915,2022,00373.01,não,sim,,"0,00",,,"0,00",,fora da janela do painel (2021–2022; o painel cobre 2023–2026),2026-09-01,2025-12-16T18:14:28.151388
1916,2022,00374.01,não,sim,,"2.000.000,00",,,"2.000.000,00",,fora da janela do painel (2021–2022; o painel cobre 2023–2026),2026-09-01,2025-12-16T18:14:28.151388
1917,2022,00579.01,não,sim,,"1.811.800,00",,,"1.811.800,00",,fora da janela do painel (2021–2022; o painel cobre 2023–2026),2026-09-01,2025-12-16T18:14:28.151388
1918,2022,00067.01,não,sim,,"1.500.000,00",,,"1.500.000,00",,fora da janela do painel (2021–2022; o painel cobre 2023–2026),2026-09-01,2025-12-16T18:14:28.151388
1919,2022,00068.01,não,sim,,"2.800.000,00",,,"0,00",,fora da janela do painel (2021–2022; o painel cobre 2023–2026),2026-09-01,2025-12-16T18:14:28.151388
1920,2022,00069.01,não,sim,,"300.000,00",,,"273.009,73",,fora da janela do painel (2021–2022; o painel cobre 2023–2026),2026-09-01,2025-12-16T18:14:28.151388
1921,2022,00070.01,não,sim,,"0,00",,,"0,00",,fora da janela do painel (2021–2022; o painel cobre 2023–2026),2026-09-01,2025-12-16T18:14:28.151388
1922,2022,00071.01,não,sim,,"0,00",,,"0,00",,fora da janela do painel (2021–2022; o painel cobre 2023–2026),2026-09-01,2025-12-16T18:14:28.151388
1923,2022,00072.01,não,sim,,"0,00",,,"0,00",,fora da janela do painel (2021–2022; o painel cobre 2023–2026),2026-09-01,2025-12-16T18:14:28.151388
1924,2022,00073.01,não,sim,,"0,00",,,"0,00",,fora da janela do painel (2021–2022; o painel cobre 2023–2026),2026-09-01,2025-12-16T18:14:28.151388
1925,2022,00074.01,não,sim,,"0,00",,,"0,00",,fora da janela do painel (2021–2022; o painel cobre 2023–2026),2026-09-01,2025-12-16T18:14:28.151388
1926,2022,00075.01,não,sim,,"0,00",,,"0,00",,fora da janela do painel (2021–2022; o painel cobre 2023–2026),2026-09-01,2025-12-16T18:14:28.151388
1927,2022,00076.01,não,sim,,"0,00",,,"0,00",,fora da janela do painel (2021–2022; o painel cobre 2023–2026),2026-09-01,2025-12-16T18:14:28.151388
1928,2022,00077.01,não,sim,,"500.000,00",,,"476.500,00",,fora da janela do painel (2021–2022; o painel cobre 2023–2026),2026-09-01,2025-12-16T18:14:28.151388
1929,2022,00078.01,não,sim,,"800.000,00",,,"800.000,00",,fora da janela do painel (2021–2022; o painel cobre 2023–2026),2026-09-01,2025-12-16T18:14:28.151388
1930,2022,00079.01,não,sim,,"200.000,00",,,"0,00",,fora da janela do painel (2021–2022; o painel cobre 2023–2026),2026-09-01,2025-12-16T18:14:28.151388
1931,2022,00080.01,não,sim,,"0,00",,,"0,00",,fora da janela do painel (2021–2022; o painel cobre 2023–2026),2026-09-01,2025-12-16T18:14:28.151388
1932,2022,00081.01,não,sim,,"0,00",,,"0,00",,fora da janela do painel (2021–2022; o painel cobre 2023–2026),2026-09-01,2025-12-16T18:14:28.151388
1933,2022,00082.01,não,sim,,"750.000,00",,,"0,00",,fora da janela do painel (2021–2022; o painel cobre 2023–2026),2026-09-01,2025-12-16T18:14:28.151388
1934,2022,00083.01,não,sim,,"0,00",,,"0,00",,fora da janela do painel (2021–2022; o painel cobre 2023–2026),2026-09-01,2025-12-16T18:14:28.151388
1935,2022,00084.01,não,sim,,"547.073,00",,,"189.111,05",,fora da janela do painel (2021–2022; o painel cobre 2023–2026),2026-09-01,2025-12-16T18:14:28.151388
1936,2022,00085.01,não,sim,,"10.000,00",,,"0,00",,fora da janela do painel (2021–2022; o painel cobre 2023–2026),2026-09-01,2025-12-16T18:14:28.151388
1937,2022,00086.01,não,sim,,"0,00",,,"0,00",,fora da janela do painel (2021–2022; o painel cobre 2023–2026),2026-09-01,2025-12-16T18:14:28.151388
1938,2022,00087.01,não,sim,,"0,00",,,"0,00",,fora da janela do painel (2021–2022; o painel cobre 2023–2026),2026-09-01,2025-12-16T18:14:28.151388
1939,2022,00088.01,não,sim,,"2.000.000,00",,,"0,00",,fora da janela do painel (2021–2022; o painel cobre 2023–2026),2026-09-01,2025-12-16T18:14:28.151388
1940,2022,00089.01,não,sim,,"0,00",,,"0,00",,fora da janela do painel (2021–2022; o painel cobre 2023–2026),2026-09-01,2025-12-16T18:14:28.151388
1941,2022,00090.01,não,sim,,"19.000,00",,,"0,00",,fora da janela do painel (2021–2022; o painel cobre 2023–2026),2026-09-01,2025-12-16T18:14:28.151388
1942,2022,00091.01,não,sim,,"28.000,00",,,"0,00",,fora da janela do painel (2021–2022; o painel cobre 2023–2026),2026-09-01,2025-12-16T18:14:28.151388
1943,2022,00092.01,não,sim,,"0,00",,,"0,00",,fora da janela do painel (2021–2022; o painel cobre 2023–2026),2026-09-01,2025-12-16T18:14:28.151388
1944,2022,00093.01,não,sim,,"0,00",,,"0,00",,fora da janela do painel (2021–2022; o painel cobre 2023–2026),2026-09-01,2025-12-16T18:14:28.151388
1945,2022,00094.01,não,sim,,"0,00",,,"0,00",,fora da janela do painel (2021–2022; o painel cobre 2023–2026),2026-09-01,2025-12-16T18:14:28.151388
1946,2022,00095.01,não,sim,,"0,00",,,"0,00",,fora da janela do painel (2021–2022; o painel cobre 2023–2026),2026-09-01,2025-12-16T18:14:28.151388
1947,2022,00221.01,não,sim,,"2.330.000,00",,,"2.330.000,00",,fora da janela do painel (2021–2022; o painel cobre 2023–2026),2026-09-01,2025-12-16T18:14:28.151388
1948,2022,00222.01,não,sim,,"260.000,00",,,"260.000,00",,fora da janela do painel (2021–2022; o painel cobre 2023–2026),2026-09-01,2025-12-16T18:14:28.151388
1949,2022,00223.01,não,sim,,"500.140,00",,,"474.538,21",,fora da janela do painel (2021–2022; o painel cobre 2023–2026),2026-09-01,2025-12-16T18:14:28.151388
1950,2022,00224.01,não,sim,,"5.327.641,00",,,"5.327.640,88",,fora da janela do painel (2021–2022; o painel cobre 2023–2026),2026-09-01,2025-12-16T18:14:28.151388
1951,2022,00225.01,não,sim,,"0,00",,,"0,00",,fora da janela do painel (2021–2022; o painel cobre 2023–2026),2026-09-01,2025-12-16T18:14:28.151388
1952,2022,00226.01,não,sim,,"1.017.864,00",,,"1.017.863,56",,fora da janela do painel (2021–2022; o painel cobre 2023–2026),2026-09-01,2025-12-16T18:14:28.151388
1953,2022,00227.01,não,sim,,"425.798,00",,,"425.798,00",,fora da janela do painel (2021–2022; o painel cobre 2023–2026),2026-09-01,2025-12-16T18:14:28.151388
1954,2022,00228.01,não,sim,,"0,00",,,"0,00",,fora da janela do painel (2021–2022; o painel cobre 2023–2026),2026-09-01,2025-12-16T18:14:28.151388
1955,2022,00229.01,não,sim,,"0,00",,,"0,00",,fora da janela do painel (2021–2022; o painel cobre 2023–2026),2026-09-01,2025-12-16T18:14:28.151388
1956,2022,00230.01,não,sim,,"2.076.597,00",,,"1.660.903,61",,fora da janela do painel (2021–2022; o painel cobre 2023–2026),2026-09-01,2025-12-16T18:14:28.151388
1957,2022,00231.01,não,sim,,"100.000,00",,,"99.006,15",,fora da janela do painel (2021–2022; o painel cobre 2023–2026),2026-09-01,2025-12-16T18:14:28.151388
1958,2022,00232.01,não,sim,,"0,00",,,"0,00",,fora da janela do painel (2021–2022; o painel cobre 2023–2026),2026-09-01,2025-12-16T18:14:28.151388
1959,2022,00233.01,não,sim,,"0,00",,,"0,00",,fora da janela do painel (2021–2022; o painel cobre 2023–2026),2026-09-01,2025-12-16T18:14:28.151388
1960,2022,00234.01,não,sim,,"0,00",,,"0,00",,fora da janela do painel (2021–2022; o painel cobre 2023–2026),2026-09-01,2025-12-16T18:14:28.151388
1961,2022,00235.01,não,sim,,"0,00",,,"0,00",,fora da janela do painel (2021–2022; o painel cobre 2023–2026),2026-09-01,2025-12-16T18:14:28.151388
1962,2022,00236.01,não,sim,,"0,00",,,"0,00",,fora da janela do painel (2021–2022; o painel cobre 2023–2026),2026-09-01,2025-12-16T18:14:28.151388
1963,2022,00237.01,não,sim,,"0,00",,,"0,00",,fora da janela do painel (2021–2022; o painel cobre 2023–2026),2026-09-01,2025-12-16T18:14:28.151388
1964,2022,00238.01,não,sim,,"0,00",,,"0,00",,fora da janela do painel (2021–2022; o painel cobre 2023–2026),2026-09-01,2025-12-16T18:14:28.151388
1965,2022,00239.01,não,sim,,"0,00",,,"0,00",,fora da janela do painel (2021–2022; o painel cobre 2023–2026),2026-09-01,2025-12-16T18:14:28.151388
1966,2022,00240.01,não,sim,,"0,00",,,"0,00",,fora da janela do painel (2021–2022; o painel cobre 2023–2026),2026-09-01,2025-12-16T18:14:28.151388
1967,2022,00241.01,não,sim,,"0,00",,,"0,00",,fora da janela do painel (2021–2022; o painel cobre 2023–2026),2026-09-01,2025-12-16T18:14:28.151388
1968,2022,00242.01,não,sim,,"0,00",,,"0,00",,fora da janela do painel (2021–2022; o painel cobre 2023–2026),2026-09-01,2025-12-16T18:14:28.151388
1969,2022,00243.01,não,sim,,"0,00",,,"0,00",,fora da janela do painel (2021–2022; o painel cobre 2023–2026),2026-09-01,2025-12-16T18:14:28.151388
1970,2022,00244.01,não,sim,,"0,00",,,"0,00",,fora da janela do painel (2021–2022; o painel cobre 2023–2026),2026-09-01,2025-12-16T18:14:28.151388
1971,2022,00245.01,não,sim,,"0,00",,,"0,00",,fora da janela do painel (2021–2022; o painel cobre 2023–2026),2026-09-01,2025-12-16T18:14:28.151388
1972,2022,00246.01,não,sim,,"3.708.000,00",,,"3.705.919,72",,fora da janela do painel (2021–2022; o painel cobre 2023–2026),2026-09-01,2025-12-16T18:14:28.151388
1973,2022,00102.01,não,sim,,"1.550.000,00",,,"1.549.997,45",,fora da janela do painel (2021–2022; o painel cobre 2023–2026),2026-09-01,2025-12-16T18:14:28.151388
1974,2022,00103.01,não,sim,,"300.000,00",,,"280.000,00",,fora da janela do painel (2021–2022; o painel cobre 2023–2026),2026-09-01,2025-12-16T18:14:28.151388
1975,2022,00104.01,não,sim,,"0,00",,,"0,00",,fora da janela do painel (2021–2022; o painel cobre 2023–2026),2026-09-01,2025-12-16T18:14:28.151388
1976,2022,00105.01,não,sim,,"1.000.000,00",,,"999.500,00",,fora da janela do painel (2021–2022; o painel cobre 2023–2026),2026-09-01,2025-12-16T18:14:28.151388
1977,2022,00106.01,não,sim,,"600.000,00",,,"599.999,78",,fora da janela do painel (2021–2022; o painel cobre 2023–2026),2026-09-01,2025-12-16T18:14:28.151388
1978,2022,00107.01,não,sim,,"7.424.813,00",,,"7.124.811,93",,fora da janela do painel (2021–2022; o painel cobre 2023–2026),2026-09-01,2025-12-16T18:14:28.151388
1979,2022,00108.01,não,sim,,"1.500.000,00",,,"1.497.526,09",,fora da janela do painel (2021–2022; o painel cobre 2023–2026),2026-09-01,2025-12-16T18:14:28.151388
1980,2022,00109.01,não,sim,,"0,00",,,"0,00",,fora da janela do painel (2021–2022; o painel cobre 2023–2026),2026-09-01,2025-12-16T18:14:28.151388
1981,2022,00110.01,não,sim,,"800.000,00",,,"800.000,00",,fora da janela do painel (2021–2022; o painel cobre 2023–2026),2026-09-01,2025-12-16T18:14:28.151388
1982,2022,00111.01,não,sim,,"168.140,00",,,"168.140,00",,fora da janela do painel (2021–2022; o painel cobre 2023–2026),2026-09-01,2025-12-16T18:14:28.151388
1983,2022,00112.01,não,sim,,"0,00",,,"0,00",,fora da janela do painel (2021–2022; o painel cobre 2023–2026),2026-09-01,2025-12-16T18:14:28.151388
1984,2022,00113.01,não,sim,,"755.000,00",,,"599.363,58",,fora da janela do painel (2021–2022; o painel cobre 2023–2026),2026-09-01,2025-12-16T18:14:28.151388
1985,2022,00114.01,não,sim,,"0,00",,,"0,00",,fora da janela do painel (2021–2022; o painel cobre 2023–2026),2026-09-01,2025-12-16T18:14:28.151388
1986,2022,00115.01,não,sim,,"0,00",,,"0,00",,fora da janela do painel (2021–2022; o painel cobre 2023–2026),2026-09-01,2025-12-16T18:14:28.151388
1987,2022,00116.01,não,sim,,"2.849.999,00",,,"2.699.999,00",,fora da janela do painel (2021–2022; o painel cobre 2023–2026),2026-09-01,2025-12-16T18:14:28.151388
1988,2022,00117.01,não,sim,,"300.000,00",,,"276.108,49",,fora da janela do painel (2021–2022; o painel cobre 2023–2026),2026-09-01,2025-12-16T18:14:28.151388
1989,2022,00118.01,não,sim,,"0,00",,,"0,00",,fora da janela do painel (2021–2022; o painel cobre 2023–2026),2026-09-01,2025-12-16T18:14:28.151388
1990,2022,00119.01,não,sim,,"0,00",,,"0,00",,fora da janela do painel (2021–2022; o painel cobre 2023–2026),2026-09-01,2025-12-16T18:14:28.151388
1991,2022,00120.01,não,sim,,"0,00",,,"0,00",,fora da janela do painel (2021–2022; o painel cobre 2023–2026),2026-09-01,2025-12-16T18:14:28.151388
1992,2022,00425.01,não,sim,,"0,00",,,"0,00",,fora da janela do painel (2021–2022; o painel cobre 2023–2026),2026-09-01,2025-12-16T18:14:28.151388
1993,2022,00426.01,não,sim,,"0,00",,,"0,00",,fora da janela do painel (2021–2022; o painel cobre 2023–2026),2026-09-01,2025-12-16T18:14:28.151388
1994,2022,00427.01,não,sim,,"0,00",,,"0,00",,fora da janela do painel (2021–2022; o painel cobre 2023–2026),2026-09-01,2025-12-16T18:14:28.151388
1995,2022,00428.01,não,sim,,"0,00",,,"0,00",,fora da janela do painel (2021–2022; o painel cobre 2023–2026),2026-09-01,2025-12-16T18:14:28.151388
1996,2022,00429.01,não,sim,,"32.224,00",,,"32.223,66",,fora da janela do painel (2021–2022; o painel cobre 2023–2026),2026-09-01,2025-12-16T18:14:28.151388
1997,2022,00430.01,não,sim,,"0,00",,,"0,00",,fora da janela do painel (2021–2022; o painel cobre 2023–2026),2026-09-01,2025-12-16T18:14:28.151388
1998,2022,00431.01,não,sim,,"0,00",,,"0,00",,fora da janela do painel (2021–2022; o painel cobre 2023–2026),2026-09-01,2025-12-16T18:14:28.151388
1999,2022,00432.01,não,sim,,"0,00",,,"0,00",,fora da janela do painel (2021–2022; o painel cobre 2023–2026),2026-09-01,2025-12-16T18:14:28.151388
2000,2022,00433.01,não,sim,,"0,00",,,"0,00",,fora da janela do painel (2021–2022; o painel cobre 2023–2026),2026-09-01,2025-12-16T18:14:28.151388
2001,2022,00434.01,não,sim,,"0,00",,,"0,00",,fora da janela do painel (2021–2022; o painel cobre 2023–2026),2026-09-01,2025-12-16T18:14:28.151388
2002,2022,00435.01,não,sim,,"0,00",,,"0,00",,fora da janela do painel (2021–2022; o painel cobre 2023–2026),2026-09-01,2025-12-16T18:14:28.151388
2003,2022,00436.01,não,sim,,"0,00",,,"0,00",,fora da janela do painel (2021–2022; o painel cobre 2023–2026),2026-09-01,2025-12-16T18:14:28.151388
2004,2022,00437.01,não,sim,,"150.000,00",,,"150.000,00",,fora da janela do painel (2021–2022; o painel cobre 2023–2026),2026-09-01,2025-12-16T18:14:28.151388
2005,2022,00438.01,não,sim,,"0,00",,,"0,00",,fora da janela do painel (2021–2022; o painel cobre 2023–2026),2026-09-01,2025-12-16T18:14:28.151388
2006,2022,00439.01,não,sim,,"0,00",,,"0,00",,fora da janela do painel (2021–2022; o painel cobre 2023–2026),2026-09-01,2025-12-16T18:14:28.151388
2007,2022,00440.01,não,sim,,"0,00",,,"0,00",,fora da janela do painel (2021–2022; o painel cobre 2023–2026),2026-09-01,2025-12-16T18:14:28.151388
2008,2022,00441.01,não,sim,,"1.470.000,00",,,"1.359.774,92",,fora da janela do painel (2021–2022; o painel cobre 2023–2026),2026-09-01,2025-12-16T18:14:28.151388
2009,2022,00442.01,não,sim,,"0,00",,,"0,00",,fora da janela do painel (2021–2022; o painel cobre 2023–2026),2026-09-01,2025-12-16T18:14:28.151388
2010,2022,00443.01,não,sim,,"200.000,00",,,"0,00",,fora da janela do painel (2021–2022; o painel cobre 2023–2026),2026-09-01,2025-12-16T18:14:28.151388
2011,2022,00444.01,não,sim,,"0,00",,,"0,00",,fora da janela do painel (2021–2022; o painel cobre 2023–2026),2026-09-01,2025-12-16T18:14:28.151388
2012,2022,00445.01,não,sim,,"1.000.000,00",,,"1.000.000,00",,fora da janela do painel (2021–2022; o painel cobre 2023–2026),2026-09-01,2025-12-16T18:14:28.151388
2013,2022,00446.01,não,sim,,"668.140,00",,,"668.140,00",,fora da janela do painel (2021–2022; o painel cobre 2023–2026),2026-09-01,2025-12-16T18:14:28.151388
2014,2022,00447.01,não,sim,,"1.620.000,00",,,"1.419.796,50",,fora da janela do painel (2021–2022; o painel cobre 2023–2026),2026-09-01,2025-12-16T18:14:28.151388
2015,2022,00448.01,não,sim,,"3.000.000,00",,,"3.000.000,00",,fora da janela do painel (2021–2022; o painel cobre 2023–2026),2026-09-01,2025-12-16T18:14:28.151388
2016,2022,00449.01,não,sim,,"1.500.000,00",,,"1.497.182,01",,fora da janela do painel (2021–2022; o painel cobre 2023–2026),2026-09-01,2025-12-16T18:14:28.151388
2017,2022,00451.01,não,sim,,"2.750.000,00",,,"2.736.000,00",,fora da janela do painel (2021–2022; o painel cobre 2023–2026),2026-09-01,2025-12-16T18:14:28.151388
2018,2022,00515.01,não,sim,,"0,00",,,"0,00",,fora da janela do painel (2021–2022; o painel cobre 2023–2026),2026-09-01,2025-12-16T18:14:28.151388
2019,2022,00397.01,não,sim,,"8.341.540,00",,,"8.341.540,00",,fora da janela do painel (2021–2022; o painel cobre 2023–2026),2026-09-01,2025-12-16T18:14:28.151388
2020,2022,00398.01,não,sim,,"0,00",,,"0,00",,fora da janela do painel (2021–2022; o painel cobre 2023–2026),2026-09-01,2025-12-16T18:14:28.151388
2021,2022,00399.01,não,sim,,"1.000.000,00",,,"1.000.000,00",,fora da janela do painel (2021–2022; o painel cobre 2023–2026),2026-09-01,2025-12-16T18:14:28.151388
2022,2022,00400.01,não,sim,,"0,00",,,"0,00",,fora da janela do painel (2021–2022; o painel cobre 2023–2026),2026-09-01,2025-12-16T18:14:28.151388
2023,2022,00401.01,não,sim,,"29,00",,,"0,00",,fora da janela do painel (2021–2022; o painel cobre 2023–2026),2026-09-01,2025-12-16T18:14:28.151388
2024,2022,00402.01,não,sim,,"155.000,00",,,"155.000,00",,fora da janela do painel (2021–2022; o painel cobre 2023–2026),2026-09-01,2025-12-16T18:14:28.151388
2025,2022,00403.01,não,sim,,"0,00",,,"0,00",,fora da janela do painel (2021–2022; o painel cobre 2023–2026),2026-09-01,2025-12-16T18:14:28.151388
2026,2022,00404.01,não,sim,,"0,00",,,"0,00",,fora da janela do painel (2021–2022; o painel cobre 2023–2026),2026-09-01,2025-12-16T18:14:28.151388
2027,2022,00405.01,não,sim,,"3.274,00",,,"3.273,13",,fora da janela do painel (2021–2022; o painel cobre 2023–2026),2026-09-01,2025-12-16T18:14:28.151388
2028,2022,00406.01,não,sim,,"400.000,00",,,"351.274,11",,fora da janela do painel (2021–2022; o painel cobre 2023–2026),2026-09-01,2025-12-16T18:14:28.151388
2029,2022,00407.01,não,sim,,"200.000,00",,,"200.000,00",,fora da janela do painel (2021–2022; o painel cobre 2023–2026),2026-09-01,2025-12-16T18:14:28.151388
2030,2022,00408.01,não,sim,,"0,00",,,"0,00",,fora da janela do painel (2021–2022; o painel cobre 2023–2026),2026-09-01,2025-12-16T18:14:28.151388
2031,2022,00409.01,não,sim,,"0,00",,,"0,00",,fora da janela do painel (2021–2022; o painel cobre 2023–2026),2026-09-01,2025-12-16T18:14:28.151388
2032,2022,00410.01,não,sim,,"0,00",,,"0,00",,fora da janela do painel (2021–2022; o painel cobre 2023–2026),2026-09-01,2025-12-16T18:14:28.151388
2033,2022,00411.01,não,sim,,"0,00",,,"0,00",,fora da janela do painel (2021–2022; o painel cobre 2023–2026),2026-09-01,2025-12-16T18:14:28.151388
2034,2022,00412.01,não,sim,,"0,00",,,"0,00",,fora da janela do painel (2021–2022; o painel cobre 2023–2026),2026-09-01,2025-12-16T18:14:28.151388
2035,2022,00413.01,não,sim,,"0,00",,,"0,00",,fora da janela do painel (2021–2022; o painel cobre 2023–2026),2026-09-01,2025-12-16T18:14:28.151388
2036,2022,00414.01,não,sim,,"0,00",,,"0,00",,fora da janela do painel (2021–2022; o painel cobre 2023–2026),2026-09-01,2025-12-16T18:14:28.151388
2037,2022,00415.01,não,sim,,"700.000,00",,,"699.999,85",,fora da janela do painel (2021–2022; o painel cobre 2023–2026),2026-09-01,2025-12-16T18:14:28.151388
2038,2022,00416.01,não,sim,,"0,00",,,"0,00",,fora da janela do painel (2021–2022; o painel cobre 2023–2026),2026-09-01,2025-12-16T18:14:28.151388
2039,2022,00417.01,não,sim,,"0,00",,,"0,00",,fora da janela do painel (2021–2022; o painel cobre 2023–2026),2026-09-01,2025-12-16T18:14:28.151388
2040,2022,00418.01,não,sim,,"500.000,00",,,"463.400,00",,fora da janela do painel (2021–2022; o painel cobre 2023–2026),2026-09-01,2025-12-16T18:14:28.151388
2041,2022,00419.01,não,sim,,"286.600,00",,,"286.591,48",,fora da janela do painel (2021–2022; o painel cobre 2023–2026),2026-09-01,2025-12-16T18:14:28.151388
2042,2022,00420.01,não,sim,,"0,00",,,"0,00",,fora da janela do painel (2021–2022; o painel cobre 2023–2026),2026-09-01,2025-12-16T18:14:28.151388
2043,2022,00421.01,não,sim,,"0,00",,,"0,00",,fora da janela do painel (2021–2022; o painel cobre 2023–2026),2026-09-01,2025-12-16T18:14:28.151388
2044,2022,00422.01,não,sim,,"0,00",,,"0,00",,fora da janela do painel (2021–2022; o painel cobre 2023–2026),2026-09-01,2025-12-16T18:14:28.151388
2045,2022,00423.01,não,sim,,"350.000,00",,,"345.617,94",,fora da janela do painel (2021–2022; o painel cobre 2023–2026),2026-09-01,2025-12-16T18:14:28.151388
2046,2022,00424.01,não,sim,,"0,00",,,"0,00",,fora da janela do painel (2021–2022; o painel cobre 2023–2026),2026-09-01,2025-12-16T18:14:28.151388
2047,2022,00300.01,não,sim,,"3.900.000,00",,,"3.900.000,00",,fora da janela do painel (2021–2022; o painel cobre 2023–2026),2026-09-01,2025-12-16T18:14:28.151388
2048,2022,00301.01,não,sim,,"0,00",,,"0,00",,fora da janela do painel (2021–2022; o painel cobre 2023–2026),2026-09-01,2025-12-16T18:14:28.151388
2049,2022,00302.01,não,sim,,"2.000,00",,,"0,00",,fora da janela do painel (2021–2022; o painel cobre 2023–2026),2026-09-01,2025-12-16T18:14:28.151388
2050,2022,00303.01,não,sim,,"500.000,00",,,"500.000,00",,fora da janela do painel (2021–2022; o painel cobre 2023–2026),2026-09-01,2025-12-16T18:14:28.151388
2051,2022,00304.01,não,sim,,"0,00",,,"0,00",,fora da janela do painel (2021–2022; o painel cobre 2023–2026),2026-09-01,2025-12-16T18:14:28.151388
2052,2022,00305.01,não,sim,,"1.000.000,00",,,"990.360,00",,fora da janela do painel (2021–2022; o painel cobre 2023–2026),2026-09-01,2025-12-16T18:14:28.151388
2053,2022,00306.01,não,sim,,"0,00",,,"0,00",,fora da janela do painel (2021–2022; o painel cobre 2023–2026),2026-09-01,2025-12-16T18:14:28.151388
2054,2022,00308.01,não,sim,,"1.970.640,00",,,"1.970.640,00",,fora da janela do painel (2021–2022; o painel cobre 2023–2026),2026-09-01,2025-12-16T18:14:28.151388
2055,2022,00309.01,não,sim,,"0,00",,,"0,00",,fora da janela do painel (2021–2022; o painel cobre 2023–2026),2026-09-01,2025-12-16T18:14:28.151388
2056,2022,00310.01,não,sim,,"200.000,00",,,"200.000,00",,fora da janela do painel (2021–2022; o painel cobre 2023–2026),2026-09-01,2025-12-16T18:14:28.151388
2057,2022,00311.01,não,sim,,"1.000.000,00",,,"1.000.000,00",,fora da janela do painel (2021–2022; o painel cobre 2023–2026),2026-09-01,2025-12-16T18:14:28.151388
2058,2022,00312.01,não,sim,,"0,00",,,"0,00",,fora da janela do painel (2021–2022; o painel cobre 2023–2026),2026-09-01,2025-12-16T18:14:28.151388
2059,2022,00313.01,não,sim,,"3.000.000,00",,,"3.000.000,00",,fora da janela do painel (2021–2022; o painel cobre 2023–2026),2026-09-01,2025-12-16T18:14:28.151388
2060,2022,00315.01,não,sim,,"400.000,00",,,"399.934,00",,fora da janela do painel (2021–2022; o painel cobre 2023–2026),2026-09-01,2025-12-16T18:14:28.151388
2061,2022,00316.01,não,sim,,"800.000,00",,,"800.000,00",,fora da janela do painel (2021–2022; o painel cobre 2023–2026),2026-09-01,2025-12-16T18:14:28.151388
2062,2022,00318.01,não,sim,,"300.000,00",,,"299.549,08",,fora da janela do painel (2021–2022; o painel cobre 2023–2026),2026-09-01,2025-12-16T18:14:28.151388
2063,2022,00319.01,não,sim,,"0,00",,,"0,00",,fora da janela do painel (2021–2022; o painel cobre 2023–2026),2026-09-01,2025-12-16T18:14:28.151388
2064,2022,00320.01,não,sim,,"0,00",,,"0,00",,fora da janela do painel (2021–2022; o painel cobre 2023–2026),2026-09-01,2025-12-16T18:14:28.151388
2065,2022,00321.01,não,sim,,"0,00",,,"0,00",,fora da janela do painel (2021–2022; o painel cobre 2023–2026),2026-09-01,2025-12-16T18:14:28.151388
2066,2022,00322.01,não,sim,,"0,00",,,"0,00",,fora da janela do painel (2021–2022; o painel cobre 2023–2026),2026-09-01,2025-12-16T18:14:28.151388
2067,2022,00323.01,não,sim,,"0,00",,,"0,00",,fora da janela do painel (2021–2022; o painel cobre 2023–2026),2026-09-01,2025-12-16T18:14:28.151388
2068,2022,00324.01,não,sim,,"200.000,00",,,"197.515,50",,fora da janela do painel (2021–2022; o painel cobre 2023–2026),2026-09-01,2025-12-16T18:14:28.151388
2069,2022,00522.01,não,sim,,"0,00",,,"0,00",,fora da janela do painel (2021–2022; o painel cobre 2023–2026),2026-09-01,2025-12-16T18:14:28.151388
2070,2022,00525.01,não,sim,,"0,00",,,"0,00",,fora da janela do painel (2021–2022; o painel cobre 2023–2026),2026-09-01,2025-12-16T18:14:28.151388
2071,2022,00325.01,não,sim,,"2.387.000,00",,,"2.383.720,00",,fora da janela do painel (2021–2022; o painel cobre 2023–2026),2026-09-01,2025-12-16T18:14:28.151388
2072,2022,00326.01,não,sim,,"4.500.000,00",,,"4.498.816,99",,fora da janela do painel (2021–2022; o painel cobre 2023–2026),2026-09-01,2025-12-16T18:14:28.151388
2073,2022,00327.01,não,sim,,"0,00",,,"0,00",,fora da janela do painel (2021–2022; o painel cobre 2023–2026),2026-09-01,2025-12-16T18:14:28.151388
2074,2022,00328.01,não,sim,,"0,00",,,"0,00",,fora da janela do painel (2021–2022; o painel cobre 2023–2026),2026-09-01,2025-12-16T18:14:28.151388
2075,2022,00329.01,não,sim,,"1.150.000,00",,,"940.187,27",,fora da janela do painel (2021–2022; o painel cobre 2023–2026),2026-09-01,2025-12-16T18:14:28.151388
2076,2022,00330.01,não,sim,,"1.000.000,00",,,"990.473,37",,fora da janela do painel (2021–2022; o painel cobre 2023–2026),2026-09-01,2025-12-16T18:14:28.151388
2077,2022,00331.01,não,sim,,"1.000.000,00",,,"1.000.000,00",,fora da janela do painel (2021–2022; o painel cobre 2023–2026),2026-09-01,2025-12-16T18:14:28.151388
2078,2022,00247.01,não,sim,,"800.000,00",,,"800.000,00",,fora da janela do painel (2021–2022; o painel cobre 2023–2026),2026-09-01,2025-12-16T18:14:28.151388
2079,2022,00248.01,não,sim,,"0,00",,,"0,00",,fora da janela do painel (2021–2022; o painel cobre 2023–2026),2026-09-01,2025-12-16T18:14:28.151388
2080,2022,00249.01,não,sim,,"0,00",,,"0,00",,fora da janela do painel (2021–2022; o painel cobre 2023–2026),2026-09-01,2025-12-16T18:14:28.151388
2081,2022,00250.01,não,sim,,"250.000,00",,,"250.000,00",,fora da janela do painel (2021–2022; o painel cobre 2023–2026),2026-09-01,2025-12-16T18:14:28.151388
2082,2022,00251.01,não,sim,,"200.000,00",,,"0,00",,fora da janela do painel (2021–2022; o painel cobre 2023–2026),2026-09-01,2025-12-16T18:14:28.151388
2083,2022,00252.01,não,sim,,"894.886,00",,,"744.885,45",,fora da janela do painel (2021–2022; o painel cobre 2023–2026),2026-09-01,2025-12-16T18:14:28.151388
2084,2022,00253.01,não,sim,,"0,00",,,"0,00",,fora da janela do painel (2021–2022; o painel cobre 2023–2026),2026-09-01,2025-12-16T18:14:28.151388
2085,2022,00254.01,não,sim,,"981.540,00",,,"793.433,56",,fora da janela do painel (2021–2022; o painel cobre 2023–2026),2026-09-01,2025-12-16T18:14:28.151388
2086,2022,00255.01,não,sim,,"0,00",,,"0,00",,fora da janela do painel (2021–2022; o painel cobre 2023–2026),2026-09-01,2025-12-16T18:14:28.151388
2087,2022,00256.01,não,sim,,"0,00",,,"0,00",,fora da janela do painel (2021–2022; o painel cobre 2023–2026),2026-09-01,2025-12-16T18:14:28.151388
2088,2022,00257.01,não,sim,,"113.000,00",,,"112.998,63",,fora da janela do painel (2021–2022; o painel cobre 2023–2026),2026-09-01,2025-12-16T18:14:28.151388
2089,2022,00258.01,não,sim,,"1.577.254,00",,,"1.377.253,01",,fora da janela do painel (2021–2022; o painel cobre 2023–2026),2026-09-01,2025-12-16T18:14:28.151388
2090,2022,00259.01,não,sim,,"0,00",,,"0,00",,fora da janela do painel (2021–2022; o painel cobre 2023–2026),2026-09-01,2025-12-16T18:14:28.151388
2091,2022,00260.01,não,sim,,"0,00",,,"0,00",,fora da janela do painel (2021–2022; o painel cobre 2023–2026),2026-09-01,2025-12-16T18:14:28.151388
2092,2022,00261.01,não,sim,,"0,00",,,"0,00",,fora da janela do painel (2021–2022; o painel cobre 2023–2026),2026-09-01,2025-12-16T18:14:28.151388
2093,2022,00262.01,não,sim,,"150.000,00",,,"150.000,00",,fora da janela do painel (2021–2022; o painel cobre 2023–2026),2026-09-01,2025-12-16T18:14:28.151388
2094,2022,00263.01,não,sim,,"0,00",,,"0,00",,fora da janela do painel (2021–2022; o painel cobre 2023–2026),2026-09-01,2025-12-16T18:14:28.151388
2095,2022,00264.01,não,sim,,"286.397,00",,,"286.396,12",,fora da janela do painel (2021–2022; o painel cobre 2023–2026),2026-09-01,2025-12-16T18:14:28.151388
2096,2022,00265.01,não,sim,,"0,00",,,"0,00",,fora da janela do painel (2021–2022; o painel cobre 2023–2026),2026-09-01,2025-12-16T18:14:28.151388
2097,2022,00266.01,não,sim,,"75.000,00",,,"75.000,00",,fora da janela do painel (2021–2022; o painel cobre 2023–2026),2026-09-01,2025-12-16T18:14:28.151388
2098,2022,00267.01,não,sim,,"5.123.140,00",,,"5.123.140,00",,fora da janela do painel (2021–2022; o painel cobre 2023–2026),2026-09-01,2025-12-16T18:14:28.151388
2099,2022,00268.01,não,sim,,"0,00",,,"0,00",,fora da janela do painel (2021–2022; o painel cobre 2023–2026),2026-09-01,2025-12-16T18:14:28.151388
2100,2022,00269.01,não,sim,,"0,00",,,"0,00",,fora da janela do painel (2021–2022; o painel cobre 2023–2026),2026-09-01,2025-12-16T18:14:28.151388
2101,2022,00270.01,não,sim,,"0,00",,,"0,00",,fora da janela do painel (2021–2022; o painel cobre 2023–2026),2026-09-01,2025-12-16T18:14:28.151388
2102,2022,00271.01,não,sim,,"0,00",,,"0,00",,fora da janela do painel (2021–2022; o painel cobre 2023–2026),2026-09-01,2025-12-16T18:14:28.151388
2103,2022,00272.01,não,sim,,"0,00",,,"0,00",,fora da janela do painel (2021–2022; o painel cobre 2023–2026),2026-09-01,2025-12-16T18:14:28.151388
2104,2022,00273.01,não,sim,,"0,00",,,"0,00",,fora da janela do painel (2021–2022; o painel cobre 2023–2026),2026-09-01,2025-12-16T18:14:28.151388
2105,2022,00274.01,não,sim,,"0,00",,,"0,00",,fora da janela do painel (2021–2022; o painel cobre 2023–2026),2026-09-01,2025-12-16T18:14:28.151388
2106,2022,00275.01,não,sim,,"0,00",,,"0,00",,fora da janela do painel (2021–2022; o painel cobre 2023–2026),2026-09-01,2025-12-16T18:14:28.151388
2107,2022,00332.01,não,sim,,"0,00",,,"0,00",,fora da janela do painel (2021–2022; o painel cobre 2023–2026),2026-09-01,2025-12-16T18:14:28.151388
2108,2022,00026.01,não,sim,,"2.708.840,00",,,"2.708.816,52",,fora da janela do painel (2021–2022; o painel cobre 2023–2026),2026-09-01,2025-12-16T18:14:28.151388
2109,2022,00027.01,não,sim,,"0,00",,,"0,00",,fora da janela do painel (2021–2022; o painel cobre 2023–2026),2026-09-01,2025-12-16T18:14:28.151388
2110,2022,00028.01,não,sim,,"100.000,00",,,"57.690,40",,fora da janela do painel (2021–2022; o painel cobre 2023–2026),2026-09-01,2025-12-16T18:14:28.151388
2111,2022,00029.01,não,sim,,"935.000,00",,,"50.000,00",,fora da janela do painel (2021–2022; o painel cobre 2023–2026),2026-09-01,2025-12-16T18:14:28.151388
2112,2022,00030.01,não,sim,,"12.072.300,00",,,"12.072.300,00",,fora da janela do painel (2021–2022; o painel cobre 2023–2026),2026-09-01,2025-12-16T18:14:28.151388
2113,2022,00031.01,não,sim,,"0,00",,,"0,00",,fora da janela do painel (2021–2022; o painel cobre 2023–2026),2026-09-01,2025-12-16T18:14:28.151388
2114,2022,00032.01,não,sim,,"0,00",,,"0,00",,fora da janela do painel (2021–2022; o painel cobre 2023–2026),2026-09-01,2025-12-16T18:14:28.151388
2115,2022,00033.01,não,sim,,"0,00",,,"0,00",,fora da janela do painel (2021–2022; o painel cobre 2023–2026),2026-09-01,2025-12-16T18:14:28.151388
2116,2022,00034.01,não,sim,,"0,00",,,"0,00",,fora da janela do painel (2021–2022; o painel cobre 2023–2026),2026-09-01,2025-12-16T18:14:28.151388
2117,2022,00035.01,não,sim,,"1.350.000,00",,,"1.350.000,00",,fora da janela do painel (2021–2022; o painel cobre 2023–2026),2026-09-01,2025-12-16T18:14:28.151388
2118,2022,00036.01,não,sim,,"0,00",,,"0,00",,fora da janela do painel (2021–2022; o painel cobre 2023–2026),2026-09-01,2025-12-16T18:14:28.151388
2119,2022,00037.01,não,sim,,"800.000,00",,,"800.000,00",,fora da janela do painel (2021–2022; o painel cobre 2023–2026),2026-09-01,2025-12-16T18:14:28.151388
2120,2022,00038.01,não,sim,,"600.000,00",,,"400.000,00",,fora da janela do painel (2021–2022; o painel cobre 2023–2026),2026-09-01,2025-12-16T18:14:28.151388
2121,2022,00039.01,não,sim,,"350.000,00",,,"0,00",,fora da janela do painel (2021–2022; o painel cobre 2023–2026),2026-09-01,2025-12-16T18:14:28.151388
2122,2022,00040.01,não,sim,,"350.000,00",,,"349.587,08",,fora da janela do painel (2021–2022; o painel cobre 2023–2026),2026-09-01,2025-12-16T18:14:28.151388
2123,2022,00041.01,não,sim,,"0,00",,,"0,00",,fora da janela do painel (2021–2022; o painel cobre 2023–2026),2026-09-01,2025-12-16T18:14:28.151388
2124,2022,00042.01,não,sim,,"0,00",,,"0,00",,fora da janela do painel (2021–2022; o painel cobre 2023–2026),2026-09-01,2025-12-16T18:14:28.151388
2125,2022,00043.01,não,sim,,"350.000,00",,,"0,00",,fora da janela do painel (2021–2022; o painel cobre 2023–2026),2026-09-01,2025-12-16T18:14:28.151388
2126,2022,00044.01,não,sim,,"240.000,00",,,"0,00",,fora da janela do painel (2021–2022; o painel cobre 2023–2026),2026-09-01,2025-12-16T18:14:28.151388
2127,2022,00045.01,não,sim,,"0,00",,,"0,00",,fora da janela do painel (2021–2022; o painel cobre 2023–2026),2026-09-01,2025-12-16T18:14:28.151388
2128,2022,00375.01,não,sim,,"0,00",,,"0,00",,fora da janela do painel (2021–2022; o painel cobre 2023–2026),2026-09-01,2025-12-16T18:14:28.151388
2129,2022,00376.01,não,sim,,"3.720.000,00",,,"3.710.000,00",,fora da janela do painel (2021–2022; o painel cobre 2023–2026),2026-09-01,2025-12-16T18:14:28.151388
2130,2022,00377.01,não,sim,,"300.000,00",,,"300.000,00",,fora da janela do painel (2021–2022; o painel cobre 2023–2026),2026-09-01,2025-12-16T18:14:28.151388
2131,2022,00378.01,não,sim,,"1.700.000,00",,,"1.700.000,00",,fora da janela do painel (2021–2022; o painel cobre 2023–2026),2026-09-01,2025-12-16T18:14:28.151388
2132,2022,00379.01,não,sim,,"1.913.505,00",,,"1.913.504,01",,fora da janela do painel (2021–2022; o painel cobre 2023–2026),2026-09-01,2025-12-16T18:14:28.151388
2133,2022,00380.01,não,sim,,"1.647.285,00",,,"1.496.984,82",,fora da janela do painel (2021–2022; o painel cobre 2023–2026),2026-09-01,2025-12-16T18:14:28.151388
2134,2022,00381.01,não,sim,,"620.000,00",,,"620.000,00",,fora da janela do painel (2021–2022; o painel cobre 2023–2026),2026-09-01,2025-12-16T18:14:28.151388
2135,2022,00382.01,não,sim,,"0,00",,,"0,00",,fora da janela do painel (2021–2022; o painel cobre 2023–2026),2026-09-01,2025-12-16T18:14:28.151388
2136,2022,00383.01,não,sim,,"800.000,00",,,"599.438,00",,fora da janela do painel (2021–2022; o painel cobre 2023–2026),2026-09-01,2025-12-16T18:14:28.151388
2137,2022,00384.01,não,sim,,"0,00",,,"0,00",,fora da janela do painel (2021–2022; o painel cobre 2023–2026),2026-09-01,2025-12-16T18:14:28.151388
2138,2022,00385.01,não,sim,,"0,00",,,"0,00",,fora da janela do painel (2021–2022; o painel cobre 2023–2026),2026-09-01,2025-12-16T18:14:28.151388
2139,2022,00386.01,não,sim,,"0,00",,,"0,00",,fora da janela do painel (2021–2022; o painel cobre 2023–2026),2026-09-01,2025-12-16T18:14:28.151388
2140,2022,00387.01,não,sim,,"1.279.554,00",,,"1.279.552,39",,fora da janela do painel (2021–2022; o painel cobre 2023–2026),2026-09-01,2025-12-16T18:14:28.151388
2141,2022,00388.01,não,sim,,"0,00",,,"0,00",,fora da janela do painel (2021–2022; o painel cobre 2023–2026),2026-09-01,2025-12-16T18:14:28.151388
2142,2022,00390.01,não,sim,,"700.000,00",,,"700.000,00",,fora da janela do painel (2021–2022; o painel cobre 2023–2026),2026-09-01,2025-12-16T18:14:28.151388
2143,2022,00393.01,não,sim,,"0,00",,,"0,00",,fora da janela do painel (2021–2022; o painel cobre 2023–2026),2026-09-01,2025-12-16T18:14:28.151388
2144,2022,00394.01,não,sim,,"0,00",,,"0,00",,fora da janela do painel (2021–2022; o painel cobre 2023–2026),2026-09-01,2025-12-16T18:14:28.151388
2145,2022,00395.01,não,sim,,"0,00",,,"0,00",,fora da janela do painel (2021–2022; o painel cobre 2023–2026),2026-09-01,2025-12-16T18:14:28.151388
2146,2022,00396.01,não,sim,,"0,00",,,"0,00",,fora da janela do painel (2021–2022; o painel cobre 2023–2026),2026-09-01,2025-12-16T18:14:28.151388
2147,2022,00518.01,não,sim,,"0,00",,,"0,00",,fora da janela do painel (2021–2022; o painel cobre 2023–2026),2026-09-01,2025-12-16T18:14:28.151388
2148,2022,00527.01,não,sim,,"500.000,00",,,"500.000,00",,fora da janela do painel (2021–2022; o painel cobre 2023–2026),2026-09-01,2025-12-16T18:14:28.151388
2149,2022,00577.01,não,sim,,"800.000,00",,,"800.000,00",,fora da janela do painel (2021–2022; o painel cobre 2023–2026),2026-09-01,2025-12-16T18:14:28.151388
2150,2022,00551.01,não,sim,,"516,00",,,"0,00",,fora da janela do painel (2021–2022; o painel cobre 2023–2026),2026-09-01,2025-12-16T18:14:28.151388
2151,2022,00552.01,não,sim,,"700.000,00",,,"700.000,00",,fora da janela do painel (2021–2022; o painel cobre 2023–2026),2026-09-01,2025-12-16T18:14:28.151388
2152,2022,00553.01,não,sim,,"0,00",,,"0,00",,fora da janela do painel (2021–2022; o painel cobre 2023–2026),2026-09-01,2025-12-16T18:14:28.151388
2153,2022,00555.01,não,sim,,"30.000,00",,,"30.000,00",,fora da janela do painel (2021–2022; o painel cobre 2023–2026),2026-09-01,2025-12-16T18:14:28.151388
2154,2022,00556.01,não,sim,,"1.000,00",,,"0,00",,fora da janela do painel (2021–2022; o painel cobre 2023–2026),2026-09-01,2025-12-16T18:14:28.151388
2155,2022,00557.01,não,sim,,"1.605.975,00",,,"1.599.960,66",,fora da janela do painel (2021–2022; o painel cobre 2023–2026),2026-09-01,2025-12-16T18:14:28.151388
2156,2022,00558.01,não,sim,,"1.060.000,00",,,"1.059.740,14",,fora da janela do painel (2021–2022; o painel cobre 2023–2026),2026-09-01,2025-12-16T18:14:28.151388
2157,2022,00559.01,não,sim,,"4.663.500,00",,,"4.663.500,00",,fora da janela do painel (2021–2022; o painel cobre 2023–2026),2026-09-01,2025-12-16T18:14:28.151388
2158,2022,00560.01,não,sim,,"2.680.000,00",,,"1.958.215,81",,fora da janela do painel (2021–2022; o painel cobre 2023–2026),2026-09-01,2025-12-16T18:14:28.151388
2159,2022,00561.01,não,sim,,"0,00",,,"0,00",,fora da janela do painel (2021–2022; o painel cobre 2023–2026),2026-09-01,2025-12-16T18:14:28.151388
2160,2022,00562.01,não,sim,,"0,00",,,"0,00",,fora da janela do painel (2021–2022; o painel cobre 2023–2026),2026-09-01,2025-12-16T18:14:28.151388
2161,2022,00563.01,não,sim,,"0,00",,,"0,00",,fora da janela do painel (2021–2022; o painel cobre 2023–2026),2026-09-01,2025-12-16T18:14:28.151388
2162,2022,00564.01,não,sim,,"600.000,00",,,"0,00",,fora da janela do painel (2021–2022; o painel cobre 2023–2026),2026-09-01,2025-12-16T18:14:28.151388
2163,2022,00565.01,não,sim,,"0,00",,,"0,00",,fora da janela do painel (2021–2022; o painel cobre 2023–2026),2026-09-01,2025-12-16T18:14:28.151388
2164,2022,00566.01,não,sim,,"0,00",,,"0,00",,fora da janela do painel (2021–2022; o painel cobre 2023–2026),2026-09-01,2025-12-16T18:14:28.151388
2165,2022,00567.01,não,sim,,"0,00",,,"0,00",,fora da janela do painel (2021–2022; o painel cobre 2023–2026),2026-09-01,2025-12-16T18:14:28.151388
2166,2022,00568.01,não,sim,,"0,00",,,"0,00",,fora da janela do painel (2021–2022; o painel cobre 2023–2026),2026-09-01,2025-12-16T18:14:28.151388
2167,2022,00569.01,não,sim,,"0,00",,,"0,00",,fora da janela do painel (2021–2022; o painel cobre 2023–2026),2026-09-01,2025-12-16T18:14:28.151388
2168,2022,00570.01,não,sim,,"500,00",,,"0,00",,fora da janela do painel (2021–2022; o painel cobre 2023–2026),2026-09-01,2025-12-16T18:14:28.151388
2169,2022,00571.01,não,sim,,"1.031,00",,,"0,00",,fora da janela do painel (2021–2022; o painel cobre 2023–2026),2026-09-01,2025-12-16T18:14:28.151388
2170,2022,00597.01,não,sim,,"500.000,00",,,"500.000,00",,fora da janela do painel (2021–2022; o painel cobre 2023–2026),2026-09-01,2025-12-16T18:14:28.151388
2171,2022,00600.01,não,sim,,"1.000.000,00",,,"1.000.000,00",,fora da janela do painel (2021–2022; o painel cobre 2023–2026),2026-09-01,2025-12-16T18:14:28.151388
2172,2022,00602.01,não,sim,,"1.000.000,00",,,"999.973,20",,fora da janela do painel (2021–2022; o painel cobre 2023–2026),2026-09-01,2025-12-16T18:14:28.151388
2173,2022,00002.01,não,sim,,"2.657.356,00",,,"2.657.356,00",,fora da janela do painel (2021–2022; o painel cobre 2023–2026),2026-09-01,2025-12-16T18:14:28.151388
2174,2022,00003.01,não,sim,,"5.945.621,00",,,"5.941.767,16",,fora da janela do painel (2021–2022; o painel cobre 2023–2026),2026-09-01,2025-12-16T18:14:28.151388
2175,2022,00004.01,não,sim,,"6.300.711,00",,,"6.300.707,48",,fora da janela do painel (2021–2022; o painel cobre 2023–2026),2026-09-01,2025-12-16T18:14:28.151388
2176,2022,00005.01,não,sim,,"2.519.808,00",,,"2.519.807,75",,fora da janela do painel (2021–2022; o painel cobre 2023–2026),2026-09-01,2025-12-16T18:14:28.151388
2177,2022,00006.01,não,sim,,"0,00",,,"0,00",,fora da janela do painel (2021–2022; o painel cobre 2023–2026),2026-09-01,2025-12-16T18:14:28.151388
2178,2022,00009.01,não,sim,,"550.000,00",,,"545.481,43",,fora da janela do painel (2021–2022; o painel cobre 2023–2026),2026-09-01,2025-12-16T18:14:28.151388
2179,2022,00010.01,não,sim,,"700.000,00",,,"700.000,00",,fora da janela do painel (2021–2022; o painel cobre 2023–2026),2026-09-01,2025-12-16T18:14:28.151388
2180,2022,00012.01,não,sim,,"0,00",,,"0,00",,fora da janela do painel (2021–2022; o painel cobre 2023–2026),2026-09-01,2025-12-16T18:14:28.151388
2181,2022,00013.01,não,sim,,"0,00",,,"0,00",,fora da janela do painel (2021–2022; o painel cobre 2023–2026),2026-09-01,2025-12-16T18:14:28.151388
2182,2022,00014.01,não,sim,,"0,00",,,"0,00",,fora da janela do painel (2021–2022; o painel cobre 2023–2026),2026-09-01,2025-12-16T18:14:28.151388
2183,2022,00016.01,não,sim,,"0,00",,,"0,00",,fora da janela do painel (2021–2022; o painel cobre 2023–2026),2026-09-01,2025-12-16T18:14:28.151388
2184,2022,00017.01,não,sim,,"0,00",,,"0,00",,fora da janela do painel (2021–2022; o painel cobre 2023–2026),2026-09-01,2025-12-16T18:14:28.151388
2185,2022,00018.01,não,sim,,"0,00",,,"0,00",,fora da janela do painel (2021–2022; o painel cobre 2023–2026),2026-09-01,2025-12-16T18:14:28.151388
2186,2022,00019.01,não,sim,,"0,00",,,"0,00",,fora da janela do painel (2021–2022; o painel cobre 2023–2026),2026-09-01,2025-12-16T18:14:28.151388
2187,2022,00020.01,não,sim,,"0,00",,,"0,00",,fora da janela do painel (2021–2022; o painel cobre 2023–2026),2026-09-01,2025-12-16T18:14:28.151388
2188,2022,00021.01,não,sim,,"0,00",,,"0,00",,fora da janela do painel (2021–2022; o painel cobre 2023–2026),2026-09-01,2025-12-16T18:14:28.151388
2189,2022,00022.01,não,sim,,"350.000,00",,,"0,00",,fora da janela do painel (2021–2022; o painel cobre 2023–2026),2026-09-01,2025-12-16T18:14:28.151388
2190,2022,00023.01,não,sim,,"200.000,00",,,"200.000,00",,fora da janela do painel (2021–2022; o painel cobre 2023–2026),2026-09-01,2025-12-16T18:14:28.151388
2191,2022,00024.01,não,sim,,"0,00",,,"0,00",,fora da janela do painel (2021–2022; o painel cobre 2023–2026),2026-09-01,2025-12-16T18:14:28.151388
2192,2022,00025.01,não,sim,,"0,00",,,"0,00",,fora da janela do painel (2021–2022; o painel cobre 2023–2026),2026-09-01,2025-12-16T18:14:28.151388
2193,2022,00511.01,não,sim,,"33.950,00",,,"33.627,97",,fora da janela do painel (2021–2022; o painel cobre 2023–2026),2026-09-01,2025-12-16T18:14:28.151388
2194,2022,00512.01,não,sim,,"0,00",,,"0,00",,fora da janela do painel (2021–2022; o painel cobre 2023–2026),2026-09-01,2025-12-16T18:14:28.151388
2195,2022,00513.01,não,sim,,"93.000,00",,,"89.813,99",,fora da janela do painel (2021–2022; o painel cobre 2023–2026),2026-09-01,2025-12-16T18:14:28.151388
2196,2022,00524.01,não,sim,,"0,00",,,"0,00",,fora da janela do painel (2021–2022; o painel cobre 2023–2026),2026-09-01,2025-12-16T18:14:28.151388
2197,2022,00590.01,não,sim,,"0,00",,,"0,00",,fora da janela do painel (2021–2022; o painel cobre 2023–2026),2026-09-01,2025-12-16T18:14:28.151388
2198,2022,00121.01,não,sim,,"4.000.000,00",,,"4.000.000,00",,fora da janela do painel (2021–2022; o painel cobre 2023–2026),2026-09-01,2025-12-16T18:14:28.151388
2199,2022,00122.01,não,sim,,"10.059.400,00",,,"10.059.400,00",,fora da janela do painel (2021–2022; o painel cobre 2023–2026),2026-09-01,2025-12-16T18:14:28.151388
2200,2022,00123.01,não,sim,,"300.000,00",,,"294.929,43",,fora da janela do painel (2021–2022; o painel cobre 2023–2026),2026-09-01,2025-12-16T18:14:28.151388
2201,2022,00124.01,não,sim,,"34.808,00",,,"34.808,00",,fora da janela do painel (2021–2022; o painel cobre 2023–2026),2026-09-01,2025-12-16T18:14:28.151388
2202,2022,00125.01,não,sim,,"0,00",,,"0,00",,fora da janela do painel (2021–2022; o painel cobre 2023–2026),2026-09-01,2025-12-16T18:14:28.151388
2203,2022,00126.01,não,sim,,"0,00",,,"0,00",,fora da janela do painel (2021–2022; o painel cobre 2023–2026),2026-09-01,2025-12-16T18:14:28.151388
2204,2022,00127.01,não,sim,,"0,00",,,"0,00",,fora da janela do painel (2021–2022; o painel cobre 2023–2026),2026-09-01,2025-12-16T18:14:28.151388
2205,2022,00128.01,não,sim,,"0,00",,,"0,00",,fora da janela do painel (2021–2022; o painel cobre 2023–2026),2026-09-01,2025-12-16T18:14:28.151388
2206,2022,00129.01,não,sim,,"500.000,00",,,"498.488,60",,fora da janela do painel (2021–2022; o painel cobre 2023–2026),2026-09-01,2025-12-16T18:14:28.151388
2207,2022,00130.01,não,sim,,"0,00",,,"0,00",,fora da janela do painel (2021–2022; o painel cobre 2023–2026),2026-09-01,2025-12-16T18:14:28.151388
2208,2022,00131.01,não,sim,,"1.000.000,00",,,"1.000.000,00",,fora da janela do painel (2021–2022; o painel cobre 2023–2026),2026-09-01,2025-12-16T18:14:28.151388
2209,2022,00132.01,não,sim,,"0,00",,,"0,00",,fora da janela do painel (2021–2022; o painel cobre 2023–2026),2026-09-01,2025-12-16T18:14:28.151388
2210,2022,00133.01,não,sim,,"140.000,00",,,"140.000,00",,fora da janela do painel (2021–2022; o painel cobre 2023–2026),2026-09-01,2025-12-16T18:14:28.151388
2211,2022,00134.01,não,sim,,"0,00",,,"0,00",,fora da janela do painel (2021–2022; o painel cobre 2023–2026),2026-09-01,2025-12-16T18:14:28.151388
2212,2022,00135.01,não,sim,,"200.000,00",,,"200.000,00",,fora da janela do painel (2021–2022; o painel cobre 2023–2026),2026-09-01,2025-12-16T18:14:28.151388
2213,2022,00136.01,não,sim,,"500.000,00",,,"462.542,63",,fora da janela do painel (2021–2022; o painel cobre 2023–2026),2026-09-01,2025-12-16T18:14:28.151388
2214,2022,00137.01,não,sim,,"0,00",,,"0,00",,fora da janela do painel (2021–2022; o painel cobre 2023–2026),2026-09-01,2025-12-16T18:14:28.151388
2215,2022,00138.01,não,sim,,"0,00",,,"0,00",,fora da janela do painel (2021–2022; o painel cobre 2023–2026),2026-09-01,2025-12-16T18:14:28.151388
2216,2022,00514.01,não,sim,,"0,00",,,"0,00",,fora da janela do painel (2021–2022; o painel cobre 2023–2026),2026-09-01,2025-12-16T18:14:28.151388
2217,2022,00193.01,não,sim,,"3.000.000,00",,,"2.964.815,40",,fora da janela do painel (2021–2022; o painel cobre 2023–2026),2026-09-01,2025-12-16T18:14:28.151388
2218,2022,00195.01,não,sim,,"2.129.140,00",,,"2.129.140,00",,fora da janela do painel (2021–2022; o painel cobre 2023–2026),2026-09-01,2025-12-16T18:14:28.151388
2219,2022,00196.01,não,sim,,"1.042.700,00",,,"1.042.700,00",,fora da janela do painel (2021–2022; o painel cobre 2023–2026),2026-09-01,2025-12-16T18:14:28.151388
2220,2022,00197.01,não,sim,,"1.400.000,00",,,"1.304.226,86",,fora da janela do painel (2021–2022; o painel cobre 2023–2026),2026-09-01,2025-12-16T18:14:28.151388
2221,2022,00198.01,não,sim,,"1.800.000,00",,,"1.800.000,00",,fora da janela do painel (2021–2022; o painel cobre 2023–2026),2026-09-01,2025-12-16T18:14:28.151388
2222,2022,00200.01,não,sim,,"480.000,00",,,"480.000,00",,fora da janela do painel (2021–2022; o painel cobre 2023–2026),2026-09-01,2025-12-16T18:14:28.151388
2223,2022,00201.01,não,sim,,"595.428,00",,,"595.427,09",,fora da janela do painel (2021–2022; o painel cobre 2023–2026),2026-09-01,2025-12-16T18:14:28.151388
2224,2022,00202.01,não,sim,,"50.000,00",,,"47.795,00",,fora da janela do painel (2021–2022; o painel cobre 2023–2026),2026-09-01,2025-12-16T18:14:28.151388
2225,2022,00203.01,não,sim,,"300.000,00",,,"299.754,68",,fora da janela do painel (2021–2022; o painel cobre 2023–2026),2026-09-01,2025-12-16T18:14:28.151388
2226,2022,00204.01,não,sim,,"0,00",,,"0,00",,fora da janela do painel (2021–2022; o painel cobre 2023–2026),2026-09-01,2025-12-16T18:14:28.151388
2227,2022,00205.01,não,sim,,"0,00",,,"0,00",,fora da janela do painel (2021–2022; o painel cobre 2023–2026),2026-09-01,2025-12-16T18:14:28.151388
2228,2022,00206.01,não,sim,,"0,00",,,"0,00",,fora da janela do painel (2021–2022; o painel cobre 2023–2026),2026-09-01,2025-12-16T18:14:28.151388
2229,2022,00207.01,não,sim,,"0,00",,,"0,00",,fora da janela do painel (2021–2022; o painel cobre 2023–2026),2026-09-01,2025-12-16T18:14:28.151388
2230,2022,00208.01,não,sim,,"0,00",,,"0,00",,fora da janela do painel (2021–2022; o painel cobre 2023–2026),2026-09-01,2025-12-16T18:14:28.151388
2231,2022,00209.01,não,sim,,"0,00",,,"0,00",,fora da janela do painel (2021–2022; o painel cobre 2023–2026),2026-09-01,2025-12-16T18:14:28.151388
2232,2022,00210.01,não,sim,,"0,00",,,"0,00",,fora da janela do painel (2021–2022; o painel cobre 2023–2026),2026-09-01,2025-12-16T18:14:28.151388
2233,2022,00211.01,não,sim,,"0,00",,,"0,00",,fora da janela do painel (2021–2022; o painel cobre 2023–2026),2026-09-01,2025-12-16T18:14:28.151388
2234,2022,00212.01,não,sim,,"0,00",,,"0,00",,fora da janela do painel (2021–2022; o painel cobre 2023–2026),2026-09-01,2025-12-16T18:14:28.151388
2235,2022,00213.01,não,sim,,"0,00",,,"0,00",,fora da janela do painel (2021–2022; o painel cobre 2023–2026),2026-09-01,2025-12-16T18:14:28.151388
2236,2022,00214.01,não,sim,,"1.000.000,00",,,"999.929,76",,fora da janela do painel (2021–2022; o painel cobre 2023–2026),2026-09-01,2025-12-16T18:14:28.151388
2237,2022,00215.01,não,sim,,"1.600.000,00",,,"1.593.784,23",,fora da janela do painel (2021–2022; o painel cobre 2023–2026),2026-09-01,2025-12-16T18:14:28.151388
2238,2022,00216.01,não,sim,,"1.650.000,00",,,"1.150.000,00",,fora da janela do painel (2021–2022; o painel cobre 2023–2026),2026-09-01,2025-12-16T18:14:28.151388
2239,2022,00217.01,não,sim,,"400.000,00",,,"400.000,00",,fora da janela do painel (2021–2022; o painel cobre 2023–2026),2026-09-01,2025-12-16T18:14:28.151388
2240,2022,00218.01,não,sim,,"0,00",,,"0,00",,fora da janela do painel (2021–2022; o painel cobre 2023–2026),2026-09-01,2025-12-16T18:14:28.151388
2241,2022,00219.01,não,sim,,"0,00",,,"0,00",,fora da janela do painel (2021–2022; o painel cobre 2023–2026),2026-09-01,2025-12-16T18:14:28.151388
2242,2022,00220.01,não,sim,,"3.786.300,00",,,"3.786.300,00",,fora da janela do painel (2021–2022; o painel cobre 2023–2026),2026-09-01,2025-12-16T18:14:28.151388
2243,2022,00526.01,não,sim,,"1.800.000,00",,,"1.602.729,60",,fora da janela do painel (2021–2022; o painel cobre 2023–2026),2026-09-01,2025-12-16T18:14:28.151388
2244,2022,00604.01,não,sim,,"179.105,00",,,"179.105,00",,fora da janela do painel (2021–2022; o painel cobre 2023–2026),2026-09-01,2025-12-16T18:14:28.151388
2245,2022,00478.01,não,sim,,"0,00",,,"0,00",,fora da janela do painel (2021–2022; o painel cobre 2023–2026),2026-09-01,2025-12-16T18:14:28.151388
2246,2022,00479.01,não,sim,,"0,00",,,"0,00",,fora da janela do painel (2021–2022; o painel cobre 2023–2026),2026-09-01,2025-12-16T18:14:28.151388
2247,2022,00480.01,não,sim,,"0,00",,,"0,00",,fora da janela do painel (2021–2022; o painel cobre 2023–2026),2026-09-01,2025-12-16T18:14:28.151388
2248,2022,00481.01,não,sim,,"0,00",,,"0,00",,fora da janela do painel (2021–2022; o painel cobre 2023–2026),2026-09-01,2025-12-16T18:14:28.151388
2249,2022,00482.01,não,sim,,"9.151.000,00",,,"9.151.000,00",,fora da janela do painel (2021–2022; o painel cobre 2023–2026),2026-09-01,2025-12-16T18:14:28.151388
2250,2022,00483.01,não,sim,,"0,00",,,"0,00",,fora da janela do painel (2021–2022; o painel cobre 2023–2026),2026-09-01,2025-12-16T18:14:28.151388
2251,2022,00484.01,não,sim,,"0,00",,,"0,00",,fora da janela do painel (2021–2022; o painel cobre 2023–2026),2026-09-01,2025-12-16T18:14:28.151388
2252,2022,00485.01,não,sim,,"0,00",,,"0,00",,fora da janela do painel (2021–2022; o painel cobre 2023–2026),2026-09-01,2025-12-16T18:14:28.151388
2253,2022,00486.01,não,sim,,"0,00",,,"0,00",,fora da janela do painel (2021–2022; o painel cobre 2023–2026),2026-09-01,2025-12-16T18:14:28.151388
2254,2022,00487.01,não,sim,,"235.751,00",,,"235.750,03",,fora da janela do painel (2021–2022; o painel cobre 2023–2026),2026-09-01,2025-12-16T18:14:28.151388
2255,2022,00488.01,não,sim,,"200.000,00",,,"194.704,95",,fora da janela do painel (2021–2022; o painel cobre 2023–2026),2026-09-01,2025-12-16T18:14:28.151388
2256,2022,00489.01,não,sim,,"91.816,00",,,"66.365,08",,fora da janela do painel (2021–2022; o painel cobre 2023–2026),2026-09-01,2025-12-16T18:14:28.151388
2257,2022,00490.01,não,sim,,"0,00",,,"0,00",,fora da janela do painel (2021–2022; o painel cobre 2023–2026),2026-09-01,2025-12-16T18:14:28.151388
2258,2022,00491.01,não,sim,,"0,00",,,"0,00",,fora da janela do painel (2021–2022; o painel cobre 2023–2026),2026-09-01,2025-12-16T18:14:28.151388
2259,2022,00492.01,não,sim,,"460.343,00",,,"441.768,52",,fora da janela do painel (2021–2022; o painel cobre 2023–2026),2026-09-01,2025-12-16T18:14:28.151388
2260,2022,00493.01,não,sim,,"2.000.000,00",,,"1.959.632,66",,fora da janela do painel (2021–2022; o painel cobre 2023–2026),2026-09-01,2025-12-16T18:14:28.151388
2261,2022,00494.01,não,sim,,"0,00",,,"0,00",,fora da janela do painel (2021–2022; o painel cobre 2023–2026),2026-09-01,2025-12-16T18:14:28.151388
2262,2022,00495.01,não,sim,,"200.000,00",,,"174.955,12",,fora da janela do painel (2021–2022; o painel cobre 2023–2026),2026-09-01,2025-12-16T18:14:28.151388
2263,2022,00496.01,não,sim,,"1.000.000,00",,,"999.367,00",,fora da janela do painel (2021–2022; o painel cobre 2023–2026),2026-09-01,2025-12-16T18:14:28.151388
2264,2022,00097.01,não,sim,,"0,00",,,"0,00",,fora da janela do painel (2021–2022; o painel cobre 2023–2026),2026-09-01,2025-12-16T18:14:28.151388
2265,2022,00098.01,não,sim,,"4.174.000,00",,,"4.174.000,00",,fora da janela do painel (2021–2022; o painel cobre 2023–2026),2026-09-01,2025-12-16T18:14:28.151388
2266,2022,00099.01,não,sim,,"0,00",,,"0,00",,fora da janela do painel (2021–2022; o painel cobre 2023–2026),2026-09-01,2025-12-16T18:14:28.151388
2267,2022,00100.01,não,sim,,"0,00",,,"0,00",,fora da janela do painel (2021–2022; o painel cobre 2023–2026),2026-09-01,2025-12-16T18:14:28.151388
2268,2022,00101.01,não,sim,,"2.000.000,00",,,"1.779.000,00",,fora da janela do painel (2021–2022; o painel cobre 2023–2026),2026-09-01,2025-12-16T18:14:28.151388
2269,2022,00523.01,não,sim,,"9.140,00",,,"0,00",,fora da janela do painel (2021–2022; o painel cobre 2023–2026),2026-09-01,2025-12-16T18:14:28.151388
2270,2022,00576.01,não,sim,,"0,00",,,"0,00",,fora da janela do painel (2021–2022; o painel cobre 2023–2026),2026-09-01,2025-12-16T18:14:28.151388
2271,2022,00576.02,não,sim,,"0,00",,,"0,00",,fora da janela do painel (2021–2022; o painel cobre 2023–2026),2026-09-01,2025-12-16T18:14:28.151388
2273,2022,00297.02,não,sim,,"0,00",,,"0,00",,fora da janela do painel (2021–2022; o painel cobre 2023–2026),2026-09-01,2025-12-16T18:14:28.151388
2276,2022,01014.01,não,sim,,"500.000,00",,,"499.997,33",,fora da janela do painel (2021–2022; o painel cobre 2023–2026),2026-09-01,2025-12-16T18:14:28.151388
2277,2022,01015.01,não,sim,,"200.000,00",,,"0,00",,fora da janela do painel (2021–2022; o painel cobre 2023–2026),2026-09-01,2025-12-16T18:14:28.151388
2278,2022,01016.01,não,sim,,"400.000,00",,,"392.768,28",,fora da janela do painel (2021–2022; o painel cobre 2023–2026),2026-09-01,2025-12-16T18:14:28.151388
2279,2022,01017.01,não,sim,,"810.000,00",,,"0,00",,fora da janela do painel (2021–2022; o painel cobre 2023–2026),2026-09-01,2025-12-16T18:14:28.151388
2280,2022,01018.01,não,sim,,"0,00",,,"0,00",,fora da janela do painel (2021–2022; o painel cobre 2023–2026),2026-09-01,2025-12-16T18:14:28.151388
2281,2022,01019.01,não,sim,,"600.000,00",,,"599.663,28",,fora da janela do painel (2021–2022; o painel cobre 2023–2026),2026-09-01,2025-12-16T18:14:28.151388
2282,2022,01020.01,não,sim,,"0,00",,,"0,00",,fora da janela do painel (2021–2022; o painel cobre 2023–2026),2026-09-01,2025-12-16T18:14:28.151388
2283,2022,01022.01,não,sim,,"0,00",,,"0,00",,fora da janela do painel (2021–2022; o painel cobre 2023–2026),2026-09-01,2025-12-16T18:14:28.151388
2284,2022,01023.01,não,sim,,"0,00",,,"0,00",,fora da janela do painel (2021–2022; o painel cobre 2023–2026),2026-09-01,2025-12-16T18:14:28.151388
2285,2022,01024.01,não,sim,,"0,00",,,"0,00",,fora da janela do painel (2021–2022; o painel cobre 2023–2026),2026-09-01,2025-12-16T18:14:28.151388
2286,2022,01025.01,não,sim,,"0,00",,,"0,00",,fora da janela do painel (2021–2022; o painel cobre 2023–2026),2026-09-01,2025-12-16T18:14:28.151388
2287,2022,01026.01,não,sim,,"0,00",,,"0,00",,fora da janela do painel (2021–2022; o painel cobre 2023–2026),2026-09-01,2025-12-16T18:14:28.151388
2288,2022,01027.01,não,sim,,"120.000,00",,,"119.360,00",,fora da janela do painel (2021–2022; o painel cobre 2023–2026),2026-09-01,2025-12-16T18:14:28.151388
2289,2022,01028.01,não,sim,,"2.000.000,00",,,"2.000.000,00",,fora da janela do painel (2021–2022; o painel cobre 2023–2026),2026-09-01,2025-12-16T18:14:28.151388
2290,2022,01029.01,não,sim,,"0,00",,,"0,00",,fora da janela do painel (2021–2022; o painel cobre 2023–2026),2026-09-01,2025-12-16T18:14:28.151388
2291,2022,01033.01,não,sim,,"100.000,00",,,"100.000,00",,fora da janela do painel (2021–2022; o painel cobre 2023–2026),2026-09-01,2025-12-16T18:14:28.151388
2292,2022,01034.01,não,sim,,"0,00",,,"0,00",,fora da janela do painel (2021–2022; o painel cobre 2023–2026),2026-09-01,2025-12-16T18:14:28.151388
2293,2022,01035.01,não,sim,,"0,00",,,"0,00",,fora da janela do painel (2021–2022; o painel cobre 2023–2026),2026-09-01,2025-12-16T18:14:28.151388
2294,2022,01036.01,não,sim,,"0,00",,,"0,00",,fora da janela do painel (2021–2022; o painel cobre 2023–2026),2026-09-01,2025-12-16T18:14:28.151388
2295,2022,01037.01,não,sim,,"0,00",,,"0,00",,fora da janela do painel (2021–2022; o painel cobre 2023–2026),2026-09-01,2025-12-16T18:14:28.151388
2296,2022,01038.01,não,sim,,"0,00",,,"0,00",,fora da janela do painel (2021–2022; o painel cobre 2023–2026),2026-09-01,2025-12-16T18:14:28.151388
2297,2022,01039.01,não,sim,,"120.000,00",,,"0,00",,fora da janela do painel (2021–2022; o painel cobre 2023–2026),2026-09-01,2025-12-16T18:14:28.151388
2298,2022,01040.01,não,sim,,"0,00",,,"0,00",,fora da janela do painel (2021–2022; o painel cobre 2023–2026),2026-09-01,2025-12-16T18:14:28.151388
2299,2022,01041.01,não,sim,,"300.000,00",,,"0,00",,fora da janela do painel (2021–2022; o painel cobre 2023–2026),2026-09-01,2025-12-16T18:14:28.151388
2300,2022,01042.01,não,sim,,"200.000,00",,,"0,00",,fora da janela do painel (2021–2022; o painel cobre 2023–2026),2026-09-01,2025-12-16T18:14:28.151388
2301,2022,01043.01,não,sim,,"300.000,00",,,"231.083,96",,fora da janela do painel (2021–2022; o painel cobre 2023–2026),2026-09-01,2025-12-16T18:14:28.151388
2302,2022,01045.01,não,sim,,"900.000,00",,,"17.860,74",,fora da janela do painel (2021–2022; o painel cobre 2023–2026),2026-09-01,2025-12-16T18:14:28.151388
2303,2022,01046.01,não,sim,,"0,00",,,"0,00",,fora da janela do painel (2021–2022; o painel cobre 2023–2026),2026-09-01,2025-12-16T18:14:28.151388
2304,2022,01048.01,não,sim,,"0,00",,,"0,00",,fora da janela do painel (2021–2022; o painel cobre 2023–2026),2026-09-01,2025-12-16T18:14:28.151388
2305,2022,01049.01,não,sim,,"970.000,00",,,"832.405,37",,fora da janela do painel (2021–2022; o painel cobre 2023–2026),2026-09-01,2025-12-16T18:14:28.151388
2306,2022,01051.01,não,sim,,"390.000,00",,,"349.936,63",,fora da janela do painel (2021–2022; o painel cobre 2023–2026),2026-09-01,2025-12-16T18:14:28.151388
2307,2022,01052.01,não,sim,,"0,00",,,"0,00",,fora da janela do painel (2021–2022; o painel cobre 2023–2026),2026-09-01,2025-12-16T18:14:28.151388
2308,2022,01053.01,não,sim,,"200.000,00",,,"0,00",,fora da janela do painel (2021–2022; o painel cobre 2023–2026),2026-09-01,2025-12-16T18:14:28.151388
2309,2022,01054.01,não,sim,,"550.000,00",,,"0,00",,fora da janela do painel (2021–2022; o painel cobre 2023–2026),2026-09-01,2025-12-16T18:14:28.151388
2310,2022,01057.01,não,sim,,"0,00",,,"0,00",,fora da janela do painel (2021–2022; o painel cobre 2023–2026),2026-09-01,2025-12-16T18:14:28.151388
2311,2022,01058.01,não,sim,,"0,00",,,"0,00",,fora da janela do painel (2021–2022; o painel cobre 2023–2026),2026-09-01,2025-12-16T18:14:28.151388
2312,2022,01060.01,não,sim,,"150.000,00",,,"0,00",,fora da janela do painel (2021–2022; o painel cobre 2023–2026),2026-09-01,2025-12-16T18:14:28.151388
2313,2022,01065.01,não,sim,,"1.785.194,00",,,"1.785.193,60",,fora da janela do painel (2021–2022; o painel cobre 2023–2026),2026-09-01,2025-12-16T18:14:28.151388
2314,2022,01066.01,não,sim,,"500.000,00",,,"500.000,00",,fora da janela do painel (2021–2022; o painel cobre 2023–2026),2026-09-01,2025-12-16T18:14:28.151388
2315,2022,01067.01,não,sim,,"0,00",,,"0,00",,fora da janela do painel (2021–2022; o painel cobre 2023–2026),2026-09-01,2025-12-16T18:14:28.151388
2316,2022,01070.01,não,sim,,"500.000,00",,,"500.000,00",,fora da janela do painel (2021–2022; o painel cobre 2023–2026),2026-09-01,2025-12-16T18:14:28.151388
2317,2022,01073.01,não,sim,,"100.000,00",,,"99.992,96",,fora da janela do painel (2021–2022; o painel cobre 2023–2026),2026-09-01,2025-12-16T18:14:28.151388
2318,2022,01076.01,não,sim,,"15.000,00",,,"0,00",,fora da janela do painel (2021–2022; o painel cobre 2023–2026),2026-09-01,2025-12-16T18:14:28.151388
2319,2022,01077.01,não,sim,,"40.000,00",,,"0,00",,fora da janela do painel (2021–2022; o painel cobre 2023–2026),2026-09-01,2025-12-16T18:14:28.151388
2320,2022,01078.01,não,sim,,"40.000,00",,,"0,00",,fora da janela do painel (2021–2022; o painel cobre 2023–2026),2026-09-01,2025-12-16T18:14:28.151388
2321,2022,01079.01,não,sim,,"15.000,00",,,"0,00",,fora da janela do painel (2021–2022; o painel cobre 2023–2026),2026-09-01,2025-12-16T18:14:28.151388
2322,2022,01080.01,não,sim,,"40.000,00",,,"0,00",,fora da janela do painel (2021–2022; o painel cobre 2023–2026),2026-09-01,2025-12-16T18:14:28.151388
2323,2022,01081.01,não,sim,,"0,00",,,"0,00",,fora da janela do painel (2021–2022; o painel cobre 2023–2026),2026-09-01,2025-12-16T18:14:28.151388
2324,2022,01082.01,não,sim,,"0,00",,,"0,00",,fora da janela do painel (2021–2022; o painel cobre 2023–2026),2026-09-01,2025-12-16T18:14:28.151388
2325,2022,01084.01,não,sim,,"600.000,00",,,"599.956,12",,fora da janela do painel (2021–2022; o painel cobre 2023–2026),2026-09-01,2025-12-16T18:14:28.151388
2326,2022,01085.01,não,sim,,"200.000,00",,,"200.000,00",,fora da janela do painel (2021–2022; o painel cobre 2023–2026),2026-09-01,2025-12-16T18:14:28.151388
2327,2022,01086.01,não,sim,,"100.000,00",,,"86.607,83",,fora da janela do painel (2021–2022; o painel cobre 2023–2026),2026-09-01,2025-12-16T18:14:28.151388
2328,2022,01087.01,não,sim,,"40.000,00",,,"0,00",,fora da janela do painel (2021–2022; o painel cobre 2023–2026),2026-09-01,2025-12-16T18:14:28.151388
2329,2022,01093.01,não,sim,,"170.000,00",,,"170.000,00",,fora da janela do painel (2021–2022; o painel cobre 2023–2026),2026-09-01,2025-12-16T18:14:28.151388
2330,2022,01094.01,não,sim,,"330.000,00",,,"330.000,00",,fora da janela do painel (2021–2022; o painel cobre 2023–2026),2026-09-01,2025-12-16T18:14:28.151388
2331,2022,01095.01,não,sim,,"43.001,00",,,"43.000,03",,fora da janela do painel (2021–2022; o painel cobre 2023–2026),2026-09-01,2025-12-16T18:14:28.151388
2332,2022,01097.01,não,sim,,"400.000,00",,,"400.000,00",,fora da janela do painel (2021–2022; o painel cobre 2023–2026),2026-09-01,2025-12-16T18:14:28.151388
2333,2022,01098.01,não,sim,,"0,00",,,"0,00",,fora da janela do painel (2021–2022; o painel cobre 2023–2026),2026-09-01,2025-12-16T18:14:28.151388
2334,2022,01101.01,não,sim,,"0,00",,,"0,00",,fora da janela do painel (2021–2022; o painel cobre 2023–2026),2026-09-01,2025-12-16T18:14:28.151388
2335,2022,01107.01,não,sim,,"500.000,00",,,"495.644,26",,fora da janela do painel (2021–2022; o painel cobre 2023–2026),2026-09-01,2025-12-16T18:14:28.151388
2336,2022,01108.01,não,sim,,"40.000,00",,,"37.135,85",,fora da janela do painel (2021–2022; o painel cobre 2023–2026),2026-09-01,2025-12-16T18:14:28.151388
2337,2022,01111.01,não,sim,,"0,00",,,"0,00",,fora da janela do painel (2021–2022; o painel cobre 2023–2026),2026-09-01,2025-12-16T18:14:28.151388
2338,2022,01114.01,não,sim,,"0,00",,,"0,00",,fora da janela do painel (2021–2022; o painel cobre 2023–2026),2026-09-01,2025-12-16T18:14:28.151388
2339,2022,01115.01,não,sim,,"0,00",,,"0,00",,fora da janela do painel (2021–2022; o painel cobre 2023–2026),2026-09-01,2025-12-16T18:14:28.151388
2340,2022,01117.01,não,sim,,"500.000,00",,,"500.000,00",,fora da janela do painel (2021–2022; o painel cobre 2023–2026),2026-09-01,2025-12-16T18:14:28.151388
2341,2022,01120.01,não,sim,,"0,00",,,"0,00",,fora da janela do painel (2021–2022; o painel cobre 2023–2026),2026-09-01,2025-12-16T18:14:28.151388
2342,2022,01124.01,não,sim,,"300.000,00",,,"235.855,84",,fora da janela do painel (2021–2022; o painel cobre 2023–2026),2026-09-01,2025-12-16T18:14:28.151388
2343,2022,01127.01,não,sim,,"950.000,00",,,"936.853,05",,fora da janela do painel (2021–2022; o painel cobre 2023–2026),2026-09-01,2025-12-16T18:14:28.151388
2344,2022,01130.01,não,sim,,"70.000,00",,,"69.680,00",,fora da janela do painel (2021–2022; o painel cobre 2023–2026),2026-09-01,2025-12-16T18:14:28.151388
2345,2022,01131.01,não,sim,,"300.000,00",,,"295.515,36",,fora da janela do painel (2021–2022; o painel cobre 2023–2026),2026-09-01,2025-12-16T18:14:28.151388
2346,2022,01132.01,não,sim,,"0,00",,,"0,00",,fora da janela do painel (2021–2022; o painel cobre 2023–2026),2026-09-01,2025-12-16T18:14:28.151388
2347,2022,01133.01,não,sim,,"1.000.000,00",,,"1.000.000,00",,fora da janela do painel (2021–2022; o painel cobre 2023–2026),2026-09-01,2025-12-16T18:14:28.151388
2348,2022,01135.01,não,sim,,"0,00",,,"0,00",,fora da janela do painel (2021–2022; o painel cobre 2023–2026),2026-09-01,2025-12-16T18:14:28.151388
2349,2022,01136.01,não,sim,,"40.000,00",,,"0,00",,fora da janela do painel (2021–2022; o painel cobre 2023–2026),2026-09-01,2025-12-16T18:14:28.151388
2350,2022,01139.01,não,sim,,"0,00",,,"0,00",,fora da janela do painel (2021–2022; o painel cobre 2023–2026),2026-09-01,2025-12-16T18:14:28.151388
2351,2022,01140.01,não,sim,,"128.000,00",,,"128.000,00",,fora da janela do painel (2021–2022; o painel cobre 2023–2026),2026-09-01,2025-12-16T18:14:28.151388
2352,2022,01141.01,não,sim,,"960.000,00",,,"872.154,44",,fora da janela do painel (2021–2022; o painel cobre 2023–2026),2026-09-01,2025-12-16T18:14:28.151388
2353,2022,01145.01,não,sim,,"0,00",,,"0,00",,fora da janela do painel (2021–2022; o painel cobre 2023–2026),2026-09-01,2025-12-16T18:14:28.151388
2354,2022,01148.01,não,sim,,"84.000,00",,,"54.266,74",,fora da janela do painel (2021–2022; o painel cobre 2023–2026),2026-09-01,2025-12-16T18:14:28.151388
2355,2022,01149.01,não,sim,,"1.140.000,00",,,"489.977,43",,fora da janela do painel (2021–2022; o painel cobre 2023–2026),2026-09-01,2025-12-16T18:14:28.151388
2356,2022,01150.01,não,sim,,"0,00",,,"0,00",,fora da janela do painel (2021–2022; o painel cobre 2023–2026),2026-09-01,2025-12-16T18:14:28.151388
2357,2022,01152.01,não,sim,,"0,00",,,"0,00",,fora da janela do painel (2021–2022; o painel cobre 2023–2026),2026-09-01,2025-12-16T18:14:28.151388
2358,2022,01157.01,não,sim,,"1.150.000,00",,,"340.000,00",,fora da janela do painel (2021–2022; o painel cobre 2023–2026),2026-09-01,2025-12-16T18:14:28.151388
2359,2022,01161.01,não,sim,,"1.240.000,00",,,"1.238.795,83",,fora da janela do painel (2021–2022; o painel cobre 2023–2026),2026-09-01,2025-12-16T18:14:28.151388
2360,2022,01162.01,não,sim,,"0,00",,,"0,00",,fora da janela do painel (2021–2022; o painel cobre 2023–2026),2026-09-01,2025-12-16T18:14:28.151388
2361,2022,01163.01,não,sim,,"650.000,00",,,"650.000,00",,fora da janela do painel (2021–2022; o painel cobre 2023–2026),2026-09-01,2025-12-16T18:14:28.151388
2362,2022,01164.01,não,sim,,"650.000,00",,,"650.000,00",,fora da janela do painel (2021–2022; o painel cobre 2023–2026),2026-09-01,2025-12-16T18:14:28.151388
2363,2022,01165.01,não,sim,,"350.000,00",,,"350.000,00",,fora da janela do painel (2021–2022; o painel cobre 2023–2026),2026-09-01,2025-12-16T18:14:28.151388
2364,2022,01171.01,não,sim,,"0,00",,,"0,00",,fora da janela do painel (2021–2022; o painel cobre 2023–2026),2026-09-01,2025-12-16T18:14:28.151388
2365,2022,01172.01,não,sim,,"0,00",,,"0,00",,fora da janela do painel (2021–2022; o painel cobre 2023–2026),2026-09-01,2025-12-16T18:14:28.151388
2366,2022,01177.01,não,sim,,"500.000,00",,,"500.000,00",,fora da janela do painel (2021–2022; o painel cobre 2023–2026),2026-09-01,2025-12-16T18:14:28.151388
2367,2022,01185.01,não,sim,,"0,00",,,"0,00",,fora da janela do painel (2021–2022; o painel cobre 2023–2026),2026-09-01,2025-12-16T18:14:28.151388
2368,2022,01186.01,não,sim,,"100.000,00",,,"100.000,00",,fora da janela do painel (2021–2022; o painel cobre 2023–2026),2026-09-01,2025-12-16T18:14:28.151388
2369,2022,01187.01,não,sim,,"0,00",,,"0,00",,fora da janela do painel (2021–2022; o painel cobre 2023–2026),2026-09-01,2025-12-16T18:14:28.151388
2370,2022,01189.01,não,sim,,"0,00",,,"0,00",,fora da janela do painel (2021–2022; o painel cobre 2023–2026),2026-09-01,2025-12-16T18:14:28.151388
2371,2022,01190.01,não,sim,,"0,00",,,"0,00",,fora da janela do painel (2021–2022; o painel cobre 2023–2026),2026-09-01,2025-12-16T18:14:28.151388
2372,2022,01191.01,não,sim,,"0,00",,,"0,00",,fora da janela do painel (2021–2022; o painel cobre 2023–2026),2026-09-01,2025-12-16T18:14:28.151388
2373,2022,01193.01,não,sim,,"0,00",,,"0,00",,fora da janela do painel (2021–2022; o painel cobre 2023–2026),2026-09-01,2025-12-16T18:14:28.151388
2374,2022,01194.01,não,sim,,"0,00",,,"0,00",,fora da janela do painel (2021–2022; o painel cobre 2023–2026),2026-09-01,2025-12-16T18:14:28.151388
2375,2022,01197.01,não,sim,,"0,00",,,"0,00",,fora da janela do painel (2021–2022; o painel cobre 2023–2026),2026-09-01,2025-12-16T18:14:28.151388
2376,2022,01201.01,não,sim,,"400.000,00",,,"400.000,00",,fora da janela do painel (2021–2022; o painel cobre 2023–2026),2026-09-01,2025-12-16T18:14:28.151388
2377,2022,01208.01,não,sim,,"0,00",,,"0,00",,fora da janela do painel (2021–2022; o painel cobre 2023–2026),2026-09-01,2025-12-16T18:14:28.151388
2378,2022,01209.01,não,sim,,"0,00",,,"0,00",,fora da janela do painel (2021–2022; o painel cobre 2023–2026),2026-09-01,2025-12-16T18:14:28.151388
2379,2022,01134.01,não,sim,,"0,00",,,"0,00",,fora da janela do painel (2021–2022; o painel cobre 2023–2026),2026-09-01,2025-12-16T18:14:28.151388
2380,2022,01159.01,não,sim,,"200.000,00",,,"200.000,00",,fora da janela do painel (2021–2022; o painel cobre 2023–2026),2026-09-01,2025-12-16T18:14:28.151388
2383,2022,01170.01,não,sim,,"476.536,00",,,"476.536,00",,fora da janela do painel (2021–2022; o painel cobre 2023–2026),2026-09-01,2025-12-16T18:14:28.151388
2385,2022,01003.01,não,sim,,"0,00",,,"0,00",,fora da janela do painel (2021–2022; o painel cobre 2023–2026),2026-09-01,2025-12-16T18:14:28.151388
2386,2022,01050.01,não,sim,,"3.500.000,00",,,"3.476.892,72",,fora da janela do painel (2021–2022; o painel cobre 2023–2026),2026-09-01,2025-12-16T18:14:28.151388
2389,2022,01158.01,não,sim,,"300.000,00",,,"300.000,00",,fora da janela do painel (2021–2022; o painel cobre 2023–2026),2026-09-01,2025-12-16T18:14:28.151388
2390,2022,02001.01,não,sim,,"0,00",,,"0,00",,fora da janela do painel (2021–2022; o painel cobre 2023–2026),2026-09-01,2025-12-16T18:14:28.151388
2391,2022,02005.01,não,sim,,"40.000,00",,,"40.000,00",,fora da janela do painel (2021–2022; o painel cobre 2023–2026),2026-09-01,2025-12-16T18:14:28.151388
2392,2022,02007.01,não,sim,,"0,00",,,"0,00",,fora da janela do painel (2021–2022; o painel cobre 2023–2026),2026-09-01,2025-12-16T18:14:28.151388
2393,2022,02008.01,não,sim,,"0,00",,,"0,00",,fora da janela do painel (2021–2022; o painel cobre 2023–2026),2026-09-01,2025-12-16T18:14:28.151388
2394,2022,02009.01,não,sim,,"0,00",,,"0,00",,fora da janela do painel (2021–2022; o painel cobre 2023–2026),2026-09-01,2025-12-16T18:14:28.151388
2395,2022,02012.01,não,sim,,"366.000,00",,,"366.000,00",,fora da janela do painel (2021–2022; o painel cobre 2023–2026),2026-09-01,2025-12-16T18:14:28.151388
2396,2022,02015.01,não,sim,,"0,00",,,"0,00",,fora da janela do painel (2021–2022; o painel cobre 2023–2026),2026-09-01,2025-12-16T18:14:28.151388
2397,2022,02016.01,não,sim,,"4.000.000,00",,,"4.000.000,00",,fora da janela do painel (2021–2022; o painel cobre 2023–2026),2026-09-01,2025-12-16T18:14:28.151388
2398,2022,02017.01,não,sim,,"0,00",,,"0,00",,fora da janela do painel (2021–2022; o painel cobre 2023–2026),2026-09-01,2025-12-16T18:14:28.151388
2399,2022,02019.01,não,sim,,"0,00",,,"0,00",,fora da janela do painel (2021–2022; o painel cobre 2023–2026),2026-09-01,2025-12-16T18:14:28.151388
2400,2022,02020.01,não,sim,,"300.000,00",,,"153.219,08",,fora da janela do painel (2021–2022; o painel cobre 2023–2026),2026-09-01,2025-12-16T18:14:28.151388
2401,2022,02021.01,não,sim,,"150.000,00",,,"33.428,62",,fora da janela do painel (2021–2022; o painel cobre 2023–2026),2026-09-01,2025-12-16T18:14:28.151388
2402,2022,02024.01,não,sim,,"0,00",,,"0,00",,fora da janela do painel (2021–2022; o painel cobre 2023–2026),2026-09-01,2025-12-16T18:14:28.151388
2403,2022,02025.01,não,sim,,"200.000,00",,,"200.000,00",,fora da janela do painel (2021–2022; o painel cobre 2023–2026),2026-09-01,2025-12-16T18:14:28.151388
2404,2022,02035.01,não,sim,,"0,00",,,"0,00",,fora da janela do painel (2021–2022; o painel cobre 2023–2026),2026-09-01,2025-12-16T18:14:28.151388
2405,2022,02036.01,não,sim,,"100.000,00",,,"100.000,00",,fora da janela do painel (2021–2022; o painel cobre 2023–2026),2026-09-01,2025-12-16T18:14:28.151388
2406,2022,02037.01,não,sim,,"0,00",,,"0,00",,fora da janela do painel (2021–2022; o painel cobre 2023–2026),2026-09-01,2025-12-16T18:14:28.151388
2407,2022,02038.01,não,sim,,"200.000,00",,,"200.000,00",,fora da janela do painel (2021–2022; o painel cobre 2023–2026),2026-09-01,2025-12-16T18:14:28.151388
2408,2022,02039.01,não,sim,,"0,00",,,"0,00",,fora da janela do painel (2021–2022; o painel cobre 2023–2026),2026-09-01,2025-12-16T18:14:28.151388
2409,2022,02041.01,não,sim,,"250.000,00",,,"250.000,00",,fora da janela do painel (2021–2022; o painel cobre 2023–2026),2026-09-01,2025-12-16T18:14:28.151388
2410,2022,02042.01,não,sim,,"0,00",,,"0,00",,fora da janela do painel (2021–2022; o painel cobre 2023–2026),2026-09-01,2025-12-16T18:14:28.151388
2411,2022,02048.01,não,sim,,"0,00",,,"0,00",,fora da janela do painel (2021–2022; o painel cobre 2023–2026),2026-09-01,2025-12-16T18:14:28.151388
2412,2022,02052.01,não,sim,,"99.800,00",,,"93.259,55",,fora da janela do painel (2021–2022; o painel cobre 2023–2026),2026-09-01,2025-12-16T18:14:28.151388
2413,2022,02053.01,não,sim,,"0,00",,,"0,00",,fora da janela do painel (2021–2022; o painel cobre 2023–2026),2026-09-01,2025-12-16T18:14:28.151388
2414,2022,02055.01,não,sim,,"0,00",,,"0,00",,fora da janela do painel (2021–2022; o painel cobre 2023–2026),2026-09-01,2025-12-16T18:14:28.151388
2415,2022,02057.01,não,sim,,"300.000,00",,,"300.000,00",,fora da janela do painel (2021–2022; o painel cobre 2023–2026),2026-09-01,2025-12-16T18:14:28.151388
2416,2022,02060.01,não,sim,,"0,00",,,"0,00",,fora da janela do painel (2021–2022; o painel cobre 2023–2026),2026-09-01,2025-12-16T18:14:28.151388
2417,2022,00531.02,não,sim,,"1.800.000,00",,,"1.800.000,00",,fora da janela do painel (2021–2022; o painel cobre 2023–2026),2026-09-01,2025-12-16T18:14:28.151388
2418,2022,03001.01,não,sim,,"0,00",,,"0,00",,fora da janela do painel (2021–2022; o painel cobre 2023–2026),2026-09-01,2025-12-16T18:14:28.151388
2419,2022,03002.01,não,sim,,"30.000,00",,,"0,00",,fora da janela do painel (2021–2022; o painel cobre 2023–2026),2026-09-01,2025-12-16T18:14:28.151388
2420,2022,03004.01,não,sim,,"65.000,00",,,"64.532,00",,fora da janela do painel (2021–2022; o painel cobre 2023–2026),2026-09-01,2025-12-16T18:14:28.151388
2421,2022,03014.01,não,sim,,"0,00",,,"0,00",,fora da janela do painel (2021–2022; o painel cobre 2023–2026),2026-09-01,2025-12-16T18:14:28.151388
2422,2022,03015.01,não,sim,,"200.000,00",,,"200.000,00",,fora da janela do painel (2021–2022; o painel cobre 2023–2026),2026-09-01,2025-12-16T18:14:28.151388
2423,2022,03028.01,não,sim,,"340.000,00",,,"340.000,00",,fora da janela do painel (2021–2022; o painel cobre 2023–2026),2026-09-01,2025-12-16T18:14:28.151388
2424,2022,03029.01,não,sim,,"150.000,00",,,"150.000,00",,fora da janela do painel (2021–2022; o painel cobre 2023–2026),2026-09-01,2025-12-16T18:14:28.151388
2425,2022,03030.01,não,sim,,"0,00",,,"0,00",,fora da janela do painel (2021–2022; o painel cobre 2023–2026),2026-09-01,2025-12-16T18:14:28.151388
2426,2022,03046.01,não,sim,,"0,00",,,"0,00",,fora da janela do painel (2021–2022; o painel cobre 2023–2026),2026-09-01,2025-12-16T18:14:28.151388
2427,2022,03047.01,não,sim,,"0,00",,,"0,00",,fora da janela do painel (2021–2022; o painel cobre 2023–2026),2026-09-01,2025-12-16T18:14:28.151388
2428,2022,03048.01,não,sim,,"1.500.000,00",,,"1.499.996,81",,fora da janela do painel (2021–2022; o painel cobre 2023–2026),2026-09-01,2025-12-16T18:14:28.151388
2429,2022,03049.01,não,sim,,"500.000,00",,,"500.000,00",,fora da janela do painel (2021–2022; o painel cobre 2023–2026),2026-09-01,2025-12-16T18:14:28.151388
2430,2022,03050.01,não,sim,,"500.000,00",,,"500.000,00",,fora da janela do painel (2021–2022; o painel cobre 2023–2026),2026-09-01,2025-12-16T18:14:28.151388
2431,2022,03051.01,não,sim,,"500.000,00",,,"499.618,32",,fora da janela do painel (2021–2022; o painel cobre 2023–2026),2026-09-01,2025-12-16T18:14:28.151388
2432,2022,03052.01,não,sim,,"500.000,00",,,"500.000,00",,fora da janela do painel (2021–2022; o painel cobre 2023–2026),2026-09-01,2025-12-16T18:14:28.151388
2433,2022,03057.01,não,sim,,"0,00",,,"0,00",,fora da janela do painel (2021–2022; o painel cobre 2023–2026),2026-09-01,2025-12-16T18:14:28.151388
2434,2022,03058.01,não,sim,,"100.000,00",,,"99.990,00",,fora da janela do painel (2021–2022; o painel cobre 2023–2026),2026-09-01,2025-12-16T18:14:28.151388
2435,2022,03060.01,não,sim,,"0,00",,,"0,00",,fora da janela do painel (2021–2022; o painel cobre 2023–2026),2026-09-01,2025-12-16T18:14:28.151388
2436,2022,03062.01,não,sim,,"0,00",,,"0,00",,fora da janela do painel (2021–2022; o painel cobre 2023–2026),2026-09-01,2025-12-16T18:14:28.151388
2437,2022,03064.01,não,sim,,"200.000,00",,,"198.747,38",,fora da janela do painel (2021–2022; o painel cobre 2023–2026),2026-09-01,2025-12-16T18:14:28.151388
2438,2022,03067.01,não,sim,,"0,00",,,"0,00",,fora da janela do painel (2021–2022; o painel cobre 2023–2026),2026-09-01,2025-12-16T18:14:28.151388
2439,2022,03068.01,não,sim,,"600.000,00",,,"600.000,00",,fora da janela do painel (2021–2022; o painel cobre 2023–2026),2026-09-01,2025-12-16T18:14:28.151388
2440,2022,03069.01,não,sim,,"303.000,00",,,"0,00",,fora da janela do painel (2021–2022; o painel cobre 2023–2026),2026-09-01,2025-12-16T18:14:28.151388
2441,2022,03070.01,não,sim,,"500.000,00",,,"500.000,00",,fora da janela do painel (2021–2022; o painel cobre 2023–2026),2026-09-01,2025-12-16T18:14:28.151388
2442,2022,03076.01,não,sim,,"0,00",,,"0,00",,fora da janela do painel (2021–2022; o painel cobre 2023–2026),2026-09-01,2025-12-16T18:14:28.151388
2443,2022,03079.01,não,sim,,"1.500.000,00",,,"1.291.490,94",,fora da janela do painel (2021–2022; o painel cobre 2023–2026),2026-09-01,2025-12-16T18:14:28.151388
2444,2022,03080.01,não,sim,,"0,00",,,"0,00",,fora da janela do painel (2021–2022; o painel cobre 2023–2026),2026-09-01,2025-12-16T18:14:28.151388
2445,2022,03081.01,não,sim,,"40.000,00",,,"0,00",,fora da janela do painel (2021–2022; o painel cobre 2023–2026),2026-09-01,2025-12-16T18:14:28.151388
2446,2022,03082.01,não,sim,,"203.634,00",,,"203.633,64",,fora da janela do painel (2021–2022; o painel cobre 2023–2026),2026-09-01,2025-12-16T18:14:28.151388
2447,2022,03083.01,não,sim,,"0,00",,,"0,00",,fora da janela do painel (2021–2022; o painel cobre 2023–2026),2026-09-01,2025-12-16T18:14:28.151388
2448,2022,03084.01,não,sim,,"0,00",,,"0,00",,fora da janela do painel (2021–2022; o painel cobre 2023–2026),2026-09-01,2025-12-16T18:14:28.151388
2449,2022,03086.01,não,sim,,"160.000,00",,,"159.046,33",,fora da janela do painel (2021–2022; o painel cobre 2023–2026),2026-09-01,2025-12-16T18:14:28.151388
2450,2022,03087.01,não,sim,,"0,00",,,"0,00",,fora da janela do painel (2021–2022; o painel cobre 2023–2026),2026-09-01,2025-12-16T18:14:28.151388
2451,2022,03091.01,não,sim,,"1.500.000,00",,,"1.500.000,00",,fora da janela do painel (2021–2022; o painel cobre 2023–2026),2026-09-01,2025-12-16T18:14:28.151388
2452,2022,03093.01,não,sim,,"450.000,00",,,"450.000,00",,fora da janela do painel (2021–2022; o painel cobre 2023–2026),2026-09-01,2025-12-16T18:14:28.151388
2453,2022,03094.01,não,sim,,"150.000,00",,,"150.000,00",,fora da janela do painel (2021–2022; o painel cobre 2023–2026),2026-09-01,2025-12-16T18:14:28.151388
2454,2022,03096.01,não,sim,,"0,00",,,"0,00",,fora da janela do painel (2021–2022; o painel cobre 2023–2026),2026-09-01,2025-12-16T18:14:28.151388
2455,2022,03098.01,não,sim,,"0,00",,,"0,00",,fora da janela do painel (2021–2022; o painel cobre 2023–2026),2026-09-01,2025-12-16T18:14:28.151388
2456,2022,03100.01,não,sim,,"0,00",,,"0,00",,fora da janela do painel (2021–2022; o painel cobre 2023–2026),2026-09-01,2025-12-16T18:14:28.151388
2457,2022,03101.01,não,sim,,"36.713,00",,,"36.713,00",,fora da janela do painel (2021–2022; o painel cobre 2023–2026),2026-09-01,2025-12-16T18:14:28.151388
2458,2022,03104.01,não,sim,,"0,00",,,"0,00",,fora da janela do painel (2021–2022; o painel cobre 2023–2026),2026-09-01,2025-12-16T18:14:28.151388
2459,2022,03105.01,não,sim,,"154.760,00",,,"154.759,32",,fora da janela do painel (2021–2022; o painel cobre 2023–2026),2026-09-01,2025-12-16T18:14:28.151388
2460,2022,03107.01,não,sim,,"0,00",,,"0,00",,fora da janela do painel (2021–2022; o painel cobre 2023–2026),2026-09-01,2025-12-16T18:14:28.151388
2461,2022,03108.01,não,sim,,"0,00",,,"0,00",,fora da janela do painel (2021–2022; o painel cobre 2023–2026),2026-09-01,2025-12-16T18:14:28.151388
2462,2022,03109.01,não,sim,,"250.000,00",,,"243.634,70",,fora da janela do painel (2021–2022; o painel cobre 2023–2026),2026-09-01,2025-12-16T18:14:28.151388
2463,2022,03111.01,não,sim,,"400.000,00",,,"400.000,00",,fora da janela do painel (2021–2022; o painel cobre 2023–2026),2026-09-01,2025-12-16T18:14:28.151388
2464,2022,03112.01,não,sim,,"300.000,00",,,"299.998,00",,fora da janela do painel (2021–2022; o painel cobre 2023–2026),2026-09-01,2025-12-16T18:14:28.151388
2465,2022,03113.01,não,sim,,"0,00",,,"0,00",,fora da janela do painel (2021–2022; o painel cobre 2023–2026),2026-09-01,2025-12-16T18:14:28.151388
2466,2022,03106.01,não,sim,,"0,00",,,"0,00",,fora da janela do painel (2021–2022; o painel cobre 2023–2026),2026-09-01,2025-12-16T18:14:28.151388
2467,2022,03059.01,não,sim,,"700.000,00",,,"700.000,00",,fora da janela do painel (2021–2022; o painel cobre 2023–2026),2026-09-01,2025-12-16T18:14:28.151388
2489,2022,03110.01,não,sim,,"350.000,00",,,"350.000,00",,fora da janela do painel (2021–2022; o painel cobre 2023–2026),2026-09-01,2025-12-16T18:14:28.151388
2493,2022,04006.01,não,sim,,"400.000,00",,,"0,00",,fora da janela do painel (2021–2022; o painel cobre 2023–2026),2026-09-01,2025-12-16T18:14:28.151388
2494,2022,04007.01,não,sim,,"400.000,00",,,"0,00",,fora da janela do painel (2021–2022; o painel cobre 2023–2026),2026-09-01,2025-12-16T18:14:28.151388
2495,2022,04008.01,não,sim,,"295.000,00",,,"294.999,99",,fora da janela do painel (2021–2022; o painel cobre 2023–2026),2026-09-01,2025-12-16T18:14:28.151388
2496,2022,04009.01,não,sim,,"700.000,00",,,"424.451,55",,fora da janela do painel (2021–2022; o painel cobre 2023–2026),2026-09-01,2025-12-16T18:14:28.151388
2497,2022,04010.01,não,sim,,"30.000,00",,,"0,00",,fora da janela do painel (2021–2022; o painel cobre 2023–2026),2026-09-01,2025-12-16T18:14:28.151388
2498,2022,04012.01,não,sim,,"700.000,00",,,"0,00",,fora da janela do painel (2021–2022; o painel cobre 2023–2026),2026-09-01,2025-12-16T18:14:28.151388
2499,2022,04013.01,não,sim,,"0,00",,,"0,00",,fora da janela do painel (2021–2022; o painel cobre 2023–2026),2026-09-01,2025-12-16T18:14:28.151388
2500,2022,04014.01,não,sim,,"0,00",,,"0,00",,fora da janela do painel (2021–2022; o painel cobre 2023–2026),2026-09-01,2025-12-16T18:14:28.151388
2501,2022,04015.01,não,sim,,"354.000,00",,,"353.787,95",,fora da janela do painel (2021–2022; o painel cobre 2023–2026),2026-09-01,2025-12-16T18:14:28.151388
2502,2022,04017.01,não,sim,,"0,00",,,"0,00",,fora da janela do painel (2021–2022; o painel cobre 2023–2026),2026-09-01,2025-12-16T18:14:28.151388
2503,2022,04020.01,não,sim,,"0,00",,,"0,00",,fora da janela do painel (2021–2022; o painel cobre 2023–2026),2026-09-01,2025-12-16T18:14:28.151388
2504,2022,04021.01,não,sim,,"0,00",,,"0,00",,fora da janela do painel (2021–2022; o painel cobre 2023–2026),2026-09-01,2025-12-16T18:14:28.151388
2505,2022,04024.01,não,sim,,"0,00",,,"0,00",,fora da janela do painel (2021–2022; o painel cobre 2023–2026),2026-09-01,2025-12-16T18:14:28.151388
2506,2022,04028.01,não,sim,,"0,00",,,"0,00",,fora da janela do painel (2021–2022; o painel cobre 2023–2026),2026-09-01,2025-12-16T18:14:28.151388
2507,2022,04029.01,não,sim,,"0,00",,,"0,00",,fora da janela do painel (2021–2022; o painel cobre 2023–2026),2026-09-01,2025-12-16T18:14:28.151388
2508,2022,04031.01,não,sim,,"614.984,00",,,"614.983,86",,fora da janela do painel (2021–2022; o painel cobre 2023–2026),2026-09-01,2025-12-16T18:14:28.151388
2509,2022,04033.01,não,sim,,"80.000,00",,,"79.999,00",,fora da janela do painel (2021–2022; o painel cobre 2023–2026),2026-09-01,2025-12-16T18:14:28.151388
2510,2022,04039.01,não,sim,,"0,00",,,"0,00",,fora da janela do painel (2021–2022; o painel cobre 2023–2026),2026-09-01,2025-12-16T18:14:28.151388
2511,2022,04040.01,não,sim,,"250.000,00",,,"250.000,00",,fora da janela do painel (2021–2022; o painel cobre 2023–2026),2026-09-01,2025-12-16T18:14:28.151388
2512,2022,04047.01,não,sim,,"0,00",,,"0,00",,fora da janela do painel (2021–2022; o painel cobre 2023–2026),2026-09-01,2025-12-16T18:14:28.151388
2513,2022,04056.01,não,sim,,"180.000,00",,,"180.000,00",,fora da janela do painel (2021–2022; o painel cobre 2023–2026),2026-09-01,2025-12-16T18:14:28.151388
2514,2022,04059.01,não,sim,,"0,00",,,"0,00",,fora da janela do painel (2021–2022; o painel cobre 2023–2026),2026-09-01,2025-12-16T18:14:28.151388
2515,2022,04063.01,não,sim,,"100.000,00",,,"100.000,00",,fora da janela do painel (2021–2022; o painel cobre 2023–2026),2026-09-01,2025-12-16T18:14:28.151388
2516,2022,04067.01,não,sim,,"250.000,00",,,"249.946,66",,fora da janela do painel (2021–2022; o painel cobre 2023–2026),2026-09-01,2025-12-16T18:14:28.151388
2517,2022,04070.01,não,sim,,"71.000,00",,,"70.853,36",,fora da janela do painel (2021–2022; o painel cobre 2023–2026),2026-09-01,2025-12-16T18:14:28.151388
2518,2022,04076.01,não,sim,,"0,00",,,"0,00",,fora da janela do painel (2021–2022; o painel cobre 2023–2026),2026-09-01,2025-12-16T18:14:28.151388
2519,2022,04077.01,não,sim,,"1.000.000,00",,,"1.000.000,00",,fora da janela do painel (2021–2022; o painel cobre 2023–2026),2026-09-01,2025-12-16T18:14:28.151388
2520,2022,04079.01,não,sim,,"0,00",,,"0,00",,fora da janela do painel (2021–2022; o painel cobre 2023–2026),2026-09-01,2025-12-16T18:14:28.151388
2521,2022,04080.01,não,sim,,"0,00",,,"0,00",,fora da janela do painel (2021–2022; o painel cobre 2023–2026),2026-09-01,2025-12-16T18:14:28.151388
2522,2022,04081.01,não,sim,,"0,00",,,"0,00",,fora da janela do painel (2021–2022; o painel cobre 2023–2026),2026-09-01,2025-12-16T18:14:28.151388
2523,2022,04082.01,não,sim,,"0,00",,,"0,00",,fora da janela do painel (2021–2022; o painel cobre 2023–2026),2026-09-01,2025-12-16T18:14:28.151388
2524,2022,04083.01,não,sim,,"300.000,00",,,"300.000,00",,fora da janela do painel (2021–2022; o painel cobre 2023–2026),2026-09-01,2025-12-16T18:14:28.151388
2525,2022,04084.01,não,sim,,"0,00",,,"0,00",,fora da janela do painel (2021–2022; o painel cobre 2023–2026),2026-09-01,2025-12-16T18:14:28.151388
2526,2022,04085.01,não,sim,,"0,00",,,"0,00",,fora da janela do painel (2021–2022; o painel cobre 2023–2026),2026-09-01,2025-12-16T18:14:28.151388
2527,2022,04086.01,não,sim,,"0,00",,,"0,00",,fora da janela do painel (2021–2022; o painel cobre 2023–2026),2026-09-01,2025-12-16T18:14:28.151388
2528,2022,04087.01,não,sim,,"0,00",,,"0,00",,fora da janela do painel (2021–2022; o painel cobre 2023–2026),2026-09-01,2025-12-16T18:14:28.151388
2529,2022,04089.01,não,sim,,"0,00",,,"0,00",,fora da janela do painel (2021–2022; o painel cobre 2023–2026),2026-09-01,2025-12-16T18:14:28.151388
2530,2022,04090.01,não,sim,,"50.000,00",,,"48.882,30",,fora da janela do painel (2021–2022; o painel cobre 2023–2026),2026-09-01,2025-12-16T18:14:28.151388
2531,2022,04092.01,não,sim,,"130.000,00",,,"130.000,00",,fora da janela do painel (2021–2022; o painel cobre 2023–2026),2026-09-01,2025-12-16T18:14:28.151388
2533,2022,04099.01,não,sim,,"1.000.000,00",,,"1.000.000,00",,fora da janela do painel (2021–2022; o painel cobre 2023–2026),2026-09-01,2025-12-16T18:14:28.151388
2534,2022,04100.01,não,sim,,"0,00",,,"0,00",,fora da janela do painel (2021–2022; o painel cobre 2023–2026),2026-09-01,2025-12-16T18:14:28.151388
2536,2022,04073.01,não,sim,,"0,00",,,"0,00",,fora da janela do painel (2021–2022; o painel cobre 2023–2026),2026-09-01,2025-12-16T18:14:28.151388
2537,2022,04064.01,não,sim,,"200.000,00",,,"200.000,00",,fora da janela do painel (2021–2022; o painel cobre 2023–2026),2026-09-01,2025-12-16T18:14:28.151388
2538,2022,04078.01,não,sim,,"200.000,00",,,"200.000,00",,fora da janela do painel (2021–2022; o painel cobre 2023–2026),2026-09-01,2025-12-16T18:14:28.151388
2539,2022,05001.01,não,sim,,"300.000,00",,,"0,00",,fora da janela do painel (2021–2022; o painel cobre 2023–2026),2026-09-01,2025-12-16T18:14:28.151388
2540,2022,05002.01,não,sim,,"0,00",,,"0,00",,fora da janela do painel (2021–2022; o painel cobre 2023–2026),2026-09-01,2025-12-16T18:14:28.151388
2541,2022,05003.01,não,sim,,"100.000,00",,,"0,00",,fora da janela do painel (2021–2022; o painel cobre 2023–2026),2026-09-01,2025-12-16T18:14:28.151388
2542,2022,05004.01,não,sim,,"0,00",,,"0,00",,fora da janela do painel (2021–2022; o painel cobre 2023–2026),2026-09-01,2025-12-16T18:14:28.151388
2543,2022,05010.01,não,sim,,"0,00",,,"0,00",,fora da janela do painel (2021–2022; o painel cobre 2023–2026),2026-09-01,2025-12-16T18:14:28.151388
2544,2022,05011.01,não,sim,,"351.520,00",,,"351.519,96",,fora da janela do painel (2021–2022; o painel cobre 2023–2026),2026-09-01,2025-12-16T18:14:28.151388
2545,2022,05012.01,não,sim,,"0,00",,,"0,00",,fora da janela do painel (2021–2022; o painel cobre 2023–2026),2026-09-01,2025-12-16T18:14:28.151388
2546,2022,05014.01,não,sim,,"700.000,00",,,"665.079,62",,fora da janela do painel (2021–2022; o painel cobre 2023–2026),2026-09-01,2025-12-16T18:14:28.151388
2547,2022,05017.01,não,sim,,"0,00",,,"0,00",,fora da janela do painel (2021–2022; o painel cobre 2023–2026),2026-09-01,2025-12-16T18:14:28.151388
2548,2022,05018.01,não,sim,,"0,00",,,"0,00",,fora da janela do painel (2021–2022; o painel cobre 2023–2026),2026-09-01,2025-12-16T18:14:28.151388
2549,2022,05020.01,não,sim,,"0,00",,,"0,00",,fora da janela do painel (2021–2022; o painel cobre 2023–2026),2026-09-01,2025-12-16T18:14:28.151388
2550,2022,05021.01,não,sim,,"0,00",,,"0,00",,fora da janela do painel (2021–2022; o painel cobre 2023–2026),2026-09-01,2025-12-16T18:14:28.151388
2551,2022,05022.01,não,sim,,"0,00",,,"0,00",,fora da janela do painel (2021–2022; o painel cobre 2023–2026),2026-09-01,2025-12-16T18:14:28.151388
2552,2022,05027.01,não,sim,,"0,00",,,"0,00",,fora da janela do painel (2021–2022; o painel cobre 2023–2026),2026-09-01,2025-12-16T18:14:28.151388
2553,2022,05029.01,não,sim,,"220.000,00",,,"220.000,00",,fora da janela do painel (2021–2022; o painel cobre 2023–2026),2026-09-01,2025-12-16T18:14:28.151388
2555,2022,05037.01,não,sim,,"0,00",,,"0,00",,fora da janela do painel (2021–2022; o painel cobre 2023–2026),2026-09-01,2025-12-16T18:14:28.151388
2556,2022,05043.01,não,sim,,"40.000,00",,,"0,00",,fora da janela do painel (2021–2022; o painel cobre 2023–2026),2026-09-01,2025-12-16T18:14:28.151388
2557,2022,05046.01,não,sim,,"250.000,00",,,"250.000,00",,fora da janela do painel (2021–2022; o painel cobre 2023–2026),2026-09-01,2025-12-16T18:14:28.151388
2558,2022,05047.01,não,sim,,"0,00",,,"0,00",,fora da janela do painel (2021–2022; o painel cobre 2023–2026),2026-09-01,2025-12-16T18:14:28.151388
2559,2022,05048.01,não,sim,,"0,00",,,"0,00",,fora da janela do painel (2021–2022; o painel cobre 2023–2026),2026-09-01,2025-12-16T18:14:28.151388
2560,2022,05049.01,não,sim,,"0,00",,,"0,00",,fora da janela do painel (2021–2022; o painel cobre 2023–2026),2026-09-01,2025-12-16T18:14:28.151388
2561,2022,05050.01,não,sim,,"60.000,00",,,"60.000,00",,fora da janela do painel (2021–2022; o painel cobre 2023–2026),2026-09-01,2025-12-16T18:14:28.151388
2562,2022,05051.01,não,sim,,"0,00",,,"0,00",,fora da janela do painel (2021–2022; o painel cobre 2023–2026),2026-09-01,2025-12-16T18:14:28.151388
2563,2022,05052.01,não,sim,,"500.000,00",,,"500.000,00",,fora da janela do painel (2021–2022; o painel cobre 2023–2026),2026-09-01,2025-12-16T18:14:28.151388
2564,2022,05054.01,não,sim,,"0,00",,,"0,00",,fora da janela do painel (2021–2022; o painel cobre 2023–2026),2026-09-01,2025-12-16T18:14:28.151388
2565,2022,05055.01,não,sim,,"0,00",,,"0,00",,fora da janela do painel (2021–2022; o painel cobre 2023–2026),2026-09-01,2025-12-16T18:14:28.151388
2566,2022,05056.01,não,sim,,"600.000,00",,,"599.131,02",,fora da janela do painel (2021–2022; o painel cobre 2023–2026),2026-09-01,2025-12-16T18:14:28.151388
2567,2022,05057.01,não,sim,,"100.000,00",,,"99.969,60",,fora da janela do painel (2021–2022; o painel cobre 2023–2026),2026-09-01,2025-12-16T18:14:28.151388
2568,2022,05058.01,não,sim,,"300.000,00",,,"150.000,00",,fora da janela do painel (2021–2022; o painel cobre 2023–2026),2026-09-01,2025-12-16T18:14:28.151388
2569,2022,05061.01,não,sim,,"85.000,00",,,"85.000,00",,fora da janela do painel (2021–2022; o painel cobre 2023–2026),2026-09-01,2025-12-16T18:14:28.151388
2570,2022,05062.01,não,sim,,"2.000.000,00",,,"2.000.000,00",,fora da janela do painel (2021–2022; o painel cobre 2023–2026),2026-09-01,2025-12-16T18:14:28.151388
2571,2022,05063.01,não,sim,,"0,00",,,"0,00",,fora da janela do painel (2021–2022; o painel cobre 2023–2026),2026-09-01,2025-12-16T18:14:28.151388
2572,2022,05066.01,não,sim,,"0,00",,,"0,00",,fora da janela do painel (2021–2022; o painel cobre 2023–2026),2026-09-01,2025-12-16T18:14:28.151388
2573,2022,05068.01,não,sim,,"0,00",,,"0,00",,fora da janela do painel (2021–2022; o painel cobre 2023–2026),2026-09-01,2025-12-16T18:14:28.151388
2574,2022,05069.01,não,sim,,"0,00",,,"0,00",,fora da janela do painel (2021–2022; o painel cobre 2023–2026),2026-09-01,2025-12-16T18:14:28.151388
2575,2022,05071.01,não,sim,,"450.000,00",,,"450.000,00",,fora da janela do painel (2021–2022; o painel cobre 2023–2026),2026-09-01,2025-12-16T18:14:28.151388
2576,2022,05072.01,não,sim,,"0,00",,,"0,00",,fora da janela do painel (2021–2022; o painel cobre 2023–2026),2026-09-01,2025-12-16T18:14:28.151388
2577,2022,05076.01,não,sim,,"0,00",,,"0,00",,fora da janela do painel (2021–2022; o painel cobre 2023–2026),2026-09-01,2025-12-16T18:14:28.151388
2578,2022,05077.01,não,sim,,"1.000.000,00",,,"1.000.000,00",,fora da janela do painel (2021–2022; o painel cobre 2023–2026),2026-09-01,2025-12-16T18:14:28.151388
2579,2022,05082.01,não,sim,,"0,00",,,"0,00",,fora da janela do painel (2021–2022; o painel cobre 2023–2026),2026-09-01,2025-12-16T18:14:28.151388
2580,2022,05084.01,não,sim,,"2.000.000,00",,,"1.993.183,80",,fora da janela do painel (2021–2022; o painel cobre 2023–2026),2026-09-01,2025-12-16T18:14:28.151388
2581,2022,05085.01,não,sim,,"0,00",,,"0,00",,fora da janela do painel (2021–2022; o painel cobre 2023–2026),2026-09-01,2025-12-16T18:14:28.151388
2582,2022,05086.01,não,sim,,"99.552,00",,,"99.552,00",,fora da janela do painel (2021–2022; o painel cobre 2023–2026),2026-09-01,2025-12-16T18:14:28.151388
2583,2022,05088.01,não,sim,,"180.000,00",,,"0,00",,fora da janela do painel (2021–2022; o painel cobre 2023–2026),2026-09-01,2025-12-16T18:14:28.151388
2584,2022,05089.01,não,sim,,"50.000,00",,,"0,00",,fora da janela do painel (2021–2022; o painel cobre 2023–2026),2026-09-01,2025-12-16T18:14:28.151388
2585,2022,05090.01,não,sim,,"195.611,00",,,"195.610,32",,fora da janela do painel (2021–2022; o painel cobre 2023–2026),2026-09-01,2025-12-16T18:14:28.151388
2586,2022,05091.01,não,sim,,"0,00",,,"0,00",,fora da janela do painel (2021–2022; o painel cobre 2023–2026),2026-09-01,2025-12-16T18:14:28.151388
2587,2022,05093.01,não,sim,,"0,00",,,"0,00",,fora da janela do painel (2021–2022; o painel cobre 2023–2026),2026-09-01,2025-12-16T18:14:28.151388
2588,2022,05094.01,não,sim,,"0,00",,,"0,00",,fora da janela do painel (2021–2022; o painel cobre 2023–2026),2026-09-01,2025-12-16T18:14:28.151388
2589,2022,05095.01,não,sim,,"0,00",,,"0,00",,fora da janela do painel (2021–2022; o painel cobre 2023–2026),2026-09-01,2025-12-16T18:14:28.151388
2590,2022,05096.01,não,sim,,"0,00",,,"0,00",,fora da janela do painel (2021–2022; o painel cobre 2023–2026),2026-09-01,2025-12-16T18:14:28.151388
2591,2022,05098.01,não,sim,,"30.000,00",,,"0,00",,fora da janela do painel (2021–2022; o painel cobre 2023–2026),2026-09-01,2025-12-16T18:14:28.151388
2592,2022,05099.01,não,sim,,"100.000,00",,,"99.256,85",,fora da janela do painel (2021–2022; o painel cobre 2023–2026),2026-09-01,2025-12-16T18:14:28.151388
2593,2022,05101.01,não,sim,,"0,00",,,"0,00",,fora da janela do painel (2021–2022; o painel cobre 2023–2026),2026-09-01,2025-12-16T18:14:28.151388
2594,2022,05102.01,não,sim,,"250.000,00",,,"250.000,00",,fora da janela do painel (2021–2022; o painel cobre 2023–2026),2026-09-01,2025-12-16T18:14:28.151388
2595,2022,05106.01,não,sim,,"0,00",,,"0,00",,fora da janela do painel (2021–2022; o painel cobre 2023–2026),2026-09-01,2025-12-16T18:14:28.151388
2596,2022,05111.01,não,sim,,"100.000,00",,,"100.000,00",,fora da janela do painel (2021–2022; o painel cobre 2023–2026),2026-09-01,2025-12-16T18:14:28.151388
2597,2022,05114.01,não,sim,,"417.632,00",,,"411.586,86",,fora da janela do painel (2021–2022; o painel cobre 2023–2026),2026-09-01,2025-12-16T18:14:28.151388
2598,2022,05123.01,não,sim,,"0,00",,,"0,00",,fora da janela do painel (2021–2022; o painel cobre 2023–2026),2026-09-01,2025-12-16T18:14:28.151388
2599,2022,05126.01,não,sim,,"500.000,00",,,"499.787,93",,fora da janela do painel (2021–2022; o painel cobre 2023–2026),2026-09-01,2025-12-16T18:14:28.151388
2600,2022,05127.01,não,sim,,"500.000,00",,,"499.037,13",,fora da janela do painel (2021–2022; o painel cobre 2023–2026),2026-09-01,2025-12-16T18:14:28.151388
2601,2022,05128.01,não,sim,,"0,00",,,"0,00",,fora da janela do painel (2021–2022; o painel cobre 2023–2026),2026-09-01,2025-12-16T18:14:28.151388
2602,2022,05130.01,não,sim,,"350.000,00",,,"350.000,00",,fora da janela do painel (2021–2022; o painel cobre 2023–2026),2026-09-01,2025-12-16T18:14:28.151388
2603,2022,05131.01,não,sim,,"0,00",,,"0,00",,fora da janela do painel (2021–2022; o painel cobre 2023–2026),2026-09-01,2025-12-16T18:14:28.151388
2604,2022,05135.01,não,sim,,"250.000,00",,,"0,00",,fora da janela do painel (2021–2022; o painel cobre 2023–2026),2026-09-01,2025-12-16T18:14:28.151388
2605,2022,05136.01,não,sim,,"0,00",,,"0,00",,fora da janela do painel (2021–2022; o painel cobre 2023–2026),2026-09-01,2025-12-16T18:14:28.151388
2606,2022,05139.01,não,sim,,"100.000,00",,,"100.000,00",,fora da janela do painel (2021–2022; o painel cobre 2023–2026),2026-09-01,2025-12-16T18:14:28.151388
2607,2022,05141.01,não,sim,,"50.000,00",,,"0,00",,fora da janela do painel (2021–2022; o painel cobre 2023–2026),2026-09-01,2025-12-16T18:14:28.151388
2608,2022,05144.01,não,sim,,"0,00",,,"0,00",,fora da janela do painel (2021–2022; o painel cobre 2023–2026),2026-09-01,2025-12-16T18:14:28.151388
2609,2022,05147.01,não,sim,,"0,00",,,"0,00",,fora da janela do painel (2021–2022; o painel cobre 2023–2026),2026-09-01,2025-12-16T18:14:28.151388
2610,2022,05151.01,não,sim,,"0,00",,,"0,00",,fora da janela do painel (2021–2022; o painel cobre 2023–2026),2026-09-01,2025-12-16T18:14:28.151388
2611,2022,05154.01,não,sim,,"0,00",,,"0,00",,fora da janela do painel (2021–2022; o painel cobre 2023–2026),2026-09-01,2025-12-16T18:14:28.151388
2612,2022,05155.01,não,sim,,"0,00",,,"0,00",,fora da janela do painel (2021–2022; o painel cobre 2023–2026),2026-09-01,2025-12-16T18:14:28.151388
2613,2022,05157.01,não,sim,,"500.000,00",,,"500.000,00",,fora da janela do painel (2021–2022; o painel cobre 2023–2026),2026-09-01,2025-12-16T18:14:28.151388
2614,2022,05160.01,não,sim,,"160.000,00",,,"160.000,00",,fora da janela do painel (2021–2022; o painel cobre 2023–2026),2026-09-01,2025-12-16T18:14:28.151388
2615,2022,05161.01,não,sim,,"0,00",,,"0,00",,fora da janela do painel (2021–2022; o painel cobre 2023–2026),2026-09-01,2025-12-16T18:14:28.151388
2616,2022,05163.01,não,sim,,"260.000,00",,,"260.000,00",,fora da janela do painel (2021–2022; o painel cobre 2023–2026),2026-09-01,2025-12-16T18:14:28.151388
2617,2022,05164.01,não,sim,,"500.000,00",,,"499.997,32",,fora da janela do painel (2021–2022; o painel cobre 2023–2026),2026-09-01,2025-12-16T18:14:28.151388
2618,2022,05165.01,não,sim,,"268.140,00",,,"267.912,40",,fora da janela do painel (2021–2022; o painel cobre 2023–2026),2026-09-01,2025-12-16T18:14:28.151388
2619,2022,05166.01,não,sim,,"0,00",,,"0,00",,fora da janela do painel (2021–2022; o painel cobre 2023–2026),2026-09-01,2025-12-16T18:14:28.151388
2620,2022,05167.01,não,sim,,"0,00",,,"0,00",,fora da janela do painel (2021–2022; o painel cobre 2023–2026),2026-09-01,2025-12-16T18:14:28.151388
2621,2022,05170.01,não,sim,,"0,00",,,"0,00",,fora da janela do painel (2021–2022; o painel cobre 2023–2026),2026-09-01,2025-12-16T18:14:28.151388
2622,2022,05171.01,não,sim,,"0,00",,,"0,00",,fora da janela do painel (2021–2022; o painel cobre 2023–2026),2026-09-01,2025-12-16T18:14:28.151388
2623,2022,05173.01,não,sim,,"0,00",,,"0,00",,fora da janela do painel (2021–2022; o painel cobre 2023–2026),2026-09-01,2025-12-16T18:14:28.151388
2624,2022,05178.01,não,sim,,"30.000,00",,,"0,00",,fora da janela do painel (2021–2022; o painel cobre 2023–2026),2026-09-01,2025-12-16T18:14:28.151388
2625,2022,05179.01,não,sim,,"50.000,00",,,"0,00",,fora da janela do painel (2021–2022; o painel cobre 2023–2026),2026-09-01,2025-12-16T18:14:28.151388
2626,2022,05181.01,não,sim,,"150.000,00",,,"150.000,00",,fora da janela do painel (2021–2022; o painel cobre 2023–2026),2026-09-01,2025-12-16T18:14:28.151388
2627,2022,05186.01,não,sim,,"0,00",,,"0,00",,fora da janela do painel (2021–2022; o painel cobre 2023–2026),2026-09-01,2025-12-16T18:14:28.151388
2628,2022,05187.01,não,sim,,"0,00",,,"0,00",,fora da janela do painel (2021–2022; o painel cobre 2023–2026),2026-09-01,2025-12-16T18:14:28.151388
2629,2022,05190.01,não,sim,,"300.000,00",,,"300.000,00",,fora da janela do painel (2021–2022; o painel cobre 2023–2026),2026-09-01,2025-12-16T18:14:28.151388
2630,2022,05191.01,não,sim,,"0,00",,,"0,00",,fora da janela do painel (2021–2022; o painel cobre 2023–2026),2026-09-01,2025-12-16T18:14:28.151388
2631,2022,05192.01,não,sim,,"0,00",,,"0,00",,fora da janela do painel (2021–2022; o painel cobre 2023–2026),2026-09-01,2025-12-16T18:14:28.151388
2632,2022,05193.01,não,sim,,"400.000,00",,,"399.888,98",,fora da janela do painel (2021–2022; o painel cobre 2023–2026),2026-09-01,2025-12-16T18:14:28.151388
2633,2022,05194.01,não,sim,,"150.000,00",,,"52.725,00",,fora da janela do painel (2021–2022; o painel cobre 2023–2026),2026-09-01,2025-12-16T18:14:28.151388
2634,2022,05195.01,não,sim,,"138.138,00",,,"138.137,80",,fora da janela do painel (2021–2022; o painel cobre 2023–2026),2026-09-01,2025-12-16T18:14:28.151388
2635,2022,05196.01,não,sim,,"520.000,00",,,"348.591,00",,fora da janela do painel (2021–2022; o painel cobre 2023–2026),2026-09-01,2025-12-16T18:14:28.151388
2636,2022,05197.01,não,sim,,"0,00",,,"0,00",,fora da janela do painel (2021–2022; o painel cobre 2023–2026),2026-09-01,2025-12-16T18:14:28.151388
2637,2022,05200.01,não,sim,,"0,00",,,"0,00",,fora da janela do painel (2021–2022; o painel cobre 2023–2026),2026-09-01,2025-12-16T18:14:28.151388
2638,2022,05202.01,não,sim,,"200.000,00",,,"200.000,00",,fora da janela do painel (2021–2022; o painel cobre 2023–2026),2026-09-01,2025-12-16T18:14:28.151388
2639,2022,05203.01,não,sim,,"0,00",,,"0,00",,fora da janela do painel (2021–2022; o painel cobre 2023–2026),2026-09-01,2025-12-16T18:14:28.151388
2640,2022,05204.01,não,sim,,"0,00",,,"0,00",,fora da janela do painel (2021–2022; o painel cobre 2023–2026),2026-09-01,2025-12-16T18:14:28.151388
2641,2022,05205.01,não,sim,,"0,00",,,"0,00",,fora da janela do painel (2021–2022; o painel cobre 2023–2026),2026-09-01,2025-12-16T18:14:28.151388
2642,2022,05009.01,não,sim,,"200.000,00",,,"0,00",,fora da janela do painel (2021–2022; o painel cobre 2023–2026),2026-09-01,2025-12-16T18:14:28.151388
2643,2022,05097.01,não,sim,,"200.000,00",,,"200.000,00",,fora da janela do painel (2021–2022; o painel cobre 2023–2026),2026-09-01,2025-12-16T18:14:28.151388
2644,2022,03062.02,não,sim,,"500.000,00",,,"499.898,30",,fora da janela do painel (2021–2022; o painel cobre 2023–2026),2026-09-01,2025-12-16T18:14:28.151388
2645,2022,01150.02,não,sim,,"0,00",,,"0,00",,fora da janela do painel (2021–2022; o painel cobre 2023–2026),2026-09-01,2025-12-16T18:14:28.151388
2646,2022,05186.02,não,sim,,"0,00",,,"0,00",,fora da janela do painel (2021–2022; o painel cobre 2023–2026),2026-09-01,2025-12-16T18:14:28.151388
2647,2022,05123.02,não,sim,,"0,00",,,"0,00",,fora da janela do painel (2021–2022; o painel cobre 2023–2026),2026-09-01,2025-12-16T18:14:28.151388
2648,2022,00521.02,não,sim,,"10.000,00",,,"0,00",,fora da janela do painel (2021–2022; o painel cobre 2023–2026),2026-09-01,2025-12-16T18:14:28.151388
2649,2022,00159.02,não,sim,,"160.475,00",,,"102.425,00",,fora da janela do painel (2021–2022; o painel cobre 2023–2026),2026-09-01,2025-12-16T18:14:28.151388
2650,2022,01095.02,não,sim,,"125.550,00",,,"125.549,97",,fora da janela do painel (2021–2022; o painel cobre 2023–2026),2026-09-01,2025-12-16T18:14:28.151388
2651,2022,00473.02,não,sim,,"278.874,00",,,"278.874,00",,fora da janela do painel (2021–2022; o painel cobre 2023–2026),2026-09-01,2025-12-16T18:14:28.151388
2652,2022,06003.01,não,sim,,"0,00",,,"0,00",,fora da janela do painel (2021–2022; o painel cobre 2023–2026),2026-09-01,2025-12-16T18:14:28.151388
2653,2022,06006.01,não,sim,,"0,00",,,"0,00",,fora da janela do painel (2021–2022; o painel cobre 2023–2026),2026-09-01,2025-12-16T18:14:28.151388
2654,2022,06007.01,não,sim,,"100.000,00",,,"100.000,00",,fora da janela do painel (2021–2022; o painel cobre 2023–2026),2026-09-01,2025-12-16T18:14:28.151388
2656,2022,06010.01,não,sim,,"0,00",,,"0,00",,fora da janela do painel (2021–2022; o painel cobre 2023–2026),2026-09-01,2025-12-16T18:14:28.151388
2657,2022,06015.01,não,sim,,"10.000,00",,,"0,00",,fora da janela do painel (2021–2022; o painel cobre 2023–2026),2026-09-01,2025-12-16T18:14:28.151388
2658,2022,06017.01,não,sim,,"0,00",,,"0,00",,fora da janela do painel (2021–2022; o painel cobre 2023–2026),2026-09-01,2025-12-16T18:14:28.151388
2659,2022,06018.01,não,sim,,"100.000,00",,,"0,00",,fora da janela do painel (2021–2022; o painel cobre 2023–2026),2026-09-01,2025-12-16T18:14:28.151388
2660,2022,06020.01,não,sim,,"80.000,00",,,"0,00",,fora da janela do painel (2021–2022; o painel cobre 2023–2026),2026-09-01,2025-12-16T18:14:28.151388
2661,2022,06021.01,não,sim,,"770.000,00",,,"379.922,00",,fora da janela do painel (2021–2022; o painel cobre 2023–2026),2026-09-01,2025-12-16T18:14:28.151388
2662,2022,06025.01,não,sim,,"113.000,00",,,"112.513,00",,fora da janela do painel (2021–2022; o painel cobre 2023–2026),2026-09-01,2025-12-16T18:14:28.151388
2663,2022,06026.01,não,sim,,"300.000,00",,,"0,00",,fora da janela do painel (2021–2022; o painel cobre 2023–2026),2026-09-01,2025-12-16T18:14:28.151388
2664,2022,06027.01,não,sim,,"0,00",,,"0,00",,fora da janela do painel (2021–2022; o painel cobre 2023–2026),2026-09-01,2025-12-16T18:14:28.151388
2665,2022,06028.01,não,sim,,"29.000,00",,,"0,00",,fora da janela do painel (2021–2022; o painel cobre 2023–2026),2026-09-01,2025-12-16T18:14:28.151388
2666,2022,06029.01,não,sim,,"100.000,00",,,"0,00",,fora da janela do painel (2021–2022; o painel cobre 2023–2026),2026-09-01,2025-12-16T18:14:28.151388
2667,2022,06031.01,não,sim,,"0,00",,,"0,00",,fora da janela do painel (2021–2022; o painel cobre 2023–2026),2026-09-01,2025-12-16T18:14:28.151388
2668,2022,06032.01,não,sim,,"0,00",,,"0,00",,fora da janela do painel (2021–2022; o painel cobre 2023–2026),2026-09-01,2025-12-16T18:14:28.151388
2669,2022,06033.01,não,sim,,"200.000,00",,,"200.000,00",,fora da janela do painel (2021–2022; o painel cobre 2023–2026),2026-09-01,2025-12-16T18:14:28.151388
2670,2022,06037.01,não,sim,,"0,00",,,"0,00",,fora da janela do painel (2021–2022; o painel cobre 2023–2026),2026-09-01,2025-12-16T18:14:28.151388
2671,2022,06038.01,não,sim,,"0,00",,,"0,00",,fora da janela do painel (2021–2022; o painel cobre 2023–2026),2026-09-01,2025-12-16T18:14:28.151388
2672,2022,06039.01,não,sim,,"0,00",,,"0,00",,fora da janela do painel (2021–2022; o painel cobre 2023–2026),2026-09-01,2025-12-16T18:14:28.151388
2673,2022,06040.01,não,sim,,"0,00",,,"0,00",,fora da janela do painel (2021–2022; o painel cobre 2023–2026),2026-09-01,2025-12-16T18:14:28.151388
2674,2022,06041.01,não,sim,,"0,00",,,"0,00",,fora da janela do painel (2021–2022; o painel cobre 2023–2026),2026-09-01,2025-12-16T18:14:28.151388
2675,2022,06047.01,não,sim,,"200.000,00",,,"146.192,20",,fora da janela do painel (2021–2022; o painel cobre 2023–2026),2026-09-01,2025-12-16T18:14:28.151388
2676,2022,06049.01,não,sim,,"200.000,00",,,"0,00",,fora da janela do painel (2021–2022; o painel cobre 2023–2026),2026-09-01,2025-12-16T18:14:28.151388
2677,2022,06050.01,não,sim,,"50.000,00",,,"0,00",,fora da janela do painel (2021–2022; o painel cobre 2023–2026),2026-09-01,2025-12-16T18:14:28.151388
2678,2022,06052.01,não,sim,,"0,00",,,"0,00",,fora da janela do painel (2021–2022; o painel cobre 2023–2026),2026-09-01,2025-12-16T18:14:28.151388
2679,2022,06054.01,não,sim,,"71.194,00",,,"0,00",,fora da janela do painel (2021–2022; o painel cobre 2023–2026),2026-09-01,2025-12-16T18:14:28.151388
2680,2022,06055.01,não,sim,,"0,00",,,"0,00",,fora da janela do painel (2021–2022; o painel cobre 2023–2026),2026-09-01,2025-12-16T18:14:28.151388
2682,2022,06057.01,não,sim,,"0,00",,,"0,00",,fora da janela do painel (2021–2022; o painel cobre 2023–2026),2026-09-01,2025-12-16T18:14:28.151388
2683,2022,06058.01,não,sim,,"600.000,00",,,"600.000,00",,fora da janela do painel (2021–2022; o painel cobre 2023–2026),2026-09-01,2025-12-16T18:14:28.151388
2685,2022,07010.01,não,sim,,"300.000,00",,,"300.000,00",,fora da janela do painel (2021–2022; o painel cobre 2023–2026),2026-09-01,2025-12-16T18:14:28.151388
2686,2022,07011.01,não,sim,,"0,00",,,"0,00",,fora da janela do painel (2021–2022; o painel cobre 2023–2026),2026-09-01,2025-12-16T18:14:28.151388
2687,2022,07015.01,não,sim,,"0,00",,,"0,00",,fora da janela do painel (2021–2022; o painel cobre 2023–2026),2026-09-01,2025-12-16T18:14:28.151388
2688,2022,07020.01,não,sim,,"0,00",,,"0,00",,fora da janela do painel (2021–2022; o painel cobre 2023–2026),2026-09-01,2025-12-16T18:14:28.151388
2689,2022,07026.01,não,sim,,"580.000,00",,,"0,00",,fora da janela do painel (2021–2022; o painel cobre 2023–2026),2026-09-01,2025-12-16T18:14:28.151388
2691,2022,07036.01,não,sim,,"30.000,00",,,"0,00",,fora da janela do painel (2021–2022; o painel cobre 2023–2026),2026-09-01,2025-12-16T18:14:28.151388
2693,2022,07039.01,não,sim,,"700.000,00",,,"695.509,04",,fora da janela do painel (2021–2022; o painel cobre 2023–2026),2026-09-01,2025-12-16T18:14:28.151388
2694,2022,07042.01,não,sim,,"0,00",,,"0,00",,fora da janela do painel (2021–2022; o painel cobre 2023–2026),2026-09-01,2025-12-16T18:14:28.151388
2695,2022,07043.01,não,sim,,"0,00",,,"0,00",,fora da janela do painel (2021–2022; o painel cobre 2023–2026),2026-09-01,2025-12-16T18:14:28.151388
2696,2022,07044.01,não,sim,,"0,00",,,"0,00",,fora da janela do painel (2021–2022; o painel cobre 2023–2026),2026-09-01,2025-12-16T18:14:28.151388
2697,2022,07064.01,não,sim,,"0,00",,,"0,00",,fora da janela do painel (2021–2022; o painel cobre 2023–2026),2026-09-01,2025-12-16T18:14:28.151388
2698,2022,07065.01,não,sim,,"0,00",,,"0,00",,fora da janela do painel (2021–2022; o painel cobre 2023–2026),2026-09-01,2025-12-16T18:14:28.151388
2699,2022,07069.01,não,sim,,"1.250.000,00",,,"750.000,00",,fora da janela do painel (2021–2022; o painel cobre 2023–2026),2026-09-01,2025-12-16T18:14:28.151388
2700,2022,07070.01,não,sim,,"288.000,00",,,"287.637,22",,fora da janela do painel (2021–2022; o painel cobre 2023–2026),2026-09-01,2025-12-16T18:14:28.151388
2701,2022,07071.01,não,sim,,"0,00",,,"0,00",,fora da janela do painel (2021–2022; o painel cobre 2023–2026),2026-09-01,2025-12-16T18:14:28.151388
2702,2022,07079.01,não,sim,,"1.200.000,00",,,"1.190.546,62",,fora da janela do painel (2021–2022; o painel cobre 2023–2026),2026-09-01,2025-12-16T18:14:28.151388
2703,2022,07080.01,não,sim,,"0,00",,,"0,00",,fora da janela do painel (2021–2022; o painel cobre 2023–2026),2026-09-01,2025-12-16T18:14:28.151388
2704,2022,07081.01,não,sim,,"320.000,00",,,"0,00",,fora da janela do painel (2021–2022; o painel cobre 2023–2026),2026-09-01,2025-12-16T18:14:28.151388
2705,2022,07082.01,não,sim,,"9.389,00",,,"0,00",,fora da janela do painel (2021–2022; o painel cobre 2023–2026),2026-09-01,2025-12-16T18:14:28.151388
2706,2022,07083.01,não,sim,,"0,00",,,"0,00",,fora da janela do painel (2021–2022; o painel cobre 2023–2026),2026-09-01,2025-12-16T18:14:28.151388
2707,2022,07095.01,não,sim,,"0,00",,,"0,00",,fora da janela do painel (2021–2022; o painel cobre 2023–2026),2026-09-01,2025-12-16T18:14:28.151388
2708,2022,07097.01,não,sim,,"0,00",,,"0,00",,fora da janela do painel (2021–2022; o painel cobre 2023–2026),2026-09-01,2025-12-16T18:14:28.151388
2709,2022,07105.01,não,sim,,"400.000,00",,,"400.000,00",,fora da janela do painel (2021–2022; o painel cobre 2023–2026),2026-09-01,2025-12-16T18:14:28.151388
2710,2022,07107.01,não,sim,,"660.000,00",,,"659.938,24",,fora da janela do painel (2021–2022; o painel cobre 2023–2026),2026-09-01,2025-12-16T18:14:28.151388
2712,2022,07032.01,não,sim,,"0,00",,,"0,00",,fora da janela do painel (2021–2022; o painel cobre 2023–2026),2026-09-01,2025-12-16T18:14:28.151388
2714,2022,08002.01,não,sim,,"600.000,00",,,"599.870,00",,fora da janela do painel (2021–2022; o painel cobre 2023–2026),2026-09-01,2025-12-16T18:14:28.151388
2715,2022,08004.01,não,sim,,"750.000,00",,,"750.000,00",,fora da janela do painel (2021–2022; o painel cobre 2023–2026),2026-09-01,2025-12-16T18:14:28.151388
2716,2022,08005.01,não,sim,,"600.000,00",,,"0,00",,fora da janela do painel (2021–2022; o painel cobre 2023–2026),2026-09-01,2025-12-16T18:14:28.151388
2719,2022,08009.01,não,sim,,"600.000,00",,,"0,00",,fora da janela do painel (2021–2022; o painel cobre 2023–2026),2026-09-01,2025-12-16T18:14:28.151388
2720,2022,08010.01,não,sim,,"0,00",,,"0,00",,fora da janela do painel (2021–2022; o painel cobre 2023–2026),2026-09-01,2025-12-16T18:14:28.151388
3153,2023,00298.01,sim,sim,"0,00","0,00","0,00","0,00","0,00","0,00",,2026-09-01,2025-12-16T18:14:28.151388
3154,2023,00297.01,sim,sim,"0,00","0,00","0,00","0,00","0,00","0,00",,2026-09-01,2025-12-16T18:14:28.151388
3155,2023,00361.01,sim,sim,"0,00","0,00","0,00","0,00","0,00","0,00",,2026-09-01,2025-12-16T18:14:28.151388
3156,2023,00317.01,sim,sim,"0,00","0,00","0,00","0,00","0,00","0,00",,2026-09-01,2025-12-16T18:14:28.151388
3157,2023,00211.01,sim,sim,"0,00","0,00","0,00","0,00","0,00","0,00",,2026-09-01,2025-12-16T18:14:28.151388
3158,2023,00412.01,sim,sim,"750.000,00","750.000,00","0,00","704.012,27","704.012,27","0,00",,2026-09-01,2025-12-16T18:14:28.151388
3159,2023,00406.01,sim,sim,"0,00","0,00","0,00","0,00","0,00","0,00",,2026-09-01,2025-12-16T18:14:28.151388
3160,2023,00063.01,sim,sim,"0,00","0,00","0,00","0,00","0,00","0,00",,2026-09-01,2025-12-16T18:14:28.151388
3161,2023,00367.01,sim,sim,"0,00","0,00","0,00","0,00","0,00","0,00",,2026-09-01,2025-12-16T18:14:28.151388
3162,2023,00303.01,sim,sim,"0,00","0,00","0,00","0,00","0,00","0,00",,2026-09-01,2025-12-16T18:14:28.151388
3163,2023,00138.01,sim,sim,"0,00","0,00","0,00","0,00","0,00","0,00",,2026-09-01,2025-12-16T18:14:28.151388
3164,2023,00100.01,sim,sim,"0,00","0,00","0,00","0,00","0,00","0,00",,2026-09-01,2025-12-16T18:14:28.151388
3165,2023,00247.01,sim,sim,"0,00","0,00","0,00","0,00","0,00","0,00",,2026-09-01,2025-12-16T18:14:28.151388
3166,2023,00140.01,sim,sim,"0,00","0,00","0,00","0,00","0,00","0,00",,2026-09-01,2025-12-16T18:14:28.151388
3167,2023,00307.01,sim,sim,"0,00","0,00","0,00","0,00","0,00","0,00",,2026-09-01,2025-12-16T18:14:28.151388
3168,2023,00250.01,sim,sim,"300.000,00","300.000,00","0,00","91.461,32","91.461,32","0,00",,2026-09-01,2025-12-16T18:14:28.151388
3169,2023,00072.01,sim,sim,"800.000,00","1.600.000,00","800.000,00","799.991,62","1.599.983,24","799.991,62",,2026-09-01,2025-12-16T18:14:28.151388
3170,2023,00418.01,sim,sim,"1.000.000,00","1.000.000,00","0,00","1.000.000,00","1.000.000,00","0,00",,2026-09-01,2025-12-16T18:14:28.151388
3171,2023,00176.01,sim,sim,"0,00","0,00","0,00","0,00","0,00","0,00",,2026-09-01,2025-12-16T18:14:28.151388
3172,2023,00078.01,sim,sim,"0,00","0,00","0,00","0,00","0,00","0,00",,2026-09-01,2025-12-16T18:14:28.151388
3173,2023,00302.01,sim,sim,"0,00","0,00","0,00","0,00","0,00","0,00",,2026-09-01,2025-12-16T18:14:28.151388
3174,2023,00296.01,sim,sim,"0,00","0,00","0,00","0,00","0,00","0,00",,2026-09-01,2025-12-16T18:14:28.151388
3175,2023,00248.01,sim,sim,"500.000,00","500.000,00","0,00","433.386,86","433.386,86","0,00",,2026-09-01,2025-12-16T18:14:28.151388
3176,2023,00146.01,sim,sim,"0,00","0,00","0,00","0,00","0,00","0,00",,2026-09-01,2025-12-16T18:14:28.151388
3177,2023,00246.01,sim,sim,"250.000,00","250.000,00","0,00","0,00","0,00","0,00",,2026-09-01,2025-12-16T18:14:28.151388
3178,2023,00249.01,sim,sim,"800.000,00","800.000,00","0,00","750.000,00","750.000,00","0,00",,2026-09-01,2025-12-16T18:14:28.151388
3179,2023,00175.01,sim,sim,"4.737.350,00","4.737.350,00","0,00","4.553.698,84","4.553.698,84","0,00",,2026-09-01,2025-12-16T18:14:28.151388
3180,2023,00087.01,sim,sim,"300.000,00","300.000,00","0,00","259.602,58","259.602,58","0,00",,2026-09-01,2025-12-16T18:14:28.151388
3181,2023,00243.01,sim,sim,"500.000,00","500.000,00","0,00","159.265,00","159.265,00","0,00",,2026-09-01,2025-12-16T18:14:28.151388
3182,2023,00151.01,sim,sim,"0,00","0,00","0,00","0,00","0,00","0,00",,2026-09-01,2025-12-16T18:14:28.151388
3183,2023,00213.01,sim,sim,"0,00","0,00","0,00","0,00","0,00","0,00",,2026-09-01,2025-12-16T18:14:28.151388
3184,2023,00251.01,sim,sim,"0,00","0,00","0,00","0,00","0,00","0,00",,2026-09-01,2025-12-16T18:14:28.151388
3185,2023,00391.01,sim,sim,"0,00","0,00","0,00","0,00","0,00","0,00",,2026-09-01,2025-12-16T18:14:28.151388
3186,2023,00185.01,sim,sim,"1.000.000,00","1.000.000,00","0,00","996.681,17","996.681,17","0,00",,2026-09-01,2025-12-16T18:14:28.151388
3187,2023,00169.01,sim,sim,"0,00","0,00","0,00","0,00","0,00","0,00",,2026-09-01,2025-12-16T18:14:28.151388
3188,2023,00252.01,sim,sim,"0,00","0,00","0,00","0,00","0,00","0,00",,2026-09-01,2025-12-16T18:14:28.151388
3189,2023,00026.01,sim,sim,"0,00","0,00","0,00","0,00","0,00","0,00",,2026-09-01,2025-12-16T18:14:28.151388
3190,2023,00051.01,sim,sim,"0,00","0,00","0,00","0,00","0,00","0,00",,2026-09-01,2025-12-16T18:14:28.151388
3191,2023,00257.01,sim,sim,"200.000,00","200.000,00","0,00","101.035,60","101.035,60","0,00",,2026-09-01,2025-12-16T18:14:28.151388
3192,2023,00208.01,sim,sim,"0,00","0,00","0,00","0,00","0,00","0,00",,2026-09-01,2025-12-16T18:14:28.151388
3193,2023,00046.01,sim,sim,"0,00","0,00","0,00","0,00","0,00","0,00",,2026-09-01,2025-12-16T18:14:28.151388
3194,2023,00293.01,sim,sim,"0,00","0,00","0,00","0,00","0,00","0,00",,2026-09-01,2025-12-16T18:14:28.151388
3195,2023,00092.01,sim,sim,"0,00","0,00","0,00","0,00","0,00","0,00",,2026-09-01,2025-12-16T18:14:28.151388
3196,2023,00300.01,sim,sim,"0,00","0,00","0,00","0,00","0,00","0,00",,2026-09-01,2025-12-16T18:14:28.151388
3197,2023,00289.01,sim,sim,"0,00","0,00","0,00","0,00","0,00","0,00",,2026-09-01,2025-12-16T18:14:28.151388
3198,2023,00410.01,sim,sim,"0,00","0,00","0,00","0,00","0,00","0,00",,2026-09-01,2025-12-16T18:14:28.151388
3199,2023,00065.01,sim,sim,"0,00","0,00","0,00","0,00","0,00","0,00",,2026-09-01,2025-12-16T18:14:28.151388
3200,2023,00445.01,sim,sim,"0,00","0,00","0,00","0,00","0,00","0,00",,2026-09-01,2025-12-16T18:14:28.151388
3201,2023,00411.01,sim,sim,"0,00","0,00","0,00","0,00","0,00","0,00",,2026-09-01,2025-12-16T18:14:28.151388
3202,2023,00245.01,sim,sim,"0,00","0,00","0,00","0,00","0,00","0,00",,2026-09-01,2025-12-16T18:14:28.151388
3203,2023,00231.01,sim,sim,"0,00","0,00","0,00","0,00","0,00","0,00",,2026-09-01,2025-12-16T18:14:28.151388
3204,2023,00058.01,sim,sim,"0,00","0,00","0,00","0,00","0,00","0,00",,2026-09-01,2025-12-16T18:14:28.151388
3205,2023,00123.01,sim,sim,"0,00","0,00","0,00","0,00","0,00","0,00",,2026-09-01,2025-12-16T18:14:28.151388
3206,2023,00404.01,sim,sim,"0,00","0,00","0,00","0,00","0,00","0,00",,2026-09-01,2025-12-16T18:14:28.151388
3207,2023,00144.01,sim,sim,"0,00","0,00","0,00","0,00","0,00","0,00",,2026-09-01,2025-12-16T18:14:28.151388
3208,2023,00365.01,sim,sim,"0,00","0,00","0,00","0,00","0,00","0,00",,2026-09-01,2025-12-16T18:14:28.151388
3209,2023,00080.01,sim,sim,"0,00","0,00","0,00","0,00","0,00","0,00",,2026-09-01,2025-12-16T18:14:28.151388
3210,2023,00076.01,sim,sim,"200.000,00","200.000,00","0,00","0,00","0,00","0,00",,2026-09-01,2025-12-16T18:14:28.151388
3211,2023,00241.01,sim,sim,"1.800.000,00","3.600.000,00","1.800.000,00","1.797.346,25","3.594.692,50","1.797.346,25",,2026-09-01,2025-12-16T18:14:28.151388
3212,2023,00352.01,sim,sim,"0,00","0,00","0,00","0,00","0,00","0,00",,2026-09-01,2025-12-16T18:14:28.151388
3213,2023,00315.01,sim,sim,"0,00","0,00","0,00","0,00","0,00","0,00",,2026-09-01,2025-12-16T18:14:28.151388
3214,2023,00351.01,sim,sim,"0,00","0,00","0,00","0,00","0,00","0,00",,2026-09-01,2025-12-16T18:14:28.151388
3215,2023,00291.01,sim,sim,"0,00","0,00","0,00","0,00","0,00","0,00",,2026-09-01,2025-12-16T18:14:28.151388
3216,2023,00232.01,sim,sim,"0,00","0,00","0,00","0,00","0,00","0,00",,2026-09-01,2025-12-16T18:14:28.151388
3217,2023,00064.01,sim,sim,"0,00","0,00","0,00","0,00","0,00","0,00",,2026-09-01,2025-12-16T18:14:28.151388
3218,2023,00097.01,sim,sim,"250.000,00","250.000,00","0,00","171.218,40","171.218,40","0,00",,2026-09-01,2025-12-16T18:14:28.151388
3219,2023,00181.01,sim,sim,"160.000,00","160.000,00","0,00","129.903,00","129.903,00","0,00",,2026-09-01,2025-12-16T18:14:28.151388
3220,2023,00182.01,sim,sim,"140.000,00","280.000,00","140.000,00","101.112,38","202.224,76","101.112,38",,2026-09-01,2025-12-16T18:14:28.151388
3221,2023,00261.01,sim,sim,"328.090,00","328.090,00","0,00","98.151,92","98.151,92","0,00",,2026-09-01,2025-12-16T18:14:28.151388
3222,2023,00060.01,sim,sim,"0,00","0,00","0,00","0,00","0,00","0,00",,2026-09-01,2025-12-16T18:14:28.151388
3223,2023,00005.01,sim,sim,"0,00","0,00","0,00","0,00","0,00","0,00",,2026-09-01,2025-12-16T18:14:28.151388
3224,2023,00071.01,sim,sim,"600.000,00","600.000,00","0,00","600.000,00","600.000,00","0,00",,2026-09-01,2025-12-16T18:14:28.151388
3225,2023,00476.01,sim,sim,"0,00","0,00","0,00","0,00","0,00","0,00",,2026-09-01,2025-12-16T18:14:28.151388
3226,2023,00106.01,sim,sim,"1,00","1,00","0,00","0,00","0,00","0,00",,2026-09-01,2025-12-16T18:14:28.151388
3227,2023,00090.01,sim,sim,"0,00","0,00","0,00","0,00","0,00","0,00",,2026-09-01,2025-12-16T18:14:28.151388
3228,2023,00006.01,sim,sim,"0,00","0,00","0,00","0,00","0,00","0,00",,2026-09-01,2025-12-16T18:14:28.151388
3229,2023,00392.01,sim,sim,"0,00","0,00","0,00","0,00","0,00","0,00",,2026-09-01,2025-12-16T18:14:28.151388
3230,2023,00234.01,sim,sim,"0,00","0,00","0,00","0,00","0,00","0,00",,2026-09-01,2025-12-16T18:14:28.151388
3231,2023,00387.01,sim,sim,"1.000.000,00","1.000.000,00","0,00","1.000.000,00","1.000.000,00","0,00",,2026-09-01,2025-12-16T18:14:28.151388
3232,2023,00130.01,sim,sim,"0,00","0,00","0,00","0,00","0,00","0,00",,2026-09-01,2025-12-16T18:14:28.151388
3233,2023,00154.01,sim,sim,"0,00","0,00","0,00","0,00","0,00","0,00",,2026-09-01,2025-12-16T18:14:28.151388
3234,2023,00271.01,sim,sim,"3.490.000,00","3.490.000,00","0,00","3.389.898,14","3.389.898,14","0,00",,2026-09-01,2025-12-16T18:14:28.151388
3235,2023,00126.01,sim,sim,"0,00","0,00","0,00","0,00","0,00","0,00",,2026-09-01,2025-12-16T18:14:28.151388
3236,2023,00127.01,sim,sim,"0,00","0,00","0,00","0,00","0,00","0,00",,2026-09-01,2025-12-16T18:14:28.151388
3237,2023,00264.01,sim,sim,"0,00","0,00","0,00","0,00","0,00","0,00",,2026-09-01,2025-12-16T18:14:28.151388
3238,2023,00238.01,sim,sim,"2.700.000,00","2.700.000,00","0,00","1.609.915,19","1.609.915,19","0,00",,2026-09-01,2025-12-16T18:14:28.151388
3239,2023,00177.01,sim,sim,"3.660.000,00","3.660.000,00","0,00","3.579.927,16","3.579.927,16","0,00",,2026-09-01,2025-12-16T18:14:28.151388
3240,2023,00309.01,sim,sim,"0,00","0,00","0,00","0,00","0,00","0,00",,2026-09-01,2025-12-16T18:14:28.151388
3241,2023,00419.01,sim,sim,"6.378.350,00","12.756.700,00","6.378.350,00","6.313.247,36","12.626.494,72","6.313.247,36",,2026-09-01,2025-12-16T18:14:28.151388
3242,2023,00438.01,sim,sim,"0,00","0,00","0,00","0,00","0,00","0,00",,2026-09-01,2025-12-16T18:14:28.151388
3243,2023,00018.01,sim,sim,"0,00","0,00","0,00","0,00","0,00","0,00",,2026-09-01,2025-12-16T18:14:28.151388
3244,2023,00323.01,sim,sim,"1.100.000,00","1.100.000,00","0,00","1.100.000,00","1.100.000,00","0,00",,2026-09-01,2025-12-16T18:14:28.151388
3245,2023,00099.01,sim,sim,"4.400.000,00","7.870.000,00","3.470.000,00","3.470.000,00","6.940.000,00","3.470.000,00",,2026-09-01,2025-12-16T18:14:28.151388
3246,2023,00336.01,sim,sim,"0,00","0,00","0,00","0,00","0,00","0,00",,2026-09-01,2025-12-16T18:14:28.151388
3247,2023,00007.01,sim,sim,"0,00","0,00","0,00","0,00","0,00","0,00",,2026-09-01,2025-12-16T18:14:28.151388
3248,2023,00338.01,sim,sim,"0,00","0,00","0,00","0,00","0,00","0,00",,2026-09-01,2025-12-16T18:14:28.151388
3249,2023,00084.01,sim,sim,"1.000.000,00","1.000.000,00","0,00","950.000,00","950.000,00","0,00",,2026-09-01,2025-12-16T18:14:28.151388
3250,2023,00171.01,sim,sim,"0,00","0,00","0,00","0,00","0,00","0,00",,2026-09-01,2025-12-16T18:14:28.151388
3251,2023,00043.01,sim,sim,"0,00","0,00","0,00","0,00","0,00","0,00",,2026-09-01,2025-12-16T18:14:28.151388
3252,2023,00148.01,sim,sim,"0,00","0,00","0,00","0,00","0,00","0,00",,2026-09-01,2025-12-16T18:14:28.151388
3253,2023,00194.01,sim,sim,"382.000,00","382.000,00","0,00","382.000,00","382.000,00","0,00",,2026-09-01,2025-12-16T18:14:28.151388
3254,2023,00242.01,sim,sim,"500.000,00","500.000,00","0,00","500.000,00","500.000,00","0,00",,2026-09-01,2025-12-16T18:14:28.151388
3255,2023,00304.01,sim,sim,"0,00","0,00","0,00","0,00","0,00","0,00",,2026-09-01,2025-12-16T18:14:28.151388
3256,2023,00229.01,sim,sim,"0,00","0,00","0,00","0,00","0,00","0,00",,2026-09-01,2025-12-16T18:14:28.151388
3257,2023,00322.01,sim,sim,"0,00","0,00","0,00","0,00","0,00","0,00",,2026-09-01,2025-12-16T18:14:28.151388
3258,2023,00310.01,sim,sim,"0,00","0,00","0,00","0,00","0,00","0,00",,2026-09-01,2025-12-16T18:14:28.151388
3259,2023,00002.01,sim,sim,"0,00","0,00","0,00","0,00","0,00","0,00",,2026-09-01,2025-12-16T18:14:28.151388
3260,2023,00022.01,sim,sim,"1.900.000,00","1.900.000,00","0,00","1.881.908,49","1.881.908,49","0,00",,2026-09-01,2025-12-16T18:14:28.151388
3261,2023,00114.01,sim,sim,"0,00","0,00","0,00","0,00","0,00","0,00",,2026-09-01,2025-12-16T18:14:28.151388
3262,2023,00085.01,sim,sim,"6.150.000,00","6.150.000,00","0,00","5.340.527,96","5.340.527,96","0,00",,2026-09-01,2025-12-16T18:14:28.151388
3263,2023,00068.01,sim,sim,"980.000,00","980.000,00","0,00","501.892,09","501.892,09","0,00",,2026-09-01,2025-12-16T18:14:28.151388
3264,2023,00049.01,sim,sim,"0,00","0,00","0,00","0,00","0,00","0,00",,2026-09-01,2025-12-16T18:14:28.151388
3265,2023,00142.01,sim,sim,"0,00","0,00","0,00","0,00","0,00","0,00",,2026-09-01,2025-12-16T18:14:28.151388
3266,2023,00155.01,sim,sim,"3.000.000,00","6.000.000,00","3.000.000,00","2.765.148,94","5.530.297,88","2.765.148,94",,2026-09-01,2025-12-16T18:14:28.151388
3267,2023,00378.01,sim,sim,"1.337.000,00","1.337.000,00","0,00","1.227.599,26","1.227.599,26","0,00",,2026-09-01,2025-12-16T18:14:28.151388
3268,2023,00265.01,sim,sim,"0,00","0,00","0,00","0,00","0,00","0,00",,2026-09-01,2025-12-16T18:14:28.151388
3269,2023,00269.01,sim,sim,"1.250.000,00","1.250.000,00","0,00","979.813,16","979.813,16","0,00",,2026-09-01,2025-12-16T18:14:28.151388
3270,2023,00356.01,sim,sim,"0,00","0,00","0,00","0,00","0,00","0,00",,2026-09-01,2025-12-16T18:14:28.151388
3271,2023,00184.01,sim,sim,"971.000,00","971.000,00","0,00","964.453,80","964.453,80","0,00",,2026-09-01,2025-12-16T18:14:28.151388
3272,2023,00256.01,sim,sim,"200.000,00","200.000,00","0,00","0,00","0,00","0,00",,2026-09-01,2025-12-16T18:14:28.151388
3273,2023,00357.01,sim,sim,"0,00","0,00","0,00","0,00","0,00","0,00",,2026-09-01,2025-12-16T18:14:28.151388
3274,2023,00311.01,sim,sim,"0,00","0,00","0,00","0,00","0,00","0,00",,2026-09-01,2025-12-16T18:14:28.151388
3275,2023,00233.01,sim,sim,"850.000,00","850.000,00","0,00","776.548,93","776.548,93","0,00",,2026-09-01,2025-12-16T18:14:28.151388
3276,2023,00421.01,sim,sim,"2.870.000,00","2.870.000,00","0,00","2.392.221,40","2.392.221,40","0,00",,2026-09-01,2025-12-16T18:14:28.151388
3277,2023,00397.01,sim,sim,"0,00","0,00","0,00","0,00","0,00","0,00",,2026-09-01,2025-12-16T18:14:28.151388
3278,2023,00398.01,sim,sim,"0,00","0,00","0,00","0,00","0,00","0,00",,2026-09-01,2025-12-16T18:14:28.151388
3279,2023,00399.01,sim,sim,"0,00","0,00","0,00","0,00","0,00","0,00",,2026-09-01,2025-12-16T18:14:28.151388
3280,2023,00400.01,sim,sim,"0,00","0,00","0,00","0,00","0,00","0,00",,2026-09-01,2025-12-16T18:14:28.151388
3281,2023,00441.01,sim,sim,"0,00","0,00","0,00","0,00","0,00","0,00",,2026-09-01,2025-12-16T18:14:28.151388
3282,2023,00402.01,sim,sim,"0,00","0,00","0,00","0,00","0,00","0,00",,2026-09-01,2025-12-16T18:14:28.151388
3283,2023,00150.01,sim,sim,"0,00","0,00","0,00","0,00","0,00","0,00",,2026-09-01,2025-12-16T18:14:28.151388
3284,2023,00327.01,sim,sim,"0,00","0,00","0,00","0,00","0,00","0,00",,2026-09-01,2025-12-16T18:14:28.151388
3285,2023,00333.01,sim,sim,"0,00","0,00","0,00","0,00","0,00","0,00",,2026-09-01,2025-12-16T18:14:28.151388
3286,2023,00178.01,sim,sim,"500.000,00","500.000,00","0,00","454.026,00","454.026,00","0,00",,2026-09-01,2025-12-16T18:14:28.151388
3287,2023,00179.01,sim,sim,"1.382.000,00","1.382.000,00","0,00","386.445,91","386.445,91","0,00",,2026-09-01,2025-12-16T18:14:28.151388
3288,2023,00334.01,sim,sim,"0,00","0,00","0,00","0,00","0,00","0,00",,2026-09-01,2025-12-16T18:14:28.151388
3289,2023,00143.01,sim,sim,"0,00","0,00","0,00","0,00","0,00","0,00",,2026-09-01,2025-12-16T18:14:28.151388
3290,2023,00335.01,sim,sim,"0,00","0,00","0,00","0,00","0,00","0,00",,2026-09-01,2025-12-16T18:14:28.151388
3291,2023,00121.01,sim,sim,"0,00","0,00","0,00","0,00","0,00","0,00",,2026-09-01,2025-12-16T18:14:28.151388
3292,2023,00437.01,sim,sim,"0,00","0,00","0,00","0,00","0,00","0,00",,2026-09-01,2025-12-16T18:14:28.151388
3293,2023,00125.01,sim,sim,"0,00","0,00","0,00","0,00","0,00","0,00",,2026-09-01,2025-12-16T18:14:28.151388
3294,2023,00239.01,sim,sim,"0,00","0,00","0,00","0,00","0,00","0,00",,2026-09-01,2025-12-16T18:14:28.151388
3295,2023,00339.01,sim,sim,"0,00","0,00","0,00","0,00","0,00","0,00",,2026-09-01,2025-12-16T18:14:28.151388
3296,2023,00115.01,sim,sim,"0,00","0,00","0,00","0,00","0,00","0,00",,2026-09-01,2025-12-16T18:14:28.151388
3297,2023,00059.01,sim,sim,"0,00","0,00","0,00","0,00","0,00","0,00",,2026-09-01,2025-12-16T18:14:28.151388
3298,2023,00377.01,sim,sim,"0,00","0,00","0,00","0,00","0,00","0,00",,2026-09-01,2025-12-16T18:14:28.151388
3299,2023,00124.01,sim,sim,"0,00","0,00","0,00","0,00","0,00","0,00",,2026-09-01,2025-12-16T18:14:28.151388
3300,2023,00420.01,sim,sim,"0,00","0,00","0,00","0,00","0,00","0,00",,2026-09-01,2025-12-16T18:14:28.151388
3301,2023,00145.01,sim,sim,"0,00","0,00","0,00","0,00","0,00","0,00",,2026-09-01,2025-12-16T18:14:28.151388
3302,2023,00260.01,sim,sim,"150.000,00","150.000,00","0,00","150.000,00","150.000,00","0,00",,2026-09-01,2025-12-16T18:14:28.151388
3303,2023,00137.01,sim,sim,"0,00","0,00","0,00","0,00","0,00","0,00",,2026-09-01,2025-12-16T18:14:28.151388
3304,2023,00173.01,sim,sim,"150.000,00","150.000,00","0,00","150.000,00","150.000,00","0,00",,2026-09-01,2025-12-16T18:14:28.151388
3305,2023,00139.01,sim,sim,"0,00","0,00","0,00","0,00","0,00","0,00",,2026-09-01,2025-12-16T18:14:28.151388
3306,2023,00386.01,sim,sim,"100.000,00","100.000,00","0,00","100.000,00","100.000,00","0,00",,2026-09-01,2025-12-16T18:14:28.151388
3307,2023,00116.01,sim,sim,"300.000,00","300.000,00","0,00","300.000,00","300.000,00","0,00",,2026-09-01,2025-12-16T18:14:28.151388
3308,2023,00172.01,sim,sim,"150.000,00","150.000,00","0,00","150.000,00","150.000,00","0,00",,2026-09-01,2025-12-16T18:14:28.151388
3309,2023,00195.01,sim,sim,"1.750.000,00","3.500.000,00","1.750.000,00","1.750.000,00","3.500.000,00","1.750.000,00",,2026-09-01,2025-12-16T18:14:28.151388
3310,2023,00385.01,sim,sim,"0,00","0,00","0,00","0,00","0,00","0,00",,2026-09-01,2025-12-16T18:14:28.151388
3311,2023,00435.01,sim,sim,"0,00","0,00","0,00","0,00","0,00","0,00",,2026-09-01,2025-12-16T18:14:28.151388
3312,2023,00494.01,sim,sim,"0,00","0,00","0,00","0,00","0,00","0,00",,2026-09-01,2025-12-16T18:14:28.151388
3313,2023,00162.01,sim,sim,"1.400.000,00","1.400.000,00","0,00","1.399.632,63","1.399.632,63","0,00",,2026-09-01,2025-12-16T18:14:28.151388
3314,2023,00312.01,sim,sim,"0,00","0,00","0,00","0,00","0,00","0,00",,2026-09-01,2025-12-16T18:14:28.151388
3315,2023,00423.01,sim,sim,"600.000,00","600.000,00","0,00","599.990,00","599.990,00","0,00",,2026-09-01,2025-12-16T18:14:28.151388
3316,2023,00405.01,sim,sim,"0,00","0,00","0,00","0,00","0,00","0,00",,2026-09-01,2025-12-16T18:14:28.151388
3317,2023,00332.01,sim,sim,"0,00","0,00","0,00","0,00","0,00","0,00",,2026-09-01,2025-12-16T18:14:28.151388
3318,2023,00337.01,sim,sim,"0,00","0,00","0,00","0,00","0,00","0,00",,2026-09-01,2025-12-16T18:14:28.151388
3319,2023,00440.01,sim,sim,"0,00","0,00","0,00","0,00","0,00","0,00",,2026-09-01,2025-12-16T18:14:28.151388
3320,2023,00475.01,sim,sim,"0,00","0,00","0,00","0,00","0,00","0,00",,2026-09-01,2025-12-16T18:14:28.151388
3321,2023,00050.01,sim,sim,"0,00","0,00","0,00","0,00","0,00","0,00",,2026-09-01,2025-12-16T18:14:28.151388
3322,2023,00129.01,sim,sim,"0,00","0,00","0,00","0,00","0,00","0,00",,2026-09-01,2025-12-16T18:14:28.151388
3323,2023,00107.01,sim,sim,"200.000,00","200.000,00","0,00","0,00","0,00","0,00",,2026-09-01,2025-12-16T18:14:28.151388
3324,2023,00313.01,sim,sim,"0,00","0,00","0,00","0,00","0,00","0,00",,2026-09-01,2025-12-16T18:14:28.151388
3326,2023,00346.01,sim,sim,"0,00","0,00","0,00","0,00","0,00","0,00",,2026-09-01,2025-12-16T18:14:28.151388
3328,2023,00003.01,sim,sim,"0,00","0,00","0,00","0,00","0,00","0,00",,2026-09-01,2025-12-16T18:14:28.151388
3329,2023,00024.01,sim,sim,"4.700.000,00","4.700.000,00","0,00","4.699.535,12","4.699.535,12","0,00",,2026-09-01,2025-12-16T18:14:28.151388
3330,2023,00110.01,sim,sim,"1.617.350,00","1.617.350,00","0,00","1.415.360,00","1.415.360,00","0,00",,2026-09-01,2025-12-16T18:14:28.151388
3331,2023,00012.01,sim,sim,"0,00","0,00","0,00","0,00","0,00","0,00",,2026-09-01,2025-12-16T18:14:28.151388
3332,2023,00086.01,sim,sim,"4.590.000,00","9.180.000,00","4.590.000,00","4.438.176,98","8.876.353,96","4.438.176,98",,2026-09-01,2025-12-16T18:14:28.151388
3333,2023,00069.01,sim,sim,"4.650.000,00","4.650.000,00","0,00","4.648.833,61","4.648.833,61","0,00",,2026-09-01,2025-12-16T18:14:28.151388
3334,2023,00047.01,sim,sim,"0,00","0,00","0,00","0,00","0,00","0,00",,2026-09-01,2025-12-16T18:14:28.151388
3335,2023,00128.01,sim,sim,"0,00","0,00","0,00","0,00","0,00","0,00",,2026-09-01,2025-12-16T18:14:28.151388
3336,2023,00156.01,sim,sim,"2.200.000,00","2.200.000,00","0,00","2.199.976,76","2.199.976,76","0,00",,2026-09-01,2025-12-16T18:14:28.151388
3337,2023,00122.01,sim,sim,"0,00","0,00","0,00","0,00","0,00","0,00",,2026-09-01,2025-12-16T18:14:28.151388
3338,2023,00203.01,sim,sim,"0,00","0,00","0,00","0,00","0,00","0,00",,2026-09-01,2025-12-16T18:14:28.151388
3339,2023,00270.01,sim,sim,"4.550.000,00","4.550.000,00","0,00","4.549.074,66","4.549.074,66","0,00",,2026-09-01,2025-12-16T18:14:28.151388
3340,2023,00382.01,sim,sim,"1.750.000,00","1.750.000,00","0,00","1.749.995,00","1.749.995,00","0,00",,2026-09-01,2025-12-16T18:14:28.151388
3341,2023,00237.01,sim,sim,"5.494.240,00","5.494.240,00","0,00","5.318.160,67","5.318.160,67","0,00",,2026-09-01,2025-12-16T18:14:28.151388
3342,2023,00308.01,sim,sim,"0,00","0,00","0,00","0,00","0,00","0,00",,2026-09-01,2025-12-16T18:14:28.151388
3343,2023,00227.01,sim,sim,"2.220.000,00","2.220.000,00","0,00","1.894.559,72","1.894.559,72","0,00",,2026-09-01,2025-12-16T18:14:28.151388
3344,2023,00422.01,sim,sim,"2.500.000,00","2.500.000,00","0,00","2.499.999,60","2.499.999,60","0,00",,2026-09-01,2025-12-16T18:14:28.151388
3345,2023,00324.01,sim,sim,"3.380.660,00","3.380.660,00","0,00","2.861.389,53","2.861.389,53","0,00",,2026-09-01,2025-12-16T18:14:28.151388
3346,2023,00328.01,sim,sim,"0,00","0,00","0,00","0,00","0,00","0,00",,2026-09-01,2025-12-16T18:14:28.151388
3347,2023,00329.01,sim,sim,"0,00","0,00","0,00","0,00","0,00","0,00",,2026-09-01,2025-12-16T18:14:28.151388
3348,2023,00330.01,sim,sim,"0,00","0,00","0,00","0,00","0,00","0,00",,2026-09-01,2025-12-16T18:14:28.151388
3349,2023,00331.01,sim,sim,"0,00","0,00","0,00","0,00","0,00","0,00",,2026-09-01,2025-12-16T18:14:28.151388
3350,2023,00366.01,sim,sim,"0,00","0,00","0,00","0,00","0,00","0,00",,2026-09-01,2025-12-16T18:14:28.151388
3351,2023,00340.01,sim,sim,"0,00","0,00","0,00","0,00","0,00","0,00",,2026-09-01,2025-12-16T18:14:28.151388
3352,2023,00370.01,sim,sim,"0,00","0,00","0,00","0,00","0,00","0,00",,2026-09-01,2025-12-16T18:14:28.151388
3353,2023,00436.01,sim,sim,"0,00","0,00","0,00","0,00","0,00","0,00",,2026-09-01,2025-12-16T18:14:28.151388
3354,2023,00354.01,sim,sim,"0,00","0,00","0,00","0,00","0,00","0,00",,2026-09-01,2025-12-16T18:14:28.151388
3355,2023,00358.01,sim,sim,"0,00","0,00","0,00","0,00","0,00","0,00",,2026-09-01,2025-12-16T18:14:28.151388
3356,2023,00023.01,sim,sim,"5.000.000,00","5.000.000,00","0,00","4.999.696,11","4.999.696,11","0,00",,2026-09-01,2025-12-16T18:14:28.151388
3357,2023,00089.01,sim,sim,"2.250.000,00","2.250.000,00","0,00","2.119.790,87","2.119.790,87","0,00",,2026-09-01,2025-12-16T18:14:28.151388
3358,2023,00048.01,sim,sim,"0,00","0,00","0,00","0,00","0,00","0,00",,2026-09-01,2025-12-16T18:14:28.151388
3359,2023,00342.01,sim,sim,"0,00","0,00","0,00","0,00","0,00","0,00",,2026-09-01,2025-12-16T18:14:28.151388
3360,2023,00343.01,sim,sim,"0,00","0,00","0,00","0,00","0,00","0,00",,2026-09-01,2025-12-16T18:14:28.151388
3361,2023,00344.01,sim,sim,"0,00","0,00","0,00","0,00","0,00","0,00",,2026-09-01,2025-12-16T18:14:28.151388
3362,2023,00347.01,sim,sim,"0,00","0,00","0,00","0,00","0,00","0,00",,2026-09-01,2025-12-16T18:14:28.151388
3363,2023,00348.01,sim,sim,"0,00","0,00","0,00","0,00","0,00","0,00",,2026-09-01,2025-12-16T18:14:28.151388
3364,2023,00364.01,sim,sim,"0,00","0,00","0,00","0,00","0,00","0,00",,2026-09-01,2025-12-16T18:14:28.151388
3365,2023,00349.01,sim,sim,"0,00","0,00","0,00","0,00","0,00","0,00",,2026-09-01,2025-12-16T18:14:28.151388
3366,2023,00355.01,sim,sim,"0,00","0,00","0,00","0,00","0,00","0,00",,2026-09-01,2025-12-16T18:14:28.151388
3367,2023,00359.01,sim,sim,"0,00","0,00","0,00","0,00","0,00","0,00",,2026-09-01,2025-12-16T18:14:28.151388
3368,2023,00407.01,sim,sim,"0,00","0,00","0,00","0,00","0,00","0,00",,2026-09-01,2025-12-16T18:14:28.151388
3369,2023,00350.01,sim,sim,"0,00","0,00","0,00","0,00","0,00","0,00",,2026-09-01,2025-12-16T18:14:28.151388
3370,2023,00428.01,sim,sim,"0,00","0,00","0,00","0,00","0,00","0,00",,2026-09-01,2025-12-16T18:14:28.151388
3371,2023,00379.01,sim,sim,"2.699.983,00","2.699.983,00","0,00","2.699.982,07","2.699.982,07","0,00",,2026-09-01,2025-12-16T18:14:28.151388
3372,2023,00429.01,sim,sim,"0,00","0,00","0,00","0,00","0,00","0,00",,2026-09-01,2025-12-16T18:14:28.151388
3373,2023,00430.01,sim,sim,"0,00","0,00","0,00","0,00","0,00","0,00",,2026-09-01,2025-12-16T18:14:28.151388
3374,2023,00424.01,sim,sim,"0,00","0,00","0,00","0,00","0,00","0,00",,2026-09-01,2025-12-16T18:14:28.151388
3375,2023,00368.01,sim,sim,"0,00","0,00","0,00","0,00","0,00","0,00",,2026-09-01,2025-12-16T18:14:28.151388
3376,2023,00426.01,sim,sim,"0,00","0,00","0,00","0,00","0,00","0,00",,2026-09-01,2025-12-16T18:14:28.151388
3377,2023,00369.01,sim,sim,"0,00","0,00","0,00","0,00","0,00","0,00",,2026-09-01,2025-12-16T18:14:28.151388
3378,2023,00427.01,sim,sim,"0,00","0,00","0,00","0,00","0,00","0,00",,2026-09-01,2025-12-16T18:14:28.151388
3379,2023,00001.01,sim,sim,"0,00","0,00","0,00","0,00","0,00","0,00",,2026-09-01,2025-12-16T18:14:28.151388
3380,2023,00119.01,sim,sim,"2.000.000,00","2.000.000,00","0,00","2.000.000,00","2.000.000,00","0,00",,2026-09-01,2025-12-16T18:14:28.151388
3381,2023,00120.01,sim,sim,"1.000.000,00","1.000.000,00","0,00","1.000.000,00","1.000.000,00","0,00",,2026-09-01,2025-12-16T18:14:28.151388
3382,2023,00299.01,sim,sim,"0,00","0,00","0,00","0,00","0,00","0,00",,2026-09-01,2025-12-16T18:14:28.151388
3383,2023,00008.01,sim,sim,"0,00","0,00","0,00","0,00","0,00","0,00",,2026-09-01,2025-12-16T18:14:28.151388
3384,2023,00082.01,sim,sim,"4.000.000,00","4.000.000,00","0,00","3.885.000,00","3.885.000,00","0,00",,2026-09-01,2025-12-16T18:14:28.151388
3385,2023,00083.01,sim,sim,"700.000,00","700.000,00","0,00","700.000,00","700.000,00","0,00",,2026-09-01,2025-12-16T18:14:28.151388
3386,2023,00067.01,sim,sim,"460.000,00","460.000,00","0,00","460.000,00","460.000,00","0,00",,2026-09-01,2025-12-16T18:14:28.151388
3387,2023,00062.01,sim,sim,"0,00","0,00","0,00","0,00","0,00","0,00",,2026-09-01,2025-12-16T18:14:28.151388
3388,2023,00108.01,sim,sim,"2.300.000,00","2.300.000,00","0,00","2.300.000,00","2.300.000,00","0,00",,2026-09-01,2025-12-16T18:14:28.151388
3389,2023,00109.01,sim,sim,"3.000.000,00","3.000.000,00","0,00","2.700.000,00","2.700.000,00","0,00",,2026-09-01,2025-12-16T18:14:28.151388
3390,2023,00157.01,sim,sim,"50.000,00","100.000,00","50.000,00","50.000,00","100.000,00","50.000,00",,2026-09-01,2025-12-16T18:14:28.151388
3391,2023,00380.01,sim,sim,"2.167.350,00","2.167.350,00","0,00","2.167.350,00","2.167.350,00","0,00",,2026-09-01,2025-12-16T18:14:28.151388
3392,2023,00205.01,sim,sim,"0,00","0,00","0,00","0,00","0,00","0,00",,2026-09-01,2025-12-16T18:14:28.151388
3393,2023,00267.01,sim,sim,"4.109.850,00","4.109.850,00","0,00","3.957.000,00","3.957.000,00","0,00",,2026-09-01,2025-12-16T18:14:28.151388
3394,2023,00268.01,sim,sim,"700.000,00","700.000,00","0,00","700.000,00","700.000,00","0,00",,2026-09-01,2025-12-16T18:14:28.151388
3395,2023,00186.01,sim,sim,"7.188.000,00","7.188.000,00","0,00","6.417.000,00","6.417.000,00","0,00",,2026-09-01,2025-12-16T18:14:28.151388
3396,2023,00240.01,sim,sim,"5.350.000,00","5.350.000,00","0,00","5.325.000,00","5.325.000,00","0,00",,2026-09-01,2025-12-16T18:14:28.151388
3397,2023,00212.01,sim,sim,"8.367.350,00","8.367.350,00","0,00","8.367.350,00","8.367.350,00","0,00",,2026-09-01,2025-12-16T18:14:28.151388
3398,2023,00305.01,sim,sim,"0,00","0,00","0,00","0,00","0,00","0,00",,2026-09-01,2025-12-16T18:14:28.151388
3399,2023,00433.01,sim,sim,"0,00","0,00","0,00","0,00","0,00","0,00",,2026-09-01,2025-12-16T18:14:28.151388
3400,2023,00409.01,sim,sim,"1.300.000,00","1.300.000,00","0,00","1.300.000,00","1.300.000,00","0,00",,2026-09-01,2025-12-16T18:14:28.151388
3401,2023,00319.01,sim,sim,"9.679.150,00","9.679.150,00","0,00","8.687.760,00","8.687.760,00","0,00",,2026-09-01,2025-12-16T18:14:28.151388
3402,2023,00431.01,sim,sim,"0,00","0,00","0,00","0,00","0,00","0,00",,2026-09-01,2025-12-16T18:14:28.151388
3403,2023,00202.01,sim,sim,"0,00","0,00","0,00","0,00","0,00","0,00",,2026-09-01,2025-12-16T18:14:28.151388
3404,2023,00136.01,sim,sim,"0,00","0,00","0,00","0,00","0,00","0,00",,2026-09-01,2025-12-16T18:14:28.151388
3405,2023,00217.01,sim,sim,"0,00","0,00","0,00","0,00","0,00","0,00",,2026-09-01,2025-12-16T18:14:28.151388
3406,2023,00301.01,sim,sim,"0,00","0,00","0,00","0,00","0,00","0,00",,2026-09-01,2025-12-16T18:14:28.151388
3407,2023,00055.01,sim,sim,"0,00","0,00","0,00","0,00","0,00","0,00",,2026-09-01,2025-12-16T18:14:28.151388
3408,2023,00183.01,sim,sim,"400.000,00","400.000,00","0,00","399.976,00","399.976,00","0,00",,2026-09-01,2025-12-16T18:14:28.151388
3409,2023,00383.01,sim,sim,"0,00","0,00","0,00","0,00","0,00","0,00",,2026-09-01,2025-12-16T18:14:28.151388
3410,2023,00189.01,sim,sim,"0,00","0,00","0,00","0,00","0,00","0,00",,2026-09-01,2025-12-16T18:14:28.151388
3411,2023,00147.01,sim,sim,"0,00","0,00","0,00","0,00","0,00","0,00",,2026-09-01,2025-12-16T18:14:28.151388
3412,2023,00292.01,sim,sim,"0,00","0,00","0,00","0,00","0,00","0,00",,2026-09-01,2025-12-16T18:14:28.151388
3413,2023,00443.01,sim,sim,"0,00","0,00","0,00","0,00","0,00","0,00",,2026-09-01,2025-12-16T18:14:28.151388
3414,2023,00272.01,sim,sim,"350.000,00","350.000,00","0,00","350.000,00","350.000,00","0,00",,2026-09-01,2025-12-16T18:14:28.151388
3415,2023,00278.01,sim,sim,"1.000.000,00","1.000.000,00","0,00","295.858,56","295.858,56","0,00",,2026-09-01,2025-12-16T18:14:28.151388
3416,2023,00180.01,sim,sim,"0,00","0,00","0,00","0,00","0,00","0,00",,2026-09-01,2025-12-16T18:14:28.151388
3417,2023,00362.01,sim,sim,"0,00","0,00","0,00","0,00","0,00","0,00",,2026-09-01,2025-12-16T18:14:28.151388
3418,2023,00141.01,sim,sim,"0,00","0,00","0,00","0,00","0,00","0,00",,2026-09-01,2025-12-16T18:14:28.151388
3419,2023,00442.01,sim,sim,"0,00","0,00","0,00","0,00","0,00","0,00",,2026-09-01,2025-12-16T18:14:28.151388
3420,2023,00197.01,sim,sim,"0,00","0,00","0,00","0,00","0,00","0,00",,2026-09-01,2025-12-16T18:14:28.151388
3421,2023,00165.01,sim,sim,"500.000,00","500.000,00","0,00","500.000,00","500.000,00","0,00",,2026-09-01,2025-12-16T18:14:28.151388
3422,2023,00158.01,sim,sim,"3.500.000,00","3.500.000,00","0,00","3.496.472,00","3.496.472,00","0,00",,2026-09-01,2025-12-16T18:14:28.151388
3423,2023,00102.01,sim,sim,"800.000,00","800.000,00","0,00","800.000,00","800.000,00","0,00",,2026-09-01,2025-12-16T18:14:28.151388
3424,2023,00104.01,sim,sim,"0,00","0,00","0,00","0,00","0,00","0,00",,2026-09-01,2025-12-16T18:14:28.151388
3425,2023,00196.01,sim,sim,"0,00","0,00","0,00","0,00","0,00","0,00",,2026-09-01,2025-12-16T18:14:28.151388
3426,2023,00326.01,sim,sim,"588.000,00","588.000,00","0,00","588.000,00","588.000,00","0,00",,2026-09-01,2025-12-16T18:14:28.151388
3427,2023,00216.01,sim,sim,"350.000,00","700.000,00","350.000,00","350.000,00","700.000,00","350.000,00",,2026-09-01,2025-12-16T18:14:28.151388
3428,2023,00415.01,sim,sim,"0,00","0,00","0,00","0,00","0,00","0,00",,2026-09-01,2025-12-16T18:14:28.151388
3429,2023,00282.01,sim,sim,"0,00","0,00","0,00","0,00","0,00","0,00",,2026-09-01,2025-12-16T18:14:28.151388
3430,2023,00262.01,sim,sim,"0,00","0,00","0,00","0,00","0,00","0,00",,2026-09-01,2025-12-16T18:14:28.151388
3431,2023,00161.01,sim,sim,"700.000,00","700.000,00","0,00","681.390,81","681.390,81","0,00",,2026-09-01,2025-12-16T18:14:28.151388
3432,2023,00263.01,sim,sim,"756.000,00","756.000,00","0,00","753.802,61","753.802,61","0,00",,2026-09-01,2025-12-16T18:14:28.151388
3433,2023,00054.01,sim,sim,"0,00","0,00","0,00","0,00","0,00","0,00",,2026-09-01,2025-12-16T18:14:28.151388
3434,2023,00057.01,sim,sim,"0,00","0,00","0,00","0,00","0,00","0,00",,2026-09-01,2025-12-16T18:14:28.151388
3435,2023,00414.01,sim,sim,"600.000,00","600.000,00","0,00","571.875,52","571.875,52","0,00",,2026-09-01,2025-12-16T18:14:28.151388
3436,2023,00218.01,sim,sim,"800.000,00","800.000,00","0,00","800.000,00","800.000,00","0,00",,2026-09-01,2025-12-16T18:14:28.151388
3437,2023,00275.01,sim,sim,"100.000,00","100.000,00","0,00","0,00","0,00","0,00",,2026-09-01,2025-12-16T18:14:28.151388
3438,2023,00015.01,sim,sim,"0,00","0,00","0,00","0,00","0,00","0,00",,2026-09-01,2025-12-16T18:14:28.151388
3439,2023,00200.01,sim,sim,"200.000,00","200.000,00","0,00","100.000,00","100.000,00","0,00",,2026-09-01,2025-12-16T18:14:28.151388
3440,2023,00374.01,sim,sim,"0,00","0,00","0,00","0,00","0,00","0,00",,2026-09-01,2025-12-16T18:14:28.151388
3441,2023,00201.01,sim,sim,"113.000,00","113.000,00","0,00","112.861,20","112.861,20","0,00",,2026-09-01,2025-12-16T18:14:28.151388
3442,2023,00373.01,sim,sim,"900.000,00","900.000,00","0,00","900.000,00","900.000,00","0,00",,2026-09-01,2025-12-16T18:14:28.151388
3443,2023,00372.01,sim,sim,"0,00","0,00","0,00","0,00","0,00","0,00",,2026-09-01,2025-12-16T18:14:28.151388
3444,2023,00219.01,sim,sim,"800.000,00","800.000,00","0,00","744.839,33","744.839,33","0,00",,2026-09-01,2025-12-16T18:14:28.151388
3445,2023,00220.01,sim,sim,"400.000,00","400.000,00","0,00","360.102,60","360.102,60","0,00",,2026-09-01,2025-12-16T18:14:28.151388
3446,2023,00077.01,sim,sim,"0,00","0,00","0,00","0,00","0,00","0,00",,2026-09-01,2025-12-16T18:14:28.151388
3447,2023,00134.01,sim,sim,"0,00","0,00","0,00","0,00","0,00","0,00",,2026-09-01,2025-12-16T18:14:28.151388
3448,2023,00259.01,sim,sim,"0,00","0,00","0,00","0,00","0,00","0,00",,2026-09-01,2025-12-16T18:14:28.151388
3449,2023,00113.01,sim,sim,"0,00","0,00","0,00","0,00","0,00","0,00",,2026-09-01,2025-12-16T18:14:28.151388
3450,2023,00221.01,sim,sim,"1.700.000,00","1.700.000,00","0,00","271.912,91","271.912,91","0,00",,2026-09-01,2025-12-16T18:14:28.151388
3451,2023,00118.01,sim,sim,"150.000,00","150.000,00","0,00","150.000,00","150.000,00","0,00",,2026-09-01,2025-12-16T18:14:28.151388
3452,2023,00253.01,sim,sim,"0,00","0,00","0,00","0,00","0,00","0,00",,2026-09-01,2025-12-16T18:14:28.151388
3453,2023,00360.01,sim,sim,"0,00","0,00","0,00","0,00","0,00","0,00",,2026-09-01,2025-12-16T18:14:28.151388
3454,2023,00276.01,sim,sim,"300.000,00","300.000,00","0,00","0,00","0,00","0,00",,2026-09-01,2025-12-16T18:14:28.151388
3455,2023,00321.01,sim,sim,"0,00","0,00","0,00","0,00","0,00","0,00",,2026-09-01,2025-12-16T18:14:28.151388
3456,2023,00288.01,sim,sim,"0,00","0,00","0,00","0,00","0,00","0,00",,2026-09-01,2025-12-16T18:14:28.151388
3457,2023,00111.01,sim,sim,"451.929,00","451.929,00","0,00","451.928,47","451.928,47","0,00",,2026-09-01,2025-12-16T18:14:28.151388
3458,2023,00320.01,sim,sim,"650.000,00","1.300.000,00","650.000,00","0,00","0,00","0,00",,2026-09-01,2025-12-16T18:14:28.151388
3459,2023,00371.01,sim,sim,"694.030,00","694.030,00","0,00","679.342,74","679.342,74","0,00",,2026-09-01,2025-12-16T18:14:28.151388
3460,2023,00112.01,sim,sim,"500.000,00","500.000,00","0,00","0,00","0,00","0,00",,2026-09-01,2025-12-16T18:14:28.151388
3461,2023,00223.01,sim,sim,"0,00","0,00","0,00","0,00","0,00","0,00",,2026-09-01,2025-12-16T18:14:28.151388
3462,2023,00222.01,sim,sim,"300.000,00","300.000,00","0,00","297.070,74","297.070,74","0,00",,2026-09-01,2025-12-16T18:14:28.151388
3463,2023,00160.01,sim,sim,"0,00","0,00","0,00","0,00","0,00","0,00",,2026-09-01,2025-12-16T18:14:28.151388
3464,2023,00224.01,sim,sim,"0,00","0,00","0,00","0,00","0,00","0,00",,2026-09-01,2025-12-16T18:14:28.151388
3465,2023,00075.01,sim,sim,"0,00","0,00","0,00","0,00","0,00","0,00",,2026-09-01,2025-12-16T18:14:28.151388
3466,2023,00135.01,sim,sim,"0,00","0,00","0,00","0,00","0,00","0,00",,2026-09-01,2025-12-16T18:14:28.151388
3467,2023,00095.01,sim,sim,"0,00","0,00","0,00","0,00","0,00","0,00",,2026-09-01,2025-12-16T18:14:28.151388
3468,2023,00052.01,sim,sim,"0,00","0,00","0,00","0,00","0,00","0,00",,2026-09-01,2025-12-16T18:14:28.151388
3469,2023,00306.01,sim,sim,"0,00","0,00","0,00","0,00","0,00","0,00",,2026-09-01,2025-12-16T18:14:28.151388
3470,2023,00094.01,sim,sim,"0,00","0,00","0,00","0,00","0,00","0,00",,2026-09-01,2025-12-16T18:14:28.151388
3471,2023,00167.01,sim,sim,"0,00","0,00","0,00","0,00","0,00","0,00",,2026-09-01,2025-12-16T18:14:28.151388
3472,2023,00168.01,sim,sim,"0,00","0,00","0,00","0,00","0,00","0,00",,2026-09-01,2025-12-16T18:14:28.151388
3473,2023,00209.01,sim,sim,"0,00","0,00","0,00","0,00","0,00","0,00",,2026-09-01,2025-12-16T18:14:28.151388
3474,2023,00266.01,sim,sim,"0,00","0,00","0,00","0,00","0,00","0,00",,2026-09-01,2025-12-16T18:14:28.151388
3475,2023,00226.01,sim,sim,"0,00","0,00","0,00","0,00","0,00","0,00",,2026-09-01,2025-12-16T18:14:28.151388
3476,2023,00273.01,sim,sim,"100.000,00","100.000,00","0,00","0,00","0,00","0,00",,2026-09-01,2025-12-16T18:14:28.151388
3477,2023,00279.01,sim,sim,"150.000,00","150.000,00","0,00","150.000,00","150.000,00","0,00",,2026-09-01,2025-12-16T18:14:28.151388
3478,2023,00284.01,sim,sim,"0,00","0,00","0,00","0,00","0,00","0,00",,2026-09-01,2025-12-16T18:14:28.151388
3479,2023,00254.01,sim,sim,"202.000,00","202.000,00","0,00","0,00","0,00","0,00",,2026-09-01,2025-12-16T18:14:28.151388
3480,2023,00255.01,sim,sim,"120.000,00","120.000,00","0,00","15.829,00","15.829,00","0,00",,2026-09-01,2025-12-16T18:14:28.151388
3481,2023,00314.01,sim,sim,"0,00","0,00","0,00","0,00","0,00","0,00",,2026-09-01,2025-12-16T18:14:28.151388
3482,2023,00096.01,sim,sim,"0,00","0,00","0,00","0,00","0,00","0,00",,2026-09-01,2025-12-16T18:14:28.151388
3483,2023,00384.01,sim,sim,"0,00","0,00","0,00","0,00","0,00","0,00",,2026-09-01,2025-12-16T18:14:28.151388
3484,2023,00341.01,sim,sim,"0,00","0,00","0,00","0,00","0,00","0,00",,2026-09-01,2025-12-16T18:14:28.151388
3485,2023,00010.01,sim,sim,"0,00","0,00","0,00","0,00","0,00","0,00",,2026-09-01,2025-12-16T18:14:28.151388
3486,2023,00098.01,sim,sim,"0,00","0,00","0,00","0,00","0,00","0,00",,2026-09-01,2025-12-16T18:14:28.151388
3487,2023,00444.01,sim,sim,"0,00","0,00","0,00","0,00","0,00","0,00",,2026-09-01,2025-12-16T18:14:28.151388
3488,2023,00191.01,sim,sim,"0,00","0,00","0,00","0,00","0,00","0,00",,2026-09-01,2025-12-16T18:14:28.151388
3489,2023,00187.01,sim,sim,"0,00","0,00","0,00","0,00","0,00","0,00",,2026-09-01,2025-12-16T18:14:28.151388
3490,2023,00011.01,sim,sim,"0,00","0,00","0,00","0,00","0,00","0,00",,2026-09-01,2025-12-16T18:14:28.151388
3491,2023,00274.01,sim,sim,"0,00","0,00","0,00","0,00","0,00","0,00",,2026-09-01,2025-12-16T18:14:28.151388
3492,2023,00286.01,sim,sim,"500.000,00","500.000,00","0,00","126.828,34","126.828,34","0,00",,2026-09-01,2025-12-16T18:14:28.151388
3493,2023,00280.01,sim,sim,"0,00","0,00","0,00","0,00","0,00","0,00",,2026-09-01,2025-12-16T18:14:28.151388
3494,2023,00285.01,sim,sim,"0,00","0,00","0,00","0,00","0,00","0,00",,2026-09-01,2025-12-16T18:14:28.151388
3495,2023,00159.01,sim,sim,"50.000,00","50.000,00","0,00","49.550,00","49.550,00","0,00",,2026-09-01,2025-12-16T18:14:28.151388
3496,2023,00056.01,sim,sim,"0,00","0,00","0,00","0,00","0,00","0,00",,2026-09-01,2025-12-16T18:14:28.151388
3497,2023,00199.01,sim,sim,"120.000,00","120.000,00","0,00","119.128,74","119.128,74","0,00",,2026-09-01,2025-12-16T18:14:28.151388
3498,2023,00375.01,sim,sim,"0,00","0,00","0,00","0,00","0,00","0,00",,2026-09-01,2025-12-16T18:14:28.151388
3499,2023,00215.01,sim,sim,"0,00","0,00","0,00","0,00","0,00","0,00",,2026-09-01,2025-12-16T18:14:28.151388
3500,2023,00192.01,sim,sim,"0,00","0,00","0,00","0,00","0,00","0,00",,2026-09-01,2025-12-16T18:14:28.151388
3501,2023,00016.01,sim,sim,"0,00","0,00","0,00","0,00","0,00","0,00",,2026-09-01,2025-12-16T18:14:28.151388
3502,2023,00061.01,sim,sim,"0,00","0,00","0,00","0,00","0,00","0,00",,2026-09-01,2025-12-16T18:14:28.151388
3503,2023,00188.01,sim,sim,"0,00","0,00","0,00","0,00","0,00","0,00",,2026-09-01,2025-12-16T18:14:28.151388
3504,2023,00214.01,sim,sim,"1.400.000,00","1.400.000,00","0,00","1.400.000,00","1.400.000,00","0,00",,2026-09-01,2025-12-16T18:14:28.151388
3505,2023,00198.01,sim,sim,"0,00","0,00","0,00","0,00","0,00","0,00",,2026-09-01,2025-12-16T18:14:28.151388
3506,2023,00417.01,sim,sim,"0,00","0,00","0,00","0,00","0,00","0,00",,2026-09-01,2025-12-16T18:14:28.151388
3507,2023,00325.01,sim,sim,"2.690.040,00","2.690.040,00","0,00","2.690.040,00","2.690.040,00","0,00",,2026-09-01,2025-12-16T18:14:28.151388
3508,2023,00403.01,sim,sim,"0,00","0,00","0,00","0,00","0,00","0,00",,2026-09-01,2025-12-16T18:14:28.151388
3509,2023,00318.01,sim,sim,"250.000,00","250.000,00","0,00","0,00","0,00","0,00",,2026-09-01,2025-12-16T18:14:28.151388
3510,2023,00439.01,sim,sim,"0,00","0,00","0,00","0,00","0,00","0,00",,2026-09-01,2025-12-16T18:14:28.151388
3511,2023,00295.01,sim,sim,"330.000,00","330.000,00","0,00","0,00","0,00","0,00",,2026-09-01,2025-12-16T18:14:28.151388
3512,2023,00081.01,sim,sim,"0,00","0,00","0,00","0,00","0,00","0,00",,2026-09-01,2025-12-16T18:14:28.151388
3513,2023,00388.01,sim,sim,"0,00","0,00","0,00","0,00","0,00","0,00",,2026-09-01,2025-12-16T18:14:28.151388
3514,2023,00363.01,sim,sim,"0,00","0,00","0,00","0,00","0,00","0,00",,2026-09-01,2025-12-16T18:14:28.151388
3515,2023,00393.01,sim,sim,"225.000,00","225.000,00","0,00","220.430,02","220.430,02","0,00",,2026-09-01,2025-12-16T18:14:28.151388
3516,2023,00316.01,sim,sim,"0,00","0,00","0,00","0,00","0,00","0,00",,2026-09-01,2025-12-16T18:14:28.151388
3517,2023,00017.01,sim,sim,"0,00","0,00","0,00","0,00","0,00","0,00",,2026-09-01,2025-12-16T18:14:28.151388
3518,2023,00074.01,sim,sim,"0,00","0,00","0,00","0,00","0,00","0,00",,2026-09-01,2025-12-16T18:14:28.151388
3519,2023,00091.01,sim,sim,"0,00","0,00","0,00","0,00","0,00","0,00",,2026-09-01,2025-12-16T18:14:28.151388
3520,2023,00230.01,sim,sim,"1.000.000,00","1.000.000,00","0,00","500.000,00","500.000,00","0,00",,2026-09-01,2025-12-16T18:14:28.151388
3521,2023,00416.01,sim,sim,"0,00","0,00","0,00","0,00","0,00","0,00",,2026-09-01,2025-12-16T18:14:28.151388
3522,2023,00236.01,sim,sim,"0,00","0,00","0,00","0,00","0,00","0,00",,2026-09-01,2025-12-16T18:14:28.151388
3523,2023,00376.01,sim,sim,"0,00","0,00","0,00","0,00","0,00","0,00",,2026-09-01,2025-12-16T18:14:28.151388
3524,2023,00235.01,sim,sim,"0,00","0,00","0,00","0,00","0,00","0,00",,2026-09-01,2025-12-16T18:14:28.151388
3525,2023,00105.01,sim,sim,"0,00","0,00","0,00","0,00","0,00","0,00",,2026-09-01,2025-12-16T18:14:28.151388
3526,2023,00294.01,sim,sim,"0,00","0,00","0,00","0,00","0,00","0,00",,2026-09-01,2025-12-16T18:14:28.151388
3527,2023,00088.01,sim,sim,"300.000,00","300.000,00","0,00","300.000,00","300.000,00","0,00",,2026-09-01,2025-12-16T18:14:28.151388
3528,2023,00014.01,sim,sim,"0,00","0,00","0,00","0,00","0,00","0,00",,2026-09-01,2025-12-16T18:14:28.151388
3529,2023,00244.01,sim,sim,"0,00","0,00","0,00","0,00","0,00","0,00",,2026-09-01,2025-12-16T18:14:28.151388
3530,2023,00013.01,sim,sim,"0,00","0,00","0,00","0,00","0,00","0,00",,2026-09-01,2025-12-16T18:14:28.151388
3531,2023,00174.01,sim,sim,"0,00","0,00","0,00","0,00","0,00","0,00",,2026-09-01,2025-12-16T18:14:28.151388
3532,2023,00228.01,sim,sim,"1.550.000,00","1.550.000,00","0,00","1.405.551,78","1.405.551,78","0,00",,2026-09-01,2025-12-16T18:14:28.151388
3533,2023,00101.01,sim,sim,"1.000.000,00","1.000.000,00","0,00","1.000.000,00","1.000.000,00","0,00",,2026-09-01,2025-12-16T18:14:28.151388
3534,2023,00103.01,sim,sim,"0,00","0,00","0,00","0,00","0,00","0,00",,2026-09-01,2025-12-16T18:14:28.151388
3535,2023,00193.01,sim,sim,"0,00","0,00","0,00","0,00","0,00","0,00",,2026-09-01,2025-12-16T18:14:28.151388
3536,2023,00381.01,sim,sim,"0,00","0,00","0,00","0,00","0,00","0,00",,2026-09-01,2025-12-16T18:14:28.151388
3537,2023,00390.01,sim,sim,"0,00","0,00","0,00","0,00","0,00","0,00",,2026-09-01,2025-12-16T18:14:28.151388
3538,2023,00283.01,sim,sim,"0,00","0,00","0,00","0,00","0,00","0,00",,2026-09-01,2025-12-16T18:14:28.151388
3539,2023,00190.01,sim,sim,"467.000,00","467.000,00","0,00","466.843,68","466.843,68","0,00",,2026-09-01,2025-12-16T18:14:28.151388
3540,2023,00166.01,sim,sim,"0,00","0,00","0,00","0,00","0,00","0,00",,2026-09-01,2025-12-16T18:14:28.151388
3541,2023,00133.01,sim,sim,"0,00","0,00","0,00","0,00","0,00","0,00",,2026-09-01,2025-12-16T18:14:28.151388
3542,2023,00413.01,sim,sim,"0,00","0,00","0,00","0,00","0,00","0,00",,2026-09-01,2025-12-16T18:14:28.151388
3543,2023,00132.01,sim,sim,"0,00","0,00","0,00","0,00","0,00","0,00",,2026-09-01,2025-12-16T18:14:28.151388
3544,2023,00025.01,sim,sim,"517.350,00","517.350,00","0,00","517.347,00","517.347,00","0,00",,2026-09-01,2025-12-16T18:14:28.151388
3545,2023,00281.01,sim,sim,"0,00","0,00","0,00","0,00","0,00","0,00",,2026-09-01,2025-12-16T18:14:28.151388
3546,2023,00163.01,sim,sim,"100.000,00","100.000,00","0,00","84.820,70","84.820,70","0,00",,2026-09-01,2025-12-16T18:14:28.151388
3547,2023,00389.01,sim,sim,"600.000,00","600.000,00","0,00","600.000,00","600.000,00","0,00",,2026-09-01,2025-12-16T18:14:28.151388
3548,2023,00021.01,sim,sim,"0,00","0,00","0,00","0,00","0,00","0,00",,2026-09-01,2025-12-16T18:14:28.151388
3549,2023,00009.01,sim,sim,"0,00","0,00","0,00","0,00","0,00","0,00",,2026-09-01,2025-12-16T18:14:28.151388
3550,2023,00045.01,sim,sim,"0,00","0,00","0,00","0,00","0,00","0,00",,2026-09-01,2025-12-16T18:14:28.151388
3551,2023,00131.01,sim,sim,"0,00","0,00","0,00","0,00","0,00","0,00",,2026-09-01,2025-12-16T18:14:28.151388
3552,2023,00093.01,sim,sim,"850.000,00","850.000,00","0,00","0,00","0,00","0,00",,2026-09-01,2025-12-16T18:14:28.151388
3553,2023,00152.01,sim,sim,"1.700.000,00","1.700.000,00","0,00","1.700.000,00","1.700.000,00","0,00",,2026-09-01,2025-12-16T18:14:28.151388
3554,2023,00290.01,sim,sim,"0,00","0,00","0,00","0,00","0,00","0,00",,2026-09-01,2025-12-16T18:14:28.151388
3555,2023,00474.01,sim,sim,"0,00","0,00","0,00","0,00","0,00","0,00",,2026-09-01,2025-12-16T18:14:28.151388
3556,2023,00464.01,sim,sim,"0,00","0,00","0,00","0,00","0,00","0,00",,2026-09-01,2025-12-16T18:14:28.151388
3557,2023,00446.01,sim,sim,"450.000,00","450.000,00","0,00","450.000,00","450.000,00","0,00",,2026-09-01,2025-12-16T18:14:28.151388
3558,2023,00477.01,sim,sim,"0,00","0,00","0,00","0,00","0,00","0,00",,2026-09-01,2025-12-16T18:14:28.151388
3559,2023,00353.01,sim,sim,"0,00","0,00","0,00","0,00","0,00","0,00",,2026-09-01,2025-12-16T18:14:28.151388
3560,2023,00345.01,sim,sim,"0,00","0,00","0,00","0,00","0,00","0,00",,2026-09-01,2025-12-16T18:14:28.151388
3561,2022,09001.01,não,sim,,"950.000,00",,,"0,00",,fora da janela do painel (2021–2022; o painel cobre 2023–2026),2026-09-01,2025-12-16T18:14:28.151388
3562,2022,09003.01,não,sim,,"560.000,00",,,"0,00",,fora da janela do painel (2021–2022; o painel cobre 2023–2026),2026-09-01,2025-12-16T18:14:28.151388
3563,2022,09007.01,não,sim,,"100.000,00",,,"0,00",,fora da janela do painel (2021–2022; o painel cobre 2023–2026),2026-09-01,2025-12-16T18:14:28.151388
3564,2023,00117.01,sim,sim,"1.800.000,00","1.800.000,00","0,00","894.709,49","894.709,50","0,01",,2026-09-01,2025-12-16T18:14:28.151388
3565,2023,00170.01,sim,não,"1.800.000,00",,,"894.709,49",,,declarada só no painel dentro do período que o portal cobre — o snapshot do portal (2025-12-16) é anterior à leitura do painel,2026-09-01,2025-12-16T18:14:28.151388
3591,2023,00149.01,sim,sim,"0,00","0,00","0,00","0,00","0,00","0,00",,2026-09-01,2025-12-16T18:14:28.151388
3592,2023,01013.01,sim,sim,"1.000.000,00","2.000.000,00","1.000.000,00","771.144,09","1.542.288,18","771.144,09",,2026-09-01,2025-12-16T18:14:28.151388
3593,2023,01023.01,sim,sim,"1.000.000,00","1.000.000,00","0,00","578.617,41","578.617,41","0,00",,2026-09-01,2025-12-16T18:14:28.151388
3595,2023,01018.01,sim,sim,"1.000.000,00","1.000.000,00","0,00","960.657,31","960.657,31","0,00",,2026-09-01,2025-12-16T18:14:28.151388
3596,2023,01021.01,sim,sim,"1.000.000,00","1.000.000,00","0,00","1.000.000,00","1.000.000,00","0,00",,2026-09-01,2025-12-16T18:14:28.151388
3598,2023,01010.01,sim,sim,"1.000.000,00","1.000.000,00","0,00","1.000.000,00","1.000.000,00","0,00",,2026-09-01,2025-12-16T18:14:28.151388
3601,2023,01027.01,sim,sim,"0,00","0,00","0,00","0,00","0,00","0,00",,2026-09-01,2025-12-16T18:14:28.151388
3604,2023,01022.01,sim,sim,"0,00","0,00","0,00","0,00","0,00","0,00",,2026-09-01,2025-12-16T18:14:28.151388
3605,2023,01001.01,sim,sim,"1.000.000,00","1.000.000,00","0,00","903.131,67","903.131,67","0,00",,2026-09-01,2025-12-16T18:14:28.151388
3607,2023,01020.01,sim,sim,"1.000.000,00","1.000.000,00","0,00","823.405,02","823.405,02","0,00",,2026-09-01,2025-12-16T18:14:28.151388
3608,2023,01025.01,sim,sim,"450.000,00","450.000,00","0,00","0,00","0,00","0,00",,2026-09-01,2025-12-16T18:14:28.151388
3611,2023,01008.01,sim,sim,"0,00","0,00","0,00","0,00","0,00","0,00",,2026-09-01,2025-12-16T18:14:28.151388
3612,2023,01014.01,sim,sim,"1.000.000,00","1.000.000,00","0,00","899.683,30","899.683,30","0,00",,2026-09-01,2025-12-16T18:14:28.151388
3613,2023,00377.02,sim,sim,"500.000,00","500.000,00","0,00","500.000,00","500.000,00","0,00",,2026-09-01,2025-12-16T18:14:28.151388
3614,2023,00124.02,sim,sim,"0,00","0,00","0,00","0,00","0,00","0,00",,2026-09-01,2025-12-16T18:14:28.151388
3615,2023,00293.02,sim,sim,"1.000.000,00","1.000.000,00","0,00","1.000.000,00","1.000.000,00","0,00",,2026-09-01,2025-12-16T18:14:28.151388
3616,2023,00420.02,sim,sim,"0,00","0,00","0,00","0,00","0,00","0,00",,2026-09-01,2025-12-16T18:14:28.151388
3617,2023,00059.02,sim,sim,"0,00","0,00","0,00","0,00","0,00","0,00",,2026-09-01,2025-12-16T18:14:28.151388
3618,2023,00176.02,sim,sim,"2.110.000,00","2.110.000,00","0,00","2.109.790,88","2.109.790,88","0,00",,2026-09-01,2025-12-16T18:14:28.151388
3619,2023,00474.02,sim,sim,"0,00","0,00","0,00","0,00","0,00","0,00",,2026-09-01,2025-12-16T18:14:28.151388
3620,2023,00476.02,sim,sim,"0,00","0,00","0,00","0,00","0,00","0,00",,2026-09-01,2025-12-16T18:14:28.151388
3621,2023,00475.02,sim,sim,"0,00","0,00","0,00","0,00","0,00","0,00",,2026-09-01,2025-12-16T18:14:28.151388
3622,2023,00477.02,sim,sim,"0,00","0,00","0,00","0,00","0,00","0,00",,2026-09-01,2025-12-16T18:14:28.151388
3623,2023,02178.01,sim,sim,"600.000,00","600.000,00","0,00","600.000,00","600.000,00","0,00",,2026-09-01,2025-12-16T18:14:28.151388
3628,2023,03001.01,sim,sim,"0,00","0,00","0,00","0,00","0,00","0,00",,2026-09-01,2025-12-16T18:14:28.151388
3629,2023,03003.01,sim,sim,"3.400.000,00","3.400.000,00","0,00","3.150.000,00","3.150.000,00","0,00",,2026-09-01,2025-12-16T18:14:28.151388
3630,2023,03006.01,sim,sim,"700.000,00","700.000,00","0,00","700.000,00","700.000,00","0,00",,2026-09-01,2025-12-16T18:14:28.151388
3631,2023,03008.01,sim,sim,"600.000,00","600.000,00","0,00","600.000,00","600.000,00","0,00",,2026-09-01,2025-12-16T18:14:28.151388
3632,2023,03010.01,sim,sim,"1.650.000,00","3.300.000,00","1.650.000,00","1.400.000,00","2.800.000,00","1.400.000,00",,2026-09-01,2025-12-16T18:14:28.151388
3633,2023,03012.01,sim,sim,"300.000,00","300.000,00","0,00","300.000,00","300.000,00","0,00",,2026-09-01,2025-12-16T18:14:28.151388
3634,2023,03014.01,sim,sim,"1.550.000,00","1.550.000,00","0,00","1.128.359,26","1.128.359,26","0,00",,2026-09-01,2025-12-16T18:14:28.151388
3635,2023,03015.01,sim,sim,"300.000,00","300.000,00","0,00","0,00","0,00","0,00",,2026-09-01,2025-12-16T18:14:28.151388
3636,2023,03018.01,sim,sim,"100.000,00","100.000,00","0,00","100.000,00","100.000,00","0,00",,2026-09-01,2025-12-16T18:14:28.151388
3637,2023,03019.01,sim,sim,"600.000,00","600.000,00","0,00","600.000,00","600.000,00","0,00",,2026-09-01,2025-12-16T18:14:28.151388
3638,2023,03021.01,sim,sim,"1.300.000,00","1.300.000,00","0,00","1.298.791,86","1.298.791,86","0,00",,2026-09-01,2025-12-16T18:14:28.151388
3639,2023,03022.01,sim,sim,"4.250.000,00","4.250.000,00","0,00","3.871.371,74","3.871.371,74","0,00",,2026-09-01,2025-12-16T18:14:28.151388
3640,2023,03023.01,sim,sim,"300.000,00","300.000,00","0,00","0,00","0,00","0,00",,2026-09-01,2025-12-16T18:14:28.151388
3641,2023,03024.01,sim,sim,"200.000,00","200.000,00","0,00","199.995,52","199.995,52","0,00",,2026-09-01,2025-12-16T18:14:28.151388
3642,2023,03025.01,sim,sim,"150.000,00","300.000,00","150.000,00","14.818,38","29.636,76","14.818,38",,2026-09-01,2025-12-16T18:14:28.151388
3643,2023,03027.01,sim,sim,"150.000,00","150.000,00","0,00","150.000,00","150.000,00","0,00",,2026-09-01,2025-12-16T18:14:28.151388
3644,2023,03028.01,sim,sim,"1.000.000,00","1.000.000,00","0,00","1.000.000,00","1.000.000,00","0,00",,2026-09-01,2025-12-16T18:14:28.151388
3645,2023,03029.01,sim,sim,"259.000,00","259.000,00","0,00","258.992,73","258.992,73","0,00",,2026-09-01,2025-12-16T18:14:28.151388
3646,2023,03040.01,sim,sim,"0,00","0,00","0,00","0,00","0,00","0,00",,2026-09-01,2025-12-16T18:14:28.151388
3647,2023,03042.01,sim,sim,"100.000,00","100.000,00","0,00","0,00","0,00","0,00",,2026-09-01,2025-12-16T18:14:28.151388
3648,2023,03043.01,sim,sim,"2.159.320,00","2.159.320,00","0,00","1.386.250,31","1.386.250,31","0,00",,2026-09-01,2025-12-16T18:14:28.151388
3649,2023,03044.01,sim,sim,"0,00","0,00","0,00","0,00","0,00","0,00",,2026-09-01,2025-12-16T18:14:28.151388
3650,2023,03045.01,sim,sim,"200.000,00","200.000,00","0,00","200.000,00","200.000,00","0,00",,2026-09-01,2025-12-16T18:14:28.151388
3651,2023,03046.01,sim,sim,"917.000,00","917.000,00","0,00","907.323,98","907.323,98","0,00",,2026-09-01,2025-12-16T18:14:28.151388
3652,2023,03047.01,sim,sim,"3.229.410,00","3.229.410,00","0,00","3.229.410,00","3.229.410,00","0,00",,2026-09-01,2025-12-16T18:14:28.151388
3653,2023,03048.01,sim,sim,"0,00","0,00","0,00","0,00","0,00","0,00",,2026-09-01,2025-12-16T18:14:28.151388
3654,2023,03050.01,sim,sim,"89.000,00","89.000,00","0,00","0,00","0,00","0,00",,2026-09-01,2025-12-16T18:14:28.151388
3655,2023,03051.01,sim,sim,"4.170.000,00","4.170.000,00","0,00","3.840.000,00","3.840.000,00","0,00",,2026-09-01,2025-12-16T18:14:28.151388
3656,2023,03053.01,sim,sim,"4.350.000,00","4.350.000,00","0,00","2.982.354,98","2.982.354,98","0,00",,2026-09-01,2025-12-16T18:14:28.151388
3657,2023,03054.01,sim,sim,"800.000,00","800.000,00","0,00","438.325,66","438.325,66","0,00",,2026-09-01,2025-12-16T18:14:28.151388
3658,2023,03055.01,sim,sim,"450.000,00","450.000,00","0,00","450.000,00","450.000,00","0,00",,2026-09-01,2025-12-16T18:14:28.151388
3659,2023,03056.01,sim,sim,"0,00","0,00","0,00","0,00","0,00","0,00",,2026-09-01,2025-12-16T18:14:28.151388
3660,2023,03057.01,sim,sim,"2.475.000,00","2.475.000,00","0,00","2.321.173,15","2.321.173,15","0,00",,2026-09-01,2025-12-16T18:14:28.151388
3661,2023,03058.01,sim,sim,"0,00","0,00","0,00","0,00","0,00","0,00",,2026-09-01,2025-12-16T18:14:28.151388
3662,2023,03069.01,sim,sim,"0,00","0,00","0,00","0,00","0,00","0,00",,2026-09-01,2025-12-16T18:14:28.151388
3663,2023,03073.01,sim,sim,"1.400.000,00","1.400.000,00","0,00","1.400.000,00","1.400.000,00","0,00",,2026-09-01,2025-12-16T18:14:28.151388
3664,2023,03074.01,sim,sim,"600.000,00","600.000,00","0,00","600.000,00","600.000,00","0,00",,2026-09-01,2025-12-16T18:14:28.151388
3665,2023,03078.01,sim,sim,"3.500.000,00","3.500.000,00","0,00","3.499.618,64","3.499.618,64","0,00",,2026-09-01,2025-12-16T18:14:28.151388
3666,2023,03079.01,sim,sim,"1.500.000,00","1.500.000,00","0,00","1.162.774,91","1.162.774,91","0,00",,2026-09-01,2025-12-16T18:14:28.151388
3667,2023,03082.01,sim,sim,"0,00","0,00","0,00","0,00","0,00","0,00",,2026-09-01,2025-12-16T18:14:28.151388
3668,2023,03083.01,sim,sim,"500.000,00","500.000,00","0,00","500.000,00","500.000,00","0,00",,2026-09-01,2025-12-16T18:14:28.151388
3669,2023,03085.01,sim,sim,"1.500.000,00","1.500.000,00","0,00","1.499.951,94","1.499.951,94","0,00",,2026-09-01,2025-12-16T18:14:28.151388
3670,2023,03088.01,sim,sim,"500.000,00","500.000,00","0,00","499.423,54","499.423,54","0,00",,2026-09-01,2025-12-16T18:14:28.151388
3671,2023,03093.01,sim,sim,"600.000,00","600.000,00","0,00","0,00","0,00","0,00",,2026-09-01,2025-12-16T18:14:28.151388
3672,2023,03094.01,sim,sim,"400.000,00","400.000,00","0,00","0,00","0,00","0,00",,2026-09-01,2025-12-16T18:14:28.151388
3673,2023,03096.01,sim,sim,"2.500.000,00","2.500.000,00","0,00","2.000.000,00","2.000.000,00","0,00",,2026-09-01,2025-12-16T18:14:28.151388
3674,2023,03098.01,sim,sim,"0,00","0,00","0,00","0,00","0,00","0,00",,2026-09-01,2025-12-16T18:14:28.151388
3675,2023,03099.01,sim,sim,"250.000,00","250.000,00","0,00","0,00","0,00","0,00",,2026-09-01,2025-12-16T18:14:28.151388
3676,2023,03101.01,sim,sim,"0,00","0,00","0,00","0,00","0,00","0,00",,2026-09-01,2025-12-16T18:14:28.151388
3677,2023,03102.01,sim,sim,"0,00","0,00","0,00","0,00","0,00","0,00",,2026-09-01,2025-12-16T18:14:28.151388
3678,2023,03103.01,sim,sim,"325.000,00","650.000,00","325.000,00","149.924,12","299.848,24","149.924,12",,2026-09-01,2025-12-16T18:14:28.151388
3679,2023,03105.01,sim,sim,"1.150.000,00","1.150.000,00","0,00","1.149.097,76","1.149.097,76","0,00",,2026-09-01,2025-12-16T18:14:28.151388
3680,2023,03106.01,sim,sim,"500.000,00","500.000,00","0,00","297.301,12","297.301,12","0,00",,2026-09-01,2025-12-16T18:14:28.151388
3681,2023,03107.01,sim,sim,"500.000,00","500.000,00","0,00","127.609,29","127.609,29","0,00",,2026-09-01,2025-12-16T18:14:28.151388
3682,2023,03108.01,sim,sim,"500.000,00","500.000,00","0,00","500.000,00","500.000,00","0,00",,2026-09-01,2025-12-16T18:14:28.151388
3683,2023,03109.01,sim,sim,"3.020.000,00","3.020.000,00","0,00","2.619.338,27","2.619.338,27","0,00",,2026-09-01,2025-12-16T18:14:28.151388
3684,2023,03110.01,sim,sim,"0,00","0,00","0,00","0,00","0,00","0,00",,2026-09-01,2025-12-16T18:14:28.151388
3685,2023,03111.01,sim,sim,"2.000.000,00","2.000.000,00","0,00","1.999.494,35","1.999.494,35","0,00",,2026-09-01,2025-12-16T18:14:28.151388
3686,2023,03112.01,sim,sim,"300.000,00","300.000,00","0,00","300.000,00","300.000,00","0,00",,2026-09-01,2025-12-16T18:14:28.151388
3687,2023,03113.01,sim,sim,"0,00","0,00","0,00","0,00","0,00","0,00",,2026-09-01,2025-12-16T18:14:28.151388
3688,2023,03114.01,sim,sim,"5.527.631,00","5.527.631,00","0,00","4.367.631,00","4.367.631,00","0,00",,2026-09-01,2025-12-16T18:14:28.151388
3689,2023,03115.01,sim,sim,"0,00","0,00","0,00","0,00","0,00","0,00",,2026-09-01,2025-12-16T18:14:28.151388
3690,2023,03116.01,sim,sim,"200.000,00","200.000,00","0,00","200.000,00","200.000,00","0,00",,2026-09-01,2025-12-16T18:14:28.151388
3691,2023,03117.01,sim,sim,"1.000.000,00","2.000.000,00","1.000.000,00","996.609,38","1.993.218,76","996.609,38",,2026-09-01,2025-12-16T18:14:28.151388
3692,2023,03118.01,sim,sim,"3.200.000,00","3.200.000,00","0,00","2.989.000,00","2.989.000,00","0,00",,2026-09-01,2025-12-16T18:14:28.151388
3693,2023,03121.01,sim,sim,"0,00","0,00","0,00","0,00","0,00","0,00",,2026-09-01,2025-12-16T18:14:28.151388
3694,2023,03125.01,sim,sim,"750.000,00","750.000,00","0,00","750.000,00","750.000,00","0,00",,2026-09-01,2025-12-16T18:14:28.151388
3695,2023,03127.01,sim,sim,"1.706.908,00","1.706.908,00","0,00","1.156.908,00","1.156.908,00","0,00",,2026-09-01,2025-12-16T18:14:28.151388
3696,2023,03131.01,sim,sim,"0,00","0,00","0,00","0,00","0,00","0,00",,2026-09-01,2025-12-16T18:14:28.151388
3697,2023,03135.01,sim,sim,"500.000,00","1.000.000,00","500.000,00","500.000,00","1.000.000,00","500.000,00",,2026-09-01,2025-12-16T18:14:28.151388
3698,2023,03136.01,sim,sim,"1.500.000,00","1.500.000,00","0,00","1.498.764,54","1.498.764,54","0,00",,2026-09-01,2025-12-16T18:14:28.151388
3699,2023,03137.01,sim,sim,"0,00","0,00","0,00","0,00","0,00","0,00",,2026-09-01,2025-12-16T18:14:28.151388
3700,2023,03138.01,sim,sim,"600.000,00","1.178.925,60","578.925,60","550.152,18","1.079.229,96","529.077,78",,2026-09-01,2025-12-16T18:14:28.151388
3701,2023,03139.01,sim,sim,"0,00","0,00","0,00","0,00","0,00","0,00",,2026-09-01,2025-12-16T18:14:28.151388
3702,2023,03141.01,sim,sim,"250.000,00","500.000,00","250.000,00","250.000,00","500.000,00","250.000,00",,2026-09-01,2025-12-16T18:14:28.151388
3703,2023,03142.01,sim,sim,"1.000.000,00","1.000.000,00","0,00","1.000.000,00","1.000.000,00","0,00",,2026-09-01,2025-12-16T18:14:28.151388
3704,2023,03143.01,sim,sim,"0,00","0,00","0,00","0,00","0,00","0,00",,2026-09-01,2025-12-16T18:14:28.151388
3705,2023,03144.01,sim,sim,"750.000,00","750.000,00","0,00","586.674,60","586.674,60","0,00",,2026-09-01,2025-12-16T18:14:28.151388
3706,2023,03147.01,sim,sim,"0,00","0,00","0,00","0,00","0,00","0,00",,2026-09-01,2025-12-16T18:14:28.151388
3707,2023,03149.01,sim,sim,"1.300.000,00","1.300.000,00","0,00","1.299.989,60","1.299.989,60","0,00",,2026-09-01,2025-12-16T18:14:28.151388
3708,2023,03150.01,sim,sim,"600.000,00","600.000,00","0,00","600.000,00","600.000,00","0,00",,2026-09-01,2025-12-16T18:14:28.151388
3709,2023,03151.01,sim,sim,"3.820.000,00","3.820.000,00","0,00","3.819.934,81","3.819.934,81","0,00",,2026-09-01,2025-12-16T18:14:28.151388
3710,2023,03152.01,sim,sim,"3.110.900,00","3.110.900,00","0,00","1.349.883,71","1.349.883,71","0,00",,2026-09-01,2025-12-16T18:14:28.151388
3711,2023,03154.01,sim,sim,"0,00","0,00","0,00","0,00","0,00","0,00",,2026-09-01,2025-12-16T18:14:28.151388
3712,2023,03155.01,sim,sim,"913.869,00","913.869,00","0,00","913.869,00","913.869,00","0,00",,2026-09-01,2025-12-16T18:14:28.151388
3713,2023,03156.01,sim,sim,"0,00","0,00","0,00","0,00","0,00","0,00",,2026-09-01,2025-12-16T18:14:28.151388
3714,2023,03158.01,sim,sim,"487.100,00","487.100,00","0,00","487.005,46","487.005,46","0,00",,2026-09-01,2025-12-16T18:14:28.151388
3715,2023,03161.01,sim,sim,"2.757.238,00","2.757.238,00","0,00","2.757.238,00","2.757.238,00","0,00",,2026-09-01,2025-12-16T18:14:28.151388
3716,2023,03162.01,sim,sim,"400.000,00","400.000,00","0,00","400.000,00","400.000,00","0,00",,2026-09-01,2025-12-16T18:14:28.151388
3717,2023,03163.01,sim,sim,"2.180.000,00","2.180.000,00","0,00","1.580.000,00","1.580.000,00","0,00",,2026-09-01,2025-12-16T18:14:28.151388
3718,2023,03164.01,sim,sim,"1.050.000,00","1.050.000,00","0,00","650.000,00","650.000,00","0,00",,2026-09-01,2025-12-16T18:14:28.151388
3719,2023,03165.01,sim,sim,"0,00","0,00","0,00","0,00","0,00","0,00",,2026-09-01,2025-12-16T18:14:28.151388
3720,2023,03166.01,sim,sim,"350.000,00","350.000,00","0,00","350.000,00","350.000,00","0,00",,2026-09-01,2025-12-16T18:14:28.151388
3721,2023,03167.01,sim,sim,"1.000.000,00","1.000.000,00","0,00","1.000.000,00","1.000.000,00","0,00",,2026-09-01,2025-12-16T18:14:28.151388
3722,2023,03169.01,sim,sim,"500.000,00","500.000,00","0,00","500.000,00","500.000,00","0,00",,2026-09-01,2025-12-16T18:14:28.151388
3723,2023,03170.01,sim,sim,"1.000.000,00","1.000.000,00","0,00","954.396,72","954.396,72","0,00",,2026-09-01,2025-12-16T18:14:28.151388
3724,2023,03171.01,sim,sim,"50.000,00","50.000,00","0,00","50.000,00","50.000,00","0,00",,2026-09-01,2025-12-16T18:14:28.151388
3725,2023,03173.01,sim,sim,"0,00","0,00","0,00","0,00","0,00","0,00",,2026-09-01,2025-12-16T18:14:28.151388
3726,2023,03174.01,sim,sim,"870.000,00","870.000,00","0,00","869.314,57","869.314,57","0,00",,2026-09-01,2025-12-16T18:14:28.151388
3727,2023,03177.01,sim,sim,"0,00","0,00","0,00","0,00","0,00","0,00",,2026-09-01,2025-12-16T18:14:28.151388
3728,2023,03178.01,sim,sim,"0,00","0,00","0,00","0,00","0,00","0,00",,2026-09-01,2025-12-16T18:14:28.151388
3729,2023,03181.01,sim,sim,"350.000,00","350.000,00","0,00","279.998,40","279.998,40","0,00",,2026-09-01,2025-12-16T18:14:28.151388
3730,2023,03182.01,sim,sim,"4.775.000,00","4.775.000,00","0,00","4.534.368,08","4.534.368,08","0,00",,2026-09-01,2025-12-16T18:14:28.151388
3731,2023,03183.01,sim,sim,"0,00","0,00","0,00","0,00","0,00","0,00",,2026-09-01,2025-12-16T18:14:28.151388
3732,2023,03184.01,sim,sim,"1.750.000,00","1.750.000,00","0,00","1.750.000,00","1.750.000,00","0,00",,2026-09-01,2025-12-16T18:14:28.151388
3733,2023,03185.01,sim,sim,"75.000,00","75.000,00","0,00","75.000,00","75.000,00","0,00",,2026-09-01,2025-12-16T18:14:28.151388
3734,2023,03186.01,sim,sim,"2.100.000,00","2.100.000,00","0,00","2.100.000,00","2.100.000,00","0,00",,2026-09-01,2025-12-16T18:14:28.151388
3735,2023,03187.01,sim,sim,"2.250.000,00","2.250.000,00","0,00","2.250.000,00","2.250.000,00","0,00",,2026-09-01,2025-12-16T18:14:28.151388
3736,2023,03188.01,sim,sim,"0,00","0,00","0,00","0,00","0,00","0,00",,2026-09-01,2025-12-16T18:14:28.151388
3737,2023,03189.01,sim,sim,"595.000,00","595.000,00","0,00","575.000,00","575.000,00","0,00",,2026-09-01,2025-12-16T18:14:28.151388
3738,2023,03190.01,sim,sim,"70.000,00","70.000,00","0,00","40.370,00","40.370,00","0,00",,2026-09-01,2025-12-16T18:14:28.151388
3739,2023,03191.01,sim,sim,"0,00","0,00","0,00","0,00","0,00","0,00",,2026-09-01,2025-12-16T18:14:28.151388
3740,2023,03192.01,sim,sim,"2.800.000,00","2.800.000,00","0,00","2.798.444,75","2.798.444,75","0,00",,2026-09-01,2025-12-16T18:14:28.151388
3741,2023,03193.01,sim,sim,"950.000,00","1.700.000,00","750.000,00","750.000,00","1.500.000,00","750.000,00",,2026-09-01,2025-12-16T18:14:28.151388
3742,2023,03194.01,sim,sim,"1.850.000,00","1.850.000,00","0,00","1.745.778,99","1.745.778,99","0,00",,2026-09-01,2025-12-16T18:14:28.151388
3743,2023,03195.01,sim,sim,"0,00","0,00","0,00","0,00","0,00","0,00",,2026-09-01,2025-12-16T18:14:28.151388
3744,2023,03196.01,sim,sim,"500.000,00","500.000,00","0,00","0,00","0,00","0,00",,2026-09-01,2025-12-16T18:14:28.151388
3745,2023,03197.01,sim,sim,"0,00","0,00","0,00","0,00","0,00","0,00",,2026-09-01,2025-12-16T18:14:28.151388
3746,2023,03198.01,sim,sim,"6.700.000,00","6.700.000,00","0,00","6.700.000,00","6.700.000,00","0,00",,2026-09-01,2025-12-16T18:14:28.151388
3747,2023,03199.01,sim,sim,"0,00","0,00","0,00","0,00","0,00","0,00",,2026-09-01,2025-12-16T18:14:28.151388
3748,2023,03200.01,sim,sim,"1.500.000,00","1.500.000,00","0,00","1.244.561,56","1.244.561,56","0,00",,2026-09-01,2025-12-16T18:14:28.151388
3749,2023,03202.01,sim,sim,"1.130.000,00","1.130.000,00","0,00","1.114.839,44","1.114.839,44","0,00",,2026-09-01,2025-12-16T18:14:28.151388
3750,2023,03203.01,sim,sim,"0,00","0,00","0,00","0,00","0,00","0,00",,2026-09-01,2025-12-16T18:14:28.151388
3751,2023,03204.01,sim,sim,"800.000,00","800.000,00","0,00","517.611,37","517.611,37","0,00",,2026-09-01,2025-12-16T18:14:28.151388
3752,2023,03205.01,sim,sim,"0,00","0,00","0,00","0,00","0,00","0,00",,2026-09-01,2025-12-16T18:14:28.151388
3753,2023,03206.01,sim,sim,"150.000,00","150.000,00","0,00","120.000,00","120.000,00","0,00",,2026-09-01,2025-12-16T18:14:28.151388
3754,2023,03207.01,sim,sim,"600.000,00","600.000,00","0,00","449.598,50","449.598,50","0,00",,2026-09-01,2025-12-16T18:14:28.151388
3755,2023,03208.01,sim,sim,"218.000,00","341.711,85","123.711,85","145.251,55","196.433,10","51.181,55",,2026-09-01,2025-12-16T18:14:28.151388
3756,2023,03209.01,sim,sim,"0,00","0,00","0,00","0,00","0,00","0,00",,2026-09-01,2025-12-16T18:14:28.151388
3757,2023,03211.01,sim,sim,"2.100.000,00","2.100.000,00","0,00","1.849.070,22","1.849.070,22","0,00",,2026-09-01,2025-12-16T18:14:28.151388
3758,2023,03212.01,sim,sim,"350.000,00","350.000,00","0,00","310.000,00","310.000,00","0,00",,2026-09-01,2025-12-16T18:14:28.151388
3759,2023,03213.01,sim,sim,"300.000,00","300.000,00","0,00","295.200,00","295.200,00","0,00",,2026-09-01,2025-12-16T18:14:28.151388
3760,2023,03216.01,sim,sim,"1.200.000,00","1.200.000,00","0,00","1.200.000,00","1.200.000,00","0,00",,2026-09-01,2025-12-16T18:14:28.151388
3761,2023,03217.01,sim,sim,"1.300.000,00","1.300.000,00","0,00","736.256,73","736.256,73","0,00",,2026-09-01,2025-12-16T18:14:28.151388
3762,2023,03218.01,sim,sim,"1.000.000,00","1.000.000,00","0,00","824.130,20","824.130,20","0,00",,2026-09-01,2025-12-16T18:14:28.151388
3763,2023,03219.01,sim,sim,"1.550.000,00","1.550.000,00","0,00","1.499.653,28","1.499.653,28","0,00",,2026-09-01,2025-12-16T18:14:28.151388
3764,2023,03220.01,sim,sim,"600.000,00","600.000,00","0,00","600.000,00","600.000,00","0,00",,2026-09-01,2025-12-16T18:14:28.151388
3765,2023,03221.01,sim,sim,"132.000,00","132.000,00","0,00","122.800,30","122.800,30","0,00",,2026-09-01,2025-12-16T18:14:28.151388
3766,2023,03222.01,sim,sim,"2.700.000,00","2.700.000,00","0,00","2.700.000,00","2.700.000,00","0,00",,2026-09-01,2025-12-16T18:14:28.151388
3767,2023,03223.01,sim,sim,"2.250.000,00","2.250.000,00","0,00","2.249.891,77","2.249.891,77","0,00",,2026-09-01,2025-12-16T18:14:28.151388
3768,2023,03224.01,sim,sim,"800.000,00","800.000,00","0,00","800.000,00","800.000,00","0,00",,2026-09-01,2025-12-16T18:14:28.151388
3769,2023,03225.01,sim,sim,"0,00","0,00","0,00","0,00","0,00","0,00",,2026-09-01,2025-12-16T18:14:28.151388
3770,2023,03227.01,sim,sim,"500.000,00","500.000,00","0,00","499.999,87","499.999,87","0,00",,2026-09-01,2025-12-16T18:14:28.151388
3771,2023,03228.01,sim,sim,"0,00","0,00","0,00","0,00","0,00","0,00",,2026-09-01,2025-12-16T18:14:28.151388
3772,2023,03230.01,sim,sim,"0,00","0,00","0,00","0,00","0,00","0,00",,2026-09-01,2025-12-16T18:14:28.151388
3773,2023,03233.01,sim,sim,"0,00","0,00","0,00","0,00","0,00","0,00",,2026-09-01,2025-12-16T18:14:28.151388
3774,2023,03234.01,sim,sim,"800.000,00","800.000,00","0,00","789.671,69","789.671,69","0,00",,2026-09-01,2025-12-16T18:14:28.151388
3775,2023,03235.01,sim,sim,"1.000.000,00","2.000.000,00","1.000.000,00","863.657,29","1.727.314,58","863.657,29",,2026-09-01,2025-12-16T18:14:28.151388
3776,2023,03237.01,sim,sim,"0,00","0,00","0,00","0,00","0,00","0,00",,2026-09-01,2025-12-16T18:14:28.151388
3777,2023,03238.01,sim,sim,"500.000,00","500.000,00","0,00","497.576,86","497.576,86","0,00",,2026-09-01,2025-12-16T18:14:28.151388
3778,2023,03239.01,sim,sim,"239.123,00","239.123,00","0,00","239.122,91","239.122,91","0,00",,2026-09-01,2025-12-16T18:14:28.151388
3779,2023,03240.01,sim,sim,"4.315.002,00","7.985.004,00","3.670.002,00","3.520.000,00","7.040.000,00","3.520.000,00",,2026-09-01,2025-12-16T18:14:28.151388
3780,2023,03242.01,sim,sim,"0,00","0,00","0,00","0,00","0,00","0,00",,2026-09-01,2025-12-16T18:14:28.151388
3781,2023,03243.01,sim,sim,"1.500.000,00","1.500.000,00","0,00","1.500.000,00","1.500.000,00","0,00",,2026-09-01,2025-12-16T18:14:28.151388
3782,2023,03245.01,sim,sim,"0,00","0,00","0,00","0,00","0,00","0,00",,2026-09-01,2025-12-16T18:14:28.151388
3783,2023,03246.01,sim,sim,"0,00","0,00","0,00","0,00","0,00","0,00",,2026-09-01,2025-12-16T18:14:28.151388
3784,2023,03247.01,sim,sim,"9.266.000,00","9.266.000,00","0,00","8.865.500,00","8.865.500,00","0,00",,2026-09-01,2025-12-16T18:14:28.151388
3785,2023,03249.01,sim,sim,"0,00","0,00","0,00","0,00","0,00","0,00",,2026-09-01,2025-12-16T18:14:28.151388
3786,2023,03250.01,sim,sim,"0,00","0,00","0,00","0,00","0,00","0,00",,2026-09-01,2025-12-16T18:14:28.151388
3787,2023,03251.01,sim,sim,"1.300.000,00","2.600.000,00","1.300.000,00","1.300.000,00","2.600.000,00","1.300.000,00",,2026-09-01,2025-12-16T18:14:28.151388
3788,2023,03252.01,sim,sim,"300.000,00","300.000,00","0,00","300.000,00","300.000,00","0,00",,2026-09-01,2025-12-16T18:14:28.151388
3789,2023,03253.01,sim,sim,"754.661,00","754.661,00","0,00","754.660,28","754.660,28","0,00",,2026-09-01,2025-12-16T18:14:28.151388
3790,2023,03255.01,sim,sim,"3.060.050,00","3.060.050,00","0,00","3.050.693,23","3.050.693,23","0,00",,2026-09-01,2025-12-16T18:14:28.151388
3791,2023,03256.01,sim,sim,"600.000,00","600.000,00","0,00","600.000,00","600.000,00","0,00",,2026-09-01,2025-12-16T18:14:28.151388
3792,2023,03257.01,sim,sim,"500.000,00","500.000,00","0,00","500.000,00","500.000,00","0,00",,2026-09-01,2025-12-16T18:14:28.151388
3793,2023,03260.01,sim,sim,"600.000,00","600.000,00","0,00","596.712,36","596.712,36","0,00",,2026-09-01,2025-12-16T18:14:28.151388
3794,2023,03261.01,sim,sim,"491.000,00","491.000,00","0,00","490.795,08","490.795,08","0,00",,2026-09-01,2025-12-16T18:14:28.151388
3795,2023,03262.01,sim,sim,"0,00","0,00","0,00","0,00","0,00","0,00",,2026-09-01,2025-12-16T18:14:28.151388
3796,2023,03263.01,sim,sim,"184.000,00","184.000,00","0,00","0,00","0,00","0,00",,2026-09-01,2025-12-16T18:14:28.151388
3797,2023,03264.01,sim,sim,"0,00","0,00","0,00","0,00","0,00","0,00",,2026-09-01,2025-12-16T18:14:28.151388
3798,2023,03265.01,sim,sim,"0,00","0,00","0,00","0,00","0,00","0,00",,2026-09-01,2025-12-16T18:14:28.151388
3799,2023,03266.01,sim,sim,"1.256.000,00","2.512.000,00","1.256.000,00","1.045.947,02","2.091.894,04","1.045.947,02",,2026-09-01,2025-12-16T18:14:28.151388
3800,2023,03268.01,sim,sim,"1.092.000,00","1.092.000,00","0,00","249.498,81","249.498,81","0,00",,2026-09-01,2025-12-16T18:14:28.151388
3801,2023,03269.01,sim,sim,"8.405.300,00","8.405.300,00","0,00","6.645.000,00","6.645.000,00","0,00",,2026-09-01,2025-12-16T18:14:28.151388
3802,2023,03270.01,sim,sim,"231.000,00","231.000,00","0,00","231.000,00","231.000,00","0,00",,2026-09-01,2025-12-16T18:14:28.151388
3803,2023,03272.01,sim,sim,"0,00","0,00","0,00","0,00","0,00","0,00",,2026-09-01,2025-12-16T18:14:28.151388
3804,2023,03273.01,sim,sim,"50.000,00","50.000,00","0,00","50.000,00","50.000,00","0,00",,2026-09-01,2025-12-16T18:14:28.151388
3805,2023,03275.01,sim,sim,"300.000,00","300.000,00","0,00","300.000,00","300.000,00","0,00",,2026-09-01,2025-12-16T18:14:28.151388
3806,2023,03276.01,sim,sim,"0,00","0,00","0,00","0,00","0,00","0,00",,2026-09-01,2025-12-16T18:14:28.151388
3807,2023,03280.01,sim,sim,"0,00","0,00","0,00","0,00","0,00","0,00",,2026-09-01,2025-12-16T18:14:28.151388
3808,2023,03281.01,sim,sim,"1.899.893,00","1.899.893,00","0,00","1.899.892,97","1.899.892,97","0,00",,2026-09-01,2025-12-16T18:14:28.151388
3809,2023,03283.01,sim,sim,"0,00","0,00","0,00","0,00","0,00","0,00",,2026-09-01,2025-12-16T18:14:28.151388
3810,2023,03284.01,sim,sim,"0,00","0,00","0,00","0,00","0,00","0,00",,2026-09-01,2025-12-16T18:14:28.151388
3811,2023,03287.01,sim,sim,"0,00","0,00","0,00","0,00","0,00","0,00",,2026-09-01,2025-12-16T18:14:28.151388
3812,2023,03288.01,sim,sim,"200.000,00","200.000,00","0,00","200.000,00","200.000,00","0,00",,2026-09-01,2025-12-16T18:14:28.151388
3813,2023,03289.01,sim,sim,"100.000,00","100.000,00","0,00","99.500,00","99.500,00","0,00",,2026-09-01,2025-12-16T18:14:28.151388
3814,2023,03290.01,sim,sim,"3.150.000,00","3.150.000,00","0,00","3.149.117,74","3.149.117,74","0,00",,2026-09-01,2025-12-16T18:14:28.151388
3815,2023,03291.01,sim,sim,"160.000,00","160.000,00","0,00","149.279,14","149.279,14","0,00",,2026-09-01,2025-12-16T18:14:28.151388
3816,2023,03296.01,sim,sim,"800.000,00","800.000,00","0,00","700.000,00","700.000,00","0,00",,2026-09-01,2025-12-16T18:14:28.151388
3817,2023,03298.01,sim,sim,"0,00","0,00","0,00","0,00","0,00","0,00",,2026-09-01,2025-12-16T18:14:28.151388
3818,2023,03300.01,sim,sim,"190.000,00","190.000,00","0,00","190.000,00","190.000,00","0,00",,2026-09-01,2025-12-16T18:14:28.151388
3819,2023,03302.01,sim,sim,"0,00","0,00","0,00","0,00","0,00","0,00",,2026-09-01,2025-12-16T18:14:28.151388
3820,2023,03303.01,sim,sim,"0,00","0,00","0,00","0,00","0,00","0,00",,2026-09-01,2025-12-16T18:14:28.151388
3821,2023,03310.01,sim,sim,"0,00","0,00","0,00","0,00","0,00","0,00",,2026-09-01,2025-12-16T18:14:28.151388
3822,2023,03311.01,sim,sim,"0,00","0,00","0,00","0,00","0,00","0,00",,2026-09-01,2025-12-16T18:14:28.151388
3823,2023,03312.01,sim,sim,"0,00","0,00","0,00","0,00","0,00","0,00",,2026-09-01,2025-12-16T18:14:28.151388
3824,2023,03313.01,sim,sim,"500.000,00","500.000,00","0,00","0,00","0,00","0,00",,2026-09-01,2025-12-16T18:14:28.151388
3825,2023,03314.01,sim,sim,"650.000,00","650.000,00","0,00","499.639,00","499.639,00","0,00",,2026-09-01,2025-12-16T18:14:28.151388
3826,2023,03315.01,sim,sim,"415.000,00","415.000,00","0,00","415.000,00","415.000,00","0,00",,2026-09-01,2025-12-16T18:14:28.151388
3827,2023,03316.01,sim,sim,"0,00","0,00","0,00","0,00","0,00","0,00",,2026-09-01,2025-12-16T18:14:28.151388
3828,2023,03317.01,sim,sim,"0,00","0,00","0,00","0,00","0,00","0,00",,2026-09-01,2025-12-16T18:14:28.151388
3829,2023,03318.01,sim,sim,"0,00","0,00","0,00","0,00","0,00","0,00",,2026-09-01,2025-12-16T18:14:28.151388
3830,2023,03319.01,sim,sim,"0,00","0,00","0,00","0,00","0,00","0,00",,2026-09-01,2025-12-16T18:14:28.151388
3831,2023,03320.01,sim,sim,"100.000,00","100.000,00","0,00","100.000,00","100.000,00","0,00",,2026-09-01,2025-12-16T18:14:28.151388
3832,2023,03323.01,sim,sim,"2.810.000,00","2.810.000,00","0,00","2.500.000,00","2.500.000,00","0,00",,2026-09-01,2025-12-16T18:14:28.151388
3833,2023,03324.01,sim,sim,"3.709.000,00","3.709.000,00","0,00","3.709.000,00","3.709.000,00","0,00",,2026-09-01,2025-12-16T18:14:28.151388
3834,2023,03325.01,sim,sim,"750.000,00","750.000,00","0,00","499.265,14","499.265,14","0,00",,2026-09-01,2025-12-16T18:14:28.151388
3835,2023,03328.01,sim,sim,"7.310.410,00","7.310.410,00","0,00","6.860.410,00","6.860.410,00","0,00",,2026-09-01,2025-12-16T18:14:28.151388
3836,2023,03059.01,sim,sim,"0,00","0,00","0,00","0,00","0,00","0,00",,2026-09-01,2025-12-16T18:14:28.151388
3840,2023,03159.01,sim,sim,"1.530.000,00","1.530.000,00","0,00","1.530.000,00","1.530.000,00","0,00",,2026-09-01,2025-12-16T18:14:28.151388
3841,2023,03179.01,sim,sim,"350.000,00","700.000,00","350.000,00","350.000,00","700.000,00","350.000,00",,2026-09-01,2025-12-16T18:14:28.151388
3842,2023,03180.01,sim,sim,"0,00","0,00","0,00","0,00","0,00","0,00",,2026-09-01,2025-12-16T18:14:28.151388
3843,2023,03214.01,sim,sim,"0,00","0,00","0,00","0,00","0,00","0,00",,2026-09-01,2025-12-16T18:14:28.151388
3844,2023,03215.01,sim,sim,"1.500.000,00","1.500.000,00","0,00","1.500.000,00","1.500.000,00","0,00",,2026-09-01,2025-12-16T18:14:28.151388
3845,2023,03244.01,sim,sim,"0,00","0,00","0,00","0,00","0,00","0,00",,2026-09-01,2025-12-16T18:14:28.151388
3846,2023,03271.01,sim,sim,"0,00","0,00","0,00","0,00","0,00","0,00",,2026-09-01,2025-12-16T18:14:28.151388
3847,2023,03274.01,sim,sim,"4.449.700,00","4.449.700,00","0,00","4.009.500,00","4.009.500,00","0,00",,2026-09-01,2025-12-16T18:14:28.151388
3849,2023,03285.01,sim,sim,"0,00","0,00","0,00","0,00","0,00","0,00",,2026-09-01,2025-12-16T18:14:28.151388
3850,2023,03299.01,sim,sim,"0,00","0,00","0,00","0,00","0,00","0,00",,2026-09-01,2025-12-16T18:14:28.151388
3851,2023,03301.01,sim,sim,"0,00","0,00","0,00","0,00","0,00","0,00",,2026-09-01,2025-12-16T18:14:28.151388
3852,2023,03038.01,sim,sim,"200.000,00","400.000,00","200.000,00","109.244,10","218.488,20","109.244,10",,2026-09-01,2025-12-16T18:14:28.151388
3853,2023,03037.01,sim,sim,"300.000,00","300.000,00","0,00","299.777,90","299.777,90","0,00",,2026-09-01,2025-12-16T18:14:28.151388
3854,2023,03309.01,sim,sim,"149.581,00","149.581,00","0,00","148.289,08","148.289,08","0,00",,2026-09-01,2025-12-16T18:14:28.151388
3855,2023,03086.01,sim,sim,"500.000,00","1.000.000,00","500.000,00","500.000,00","1.000.000,00","500.000,00",,2026-09-01,2025-12-16T18:14:28.151388
3856,2023,03148.01,sim,sim,"0,00","0,00","0,00","0,00","0,00","0,00",,2026-09-01,2025-12-16T18:14:28.151388
3857,2023,03299.02,sim,sim,"550.000,00","550.000,00","0,00","298.820,97","298.820,97","0,00",,2026-09-01,2025-12-16T18:14:28.151388
3858,2023,03277.01,sim,sim,"999.975,00","999.975,00","0,00","999.974,50","999.974,50","0,00",,2026-09-01,2025-12-16T18:14:28.151388
3859,2023,03157.01,sim,sim,"1.795.000,00","1.795.000,00","0,00","691.331,84","691.331,84","0,00",,2026-09-01,2025-12-16T18:14:28.151388
3861,2023,03177.02,sim,sim,"0,00","0,00","0,00","0,00","0,00","0,00",,2026-09-01,2025-12-16T18:14:28.151388
3862,2023,04002.01,sim,sim,"0,00","0,00","0,00","0,00","0,00","0,00",,2026-09-01,2025-12-16T18:14:28.151388
3863,2023,04003.01,sim,sim,"800.000,00","800.000,00","0,00","800.000,00","800.000,00","0,00",,2026-09-01,2025-12-16T18:14:28.151388
3864,2023,04004.01,sim,sim,"1.000.000,00","1.000.000,00","0,00","1.000.000,00","1.000.000,00","0,00",,2026-09-01,2025-12-16T18:14:28.151388
3865,2023,04005.01,sim,sim,"1.035.000,00","1.035.000,00","0,00","987.960,86","987.960,86","0,00",,2026-09-01,2025-12-16T18:14:28.151388
3866,2023,04009.01,sim,sim,"330.500,00","330.500,00","0,00","330.489,22","330.489,22","0,00",,2026-09-01,2025-12-16T18:14:28.151388
3867,2023,04011.01,sim,sim,"4.800.000,00","4.800.000,00","0,00","4.797.585,38","4.797.585,38","0,00",,2026-09-01,2025-12-16T18:14:28.151388
3868,2023,04014.01,sim,sim,"1.267.350,00","1.267.350,00","0,00","1.183.819,53","1.183.819,53","0,00",,2026-09-01,2025-12-16T18:14:28.151388
3869,2023,04018.01,sim,sim,"200.000,00","200.000,00","0,00","200.000,00","200.000,00","0,00",,2026-09-01,2025-12-16T18:14:28.151388
3870,2023,04019.01,sim,sim,"0,00","0,00","0,00","0,00","0,00","0,00",,2026-09-01,2025-12-16T18:14:28.151388
3871,2023,04020.01,sim,sim,"500.000,00","500.000,00","0,00","500.000,00","500.000,00","0,00",,2026-09-01,2025-12-16T18:14:28.151388
3872,2023,04021.01,sim,sim,"0,00","0,00","0,00","0,00","0,00","0,00",,2026-09-01,2025-12-16T18:14:28.151388
3873,2023,04022.01,sim,sim,"100.000,00","100.000,00","0,00","98.037,40","98.037,40","0,00",,2026-09-01,2025-12-16T18:14:28.151388
3874,2023,04024.01,sim,sim,"0,00","0,00","0,00","0,00","0,00","0,00",,2026-09-01,2025-12-16T18:14:28.151388
3875,2023,04025.01,sim,sim,"0,00","0,00","0,00","0,00","0,00","0,00",,2026-09-01,2025-12-16T18:14:28.151388
3876,2023,04026.01,sim,sim,"1.000.000,00","1.000.000,00","0,00","1.000.000,00","1.000.000,00","0,00",,2026-09-01,2025-12-16T18:14:28.151388
3877,2023,04028.01,sim,sim,"260.000,00","260.000,00","0,00","260.000,00","260.000,00","0,00",,2026-09-01,2025-12-16T18:14:28.151388
3878,2023,04029.01,sim,sim,"200.000,00","200.000,00","0,00","200.000,00","200.000,00","0,00",,2026-09-01,2025-12-16T18:14:28.151388
3879,2023,04030.01,sim,sim,"150.000,00","150.000,00","0,00","149.946,48","149.946,48","0,00",,2026-09-01,2025-12-16T18:14:28.151388
3880,2023,04031.01,sim,sim,"0,00","0,00","0,00","0,00","0,00","0,00",,2026-09-01,2025-12-16T18:14:28.151388
3881,2023,04033.01,sim,sim,"200.000,00","200.000,00","0,00","0,00","0,00","0,00",,2026-09-01,2025-12-16T18:14:28.151388
3882,2023,04035.01,sim,sim,"870.000,00","870.000,00","0,00","869.974,11","869.974,11","0,00",,2026-09-01,2025-12-16T18:14:28.151388
3883,2023,04038.01,sim,sim,"300.000,00","300.000,00","0,00","299.977,37","299.977,37","0,00",,2026-09-01,2025-12-16T18:14:28.151388
3884,2023,04042.01,sim,sim,"250.000,00","250.000,00","0,00","250.000,00","250.000,00","0,00",,2026-09-01,2025-12-16T18:14:28.151388
3885,2023,04043.01,sim,sim,"300.000,00","300.000,00","0,00","299.892,96","299.892,96","0,00",,2026-09-01,2025-12-16T18:14:28.151388
3886,2023,04044.01,sim,sim,"200.000,00","200.000,00","0,00","180.000,00","180.000,00","0,00",,2026-09-01,2025-12-16T18:14:28.151388
3887,2023,04045.01,sim,sim,"200.000,00","200.000,00","0,00","199.928,64","199.928,64","0,00",,2026-09-01,2025-12-16T18:14:28.151388
3888,2023,04046.01,sim,sim,"0,00","0,00","0,00","0,00","0,00","0,00",,2026-09-01,2025-12-16T18:14:28.151388
3889,2023,04049.01,sim,sim,"0,00","0,00","0,00","0,00","0,00","0,00",,2026-09-01,2025-12-16T18:14:28.151388
3890,2023,04050.01,sim,sim,"0,00","0,00","0,00","0,00","0,00","0,00",,2026-09-01,2025-12-16T18:14:28.151388
3891,2023,04051.01,sim,sim,"360.000,00","360.000,00","0,00","360.000,00","360.000,00","0,00",,2026-09-01,2025-12-16T18:14:28.151388
3892,2023,04052.01,sim,sim,"500.000,00","550.000,00","50.000,00","500.000,00","550.000,00","50.000,00",,2026-09-01,2025-12-16T18:14:28.151388
3893,2023,04053.01,sim,sim,"100.000,00","100.000,00","0,00","100.000,00","100.000,00","0,00",,2026-09-01,2025-12-16T18:14:28.151388
3894,2023,04054.01,sim,sim,"100.000,00","100.000,00","0,00","99.964,32","99.964,32","0,00",,2026-09-01,2025-12-16T18:14:28.151388
3895,2023,04068.01,sim,sim,"130.000,00","130.000,00","0,00","130.000,00","130.000,00","0,00",,2026-09-01,2025-12-16T18:14:28.151388
3896,2023,04069.01,sim,não,"0,00",,,"0,00",,,declarada só no painel dentro do período que o portal cobre — o snapshot do portal (2025-12-16) é anterior à leitura do painel,2026-09-01,2025-12-16T18:14:28.151388
3897,2023,04070.01,sim,sim,"0,00","0,00","0,00","0,00","0,00","0,00",,2026-09-01,2025-12-16T18:14:28.151388
3898,2023,04090.01,sim,sim,"500.000,00","500.000,00","0,00","500.000,00","500.000,00","0,00",,2026-09-01,2025-12-16T18:14:28.151388
3899,2023,04091.01,sim,sim,"0,00","0,00","0,00","0,00","0,00","0,00",,2026-09-01,2025-12-16T18:14:28.151388
3900,2023,04092.01,sim,sim,"506.000,00","506.000,00","0,00","506.000,00","506.000,00","0,00",,2026-09-01,2025-12-16T18:14:28.151388
3901,2023,04093.01,sim,sim,"300.000,00","600.000,00","300.000,00","300.000,00","600.000,00","300.000,00",,2026-09-01,2025-12-16T18:14:28.151388
3902,2023,04094.01,sim,sim,"0,00","0,00","0,00","0,00","0,00","0,00",,2026-09-01,2025-12-16T18:14:28.151388
3903,2023,04095.01,sim,sim,"200.000,00","200.000,00","0,00","200.000,00","200.000,00","0,00",,2026-09-01,2025-12-16T18:14:28.151388
3904,2023,04096.01,sim,sim,"197.000,00","197.000,00","0,00","0,00","0,00","0,00",,2026-09-01,2025-12-16T18:14:28.151388
3905,2023,04097.01,sim,sim,"280.000,00","280.000,00","0,00","212.641,99","212.641,99","0,00",,2026-09-01,2025-12-16T18:14:28.151388
3906,2023,04098.01,sim,sim,"0,00","0,00","0,00","0,00","0,00","0,00",,2026-09-01,2025-12-16T18:14:28.151388
3907,2023,04099.01,sim,sim,"0,00","0,00","0,00","0,00","0,00","0,00",,2026-09-01,2025-12-16T18:14:28.151388
3908,2023,04100.01,sim,sim,"300.000,00","300.000,00","0,00","300.000,00","300.000,00","0,00",,2026-09-01,2025-12-16T18:14:28.151388
3909,2023,04101.01,sim,sim,"191.810,00","191.810,00","0,00","191.809,98","191.809,98","0,00",,2026-09-01,2025-12-16T18:14:28.151388
3910,2023,04102.01,sim,sim,"500.000,00","500.000,00","0,00","499.996,85","499.996,85","0,00",,2026-09-01,2025-12-16T18:14:28.151388
3911,2023,04104.01,sim,sim,"283.000,00","283.000,00","0,00","282.906,12","282.906,12","0,00",,2026-09-01,2025-12-16T18:14:28.151388
3912,2023,04105.01,sim,sim,"30.000,00","30.000,00","0,00","29.957,25","29.957,25","0,00",,2026-09-01,2025-12-16T18:14:28.151388
3913,2023,04111.01,sim,sim,"300.000,00","300.000,00","0,00","300.000,00","300.000,00","0,00",,2026-09-01,2025-12-16T18:14:28.151388
3914,2023,04112.01,sim,sim,"150.000,00","150.000,00","0,00","150.000,00","150.000,00","0,00",,2026-09-01,2025-12-16T18:14:28.151388
3915,2023,04113.01,sim,sim,"201.461,00","201.461,00","0,00","200.551,31","200.551,31","0,00",,2026-09-01,2025-12-16T18:14:28.151388
3916,2023,04114.01,sim,sim,"300.000,00","300.000,00","0,00","11.858,60","11.858,60","0,00",,2026-09-01,2025-12-16T18:14:28.151388
3917,2023,04115.01,sim,sim,"70.000,00","70.000,00","0,00","0,00","0,00","0,00",,2026-09-01,2025-12-16T18:14:28.151388
3918,2023,04116.01,sim,sim,"300.000,00","300.000,00","0,00","200.276,30","200.276,30","0,00",,2026-09-01,2025-12-16T18:14:28.151388
3919,2023,04117.01,sim,sim,"390.000,00","390.000,00","0,00","328.628,53","328.628,53","0,00",,2026-09-01,2025-12-16T18:14:28.151388
3920,2023,04118.01,sim,sim,"20.000,00","20.000,00","0,00","19.550,00","19.550,00","0,00",,2026-09-01,2025-12-16T18:14:28.151388
3921,2023,04119.01,sim,sim,"170.000,00","170.000,00","0,00","170.000,00","170.000,00","0,00",,2026-09-01,2025-12-16T18:14:28.151388
3922,2023,04120.01,sim,sim,"1.000.000,00","1.000.000,00","0,00","1.000.000,00","1.000.000,00","0,00",,2026-09-01,2025-12-16T18:14:28.151388
3923,2023,04121.01,sim,sim,"400.000,00","400.000,00","0,00","400.000,00","400.000,00","0,00",,2026-09-01,2025-12-16T18:14:28.151388
3924,2023,04122.01,sim,sim,"180.000,00","180.000,00","0,00","180.000,00","180.000,00","0,00",,2026-09-01,2025-12-16T18:14:28.151388
3925,2023,04123.01,sim,sim,"0,00","0,00","0,00","0,00","0,00","0,00",,2026-09-01,2025-12-16T18:14:28.151388
3926,2023,04124.01,sim,sim,"250.000,00","250.000,00","0,00","0,00","0,00","0,00",,2026-09-01,2025-12-16T18:14:28.151388
3927,2023,04125.01,sim,sim,"0,00","0,00","0,00","0,00","0,00","0,00",,2026-09-01,2025-12-16T18:14:28.151388
3928,2023,04129.01,sim,sim,"1.400.000,00","1.400.000,00","0,00","1.399.998,21","1.399.998,21","0,00",,2026-09-01,2025-12-16T18:14:28.151388
3929,2023,04130.01,sim,sim,"0,00","0,00","0,00","0,00","0,00","0,00",,2026-09-01,2025-12-16T18:14:28.151388
3930,2023,04131.01,sim,sim,"44.000,00","44.000,00","0,00","42.649,53","42.649,53","0,00",,2026-09-01,2025-12-16T18:14:28.151388
3931,2023,04132.01,sim,sim,"150.000,00","150.000,00","0,00","150.000,00","150.000,00","0,00",,2026-09-01,2025-12-16T18:14:28.151388
3932,2023,04133.01,sim,sim,"60.000,00","60.000,00","0,00","60.000,00","60.000,00","0,00",,2026-09-01,2025-12-16T18:14:28.151388
3933,2023,04134.01,sim,sim,"63.600,00","63.600,00","0,00","53.737,30","53.737,30","0,00",,2026-09-01,2025-12-16T18:14:28.151388
3934,2023,04135.01,sim,sim,"0,00","0,00","0,00","0,00","0,00","0,00",,2026-09-01,2025-12-16T18:14:28.151388
3935,2023,04136.01,sim,sim,"0,00","0,00","0,00","0,00","0,00","0,00",,2026-09-01,2025-12-16T18:14:28.151388
3936,2023,04138.01,sim,sim,"400.000,00","400.000,00","0,00","400.000,00","400.000,00","0,00",,2026-09-01,2025-12-16T18:14:28.151388
3937,2023,04139.01,sim,sim,"0,00","0,00","0,00","0,00","0,00","0,00",,2026-09-01,2025-12-16T18:14:28.151388
3938,2023,04140.01,sim,sim,"50.000,00","50.000,00","0,00","35.988,00","35.988,00","0,00",,2026-09-01,2025-12-16T18:14:28.151388
3939,2023,04143.01,sim,sim,"80.000,00","80.000,00","0,00","75.770,22","75.770,22","0,00",,2026-09-01,2025-12-16T18:14:28.151388
3940,2023,04144.01,sim,sim,"140.000,00","140.000,00","0,00","102.949,19","102.949,19","0,00",,2026-09-01,2025-12-16T18:14:28.151388
3941,2023,04145.01,sim,sim,"0,00","0,00","0,00","0,00","0,00","0,00",,2026-09-01,2025-12-16T18:14:28.151388
3942,2023,04146.01,sim,sim,"120.000,00","120.000,00","0,00","119.241,87","119.241,87","0,00",,2026-09-01,2025-12-16T18:14:28.151388
3943,2023,04147.01,sim,sim,"0,00","0,00","0,00","0,00","0,00","0,00",,2026-09-01,2025-12-16T18:14:28.151388
3944,2023,04150.01,sim,sim,"280.000,00","280.000,00","0,00","206.857,45","206.857,45","0,00",,2026-09-01,2025-12-16T18:14:28.151388
3945,2023,04152.01,sim,sim,"0,00","0,00","0,00","0,00","0,00","0,00",,2026-09-01,2025-12-16T18:14:28.151388
3946,2023,04153.01,sim,sim,"1.035.000,00","2.070.000,00","1.035.000,00","1.035.000,00","2.070.000,00","1.035.000,00",,2026-09-01,2025-12-16T18:14:28.151388
3947,2023,04154.01,sim,sim,"200.000,00","200.000,00","0,00","199.778,60","199.778,60","0,00",,2026-09-01,2025-12-16T18:14:28.151388
3948,2023,04159.01,sim,sim,"100.000,00","100.000,00","0,00","99.835,00","99.835,00","0,00",,2026-09-01,2025-12-16T18:14:28.151388
3949,2023,04164.01,sim,sim,"142.500,00","142.500,00","0,00","0,00","0,00","0,00",,2026-09-01,2025-12-16T18:14:28.151388
3950,2023,04168.01,sim,sim,"100.000,00","200.000,00","100.000,00","100.000,00","200.000,00","100.000,00",,2026-09-01,2025-12-16T18:14:28.151388
3951,2023,04169.01,sim,sim,"200.000,00","200.000,00","0,00","186.386,96","186.386,96","0,00",,2026-09-01,2025-12-16T18:14:28.151388
3952,2023,04171.01,sim,sim,"100.000,00","100.000,00","0,00","87.398,00","87.398,00","0,00",,2026-09-01,2025-12-16T18:14:28.151388
3953,2023,04177.01,sim,sim,"150.000,00","150.000,00","0,00","149.946,48","149.946,48","0,00",,2026-09-01,2025-12-16T18:14:28.151388
3954,2023,04189.01,sim,sim,"1.000.000,00","1.000.000,00","0,00","983.214,64","983.214,64","0,00",,2026-09-01,2025-12-16T18:14:28.151388
3955,2023,04190.01,sim,sim,"1.500.000,00","1.500.000,00","0,00","1.499.928,00","1.499.928,00","0,00",,2026-09-01,2025-12-16T18:14:28.151388
3956,2023,04193.01,sim,sim,"280.000,00","280.000,00","0,00","280.000,00","280.000,00","0,00",,2026-09-01,2025-12-16T18:14:28.151388
3957,2023,04194.01,sim,sim,"0,00","0,00","0,00","0,00","0,00","0,00",,2026-09-01,2025-12-16T18:14:28.151388
3958,2023,04196.01,sim,sim,"0,00","0,00","0,00","0,00","0,00","0,00",,2026-09-01,2025-12-16T18:14:28.151388
3959,2023,04198.01,sim,sim,"0,00","0,00","0,00","0,00","0,00","0,00",,2026-09-01,2025-12-16T18:14:28.151388
3960,2023,04201.01,sim,sim,"600.000,00","600.000,00","0,00","420.000,00","420.000,00","0,00",,2026-09-01,2025-12-16T18:14:28.151388
3961,2023,04202.01,sim,sim,"1.350.000,00","1.350.000,00","0,00","1.327.295,21","1.327.295,21","0,00",,2026-09-01,2025-12-16T18:14:28.151388
3962,2023,04203.01,sim,sim,"185.000,00","185.000,00","0,00","184.999,97","184.999,97","0,00",,2026-09-01,2025-12-16T18:14:28.151388
3963,2023,04205.01,sim,sim,"300.000,00","300.000,00","0,00","224.836,91","224.836,91","0,00",,2026-09-01,2025-12-16T18:14:28.151388
3964,2023,04206.01,sim,sim,"598.424,00","598.424,00","0,00","598.423,88","598.423,88","0,00",,2026-09-01,2025-12-16T18:14:28.151388
3965,2023,04207.01,sim,sim,"0,00","0,00","0,00","0,00","0,00","0,00",,2026-09-01,2025-12-16T18:14:28.151388
3966,2023,04208.01,sim,sim,"1.000.000,00","1.000.000,00","0,00","1.000.000,00","1.000.000,00","0,00",,2026-09-01,2025-12-16T18:14:28.151388
3967,2023,04210.01,sim,sim,"0,00","0,00","0,00","0,00","0,00","0,00",,2026-09-01,2025-12-16T18:14:28.151388
3968,2023,04211.01,sim,sim,"30.000,00","30.000,00","0,00","0,00","0,00","0,00",,2026-09-01,2025-12-16T18:14:28.151388
3969,2023,04213.01,sim,sim,"200.000,00","200.000,00","0,00","199.959,32","199.959,32","0,00",,2026-09-01,2025-12-16T18:14:28.151388
3970,2023,04217.01,sim,sim,"150.000,00","300.000,00","150.000,00","150.000,00","300.000,00","150.000,00",,2026-09-01,2025-12-16T18:14:28.151388
3971,2023,04148.01,sim,sim,"150.000,00","300.000,00","150.000,00","150.000,00","300.000,00","150.000,00",,2026-09-01,2025-12-16T18:14:28.151388
3972,2023,04216.01,sim,sim,"0,00","0,00","0,00","0,00","0,00","0,00",,2026-09-01,2025-12-16T18:14:28.151388
3973,2023,04214.01,sim,sim,"376.220,00","376.220,00","0,00","372.980,56","372.980,56","0,00",,2026-09-01,2025-12-16T18:14:28.151388
3974,2023,00464.02,sim,sim,"0,00","0,00","0,00","0,00","0,00","0,00",,2026-09-01,2025-12-16T18:14:28.151388
3975,2023,00464.03,sim,sim,"0,00","0,00","0,00","0,00","0,00","0,00",,2026-09-01,2025-12-16T18:14:28.151388
3976,2023,04152.02,sim,sim,"0,00","0,00","0,00","0,00","0,00","0,00",,2026-09-01,2025-12-16T18:14:28.151388
3977,2023,04019.02,sim,sim,"500.000,00","500.000,00","0,00","0,00","0,00","0,00",,2026-09-01,2025-12-16T18:14:28.151388
3978,2023,04207.02,sim,sim,"150.000,00","150.000,00","0,00","0,00","0,00","0,00",,2026-09-01,2025-12-16T18:14:28.151388
3979,2023,04070.02,sim,sim,"500.000,00","500.000,00","0,00","304.436,42","304.436,42","0,00",,2026-09-01,2025-12-16T18:14:28.151388
3980,2023,05001.01,sim,sim,"0,00","0,00","0,00","0,00","0,00","0,00",,2026-09-01,2025-12-16T18:14:28.151388
3981,2023,05002.01,sim,sim,"400.000,00","400.000,00","0,00","400.000,00","400.000,00","0,00",,2026-09-01,2025-12-16T18:14:28.151388
3982,2023,05003.01,sim,sim,"1.500.000,00","1.500.000,00","0,00","1.493.270,72","1.493.270,72","0,00",,2026-09-01,2025-12-16T18:14:28.151388
3983,2023,05004.01,sim,sim,"1.500.000,00","1.500.000,00","0,00","1.500.000,00","1.500.000,00","0,00",,2026-09-01,2025-12-16T18:14:28.151388
3984,2023,05010.01,sim,sim,"0,00","0,00","0,00","0,00","0,00","0,00",,2026-09-01,2025-12-16T18:14:28.151388
3985,2023,05011.01,sim,sim,"1.000.000,00","1.000.000,00","0,00","153.200,00","153.200,00","0,00",,2026-09-01,2025-12-16T18:14:28.151388
3986,2023,05013.01,sim,sim,"5.000.000,00","5.000.000,00","0,00","5.000.000,00","5.000.000,00","0,00",,2026-09-01,2025-12-16T18:14:28.151388
3987,2023,05015.01,sim,sim,"350.000,00","350.000,00","0,00","249.995,28","249.995,28","0,00",,2026-09-01,2025-12-16T18:14:28.151388
3988,2023,05016.01,sim,sim,"500.000,00","1.000.000,00","500.000,00","90.580,00","181.160,00","90.580,00",,2026-09-01,2025-12-16T18:14:28.151388
3989,2023,05017.01,sim,sim,"300.000,00","300.000,00","0,00","300.000,00","300.000,00","0,00",,2026-09-01,2025-12-16T18:14:28.151388
3990,2023,05018.01,sim,sim,"400.000,00","400.000,00","0,00","400.000,00","400.000,00","0,00",,2026-09-01,2025-12-16T18:14:28.151388
3991,2023,05021.01,sim,sim,"500.000,00","500.000,00","0,00","500.000,00","500.000,00","0,00",,2026-09-01,2025-12-16T18:14:28.151388
3992,2023,05022.01,sim,sim,"1.000.000,00","1.000.000,00","0,00","1.000.000,00","1.000.000,00","0,00",,2026-09-01,2025-12-16T18:14:28.151388
3993,2023,05023.01,sim,sim,"300.000,00","300.000,00","0,00","300.000,00","300.000,00","0,00",,2026-09-01,2025-12-16T18:14:28.151388
3994,2023,05025.01,sim,sim,"0,00","0,00","0,00","0,00","0,00","0,00",,2026-09-01,2025-12-16T18:14:28.151388
3995,2023,05026.01,sim,sim,"2.000.000,00","2.000.000,00","0,00","2.000.000,00","2.000.000,00","0,00",,2026-09-01,2025-12-16T18:14:28.151388
3996,2023,05037.01,sim,sim,"350.000,00","350.000,00","0,00","0,00","0,00","0,00",,2026-09-01,2025-12-16T18:14:28.151388
3997,2023,05040.01,sim,sim,"250.000,00","250.000,00","0,00","250.000,00","250.000,00","0,00",,2026-09-01,2025-12-16T18:14:28.151388
3998,2023,05049.01,sim,sim,"0,00","0,00","0,00","0,00","0,00","0,00",,2026-09-01,2025-12-16T18:14:28.151388
3999,2023,05050.01,sim,sim,"0,00","0,00","0,00","0,00","0,00","0,00",,2026-09-01,2025-12-16T18:14:28.151388
4000,2023,05051.01,sim,sim,"0,00","0,00","0,00","0,00","0,00","0,00",,2026-09-01,2025-12-16T18:14:28.151388
4001,2023,05052.01,sim,sim,"0,00","0,00","0,00","0,00","0,00","0,00",,2026-09-01,2025-12-16T18:14:28.151388
4002,2023,05055.01,sim,sim,"300.000,00","300.000,00","0,00","200.299,67","200.299,67","0,00",,2026-09-01,2025-12-16T18:14:28.151388
4003,2023,05056.01,sim,sim,"150.000,00","150.000,00","0,00","0,00","0,00","0,00",,2026-09-01,2025-12-16T18:14:28.151388
4004,2023,05057.01,sim,sim,"200.000,00","200.000,00","0,00","0,00","0,00","0,00",,2026-09-01,2025-12-16T18:14:28.151388
4005,2023,05058.01,sim,sim,"100.000,00","100.000,00","0,00","0,00","0,00","0,00",,2026-09-01,2025-12-16T18:14:28.151388
4006,2023,05062.01,sim,sim,"60.000,00","60.000,00","0,00","60.000,00","60.000,00","0,00",,2026-09-01,2025-12-16T18:14:28.151388
4007,2023,05065.01,sim,sim,"100.000,00","100.000,00","0,00","0,00","0,00","0,00",,2026-09-01,2025-12-16T18:14:28.151388
4008,2023,05067.01,sim,sim,"310.000,00","310.000,00","0,00","0,00","0,00","0,00",,2026-09-01,2025-12-16T18:14:28.151388
4009,2023,05069.01,sim,sim,"0,00","0,00","0,00","0,00","0,00","0,00",,2026-09-01,2025-12-16T18:14:28.151388
4010,2023,05070.01,sim,sim,"100.000,00","100.000,00","0,00","98.135,90","98.135,90","0,00",,2026-09-01,2025-12-16T18:14:28.151388
4011,2023,05073.01,sim,sim,"500.000,00","500.000,00","0,00","500.000,00","500.000,00","0,00",,2026-09-01,2025-12-16T18:14:28.151388
4012,2023,05074.01,sim,sim,"600.000,00","600.000,00","0,00","600.000,00","600.000,00","0,00",,2026-09-01,2025-12-16T18:14:28.151388
4013,2023,05075.01,sim,sim,"540.000,00","540.000,00","0,00","540.000,00","540.000,00","0,00",,2026-09-01,2025-12-16T18:14:28.151388
4014,2023,05077.01,sim,sim,"200.000,00","200.000,00","0,00","152.652,42","152.652,42","0,00",,2026-09-01,2025-12-16T18:14:28.151388
4015,2023,05078.01,sim,sim,"150.000,00","150.000,00","0,00","55.379,20","55.379,20","0,00",,2026-09-01,2025-12-16T18:14:28.151388
4016,2023,05079.01,sim,sim,"50.000,00","50.000,00","0,00","50.000,00","50.000,00","0,00",,2026-09-01,2025-12-16T18:14:28.151388
4017,2023,05080.01,sim,sim,"50.000,00","100.000,00","50.000,00","50.000,00","100.000,00","50.000,00",,2026-09-01,2025-12-16T18:14:28.151388
4018,2023,05081.01,sim,sim,"1.500.000,00","1.500.000,00","0,00","1.494.792,84","1.494.792,84","0,00",,2026-09-01,2025-12-16T18:14:28.151388
4019,2023,05083.01,sim,sim,"400.000,00","800.000,00","400.000,00","400.000,00","800.000,00","400.000,00",,2026-09-01,2025-12-16T18:14:28.151388
4020,2023,05085.01,sim,sim,"1.500.000,00","1.500.000,00","0,00","1.450.443,00","1.450.443,00","0,00",,2026-09-01,2025-12-16T18:14:28.151388
4021,2023,05105.01,sim,sim,"400.000,00","400.000,00","0,00","400.000,00","400.000,00","0,00",,2026-09-01,2025-12-16T18:14:28.151388
4022,2023,05106.01,sim,sim,"1.000.000,00","1.000.000,00","0,00","649.413,35","649.413,35","0,00",,2026-09-01,2025-12-16T18:14:28.151388
4023,2023,05108.01,sim,sim,"377.449,00","377.449,00","0,00","377.448,06","377.448,06","0,00",,2026-09-01,2025-12-16T18:14:28.151388
4024,2023,05109.01,sim,sim,"0,00","0,00","0,00","0,00","0,00","0,00",,2026-09-01,2025-12-16T18:14:28.151388
4025,2023,05110.01,sim,sim,"500.000,00","500.000,00","0,00","500.000,00","500.000,00","0,00",,2026-09-01,2025-12-16T18:14:28.151388
4026,2023,05112.01,sim,sim,"100.000,00","100.000,00","0,00","95.226,99","95.226,99","0,00",,2026-09-01,2025-12-16T18:14:28.151388
4027,2023,05113.01,sim,sim,"50.000,00","50.000,00","0,00","0,00","0,00","0,00",,2026-09-01,2025-12-16T18:14:28.151388
4028,2023,05115.01,sim,sim,"3.800.000,00","3.800.000,00","0,00","2.429.872,85","2.429.872,85","0,00",,2026-09-01,2025-12-16T18:14:28.151388
4029,2023,05116.01,sim,sim,"1.000.000,00","1.000.000,00","0,00","999.921,03","999.921,03","0,00",,2026-09-01,2025-12-16T18:14:28.151388
4030,2023,05117.01,sim,sim,"1.000.000,00","1.000.000,00","0,00","895.023,05","895.023,05","0,00",,2026-09-01,2025-12-16T18:14:28.151388
4031,2023,05119.01,sim,sim,"750.000,00","750.000,00","0,00","750.000,00","750.000,00","0,00",,2026-09-01,2025-12-16T18:14:28.151388
4032,2023,05120.01,sim,sim,"0,00","0,00","0,00","0,00","0,00","0,00",,2026-09-01,2025-12-16T18:14:28.151388
4033,2023,05123.01,sim,sim,"1.150.000,00","1.150.000,00","0,00","698.732,90","698.732,90","0,00",,2026-09-01,2025-12-16T18:14:28.151388
4034,2023,05125.01,sim,sim,"500.000,00","500.000,00","0,00","500.000,00","500.000,00","0,00",,2026-09-01,2025-12-16T18:14:28.151388
4035,2023,05129.01,sim,sim,"1.450.000,00","1.450.000,00","0,00","893.493,43","893.493,43","0,00",,2026-09-01,2025-12-16T18:14:28.151388
4036,2023,05130.01,sim,sim,"0,00","0,00","0,00","0,00","0,00","0,00",,2026-09-01,2025-12-16T18:14:28.151388
4037,2023,05131.01,sim,sim,"580.000,00","1.030.000,00","450.000,00","130.000,00","130.000,00","0,00",,2026-09-01,2025-12-16T18:14:28.151388
4038,2023,05132.01,sim,sim,"650.000,00","650.000,00","0,00","500.000,00","500.000,00","0,00",,2026-09-01,2025-12-16T18:14:28.151388
4039,2023,05133.01,sim,sim,"400.000,00","400.000,00","0,00","395.230,71","395.230,71","0,00",,2026-09-01,2025-12-16T18:14:28.151388
4040,2023,05134.01,sim,sim,"400.000,00","400.000,00","0,00","399.016,16","399.016,16","0,00",,2026-09-01,2025-12-16T18:14:28.151388
4041,2023,05139.01,sim,sim,"985.000,00","985.000,00","0,00","985.000,00","985.000,00","0,00",,2026-09-01,2025-12-16T18:14:28.151388
4042,2023,05140.01,sim,sim,"15.000,00","15.000,00","0,00","0,00","0,00","0,00",,2026-09-01,2025-12-16T18:14:28.151388
4043,2023,05144.01,sim,sim,"200.000,00","200.000,00","0,00","195.055,87","195.055,87","0,00",,2026-09-01,2025-12-16T18:14:28.151388
4044,2023,05145.01,sim,sim,"250.000,00","250.000,00","0,00","214.316,88","214.316,88","0,00",,2026-09-01,2025-12-16T18:14:28.151388
4045,2023,05146.01,sim,sim,"150.000,00","150.000,00","0,00","118.523,11","118.523,11","0,00",,2026-09-01,2025-12-16T18:14:28.151388
4046,2023,05147.01,sim,sim,"55.525,00","55.525,00","0,00","55.524,33","55.524,33","0,00",,2026-09-01,2025-12-16T18:14:28.151388
4047,2023,05148.01,sim,sim,"150.000,00","150.000,00","0,00","0,00","0,00","0,00",,2026-09-01,2025-12-16T18:14:28.151388
4048,2023,05149.01,sim,sim,"0,00","0,00","0,00","0,00","0,00","0,00",,2026-09-01,2025-12-16T18:14:28.151388
4049,2023,05150.01,sim,sim,"0,00","0,00","0,00","0,00","0,00","0,00",,2026-09-01,2025-12-16T18:14:28.151388
4050,2023,05153.01,sim,sim,"115.000,00","115.000,00","0,00","0,00","0,00","0,00",,2026-09-01,2025-12-16T18:14:28.151388
4051,2023,05154.01,sim,sim,"250.000,00","250.000,00","0,00","250.000,00","250.000,00","0,00",,2026-09-01,2025-12-16T18:14:28.151388
4052,2023,05166.01,sim,sim,"0,00","0,00","0,00","0,00","0,00","0,00",,2026-09-01,2025-12-16T18:14:28.151388
4053,2023,05167.01,sim,sim,"300.000,00","600.000,00","300.000,00","0,00","0,00","0,00",,2026-09-01,2025-12-16T18:14:28.151388
4054,2023,05168.01,sim,sim,"0,00","0,00","0,00","0,00","0,00","0,00",,2026-09-01,2025-12-16T18:14:28.151388
4055,2023,05170.01,sim,sim,"200.000,00","200.000,00","0,00","200.000,00","200.000,00","0,00",,2026-09-01,2025-12-16T18:14:28.151388
4056,2023,05171.01,sim,sim,"500.000,00","500.000,00","0,00","500.000,00","500.000,00","0,00",,2026-09-01,2025-12-16T18:14:28.151388
4057,2023,05177.01,sim,sim,"0,00","0,00","0,00","0,00","0,00","0,00",,2026-09-01,2025-12-16T18:14:28.151388
4058,2023,05180.01,sim,sim,"2.300.000,00","2.300.000,00","0,00","2.299.901,98","2.299.901,98","0,00",,2026-09-01,2025-12-16T18:14:28.151388
4059,2023,05181.01,sim,sim,"250.000,00","250.000,00","0,00","250.000,00","250.000,00","0,00",,2026-09-01,2025-12-16T18:14:28.151388
4060,2023,05182.01,sim,sim,"30.000,00","30.000,00","0,00","0,00","0,00","0,00",,2026-09-01,2025-12-16T18:14:28.151388
4061,2023,05183.01,sim,sim,"0,00","0,00","0,00","0,00","0,00","0,00",,2026-09-01,2025-12-16T18:14:28.151388
4062,2023,05184.01,sim,sim,"550.000,00","550.000,00","0,00","550.000,00","550.000,00","0,00",,2026-09-01,2025-12-16T18:14:28.151388
4063,2023,05185.01,sim,sim,"0,00","0,00","0,00","0,00","0,00","0,00",,2026-09-01,2025-12-16T18:14:28.151388
4064,2023,05188.01,sim,sim,"2.250.000,00","2.250.000,00","0,00","2.000.000,00","2.000.000,00","0,00",,2026-09-01,2025-12-16T18:14:28.151388
4065,2023,05189.01,sim,sim,"5.671.576,00","5.671.576,00","0,00","2.770.000,00","2.770.000,00","0,00",,2026-09-01,2025-12-16T18:14:28.151388
4066,2023,05190.01,sim,sim,"0,00","0,00","0,00","0,00","0,00","0,00",,2026-09-01,2025-12-16T18:14:28.151388
4067,2023,05191.01,sim,sim,"1.000.000,00","2.000.000,00","1.000.000,00","1.000.000,00","2.000.000,00","1.000.000,00",,2026-09-01,2025-12-16T18:14:28.151388
4068,2023,05196.01,sim,sim,"140.000,00","140.000,00","0,00","140.000,00","140.000,00","0,00",,2026-09-01,2025-12-16T18:14:28.151388
4069,2023,05200.01,sim,sim,"190.000,00","290.000,00","100.000,00","100.000,00","200.000,00","100.000,00",,2026-09-01,2025-12-16T18:14:28.151388
4070,2023,05201.01,sim,sim,"334.000,00","334.000,00","0,00","334.000,00","334.000,00","0,00",,2026-09-01,2025-12-16T18:14:28.151388
4071,2023,05209.01,sim,sim,"500.000,00","500.000,00","0,00","371.454,26","371.454,26","0,00",,2026-09-01,2025-12-16T18:14:28.151388
4072,2023,05214.01,sim,sim,"0,00","0,00","0,00","0,00","0,00","0,00",,2026-09-01,2025-12-16T18:14:28.151388
4073,2023,05217.01,sim,sim,"400.000,00","400.000,00","0,00","400.000,00","400.000,00","0,00",,2026-09-01,2025-12-16T18:14:28.151388
4074,2023,05221.01,sim,sim,"2.000.000,00","2.000.000,00","0,00","2.000.000,00","2.000.000,00","0,00",,2026-09-01,2025-12-16T18:14:28.151388
4075,2023,05225.01,sim,sim,"1.500.000,00","1.500.000,00","0,00","1.500.000,00","1.500.000,00","0,00",,2026-09-01,2025-12-16T18:14:28.151388
4076,2023,05229.01,sim,sim,"150.000,00","150.000,00","0,00","150.000,00","150.000,00","0,00",,2026-09-01,2025-12-16T18:14:28.151388
4077,2023,05230.01,sim,sim,"1.400.000,00","1.400.000,00","0,00","1.400.000,00","1.400.000,00","0,00",,2026-09-01,2025-12-16T18:14:28.151388
4078,2023,05232.01,sim,sim,"150.000,00","150.000,00","0,00","126.801,05","126.801,05","0,00",,2026-09-01,2025-12-16T18:14:28.151388
4079,2023,05236.01,sim,sim,"250.000,00","250.000,00","0,00","250.000,00","250.000,00","0,00",,2026-09-01,2025-12-16T18:14:28.151388
4080,2023,05240.01,sim,sim,"0,00","0,00","0,00","0,00","0,00","0,00",,2026-09-01,2025-12-16T18:14:28.151388
4081,2023,05241.01,sim,sim,"0,00","0,00","0,00","0,00","0,00","0,00",,2026-09-01,2025-12-16T18:14:28.151388
4082,2023,05242.01,sim,sim,"100.000,00","100.000,00","0,00","100.000,00","100.000,00","0,00",,2026-09-01,2025-12-16T18:14:28.151388
4083,2023,05243.01,sim,sim,"100.000,00","100.000,00","0,00","41.700,00","41.700,00","0,00",,2026-09-01,2025-12-16T18:14:28.151388
4084,2023,05248.01,sim,sim,"800.000,00","800.000,00","0,00","800.000,00","800.000,00","0,00",,2026-09-01,2025-12-16T18:14:28.151388
4085,2023,05249.01,sim,sim,"0,00","0,00","0,00","0,00","0,00","0,00",,2026-09-01,2025-12-16T18:14:28.151388
4086,2023,05251.01,sim,sim,"150.000,00","150.000,00","0,00","0,00","0,00","0,00",,2026-09-01,2025-12-16T18:14:28.151388
4087,2023,05252.01,sim,sim,"900.000,00","1.800.000,00","900.000,00","780.000,00","1.560.000,00","780.000,00",,2026-09-01,2025-12-16T18:14:28.151388
4088,2023,05253.01,sim,sim,"50.000,00","50.000,00","0,00","0,00","0,00","0,00",,2026-09-01,2025-12-16T18:14:28.151388
4089,2023,05254.01,sim,sim,"100.000,00","100.000,00","0,00","100.000,00","100.000,00","0,00",,2026-09-01,2025-12-16T18:14:28.151388
4090,2023,05255.01,sim,sim,"500.000,00","500.000,00","0,00","500.000,00","500.000,00","0,00",,2026-09-01,2025-12-16T18:14:28.151388
4091,2023,05257.01,sim,sim,"0,00","0,00","0,00","0,00","0,00","0,00",,2026-09-01,2025-12-16T18:14:28.151388
4092,2023,05258.01,sim,sim,"297.737,00","297.737,00","0,00","297.736,56","297.736,56","0,00",,2026-09-01,2025-12-16T18:14:28.151388
4093,2023,05259.01,sim,sim,"200.000,00","200.000,00","0,00","10.500,00","10.500,00","0,00",,2026-09-01,2025-12-16T18:14:28.151388
4094,2023,05260.01,sim,sim,"100.000,00","100.000,00","0,00","1.308,20","1.308,20","0,00",,2026-09-01,2025-12-16T18:14:28.151388
4095,2023,05261.01,sim,sim,"100.000,00","100.000,00","0,00","4.376,00","4.376,00","0,00",,2026-09-01,2025-12-16T18:14:28.151388
4096,2023,05262.01,sim,sim,"100.000,00","100.000,00","0,00","0,00","0,00","0,00",,2026-09-01,2025-12-16T18:14:28.151388
4097,2023,05263.01,sim,sim,"200.000,00","200.000,00","0,00","0,00","0,00","0,00",,2026-09-01,2025-12-16T18:14:28.151388
4098,2023,05264.01,sim,sim,"100.000,00","100.000,00","0,00","0,00","0,00","0,00",,2026-09-01,2025-12-16T18:14:28.151388
4099,2023,05265.01,sim,sim,"200.000,00","200.000,00","0,00","161.305,81","161.305,81","0,00",,2026-09-01,2025-12-16T18:14:28.151388
4100,2023,05267.01,sim,sim,"240.000,00","240.000,00","0,00","236.284,62","236.284,62","0,00",,2026-09-01,2025-12-16T18:14:28.151388
4101,2023,05268.01,sim,sim,"318.673,00","318.673,00","0,00","318.673,00","318.673,00","0,00",,2026-09-01,2025-12-16T18:14:28.151388
4102,2023,05269.01,sim,sim,"100.000,00","100.000,00","0,00","0,00","0,00","0,00",,2026-09-01,2025-12-16T18:14:28.151388
4103,2023,05275.01,sim,sim,"150.000,00","150.000,00","0,00","0,00","0,00","0,00",,2026-09-01,2025-12-16T18:14:28.151388
4104,2023,05276.01,sim,sim,"200.000,00","200.000,00","0,00","200.000,00","200.000,00","0,00",,2026-09-01,2025-12-16T18:14:28.151388
4105,2023,05277.01,sim,sim,"500.000,00","500.000,00","0,00","0,00","0,00","0,00",,2026-09-01,2025-12-16T18:14:28.151388
4106,2023,05278.01,sim,sim,"250.000,00","250.000,00","0,00","0,00","0,00","0,00",,2026-09-01,2025-12-16T18:14:28.151388
4107,2023,05280.01,sim,sim,"0,00","0,00","0,00","0,00","0,00","0,00",,2026-09-01,2025-12-16T18:14:28.151388
4108,2023,05282.01,sim,sim,"0,00","0,00","0,00","0,00","0,00","0,00",,2026-09-01,2025-12-16T18:14:28.151388
4109,2023,05283.01,sim,sim,"150.000,00","150.000,00","0,00","150.000,00","150.000,00","0,00",,2026-09-01,2025-12-16T18:14:28.151388
4110,2023,05288.01,sim,sim,"300.000,00","300.000,00","0,00","300.000,00","300.000,00","0,00",,2026-09-01,2025-12-16T18:14:28.151388
4111,2023,05290.01,sim,sim,"169.000,00","169.000,00","0,00","169.000,00","169.000,00","0,00",,2026-09-01,2025-12-16T18:14:28.151388
4112,2023,05291.01,sim,sim,"0,00","0,00","0,00","0,00","0,00","0,00",,2026-09-01,2025-12-16T18:14:28.151388
4113,2023,05292.01,sim,sim,"400.000,00","400.000,00","0,00","295.713,95","295.713,95","0,00",,2026-09-01,2025-12-16T18:14:28.151388
4114,2023,05293.01,sim,sim,"400.000,00","400.000,00","0,00","400.000,00","400.000,00","0,00",,2026-09-01,2025-12-16T18:14:28.151388
4115,2023,05294.01,sim,sim,"0,00","0,00","0,00","0,00","0,00","0,00",,2026-09-01,2025-12-16T18:14:28.151388
4116,2023,05297.01,sim,sim,"0,00","0,00","0,00","0,00","0,00","0,00",,2026-09-01,2025-12-16T18:14:28.151388
4117,2023,05302.01,sim,sim,"500.000,00","500.000,00","0,00","499.292,26","499.292,26","0,00",,2026-09-01,2025-12-16T18:14:28.151388
4118,2023,05305.01,sim,sim,"378.000,00","378.000,00","0,00","378.000,00","378.000,00","0,00",,2026-09-01,2025-12-16T18:14:28.151388
4119,2023,05308.01,sim,sim,"1.963.000,00","1.963.000,00","0,00","1.962.725,56","1.962.725,56","0,00",,2026-09-01,2025-12-16T18:14:28.151388
4120,2023,05317.01,sim,sim,"0,00","0,00","0,00","0,00","0,00","0,00",,2026-09-01,2025-12-16T18:14:28.151388
4121,2023,05319.01,sim,sim,"200.000,00","200.000,00","0,00","0,00","0,00","0,00",,2026-09-01,2025-12-16T18:14:28.151388
4122,2023,05273.01,sim,sim,"300.000,00","300.000,00","0,00","64.980,19","64.980,19","0,00",,2026-09-01,2025-12-16T18:14:28.151388
4123,2023,05124.01,sim,sim,"300.000,00","600.000,00","300.000,00","0,00","0,00","0,00",,2026-09-01,2025-12-16T18:14:28.151388
4124,2023,05111.01,sim,sim,"50.000,00","50.000,00","0,00","46.240,00","46.240,00","0,00",,2026-09-01,2025-12-16T18:14:28.151388
4125,2023,05121.01,sim,sim,"500.000,00","500.000,00","0,00","500.000,00","500.000,00","0,00",,2026-09-01,2025-12-16T18:14:28.151388
4126,2023,05126.01,sim,sim,"350.000,00","350.000,00","0,00","0,00","0,00","0,00",,2026-09-01,2025-12-16T18:14:28.151388
4127,2023,05318.01,sim,sim,"100.000,00","100.000,00","0,00","99.450,00","99.450,00","0,00",,2026-09-01,2025-12-16T18:14:28.151388
4128,2023,05118.01,sim,sim,"750.000,00","750.000,00","0,00","750.000,00","750.000,00","0,00",,2026-09-01,2025-12-16T18:14:28.151388
4129,2023,05316.01,sim,sim,"500.000,00","500.000,00","0,00","480.000,00","480.000,00","0,00",,2026-09-01,2025-12-16T18:14:28.151388
4130,2023,05270.01,sim,sim,"2.000.000,00","2.000.000,00","0,00","1.537.725,92","1.537.725,92","0,00",,2026-09-01,2025-12-16T18:14:28.151388
4131,2023,05128.01,sim,sim,"1.800.000,00","1.800.000,00","0,00","1.720.000,00","1.720.000,00","0,00",,2026-09-01,2025-12-16T18:14:28.151388
4132,2023,05107.01,sim,sim,"39.000,00","39.000,00","0,00","0,00","0,00","0,00",,2026-09-01,2025-12-16T18:14:28.151388
4134,2023,05315.01,sim,sim,"200.000,00","200.000,00","0,00","191.193,03","191.193,03","0,00",,2026-09-01,2025-12-16T18:14:28.151388
4135,2023,05310.01,sim,sim,"0,00","0,00","0,00","0,00","0,00","0,00",,2026-09-01,2025-12-16T18:14:28.151388
4136,2023,05127.01,sim,sim,"2.500.000,00","5.000.000,00","2.500.000,00","2.249.941,24","4.499.882,48","2.249.941,24",,2026-09-01,2025-12-16T18:14:28.151388
4137,2023,05087.01,sim,sim,"150.000,00","150.000,00","0,00","150.000,00","150.000,00","0,00",,2026-09-01,2025-12-16T18:14:28.151388
4138,2023,05088.01,sim,sim,"150.000,00","150.000,00","0,00","150.000,00","150.000,00","0,00",,2026-09-01,2025-12-16T18:14:28.151388
4140,2023,05104.01,sim,sim,"1.300.000,00","1.300.000,00","0,00","1.299.940,00","1.299.940,00","0,00",,2026-09-01,2025-12-16T18:14:28.151388
4141,2023,05094.01,sim,sim,"200.000,00","200.000,00","0,00","0,00","0,00","0,00",,2026-09-01,2025-12-16T18:14:28.151388
4142,2023,05032.01,sim,sim,"100.000,00","100.000,00","0,00","0,00","0,00","0,00",,2026-09-01,2025-12-16T18:14:28.151388
4143,2023,05035.01,sim,sim,"300.000,00","300.000,00","0,00","300.000,00","300.000,00","0,00",,2026-09-01,2025-12-16T18:14:28.151388
4144,2023,05101.01,sim,sim,"249.088,00","249.088,00","0,00","249.087,32","249.087,32","0,00",,2026-09-01,2025-12-16T18:14:28.151388
4145,2023,05100.01,sim,sim,"62.000,00","62.000,00","0,00","61.897,15","61.897,15","0,00",,2026-09-01,2025-12-16T18:14:28.151388
4146,2023,05091.01,sim,sim,"1.500.000,00","1.500.000,00","0,00","1.496.603,37","1.496.603,37","0,00",,2026-09-01,2025-12-16T18:14:28.151388
4147,2023,05036.01,sim,sim,"800.000,00","800.000,00","0,00","754.758,78","754.758,78","0,00",,2026-09-01,2025-12-16T18:14:28.151388
4148,2023,05092.01,sim,sim,"500.000,00","500.000,00","0,00","475.000,00","475.000,00","0,00",,2026-09-01,2025-12-16T18:14:28.151388
4149,2023,05076.01,sim,sim,"0,00","0,00","0,00","0,00","0,00","0,00",,2026-09-01,2025-12-16T18:14:28.151388
4150,2023,05034.01,sim,sim,"200.000,00","200.000,00","0,00","147.362,88","147.362,88","0,00",,2026-09-01,2025-12-16T18:14:28.151388
4151,2023,05102.01,sim,sim,"0,00","0,00","0,00","0,00","0,00","0,00",,2026-09-01,2025-12-16T18:14:28.151388
4152,2023,05053.01,sim,sim,"500.000,00","500.000,00","0,00","500.000,00","500.000,00","0,00",,2026-09-01,2025-12-16T18:14:28.151388
4153,2023,05099.01,sim,sim,"300.000,00","300.000,00","0,00","100.000,00","100.000,00","0,00",,2026-09-01,2025-12-16T18:14:28.151388
4154,2023,05093.01,sim,sim,"0,00","0,00","0,00","0,00","0,00","0,00",,2026-09-01,2025-12-16T18:14:28.151388
4155,2023,05310.02,sim,sim,"252.300,00","252.300,00","0,00","252.031,17","252.031,17","0,00",,2026-09-01,2025-12-16T18:14:28.151388
4156,2023,05122.01,sim,sim,"1.000.000,00","1.000.000,00","0,00","1.000.000,00","1.000.000,00","0,00",,2026-09-01,2025-12-16T18:14:28.151388
4157,2023,05114.01,sim,sim,"0,00","0,00","0,00","0,00","0,00","0,00",,2026-09-01,2025-12-16T18:14:28.151388
4165,2023,06001.01,sim,sim,"500.000,00","500.000,00","0,00","500.000,00","500.000,00","0,00",,2026-09-01,2025-12-16T18:14:28.151388
4166,2023,06004.01,sim,sim,"250.000,00","250.000,00","0,00","0,00","0,00","0,00",,2026-09-01,2025-12-16T18:14:28.151388
4167,2023,06005.01,sim,sim,"150.000,00","150.000,00","0,00","0,00","0,00","0,00",,2026-09-01,2025-12-16T18:14:28.151388
4168,2023,06007.01,sim,sim,"800.000,00","800.000,00","0,00","0,00","0,00","0,00",,2026-09-01,2025-12-16T18:14:28.151388
4169,2023,06012.01,sim,sim,"80.000,00","80.000,00","0,00","0,00","0,00","0,00",,2026-09-01,2025-12-16T18:14:28.151388
4170,2023,06018.01,sim,sim,"320.000,00","320.000,00","0,00","203.092,90","203.092,90","0,00",,2026-09-01,2025-12-16T18:14:28.151388
4171,2023,06020.01,sim,sim,"300.000,00","300.000,00","0,00","299.481,33","299.481,33","0,00",,2026-09-01,2025-12-16T18:14:28.151388
4172,2023,06027.01,sim,sim,"300.000,00","300.000,00","0,00","300.000,00","300.000,00","0,00",,2026-09-01,2025-12-16T18:14:28.151388
4173,2023,06032.01,sim,sim,"400.000,00","400.000,00","0,00","0,00","0,00","0,00",,2026-09-01,2025-12-16T18:14:28.151388
4174,2023,06033.01,sim,sim,"600.000,00","600.000,00","0,00","0,00","0,00","0,00",,2026-09-01,2025-12-16T18:14:28.151388
4175,2023,06034.01,sim,sim,"50.000,00","50.000,00","0,00","50.000,00","50.000,00","0,00",,2026-09-01,2025-12-16T18:14:28.151388
4176,2023,06041.01,sim,sim,"500.000,00","500.000,00","0,00","499.999,93","499.999,93","0,00",,2026-09-01,2025-12-16T18:14:28.151388
4177,2023,06042.01,sim,sim,"550.000,00","550.000,00","0,00","0,00","0,00","0,00",,2026-09-01,2025-12-16T18:14:28.151388
4178,2023,06046.01,sim,sim,"200.000,00","200.000,00","0,00","0,00","0,00","0,00",,2026-09-01,2025-12-16T18:14:28.151388
4179,2023,06047.01,sim,sim,"300.000,00","300.000,00","0,00","299.999,48","299.999,48","0,00",,2026-09-01,2025-12-16T18:14:28.151388
4180,2023,06048.01,sim,sim,"200.000,00","200.000,00","0,00","0,00","0,00","0,00",,2026-09-01,2025-12-16T18:14:28.151388
4181,2023,06049.01,sim,sim,"1.000.000,00","1.000.000,00","0,00","999.829,42","999.829,42","0,00",,2026-09-01,2025-12-16T18:14:28.151388
4182,2023,06052.01,sim,sim,"150.000,00","150.000,00","0,00","0,00","0,00","0,00",,2026-09-01,2025-12-16T18:14:28.151388
4183,2023,06055.01,sim,sim,"1.000.000,00","1.000.000,00","0,00","1.000.000,00","1.000.000,00","0,00",,2026-09-01,2025-12-16T18:14:28.151388
4184,2023,06056.01,sim,sim,"0,00","0,00","0,00","0,00","0,00","0,00",,2026-09-01,2025-12-16T18:14:28.151388
4185,2023,06061.01,sim,sim,"60.000,00","60.000,00","0,00","59.983,38","59.983,38","0,00",,2026-09-01,2025-12-16T18:14:28.151388
4186,2023,06062.01,sim,sim,"300.000,00","300.000,00","0,00","0,00","0,00","0,00",,2026-09-01,2025-12-16T18:14:28.151388
4187,2023,06063.01,sim,sim,"0,00","0,00","0,00","0,00","0,00","0,00",,2026-09-01,2025-12-16T18:14:28.151388
4188,2023,06064.01,sim,sim,"130.000,00","130.000,00","0,00","129.488,00","129.488,00","0,00",,2026-09-01,2025-12-16T18:14:28.151388
4189,2023,06065.01,sim,sim,"850.000,00","850.000,00","0,00","850.000,00","850.000,00","0,00",,2026-09-01,2025-12-16T18:14:28.151388
4190,2023,06066.01,sim,sim,"330.000,00","330.000,00","0,00","330.000,00","330.000,00","0,00",,2026-09-01,2025-12-16T18:14:28.151388
4191,2023,06067.01,sim,sim,"202.000,00","202.000,00","0,00","202.000,00","202.000,00","0,00",,2026-09-01,2025-12-16T18:14:28.151388
4192,2023,06068.01,sim,sim,"100.000,00","100.000,00","0,00","0,00","0,00","0,00",,2026-09-01,2025-12-16T18:14:28.151388
4193,2023,06069.01,sim,sim,"0,00","0,00","0,00","0,00","0,00","0,00",,2026-09-01,2025-12-16T18:14:28.151388
4194,2023,06070.01,sim,sim,"1.011.000,00","1.011.000,00","0,00","1.011.000,00","1.011.000,00","0,00",,2026-09-01,2025-12-16T18:14:28.151388
4195,2023,06071.01,sim,sim,"97.501,00","97.501,00","0,00","0,00","0,00","0,00",,2026-09-01,2025-12-16T18:14:28.151388
4196,2023,06072.01,sim,sim,"300.000,00","300.000,00","0,00","300.000,00","300.000,00","0,00",,2026-09-01,2025-12-16T18:14:28.151388
4197,2023,06073.01,sim,sim,"911.000,00","911.000,00","0,00","850.000,00","850.000,00","0,00",,2026-09-01,2025-12-16T18:14:28.151388
4198,2023,06074.01,sim,sim,"350.000,00","350.000,00","0,00","349.685,35","349.685,35","0,00",,2026-09-01,2025-12-16T18:14:28.151388
4199,2023,06075.01,sim,sim,"200.000,00","200.000,00","0,00","0,00","0,00","0,00",,2026-09-01,2025-12-16T18:14:28.151388
4200,2023,06077.01,sim,sim,"0,00","0,00","0,00","0,00","0,00","0,00",,2026-09-01,2025-12-16T18:14:28.151388
4201,2023,06086.01,sim,sim,"300.000,00","300.000,00","0,00","299.768,50","299.768,50","0,00",,2026-09-01,2025-12-16T18:14:28.151388
4202,2023,06087.01,sim,sim,"50.000,00","50.000,00","0,00","0,00","0,00","0,00",,2026-09-01,2025-12-16T18:14:28.151388
4203,2023,06089.01,sim,não,"0,00",,,"0,00",,,declarada só no painel dentro do período que o portal cobre — o snapshot do portal (2025-12-16) é anterior à leitura do painel,2026-09-01,2025-12-16T18:14:28.151388
4204,2023,06091.01,sim,sim,"500.000,00","500.000,00","0,00","500.000,00","500.000,00","0,00",,2026-09-01,2025-12-16T18:14:28.151388
4205,2023,06092.01,sim,sim,"0,00","0,00","0,00","0,00","0,00","0,00",,2026-09-01,2025-12-16T18:14:28.151388
4206,2023,06095.01,sim,sim,"500.000,00","500.000,00","0,00","500.000,00","500.000,00","0,00",,2026-09-01,2025-12-16T18:14:28.151388
4207,2023,06098.01,sim,sim,"150.000,00","150.000,00","0,00","149.196,08","149.196,08","0,00",,2026-09-01,2025-12-16T18:14:28.151388
4208,2023,06099.01,sim,sim,"300.000,00","300.000,00","0,00","298.392,16","298.392,16","0,00",,2026-09-01,2025-12-16T18:14:28.151388
4209,2023,06101.01,sim,sim,"400.000,00","400.000,00","0,00","400.000,00","400.000,00","0,00",,2026-09-01,2025-12-16T18:14:28.151388
4210,2023,06102.01,sim,sim,"10.000,00","10.000,00","0,00","0,00","0,00","0,00",,2026-09-01,2025-12-16T18:14:28.151388
4211,2023,06104.01,sim,sim,"1.500.000,00","1.500.000,00","0,00","1.500.000,00","1.500.000,00","0,00",,2026-09-01,2025-12-16T18:14:28.151388
4212,2023,06019.01,sim,sim,"0,00","0,00","0,00","0,00","0,00","0,00",,2026-09-01,2025-12-16T18:14:28.151388
4215,2023,07014.01,sim,sim,"800.000,00","800.000,00","0,00","800.000,00","800.000,00","0,00",,2026-09-01,2025-12-16T18:14:28.151388
4216,2023,07015.01,sim,sim,"0,00","0,00","0,00","0,00","0,00","0,00",,2026-09-01,2025-12-16T18:14:28.151388
4217,2023,07016.01,sim,sim,"360.000,00","360.000,00","0,00","0,00","0,00","0,00",,2026-09-01,2025-12-16T18:14:28.151388
4218,2023,07017.01,sim,sim,"515.000,00","515.000,00","0,00","515.000,00","515.000,00","0,00",,2026-09-01,2025-12-16T18:14:28.151388
4219,2023,07018.01,sim,sim,"0,00","0,00","0,00","0,00","0,00","0,00",,2026-09-01,2025-12-16T18:14:28.151388
4220,2023,07022.01,sim,sim,"250.000,00","250.000,00","0,00","0,00","0,00","0,00",,2026-09-01,2025-12-16T18:14:28.151388
4221,2023,08005.01,sim,sim,"100.000,00","100.000,00","0,00","0,00","0,00","0,00",,2026-09-01,2025-12-16T18:14:28.151388
4222,2023,08007.01,sim,sim,"182.300,00","182.300,00","0,00","149.987,34","149.987,34","0,00",,2026-09-01,2025-12-16T18:14:28.151388
4223,2023,08010.01,sim,sim,"1.000.000,00","1.000.000,00","0,00","1.000.000,00","1.000.000,00","0,00",,2026-09-01,2025-12-16T18:14:28.151388
4224,2023,08012.01,sim,sim,"300.000,00","300.000,00","0,00","0,00","0,00","0,00",,2026-09-01,2025-12-16T18:14:28.151388
4225,2023,08013.01,sim,sim,"350.000,00","350.000,00","0,00","349.009,42","349.009,42","0,00",,2026-09-01,2025-12-16T18:14:28.151388
4226,2023,08014.01,sim,sim,"200.000,00","200.000,00","0,00","0,00","0,00","0,00",,2026-09-01,2025-12-16T18:14:28.151388
4227,2023,08018.01,sim,sim,"0,00","0,00","0,00","0,00","0,00","0,00",,2026-09-01,2025-12-16T18:14:28.151388
4228,2023,08019.01,sim,sim,"0,00","0,00","0,00","0,00","0,00","0,00",,2026-09-01,2025-12-16T18:14:28.151388
4229,2023,08020.01,sim,sim,"350.000,00","350.000,00","0,00","0,00","0,00","0,00",,2026-09-01,2025-12-16T18:14:28.151388
4230,2023,08030.01,sim,sim,"1.000.000,00","1.000.000,00","0,00","1.000.000,00","1.000.000,00","0,00",,2026-09-01,2025-12-16T18:14:28.151388
4231,2023,09005.01,sim,sim,"500.000,00","500.000,00","0,00","0,00","0,00","0,00",,2026-09-01,2025-12-16T18:14:28.151388
4232,2023,09006.01,sim,sim,"100.000,00","100.000,00","0,00","0,00","0,00","0,00",,2026-09-01,2025-12-16T18:14:28.151388
4233,2023,09007.01,sim,sim,"400.000,00","400.000,00","0,00","0,00","0,00","0,00",,2026-09-01,2025-12-16T18:14:28.151388
4234,2023,09029.01,sim,sim,"800.000,00","800.000,00","0,00","800.000,00","800.000,00","0,00",,2026-09-01,2025-12-16T18:14:28.151388
4235,2023,09030.01,sim,sim,"200.000,00","200.000,00","0,00","0,00","0,00","0,00",,2026-09-01,2025-12-16T18:14:28.151388
4236,2024,00485.01,sim,sim,"0,00","0,00","0,00","0,00","0,00","0,00",,2026-09-01,2025-12-16T18:14:28.151388
4237,2024,00001.01,sim,sim,"5.159.969,00","5.159.969,00","0,00","4.659.922,68","4.659.922,68","0,00",,2026-09-01,2025-12-16T18:14:28.151388
4238,2024,00002.01,sim,sim,"0,00","0,00","0,00","0,00","0,00","0,00",,2026-09-01,2025-12-16T18:14:28.151388
4239,2024,00003.01,sim,sim,"4.100.000,00","4.100.000,00","0,00","3.917.872,89","3.917.872,89","0,00",,2026-09-01,2025-12-16T18:14:28.151388
4240,2024,00004.01,sim,sim,"5.500.000,00","5.500.000,00","0,00","5.499.838,46","5.499.838,46","0,00",,2026-09-01,2025-12-16T18:14:28.151388
4241,2024,00005.01,sim,sim,"0,00","0,00","0,00","0,00","0,00","0,00",,2026-09-01,2025-12-16T18:14:28.151388
4242,2024,00067.01,sim,sim,"350.000,00","350.000,00","0,00","350.000,00","350.000,00","0,00",,2026-09-01,2025-12-16T18:14:28.151388
4243,2024,00068.01,sim,sim,"0,00","0,00","0,00","0,00","0,00","0,00",,2026-09-01,2025-12-16T18:14:28.151388
4244,2024,00069.01,sim,sim,"1.100.000,00","1.100.000,00","0,00","1.100.000,00","1.100.000,00","0,00",,2026-09-01,2025-12-16T18:14:28.151388
4245,2024,00070.01,sim,sim,"4.175.000,00","4.175.000,00","0,00","4.175.000,00","4.175.000,00","0,00",,2026-09-01,2025-12-16T18:14:28.151388
4246,2024,00071.01,sim,sim,"100.000,00","100.000,00","0,00","0,00","0,00","0,00",,2026-09-01,2025-12-16T18:14:28.151388
4247,2024,00072.01,sim,sim,"0,00","0,00","0,00","0,00","0,00","0,00",,2026-09-01,2025-12-16T18:14:28.151388
4248,2024,00073.01,sim,sim,"0,00","0,00","0,00","0,00","0,00","0,00",,2026-09-01,2025-12-16T18:14:28.151388
4249,2024,00075.01,sim,sim,"200.000,00","200.000,00","0,00","200.000,00","200.000,00","0,00",,2026-09-01,2025-12-16T18:14:28.151388
4250,2024,00076.01,sim,sim,"2.034.000,00","2.034.000,00","0,00","1.933.890,00","1.933.890,00","0,00",,2026-09-01,2025-12-16T18:14:28.151388
4251,2024,00077.01,sim,sim,"878.480,00","878.480,00","0,00","878.479,37","878.479,37","0,00",,2026-09-01,2025-12-16T18:14:28.151388
4252,2024,00078.01,sim,sim,"0,00","0,00","0,00","0,00","0,00","0,00",,2026-09-01,2025-12-16T18:14:28.151388
4253,2024,00042.01,sim,sim,"2.100.000,00","2.100.000,00","0,00","1.550.000,00","1.550.000,00","0,00",,2026-09-01,2025-12-16T18:14:28.151388
4254,2024,00043.01,sim,sim,"6.000.000,00","6.000.000,00","0,00","5.310.000,00","5.310.000,00","0,00",,2026-09-01,2025-12-16T18:14:28.151388
4255,2024,00044.01,sim,sim,"0,00","0,00","0,00","0,00","0,00","0,00",,2026-09-01,2025-12-16T18:14:28.151388
4256,2024,00045.01,sim,sim,"0,00","0,00","0,00","0,00","0,00","0,00",,2026-09-01,2025-12-16T18:14:28.151388
4257,2024,00046.01,sim,sim,"1.000.000,00","1.000.000,00","0,00","482.400,00","482.400,00","0,00",,2026-09-01,2025-12-16T18:14:28.151388
4258,2024,00047.01,sim,sim,"1.000.000,00","1.000.000,00","0,00","1.000.000,00","1.000.000,00","0,00",,2026-09-01,2025-12-16T18:14:28.151388
4259,2024,00048.01,sim,sim,"2.000.000,00","2.000.000,00","0,00","2.000.000,00","2.000.000,00","0,00",,2026-09-01,2025-12-16T18:14:28.151388
4260,2024,00049.01,sim,sim,"2.500.000,00","2.500.000,00","0,00","2.500.000,00","2.500.000,00","0,00",,2026-09-01,2025-12-16T18:14:28.151388
4261,2024,00050.01,sim,sim,"1.150.000,00","1.150.000,00","0,00","850.000,00","850.000,00","0,00",,2026-09-01,2025-12-16T18:14:28.151388
4262,2024,00051.01,sim,sim,"500.000,00","500.000,00","0,00","499.997,57","499.997,57","0,00",,2026-09-01,2025-12-16T18:14:28.151388
4263,2024,00052.01,sim,sim,"700.000,00","700.000,00","0,00","700.000,00","700.000,00","0,00",,2026-09-01,2025-12-16T18:14:28.151388
4264,2024,00053.01,sim,sim,"350.000,00","350.000,00","0,00","350.000,00","350.000,00","0,00",,2026-09-01,2025-12-16T18:14:28.151388
4265,2024,00054.01,sim,sim,"0,00","0,00","0,00","0,00","0,00","0,00",,2026-09-01,2025-12-16T18:14:28.151388
4266,2024,00055.01,sim,sim,"0,00","0,00","0,00","0,00","0,00","0,00",,2026-09-01,2025-12-16T18:14:28.151388
4267,2024,00056.01,sim,sim,"1.000.000,00","2.000.000,00","1.000.000,00","1.000.000,00","2.000.000,00","1.000.000,00",,2026-09-01,2025-12-16T18:14:28.151388
4268,2024,00057.01,sim,sim,"1.800.000,00","1.800.000,00","0,00","1.486.490,51","1.486.490,51","0,00",,2026-09-01,2025-12-16T18:14:28.151388
4269,2024,00058.01,sim,sim,"0,00","0,00","0,00","0,00","0,00","0,00",,2026-09-01,2025-12-16T18:14:28.151388
4270,2024,00059.01,sim,sim,"0,00","0,00","0,00","0,00","0,00","0,00",,2026-09-01,2025-12-16T18:14:28.151388
4271,2024,00060.01,sim,sim,"0,00","0,00","0,00","0,00","0,00","0,00",,2026-09-01,2025-12-16T18:14:28.151388
4272,2024,00061.01,sim,sim,"0,00","0,00","0,00","0,00","0,00","0,00",,2026-09-01,2025-12-16T18:14:28.151388
4273,2024,00062.01,sim,sim,"500.000,00","500.000,00","0,00","500.000,00","500.000,00","0,00",,2026-09-01,2025-12-16T18:14:28.151388
4274,2024,00063.01,sim,sim,"0,00","0,00","0,00","0,00","0,00","0,00",,2026-09-01,2025-12-16T18:14:28.151388
4275,2024,00064.01,sim,sim,"500.000,00","500.000,00","0,00","481.500,00","481.500,00","0,00",,2026-09-01,2025-12-16T18:14:28.151388
4276,2024,00065.01,sim,sim,"1.000.000,00","1.000.000,00","0,00","1.000.000,00","1.000.000,00","0,00",,2026-09-01,2025-12-16T18:14:28.151388
4277,2024,00066.01,sim,sim,"400.000,00","400.000,00","0,00","400.000,00","400.000,00","0,00",,2026-09-01,2025-12-16T18:14:28.151388
4278,2024,00006.01,sim,sim,"4.249.966,00","4.249.966,00","0,00","2.849.960,64","2.849.960,64","0,00",,2026-09-01,2025-12-16T18:14:28.151388
4279,2024,00007.01,sim,sim,"0,00","0,00","0,00","0,00","0,00","0,00",,2026-09-01,2025-12-16T18:14:28.151388
4280,2024,00008.01,sim,sim,"150.000,00","150.000,00","0,00","0,00","0,00","0,00",,2026-09-01,2025-12-16T18:14:28.151388
4281,2024,00009.01,sim,sim,"0,00","0,00","0,00","0,00","0,00","0,00",,2026-09-01,2025-12-16T18:14:28.151388
4282,2024,00011.01,sim,sim,"150.000,00","150.000,00","0,00","150.000,00","150.000,00","0,00",,2026-09-01,2025-12-16T18:14:28.151388
4283,2024,00013.01,sim,sim,"0,00","0,00","0,00","0,00","0,00","0,00",,2026-09-01,2025-12-16T18:14:28.151388
4284,2024,00015.01,sim,sim,"270.000,00","270.000,00","0,00","19.492,93","19.492,93","0,00",,2026-09-01,2025-12-16T18:14:28.151388
4285,2024,00016.01,sim,sim,"0,00","0,00","0,00","0,00","0,00","0,00",,2026-09-01,2025-12-16T18:14:28.151388
4286,2024,00017.01,sim,sim,"0,00","0,00","0,00","0,00","0,00","0,00",,2026-09-01,2025-12-16T18:14:28.151388
4287,2024,00018.01,sim,sim,"2.670.000,00","2.670.000,00","0,00","2.670.000,00","2.670.000,00","0,00",,2026-09-01,2025-12-16T18:14:28.151388
4288,2024,00019.01,sim,sim,"680.000,00","680.000,00","0,00","680.000,00","680.000,00","0,00",,2026-09-01,2025-12-16T18:14:28.151388
4289,2024,00020.01,sim,sim,"700.000,00","700.000,00","0,00","700.000,00","700.000,00","0,00",,2026-09-01,2025-12-16T18:14:28.151388
4290,2024,00021.01,sim,sim,"2.260.000,00","2.260.000,00","0,00","2.184.996,50","2.184.996,50","0,00",,2026-09-01,2025-12-16T18:14:28.151388
4291,2024,00022.01,sim,sim,"8.390.000,00","8.390.000,00","0,00","8.326.779,05","8.326.779,05","0,00",,2026-09-01,2025-12-16T18:14:28.151388
4292,2024,00023.01,sim,sim,"0,00","0,00","0,00","0,00","0,00","0,00",,2026-09-01,2025-12-16T18:14:28.151388
4293,2024,00025.01,sim,sim,"880.000,00","880.000,00","0,00","880.000,00","880.000,00","0,00",,2026-09-01,2025-12-16T18:14:28.151388
4294,2024,00026.01,sim,sim,"0,00","0,00","0,00","0,00","0,00","0,00",,2026-09-01,2025-12-16T18:14:28.151388
4295,2024,00080.01,sim,sim,"624.919,00","624.919,00","0,00","525.366,49","525.366,49","0,00",,2026-09-01,2025-12-16T18:14:28.151388
4296,2024,00079.01,sim,sim,"700.000,00","700.000,00","0,00","700.000,00","700.000,00","0,00",,2026-09-01,2025-12-16T18:14:28.151388
4297,2024,00081.01,sim,sim,"762.233,00","762.233,00","0,00","474.510,16","474.510,16","0,00",,2026-09-01,2025-12-16T18:14:28.151388
4298,2024,00082.01,sim,sim,"1.000.000,00","2.000.000,00","1.000.000,00","1.000.000,00","2.000.000,00","1.000.000,00",,2026-09-01,2025-12-16T18:14:28.151388
4299,2024,00083.01,sim,sim,"4.460.000,00","4.460.000,00","0,00","4.430.000,00","4.430.000,00","0,00",,2026-09-01,2025-12-16T18:14:28.151388
4300,2024,00085.01,sim,sim,"1.563.822,00","1.563.822,00","0,00","1.563.821,83","1.563.821,83","0,00",,2026-09-01,2025-12-16T18:14:28.151388
4301,2024,00086.01,sim,sim,"5.329.980,00","5.329.980,00","0,00","4.329.955,40","4.329.955,40","0,00",,2026-09-01,2025-12-16T18:14:28.151388
4302,2024,00087.01,sim,sim,"5.317.000,00","10.634.000,00","5.317.000,00","4.147.727,36","8.295.454,72","4.147.727,36",,2026-09-01,2025-12-16T18:14:28.151388
4303,2024,00088.01,sim,sim,"0,00","0,00","0,00","0,00","0,00","0,00",,2026-09-01,2025-12-16T18:14:28.151388
4304,2024,00089.01,sim,sim,"0,00","0,00","0,00","0,00","0,00","0,00",,2026-09-01,2025-12-16T18:14:28.151388
4305,2024,00090.01,sim,sim,"1.000.000,00","1.000.000,00","0,00","1.000.000,00","1.000.000,00","0,00",,2026-09-01,2025-12-16T18:14:28.151388
4306,2024,00092.01,sim,sim,"600.000,00","600.000,00","0,00","600.000,00","600.000,00","0,00",,2026-09-01,2025-12-16T18:14:28.151388
4307,2024,00093.01,sim,sim,"0,00","0,00","0,00","0,00","0,00","0,00",,2026-09-01,2025-12-16T18:14:28.151388
4308,2024,00095.01,sim,sim,"0,00","0,00","0,00","0,00","0,00","0,00",,2026-09-01,2025-12-16T18:14:28.151388
4309,2024,00096.01,sim,sim,"0,00","0,00","0,00","0,00","0,00","0,00",,2026-09-01,2025-12-16T18:14:28.151388
4310,2024,00098.01,sim,sim,"0,00","0,00","0,00","0,00","0,00","0,00",,2026-09-01,2025-12-16T18:14:28.151388
4311,2024,00099.01,sim,sim,"0,00","0,00","0,00","0,00","0,00","0,00",,2026-09-01,2025-12-16T18:14:28.151388
4312,2024,00100.01,sim,sim,"0,00","0,00","0,00","0,00","0,00","0,00",,2026-09-01,2025-12-16T18:14:28.151388
4313,2024,00101.01,sim,sim,"0,00","0,00","0,00","0,00","0,00","0,00",,2026-09-01,2025-12-16T18:14:28.151388
4314,2024,00102.01,sim,sim,"0,00","0,00","0,00","0,00","0,00","0,00",,2026-09-01,2025-12-16T18:14:28.151388
4315,2024,00103.01,sim,sim,"0,00","0,00","0,00","0,00","0,00","0,00",,2026-09-01,2025-12-16T18:14:28.151388
4316,2024,00104.01,sim,sim,"700.000,00","700.000,00","0,00","612.709,25","612.709,25","0,00",,2026-09-01,2025-12-16T18:14:28.151388
4317,2024,00105.01,sim,sim,"0,00","0,00","0,00","0,00","0,00","0,00",,2026-09-01,2025-12-16T18:14:28.151388
4318,2024,00106.01,sim,sim,"0,00","0,00","0,00","0,00","0,00","0,00",,2026-09-01,2025-12-16T18:14:28.151388
4319,2024,00108.01,sim,sim,"0,00","0,00","0,00","0,00","0,00","0,00",,2026-09-01,2025-12-16T18:14:28.151388
4320,2024,00109.01,sim,sim,"0,00","0,00","0,00","0,00","0,00","0,00",,2026-09-01,2025-12-16T18:14:28.151388
4321,2024,00110.01,sim,sim,"0,00","0,00","0,00","0,00","0,00","0,00",,2026-09-01,2025-12-16T18:14:28.151388
4322,2024,00111.01,sim,sim,"0,00","0,00","0,00","0,00","0,00","0,00",,2026-09-01,2025-12-16T18:14:28.151388
4323,2024,00112.01,sim,sim,"0,00","0,00","0,00","0,00","0,00","0,00",,2026-09-01,2025-12-16T18:14:28.151388
4324,2024,00235.01,sim,sim,"14.995.000,00","29.990.000,00","14.995.000,00","14.235.000,00","28.470.000,00","14.235.000,00",,2026-09-01,2025-12-16T18:14:28.151388
4325,2024,00236.01,sim,sim,"400.000,00","400.000,00","0,00","400.000,00","400.000,00","0,00",,2026-09-01,2025-12-16T18:14:28.151388
4326,2024,00237.01,sim,sim,"2.340.000,00","4.680.000,00","2.340.000,00","2.290.000,00","4.580.000,00","2.290.000,00",,2026-09-01,2025-12-16T18:14:28.151388
4327,2024,00241.01,sim,sim,"150.000,00","150.000,00","0,00","150.000,00","150.000,00","0,00",,2026-09-01,2025-12-16T18:14:28.151388
4328,2024,00239.01,sim,sim,"600.000,00","600.000,00","0,00","449.981,22","449.981,22","0,00",,2026-09-01,2025-12-16T18:14:28.151388
4329,2024,00240.01,sim,sim,"0,00","0,00","0,00","0,00","0,00","0,00",,2026-09-01,2025-12-16T18:14:28.151388
4330,2024,00242.01,sim,sim,"0,00","0,00","0,00","0,00","0,00","0,00",,2026-09-01,2025-12-16T18:14:28.151388
4331,2024,00247.01,sim,sim,"0,00","0,00","0,00","0,00","0,00","0,00",,2026-09-01,2025-12-16T18:14:28.151388
4332,2024,00245.01,sim,sim,"3.950.000,00","3.950.000,00","0,00","2.600.000,00","2.600.000,00","0,00",,2026-09-01,2025-12-16T18:14:28.151388
4333,2024,00248.01,sim,sim,"200.000,00","200.000,00","0,00","0,00","0,00","0,00",,2026-09-01,2025-12-16T18:14:28.151388
4334,2024,00249.01,sim,sim,"0,00","0,00","0,00","0,00","0,00","0,00",,2026-09-01,2025-12-16T18:14:28.151388
4335,2024,00250.01,sim,sim,"0,00","0,00","0,00","0,00","0,00","0,00",,2026-09-01,2025-12-16T18:14:28.151388
4336,2024,00251.01,sim,sim,"0,00","0,00","0,00","0,00","0,00","0,00",,2026-09-01,2025-12-16T18:14:28.151388
4337,2024,00252.01,sim,sim,"0,00","0,00","0,00","0,00","0,00","0,00",,2026-09-01,2025-12-16T18:14:28.151388
4338,2024,00253.01,sim,sim,"550.000,00","550.000,00","0,00","393.562,68","393.562,68","0,00",,2026-09-01,2025-12-16T18:14:28.151388
4339,2024,00254.01,sim,sim,"250.000,00","250.000,00","0,00","249.925,00","249.925,00","0,00",,2026-09-01,2025-12-16T18:14:28.151388
4340,2024,00255.01,sim,sim,"0,00","0,00","0,00","0,00","0,00","0,00",,2026-09-01,2025-12-16T18:14:28.151388
4341,2024,00256.01,sim,sim,"0,00","0,00","0,00","0,00","0,00","0,00",,2026-09-01,2025-12-16T18:14:28.151388
4342,2024,00257.01,sim,sim,"300.000,00","300.000,00","0,00","146.283,40","146.283,40","0,00",,2026-09-01,2025-12-16T18:14:28.151388
4343,2024,00258.01,sim,sim,"0,00","0,00","0,00","0,00","0,00","0,00",,2026-09-01,2025-12-16T18:14:28.151388
4344,2024,00259.01,sim,sim,"100.000,00","200.000,00","100.000,00","67.464,54","134.929,08","67.464,54",,2026-09-01,2025-12-16T18:14:28.151388
4345,2024,00260.01,sim,sim,"0,00","0,00","0,00","0,00","0,00","0,00",,2026-09-01,2025-12-16T18:14:28.151388
4346,2024,00261.01,sim,sim,"0,00","0,00","0,00","0,00","0,00","0,00",,2026-09-01,2025-12-16T18:14:28.151388
4347,2024,00113.01,sim,sim,"1.665.000,00","1.665.000,00","0,00","1.665.000,00","1.665.000,00","0,00",,2026-09-01,2025-12-16T18:14:28.151388
4348,2024,00114.01,sim,sim,"8.465.000,00","8.465.000,00","0,00","8.464.698,62","8.464.698,62","0,00",,2026-09-01,2025-12-16T18:14:28.151388
4349,2024,00115.01,sim,sim,"3.025.000,00","6.050.000,00","3.025.000,00","2.819.931,06","5.639.862,12","2.819.931,06",,2026-09-01,2025-12-16T18:14:28.151388
4350,2024,00116.01,sim,sim,"2.310.000,00","2.310.000,00","0,00","2.309.873,61","2.309.873,61","0,00",,2026-09-01,2025-12-16T18:14:28.151388
4351,2024,00117.01,sim,sim,"700.000,00","700.000,00","0,00","700.000,00","700.000,00","0,00",,2026-09-01,2025-12-16T18:14:28.151388
4352,2024,00118.01,sim,sim,"1.000.000,00","1.000.000,00","0,00","1.000.000,00","1.000.000,00","0,00",,2026-09-01,2025-12-16T18:14:28.151388
4353,2024,00119.01,sim,sim,"3.500.000,00","3.500.000,00","0,00","3.498.356,90","3.498.356,90","0,00",,2026-09-01,2025-12-16T18:14:28.151388
4354,2024,00120.01,sim,sim,"904.000,00","904.000,00","0,00","300.000,00","300.000,00","0,00",,2026-09-01,2025-12-16T18:14:28.151388
4355,2024,00121.01,sim,sim,"0,00","0,00","0,00","0,00","0,00","0,00",,2026-09-01,2025-12-16T18:14:28.151388
4356,2024,00122.01,sim,sim,"0,00","0,00","0,00","0,00","0,00","0,00",,2026-09-01,2025-12-16T18:14:28.151388
4357,2024,00123.01,sim,sim,"50.000,00","50.000,00","0,00","48.740,14","48.740,14","0,00",,2026-09-01,2025-12-16T18:14:28.151388
4358,2024,00124.01,sim,sim,"350.000,00","350.000,00","0,00","323.223,48","323.223,48","0,00",,2026-09-01,2025-12-16T18:14:28.151388
4359,2024,00125.01,sim,sim,"0,00","0,00","0,00","0,00","0,00","0,00",,2026-09-01,2025-12-16T18:14:28.151388
4360,2024,00126.01,sim,sim,"0,00","0,00","0,00","0,00","0,00","0,00",,2026-09-01,2025-12-16T18:14:28.151388
4361,2024,00127.01,sim,sim,"0,00","0,00","0,00","0,00","0,00","0,00",,2026-09-01,2025-12-16T18:14:28.151388
4362,2024,00128.01,sim,sim,"0,00","0,00","0,00","0,00","0,00","0,00",,2026-09-01,2025-12-16T18:14:28.151388
4363,2024,00129.01,sim,sim,"1.600.000,00","2.600.000,00","1.000.000,00","1.560.540,30","2.560.522,60","999.982,30",,2026-09-01,2025-12-16T18:14:28.151388
4364,2024,00130.01,sim,sim,"300.000,00","300.000,00","0,00","300.000,00","300.000,00","0,00",,2026-09-01,2025-12-16T18:14:28.151388
4365,2024,00131.01,sim,sim,"0,00","0,00","0,00","0,00","0,00","0,00",,2026-09-01,2025-12-16T18:14:28.151388
4366,2024,00132.01,sim,sim,"250.000,00","250.000,00","0,00","245.497,00","245.497,00","0,00",,2026-09-01,2025-12-16T18:14:28.151388
4367,2024,00133.01,sim,sim,"0,00","0,00","0,00","0,00","0,00","0,00",,2026-09-01,2025-12-16T18:14:28.151388
4368,2024,00134.01,sim,sim,"0,00","0,00","0,00","0,00","0,00","0,00",,2026-09-01,2025-12-16T18:14:28.151388
4369,2024,00135.01,sim,sim,"0,00","0,00","0,00","0,00","0,00","0,00",,2026-09-01,2025-12-16T18:14:28.151388
4370,2024,00136.01,sim,sim,"500.000,00","500.000,00","0,00","500.000,00","500.000,00","0,00",,2026-09-01,2025-12-16T18:14:28.151388
4371,2024,00137.01,sim,sim,"0,00","0,00","0,00","0,00","0,00","0,00",,2026-09-01,2025-12-16T18:14:28.151388
4372,2024,00176.01,sim,sim,"5.320.000,00","5.320.000,00","0,00","4.581.714,91","4.581.714,91","0,00",,2026-09-01,2025-12-16T18:14:28.151388
4373,2024,00177.01,sim,sim,"200.000,00","200.000,00","0,00","161.271,00","161.271,00","0,00",,2026-09-01,2025-12-16T18:14:28.151388
4374,2024,00178.01,sim,sim,"0,00","0,00","0,00","0,00","0,00","0,00",,2026-09-01,2025-12-16T18:14:28.151388
4375,2024,00179.01,sim,sim,"0,00","0,00","0,00","0,00","0,00","0,00",,2026-09-01,2025-12-16T18:14:28.151388
4376,2024,00180.01,sim,sim,"0,00","0,00","0,00","0,00","0,00","0,00",,2026-09-01,2025-12-16T18:14:28.151388
4377,2024,00181.01,sim,sim,"0,00","0,00","0,00","0,00","0,00","0,00",,2026-09-01,2025-12-16T18:14:28.151388
4378,2024,00182.01,sim,sim,"0,00","0,00","0,00","0,00","0,00","0,00",,2026-09-01,2025-12-16T18:14:28.151388
4379,2024,00183.01,sim,sim,"0,00","0,00","0,00","0,00","0,00","0,00",,2026-09-01,2025-12-16T18:14:28.151388
4380,2024,00184.01,sim,sim,"0,00","0,00","0,00","0,00","0,00","0,00",,2026-09-01,2025-12-16T18:14:28.151388
4381,2024,00185.01,sim,sim,"200.000,00","200.000,00","0,00","187.408,51","187.408,51","0,00",,2026-09-01,2025-12-16T18:14:28.151388
4382,2024,00186.01,sim,sim,"0,00","0,00","0,00","0,00","0,00","0,00",,2026-09-01,2025-12-16T18:14:28.151388
4383,2024,00187.01,sim,sim,"1.550.000,00","1.550.000,00","0,00","700.000,00","700.000,00","0,00",,2026-09-01,2025-12-16T18:14:28.151388
4384,2024,00188.01,sim,sim,"0,00","0,00","0,00","0,00","0,00","0,00",,2026-09-01,2025-12-16T18:14:28.151388
4385,2024,00189.01,sim,sim,"0,00","0,00","0,00","0,00","0,00","0,00",,2026-09-01,2025-12-16T18:14:28.151388
4386,2024,00190.01,sim,sim,"0,00","0,00","0,00","0,00","0,00","0,00",,2026-09-01,2025-12-16T18:14:28.151388
4387,2024,00191.01,sim,sim,"4.080.000,00","4.080.000,00","0,00","4.030.000,00","4.030.000,00","0,00",,2026-09-01,2025-12-16T18:14:28.151388
4388,2024,00192.01,sim,sim,"6.765.000,00","6.765.000,00","0,00","4.900.476,60","4.900.476,60","0,00",,2026-09-01,2025-12-16T18:14:28.151388
4389,2024,00193.01,sim,sim,"2.575.000,00","2.575.000,00","0,00","2.031.603,40","2.031.603,40","0,00",,2026-09-01,2025-12-16T18:14:28.151388
4390,2024,00194.01,sim,sim,"0,00","0,00","0,00","0,00","0,00","0,00",,2026-09-01,2025-12-16T18:14:28.151388
4391,2024,00195.01,sim,sim,"0,00","0,00","0,00","0,00","0,00","0,00",,2026-09-01,2025-12-16T18:14:28.151388
4392,2024,00196.01,sim,sim,"0,00","0,00","0,00","0,00","0,00","0,00",,2026-09-01,2025-12-16T18:14:28.151388
4393,2024,00197.01,sim,sim,"0,00","0,00","0,00","0,00","0,00","0,00",,2026-09-01,2025-12-16T18:14:28.151388
4394,2024,00198.01,sim,sim,"0,00","0,00","0,00","0,00","0,00","0,00",,2026-09-01,2025-12-16T18:14:28.151388
4395,2024,00199.01,sim,sim,"0,00","0,00","0,00","0,00","0,00","0,00",,2026-09-01,2025-12-16T18:14:28.151388
4396,2024,00200.01,sim,sim,"300.000,00","300.000,00","0,00","0,00","0,00","0,00",,2026-09-01,2025-12-16T18:14:28.151388
4397,2024,00201.01,sim,sim,"0,00","0,00","0,00","0,00","0,00","0,00",,2026-09-01,2025-12-16T18:14:28.151388
4398,2024,00202.01,sim,sim,"0,00","0,00","0,00","0,00","0,00","0,00",,2026-09-01,2025-12-16T18:14:28.151388
4399,2024,00203.01,sim,sim,"400.000,00","400.000,00","0,00","399.944,00","399.944,00","0,00",,2026-09-01,2025-12-16T18:14:28.151388
4400,2024,00204.01,sim,sim,"0,00","0,00","0,00","0,00","0,00","0,00",,2026-09-01,2025-12-16T18:14:28.151388
4401,2024,00138.01,sim,sim,"4.355.000,00","4.355.000,00","0,00","3.608.075,44","3.608.075,44","0,00",,2026-09-01,2025-12-16T18:14:28.151388
4402,2024,00139.01,sim,sim,"1.102.000,00","1.102.000,00","0,00","1.102.000,00","1.102.000,00","0,00",,2026-09-01,2025-12-16T18:14:28.151388
4403,2024,00140.01,sim,sim,"980.000,00","1.960.000,00","980.000,00","980.000,00","1.960.000,00","980.000,00",,2026-09-01,2025-12-16T18:14:28.151388
4404,2024,00141.01,sim,sim,"15.496.458,00","15.496.458,00","0,00","15.192.199,96","15.192.199,96","0,00",,2026-09-01,2025-12-16T18:14:28.151388
4405,2024,00143.01,sim,sim,"500.000,00","500.000,00","0,00","497.227,44","497.227,44","0,00",,2026-09-01,2025-12-16T18:14:28.151388
4406,2024,00144.01,sim,sim,"0,00","0,00","0,00","0,00","0,00","0,00",,2026-09-01,2025-12-16T18:14:28.151388
4407,2024,00145.01,sim,sim,"560.000,00","1.105.000,00","545.000,00","560.000,00","1.105.000,00","545.000,00",,2026-09-01,2025-12-16T18:14:28.151388
4408,2024,00147.01,sim,sim,"350.000,00","350.000,00","0,00","333.782,26","333.782,26","0,00",,2026-09-01,2025-12-16T18:14:28.151388
4409,2024,00579.01,sim,sim,"500.000,00","500.000,00","0,00","500.000,00","500.000,00","0,00",,2026-09-01,2025-12-16T18:14:28.151388
4410,2024,00580.01,sim,sim,"0,00","0,00","0,00","0,00","0,00","0,00",,2026-09-01,2025-12-16T18:14:28.151388
4411,2024,00581.01,sim,sim,"2.300.000,00","2.300.000,00","0,00","2.260.000,00","2.260.000,00","0,00",,2026-09-01,2025-12-16T18:14:28.151388
4412,2024,00566.01,sim,sim,"9.620.000,00","19.240.000,00","9.620.000,00","9.526.195,64","19.052.391,28","9.526.195,64",,2026-09-01,2025-12-16T18:14:28.151388
4413,2024,00567.01,sim,sim,"1.900.000,00","3.800.000,00","1.900.000,00","1.894.010,27","3.788.020,54","1.894.010,27",,2026-09-01,2025-12-16T18:14:28.151388
4414,2024,00568.01,sim,sim,"1.780.000,00","1.780.000,00","0,00","1.671.395,44","1.671.395,44","0,00",,2026-09-01,2025-12-16T18:14:28.151388
4415,2024,00569.01,sim,sim,"2.720.000,00","2.720.000,00","0,00","2.698.224,91","2.698.224,91","0,00",,2026-09-01,2025-12-16T18:14:28.151388
4416,2024,00570.01,sim,sim,"3.800.000,00","3.800.000,00","0,00","3.666.826,62","3.666.826,62","0,00",,2026-09-01,2025-12-16T18:14:28.151388
4417,2024,00571.01,sim,sim,"0,00","0,00","0,00","0,00","0,00","0,00",,2026-09-01,2025-12-16T18:14:28.151388
4418,2024,00572.01,sim,sim,"0,00","0,00","0,00","0,00","0,00","0,00",,2026-09-01,2025-12-16T18:14:28.151388
4419,2024,00574.01,sim,sim,"0,00","0,00","0,00","0,00","0,00","0,00",,2026-09-01,2025-12-16T18:14:28.151388
4420,2024,00573.01,sim,sim,"0,00","0,00","0,00","0,00","0,00","0,00",,2026-09-01,2025-12-16T18:14:28.151388
4421,2024,00575.01,sim,sim,"0,00","0,00","0,00","0,00","0,00","0,00",,2026-09-01,2025-12-16T18:14:28.151388
4422,2024,00576.01,sim,sim,"0,00","0,00","0,00","0,00","0,00","0,00",,2026-09-01,2025-12-16T18:14:28.151388
4423,2024,00577.01,sim,sim,"1.500.000,00","3.000.000,00","1.500.000,00","1.500.000,00","3.000.000,00","1.500.000,00",,2026-09-01,2025-12-16T18:14:28.151388
4424,2024,00578.01,sim,sim,"500.000,00","1.000.000,00","500.000,00","499.939,94","999.879,88","499.939,94",,2026-09-01,2025-12-16T18:14:28.151388
4425,2024,00148.01,sim,sim,"0,00","0,00","0,00","0,00","0,00","0,00",,2026-09-01,2025-12-16T18:14:28.151388
4426,2024,00149.01,sim,sim,"0,00","0,00","0,00","0,00","0,00","0,00",,2026-09-01,2025-12-16T18:14:28.151388
4427,2024,00150.01,sim,sim,"0,00","0,00","0,00","0,00","0,00","0,00",,2026-09-01,2025-12-16T18:14:28.151388
4428,2024,00151.01,sim,sim,"1.620.000,00","1.620.000,00","0,00","1.620.000,00","1.620.000,00","0,00",,2026-09-01,2025-12-16T18:14:28.151388
4429,2024,00152.01,sim,sim,"0,00","0,00","0,00","0,00","0,00","0,00",,2026-09-01,2025-12-16T18:14:28.151388
4430,2024,00154.01,sim,sim,"300.000,00","300.000,00","0,00","300.000,00","300.000,00","0,00",,2026-09-01,2025-12-16T18:14:28.151388
4431,2024,00155.01,sim,sim,"0,00","0,00","0,00","0,00","0,00","0,00",,2026-09-01,2025-12-16T18:14:28.151388
4432,2024,00156.01,sim,sim,"0,00","0,00","0,00","0,00","0,00","0,00",,2026-09-01,2025-12-16T18:14:28.151388
4433,2024,00157.01,sim,sim,"2.420.000,00","2.420.000,00","0,00","2.386.842,99","2.386.842,99","0,00",,2026-09-01,2025-12-16T18:14:28.151388
4434,2024,00158.01,sim,sim,"670.000,00","670.000,00","0,00","669.695,78","669.695,78","0,00",,2026-09-01,2025-12-16T18:14:28.151388
4435,2024,00159.01,sim,sim,"170.000,00","170.000,00","0,00","169.980,87","169.980,87","0,00",,2026-09-01,2025-12-16T18:14:28.151388
4436,2024,00160.01,sim,sim,"0,00","0,00","0,00","0,00","0,00","0,00",,2026-09-01,2025-12-16T18:14:28.151388
4437,2024,00161.01,sim,sim,"0,00","0,00","0,00","0,00","0,00","0,00",,2026-09-01,2025-12-16T18:14:28.151388
4438,2024,00162.01,sim,sim,"2.544.660,00","2.544.660,00","0,00","2.155.500,00","2.155.500,00","0,00",,2026-09-01,2025-12-16T18:14:28.151388
4439,2024,00163.01,sim,sim,"1.480.079,00","1.680.079,00","200.000,00","1.480.078,59","1.680.078,59","200.000,00",,2026-09-01,2025-12-16T18:14:28.151388
4440,2024,00164.01,sim,sim,"0,00","0,00","0,00","0,00","0,00","0,00",,2026-09-01,2025-12-16T18:14:28.151388
4441,2024,00165.01,sim,sim,"6.100.000,00","6.100.000,00","0,00","6.099.840,00","6.099.840,00","0,00",,2026-09-01,2025-12-16T18:14:28.151388
4442,2024,00166.01,sim,sim,"0,00","0,00","0,00","0,00","0,00","0,00",,2026-09-01,2025-12-16T18:14:28.151388
4443,2024,00167.01,sim,sim,"1.683.333,00","1.683.333,00","0,00","1.549.712,45","1.549.712,45","0,00",,2026-09-01,2025-12-16T18:14:28.151388
4444,2024,00168.01,sim,sim,"876.000,00","876.000,00","0,00","866.000,00","866.000,00","0,00",,2026-09-01,2025-12-16T18:14:28.151388
4445,2024,00169.01,sim,sim,"0,00","0,00","0,00","0,00","0,00","0,00",,2026-09-01,2025-12-16T18:14:28.151388
4446,2024,00171.01,sim,sim,"0,00","0,00","0,00","0,00","0,00","0,00",,2026-09-01,2025-12-16T18:14:28.151388
4447,2024,00172.01,sim,sim,"0,00","0,00","0,00","0,00","0,00","0,00",,2026-09-01,2025-12-16T18:14:28.151388
4448,2024,00173.01,sim,sim,"0,00","0,00","0,00","0,00","0,00","0,00",,2026-09-01,2025-12-16T18:14:28.151388
4449,2024,00174.01,sim,sim,"0,00","0,00","0,00","0,00","0,00","0,00",,2026-09-01,2025-12-16T18:14:28.151388
4450,2024,00175.01,sim,sim,"500.000,00","500.000,00","0,00","442.031,87","442.031,87","0,00",,2026-09-01,2025-12-16T18:14:28.151388
4451,2024,00303.01,sim,sim,"2.500.000,00","5.000.000,00","2.500.000,00","2.495.000,00","4.990.000,00","2.495.000,00",,2026-09-01,2025-12-16T18:14:28.151388
4452,2024,00304.01,sim,sim,"500.000,00","500.000,00","0,00","123.762,96","123.762,96","0,00",,2026-09-01,2025-12-16T18:14:28.151388
4453,2024,00305.01,sim,sim,"0,00","0,00","0,00","0,00","0,00","0,00",,2026-09-01,2025-12-16T18:14:28.151388
4454,2024,00306.01,sim,sim,"0,00","0,00","0,00","0,00","0,00","0,00",,2026-09-01,2025-12-16T18:14:28.151388
4455,2024,00307.01,sim,sim,"0,00","0,00","0,00","0,00","0,00","0,00",,2026-09-01,2025-12-16T18:14:28.151388
4456,2024,00308.01,sim,sim,"0,00","0,00","0,00","0,00","0,00","0,00",,2026-09-01,2025-12-16T18:14:28.151388
4457,2024,00309.01,sim,sim,"0,00","0,00","0,00","0,00","0,00","0,00",,2026-09-01,2025-12-16T18:14:28.151388
4458,2024,00310.01,sim,sim,"0,00","0,00","0,00","0,00","0,00","0,00",,2026-09-01,2025-12-16T18:14:28.151388
4459,2024,00311.01,sim,sim,"8.850.000,00","8.850.000,00","0,00","8.848.867,65","8.848.867,65","0,00",,2026-09-01,2025-12-16T18:14:28.151388
4460,2024,00312.01,sim,sim,"2.800.000,00","2.800.000,00","0,00","2.425.880,64","2.425.880,64","0,00",,2026-09-01,2025-12-16T18:14:28.151388
4461,2024,00313.01,sim,sim,"4.700.000,00","9.400.000,00","4.700.000,00","4.148.694,44","8.297.388,88","4.148.694,44",,2026-09-01,2025-12-16T18:14:28.151388
4462,2024,00314.01,sim,sim,"750.000,00","750.000,00","0,00","750.000,00","750.000,00","0,00",,2026-09-01,2025-12-16T18:14:28.151388
4463,2024,00315.01,sim,sim,"0,00","0,00","0,00","0,00","0,00","0,00",,2026-09-01,2025-12-16T18:14:28.151388
4464,2024,00316.01,sim,sim,"4.400.000,00","4.400.000,00","0,00","3.799.864,80","3.799.864,80","0,00",,2026-09-01,2025-12-16T18:14:28.151388
4465,2024,00317.01,sim,sim,"0,00","0,00","0,00","0,00","0,00","0,00",,2026-09-01,2025-12-16T18:14:28.151388
4466,2024,00318.01,sim,sim,"500.000,00","500.000,00","0,00","499.999,95","499.999,95","0,00",,2026-09-01,2025-12-16T18:14:28.151388
4467,2024,00205.01,sim,sim,"0,00","0,00","0,00","0,00","0,00","0,00",,2026-09-01,2025-12-16T18:14:28.151388
4468,2024,00206.01,sim,sim,"0,00","0,00","0,00","0,00","0,00","0,00",,2026-09-01,2025-12-16T18:14:28.151388
4469,2024,00208.01,sim,sim,"0,00","0,00","0,00","0,00","0,00","0,00",,2026-09-01,2025-12-16T18:14:28.151388
4470,2024,00210.01,sim,sim,"0,00","0,00","0,00","0,00","0,00","0,00",,2026-09-01,2025-12-16T18:14:28.151388
4471,2024,00234.01,sim,sim,"0,00","0,00","0,00","0,00","0,00","0,00",,2026-09-01,2025-12-16T18:14:28.151388
4472,2024,00211.01,sim,sim,"0,00","0,00","0,00","0,00","0,00","0,00",,2026-09-01,2025-12-16T18:14:28.151388
4473,2024,00212.01,sim,sim,"0,00","0,00","0,00","0,00","0,00","0,00",,2026-09-01,2025-12-16T18:14:28.151388
4474,2024,00213.01,sim,sim,"3.088.852,00","3.088.852,00","0,00","3.088.767,60","3.088.767,60","0,00",,2026-09-01,2025-12-16T18:14:28.151388
4475,2024,00214.01,sim,sim,"345.000,00","345.000,00","0,00","0,00","0,00","0,00",,2026-09-01,2025-12-16T18:14:28.151388
4476,2024,00215.01,sim,sim,"2.031.900,00","2.031.900,00","0,00","2.022.417,95","2.022.417,95","0,00",,2026-09-01,2025-12-16T18:14:28.151388
4477,2024,00216.01,sim,sim,"2.952.747,00","2.952.747,00","0,00","2.952.736,20","2.952.736,20","0,00",,2026-09-01,2025-12-16T18:14:28.151388
4478,2024,00217.01,sim,sim,"4.385.580,00","8.771.160,00","4.385.580,00","4.385.575,38","8.771.150,76","4.385.575,38",,2026-09-01,2025-12-16T18:14:28.151388
4479,2024,00218.01,sim,sim,"0,00","0,00","0,00","0,00","0,00","0,00",,2026-09-01,2025-12-16T18:14:28.151388
4480,2024,00219.01,sim,sim,"1.893.000,00","3.786.000,00","1.893.000,00","1.813.000,00","3.626.000,00","1.813.000,00",,2026-09-01,2025-12-16T18:14:28.151388
4481,2024,00220.01,sim,sim,"1.000.000,00","1.000.000,00","0,00","1.000.000,00","1.000.000,00","0,00",,2026-09-01,2025-12-16T18:14:28.151388
4482,2024,00222.01,sim,sim,"0,00","0,00","0,00","0,00","0,00","0,00",,2026-09-01,2025-12-16T18:14:28.151388
4483,2024,00223.01,sim,sim,"300.000,00","300.000,00","0,00","300.000,00","300.000,00","0,00",,2026-09-01,2025-12-16T18:14:28.151388
4484,2024,00224.01,sim,sim,"1.000.000,00","1.000.000,00","0,00","1.000.000,00","1.000.000,00","0,00",,2026-09-01,2025-12-16T18:14:28.151388
4485,2024,00225.01,sim,sim,"0,00","0,00","0,00","0,00","0,00","0,00",,2026-09-01,2025-12-16T18:14:28.151388
4486,2024,00226.01,sim,sim,"0,00","0,00","0,00","0,00","0,00","0,00",,2026-09-01,2025-12-16T18:14:28.151388
4487,2024,00227.01,sim,sim,"400.000,00","400.000,00","0,00","400.000,00","400.000,00","0,00",,2026-09-01,2025-12-16T18:14:28.151388
4488,2024,00228.01,sim,sim,"504.000,00","504.000,00","0,00","504.000,00","504.000,00","0,00",,2026-09-01,2025-12-16T18:14:28.151388
4489,2024,00229.01,sim,sim,"0,00","0,00","0,00","0,00","0,00","0,00",,2026-09-01,2025-12-16T18:14:28.151388
4490,2024,00230.01,sim,sim,"0,00","0,00","0,00","0,00","0,00","0,00",,2026-09-01,2025-12-16T18:14:28.151388
4491,2024,00231.01,sim,sim,"0,00","0,00","0,00","0,00","0,00","0,00",,2026-09-01,2025-12-16T18:14:28.151388
4492,2024,00232.01,sim,sim,"0,00","0,00","0,00","0,00","0,00","0,00",,2026-09-01,2025-12-16T18:14:28.151388
4493,2024,00233.01,sim,sim,"0,00","0,00","0,00","0,00","0,00","0,00",,2026-09-01,2025-12-16T18:14:28.151388
4494,2024,00262.01,sim,sim,"2.199.698,00","2.199.698,00","0,00","2.190.169,73","2.190.169,73","0,00",,2026-09-01,2025-12-16T18:14:28.151388
4495,2024,00263.01,sim,sim,"663.600,00","663.600,00","0,00","663.600,00","663.600,00","0,00",,2026-09-01,2025-12-16T18:14:28.151388
4496,2024,00264.01,sim,sim,"5.283.749,00","5.283.749,00","0,00","5.283.749,00","5.283.749,00","0,00",,2026-09-01,2025-12-16T18:14:28.151388
4497,2024,00265.01,sim,sim,"0,00","0,00","0,00","0,00","0,00","0,00",,2026-09-01,2025-12-16T18:14:28.151388
4498,2024,00266.01,sim,sim,"0,00","0,00","0,00","0,00","0,00","0,00",,2026-09-01,2025-12-16T18:14:28.151388
4499,2024,00267.01,sim,sim,"0,00","0,00","0,00","0,00","0,00","0,00",,2026-09-01,2025-12-16T18:14:28.151388
4500,2024,00268.01,sim,sim,"0,00","0,00","0,00","0,00","0,00","0,00",,2026-09-01,2025-12-16T18:14:28.151388
4501,2024,00269.01,sim,sim,"0,00","0,00","0,00","0,00","0,00","0,00",,2026-09-01,2025-12-16T18:14:28.151388
4502,2024,00270.01,sim,sim,"500.000,00","500.000,00","0,00","499.999,96","499.999,96","0,00",,2026-09-01,2025-12-16T18:14:28.151388
4503,2024,00271.01,sim,sim,"5.000.000,00","5.000.000,00","0,00","4.998.983,75","4.998.983,75","0,00",,2026-09-01,2025-12-16T18:14:28.151388
4504,2024,00272.01,sim,sim,"2.855.000,00","2.855.000,00","0,00","2.744.980,11","2.744.980,11","0,00",,2026-09-01,2025-12-16T18:14:28.151388
4505,2024,00273.01,sim,sim,"5.580.000,00","5.580.000,00","0,00","4.611.386,49","4.611.386,49","0,00",,2026-09-01,2025-12-16T18:14:28.151388
4506,2024,00274.01,sim,sim,"495.000,00","495.000,00","0,00","243.391,87","243.391,87","0,00",,2026-09-01,2025-12-16T18:14:28.151388
4507,2024,00275.01,sim,sim,"0,00","0,00","0,00","0,00","0,00","0,00",,2026-09-01,2025-12-16T18:14:28.151388
4508,2024,00276.01,sim,sim,"0,00","0,00","0,00","0,00","0,00","0,00",,2026-09-01,2025-12-16T18:14:28.151388
4509,2024,00277.01,sim,sim,"440.000,00","440.000,00","0,00","437.987,50","437.987,50","0,00",,2026-09-01,2025-12-16T18:14:28.151388
4510,2024,00278.01,sim,sim,"36.420,00","36.420,00","0,00","36.396,00","36.396,00","0,00",,2026-09-01,2025-12-16T18:14:28.151388
4511,2024,00279.01,sim,sim,"0,00","0,00","0,00","0,00","0,00","0,00",,2026-09-01,2025-12-16T18:14:28.151388
4512,2024,00280.01,sim,sim,"500.000,00","500.000,00","0,00","500.000,00","500.000,00","0,00",,2026-09-01,2025-12-16T18:14:28.151388
4513,2024,00481.01,sim,sim,"2.493.301,00","2.493.301,00","0,00","1.889.564,44","1.889.564,44","0,00",,2026-09-01,2025-12-16T18:14:28.151388
4514,2024,00482.01,sim,sim,"11.287.490,00","11.287.490,00","0,00","11.146.500,00","11.146.500,00","0,00",,2026-09-01,2025-12-16T18:14:28.151388
4515,2024,00483.01,sim,sim,"855.625,00","1.241.250,00","385.625,00","470.000,00","470.000,00","0,00",,2026-09-01,2025-12-16T18:14:28.151388
4516,2024,00484.01,sim,sim,"0,00","0,00","0,00","0,00","0,00","0,00",,2026-09-01,2025-12-16T18:14:28.151388
4517,2024,00486.01,sim,sim,"170.000,00","340.000,00","170.000,00","94.930,92","189.861,84","94.930,92",,2026-09-01,2025-12-16T18:14:28.151388
4518,2024,00487.01,sim,sim,"0,00","0,00","0,00","0,00","0,00","0,00",,2026-09-01,2025-12-16T18:14:28.151388
4519,2024,00488.01,sim,sim,"0,00","0,00","0,00","0,00","0,00","0,00",,2026-09-01,2025-12-16T18:14:28.151388
4520,2024,00489.01,sim,sim,"0,00","0,00","0,00","0,00","0,00","0,00",,2026-09-01,2025-12-16T18:14:28.151388
4521,2024,00490.01,sim,sim,"0,00","0,00","0,00","0,00","0,00","0,00",,2026-09-01,2025-12-16T18:14:28.151388
4522,2024,00491.01,sim,sim,"0,00","0,00","0,00","0,00","0,00","0,00",,2026-09-01,2025-12-16T18:14:28.151388
4523,2024,00492.01,sim,sim,"400.000,00","800.000,00","400.000,00","400.000,00","800.000,00","400.000,00",,2026-09-01,2025-12-16T18:14:28.151388
4524,2024,00493.01,sim,sim,"0,00","0,00","0,00","0,00","0,00","0,00",,2026-09-01,2025-12-16T18:14:28.151388
4525,2024,00494.01,sim,sim,"850.000,00","850.000,00","0,00","491.654,39","491.654,39","0,00",,2026-09-01,2025-12-16T18:14:28.151388
4526,2024,00495.01,sim,sim,"50.000,00","50.000,00","0,00","24.088,50","24.088,50","0,00",,2026-09-01,2025-12-16T18:14:28.151388
4527,2024,00496.01,sim,sim,"300.000,00","300.000,00","0,00","291.575,00","291.575,00","0,00",,2026-09-01,2025-12-16T18:14:28.151388
4528,2024,00497.01,sim,sim,"70.000,00","70.000,00","0,00","51.424,03","51.424,03","0,00",,2026-09-01,2025-12-16T18:14:28.151388
4529,2024,00498.01,sim,sim,"0,00","0,00","0,00","0,00","0,00","0,00",,2026-09-01,2025-12-16T18:14:28.151388
4530,2024,00501.01,sim,sim,"0,00","0,00","0,00","0,00","0,00","0,00",,2026-09-01,2025-12-16T18:14:28.151388
4531,2024,00502.01,sim,sim,"0,00","0,00","0,00","0,00","0,00","0,00",,2026-09-01,2025-12-16T18:14:28.151388
4532,2024,00282.01,sim,sim,"5.620.000,00","5.620.000,00","0,00","4.719.291,41","4.719.291,41","0,00",,2026-09-01,2025-12-16T18:14:28.151388
4533,2024,00283.01,sim,sim,"6.590.000,00","6.590.000,00","0,00","6.577.667,37","6.577.667,37","0,00",,2026-09-01,2025-12-16T18:14:28.151388
4534,2024,00284.01,sim,sim,"1.450.000,00","1.450.000,00","0,00","1.449.558,02","1.449.558,02","0,00",,2026-09-01,2025-12-16T18:14:28.151388
4535,2024,00285.01,sim,sim,"4.200.000,00","4.200.000,00","0,00","4.199.829,49","4.199.829,49","0,00",,2026-09-01,2025-12-16T18:14:28.151388
4536,2024,00286.01,sim,sim,"3.750.000,00","7.500.000,00","3.750.000,00","3.750.000,00","7.500.000,00","3.750.000,00",,2026-09-01,2025-12-16T18:14:28.151388
4537,2024,00287.01,sim,sim,"650.000,00","1.300.000,00","650.000,00","650.000,00","1.300.000,00","650.000,00",,2026-09-01,2025-12-16T18:14:28.151388
4538,2024,00288.01,sim,sim,"0,00","0,00","0,00","0,00","0,00","0,00",,2026-09-01,2025-12-16T18:14:28.151388
4539,2024,00289.01,sim,sim,"1.750.000,00","1.750.000,00","0,00","1.517.231,80","1.517.231,80","0,00",,2026-09-01,2025-12-16T18:14:28.151388
4540,2024,00290.01,sim,sim,"250.000,00","500.000,00","250.000,00","249.742,35","499.484,70","249.742,35",,2026-09-01,2025-12-16T18:14:28.151388
4541,2024,00291.01,sim,sim,"0,00","0,00","0,00","0,00","0,00","0,00",,2026-09-01,2025-12-16T18:14:28.151388
4542,2024,00292.01,sim,sim,"0,00","0,00","0,00","0,00","0,00","0,00",,2026-09-01,2025-12-16T18:14:28.151388
4543,2024,00293.01,sim,sim,"300.000,00","300.000,00","0,00","266.087,09","266.087,09","0,00",,2026-09-01,2025-12-16T18:14:28.151388
4544,2024,00294.01,sim,sim,"500.000,00","500.000,00","0,00","500.000,00","500.000,00","0,00",,2026-09-01,2025-12-16T18:14:28.151388
4545,2024,00295.01,sim,sim,"200.000,00","200.000,00","0,00","73.627,00","73.627,00","0,00",,2026-09-01,2025-12-16T18:14:28.151388
4546,2024,00296.01,sim,sim,"0,00","0,00","0,00","0,00","0,00","0,00",,2026-09-01,2025-12-16T18:14:28.151388
4547,2024,00297.01,sim,sim,"0,00","0,00","0,00","0,00","0,00","0,00",,2026-09-01,2025-12-16T18:14:28.151388
4548,2024,00298.01,sim,sim,"0,00","0,00","0,00","0,00","0,00","0,00",,2026-09-01,2025-12-16T18:14:28.151388
4549,2024,00299.01,sim,sim,"0,00","0,00","0,00","0,00","0,00","0,00",,2026-09-01,2025-12-16T18:14:28.151388
4550,2024,00300.01,sim,sim,"0,00","0,00","0,00","0,00","0,00","0,00",,2026-09-01,2025-12-16T18:14:28.151388
4551,2024,00301.01,sim,sim,"0,00","0,00","0,00","0,00","0,00","0,00",,2026-09-01,2025-12-16T18:14:28.151388
4552,2024,00302.01,sim,sim,"0,00","0,00","0,00","0,00","0,00","0,00",,2026-09-01,2025-12-16T18:14:28.151388
4553,2024,00319.01,sim,sim,"7.317.647,00","7.317.647,00","0,00","6.657.588,65","6.657.588,65","0,00",,2026-09-01,2025-12-16T18:14:28.151388
4554,2024,00320.01,sim,sim,"4.985.000,00","9.970.000,00","4.985.000,00","4.826.795,00","9.653.590,00","4.826.795,00",,2026-09-01,2025-12-16T18:14:28.151388
4555,2024,00321.01,sim,sim,"1.427.047,00","1.427.047,00","0,00","1.427.046,59","1.427.046,59","0,00",,2026-09-01,2025-12-16T18:14:28.151388
4556,2024,00322.01,sim,sim,"2.728.881,00","2.728.881,00","0,00","2.728.880,82","2.728.880,82","0,00",,2026-09-01,2025-12-16T18:14:28.151388
4557,2024,00323.01,sim,sim,"0,00","0,00","0,00","0,00","0,00","0,00",,2026-09-01,2025-12-16T18:14:28.151388
4558,2024,00324.01,sim,sim,"0,00","0,00","0,00","0,00","0,00","0,00",,2026-09-01,2025-12-16T18:14:28.151388
4559,2024,00325.01,sim,sim,"200.000,00","200.000,00","0,00","200.000,00","200.000,00","0,00",,2026-09-01,2025-12-16T18:14:28.151388
4560,2024,00326.01,sim,sim,"20.000,00","40.000,00","20.000,00","0,00","0,00","0,00",,2026-09-01,2025-12-16T18:14:28.151388
4561,2024,00327.01,sim,sim,"0,00","0,00","0,00","0,00","0,00","0,00",,2026-09-01,2025-12-16T18:14:28.151388
4562,2024,00329.01,sim,sim,"250.000,00","500.000,00","250.000,00","250.000,00","500.000,00","250.000,00",,2026-09-01,2025-12-16T18:14:28.151388
4563,2024,00330.01,sim,sim,"0,00","0,00","0,00","0,00","0,00","0,00",,2026-09-01,2025-12-16T18:14:28.151388
4564,2024,00331.01,sim,sim,"0,00","0,00","0,00","0,00","0,00","0,00",,2026-09-01,2025-12-16T18:14:28.151388
4565,2024,00332.01,sim,sim,"0,00","0,00","0,00","0,00","0,00","0,00",,2026-09-01,2025-12-16T18:14:28.151388
4566,2024,00333.01,sim,sim,"930.000,00","930.000,00","0,00","929.316,11","929.316,11","0,00",,2026-09-01,2025-12-16T18:14:28.151388
4567,2024,00334.01,sim,sim,"300.000,00","300.000,00","0,00","299.834,26","299.834,26","0,00",,2026-09-01,2025-12-16T18:14:28.151388
4568,2024,00335.01,sim,sim,"4.500.000,00","4.500.000,00","0,00","4.499.999,20","4.499.999,20","0,00",,2026-09-01,2025-12-16T18:14:28.151388
4569,2024,00337.01,sim,sim,"6.145.000,00","6.145.000,00","0,00","4.844.989,46","4.844.989,46","0,00",,2026-09-01,2025-12-16T18:14:28.151388
4570,2024,00338.01,sim,sim,"0,00","0,00","0,00","0,00","0,00","0,00",,2026-09-01,2025-12-16T18:14:28.151388
4571,2024,00339.01,sim,sim,"3.920.000,00","3.920.000,00","0,00","3.862.498,10","3.862.498,10","0,00",,2026-09-01,2025-12-16T18:14:28.151388
4572,2024,00340.01,sim,sim,"2.255.000,00","2.255.000,00","0,00","2.254.999,60","2.254.999,60","0,00",,2026-09-01,2025-12-16T18:14:28.151388
4573,2024,00342.01,sim,sim,"7.981.100,00","7.981.100,00","0,00","7.981.016,22","7.981.016,22","0,00",,2026-09-01,2025-12-16T18:14:28.151388
4574,2024,00343.01,sim,sim,"0,00","0,00","0,00","0,00","0,00","0,00",,2026-09-01,2025-12-16T18:14:28.151388
4575,2024,00344.01,sim,sim,"0,00","0,00","0,00","0,00","0,00","0,00",,2026-09-01,2025-12-16T18:14:28.151388
4576,2024,00345.01,sim,sim,"2.353.375,00","2.353.375,00","0,00","2.257.198,02","2.257.198,02","0,00",,2026-09-01,2025-12-16T18:14:28.151388
4577,2024,00346.01,sim,sim,"0,00","0,00","0,00","0,00","0,00","0,00",,2026-09-01,2025-12-16T18:14:28.151388
4578,2024,00347.01,sim,sim,"0,00","0,00","0,00","0,00","0,00","0,00",,2026-09-01,2025-12-16T18:14:28.151388
4579,2024,00348.01,sim,sim,"59.000,00","59.000,00","0,00","34.500,00","34.500,00","0,00",,2026-09-01,2025-12-16T18:14:28.151388
4580,2024,00349.01,sim,sim,"0,00","0,00","0,00","0,00","0,00","0,00",,2026-09-01,2025-12-16T18:14:28.151388
4581,2024,00350.01,sim,sim,"0,00","0,00","0,00","0,00","0,00","0,00",,2026-09-01,2025-12-16T18:14:28.151388
4582,2024,00351.01,sim,sim,"0,00","0,00","0,00","0,00","0,00","0,00",,2026-09-01,2025-12-16T18:14:28.151388
4583,2024,00352.01,sim,sim,"598.000,00","598.000,00","0,00","0,00","0,00","0,00",,2026-09-01,2025-12-16T18:14:28.151388
4584,2024,00353.01,sim,sim,"0,00","0,00","0,00","0,00","0,00","0,00",,2026-09-01,2025-12-16T18:14:28.151388
4585,2024,00354.01,sim,sim,"0,00","0,00","0,00","0,00","0,00","0,00",,2026-09-01,2025-12-16T18:14:28.151388
4586,2024,00355.01,sim,sim,"0,00","0,00","0,00","0,00","0,00","0,00",,2026-09-01,2025-12-16T18:14:28.151388
4587,2024,00356.01,sim,sim,"0,00","0,00","0,00","0,00","0,00","0,00",,2026-09-01,2025-12-16T18:14:28.151388
4588,2024,00357.01,sim,sim,"0,00","0,00","0,00","0,00","0,00","0,00",,2026-09-01,2025-12-16T18:14:28.151388
4589,2024,00358.01,sim,sim,"0,00","0,00","0,00","0,00","0,00","0,00",,2026-09-01,2025-12-16T18:14:28.151388
4590,2024,00359.01,sim,sim,"0,00","0,00","0,00","0,00","0,00","0,00",,2026-09-01,2025-12-16T18:14:28.151388
4591,2024,00360.01,sim,sim,"0,00","0,00","0,00","0,00","0,00","0,00",,2026-09-01,2025-12-16T18:14:28.151388
4592,2024,00361.01,sim,sim,"800.000,00","1.600.000,00","800.000,00","300.000,00","600.000,00","300.000,00",,2026-09-01,2025-12-16T18:14:28.151388
4593,2024,00362.01,sim,sim,"0,00","0,00","0,00","0,00","0,00","0,00",,2026-09-01,2025-12-16T18:14:28.151388
4594,2024,00363.01,sim,sim,"0,00","0,00","0,00","0,00","0,00","0,00",,2026-09-01,2025-12-16T18:14:28.151388
4595,2024,00364.01,sim,sim,"0,00","0,00","0,00","0,00","0,00","0,00",,2026-09-01,2025-12-16T18:14:28.151388
4596,2024,00365.01,sim,sim,"0,00","0,00","0,00","0,00","0,00","0,00",,2026-09-01,2025-12-16T18:14:28.151388
4597,2024,00456.01,sim,sim,"8.930.000,00","8.930.000,00","0,00","8.727.500,00","8.727.500,00","0,00",,2026-09-01,2025-12-16T18:14:28.151388
4598,2024,00458.01,sim,sim,"0,00","0,00","0,00","0,00","0,00","0,00",,2026-09-01,2025-12-16T18:14:28.151388
4599,2024,00459.01,sim,sim,"1.870.000,00","1.870.000,00","0,00","1.549.993,68","1.549.993,68","0,00",,2026-09-01,2025-12-16T18:14:28.151388
4600,2024,00460.01,sim,sim,"300.000,00","300.000,00","0,00","300.000,00","300.000,00","0,00",,2026-09-01,2025-12-16T18:14:28.151388
4601,2024,00461.01,sim,sim,"250.000,00","250.000,00","0,00","250.000,00","250.000,00","0,00",,2026-09-01,2025-12-16T18:14:28.151388
4602,2024,00462.01,sim,sim,"0,00","0,00","0,00","0,00","0,00","0,00",,2026-09-01,2025-12-16T18:14:28.151388
4603,2024,00463.01,sim,sim,"2.000.000,00","4.000.000,00","2.000.000,00","2.000.000,00","4.000.000,00","2.000.000,00",,2026-09-01,2025-12-16T18:14:28.151388
4604,2024,00464.01,sim,sim,"1.100.000,00","2.200.000,00","1.100.000,00","1.100.000,00","2.200.000,00","1.100.000,00",,2026-09-01,2025-12-16T18:14:28.151388
4605,2024,00465.01,sim,sim,"120.000,00","120.000,00","0,00","120.000,00","120.000,00","0,00",,2026-09-01,2025-12-16T18:14:28.151388
4606,2024,00467.01,sim,sim,"80.000,00","80.000,00","0,00","79.282,45","79.282,45","0,00",,2026-09-01,2025-12-16T18:14:28.151388
4607,2024,00468.01,sim,sim,"100.000,00","100.000,00","0,00","100.000,00","100.000,00","0,00",,2026-09-01,2025-12-16T18:14:28.151388
4608,2024,00469.01,sim,sim,"20.094,00","20.094,00","0,00","9.841,00","9.841,00","0,00",,2026-09-01,2025-12-16T18:14:28.151388
4609,2024,00470.01,sim,sim,"0,00","0,00","0,00","0,00","0,00","0,00",,2026-09-01,2025-12-16T18:14:28.151388
4610,2024,00471.01,sim,sim,"700.000,00","700.000,00","0,00","700.000,00","700.000,00","0,00",,2026-09-01,2025-12-16T18:14:28.151388
4611,2024,00472.01,sim,sim,"0,00","0,00","0,00","0,00","0,00","0,00",,2026-09-01,2025-12-16T18:14:28.151388
4612,2024,00473.01,sim,sim,"0,00","0,00","0,00","0,00","0,00","0,00",,2026-09-01,2025-12-16T18:14:28.151388
4613,2024,00474.01,sim,sim,"1.085.000,00","2.170.000,00","1.085.000,00","1.083.725,57","2.167.451,14","1.083.725,57",,2026-09-01,2025-12-16T18:14:28.151388
4614,2024,00475.01,sim,sim,"800.000,00","1.600.000,00","800.000,00","799.984,46","1.599.968,92","799.984,46",,2026-09-01,2025-12-16T18:14:28.151388
4615,2024,00477.01,sim,sim,"400.000,00","400.000,00","0,00","391.950,00","391.950,00","0,00",,2026-09-01,2025-12-16T18:14:28.151388
4616,2024,00478.01,sim,sim,"300.000,00","300.000,00","0,00","300.000,00","300.000,00","0,00",,2026-09-01,2025-12-16T18:14:28.151388
4617,2024,00479.01,sim,sim,"200.000,00","200.000,00","0,00","200.000,00","200.000,00","0,00",,2026-09-01,2025-12-16T18:14:28.151388
4618,2024,00480.01,sim,sim,"0,00","0,00","0,00","0,00","0,00","0,00",,2026-09-01,2025-12-16T18:14:28.151388
4619,2024,00367.01,sim,sim,"250.000,00","250.000,00","0,00","250.000,00","250.000,00","0,00",,2026-09-01,2025-12-16T18:14:28.151388
4620,2024,00368.01,sim,sim,"6.645.000,00","6.645.000,00","0,00","6.620.000,00","6.620.000,00","0,00",,2026-09-01,2025-12-16T18:14:28.151388
4621,2024,00369.01,sim,sim,"1.500.000,00","1.500.000,00","0,00","1.268.006,74","1.268.006,74","0,00",,2026-09-01,2025-12-16T18:14:28.151388
4622,2024,00370.01,sim,sim,"2.500.000,00","2.500.000,00","0,00","2.500.000,00","2.500.000,00","0,00",,2026-09-01,2025-12-16T18:14:28.151388
4623,2024,00371.01,sim,sim,"1.500.000,00","1.500.000,00","0,00","1.411.365,73","1.411.365,73","0,00",,2026-09-01,2025-12-16T18:14:28.151388
4624,2024,00372.01,sim,sim,"0,00","0,00","0,00","0,00","0,00","0,00",,2026-09-01,2025-12-16T18:14:28.151388
4625,2024,00373.01,sim,sim,"0,00","0,00","0,00","0,00","0,00","0,00",,2026-09-01,2025-12-16T18:14:28.151388
4626,2024,00374.01,sim,sim,"0,00","0,00","0,00","0,00","0,00","0,00",,2026-09-01,2025-12-16T18:14:28.151388
4627,2024,00417.01,sim,sim,"200.000,00","200.000,00","0,00","0,00","0,00","0,00",,2026-09-01,2025-12-16T18:14:28.151388
4628,2024,00415.01,sim,sim,"100.000,00","100.000,00","0,00","0,00","0,00","0,00",,2026-09-01,2025-12-16T18:14:28.151388
4629,2024,00416.01,sim,sim,"0,00","0,00","0,00","0,00","0,00","0,00",,2026-09-01,2025-12-16T18:14:28.151388
4630,2024,00418.01,sim,sim,"0,00","0,00","0,00","0,00","0,00","0,00",,2026-09-01,2025-12-16T18:14:28.151388
4631,2024,00422.01,sim,sim,"0,00","0,00","0,00","0,00","0,00","0,00",,2026-09-01,2025-12-16T18:14:28.151388
4632,2024,00423.01,sim,sim,"0,00","0,00","0,00","0,00","0,00","0,00",,2026-09-01,2025-12-16T18:14:28.151388
4633,2024,00424.01,sim,sim,"300.000,00","300.000,00","0,00","300.000,00","300.000,00","0,00",,2026-09-01,2025-12-16T18:14:28.151388
4634,2024,00426.01,sim,sim,"300.000,00","300.000,00","0,00","0,00","0,00","0,00",,2026-09-01,2025-12-16T18:14:28.151388
4635,2024,00427.01,sim,sim,"500.000,00","500.000,00","0,00","500.000,00","500.000,00","0,00",,2026-09-01,2025-12-16T18:14:28.151388
4636,2024,00428.01,sim,sim,"0,00","0,00","0,00","0,00","0,00","0,00",,2026-09-01,2025-12-16T18:14:28.151388
4637,2024,00429.01,sim,sim,"0,00","0,00","0,00","0,00","0,00","0,00",,2026-09-01,2025-12-16T18:14:28.151388
4638,2024,00430.01,sim,sim,"0,00","0,00","0,00","0,00","0,00","0,00",,2026-09-01,2025-12-16T18:14:28.151388
4639,2024,00452.01,sim,sim,"0,00","0,00","0,00","0,00","0,00","0,00",,2026-09-01,2025-12-16T18:14:28.151388
4640,2024,00455.01,sim,sim,"350.000,00","350.000,00","0,00","341.429,76","341.429,76","0,00",,2026-09-01,2025-12-16T18:14:28.151388
4641,2024,00453.01,sim,sim,"0,00","0,00","0,00","0,00","0,00","0,00",,2026-09-01,2025-12-16T18:14:28.151388
4642,2024,00454.01,sim,sim,"0,00","0,00","0,00","0,00","0,00","0,00",,2026-09-01,2025-12-16T18:14:28.151388
4643,2024,00431.01,sim,sim,"0,00","0,00","0,00","0,00","0,00","0,00",,2026-09-01,2025-12-16T18:14:28.151388
4644,2024,00432.01,sim,sim,"0,00","0,00","0,00","0,00","0,00","0,00",,2026-09-01,2025-12-16T18:14:28.151388
4645,2024,00433.01,sim,sim,"0,00","0,00","0,00","0,00","0,00","0,00",,2026-09-01,2025-12-16T18:14:28.151388
4646,2024,00434.01,sim,sim,"3.022.828,00","3.022.828,00","0,00","2.872.828,00","2.872.828,00","0,00",,2026-09-01,2025-12-16T18:14:28.151388
4647,2024,00435.01,sim,sim,"2.600.000,00","2.600.000,00","0,00","2.600.000,00","2.600.000,00","0,00",,2026-09-01,2025-12-16T18:14:28.151388
4648,2024,00436.01,sim,sim,"3.150.000,00","3.150.000,00","0,00","3.047.723,50","3.047.723,50","0,00",,2026-09-01,2025-12-16T18:14:28.151388
4649,2024,00438.01,sim,sim,"0,00","0,00","0,00","0,00","0,00","0,00",,2026-09-01,2025-12-16T18:14:28.151388
4650,2024,00439.01,sim,sim,"2.442.706,00","2.442.706,00","0,00","2.042.705,78","2.042.705,78","0,00",,2026-09-01,2025-12-16T18:14:28.151388
4651,2024,00441.01,sim,sim,"873.302,00","873.302,00","0,00","862.561,75","862.561,75","0,00",,2026-09-01,2025-12-16T18:14:28.151388
4652,2024,00442.01,sim,sim,"0,00","0,00","0,00","0,00","0,00","0,00",,2026-09-01,2025-12-16T18:14:28.151388
4653,2024,00443.01,sim,sim,"0,00","0,00","0,00","0,00","0,00","0,00",,2026-09-01,2025-12-16T18:14:28.151388
4654,2024,00444.01,sim,sim,"0,00","0,00","0,00","0,00","0,00","0,00",,2026-09-01,2025-12-16T18:14:28.151388
4655,2024,00445.01,sim,sim,"0,00","0,00","0,00","0,00","0,00","0,00",,2026-09-01,2025-12-16T18:14:28.151388
4656,2024,00446.01,sim,sim,"700.000,00","700.000,00","0,00","699.999,99","699.999,99","0,00",,2026-09-01,2025-12-16T18:14:28.151388
4657,2024,00448.01,sim,sim,"500.000,00","500.000,00","0,00","376.639,84","376.639,84","0,00",,2026-09-01,2025-12-16T18:14:28.151388
4658,2024,00449.01,sim,sim,"500.000,00","500.000,00","0,00","500.000,00","500.000,00","0,00",,2026-09-01,2025-12-16T18:14:28.151388
4659,2024,00450.01,sim,sim,"593.598,00","593.598,00","0,00","593.598,00","593.598,00","0,00",,2026-09-01,2025-12-16T18:14:28.151388
4660,2024,00413.01,sim,sim,"350.000,00","350.000,00","0,00","93.766,74","93.766,74","0,00",,2026-09-01,2025-12-16T18:14:28.151388
4661,2024,00411.01,sim,sim,"500.000,00","500.000,00","0,00","500.000,00","500.000,00","0,00",,2026-09-01,2025-12-16T18:14:28.151388
4662,2024,00407.01,sim,sim,"3.500.000,00","3.500.000,00","0,00","3.375.394,05","3.375.394,05","0,00",,2026-09-01,2025-12-16T18:14:28.151388
4663,2024,00404.01,sim,sim,"1.935.000,00","1.935.000,00","0,00","1.935.000,00","1.935.000,00","0,00",,2026-09-01,2025-12-16T18:14:28.151388
4664,2024,00403.01,sim,sim,"0,00","0,00","0,00","0,00","0,00","0,00",,2026-09-01,2025-12-16T18:14:28.151388
4665,2024,00400.01,sim,sim,"128.411,00","128.411,00","0,00","128.410,36","128.410,36","0,00",,2026-09-01,2025-12-16T18:14:28.151388
4666,2024,00399.01,sim,sim,"2.000.000,00","2.000.000,00","0,00","0,00","0,00","0,00",,2026-09-01,2025-12-16T18:14:28.151388
4667,2024,00398.01,sim,sim,"0,00","0,00","0,00","0,00","0,00","0,00",,2026-09-01,2025-12-16T18:14:28.151388
4668,2024,00397.01,sim,sim,"0,00","0,00","0,00","0,00","0,00","0,00",,2026-09-01,2025-12-16T18:14:28.151388
4669,2024,00396.01,sim,sim,"0,00","0,00","0,00","0,00","0,00","0,00",,2026-09-01,2025-12-16T18:14:28.151388
4670,2024,00395.01,sim,sim,"4.060.000,00","4.860.000,00","800.000,00","3.119.871,09","3.919.795,25","799.924,16",,2026-09-01,2025-12-16T18:14:28.151388
4671,2024,00392.01,sim,sim,"0,00","0,00","0,00","0,00","0,00","0,00",,2026-09-01,2025-12-16T18:14:28.151388
4672,2024,00391.01,sim,sim,"2.500.000,00","2.500.000,00","0,00","2.500.000,00","2.500.000,00","0,00",,2026-09-01,2025-12-16T18:14:28.151388
4673,2024,00388.01,sim,sim,"255.000,00","255.000,00","0,00","254.800,00","254.800,00","0,00",,2026-09-01,2025-12-16T18:14:28.151388
4674,2024,00387.01,sim,sim,"0,00","0,00","0,00","0,00","0,00","0,00",,2026-09-01,2025-12-16T18:14:28.151388
4675,2024,00385.01,sim,sim,"1.115.000,00","1.215.000,00","100.000,00","1.115.000,00","1.215.000,00","100.000,00",,2026-09-01,2025-12-16T18:14:28.151388
4676,2024,00383.01,sim,sim,"0,00","0,00","0,00","0,00","0,00","0,00",,2026-09-01,2025-12-16T18:14:28.151388
4677,2024,00384.01,sim,sim,"0,00","0,00","0,00","0,00","0,00","0,00",,2026-09-01,2025-12-16T18:14:28.151388
4678,2024,00381.01,sim,sim,"200.000,00","200.000,00","0,00","200.000,00","200.000,00","0,00",,2026-09-01,2025-12-16T18:14:28.151388
4679,2024,00380.01,sim,sim,"0,00","0,00","0,00","0,00","0,00","0,00",,2026-09-01,2025-12-16T18:14:28.151388
4680,2024,00379.01,sim,sim,"165.000,00","165.000,00","0,00","107.514,00","107.514,00","0,00",,2026-09-01,2025-12-16T18:14:28.151388
4681,2024,00378.01,sim,sim,"300.000,00","300.000,00","0,00","300.000,00","300.000,00","0,00",,2026-09-01,2025-12-16T18:14:28.151388
4682,2024,00377.01,sim,sim,"100.000,00","100.000,00","0,00","0,00","0,00","0,00",,2026-09-01,2025-12-16T18:14:28.151388
4683,2024,00376.01,sim,sim,"200.000,00","400.000,00","200.000,00","200.000,00","400.000,00","200.000,00",,2026-09-01,2025-12-16T18:14:28.151388
4684,2024,00513.01,sim,sim,"0,00","0,00","0,00","0,00","0,00","0,00",,2026-09-01,2025-12-16T18:14:28.151388
4685,2024,00514.01,sim,sim,"0,00","0,00","0,00","0,00","0,00","0,00",,2026-09-01,2025-12-16T18:14:28.151388
4686,2024,00515.01,sim,sim,"0,00","0,00","0,00","0,00","0,00","0,00",,2026-09-01,2025-12-16T18:14:28.151388
4687,2024,00516.01,sim,sim,"0,00","0,00","0,00","0,00","0,00","0,00",,2026-09-01,2025-12-16T18:14:28.151388
4688,2024,00517.01,sim,sim,"0,00","0,00","0,00","0,00","0,00","0,00",,2026-09-01,2025-12-16T18:14:28.151388
4689,2024,00518.01,sim,sim,"0,00","0,00","0,00","0,00","0,00","0,00",,2026-09-01,2025-12-16T18:14:28.151388
4690,2024,00519.01,sim,sim,"46.500,00","46.500,00","0,00","46.403,00","46.403,00","0,00",,2026-09-01,2025-12-16T18:14:28.151388
4691,2024,00520.01,sim,sim,"500.000,00","500.000,00","0,00","500.000,00","500.000,00","0,00",,2026-09-01,2025-12-16T18:14:28.151388
4692,2024,00521.01,sim,sim,"0,00","0,00","0,00","0,00","0,00","0,00",,2026-09-01,2025-12-16T18:14:28.151388
4693,2024,00522.01,sim,sim,"0,00","0,00","0,00","0,00","0,00","0,00",,2026-09-01,2025-12-16T18:14:28.151388
4694,2024,00523.01,sim,sim,"500.000,00","500.000,00","0,00","500.000,00","500.000,00","0,00",,2026-09-01,2025-12-16T18:14:28.151388
4695,2024,00524.01,sim,sim,"0,00","0,00","0,00","0,00","0,00","0,00",,2026-09-01,2025-12-16T18:14:28.151388
4696,2024,00525.01,sim,sim,"0,00","0,00","0,00","0,00","0,00","0,00",,2026-09-01,2025-12-16T18:14:28.151388
4697,2024,00526.01,sim,sim,"0,00","0,00","0,00","0,00","0,00","0,00",,2026-09-01,2025-12-16T18:14:28.151388
4698,2024,00530.01,sim,sim,"0,00","0,00","0,00","0,00","0,00","0,00",,2026-09-01,2025-12-16T18:14:28.151388
4699,2024,00527.01,sim,sim,"800.000,00","1.600.000,00","800.000,00","800.000,00","1.600.000,00","800.000,00",,2026-09-01,2025-12-16T18:14:28.151388
4700,2024,00528.01,sim,sim,"2.150.000,00","4.300.000,00","2.150.000,00","2.133.510,29","4.267.020,58","2.133.510,29",,2026-09-01,2025-12-16T18:14:28.151388
4701,2024,00529.01,sim,sim,"1.200.000,00","1.200.000,00","0,00","1.199.950,32","1.199.950,32","0,00",,2026-09-01,2025-12-16T18:14:28.151388
4702,2024,00531.01,sim,sim,"900.000,00","900.000,00","0,00","881.671,16","881.671,16","0,00",,2026-09-01,2025-12-16T18:14:28.151388
4703,2024,00532.01,sim,sim,"500.000,00","500.000,00","0,00","500.000,00","500.000,00","0,00",,2026-09-01,2025-12-16T18:14:28.151388
4704,2024,00533.01,sim,sim,"1.050.000,00","1.050.000,00","0,00","987.557,13","987.557,13","0,00",,2026-09-01,2025-12-16T18:14:28.151388
4705,2024,00541.01,sim,sim,"1.500.000,00","3.000.000,00","1.500.000,00","1.499.704,84","2.999.409,68","1.499.704,84",,2026-09-01,2025-12-16T18:14:28.151388
4706,2024,00540.01,sim,sim,"2.756.500,00","2.756.500,00","0,00","2.716.500,00","2.716.500,00","0,00",,2026-09-01,2025-12-16T18:14:28.151388
4707,2024,00539.01,sim,sim,"450.000,00","450.000,00","0,00","396.537,14","396.537,14","0,00",,2026-09-01,2025-12-16T18:14:28.151388
4708,2024,00538.01,sim,sim,"648.000,00","648.000,00","0,00","647.955,38","647.955,38","0,00",,2026-09-01,2025-12-16T18:14:28.151388
4709,2024,00537.01,sim,sim,"0,00","0,00","0,00","0,00","0,00","0,00",,2026-09-01,2025-12-16T18:14:28.151388
4710,2024,00536.01,sim,sim,"279.000,00","279.000,00","0,00","278.929,10","278.929,10","0,00",,2026-09-01,2025-12-16T18:14:28.151388
4711,2024,00535.01,sim,sim,"250.000,00","250.000,00","0,00","250.000,00","250.000,00","0,00",,2026-09-01,2025-12-16T18:14:28.151388
4712,2024,00542.01,sim,sim,"3.000.000,00","3.000.000,00","0,00","3.000.000,00","3.000.000,00","0,00",,2026-09-01,2025-12-16T18:14:28.151388
4713,2024,00543.01,sim,sim,"0,00","0,00","0,00","0,00","0,00","0,00",,2026-09-01,2025-12-16T18:14:28.151388
4714,2024,00544.01,sim,sim,"591.327,00","591.327,00","0,00","591.327,00","591.327,00","0,00",,2026-09-01,2025-12-16T18:14:28.151388
4715,2024,00545.01,sim,sim,"0,00","0,00","0,00","0,00","0,00","0,00",,2026-09-01,2025-12-16T18:14:28.151388
4716,2024,00546.01,sim,sim,"4.250.000,00","4.250.000,00","0,00","4.247.193,07","4.247.193,07","0,00",,2026-09-01,2025-12-16T18:14:28.151388
4717,2024,00547.01,sim,sim,"2.180.245,00","2.180.245,00","0,00","2.180.137,91","2.180.137,91","0,00",,2026-09-01,2025-12-16T18:14:28.151388
4718,2024,00548.01,sim,sim,"2.025.822,00","2.025.822,00","0,00","2.025.821,55","2.025.821,55","0,00",,2026-09-01,2025-12-16T18:14:28.151388
4719,2024,00549.01,sim,sim,"500.000,00","500.000,00","0,00","437.437,68","437.437,68","0,00",,2026-09-01,2025-12-16T18:14:28.151388
4720,2024,00552.01,sim,sim,"0,00","0,00","0,00","0,00","0,00","0,00",,2026-09-01,2025-12-16T18:14:28.151388
4721,2024,00550.01,sim,sim,"0,00","0,00","0,00","0,00","0,00","0,00",,2026-09-01,2025-12-16T18:14:28.151388
4722,2024,00551.01,sim,sim,"0,00","0,00","0,00","0,00","0,00","0,00",,2026-09-01,2025-12-16T18:14:28.151388
4723,2024,00553.01,sim,sim,"0,00","0,00","0,00","0,00","0,00","0,00",,2026-09-01,2025-12-16T18:14:28.151388
4724,2024,00554.01,sim,sim,"700.000,00","700.000,00","0,00","349.124,80","349.124,80","0,00",,2026-09-01,2025-12-16T18:14:28.151388
4725,2024,00555.01,sim,sim,"0,00","0,00","0,00","0,00","0,00","0,00",,2026-09-01,2025-12-16T18:14:28.151388
4726,2024,00556.01,sim,sim,"350.000,00","350.000,00","0,00","349.999,28","349.999,28","0,00",,2026-09-01,2025-12-16T18:14:28.151388
4727,2024,00557.01,sim,sim,"0,00","0,00","0,00","0,00","0,00","0,00",,2026-09-01,2025-12-16T18:14:28.151388
4728,2024,00558.01,sim,sim,"0,00","0,00","0,00","0,00","0,00","0,00",,2026-09-01,2025-12-16T18:14:28.151388
4729,2024,00559.01,sim,sim,"300.000,00","300.000,00","0,00","281.782,61","281.782,61","0,00",,2026-09-01,2025-12-16T18:14:28.151388
4730,2024,00560.01,sim,sim,"200.000,00","200.000,00","0,00","200.000,00","200.000,00","0,00",,2026-09-01,2025-12-16T18:14:28.151388
4731,2024,00562.01,sim,sim,"700.000,00","700.000,00","0,00","523.644,25","523.644,25","0,00",,2026-09-01,2025-12-16T18:14:28.151388
4732,2024,00565.01,sim,sim,"0,00","0,00","0,00","0,00","0,00","0,00",,2026-09-01,2025-12-16T18:14:28.151388
4733,2024,00563.01,sim,sim,"500.000,00","500.000,00","0,00","499.495,04","499.495,04","0,00",,2026-09-01,2025-12-16T18:14:28.151388
4734,2024,00564.01,sim,sim,"0,00","0,00","0,00","0,00","0,00","0,00",,2026-09-01,2025-12-16T18:14:28.151388
4735,2024,00010.01,sim,sim,"0,00","0,00","0,00","0,00","0,00","0,00",,2026-09-01,2025-12-16T18:14:28.151388
4736,2024,00440.01,sim,sim,"0,00","0,00","0,00","0,00","0,00","0,00",,2026-09-01,2025-12-16T18:14:28.151388
4737,2024,00091.01,sim,sim,"0,00","0,00","0,00","0,00","0,00","0,00",,2026-09-01,2025-12-16T18:14:28.151388
4738,2024,00170.01,sim,sim,"840.000,00","1.680.000,00","840.000,00","840.000,00","1.680.000,00","840.000,00",,2026-09-01,2025-12-16T18:14:28.151388
4739,2024,00209.01,sim,sim,"0,00","0,00","0,00","0,00","0,00","0,00",,2026-09-01,2025-12-16T18:14:28.151388
4740,2024,00328.01,sim,sim,"0,00","0,00","0,00","0,00","0,00","0,00",,2026-09-01,2025-12-16T18:14:28.151388
4741,2024,00534.01,sim,sim,"2.800.000,00","2.800.000,00","0,00","2.799.576,58","2.799.576,58","0,00",,2026-09-01,2025-12-16T18:14:28.151388
4742,2024,00499.01,sim,sim,"400.000,00","400.000,00","0,00","0,00","0,00","0,00",,2026-09-01,2025-12-16T18:14:28.151388
4744,2024,00390.01,sim,sim,"0,00","0,00","0,00","0,00","0,00","0,00",,2026-09-01,2025-12-16T18:14:28.151388
4746,2024,00074.01,sim,sim,"0,00","0,00","0,00","0,00","0,00","0,00",,2026-09-01,2025-12-16T18:14:28.151388
4747,2024,00014.01,sim,sim,"0,00","0,00","0,00","0,00","0,00","0,00",,2026-09-01,2025-12-16T18:14:28.151388
4749,2024,00414.01,sim,sim,"1.518.000,00","1.518.000,00","0,00","1.217.979,52","1.217.979,52","0,00",,2026-09-01,2025-12-16T18:14:28.151388
4750,2024,00419.01,sim,sim,"0,00","0,00","0,00","0,00","0,00","0,00",,2026-09-01,2025-12-16T18:14:28.151388
4751,2024,00420.01,sim,sim,"0,00","0,00","0,00","0,00","0,00","0,00",,2026-09-01,2025-12-16T18:14:28.151388
4752,2024,00421.01,sim,sim,"0,00","0,00","0,00","0,00","0,00","0,00",,2026-09-01,2025-12-16T18:14:28.151388
4753,2024,00425.01,sim,sim,"0,00","0,00","0,00","0,00","0,00","0,00",,2026-09-01,2025-12-16T18:14:28.151388
4754,2024,00366.01,sim,sim,"6.832.400,00","6.832.400,00","0,00","5.513.643,10","5.513.643,10","0,00",,2026-09-01,2025-12-16T18:14:28.151388
4755,2024,00336.01,sim,sim,"0,00","0,00","0,00","0,00","0,00","0,00",,2026-09-01,2025-12-16T18:14:28.151388
4756,2024,00451.01,sim,sim,"4.048.870,00","4.048.870,00","0,00","4.048.868,53","4.048.868,53","0,00",,2026-09-01,2025-12-16T18:14:28.151388
4757,2024,00447.01,sim,sim,"685.887,00","685.887,00","0,00","685.886,38","685.886,38","0,00",,2026-09-01,2025-12-16T18:14:28.151388
4759,2024,00375.01,sim,sim,"0,00","0,00","0,00","0,00","0,00","0,00",,2026-09-01,2025-12-16T18:14:28.151388
4761,2024,00389.01,sim,sim,"0,00","0,00","0,00","0,00","0,00","0,00",,2026-09-01,2025-12-16T18:14:28.151388
4762,2024,00500.01,sim,sim,"0,00","0,00","0,00","0,00","0,00","0,00",,2026-09-01,2025-12-16T18:14:28.151388
4763,2024,00599.01,sim,sim,"0,00","0,00","0,00","0,00","0,00","0,00",,2026-09-01,2025-12-16T18:14:28.151388
4764,2024,00466.01,sim,não,"1.518.000,00",,,"299.994,96",,,declarada só no painel dentro do período que o portal cobre — o snapshot do portal (2025-12-16) é anterior à leitura do painel,2026-09-01,2025-12-16T18:14:28.151388
4777,2024,02001.01,sim,sim,"100.000,00","100.000,00","0,00","0,00","0,00","0,00",,2026-09-01,2025-12-16T18:14:28.151388
4778,2024,02004.01,sim,sim,"4.000.000,00","4.000.000,00","0,00","4.000.000,00","4.000.000,00","0,00",,2026-09-01,2025-12-16T18:14:28.151388
4779,2024,02005.01,sim,sim,"1.780.000,00","1.780.000,00","0,00","1.780.000,00","1.780.000,00","0,00",,2026-09-01,2025-12-16T18:14:28.151388
4780,2024,02007.01,sim,sim,"150.000,00","150.000,00","0,00","0,00","0,00","0,00",,2026-09-01,2025-12-16T18:14:28.151388
4781,2024,02014.01,sim,sim,"975.000,00","975.000,00","0,00","975.000,00","975.000,00","0,00",,2026-09-01,2025-12-16T18:14:28.151388
4782,2024,02015.01,sim,sim,"1.000.000,00","1.000.000,00","0,00","1.000.000,00","1.000.000,00","0,00",,2026-09-01,2025-12-16T18:14:28.151388
4783,2024,02017.01,sim,sim,"250.000,00","250.000,00","0,00","0,00","0,00","0,00",,2026-09-01,2025-12-16T18:14:28.151388
4784,2024,02018.01,sim,sim,"1.300.000,00","1.300.000,00","0,00","1.297.251,30","1.297.251,30","0,00",,2026-09-01,2025-12-16T18:14:28.151388
4785,2024,02020.01,sim,sim,"650.000,00","1.300.000,00","650.000,00","500.000,00","1.000.000,00","500.000,00",,2026-09-01,2025-12-16T18:14:28.151388
4786,2024,02022.01,sim,sim,"0,00","0,00","0,00","0,00","0,00","0,00",,2026-09-01,2025-12-16T18:14:28.151388
4787,2024,02023.01,sim,sim,"400.000,00","400.000,00","0,00","400.000,00","400.000,00","0,00",,2026-09-01,2025-12-16T18:14:28.151388
4788,2024,02025.01,sim,sim,"0,00","0,00","0,00","0,00","0,00","0,00",,2026-09-01,2025-12-16T18:14:28.151388
4789,2024,02027.01,sim,sim,"0,00","0,00","0,00","0,00","0,00","0,00",,2026-09-01,2025-12-16T18:14:28.151388
4790,2024,02028.01,sim,sim,"1.350.000,00","1.350.000,00","0,00","1.194.526,73","1.194.526,73","0,00",,2026-09-01,2025-12-16T18:14:28.151388
4791,2024,02029.01,sim,sim,"0,00","0,00","0,00","0,00","0,00","0,00",,2026-09-01,2025-12-16T18:14:28.151388
4792,2024,02031.01,sim,sim,"0,00","0,00","0,00","0,00","0,00","0,00",,2026-09-01,2025-12-16T18:14:28.151388
4793,2024,02035.01,sim,sim,"485.000,00","485.000,00","0,00","483.813,00","483.813,00","0,00",,2026-09-01,2025-12-16T18:14:28.151388
4794,2024,02036.01,sim,sim,"0,00","0,00","0,00","0,00","0,00","0,00",,2026-09-01,2025-12-16T18:14:28.151388
4795,2024,02038.01,sim,sim,"0,00","0,00","0,00","0,00","0,00","0,00",,2026-09-01,2025-12-16T18:14:28.151388
4796,2024,02039.01,sim,sim,"0,00","0,00","0,00","0,00","0,00","0,00",,2026-09-01,2025-12-16T18:14:28.151388
4797,2024,02040.01,sim,sim,"909.906,00","909.906,00","0,00","700.000,00","700.000,00","0,00",,2026-09-01,2025-12-16T18:14:28.151388
4798,2024,02041.01,sim,sim,"25.000,00","25.000,00","0,00","0,00","0,00","0,00",,2026-09-01,2025-12-16T18:14:28.151388
4799,2024,02046.01,sim,sim,"0,00","0,00","0,00","0,00","0,00","0,00",,2026-09-01,2025-12-16T18:14:28.151388
4800,2024,02047.01,sim,sim,"0,00","0,00","0,00","0,00","0,00","0,00",,2026-09-01,2025-12-16T18:14:28.151388
4801,2024,02048.01,sim,sim,"1.000.000,00","1.000.000,00","0,00","1.000.000,00","1.000.000,00","0,00",,2026-09-01,2025-12-16T18:14:28.151388
4802,2024,02049.01,sim,sim,"1.250.000,00","1.250.000,00","0,00","1.247.702,38","1.247.702,38","0,00",,2026-09-01,2025-12-16T18:14:28.151388
4803,2024,02050.01,sim,sim,"1.750.000,00","3.000.000,00","1.250.000,00","1.750.000,00","3.000.000,00","1.250.000,00",,2026-09-01,2025-12-16T18:14:28.151388
4804,2024,02051.01,sim,sim,"150.000,00","300.000,00","150.000,00","137.076,78","274.153,56","137.076,78",,2026-09-01,2025-12-16T18:14:28.151388
4805,2024,02052.01,sim,sim,"1.000.000,00","2.000.000,00","1.000.000,00","765.000,00","1.530.000,00","765.000,00",,2026-09-01,2025-12-16T18:14:28.151388
4806,2024,02053.01,sim,sim,"1.500.000,00","1.500.000,00","0,00","1.365.000,00","1.365.000,00","0,00",,2026-09-01,2025-12-16T18:14:28.151388
4807,2024,02054.01,sim,sim,"700.000,00","700.000,00","0,00","700.000,00","700.000,00","0,00",,2026-09-01,2025-12-16T18:14:28.151388
4808,2024,02055.01,sim,sim,"300.000,00","300.000,00","0,00","0,00","0,00","0,00",,2026-09-01,2025-12-16T18:14:28.151388
4809,2024,02056.01,sim,sim,"250.000,00","250.000,00","0,00","250.000,00","250.000,00","0,00",,2026-09-01,2025-12-16T18:14:28.151388
4810,2024,02057.01,sim,sim,"1.078.120,00","1.078.120,00","0,00","1.078.120,00","1.078.120,00","0,00",,2026-09-01,2025-12-16T18:14:28.151388
4811,2024,02058.01,sim,sim,"0,00","0,00","0,00","0,00","0,00","0,00",,2026-09-01,2025-12-16T18:14:28.151388
4812,2024,02060.01,sim,sim,"0,00","0,00","0,00","0,00","0,00","0,00",,2026-09-01,2025-12-16T18:14:28.151388
4813,2024,02062.01,sim,sim,"2.000.000,00","2.000.000,00","0,00","2.000.000,00","2.000.000,00","0,00",,2026-09-01,2025-12-16T18:14:28.151388
4814,2024,02065.01,sim,sim,"0,00","0,00","0,00","0,00","0,00","0,00",,2026-09-01,2025-12-16T18:14:28.151388
4815,2024,02065.02,sim,sim,"0,00","0,00","0,00","0,00","0,00","0,00",,2026-09-01,2025-12-16T18:14:28.151388
4816,2024,02066.01,sim,sim,"610.000,00","610.000,00","0,00","610.000,00","610.000,00","0,00",,2026-09-01,2025-12-16T18:14:28.151388
4817,2024,02068.01,sim,sim,"1.400.000,00","1.400.000,00","0,00","1.400.000,00","1.400.000,00","0,00",,2026-09-01,2025-12-16T18:14:28.151388
4818,2024,02069.01,sim,sim,"400.000,00","400.000,00","0,00","0,00","0,00","0,00",,2026-09-01,2025-12-16T18:14:28.151388
4819,2024,02070.01,sim,sim,"150.000,00","150.000,00","0,00","150.000,00","150.000,00","0,00",,2026-09-01,2025-12-16T18:14:28.151388
4820,2024,02071.01,sim,sim,"322.542,00","322.542,00","0,00","268.785,00","268.785,00","0,00",,2026-09-01,2025-12-16T18:14:28.151388
4821,2024,02072.01,sim,sim,"0,00","0,00","0,00","0,00","0,00","0,00",,2026-09-01,2025-12-16T18:14:28.151388
4822,2024,02074.01,sim,sim,"505.000,00","505.000,00","0,00","0,00","0,00","0,00",,2026-09-01,2025-12-16T18:14:28.151388
4823,2024,02076.01,sim,sim,"385.625,00","385.625,00","0,00","0,00","0,00","0,00",,2026-09-01,2025-12-16T18:14:28.151388
4824,2024,02078.01,sim,sim,"396.000,00","396.000,00","0,00","395.028,00","395.028,00","0,00",,2026-09-01,2025-12-16T18:14:28.151388
4825,2024,02081.01,sim,sim,"0,00","0,00","0,00","0,00","0,00","0,00",,2026-09-01,2025-12-16T18:14:28.151388
4826,2024,02082.01,sim,sim,"150.000,00","150.000,00","0,00","150.000,00","150.000,00","0,00",,2026-09-01,2025-12-16T18:14:28.151388
4827,2024,02083.01,sim,sim,"829.812,00","829.812,00","0,00","829.811,65","829.811,65","0,00",,2026-09-01,2025-12-16T18:14:28.151388
4828,2024,02084.01,sim,sim,"0,00","0,00","0,00","0,00","0,00","0,00",,2026-09-01,2025-12-16T18:14:28.151388
4829,2024,02085.01,sim,sim,"200.000,00","200.000,00","0,00","200.000,00","200.000,00","0,00",,2026-09-01,2025-12-16T18:14:28.151388
4830,2024,02086.01,sim,sim,"18.600,00","18.600,00","0,00","0,00","0,00","0,00",,2026-09-01,2025-12-16T18:14:28.151388
4831,2024,02087.01,sim,sim,"1.000.000,00","1.000.000,00","0,00","1.000.000,00","1.000.000,00","0,00",,2026-09-01,2025-12-16T18:14:28.151388
4832,2024,02089.01,sim,sim,"0,00","0,00","0,00","0,00","0,00","0,00",,2026-09-01,2025-12-16T18:14:28.151388
4833,2024,02092.01,sim,sim,"0,00","0,00","0,00","0,00","0,00","0,00",,2026-09-01,2025-12-16T18:14:28.151388
4834,2024,02093.01,sim,sim,"0,00","0,00","0,00","0,00","0,00","0,00",,2026-09-01,2025-12-16T18:14:28.151388
4835,2024,02094.01,sim,sim,"0,00","0,00","0,00","0,00","0,00","0,00",,2026-09-01,2025-12-16T18:14:28.151388
4836,2024,02095.01,sim,sim,"200.000,00","200.000,00","0,00","200.000,00","200.000,00","0,00",,2026-09-01,2025-12-16T18:14:28.151388
4837,2024,02097.01,sim,sim,"0,00","0,00","0,00","0,00","0,00","0,00",,2026-09-01,2025-12-16T18:14:28.151388
4838,2024,02098.01,sim,sim,"110.000,00","110.000,00","0,00","107.514,00","107.514,00","0,00",,2026-09-01,2025-12-16T18:14:28.151388
4839,2024,02099.01,sim,sim,"450.000,00","450.000,00","0,00","450.000,00","450.000,00","0,00",,2026-09-01,2025-12-16T18:14:28.151388
4840,2024,02101.01,sim,sim,"1.000.000,00","1.000.000,00","0,00","1.000.000,00","1.000.000,00","0,00",,2026-09-01,2025-12-16T18:14:28.151388
4841,2024,02102.01,sim,sim,"0,00","0,00","0,00","0,00","0,00","0,00",,2026-09-01,2025-12-16T18:14:28.151388
4842,2024,02103.01,sim,sim,"250.000,00","250.000,00","0,00","250.000,00","250.000,00","0,00",,2026-09-01,2025-12-16T18:14:28.151388
4843,2024,02106.01,sim,sim,"0,00","0,00","0,00","0,00","0,00","0,00",,2026-09-01,2025-12-16T18:14:28.151388
4844,2024,02108.01,sim,sim,"511.727,00","511.727,00","0,00","511.726,63","511.726,63","0,00",,2026-09-01,2025-12-16T18:14:28.151388
4845,2024,02109.01,sim,sim,"0,00","0,00","0,00","0,00","0,00","0,00",,2026-09-01,2025-12-16T18:14:28.151388
4846,2024,02113.01,sim,sim,"500.000,00","500.000,00","0,00","500.000,00","500.000,00","0,00",,2026-09-01,2025-12-16T18:14:28.151388
4847,2024,02114.01,sim,sim,"0,00","0,00","0,00","0,00","0,00","0,00",,2026-09-01,2025-12-16T18:14:28.151388
4848,2024,02116.01,sim,sim,"0,00","0,00","0,00","0,00","0,00","0,00",,2026-09-01,2025-12-16T18:14:28.151388
4849,2024,02119.01,sim,sim,"0,00","0,00","0,00","0,00","0,00","0,00",,2026-09-01,2025-12-16T18:14:28.151388
4850,2024,02120.01,sim,sim,"200.000,00","200.000,00","0,00","190.190,67","190.190,67","0,00",,2026-09-01,2025-12-16T18:14:28.151388
4851,2024,02122.01,sim,sim,"0,00","0,00","0,00","0,00","0,00","0,00",,2026-09-01,2025-12-16T18:14:28.151388
4852,2024,02123.01,sim,sim,"0,00","0,00","0,00","0,00","0,00","0,00",,2026-09-01,2025-12-16T18:14:28.151388
4853,2024,02125.01,sim,sim,"600.000,00","600.000,00","0,00","600.000,00","600.000,00","0,00",,2026-09-01,2025-12-16T18:14:28.151388
4854,2024,02128.01,sim,sim,"0,00","0,00","0,00","0,00","0,00","0,00",,2026-09-01,2025-12-16T18:14:28.151388
4856,2024,02131.01,sim,sim,"350.000,00","350.000,00","0,00","350.000,00","350.000,00","0,00",,2026-09-01,2025-12-16T18:14:28.151388
4857,2024,02132.01,sim,sim,"400.000,00","400.000,00","0,00","400.000,00","400.000,00","0,00",,2026-09-01,2025-12-16T18:14:28.151388
4858,2024,02133.01,sim,sim,"159.000,00","159.000,00","0,00","159.000,00","159.000,00","0,00",,2026-09-01,2025-12-16T18:14:28.151388
4859,2024,02134.01,sim,sim,"500.000,00","500.000,00","0,00","498.870,00","498.870,00","0,00",,2026-09-01,2025-12-16T18:14:28.151388
4860,2024,02137.01,sim,sim,"300.000,00","300.000,00","0,00","220.000,00","220.000,00","0,00",,2026-09-01,2025-12-16T18:14:28.151388
4861,2024,02138.01,sim,sim,"150.000,00","150.000,00","0,00","150.000,00","150.000,00","0,00",,2026-09-01,2025-12-16T18:14:28.151388
4862,2024,02139.01,sim,sim,"200.000,00","200.000,00","0,00","18.707,00","18.707,00","0,00",,2026-09-01,2025-12-16T18:14:28.151388
4863,2024,02140.01,sim,sim,"500.000,00","500.000,00","0,00","500.000,00","500.000,00","0,00",,2026-09-01,2025-12-16T18:14:28.151388
4864,2024,02148.01,sim,sim,"300.000,00","521.263,46","221.263,46","300.000,00","521.263,46","221.263,46",,2026-09-01,2025-12-16T18:14:28.151388
4865,2024,02150.01,sim,sim,"700.000,00","700.000,00","0,00","699.417,02","699.417,02","0,00",,2026-09-01,2025-12-16T18:14:28.151388
4866,2024,02151.01,sim,sim,"0,00","0,00","0,00","0,00","0,00","0,00",,2026-09-01,2025-12-16T18:14:28.151388
4867,2024,02155.01,sim,sim,"0,00","0,00","0,00","0,00","0,00","0,00",,2026-09-01,2025-12-16T18:14:28.151388
4868,2024,02156.01,sim,sim,"0,00","0,00","0,00","0,00","0,00","0,00",,2026-09-01,2025-12-16T18:14:28.151388
4869,2024,02158.01,sim,sim,"500.000,00","500.000,00","0,00","500.000,00","500.000,00","0,00",,2026-09-01,2025-12-16T18:14:28.151388
4870,2024,02161.01,sim,sim,"0,00","0,00","0,00","0,00","0,00","0,00",,2026-09-01,2025-12-16T18:14:28.151388
4871,2024,02162.01,sim,sim,"0,00","0,00","0,00","0,00","0,00","0,00",,2026-09-01,2025-12-16T18:14:28.151388
4872,2024,02163.01,sim,sim,"0,00","0,00","0,00","0,00","0,00","0,00",,2026-09-01,2025-12-16T18:14:28.151388
4873,2024,02164.01,sim,sim,"500.000,00","500.000,00","0,00","497.436,00","497.436,00","0,00",,2026-09-01,2025-12-16T18:14:28.151388
4874,2024,02165.01,sim,sim,"0,00","0,00","0,00","0,00","0,00","0,00",,2026-09-01,2025-12-16T18:14:28.151388
4875,2024,02166.01,sim,sim,"0,00","0,00","0,00","0,00","0,00","0,00",,2026-09-01,2025-12-16T18:14:28.151388
4876,2024,02169.01,sim,sim,"0,00","0,00","0,00","0,00","0,00","0,00",,2026-09-01,2025-12-16T18:14:28.151388
4877,2024,02170.01,sim,sim,"100.000,00","100.000,00","0,00","936,00","936,00","0,00",,2026-09-01,2025-12-16T18:14:28.151388
4879,2024,02167.01,sim,sim,"750.000,00","750.000,00","0,00","746.402,46","746.402,46","0,00",,2026-09-01,2025-12-16T18:14:28.151388
4880,2024,02104.01,sim,sim,"0,00","0,00","0,00","0,00","0,00","0,00",,2026-09-01,2025-12-16T18:14:28.151388
4881,2024,02105.01,sim,sim,"900.000,00","900.000,00","0,00","898.073,56","898.073,56","0,00",,2026-09-01,2025-12-16T18:14:28.151388
4882,2024,02115.01,sim,sim,"430.000,00","430.000,00","0,00","173.291,09","173.291,09","0,00",,2026-09-01,2025-12-16T18:14:28.151388
4883,2024,02117.01,sim,sim,"0,00","0,00","0,00","0,00","0,00","0,00",,2026-09-01,2025-12-16T18:14:28.151388
4884,2024,02157.01,sim,sim,"500.000,00","500.000,00","0,00","500.000,00","500.000,00","0,00",,2026-09-01,2025-12-16T18:14:28.151388
4885,2024,02142.01,sim,sim,"1.500.000,00","1.500.000,00","0,00","1.498.340,99","1.498.340,99","0,00",,2026-09-01,2025-12-16T18:14:28.151388
4886,2024,02172.01,sim,sim,"250.000,00","250.000,00","0,00","250.000,00","250.000,00","0,00",,2026-09-01,2025-12-16T18:14:28.151388
4887,2024,02130.01,sim,sim,"700.000,00","700.000,00","0,00","700.000,00","700.000,00","0,00",,2026-09-01,2025-12-16T18:14:28.151388
4889,2024,02136.01,sim,sim,"0,00","0,00","0,00","0,00","0,00","0,00",,2026-09-01,2025-12-16T18:14:28.151388
4890,2024,02121.01,sim,sim,"1.005.000,00","1.005.000,00","0,00","854.953,39","854.953,39","0,00",,2026-09-01,2025-12-16T18:14:28.151388
4891,2024,03004.01,sim,sim,"225.000,00","225.000,00","0,00","187.400,00","187.400,00","0,00",,2026-09-01,2025-12-16T18:14:28.151388
4892,2024,03009.01,sim,sim,"0,00","0,00","0,00","0,00","0,00","0,00",,2026-09-01,2025-12-16T18:14:28.151388
4893,2024,03015.01,sim,sim,"0,00","0,00","0,00","0,00","0,00","0,00",,2026-09-01,2025-12-16T18:14:28.151388
4894,2024,03018.01,sim,sim,"0,00","0,00","0,00","0,00","0,00","0,00",,2026-09-01,2025-12-16T18:14:28.151388
4895,2024,03020.01,sim,sim,"0,00","0,00","0,00","0,00","0,00","0,00",,2026-09-01,2025-12-16T18:14:28.151388
4896,2024,03021.01,sim,sim,"4.350.000,00","4.350.000,00","0,00","0,00","0,00","0,00",,2026-09-01,2025-12-16T18:14:28.151388
4897,2024,03022.01,sim,sim,"0,00","0,00","0,00","0,00","0,00","0,00",,2026-09-01,2025-12-16T18:14:28.151388
4898,2024,03023.01,sim,sim,"100.000,00","100.000,00","0,00","83.502,90","83.502,90","0,00",,2026-09-01,2025-12-16T18:14:28.151388
4899,2024,03025.01,sim,sim,"0,00","0,00","0,00","0,00","0,00","0,00",,2026-09-01,2025-12-16T18:14:28.151388
4900,2024,03038.01,sim,sim,"500.000,00","500.000,00","0,00","22.200,00","22.200,00","0,00",,2026-09-01,2025-12-16T18:14:28.151388
4901,2024,03041.01,sim,sim,"159.172,00","159.172,00","0,00","0,00","0,00","0,00",,2026-09-01,2025-12-16T18:14:28.151388
4902,2024,03044.01,sim,sim,"0,00","0,00","0,00","0,00","0,00","0,00",,2026-09-01,2025-12-16T18:14:28.151388
4903,2024,03045.01,sim,sim,"0,00","0,00","0,00","0,00","0,00","0,00",,2026-09-01,2025-12-16T18:14:28.151388
4904,2024,03049.01,sim,sim,"130.000,00","130.000,00","0,00","124.778,11","124.778,11","0,00",,2026-09-01,2025-12-16T18:14:28.151388
4905,2024,03051.01,sim,sim,"330.000,00","330.000,00","0,00","330.000,00","330.000,00","0,00",,2026-09-01,2025-12-16T18:14:28.151388
4906,2024,03052.01,sim,sim,"0,00","0,00","0,00","0,00","0,00","0,00",,2026-09-01,2025-12-16T18:14:28.151388
4907,2024,03056.01,sim,sim,"0,00","0,00","0,00","0,00","0,00","0,00",,2026-09-01,2025-12-16T18:14:28.151388
4908,2024,03057.02,sim,sim,"0,00","0,00","0,00","0,00","0,00","0,00",,2026-09-01,2025-12-16T18:14:28.151388
4909,2024,03058.01,sim,sim,"1.000.000,00","1.000.000,00","0,00","786.500,00","786.500,00","0,00",,2026-09-01,2025-12-16T18:14:28.151388
4910,2024,03060.01,sim,sim,"2.000.000,00","2.000.000,00","0,00","2.000.000,00","2.000.000,00","0,00",,2026-09-01,2025-12-16T18:14:28.151388
4911,2024,03063.01,sim,sim,"50.000,00","50.000,00","0,00","0,00","0,00","0,00",,2026-09-01,2025-12-16T18:14:28.151388
4912,2024,03064.01,sim,sim,"0,00","0,00","0,00","0,00","0,00","0,00",,2026-09-01,2025-12-16T18:14:28.151388
4913,2024,03066.01,sim,sim,"300.000,00","300.000,00","0,00","299.208,98","299.208,98","0,00",,2026-09-01,2025-12-16T18:14:28.151388
4914,2024,03067.01,sim,sim,"0,00","0,00","0,00","0,00","0,00","0,00",,2026-09-01,2025-12-16T18:14:28.151388
4915,2024,03074.01,sim,sim,"0,00","0,00","0,00","0,00","0,00","0,00",,2026-09-01,2025-12-16T18:14:28.151388
4916,2024,03076.01,sim,sim,"1.000.000,00","1.000.000,00","0,00","1.000.000,00","1.000.000,00","0,00",,2026-09-01,2025-12-16T18:14:28.151388
4917,2024,03079.01,sim,sim,"372.377,00","372.377,00","0,00","372.376,97","372.376,97","0,00",,2026-09-01,2025-12-16T18:14:28.151388
4918,2024,03085.01,sim,sim,"330.000,00","330.000,00","0,00","326.917,64","326.917,64","0,00",,2026-09-01,2025-12-16T18:14:28.151388
4919,2024,03086.01,sim,sim,"0,00","0,00","0,00","0,00","0,00","0,00",,2026-09-01,2025-12-16T18:14:28.151388
4920,2024,03087.01,sim,sim,"300.000,00","300.000,00","0,00","300.000,00","300.000,00","0,00",,2026-09-01,2025-12-16T18:14:28.151388
4921,2024,03090.01,sim,sim,"0,00","0,00","0,00","0,00","0,00","0,00",,2026-09-01,2025-12-16T18:14:28.151388
4922,2024,03091.01,sim,sim,"0,00","0,00","0,00","0,00","0,00","0,00",,2026-09-01,2025-12-16T18:14:28.151388
4923,2024,03098.01,sim,sim,"0,00","0,00","0,00","0,00","0,00","0,00",,2026-09-01,2025-12-16T18:14:28.151388
4925,2024,03101.01,sim,sim,"500.000,00","500.000,00","0,00","500.000,00","500.000,00","0,00",,2026-09-01,2025-12-16T18:14:28.151388
4926,2024,03102.01,sim,sim,"0,00","0,00","0,00","0,00","0,00","0,00",,2026-09-01,2025-12-16T18:14:28.151388
4927,2024,03103.01,sim,sim,"300.000,00","300.000,00","0,00","283.045,96","283.045,96","0,00",,2026-09-01,2025-12-16T18:14:28.151388
4928,2024,03104.01,sim,sim,"0,00","0,00","0,00","0,00","0,00","0,00",,2026-09-01,2025-12-16T18:14:28.151388
4929,2024,03105.01,sim,sim,"200.000,00","200.000,00","0,00","0,00","0,00","0,00",,2026-09-01,2025-12-16T18:14:28.151388
4930,2024,03106.01,sim,sim,"134.000,00","134.000,00","0,00","133.296,62","133.296,62","0,00",,2026-09-01,2025-12-16T18:14:28.151388
4931,2024,03107.01,sim,sim,"200.000,00","200.000,00","0,00","191.268,20","191.268,20","0,00",,2026-09-01,2025-12-16T18:14:28.151388
4932,2024,03108.01,sim,sim,"0,00","0,00","0,00","0,00","0,00","0,00",,2026-09-01,2025-12-16T18:14:28.151388
4933,2024,03109.01,sim,sim,"4.090.000,00","8.180.000,00","4.090.000,00","3.270.000,00","6.540.000,00","3.270.000,00",,2026-09-01,2025-12-16T18:14:28.151388
4935,2024,03111.01,sim,sim,"0,00","0,00","0,00","0,00","0,00","0,00",,2026-09-01,2025-12-16T18:14:28.151388
4936,2024,03112.01,sim,sim,"0,00","0,00","0,00","0,00","0,00","0,00",,2026-09-01,2025-12-16T18:14:28.151388
4937,2024,03113.01,sim,sim,"1.859,00","1.859,00","0,00","0,00","0,00","0,00",,2026-09-01,2025-12-16T18:14:28.151388
4938,2024,03114.01,sim,sim,"0,00","0,00","0,00","0,00","0,00","0,00",,2026-09-01,2025-12-16T18:14:28.151388
4939,2024,03115.01,sim,sim,"980.000,00","980.000,00","0,00","979.000,00","979.000,00","0,00",,2026-09-01,2025-12-16T18:14:28.151388
4940,2024,03117.01,sim,sim,"0,00","0,00","0,00","0,00","0,00","0,00",,2026-09-01,2025-12-16T18:14:28.151388
4941,2024,03118.01,sim,sim,"1.000.000,00","1.000.000,00","0,00","1.000.000,00","1.000.000,00","0,00",,2026-09-01,2025-12-16T18:14:28.151388
4942,2024,03124.01,sim,sim,"0,00","0,00","0,00","0,00","0,00","0,00",,2026-09-01,2025-12-16T18:14:28.151388
4943,2024,03125.01,sim,sim,"200.000,00","200.000,00","0,00","200.000,00","200.000,00","0,00",,2026-09-01,2025-12-16T18:14:28.151388
4944,2024,03127.01,sim,sim,"0,00","0,00","0,00","0,00","0,00","0,00",,2026-09-01,2025-12-16T18:14:28.151388
4945,2024,03135.01,sim,sim,"0,00","0,00","0,00","0,00","0,00","0,00",,2026-09-01,2025-12-16T18:14:28.151388
4946,2024,03136.01,sim,sim,"0,00","0,00","0,00","0,00","0,00","0,00",,2026-09-01,2025-12-16T18:14:28.151388
4947,2024,03137.01,sim,sim,"0,00","0,00","0,00","0,00","0,00","0,00",,2026-09-01,2025-12-16T18:14:28.151388
4948,2024,03138.01,sim,sim,"0,00","0,00","0,00","0,00","0,00","0,00",,2026-09-01,2025-12-16T18:14:28.151388
4949,2024,03139.01,sim,sim,"0,00","0,00","0,00","0,00","0,00","0,00",,2026-09-01,2025-12-16T18:14:28.151388
4950,2024,03140.01,sim,sim,"0,00","0,00","0,00","0,00","0,00","0,00",,2026-09-01,2025-12-16T18:14:28.151388
4951,2024,03146.01,sim,sim,"0,00","0,00","0,00","0,00","0,00","0,00",,2026-09-01,2025-12-16T18:14:28.151388
4952,2024,03147.01,sim,sim,"0,00","0,00","0,00","0,00","0,00","0,00",,2026-09-01,2025-12-16T18:14:28.151388
4953,2024,03148.01,sim,sim,"0,00","0,00","0,00","0,00","0,00","0,00",,2026-09-01,2025-12-16T18:14:28.151388
4954,2024,03153.01,sim,sim,"0,00","0,00","0,00","0,00","0,00","0,00",,2026-09-01,2025-12-16T18:14:28.151388
4955,2024,03155.01,sim,sim,"0,00","0,00","0,00","0,00","0,00","0,00",,2026-09-01,2025-12-16T18:14:28.151388
4956,2024,03156.01,sim,sim,"0,00","0,00","0,00","0,00","0,00","0,00",,2026-09-01,2025-12-16T18:14:28.151388
4957,2024,03158.01,sim,sim,"180.000,00","180.000,00","0,00","0,00","0,00","0,00",,2026-09-01,2025-12-16T18:14:28.151388
4958,2024,03162.01,sim,sim,"0,00","0,00","0,00","0,00","0,00","0,00",,2026-09-01,2025-12-16T18:14:28.151388
4959,2024,03163.01,sim,sim,"0,00","0,00","0,00","0,00","0,00","0,00",,2026-09-01,2025-12-16T18:14:28.151388
4960,2024,03167.01,sim,sim,"1.000.000,00","1.000.000,00","0,00","1.000.000,00","1.000.000,00","0,00",,2026-09-01,2025-12-16T18:14:28.151388
4961,2024,03172.01,sim,sim,"0,00","0,00","0,00","0,00","0,00","0,00",,2026-09-01,2025-12-16T18:14:28.151388
4963,2024,03174.01,sim,sim,"0,00","0,00","0,00","0,00","0,00","0,00",,2026-09-01,2025-12-16T18:14:28.151388
4964,2024,03175.01,sim,sim,"500.000,00","500.000,00","0,00","500.000,00","500.000,00","0,00",,2026-09-01,2025-12-16T18:14:28.151388
4965,2024,03176.01,sim,sim,"200.000,00","200.000,00","0,00","200.000,00","200.000,00","0,00",,2026-09-01,2025-12-16T18:14:28.151388
4966,2024,03182.01,sim,sim,"800.000,00","1.600.000,00","800.000,00","800.000,00","1.600.000,00","800.000,00",,2026-09-01,2025-12-16T18:14:28.151388
4967,2024,03184.01,sim,sim,"0,00","0,00","0,00","0,00","0,00","0,00",,2026-09-01,2025-12-16T18:14:28.151388
4968,2024,03185.01,sim,sim,"200.000,00","200.000,00","0,00","200.000,00","200.000,00","0,00",,2026-09-01,2025-12-16T18:14:28.151388
4969,2024,03190.01,sim,sim,"300.000,00","300.000,00","0,00","0,00","0,00","0,00",,2026-09-01,2025-12-16T18:14:28.151388
4970,2024,03195.01,sim,sim,"0,00","0,00","0,00","0,00","0,00","0,00",,2026-09-01,2025-12-16T18:14:28.151388
4971,2024,03198.01,sim,sim,"0,00","0,00","0,00","0,00","0,00","0,00",,2026-09-01,2025-12-16T18:14:28.151388
4972,2024,03199.01,sim,sim,"950.000,00","950.000,00","0,00","950.000,00","950.000,00","0,00",,2026-09-01,2025-12-16T18:14:28.151388
4973,2024,03202.01,sim,sim,"1.110.000,00","1.110.000,00","0,00","1.110.000,00","1.110.000,00","0,00",,2026-09-01,2025-12-16T18:14:28.151388
4974,2024,03205.01,sim,sim,"0,00","0,00","0,00","0,00","0,00","0,00",,2026-09-01,2025-12-16T18:14:28.151388
4975,2024,03057.01,sim,sim,"300.000,00","300.000,00","0,00","0,00","0,00","0,00",,2026-09-01,2025-12-16T18:14:28.151388
4976,2024,03099.01,sim,sim,"150.000,00","150.000,00","0,00","0,00","0,00","0,00",,2026-09-01,2025-12-16T18:14:28.151388
4978,2024,03110.01,sim,sim,"0,00","0,00","0,00","0,00","0,00","0,00",,2026-09-01,2025-12-16T18:14:28.151388
4979,2024,03173.01,sim,sim,"0,00","0,00","0,00","0,00","0,00","0,00",,2026-09-01,2025-12-16T18:14:28.151388
4980,2024,04001.01,sim,sim,"2.100.000,00","2.100.000,00","0,00","2.043.889,57","2.043.889,57","0,00",,2026-09-01,2025-12-16T18:14:28.151388
4981,2024,04003.01,sim,sim,"350.000,00","350.000,00","0,00","350.000,00","350.000,00","0,00",,2026-09-01,2025-12-16T18:14:28.151388
4982,2024,04011.01,sim,sim,"75.000,00","75.000,00","0,00","0,00","0,00","0,00",,2026-09-01,2025-12-16T18:14:28.151388
4983,2024,04012.01,sim,sim,"0,00","0,00","0,00","0,00","0,00","0,00",,2026-09-01,2025-12-16T18:14:28.151388
4984,2024,04014.01,sim,sim,"410.000,00","410.000,00","0,00","373.490,00","373.490,00","0,00",,2026-09-01,2025-12-16T18:14:28.151388
4985,2024,04027.01,sim,sim,"0,00","0,00","0,00","0,00","0,00","0,00",,2026-09-01,2025-12-16T18:14:28.151388
4986,2024,04031.01,sim,sim,"650.000,00","650.000,00","0,00","595.000,00","595.000,00","0,00",,2026-09-01,2025-12-16T18:14:28.151388
4987,2024,04032.01,sim,não,"500.000,00",,,"0,00",,,declarada só no painel dentro do período que o portal cobre — o snapshot do portal (2025-12-16) é anterior à leitura do painel,2026-09-01,2025-12-16T18:14:28.151388
4988,2024,04033.01,sim,sim,"200.000,00","200.000,00","0,00","68.000,00","68.000,00","0,00",,2026-09-01,2025-12-16T18:14:28.151388
4989,2024,04034.01,sim,sim,"200.000,00","200.000,00","0,00","0,00","0,00","0,00",,2026-09-01,2025-12-16T18:14:28.151388
4990,2024,04035.01,sim,sim,"250.000,00","250.000,00","0,00","0,00","0,00","0,00",,2026-09-01,2025-12-16T18:14:28.151388
4991,2024,04036.01,sim,sim,"200.000,00","200.000,00","0,00","187.303,24","187.303,24","0,00",,2026-09-01,2025-12-16T18:14:28.151388
4992,2024,04038.01,sim,sim,"0,00","0,00","0,00","0,00","0,00","0,00",,2026-09-01,2025-12-16T18:14:28.151388
4993,2024,04040.01,sim,sim,"150.000,00","150.000,00","0,00","146.784,00","146.784,00","0,00",,2026-09-01,2025-12-16T18:14:28.151388
4994,2024,04042.01,sim,sim,"100.000,00","100.000,00","0,00","100.000,00","100.000,00","0,00",,2026-09-01,2025-12-16T18:14:28.151388
4995,2024,04043.01,sim,sim,"50.000,00","50.000,00","0,00","5.505,42","5.505,42","0,00",,2026-09-01,2025-12-16T18:14:28.151388
4996,2024,04049.01,sim,sim,"0,00","0,00","0,00","0,00","0,00","0,00",,2026-09-01,2025-12-16T18:14:28.151388
4997,2024,04050.01,sim,sim,"94.000,00","94.000,00","0,00","91.740,00","91.740,00","0,00",,2026-09-01,2025-12-16T18:14:28.151388
4998,2024,04055.01,sim,sim,"350.000,00","350.000,00","0,00","350.000,00","350.000,00","0,00",,2026-09-01,2025-12-16T18:14:28.151388
4999,2024,04056.01,sim,sim,"40.000,00","40.000,00","0,00","36.388,38","36.388,38","0,00",,2026-09-01,2025-12-16T18:14:28.151388
5000,2024,04057.01,sim,não,"0,00",,,"0,00",,,declarada só no painel dentro do período que o portal cobre — o snapshot do portal (2025-12-16) é anterior à leitura do painel,2026-09-01,2025-12-16T18:14:28.151388
5001,2024,04058.01,sim,sim,"0,00","0,00","0,00","0,00","0,00","0,00",,2026-09-01,2025-12-16T18:14:28.151388
5002,2024,04060.01,sim,sim,"390.000,00","390.000,00","0,00","389.989,05","389.989,05","0,00",,2026-09-01,2025-12-16T18:14:28.151388
5003,2024,04061.01,sim,sim,"620.000,00","620.000,00","0,00","620.000,00","620.000,00","0,00",,2026-09-01,2025-12-16T18:14:28.151388
5004,2024,04063.01,sim,sim,"150.000,00","150.000,00","0,00","150.000,00","150.000,00","0,00",,2026-09-01,2025-12-16T18:14:28.151388
5005,2024,04065.01,sim,sim,"0,00","0,00","0,00","0,00","0,00","0,00",,2026-09-01,2025-12-16T18:14:28.151388
5006,2024,04066.01,sim,sim,"250.000,00","250.000,00","0,00","250.000,00","250.000,00","0,00",,2026-09-01,2025-12-16T18:14:28.151388
5007,2024,04067.01,sim,sim,"300.000,00","300.000,00","0,00","300.000,00","300.000,00","0,00",,2026-09-01,2025-12-16T18:14:28.151388
5008,2024,04073.01,sim,sim,"400.000,00","400.000,00","0,00","400.000,00","400.000,00","0,00",,2026-09-01,2025-12-16T18:14:28.151388
5009,2024,04079.01,sim,sim,"195.000,00","195.000,00","0,00","195.000,00","195.000,00","0,00",,2026-09-01,2025-12-16T18:14:28.151388
5010,2024,04082.01,sim,sim,"6.500,00","6.500,00","0,00","6.500,00","6.500,00","0,00",,2026-09-01,2025-12-16T18:14:28.151388
5011,2024,04085.01,sim,sim,"200.000,00","350.000,00","150.000,00","50.000,00","50.000,00","0,00",,2026-09-01,2025-12-16T18:14:28.151388
5012,2024,04086.01,sim,sim,"450.000,00","450.000,00","0,00","450.000,00","450.000,00","0,00",,2026-09-01,2025-12-16T18:14:28.151388
5013,2024,04087.01,sim,sim,"500.000,00","500.000,00","0,00","0,00","0,00","0,00",,2026-09-01,2025-12-16T18:14:28.151388
5014,2024,04102.01,sim,sim,"0,00","0,00","0,00","0,00","0,00","0,00",,2026-09-01,2025-12-16T18:14:28.151388
5015,2024,04103.01,sim,sim,"190.000,00","190.000,00","0,00","190.000,00","190.000,00","0,00",,2026-09-01,2025-12-16T18:14:28.151388
5016,2024,04105.01,sim,sim,"1.815.000,00","1.815.000,00","0,00","1.815.000,00","1.815.000,00","0,00",,2026-09-01,2025-12-16T18:14:28.151388
5017,2024,04106.01,sim,sim,"400.000,00","400.000,00","0,00","388.300,00","388.300,00","0,00",,2026-09-01,2025-12-16T18:14:28.151388
5018,2024,04107.01,sim,sim,"40.000,00","40.000,00","0,00","0,00","0,00","0,00",,2026-09-01,2025-12-16T18:14:28.151388
5019,2024,04108.01,sim,sim,"560.000,00","560.000,00","0,00","441.238,40","441.238,40","0,00",,2026-09-01,2025-12-16T18:14:28.151388
5020,2024,04110.01,sim,sim,"0,00","0,00","0,00","0,00","0,00","0,00",,2026-09-01,2025-12-16T18:14:28.151388
5021,2024,04112.01,sim,sim,"210.000,00","210.000,00","0,00","210.000,00","210.000,00","0,00",,2026-09-01,2025-12-16T18:14:28.151388
5022,2024,04114.01,sim,sim,"0,00","0,00","0,00","0,00","0,00","0,00",,2026-09-01,2025-12-16T18:14:28.151388
5023,2024,04115.01,sim,sim,"0,00","0,00","0,00","0,00","0,00","0,00",,2026-09-01,2025-12-16T18:14:28.151388
5024,2024,04116.01,sim,sim,"600.000,00","600.000,00","0,00","599.854,41","599.854,41","0,00",,2026-09-01,2025-12-16T18:14:28.151388
5025,2024,04122.01,sim,sim,"0,00","0,00","0,00","0,00","0,00","0,00",,2026-09-01,2025-12-16T18:14:28.151388
5026,2024,04123.01,sim,sim,"300.000,00","300.000,00","0,00","300.000,00","300.000,00","0,00",,2026-09-01,2025-12-16T18:14:28.151388
5027,2024,04124.01,sim,sim,"0,00","0,00","0,00","0,00","0,00","0,00",,2026-09-01,2025-12-16T18:14:28.151388
5028,2024,04127.01,sim,sim,"0,00","0,00","0,00","0,00","0,00","0,00",,2026-09-01,2025-12-16T18:14:28.151388
5029,2024,04128.01,sim,sim,"0,00","0,00","0,00","0,00","0,00","0,00",,2026-09-01,2025-12-16T18:14:28.151388
5030,2024,04136.01,sim,sim,"298.200,00","298.200,00","0,00","298.200,00","298.200,00","0,00",,2026-09-01,2025-12-16T18:14:28.151388
5031,2024,04138.01,sim,sim,"362.882,00","362.882,00","0,00","362.696,73","362.696,73","0,00",,2026-09-01,2025-12-16T18:14:28.151388
5032,2024,04140.01,sim,sim,"350.000,00","350.000,00","0,00","335.071,54","335.071,54","0,00",,2026-09-01,2025-12-16T18:14:28.151388
5033,2024,04141.01,sim,sim,"700.000,00","700.000,00","0,00","695.800,70","695.800,70","0,00",,2026-09-01,2025-12-16T18:14:28.151388
5034,2024,04144.01,sim,sim,"0,00","0,00","0,00","0,00","0,00","0,00",,2026-09-01,2025-12-16T18:14:28.151388
5035,2024,05006.01,sim,sim,"100.000,00","100.000,00","0,00","0,00","0,00","0,00",,2026-09-01,2025-12-16T18:14:28.151388
5036,2024,05007.01,sim,sim,"1.000.000,00","1.000.000,00","0,00","1.000.000,00","1.000.000,00","0,00",,2026-09-01,2025-12-16T18:14:28.151388
5037,2024,05012.01,sim,sim,"2.000.000,00","2.000.000,00","0,00","0,00","0,00","0,00",,2026-09-01,2025-12-16T18:14:28.151388
5038,2024,05016.01,sim,sim,"200.000,00","200.000,00","0,00","0,00","0,00","0,00",,2026-09-01,2025-12-16T18:14:28.151388
5039,2024,05021.01,sim,sim,"400.000,00","400.000,00","0,00","0,00","0,00","0,00",,2026-09-01,2025-12-16T18:14:28.151388
5040,2024,05024.01,sim,sim,"2.000.000,00","2.000.000,00","0,00","0,00","0,00","0,00",,2026-09-01,2025-12-16T18:14:28.151388
5041,2024,05025.01,sim,sim,"1.000.000,00","1.000.000,00","0,00","997.376,36","997.376,36","0,00",,2026-09-01,2025-12-16T18:14:28.151388
5042,2024,05031.01,sim,sim,"1.000.000,00","1.000.000,00","0,00","982.968,31","982.968,31","0,00",,2026-09-01,2025-12-16T18:14:28.151388
5043,2024,05035.01,sim,sim,"200.000,00","200.000,00","0,00","200.000,00","200.000,00","0,00",,2026-09-01,2025-12-16T18:14:28.151388
5044,2024,05036.01,sim,sim,"250.000,00","250.000,00","0,00","250.000,00","250.000,00","0,00",,2026-09-01,2025-12-16T18:14:28.151388
5045,2024,05037.01,sim,sim,"300.000,00","300.000,00","0,00","300.000,00","300.000,00","0,00",,2026-09-01,2025-12-16T18:14:28.151388
5046,2024,05043.01,sim,sim,"200.000,00","200.000,00","0,00","200.000,00","200.000,00","0,00",,2026-09-01,2025-12-16T18:14:28.151388
5047,2024,05047.01,sim,sim,"110.000,00","110.000,00","0,00","0,00","0,00","0,00",,2026-09-01,2025-12-16T18:14:28.151388
5048,2024,05051.01,sim,sim,"1.500.000,00","1.500.000,00","0,00","184.372,00","184.372,00","0,00",,2026-09-01,2025-12-16T18:14:28.151388
5049,2024,05060.01,sim,sim,"300.000,00","300.000,00","0,00","299.962,03","299.962,03","0,00",,2026-09-01,2025-12-16T18:14:28.151388
5050,2024,05061.01,sim,sim,"150.000,00","150.000,00","0,00","0,00","0,00","0,00",,2026-09-01,2025-12-16T18:14:28.151388
5051,2024,05062.01,sim,sim,"700.000,00","700.000,00","0,00","0,00","0,00","0,00",,2026-09-01,2025-12-16T18:14:28.151388
5052,2024,05063.01,sim,sim,"0,00","0,00","0,00","0,00","0,00","0,00",,2026-09-01,2025-12-16T18:14:28.151388
5053,2024,05064.01,sim,sim,"200.000,00","200.000,00","0,00","200.000,00","200.000,00","0,00",,2026-09-01,2025-12-16T18:14:28.151388
5054,2024,05065.01,sim,sim,"200.000,00","200.000,00","0,00","200.000,00","200.000,00","0,00",,2026-09-01,2025-12-16T18:14:28.151388
5055,2024,05066.01,sim,sim,"160.000,00","160.000,00","0,00","160.000,00","160.000,00","0,00",,2026-09-01,2025-12-16T18:14:28.151388
5056,2024,05067.01,sim,sim,"40.000,00","40.000,00","0,00","38.830,97","38.830,97","0,00",,2026-09-01,2025-12-16T18:14:28.151388
5057,2024,05070.01,sim,sim,"650.000,00","650.000,00","0,00","650.000,00","650.000,00","0,00",,2026-09-01,2025-12-16T18:14:28.151388
5058,2024,05071.01,sim,sim,"650.000,00","650.000,00","0,00","390.779,18","390.779,18","0,00",,2026-09-01,2025-12-16T18:14:28.151388
5059,2024,05073.01,sim,sim,"0,00","0,00","0,00","0,00","0,00","0,00",,2026-09-01,2025-12-16T18:14:28.151388
5060,2024,05075.01,sim,sim,"100.000,00","100.000,00","0,00","0,00","0,00","0,00",,2026-09-01,2025-12-16T18:14:28.151388
5061,2024,05076.01,sim,sim,"0,00","0,00","0,00","0,00","0,00","0,00",,2026-09-01,2025-12-16T18:14:28.151388
5062,2024,05077.01,sim,sim,"0,00","0,00","0,00","0,00","0,00","0,00",,2026-09-01,2025-12-16T18:14:28.151388
5063,2024,05084.01,sim,sim,"0,00","0,00","0,00","0,00","0,00","0,00",,2026-09-01,2025-12-16T18:14:28.151388
5064,2024,05094.01,sim,sim,"0,00","0,00","0,00","0,00","0,00","0,00",,2026-09-01,2025-12-16T18:14:28.151388
5065,2024,05097.01,sim,sim,"1.200.000,00","1.200.000,00","0,00","1.200.000,00","1.200.000,00","0,00",,2026-09-01,2025-12-16T18:14:28.151388
5066,2024,05100.01,sim,sim,"1.000.000,00","1.000.000,00","0,00","1.000.000,00","1.000.000,00","0,00",,2026-09-01,2025-12-16T18:14:28.151388
5067,2024,05102.01,sim,não,"0,00",,,"0,00",,,declarada só no painel dentro do período que o portal cobre — o snapshot do portal (2025-12-16) é anterior à leitura do painel,2026-09-01,2025-12-16T18:14:28.151388
5068,2024,05110.01,sim,sim,"100.000,00","100.000,00","0,00","0,00","0,00","0,00",,2026-09-01,2025-12-16T18:14:28.151388
5069,2024,05114.01,sim,sim,"100.000,00","100.000,00","0,00","0,00","0,00","0,00",,2026-09-01,2025-12-16T18:14:28.151388
5070,2024,05116.01,sim,sim,"400.000,00","400.000,00","0,00","0,00","0,00","0,00",,2026-09-01,2025-12-16T18:14:28.151388
5071,2024,05117.01,sim,sim,"0,00","0,00","0,00","0,00","0,00","0,00",,2026-09-01,2025-12-16T18:14:28.151388
5072,2024,05120.01,sim,sim,"500.000,00","500.000,00","0,00","500.000,00","500.000,00","0,00",,2026-09-01,2025-12-16T18:14:28.151388
5073,2024,05121.01,sim,sim,"1.000.000,00","1.000.000,00","0,00","1.000.000,00","1.000.000,00","0,00",,2026-09-01,2025-12-16T18:14:28.151388
5074,2024,05122.01,sim,sim,"200.000,00","200.000,00","0,00","200.000,00","200.000,00","0,00",,2026-09-01,2025-12-16T18:14:28.151388
5075,2024,05123.01,sim,sim,"0,00","0,00","0,00","0,00","0,00","0,00",,2026-09-01,2025-12-16T18:14:28.151388
5076,2024,05125.01,sim,sim,"60.000,00","60.000,00","0,00","59.894,66","59.894,66","0,00",,2026-09-01,2025-12-16T18:14:28.151388
5078,2024,05072.01,sim,sim,"0,00","0,00","0,00","0,00","0,00","0,00",,2026-09-01,2025-12-16T18:14:28.151388
5079,2024,06006.01,sim,sim,"0,00","0,00","0,00","0,00","0,00","0,00",,2026-09-01,2025-12-16T18:14:28.151388
5080,2024,06009.01,sim,sim,"22.000,00","22.000,00","0,00","22.000,00","22.000,00","0,00",,2026-09-01,2025-12-16T18:14:28.151388
5081,2024,06012.01,sim,sim,"500.000,00","500.000,00","0,00","500.000,00","500.000,00","0,00",,2026-09-01,2025-12-16T18:14:28.151388
5082,2024,06013.01,sim,sim,"400.000,00","400.000,00","0,00","400.000,00","400.000,00","0,00",,2026-09-01,2025-12-16T18:14:28.151388
5083,2024,06015.01,sim,sim,"200.000,00","200.000,00","0,00","0,00","0,00","0,00",,2026-09-01,2025-12-16T18:14:28.151388
5084,2024,06021.01,sim,sim,"0,00","0,00","0,00","0,00","0,00","0,00",,2026-09-01,2025-12-16T18:14:28.151388
5085,2024,06026.01,sim,sim,"150.000,00","150.000,00","0,00","149.995,31","149.995,31","0,00",,2026-09-01,2025-12-16T18:14:28.151388
5086,2024,06028.01,sim,sim,"1.115.000,00","1.115.000,00","0,00","1.114.890,03","1.114.890,03","0,00",,2026-09-01,2025-12-16T18:14:28.151388
5087,2024,06029.01,sim,sim,"300.000,00","300.000,00","0,00","300.000,00","300.000,00","0,00",,2026-09-01,2025-12-16T18:14:28.151388
5088,2024,06030.01,sim,sim,"1.000.000,00","1.000.000,00","0,00","850.000,00","850.000,00","0,00",,2026-09-01,2025-12-16T18:14:28.151388
5089,2024,06032.01,sim,sim,"500.000,00","500.000,00","0,00","500.000,00","500.000,00","0,00",,2026-09-01,2025-12-16T18:14:28.151388
5090,2024,06033.01,sim,sim,"50.000,00","50.000,00","0,00","0,00","0,00","0,00",,2026-09-01,2025-12-16T18:14:28.151388
5091,2024,06034.01,sim,sim,"650.000,00","650.000,00","0,00","650.000,00","650.000,00","0,00",,2026-09-01,2025-12-16T18:14:28.151388
5092,2024,06035.01,sim,sim,"100.000,00","100.000,00","0,00","93.836,00","93.836,00","0,00",,2026-09-01,2025-12-16T18:14:28.151388
5093,2024,06046.01,sim,sim,"600.000,00","1.200.000,00","600.000,00","600.000,00","1.200.000,00","600.000,00",,2026-09-01,2025-12-16T18:14:28.151388
5095,2024,06048.01,sim,sim,"0,00","0,00","0,00","0,00","0,00","0,00",,2026-09-01,2025-12-16T18:14:28.151388
5096,2024,06057.01,sim,sim,"315.000,00","315.000,00","0,00","315.000,00","315.000,00","0,00",,2026-09-01,2025-12-16T18:14:28.151388
5097,2024,06060.01,sim,sim,"0,00","0,00","0,00","0,00","0,00","0,00",,2026-09-01,2025-12-16T18:14:28.151388
5098,2024,06062.01,sim,sim,"800.000,00","800.000,00","0,00","800.000,00","800.000,00","0,00",,2026-09-01,2025-12-16T18:14:28.151388
5099,2024,06070.01,sim,sim,"0,00","0,00","0,00","0,00","0,00","0,00",,2026-09-01,2025-12-16T18:14:28.151388
5100,2024,06073.01,sim,sim,"0,00","0,00","0,00","0,00","0,00","0,00",,2026-09-01,2025-12-16T18:14:28.151388
5101,2024,06074.01,sim,sim,"180.000,00","180.000,00","0,00","0,00","0,00","0,00",,2026-09-01,2025-12-16T18:14:28.151388
5102,2024,06076.01,sim,sim,"0,00","0,00","0,00","0,00","0,00","0,00",,2026-09-01,2025-12-16T18:14:28.151388
5103,2024,06077.01,sim,sim,"50.000,00","50.000,00","0,00","50.000,00","50.000,00","0,00",,2026-09-01,2025-12-16T18:14:28.151388
5104,2024,06078.01,sim,sim,"50.000,00","50.000,00","0,00","50.000,00","50.000,00","0,00",,2026-09-01,2025-12-16T18:14:28.151388
5105,2024,06079.01,sim,sim,"900.000,00","900.000,00","0,00","899.965,68","899.965,68","0,00",,2026-09-01,2025-12-16T18:14:28.151388
5106,2024,06082.01,sim,sim,"600.000,00","600.000,00","0,00","588.980,00","588.980,00","0,00",,2026-09-01,2025-12-16T18:14:28.151388
5107,2024,06084.01,sim,sim,"400.000,00","800.000,00","400.000,00","400.000,00","800.000,00","400.000,00",,2026-09-01,2025-12-16T18:14:28.151388
5108,2024,06085.01,sim,sim,"350.000,00","350.000,00","0,00","200.000,00","200.000,00","0,00",,2026-09-01,2025-12-16T18:14:28.151388
5109,2024,06086.01,sim,sim,"300.000,00","300.000,00","0,00","256.272,22","256.272,22","0,00",,2026-09-01,2025-12-16T18:14:28.151388
5110,2024,06089.01,sim,sim,"0,00","0,00","0,00","0,00","0,00","0,00",,2026-09-01,2025-12-16T18:14:28.151388
5111,2024,06093.01,sim,sim,"200.000,00","200.000,00","0,00","199.996,86","199.996,86","0,00",,2026-09-01,2025-12-16T18:14:28.151388
5112,2024,06095.01,sim,sim,"500.000,00","500.000,00","0,00","499.948,00","499.948,00","0,00",,2026-09-01,2025-12-16T18:14:28.151388
5113,2024,06101.01,sim,sim,"250.000,00","250.000,00","0,00","100.000,00","100.000,00","0,00",,2026-09-01,2025-12-16T18:14:28.151388
5114,2024,06107.01,sim,sim,"151.900,00","151.900,00","0,00","151.900,00","151.900,00","0,00",,2026-09-01,2025-12-16T18:14:28.151388
5115,2024,06110.01,sim,sim,"160.840,00","160.840,00","0,00","160.838,80","160.838,80","0,00",,2026-09-01,2025-12-16T18:14:28.151388
5116,2024,06116.01,sim,sim,"200.000,00","200.000,00","0,00","200.000,00","200.000,00","0,00",,2026-09-01,2025-12-16T18:14:28.151388
5117,2024,06038.01,sim,sim,"32.000,00","32.000,00","0,00","0,00","0,00","0,00",,2026-09-01,2025-12-16T18:14:28.151388
5118,2024,06049.01,sim,sim,"737.767,00","1.444.225,55","706.458,55","706.458,55","1.412.917,10","706.458,55",,2026-09-01,2025-12-16T18:14:28.151388
5119,2024,06105.01,sim,sim,"0,00","0,00","0,00","0,00","0,00","0,00",,2026-09-01,2025-12-16T18:14:28.151388
5120,2024,06047.01,sim,sim,"0,00","0,00","0,00","0,00","0,00","0,00",,2026-09-01,2025-12-16T18:14:28.151388
5125,2024,07005.01,sim,não,"500.000,00",,,"500.000,00",,,declarada só no painel dentro do período que o portal cobre — o snapshot do portal (2025-12-16) é anterior à leitura do painel,2026-09-01,2025-12-16T18:14:28.151388
5126,2024,07007.01,sim,sim,"0,00","0,00","0,00","0,00","0,00","0,00",,2026-09-01,2025-12-16T18:14:28.151388
5127,2024,07009.01,sim,sim,"1.500.000,00","1.500.000,00","0,00","1.500.000,00","1.500.000,00","0,00",,2026-09-01,2025-12-16T18:14:28.151388
5128,2024,07014.01,sim,sim,"730.000,00","730.000,00","0,00","0,00","0,00","0,00",,2026-09-01,2025-12-16T18:14:28.151388
5129,2024,07018.01,sim,sim,"1.000.000,00","1.000.000,00","0,00","0,00","0,00","0,00",,2026-09-01,2025-12-16T18:14:28.151388
5130,2024,07022.01,sim,sim,"89.156,00","89.156,00","0,00","85.739,45","85.739,45","0,00",,2026-09-01,2025-12-16T18:14:28.151388
5131,2024,07027.01,sim,sim,"60.000,00","60.000,00","0,00","51.400,00","51.400,00","0,00",,2026-09-01,2025-12-16T18:14:28.151388
5132,2024,07030.01,sim,sim,"120.000,00","120.000,00","0,00","119.911,32","119.911,32","0,00",,2026-09-01,2025-12-16T18:14:28.151388
5133,2024,07035.01,sim,sim,"120.000,00","120.000,00","0,00","74.000,00","74.000,00","0,00",,2026-09-01,2025-12-16T18:14:28.151388
5134,2024,07036.01,sim,sim,"80.000,00","80.000,00","0,00","0,00","0,00","0,00",,2026-09-01,2025-12-16T18:14:28.151388
5135,2024,07041.01,sim,sim,"200.000,00","200.000,00","0,00","199.166,81","199.166,81","0,00",,2026-09-01,2025-12-16T18:14:28.151388
5136,2024,07043.01,sim,sim,"105.000,00","105.000,00","0,00","105.000,00","105.000,00","0,00",,2026-09-01,2025-12-16T18:14:28.151388
5137,2024,07044.01,sim,sim,"20.000,00","20.000,00","0,00","0,00","0,00","0,00",,2026-09-01,2025-12-16T18:14:28.151388
5138,2024,07049.01,sim,sim,"350.000,00","350.000,00","0,00","338.680,72","338.680,72","0,00",,2026-09-01,2025-12-16T18:14:28.151388
5139,2024,07063.01,sim,sim,"498.000,00","498.000,00","0,00","497.625,00","497.625,00","0,00",,2026-09-01,2025-12-16T18:14:28.151388
5140,2024,07019.01,sim,não,"737.767,00",,,"706.458,55",,,declarada só no painel dentro do período que o portal cobre — o snapshot do portal (2025-12-16) é anterior à leitura do painel,2026-09-01,2025-12-16T18:14:28.151388
5141,2024,08010.01,sim,sim,"150.000,00","300.000,00","150.000,00","150.000,00","300.000,00","150.000,00",,2026-09-01,2025-12-16T18:14:28.151388
5142,2024,08011.01,sim,sim,"121.589,00","121.589,00","0,00","0,00","0,00","0,00",,2026-09-01,2025-12-16T18:14:28.151388
5143,2024,08012.01,sim,sim,"300.000,00","300.000,00","0,00","300.000,00","300.000,00","0,00",,2026-09-01,2025-12-16T18:14:28.151388
5144,2024,08019.01,sim,sim,"600.000,00","600.000,00","0,00","600.000,00","600.000,00","0,00",,2026-09-01,2025-12-16T18:14:28.151388
5145,2024,08020.01,sim,sim,"1.000.000,00","1.000.000,00","0,00","994.000,00","994.000,00","0,00",,2026-09-01,2025-12-16T18:14:28.151388
5146,2024,08023.01,sim,sim,"1.060.000,00","1.060.000,00","0,00","1.060.000,00","1.060.000,00","0,00",,2026-09-01,2025-12-16T18:14:28.151388
5147,2024,08026.01,sim,sim,"200.000,00","200.000,00","0,00","0,00","0,00","0,00",,2026-09-01,2025-12-16T18:14:28.151388
5148,2024,08009.01,sim,sim,"1.700.000,00","1.700.000,00","0,00","0,00","0,00","0,00",,2026-09-01,2025-12-16T18:14:28.151388
5149,2024,08013.01,sim,não,"1.700.000,00",,,"0,00",,,declarada só no painel dentro do período que o portal cobre — o snapshot do portal (2025-12-16) é anterior à leitura do painel,2026-09-01,2025-12-16T18:14:28.151388
5150,2024,08018.01,sim,não,"1.700.000,00",,,"0,00",,,declarada só no painel dentro do período que o portal cobre — o snapshot do portal (2025-12-16) é anterior à leitura do painel,2026-09-01,2025-12-16T18:14:28.151388
5155,2025,00001.01,sim,sim,"4.000.000,00","4.000.000,00","0,00","4.000.000,00","4.000.000,00","0,00",,2026-09-01,2025-12-16T18:14:28.151388
5156,2025,00002.01,sim,sim,"838.265,00","1.200.000,00","361.735,00","838.264,79","838.264,79","0,00",,2026-09-01,2025-12-16T18:14:28.151388
5157,2025,00003.01,sim,sim,"0,00","0,00","0,00","0,00","0,00","0,00",,2026-09-01,2025-12-16T18:14:28.151388
5158,2025,00004.01,sim,sim,"7.514.676,00","11.554.899,00","4.040.223,00","7.514.673,00","6.895.203,00","'-619.470,00",,2026-09-01,2025-12-16T18:14:28.151388
5159,2025,00005.01,sim,sim,"500.000,00","500.000,00","0,00","497.832,50","497.832,50","0,00",,2026-09-01,2025-12-16T18:14:28.151388
5160,2025,00006.01,sim,sim,"4.438.136,00","4.940.000,00","501.864,00","4.438.135,77","4.088.135,77","'-350.000,00",,2026-09-01,2025-12-16T18:14:28.151388
5161,2025,00007.01,sim,sim,"0,00","0,00","0,00","0,00","0,00","0,00",,2026-09-01,2025-12-16T18:14:28.151388
5162,2025,00008.01,sim,sim,"0,00","0,00","0,00","0,00","0,00","0,00",,2026-09-01,2025-12-16T18:14:28.151388
5163,2025,00009.01,sim,sim,"0,00","0,00","0,00","0,00","0,00","0,00",,2026-09-01,2025-12-16T18:14:28.151388
5164,2025,00010.01,sim,sim,"0,00","1.150.000,00","1.150.000,00","0,00","0,00","0,00",,2026-09-01,2025-12-16T18:14:28.151388
5165,2025,00011.01,sim,sim,"0,00","0,00","0,00","0,00","0,00","0,00",,2026-09-01,2025-12-16T18:14:28.151388
5166,2025,00012.01,sim,sim,"0,00","500.000,00","500.000,00","0,00","0,00","0,00",,2026-09-01,2025-12-16T18:14:28.151388
5167,2025,00013.01,sim,sim,"300.000,00","500.000,00","200.000,00","295.968,56","295.968,56","0,00",,2026-09-01,2025-12-16T18:14:28.151388
5168,2025,00014.01,sim,sim,"0,00","0,00","0,00","0,00","0,00","0,00",,2026-09-01,2025-12-16T18:14:28.151388
5169,2025,00015.01,sim,sim,"0,00","0,00","0,00","0,00","0,00","0,00",,2026-09-01,2025-12-16T18:14:28.151388
5170,2025,00016.01,sim,sim,"500.000,00","500.000,00","0,00","500.000,00","500.000,00","0,00",,2026-09-01,2025-12-16T18:14:28.151388
5171,2025,00017.01,sim,sim,"0,00","0,00","0,00","0,00","0,00","0,00",,2026-09-01,2025-12-16T18:14:28.151388
5172,2025,00018.01,sim,sim,"0,00","0,00","0,00","0,00","0,00","0,00",,2026-09-01,2025-12-16T18:14:28.151388
5173,2025,00019.01,sim,sim,"0,00","0,00","0,00","0,00","0,00","0,00",,2026-09-01,2025-12-16T18:14:28.151388
5174,2025,00020.01,sim,sim,"0,00","0,00","0,00","0,00","0,00","0,00",,2026-09-01,2025-12-16T18:14:28.151388
5175,2025,00021.01,sim,sim,"6.298.365,00","8.320.000,00","2.021.635,00","6.298.364,16","5.698.404,66","'-599.959,50",,2026-09-01,2025-12-16T18:14:28.151388
5176,2025,00022.01,sim,sim,"5.244.726,00","5.676.000,00","431.274,00","5.244.725,72","3.722.409,06","'-1.522.316,66",,2026-09-01,2025-12-16T18:14:28.151388
5177,2025,00023.01,sim,sim,"900.000,00","900.000,00","0,00","900.000,00","900.000,00","0,00",,2026-09-01,2025-12-16T18:14:28.151388
5178,2025,00024.01,sim,sim,"0,00","0,00","0,00","0,00","0,00","0,00",,2026-09-01,2025-12-16T18:14:28.151388
5179,2025,00025.01,sim,sim,"0,00","0,00","0,00","0,00","0,00","0,00",,2026-09-01,2025-12-16T18:14:28.151388
5180,2025,00026.01,sim,sim,"6.500.000,00","6.500.000,00","0,00","6.500.000,00","6.500.000,00","0,00",,2026-09-01,2025-12-16T18:14:28.151388
5181,2025,00027.01,sim,sim,"600.000,00","600.000,00","0,00","599.973,75","599.973,75","0,00",,2026-09-01,2025-12-16T18:14:28.151388
5182,2025,00028.01,sim,sim,"65.000,00","65.000,00","0,00","62.000,00","62.000,00","0,00",,2026-09-01,2025-12-16T18:14:28.151388
5183,2025,00029.01,sim,sim,"0,00","0,00","0,00","0,00","0,00","0,00",,2026-09-01,2025-12-16T18:14:28.151388
5184,2025,00030.01,sim,sim,"2.050.000,00","2.050.000,00","0,00","1.550.000,00","650.000,00","'-900.000,00",,2026-09-01,2025-12-16T18:14:28.151388
5185,2025,00031.01,sim,sim,"0,00","0,00","0,00","0,00","0,00","0,00",,2026-09-01,2025-12-16T18:14:28.151388
5186,2025,00032.01,sim,sim,"500.000,00","500.000,00","0,00","322.920,00","322.920,00","0,00",,2026-09-01,2025-12-16T18:14:28.151388
5187,2025,00033.01,sim,sim,"0,00","0,00","0,00","0,00","0,00","0,00",,2026-09-01,2025-12-16T18:14:28.151388
5188,2025,00034.01,sim,sim,"0,00","0,00","0,00","0,00","0,00","0,00",,2026-09-01,2025-12-16T18:14:28.151388
5189,2025,00035.01,sim,sim,"0,00","0,00","0,00","0,00","0,00","0,00",,2026-09-01,2025-12-16T18:14:28.151388
5190,2025,00036.01,sim,sim,"0,00","0,00","0,00","0,00","0,00","0,00",,2026-09-01,2025-12-16T18:14:28.151388
5191,2025,00037.01,sim,sim,"0,00","0,00","0,00","0,00","0,00","0,00",,2026-09-01,2025-12-16T18:14:28.151388
5192,2025,00038.01,sim,sim,"0,00","0,00","0,00","0,00","0,00","0,00",,2026-09-01,2025-12-16T18:14:28.151388
5193,2025,00039.01,sim,sim,"0,00","0,00","0,00","0,00","0,00","0,00",,2026-09-01,2025-12-16T18:14:28.151388
5194,2025,00040.01,sim,sim,"2.947.758,00","3.550.000,00","602.242,00","2.947.757,80","2.947.757,80","0,00",,2026-09-01,2025-12-16T18:14:28.151388
5195,2025,00041.01,sim,sim,"4.715.000,00","4.800.000,00","85.000,00","4.715.000,00","4.715.000,00","0,00",,2026-09-01,2025-12-16T18:14:28.151388
5196,2025,00042.01,sim,sim,"125.000,00","125.000,00","0,00","125.000,00","75.000,00","'-50.000,00",,2026-09-01,2025-12-16T18:14:28.151388
5197,2025,00043.01,sim,sim,"2.300.000,00","2.400.000,00","100.000,00","1.900.000,00","1.900.000,00","0,00",,2026-09-01,2025-12-16T18:14:28.151388
5198,2025,00044.01,sim,sim,"8.774.205,00","10.275.000,00","1.500.795,00","8.774.204,20","7.845.510,72","'-928.693,48",,2026-09-01,2025-12-16T18:14:28.151388
5199,2025,00045.01,sim,sim,"1.700.000,00","1.700.000,00","0,00","1.700.000,00","1.700.000,00","0,00",,2026-09-01,2025-12-16T18:14:28.151388
5200,2025,00046.01,sim,sim,"0,00","220.000,00","220.000,00","0,00","0,00","0,00",,2026-09-01,2025-12-16T18:14:28.151388
5201,2025,00047.01,sim,sim,"0,00","0,00","0,00","0,00","0,00","0,00",,2026-09-01,2025-12-16T18:14:28.151388
5202,2025,00048.01,sim,sim,"1.000.000,00","1.000.000,00","0,00","1.000.000,00","1.000.000,00","0,00",,2026-09-01,2025-12-16T18:14:28.151388
5203,2025,00049.01,sim,sim,"500.000,00","500.000,00","0,00","500.000,00","500.000,00","0,00",,2026-09-01,2025-12-16T18:14:28.151388
5204,2025,00050.01,sim,sim,"0,00","0,00","0,00","0,00","0,00","0,00",,2026-09-01,2025-12-16T18:14:28.151388
5205,2025,00051.01,sim,sim,"0,00","0,00","0,00","0,00","0,00","0,00",,2026-09-01,2025-12-16T18:14:28.151388
5206,2025,00052.01,sim,sim,"0,00","0,00","0,00","0,00","0,00","0,00",,2026-09-01,2025-12-16T18:14:28.151388
5207,2025,00053.01,sim,sim,"3.396.100,00","3.396.100,00","0,00","3.396.100,00","3.396.100,00","0,00",,2026-09-01,2025-12-16T18:14:28.151388
5208,2025,00054.01,sim,sim,"400.000,00","400.000,00","0,00","244.858,72","244.858,72","0,00",,2026-09-01,2025-12-16T18:14:28.151388
5209,2025,00055.01,sim,sim,"3.076.485,00","3.141.000,00","64.515,00","3.076.484,29","2.526.484,29","'-550.000,00",,2026-09-01,2025-12-16T18:14:28.151388
5210,2025,00056.01,sim,sim,"4.999.545,00","6.103.900,00","1.104.355,00","4.999.544,80","4.999.544,80","0,00",,2026-09-01,2025-12-16T18:14:28.151388
5211,2025,00057.01,sim,sim,"0,00","0,00","0,00","0,00","0,00","0,00",,2026-09-01,2025-12-16T18:14:28.151388
5212,2025,00058.01,sim,sim,"8.220.000,00","9.350.000,00","1.130.000,00","7.190.963,36","6.916.105,08","'-274.858,28",,2026-09-01,2025-12-16T18:14:28.151388
5213,2025,00059.01,sim,sim,"0,00","0,00","0,00","0,00","0,00","0,00",,2026-09-01,2025-12-16T18:14:28.151388
5214,2025,00060.01,sim,sim,"0,00","0,00","0,00","0,00","0,00","0,00",,2026-09-01,2025-12-16T18:14:28.151388
5215,2025,00061.01,sim,sim,"500.000,00","500.000,00","0,00","500.000,00","500.000,00","0,00",,2026-09-01,2025-12-16T18:14:28.151388
5216,2025,00062.01,sim,sim,"2.197.180,00","2.500.000,00","302.820,00","2.197.179,08","1.997.179,08","'-200.000,00",,2026-09-01,2025-12-16T18:14:28.151388
5217,2025,00063.01,sim,sim,"55.000,00","55.000,00","0,00","0,00","0,00","0,00",,2026-09-01,2025-12-16T18:14:28.151388
5218,2025,00064.01,sim,sim,"0,00","0,00","0,00","0,00","0,00","0,00",,2026-09-01,2025-12-16T18:14:28.151388
5219,2025,00065.01,sim,sim,"300.000,00","300.000,00","0,00","150.000,00","150.000,00","0,00",,2026-09-01,2025-12-16T18:14:28.151388
5220,2025,00066.01,sim,sim,"500.000,00","500.000,00","0,00","500.000,00","500.000,00","0,00",,2026-09-01,2025-12-16T18:14:28.151388
5221,2025,00067.01,sim,sim,"763.683,00","800.000,00","36.317,00","763.682,74","763.682,74","0,00",,2026-09-01,2025-12-16T18:14:28.151388
5222,2025,00068.01,sim,sim,"0,00","0,00","0,00","0,00","0,00","0,00",,2026-09-01,2025-12-16T18:14:28.151388
5223,2025,00069.01,sim,sim,"1.400.000,00","1.400.000,00","0,00","1.400.000,00","1.400.000,00","0,00",,2026-09-01,2025-12-16T18:14:28.151388
5224,2025,00070.01,sim,sim,"1.980.000,00","2.000.000,00","20.000,00","1.980.000,00","1.980.000,00","0,00",,2026-09-01,2025-12-16T18:14:28.151388
5225,2025,00071.01,sim,sim,"2.550.000,00","2.600.000,00","50.000,00","2.550.000,00","2.540.000,00","'-10.000,00",,2026-09-01,2025-12-16T18:14:28.151388
5226,2025,00072.01,sim,sim,"6.235.000,00","6.235.000,00","0,00","6.085.000,00","6.085.000,00","0,00",,2026-09-01,2025-12-16T18:14:28.151388
5227,2025,00073.01,sim,sim,"199.849,00","200.000,00","151,00","199.848,90","199.848,90","0,00",,2026-09-01,2025-12-16T18:14:28.151388
5228,2025,00074.01,sim,sim,"2.003.200,00","2.360.000,00","356.800,00","2.003.200,00","1.253.200,00","'-750.000,00",,2026-09-01,2025-12-16T18:14:28.151388
5229,2025,00075.01,sim,sim,"594.700,00","740.000,00","145.300,00","594.700,00","594.700,00","0,00",,2026-09-01,2025-12-16T18:14:28.151388
5230,2025,00076.01,sim,sim,"850.000,00","850.000,00","0,00","740.800,00","740.800,00","0,00",,2026-09-01,2025-12-16T18:14:28.151388
5231,2025,00077.01,sim,sim,"500.000,00","500.000,00","0,00","500.000,00","500.000,00","0,00",,2026-09-01,2025-12-16T18:14:28.151388
5232,2025,00078.01,sim,sim,"691.000,00","691.000,00","0,00","691.000,00","391.000,00","'-300.000,00",,2026-09-01,2025-12-16T18:14:28.151388
5233,2025,00079.01,sim,sim,"245.000,00","245.000,00","0,00","245.000,00","245.000,00","0,00",,2026-09-01,2025-12-16T18:14:28.151388
5234,2025,00080.01,sim,sim,"1.000.000,00","1.000.000,00","0,00","999.900,00","999.900,00","0,00",,2026-09-01,2025-12-16T18:14:28.151388
5235,2025,00081.01,sim,sim,"750.000,00","750.000,00","0,00","750.000,00","750.000,00","0,00",,2026-09-01,2025-12-16T18:14:28.151388
5236,2025,00082.01,sim,sim,"500.000,00","500.000,00","0,00","500.000,00","500.000,00","0,00",,2026-09-01,2025-12-16T18:14:28.151388
5237,2025,00083.01,sim,sim,"0,00","0,00","0,00","0,00","0,00","0,00",,2026-09-01,2025-12-16T18:14:28.151388
5238,2025,00084.01,sim,sim,"0,00","0,00","0,00","0,00","0,00","0,00",,2026-09-01,2025-12-16T18:14:28.151388
5239,2025,00085.01,sim,sim,"1.000.000,00","0,00","'-1.000.000,00","0,00","0,00","0,00",,2026-09-01,2025-12-16T18:14:28.151388
5240,2025,00086.01,sim,sim,"0,00","0,00","0,00","0,00","0,00","0,00",,2026-09-01,2025-12-16T18:14:28.151388
5241,2025,00087.01,sim,sim,"300.000,00","500.000,00","200.000,00","300.000,00","300.000,00","0,00",,2026-09-01,2025-12-16T18:14:28.151388
5242,2025,00088.01,sim,sim,"250.000,00","950.000,00","700.000,00","150.000,00","0,00","'-150.000,00",,2026-09-01,2025-12-16T18:14:28.151388
5243,2025,00089.01,sim,sim,"500.000,00","500.000,00","0,00","500.000,00","300.000,00","'-200.000,00",,2026-09-01,2025-12-16T18:14:28.151388
5244,2025,00090.01,sim,sim,"0,00","600.000,00","600.000,00","0,00","0,00","0,00",,2026-09-01,2025-12-16T18:14:28.151388
5245,2025,00091.01,sim,sim,"3.640.000,00","4.691.000,00","1.051.000,00","2.997.591,05","2.747.591,05","'-250.000,00",,2026-09-01,2025-12-16T18:14:28.151388
5246,2025,00092.01,sim,sim,"0,00","1.300.000,00","1.300.000,00","0,00","0,00","0,00",,2026-09-01,2025-12-16T18:14:28.151388
5247,2025,00093.01,sim,sim,"2.960.000,00","3.180.000,00","220.000,00","2.960.000,00","2.770.000,00","'-190.000,00",,2026-09-01,2025-12-16T18:14:28.151388
5248,2025,00094.01,sim,sim,"5.040.364,00","9.810.000,00","4.769.636,00","5.040.363,56","4.226.537,70","'-813.825,86",,2026-09-01,2025-12-16T18:14:28.151388
5249,2025,00095.01,sim,sim,"0,00","1.700.000,00","1.700.000,00","0,00","0,00","0,00",,2026-09-01,2025-12-16T18:14:28.151388
5250,2025,00096.01,sim,sim,"3.443.777,00","4.000.000,00","556.223,00","3.443.776,44","1.663.776,44","'-1.780.000,00",,2026-09-01,2025-12-16T18:14:28.151388
5251,2025,00097.01,sim,sim,"150.000,00","150.000,00","0,00","150.000,00","150.000,00","0,00",,2026-09-01,2025-12-16T18:14:28.151388
5252,2025,00098.01,sim,sim,"0,00","0,00","0,00","0,00","0,00","0,00",,2026-09-01,2025-12-16T18:14:28.151388
5253,2025,00099.01,sim,sim,"0,00","0,00","0,00","0,00","0,00","0,00",,2026-09-01,2025-12-16T18:14:28.151388
5254,2025,00100.01,sim,sim,"0,00","0,00","0,00","0,00","0,00","0,00",,2026-09-01,2025-12-16T18:14:28.151388
5255,2025,00101.01,sim,sim,"500.000,00","200.000,00","'-300.000,00","200.000,00","200.000,00","0,00",,2026-09-01,2025-12-16T18:14:28.151388
5256,2025,00102.01,sim,sim,"1.150.000,00","1.450.000,00","300.000,00","1.150.000,00","1.150.000,00","0,00",,2026-09-01,2025-12-16T18:14:28.151388
5257,2025,00103.01,sim,sim,"600.000,00","600.000,00","0,00","599.953,47","599.953,47","0,00",,2026-09-01,2025-12-16T18:14:28.151388
5258,2025,00104.01,sim,sim,"0,00","0,00","0,00","0,00","0,00","0,00",,2026-09-01,2025-12-16T18:14:28.151388
5259,2025,00105.01,sim,sim,"1.050.000,00","1.050.000,00","0,00","500.000,00","500.000,00","0,00",,2026-09-01,2025-12-16T18:14:28.151388
5260,2025,00106.01,sim,sim,"0,00","0,00","0,00","0,00","0,00","0,00",,2026-09-01,2025-12-16T18:14:28.151388
5261,2025,00107.01,sim,sim,"0,00","0,00","0,00","0,00","0,00","0,00",,2026-09-01,2025-12-16T18:14:28.151388
5262,2025,00108.01,sim,sim,"4.420.000,00","4.500.000,00","80.000,00","4.420.000,00","4.420.000,00","0,00",,2026-09-01,2025-12-16T18:14:28.151388
5263,2025,00109.01,sim,sim,"5.261.712,00","5.750.000,00","488.288,00","5.261.711,97","3.261.711,97","'-2.000.000,00",,2026-09-01,2025-12-16T18:14:28.151388
5264,2025,00110.01,sim,sim,"9.243.950,00","11.243.950,00","2.000.000,00","8.383.433,00","8.383.433,00","0,00",,2026-09-01,2025-12-16T18:14:28.151388
5265,2025,00111.01,sim,sim,"0,00","0,00","0,00","0,00","0,00","0,00",,2026-09-01,2025-12-16T18:14:28.151388
5266,2025,00112.01,sim,sim,"0,00","0,00","0,00","0,00","0,00","0,00",,2026-09-01,2025-12-16T18:14:28.151388
5267,2025,00113.01,sim,sim,"0,00","0,00","0,00","0,00","0,00","0,00",,2026-09-01,2025-12-16T18:14:28.151388
5268,2025,00114.01,sim,sim,"0,00","0,00","0,00","0,00","0,00","0,00",,2026-09-01,2025-12-16T18:14:28.151388
5269,2025,00115.01,sim,sim,"500.000,00","500.000,00","0,00","500.000,00","500.000,00","0,00",,2026-09-01,2025-12-16T18:14:28.151388
5270,2025,00116.01,sim,sim,"1.797.568,00","1.797.568,00","0,00","1.497.511,16","997.567,20","'-499.943,96",,2026-09-01,2025-12-16T18:14:28.151388
5271,2025,00117.01,sim,sim,"2.800.000,00","2.800.000,00","0,00","2.800.000,00","2.800.000,00","0,00",,2026-09-01,2025-12-16T18:14:28.151388
5272,2025,00118.01,sim,sim,"0,00","0,00","0,00","0,00","0,00","0,00",,2026-09-01,2025-12-16T18:14:28.151388
5273,2025,00119.01,sim,sim,"0,00","0,00","0,00","0,00","0,00","0,00",,2026-09-01,2025-12-16T18:14:28.151388
5274,2025,00120.01,sim,sim,"4.379.322,00","4.784.384,00","405.062,00","4.379.321,45","4.229.321,02","'-150.000,43",,2026-09-01,2025-12-16T18:14:28.151388
5275,2025,00121.01,sim,sim,"2.000.000,00","2.000.000,00","0,00","2.000.000,00","0,00","'-2.000.000,00",,2026-09-01,2025-12-16T18:14:28.151388
5276,2025,00122.01,sim,sim,"2.000.000,00","3.200.000,00","1.200.000,00","1.650.000,00","1.650.000,00","0,00",,2026-09-01,2025-12-16T18:14:28.151388
5277,2025,00123.01,sim,sim,"3.065.078,00","3.545.148,00","480.070,00","3.060.743,45","1.689.929,06","'-1.370.814,39",,2026-09-01,2025-12-16T18:14:28.151388
5278,2025,00124.01,sim,sim,"0,00","0,00","0,00","0,00","0,00","0,00",,2026-09-01,2025-12-16T18:14:28.151388
5279,2025,00125.01,sim,sim,"1.104.977,00","1.500.000,00","395.023,00","1.104.976,36","1.104.976,36","0,00",,2026-09-01,2025-12-16T18:14:28.151388
5280,2025,00126.01,sim,sim,"3.577.901,00","4.712.901,00","1.135.000,00","3.577.900,00","3.207.900,00","'-370.000,00",,2026-09-01,2025-12-16T18:14:28.151388
5281,2025,00183.01,sim,sim,"2.135.000,00","2.235.000,00","100.000,00","1.940.182,78","1.940.182,78","0,00",,2026-09-01,2025-12-16T18:14:28.151388
5282,2025,00184.01,sim,sim,"300.000,00","300.000,00","0,00","300.000,00","300.000,00","0,00",,2026-09-01,2025-12-16T18:14:28.151388
5283,2025,00185.01,sim,sim,"0,00","0,00","0,00","0,00","0,00","0,00",,2026-09-01,2025-12-16T18:14:28.151388
5284,2025,00186.01,sim,sim,"0,00","0,00","0,00","0,00","0,00","0,00",,2026-09-01,2025-12-16T18:14:28.151388
5285,2025,00187.01,sim,sim,"1.445.000,00","3.124.000,00","1.679.000,00","1.445.000,00","1.345.000,00","'-100.000,00",,2026-09-01,2025-12-16T18:14:28.151388
5286,2025,00188.01,sim,sim,"737.415,00","750.000,00","12.585,00","737.414,11","737.414,11","0,00",,2026-09-01,2025-12-16T18:14:28.151388
5287,2025,00189.01,sim,sim,"585.000,00","585.000,00","0,00","585.000,00","585.000,00","0,00",,2026-09-01,2025-12-16T18:14:28.151388
5288,2025,00190.01,sim,sim,"915.838,00","1.000.000,00","84.162,00","915.838,00","915.838,00","0,00",,2026-09-01,2025-12-16T18:14:28.151388
5289,2025,00191.01,sim,sim,"0,00","2.000.000,00","2.000.000,00","0,00","0,00","0,00",,2026-09-01,2025-12-16T18:14:28.151388
5290,2025,00192.01,sim,sim,"2.000.000,00","2.000.000,00","0,00","2.000.000,00","2.000.000,00","0,00",,2026-09-01,2025-12-16T18:14:28.151388
5291,2025,00193.01,sim,sim,"1.500.000,00","1.500.000,00","0,00","1.500.000,00","1.500.000,00","0,00",,2026-09-01,2025-12-16T18:14:28.151388
5292,2025,00194.01,sim,sim,"8.300.000,00","9.520.000,00","1.220.000,00","8.299.935,31","5.599.935,31","'-2.700.000,00",,2026-09-01,2025-12-16T18:14:28.151388
5293,2025,00195.01,sim,sim,"9.010.120,00","9.250.000,00","239.880,00","9.010.119,79","7.561.270,59","'-1.448.849,20",,2026-09-01,2025-12-16T18:14:28.151388
5294,2025,00196.01,sim,sim,"0,00","0,00","0,00","0,00","0,00","0,00",,2026-09-01,2025-12-16T18:14:28.151388
5295,2025,00197.01,sim,sim,"2.150.000,00","2.150.000,00","0,00","2.149.991,56","2.149.991,56","0,00",,2026-09-01,2025-12-16T18:14:28.151388
5296,2025,00198.01,sim,sim,"3.890.954,00","3.900.000,00","9.046,00","3.890.953,21","3.740.953,21","'-150.000,00",,2026-09-01,2025-12-16T18:14:28.151388
5297,2025,00199.01,sim,sim,"1.845.000,00","2.191.000,00","346.000,00","1.845.000,00","1.845.000,00","0,00",,2026-09-01,2025-12-16T18:14:28.151388
5298,2025,00201.01,sim,sim,"0,00","0,00","0,00","0,00","0,00","0,00",,2026-09-01,2025-12-16T18:14:28.151388
5299,2025,00202.01,sim,sim,"0,00","0,00","0,00","0,00","0,00","0,00",,2026-09-01,2025-12-16T18:14:28.151388
5300,2025,00203.01,sim,sim,"0,00","0,00","0,00","0,00","0,00","0,00",,2026-09-01,2025-12-16T18:14:28.151388
5301,2025,00204.01,sim,sim,"0,00","0,00","0,00","0,00","0,00","0,00",,2026-09-01,2025-12-16T18:14:28.151388
5302,2025,00205.01,sim,sim,"16.299,00","130.000,00","113.701,00","16.298,79","26.675,74","10.376,95",,2026-09-01,2025-12-16T18:14:28.151388
5303,2025,00206.01,sim,sim,"26.284,00","150.000,00","123.716,00","26.071,20","26.283,20","212,00",,2026-09-01,2025-12-16T18:14:28.151388
5304,2025,00207.01,sim,sim,"0,00","0,00","0,00","0,00","0,00","0,00",,2026-09-01,2025-12-16T18:14:28.151388
5305,2025,00208.01,sim,sim,"987.692,00","1.000.000,00","12.308,00","987.691,24","993.824,69","6.133,45",,2026-09-01,2025-12-16T18:14:28.151388
5306,2025,00209.01,sim,sim,"100.000,00","100.000,00","0,00","99.904,23","99.904,23","0,00",,2026-09-01,2025-12-16T18:14:28.151388
5307,2025,00210.01,sim,sim,"1.199.635,00","1.200.000,00","365,00","1.199.634,20","1.199.634,20","0,00",,2026-09-01,2025-12-16T18:14:28.151388
5308,2025,00211.01,sim,sim,"20.000,00","20.000,00","0,00","0,00","0,00","0,00",,2026-09-01,2025-12-16T18:14:28.151388
5309,2025,00212.01,sim,sim,"500.000,00","500.000,00","0,00","500.000,00","500.000,00","0,00",,2026-09-01,2025-12-16T18:14:28.151388
5310,2025,00213.01,sim,sim,"100.000,00","100.000,00","0,00","78.576,80","98.488,00","19.911,20",,2026-09-01,2025-12-16T18:14:28.151388
5311,2025,00214.01,sim,sim,"0,00","0,00","0,00","0,00","0,00","0,00",,2026-09-01,2025-12-16T18:14:28.151388
5312,2025,00215.01,sim,sim,"0,00","0,00","0,00","0,00","0,00","0,00",,2026-09-01,2025-12-16T18:14:28.151388
5313,2025,00216.01,sim,sim,"0,00","1.000.000,00","1.000.000,00","0,00","0,00","0,00",,2026-09-01,2025-12-16T18:14:28.151388
5314,2025,00217.01,sim,sim,"7.471.678,00","10.880.000,00","3.408.322,00","7.471.676,08","7.271.676,08","'-200.000,00",,2026-09-01,2025-12-16T18:14:28.151388
5315,2025,00218.01,sim,sim,"0,00","0,00","0,00","0,00","0,00","0,00",,2026-09-01,2025-12-16T18:14:28.151388
5316,2025,00219.01,sim,sim,"0,00","0,00","0,00","0,00","0,00","0,00",,2026-09-01,2025-12-16T18:14:28.151388
5317,2025,00220.01,sim,sim,"575.704,00","1.400.000,00","824.296,00","575.703,19","575.703,19","0,00",,2026-09-01,2025-12-16T18:14:28.151388
5318,2025,00221.01,sim,sim,"3.500.000,00","3.500.000,00","0,00","3.500.000,00","3.500.000,00","0,00",,2026-09-01,2025-12-16T18:14:28.151388
5319,2025,00222.01,sim,sim,"4.695.000,00","4.720.000,00","25.000,00","4.357.500,00","4.357.500,00","0,00",,2026-09-01,2025-12-16T18:14:28.151388
5320,2025,00223.01,sim,sim,"100.000,00","100.000,00","0,00","99.003,11","99.003,11","0,00",,2026-09-01,2025-12-16T18:14:28.151388
5321,2025,00224.01,sim,sim,"125.000,00","125.000,00","0,00","75.037,66","75.037,66","0,00",,2026-09-01,2025-12-16T18:14:28.151388
5322,2025,00225.01,sim,sim,"1.544.359,00","1.711.000,00","166.641,00","1.544.357,78","1.324.357,78","'-220.000,00",,2026-09-01,2025-12-16T18:14:28.151388
5323,2025,00226.01,sim,sim,"400.000,00","450.000,00","50.000,00","400.000,00","400.000,00","0,00",,2026-09-01,2025-12-16T18:14:28.151388
5324,2025,00227.01,sim,sim,"715.981,00","1.531.000,00","815.019,00","715.980,95","640.980,95","'-75.000,00",,2026-09-01,2025-12-16T18:14:28.151388
5325,2025,00228.01,sim,sim,"0,00","0,00","0,00","0,00","0,00","0,00",,2026-09-01,2025-12-16T18:14:28.151388
5326,2025,00229.01,sim,sim,"4.619.690,00","5.643.000,00","1.023.310,00","4.590.691,95","3.390.691,95","'-1.200.000,00",,2026-09-01,2025-12-16T18:14:28.151388
5327,2025,00230.01,sim,sim,"1.978.574,00","3.819.525,00","1.840.951,00","1.961.851,43","1.961.851,43","0,00",,2026-09-01,2025-12-16T18:14:28.151388
5328,2025,00231.01,sim,sim,"0,00","0,00","0,00","0,00","0,00","0,00",,2026-09-01,2025-12-16T18:14:28.151388
5329,2025,00232.01,sim,sim,"0,00","0,00","0,00","0,00","0,00","0,00",,2026-09-01,2025-12-16T18:14:28.151388
5330,2025,00233.01,sim,sim,"3.199.994,00","3.300.000,00","100.006,00","3.199.993,29","3.199.993,29","0,00",,2026-09-01,2025-12-16T18:14:28.151388
5331,2025,00234.01,sim,sim,"500.000,00","500.000,00","0,00","500.000,00","0,00","'-500.000,00",,2026-09-01,2025-12-16T18:14:28.151388
5332,2025,00235.01,sim,sim,"2.674.990,00","2.780.300,00","105.310,00","2.674.989,03","2.674.989,03","0,00",,2026-09-01,2025-12-16T18:14:28.151388
5333,2025,00236.01,sim,sim,"150.000,00","150.000,00","0,00","127.023,09","127.023,09","0,00",,2026-09-01,2025-12-16T18:14:28.151388
5334,2025,00237.01,sim,sim,"340.000,00","640.000,00","300.000,00","339.837,52","339.837,52","0,00",,2026-09-01,2025-12-16T18:14:28.151388
5335,2025,00238.01,sim,sim,"0,00","0,00","0,00","0,00","0,00","0,00",,2026-09-01,2025-12-16T18:14:28.151388
5336,2025,00239.01,sim,sim,"0,00","0,00","0,00","0,00","0,00","0,00",,2026-09-01,2025-12-16T18:14:28.151388
5337,2025,00240.01,sim,sim,"2.549.700,00","2.549.700,00","0,00","2.549.700,00","2.549.700,00","0,00",,2026-09-01,2025-12-16T18:14:28.151388
5338,2025,00241.01,sim,sim,"0,00","0,00","0,00","0,00","0,00","0,00",,2026-09-01,2025-12-16T18:14:28.151388
5339,2025,00242.01,sim,sim,"0,00","0,00","0,00","0,00","0,00","0,00",,2026-09-01,2025-12-16T18:14:28.151388
5340,2025,00243.01,sim,sim,"0,00","0,00","0,00","0,00","0,00","0,00",,2026-09-01,2025-12-16T18:14:28.151388
5341,2025,00244.01,sim,sim,"0,00","0,00","0,00","0,00","0,00","0,00",,2026-09-01,2025-12-16T18:14:28.151388
5342,2025,00245.01,sim,sim,"500.000,00","500.000,00","0,00","500.000,00","500.000,00","0,00",,2026-09-01,2025-12-16T18:14:28.151388
5343,2025,00246.01,sim,sim,"0,00","0,00","0,00","0,00","0,00","0,00",,2026-09-01,2025-12-16T18:14:28.151388
5344,2025,00247.01,sim,sim,"200.000,00","200.000,00","0,00","200.000,00","200.000,00","0,00",,2026-09-01,2025-12-16T18:14:28.151388
5345,2025,00248.01,sim,sim,"300.000,00","300.000,00","0,00","0,00","0,00","0,00",,2026-09-01,2025-12-16T18:14:28.151388
5346,2025,00249.01,sim,sim,"0,00","0,00","0,00","0,00","0,00","0,00",,2026-09-01,2025-12-16T18:14:28.151388
5347,2025,00250.01,sim,sim,"2.396.879,00","2.500.000,00","103.121,00","2.396.878,08","2.396.878,08","0,00",,2026-09-01,2025-12-16T18:14:28.151388
5348,2025,00251.01,sim,sim,"1.000.000,00","1.000.000,00","0,00","999.999,60","999.999,60","0,00",,2026-09-01,2025-12-16T18:14:28.151388
5349,2025,00252.01,sim,sim,"3.085.460,00","3.291.000,00","205.540,00","3.085.460,00","2.980.460,00","'-105.000,00",,2026-09-01,2025-12-16T18:14:28.151388
5350,2025,00253.01,sim,sim,"0,00","0,00","0,00","0,00","0,00","0,00",,2026-09-01,2025-12-16T18:14:28.151388
5351,2025,00254.01,sim,sim,"300.000,00","300.000,00","0,00","180.000,00","60.000,00","'-120.000,00",,2026-09-01,2025-12-16T18:14:28.151388
5352,2025,00255.01,sim,sim,"0,00","0,00","0,00","0,00","0,00","0,00",,2026-09-01,2025-12-16T18:14:28.151388
5353,2025,00256.01,sim,sim,"995.000,00","995.000,00","0,00","960.160,41","529.446,49","'-430.713,92",,2026-09-01,2025-12-16T18:14:28.151388
5354,2025,00257.01,sim,sim,"2,00","500.000,00","499.998,00","0,00","0,00","0,00",,2026-09-01,2025-12-16T18:14:28.151388
5355,2025,00258.01,sim,sim,"0,00","0,00","0,00","0,00","0,00","0,00",,2026-09-01,2025-12-16T18:14:28.151388
5356,2025,00259.01,sim,sim,"0,00","0,00","0,00","0,00","0,00","0,00",,2026-09-01,2025-12-16T18:14:28.151388
5357,2025,00260.01,sim,sim,"0,00","0,00","0,00","0,00","0,00","0,00",,2026-09-01,2025-12-16T18:14:28.151388
5358,2025,00261.01,sim,sim,"0,00","0,00","0,00","0,00","0,00","0,00",,2026-09-01,2025-12-16T18:14:28.151388
5359,2025,00262.01,sim,sim,"2.000.000,00","2.000.000,00","0,00","0,00","2.000.000,00","2.000.000,00",,2026-09-01,2025-12-16T18:14:28.151388
5360,2025,00263.01,sim,sim,"2.996.878,00","3.165.870,00","168.992,00","2.996.877,98","2.198.047,28","'-798.830,70",,2026-09-01,2025-12-16T18:14:28.151388
5361,2025,00264.01,sim,sim,"0,00","450.000,00","450.000,00","0,00","0,00","0,00",,2026-09-01,2025-12-16T18:14:28.151388
5362,2025,00265.01,sim,sim,"3.250.000,00","4.410.000,00","1.160.000,00","3.250.000,00","3.250.000,00","0,00",,2026-09-01,2025-12-16T18:14:28.151388
5363,2025,00266.01,sim,sim,"1.886.000,00","2.732.130,00","846.130,00","1.886.000,00","1.886.000,00","0,00",,2026-09-01,2025-12-16T18:14:28.151388
5364,2025,00267.01,sim,sim,"1.000.000,00","1.000.000,00","0,00","1.000.000,00","1.000.000,00","0,00",,2026-09-01,2025-12-16T18:14:28.151388
5365,2025,00268.01,sim,sim,"1.350.000,00","1.350.000,00","0,00","1.350.000,00","750.000,00","'-600.000,00",,2026-09-01,2025-12-16T18:14:28.151388
5366,2025,00269.01,sim,sim,"0,00","0,00","0,00","0,00","0,00","0,00",,2026-09-01,2025-12-16T18:14:28.151388
5367,2025,00270.01,sim,sim,"300.000,00","300.000,00","0,00","300.000,00","300.000,00","0,00",,2026-09-01,2025-12-16T18:14:28.151388
5368,2025,00271.01,sim,sim,"950.000,00","1.400.000,00","450.000,00","199.986,72","199.986,72","0,00",,2026-09-01,2025-12-16T18:14:28.151388
5369,2025,00272.01,sim,sim,"0,00","0,00","0,00","0,00","0,00","0,00",,2026-09-01,2025-12-16T18:14:28.151388
5370,2025,00273.01,sim,sim,"350.000,00","350.000,00","0,00","0,00","0,00","0,00",,2026-09-01,2025-12-16T18:14:28.151388
5371,2025,00274.01,sim,sim,"100.000,00","100.000,00","0,00","100.000,00","100.000,00","0,00",,2026-09-01,2025-12-16T18:14:28.151388
5372,2025,00275.01,sim,sim,"200.000,00","200.000,00","0,00","200.000,00","200.000,00","0,00",,2026-09-01,2025-12-16T18:14:28.151388
5373,2025,00276.01,sim,sim,"1.102.020,00","3.200.000,00","2.097.980,00","1.102.019,52","3.200.000,00","2.097.980,48",,2026-09-01,2025-12-16T18:14:28.151388
5374,2025,00277.01,sim,sim,"2.000.000,00","2.000.000,00","0,00","2.000.000,00","2.000.000,00","0,00",,2026-09-01,2025-12-16T18:14:28.151388
5375,2025,00278.01,sim,sim,"0,00","0,00","0,00","0,00","0,00","0,00",,2026-09-01,2025-12-16T18:14:28.151388
5376,2025,00279.01,sim,sim,"1.000.000,00","1.500.000,00","500.000,00","1.000.000,00","1.000.000,00","0,00",,2026-09-01,2025-12-16T18:14:28.151388
5377,2025,00280.01,sim,sim,"2.000.000,00","2.000.000,00","0,00","2.000.000,00","2.000.000,00","0,00",,2026-09-01,2025-12-16T18:14:28.151388
5378,2025,00281.01,sim,sim,"0,00","0,00","0,00","0,00","0,00","0,00",,2026-09-01,2025-12-16T18:14:28.151388
5379,2025,00282.01,sim,sim,"1.970.000,00","1.970.000,00","0,00","1.970.000,00","1.920.000,00","'-50.000,00",,2026-09-01,2025-12-16T18:14:28.151388
5380,2025,00283.01,sim,sim,"1.690.000,00","2.100.000,00","410.000,00","1.690.000,00","1.240.000,00","'-450.000,00",,2026-09-01,2025-12-16T18:14:28.151388
5381,2025,00284.01,sim,sim,"300.000,00","300.000,00","0,00","0,00","0,00","0,00",,2026-09-01,2025-12-16T18:14:28.151388
5382,2025,00285.01,sim,sim,"600.000,00","600.000,00","0,00","551.710,72","551.710,72","0,00",,2026-09-01,2025-12-16T18:14:28.151388
5383,2025,00286.01,sim,sim,"0,00","0,00","0,00","0,00","0,00","0,00",,2026-09-01,2025-12-16T18:14:28.151388
5384,2025,00287.01,sim,sim,"0,00","500.000,00","500.000,00","0,00","0,00","0,00",,2026-09-01,2025-12-16T18:14:28.151388
5385,2025,00288.01,sim,sim,"1.788.884,00","3.100.000,00","1.311.116,00","1.788.883,74","1.788.883,74","0,00",,2026-09-01,2025-12-16T18:14:28.151388
5386,2025,00289.01,sim,sim,"529.765,00","600.000,00","70.235,00","529.300,68","529.300,68","0,00",,2026-09-01,2025-12-16T18:14:28.151388
5387,2025,00290.01,sim,sim,"200.000,00","200.000,00","0,00","0,00","0,00","0,00",,2026-09-01,2025-12-16T18:14:28.151388
5388,2025,00291.01,sim,sim,"12.800.000,00","12.900.000,00","100.000,00","9.900.000,00","9.450.000,00","'-450.000,00",,2026-09-01,2025-12-16T18:14:28.151388
5389,2025,00292.01,sim,sim,"0,00","0,00","0,00","0,00","0,00","0,00",,2026-09-01,2025-12-16T18:14:28.151388
5390,2025,00293.01,sim,sim,"100.000,00","400.000,00","300.000,00","100.000,00","100.000,00","0,00",,2026-09-01,2025-12-16T18:14:28.151388
5391,2025,00294.01,sim,sim,"1.950.000,00","2.521.000,00","571.000,00","1.950.000,00","800.000,00","'-1.150.000,00",,2026-09-01,2025-12-16T18:14:28.151388
5392,2025,00295.01,sim,sim,"450.000,00","650.000,00","200.000,00","449.995,37","450.000,00","4,63",,2026-09-01,2025-12-16T18:14:28.151388
5393,2025,00296.01,sim,sim,"0,00","0,00","0,00","0,00","0,00","0,00",,2026-09-01,2025-12-16T18:14:28.151388
5394,2025,00297.01,sim,sim,"0,00","500.000,00","500.000,00","0,00","0,00","0,00",,2026-09-01,2025-12-16T18:14:28.151388
5395,2025,00298.01,sim,sim,"440.000,00","600.000,00","160.000,00","440.000,00","440.000,00","0,00",,2026-09-01,2025-12-16T18:14:28.151388
5396,2025,00299.01,sim,sim,"0,00","0,00","0,00","0,00","0,00","0,00",,2026-09-01,2025-12-16T18:14:28.151388
5397,2025,00300.01,sim,sim,"22.000,00","22.000,00","0,00","22.000,00","22.000,00","0,00",,2026-09-01,2025-12-16T18:14:28.151388
5398,2025,00301.01,sim,sim,"1.858.674,00","2.240.000,00","381.326,00","1.858.673,88","1.858.673,88","0,00",,2026-09-01,2025-12-16T18:14:28.151388
5399,2025,00302.01,sim,sim,"0,00","680.000,00","680.000,00","0,00","0,00","0,00",,2026-09-01,2025-12-16T18:14:28.151388
5400,2025,00303.01,sim,sim,"0,00","0,00","0,00","0,00","0,00","0,00",,2026-09-01,2025-12-16T18:14:28.151388
5401,2025,00304.01,sim,sim,"0,00","120.000,00","120.000,00","0,00","0,00","0,00",,2026-09-01,2025-12-16T18:14:28.151388
5402,2025,00305.01,sim,sim,"180.000,00","180.000,00","0,00","131.115,46","131.115,46","0,00",,2026-09-01,2025-12-16T18:14:28.151388
5403,2025,00306.01,sim,sim,"0,00","450.000,00","450.000,00","0,00","0,00","0,00",,2026-09-01,2025-12-16T18:14:28.151388
5404,2025,00307.01,sim,sim,"0,00","180.000,00","180.000,00","0,00","0,00","0,00",,2026-09-01,2025-12-16T18:14:28.151388
5405,2025,00308.01,sim,sim,"0,00","0,00","0,00","0,00","0,00","0,00",,2026-09-01,2025-12-16T18:14:28.151388
5406,2025,00309.01,sim,sim,"600.000,00","1.200.000,00","600.000,00","0,00","0,00","0,00",,2026-09-01,2025-12-16T18:14:28.151388
5407,2025,00310.01,sim,sim,"0,00","400.000,00","400.000,00","0,00","0,00","0,00",,2026-09-01,2025-12-16T18:14:28.151388
5408,2025,00311.01,sim,sim,"300.000,00","500.000,00","200.000,00","0,00","0,00","0,00",,2026-09-01,2025-12-16T18:14:28.151388
5409,2025,00312.01,sim,sim,"0,00","0,00","0,00","0,00","0,00","0,00",,2026-09-01,2025-12-16T18:14:28.151388
5410,2025,00313.01,sim,sim,"0,00","0,00","0,00","0,00","0,00","0,00",,2026-09-01,2025-12-16T18:14:28.151388
5411,2025,00314.01,sim,sim,"300.000,00","300.000,00","0,00","0,00","0,00","0,00",,2026-09-01,2025-12-16T18:14:28.151388
5412,2025,00315.01,sim,sim,"5.429.992,00","6.950.000,00","1.520.008,00","5.429.991,04","4.049.991,04","'-1.380.000,00",,2026-09-01,2025-12-16T18:14:28.151388
5413,2025,00316.01,sim,sim,"0,00","0,00","0,00","0,00","0,00","0,00",,2026-09-01,2025-12-16T18:14:28.151388
5414,2025,00317.01,sim,sim,"6.928.000,00","7.629.000,00","701.000,00","6.928.000,00","6.748.000,00","'-180.000,00",,2026-09-01,2025-12-16T18:14:28.151388
5415,2025,00318.01,sim,sim,"1.000.000,00","1.000.000,00","0,00","999.598,00","999.598,00","0,00",,2026-09-01,2025-12-16T18:14:28.151388
5416,2025,00319.01,sim,sim,"3.000.000,00","3.000.000,00","0,00","1.800.000,00","1.100.000,00","'-700.000,00",,2026-09-01,2025-12-16T18:14:28.151388
5417,2025,00320.01,sim,sim,"900.000,00","900.000,00","0,00","860.505,24","0,00","'-860.505,24",,2026-09-01,2025-12-16T18:14:28.151388
5418,2025,00321.01,sim,sim,"200.000,00","200.000,00","0,00","200.000,00","200.000,00","0,00",,2026-09-01,2025-12-16T18:14:28.151388
5419,2025,00322.01,sim,sim,"200.000,00","200.000,00","0,00","200.000,00","200.000,00","0,00",,2026-09-01,2025-12-16T18:14:28.151388
5420,2025,00323.01,sim,sim,"400.000,00","400.000,00","0,00","400.000,00","400.000,00","0,00",,2026-09-01,2025-12-16T18:14:28.151388
5421,2025,00324.01,sim,sim,"0,00","0,00","0,00","0,00","0,00","0,00",,2026-09-01,2025-12-16T18:14:28.151388
5422,2025,00325.01,sim,sim,"0,00","0,00","0,00","0,00","0,00","0,00",,2026-09-01,2025-12-16T18:14:28.151388
5423,2025,00326.01,sim,sim,"500.000,00","500.000,00","0,00","500.000,00","500.000,00","0,00",,2026-09-01,2025-12-16T18:14:28.151388
5424,2025,00327.01,sim,sim,"0,00","0,00","0,00","0,00","0,00","0,00",,2026-09-01,2025-12-16T18:14:28.151388
5425,2025,00328.01,sim,sim,"1.450.000,00","1.500.000,00","50.000,00","1.450.000,00","1.410.000,00","'-40.000,00",,2026-09-01,2025-12-16T18:14:28.151388
5426,2025,00329.01,sim,sim,"82.944,00","500.000,00","417.056,00","82.944,00","82.944,00","0,00",,2026-09-01,2025-12-16T18:14:28.151388
5427,2025,00330.01,sim,sim,"0,00","0,00","0,00","0,00","0,00","0,00",,2026-09-01,2025-12-16T18:14:28.151388
5428,2025,00331.01,sim,sim,"0,00","0,00","0,00","0,00","0,00","0,00",,2026-09-01,2025-12-16T18:14:28.151388
5429,2025,00332.01,sim,sim,"10.245.710,00","11.741.000,00","1.495.290,00","10.235.937,95","10.035.937,95","'-200.000,00",,2026-09-01,2025-12-16T18:14:28.151388
5430,2025,00333.01,sim,sim,"2.849.867,00","3.300.000,00","450.133,00","2.848.282,36","2.268.282,36","'-580.000,00",,2026-09-01,2025-12-16T18:14:28.151388
5431,2025,00334.01,sim,sim,"3.138.515,00","3.300.000,00","161.485,00","3.138.514,12","2.877.264,12","'-261.250,00",,2026-09-01,2025-12-16T18:14:28.151388
5432,2025,00335.01,sim,sim,"0,00","0,00","0,00","0,00","0,00","0,00",,2026-09-01,2025-12-16T18:14:28.151388
5433,2025,00336.01,sim,sim,"0,00","0,00","0,00","0,00","0,00","0,00",,2026-09-01,2025-12-16T18:14:28.151388
5434,2025,00337.01,sim,sim,"0,00","0,00","0,00","0,00","0,00","0,00",,2026-09-01,2025-12-16T18:14:28.151388
5435,2025,00338.01,sim,sim,"3.000.000,00","3.110.000,00","110.000,00","2.999.997,85","2.999.997,85","0,00",,2026-09-01,2025-12-16T18:14:28.151388
5436,2025,00339.01,sim,sim,"1.950.000,00","2.100.000,00","150.000,00","987.089,72","637.089,72","'-350.000,00",,2026-09-01,2025-12-16T18:14:28.151388
5437,2025,00340.01,sim,sim,"0,00","1.300.000,00","1.300.000,00","0,00","0,00","0,00",,2026-09-01,2025-12-16T18:14:28.151388
5438,2025,00341.01,sim,sim,"0,00","800.000,00","800.000,00","0,00","0,00","0,00",,2026-09-01,2025-12-16T18:14:28.151388
5439,2025,00342.01,sim,sim,"580.000,00","300.000,00","'-280.000,00","300.000,00","300.000,00","0,00",,2026-09-01,2025-12-16T18:14:28.151388
5440,2025,00343.01,sim,sim,"0,00","0,00","0,00","0,00","0,00","0,00",,2026-09-01,2025-12-16T18:14:28.151388
5441,2025,00344.01,sim,sim,"350.000,00","350.000,00","0,00","350.000,00","150.000,00","'-200.000,00",,2026-09-01,2025-12-16T18:14:28.151388
5442,2025,00345.01,sim,sim,"160.000,00","160.000,00","0,00","160.000,00","160.000,00","0,00",,2026-09-01,2025-12-16T18:14:28.151388
5443,2025,00346.01,sim,sim,"100.000,00","100.000,00","0,00","59.588,92","0,00","'-59.588,92",,2026-09-01,2025-12-16T18:14:28.151388
5444,2025,00347.01,sim,sim,"0,00","100.000,00","100.000,00","0,00","0,00","0,00",,2026-09-01,2025-12-16T18:14:28.151388
5445,2025,00348.01,sim,sim,"100.000,00","420.000,00","320.000,00","99.947,44","0,00","'-99.947,44",,2026-09-01,2025-12-16T18:14:28.151388
5446,2025,00349.01,sim,sim,"0,00","100.000,00","100.000,00","0,00","0,00","0,00",,2026-09-01,2025-12-16T18:14:28.151388
5447,2025,00350.01,sim,sim,"1.200.000,00","1.400.000,00","200.000,00","1.200.000,00","1.000.000,00","'-200.000,00",,2026-09-01,2025-12-16T18:14:28.151388
5448,2025,00351.01,sim,sim,"384.500,00","489.000,00","104.500,00","384.500,00","384.500,00","0,00",,2026-09-01,2025-12-16T18:14:28.151388
5449,2025,00352.01,sim,sim,"3.400.000,00","2.000.000,00","'-1.400.000,00","2.000.000,00","2.000.000,00","0,00",,2026-09-01,2025-12-16T18:14:28.151388
5450,2025,00353.01,sim,sim,"2.108.256,00","1.800.000,00","'-308.256,00","1.673.256,00","1.745.000,00","71.744,00",,2026-09-01,2025-12-16T18:14:28.151388
5451,2025,00354.01,sim,sim,"1.000.000,00","1.000.000,00","0,00","1.000.000,00","1.000.000,00","0,00",,2026-09-01,2025-12-16T18:14:28.151388
5452,2025,00355.01,sim,sim,"0,00","500.000,00","500.000,00","0,00","0,00","0,00",,2026-09-01,2025-12-16T18:14:28.151388
5453,2025,00356.01,sim,sim,"1.000.000,00","1.000.000,00","0,00","1.000.000,00","1.000.000,00","0,00",,2026-09-01,2025-12-16T18:14:28.151388
5454,2025,00357.01,sim,sim,"7.585.000,00","9.680.000,00","2.095.000,00","7.585.000,00","5.825.000,00","'-1.760.000,00",,2026-09-01,2025-12-16T18:14:28.151388
5455,2025,00358.01,sim,sim,"0,00","0,00","0,00","0,00","0,00","0,00",,2026-09-01,2025-12-16T18:14:28.151388
5456,2025,00359.01,sim,sim,"243.000,00","561.000,00","318.000,00","242.371,80","242.371,80","0,00",,2026-09-01,2025-12-16T18:14:28.151388
5457,2025,00360.01,sim,sim,"2.640.000,00","5.280.000,00","2.640.000,00","2.639.999,99","2.449.999,99","'-190.000,00",,2026-09-01,2025-12-16T18:14:28.151388
5458,2025,00361.01,sim,sim,"4.700.000,00","4.700.000,00","0,00","4.700.000,00","4.700.000,00","0,00",,2026-09-01,2025-12-16T18:14:28.151388
5459,2025,00362.01,sim,sim,"3.132.418,00","3.850.000,00","717.582,00","2.632.417,86","2.352.417,86","'-280.000,00",,2026-09-01,2025-12-16T18:14:28.151388
5460,2025,00363.01,sim,sim,"4.117.802,00","5.280.000,00","1.162.198,00","4.117.793,62","3.329.971,43","'-787.822,19",,2026-09-01,2025-12-16T18:14:28.151388
5461,2025,00364.01,sim,sim,"4.239.101,00","4.751.000,00","511.899,00","4.239.100,84","4.138.100,84","'-101.000,00",,2026-09-01,2025-12-16T18:14:28.151388
5462,2025,00365.01,sim,sim,"1.200.000,00","1.200.000,00","0,00","1.200.000,00","1.200.000,00","0,00",,2026-09-01,2025-12-16T18:14:28.151388
5463,2025,00366.01,sim,sim,"0,00","0,00","0,00","0,00","0,00","0,00",,2026-09-01,2025-12-16T18:14:28.151388
5464,2025,00367.01,sim,sim,"490.000,00","490.000,00","0,00","490.000,00","490.000,00","0,00",,2026-09-01,2025-12-16T18:14:28.151388
5465,2025,00368.01,sim,sim,"150.000,00","150.000,00","0,00","150.000,00","0,00","'-150.000,00",,2026-09-01,2025-12-16T18:14:28.151388
5466,2025,00369.01,sim,sim,"0,00","0,00","0,00","0,00","0,00","0,00",,2026-09-01,2025-12-16T18:14:28.151388
5467,2025,00370.01,sim,sim,"50.000,00","50.000,00","0,00","49.350,40","49.850,00","499,60",,2026-09-01,2025-12-16T18:14:28.151388
5468,2025,00371.01,sim,sim,"0,00","0,00","0,00","0,00","0,00","0,00",,2026-09-01,2025-12-16T18:14:28.151388
5469,2025,00372.01,sim,sim,"400.000,00","400.000,00","0,00","0,00","0,00","0,00",,2026-09-01,2025-12-16T18:14:28.151388
5470,2025,00373.01,sim,sim,"0,00","200.000,00","200.000,00","0,00","0,00","0,00",,2026-09-01,2025-12-16T18:14:28.151388
5471,2025,00374.01,sim,sim,"0,00","0,00","0,00","0,00","0,00","0,00",,2026-09-01,2025-12-16T18:14:28.151388
5472,2025,00375.01,sim,sim,"0,00","200.000,00","200.000,00","0,00","0,00","0,00",,2026-09-01,2025-12-16T18:14:28.151388
5473,2025,00376.01,sim,sim,"0,00","450.000,00","450.000,00","0,00","0,00","0,00",,2026-09-01,2025-12-16T18:14:28.151388
5474,2025,00377.01,sim,sim,"200.000,00","200.000,00","0,00","200.000,00","200.000,00","0,00",,2026-09-01,2025-12-16T18:14:28.151388
5475,2025,00378.01,sim,sim,"200.000,00","200.000,00","0,00","0,00","0,00","0,00",,2026-09-01,2025-12-16T18:14:28.151388
5476,2025,00379.01,sim,sim,"0,00","0,00","0,00","0,00","0,00","0,00",,2026-09-01,2025-12-16T18:14:28.151388
5477,2025,00380.01,sim,sim,"600.000,00","600.000,00","0,00","568.001,00","568.001,00","0,00",,2026-09-01,2025-12-16T18:14:28.151388
5478,2025,00381.01,sim,sim,"0,00","300.000,00","300.000,00","0,00","0,00","0,00",,2026-09-01,2025-12-16T18:14:28.151388
5479,2025,00382.01,sim,sim,"100.000,00","100.000,00","0,00","91.578,30","91.578,30","0,00",,2026-09-01,2025-12-16T18:14:28.151388
5480,2025,00383.01,sim,sim,"0,00","0,00","0,00","0,00","0,00","0,00",,2026-09-01,2025-12-16T18:14:28.151388
5481,2025,00384.01,sim,sim,"0,00","0,00","0,00","0,00","0,00","0,00",,2026-09-01,2025-12-16T18:14:28.151388
5482,2025,00385.01,sim,sim,"0,00","0,00","0,00","0,00","0,00","0,00",,2026-09-01,2025-12-16T18:14:28.151388
5483,2025,00386.01,sim,sim,"0,00","0,00","0,00","0,00","0,00","0,00",,2026-09-01,2025-12-16T18:14:28.151388
5484,2025,00387.01,sim,sim,"0,00","0,00","0,00","0,00","0,00","0,00",,2026-09-01,2025-12-16T18:14:28.151388
5485,2025,00388.01,sim,sim,"0,00","0,00","0,00","0,00","0,00","0,00",,2026-09-01,2025-12-16T18:14:28.151388
5486,2025,00389.01,sim,sim,"0,00","0,00","0,00","0,00","0,00","0,00",,2026-09-01,2025-12-16T18:14:28.151388
5487,2025,00390.01,sim,sim,"391.000,00","391.000,00","0,00","367.123,01","367.123,01","0,00",,2026-09-01,2025-12-16T18:14:28.151388
5488,2025,00391.01,sim,sim,"0,00","0,00","0,00","0,00","0,00","0,00",,2026-09-01,2025-12-16T18:14:28.151388
5489,2025,00392.01,sim,sim,"838.529,00","2.400.000,00","1.561.471,00","838.528,82","838.528,82","0,00",,2026-09-01,2025-12-16T18:14:28.151388
5490,2025,00393.01,sim,sim,"1.661.600,00","3.100.000,00","1.438.400,00","1.661.600,00","1.661.600,00","0,00",,2026-09-01,2025-12-16T18:14:28.151388
5491,2025,00394.01,sim,sim,"1.874.380,00","3.600.000,00","1.725.620,00","1.874.380,00","1.874.380,00","0,00",,2026-09-01,2025-12-16T18:14:28.151388
5492,2025,00395.01,sim,sim,"750.000,00","0,00","'-750.000,00","0,00","0,00","0,00",,2026-09-01,2025-12-16T18:14:28.151388
5493,2025,00396.01,sim,sim,"1.000.000,00","1.000.000,00","0,00","888.783,00","888.783,00","0,00",,2026-09-01,2025-12-16T18:14:28.151388
5494,2025,00397.01,sim,sim,"5.447.983,00","5.450.000,00","2.017,00","5.447.982,36","5.447.982,36","0,00",,2026-09-01,2025-12-16T18:14:28.151388
5495,2025,00398.01,sim,sim,"741.775,00","1.300.000,00","558.225,00","741.774,30","741.774,30","0,00",,2026-09-01,2025-12-16T18:14:28.151388
5496,2025,00399.01,sim,sim,"1.000.000,00","1.000.000,00","0,00","1.000.000,00","1.000.000,00","0,00",,2026-09-01,2025-12-16T18:14:28.151388
5497,2025,00400.01,sim,sim,"5.538.045,00","6.350.000,00","811.955,00","5.538.044,32","4.052.006,72","'-1.486.037,60",,2026-09-01,2025-12-16T18:14:28.151388
5498,2025,00401.01,sim,sim,"0,00","0,00","0,00","0,00","0,00","0,00",,2026-09-01,2025-12-16T18:14:28.151388
5499,2025,00402.01,sim,sim,"0,00","0,00","0,00","0,00","0,00","0,00",,2026-09-01,2025-12-16T18:14:28.151388
5500,2025,00403.01,sim,sim,"100.000,00","0,00","'-100.000,00","0,00","0,00","0,00",,2026-09-01,2025-12-16T18:14:28.151388
5501,2025,00404.01,sim,sim,"0,00","0,00","0,00","0,00","0,00","0,00",,2026-09-01,2025-12-16T18:14:28.151388
5502,2025,00405.01,sim,sim,"1.650.000,00","1.650.000,00","0,00","1.644.027,98","1.244.028,00","'-399.999,98",,2026-09-01,2025-12-16T18:14:28.151388
5503,2025,00406.01,sim,sim,"0,00","0,00","0,00","0,00","0,00","0,00",,2026-09-01,2025-12-16T18:14:28.151388
5504,2025,00407.01,sim,sim,"0,00","0,00","0,00","0,00","0,00","0,00",,2026-09-01,2025-12-16T18:14:28.151388
5505,2025,00408.01,sim,sim,"2.845.204,00","3.550.000,00","704.796,00","2.845.203,44","2.096.461,21","'-748.742,23",,2026-09-01,2025-12-16T18:14:28.151388
5506,2025,00409.01,sim,sim,"0,00","0,00","0,00","0,00","0,00","0,00",,2026-09-01,2025-12-16T18:14:28.151388
5507,2025,00410.01,sim,sim,"400.000,00","500.000,00","100.000,00","400.000,00","400.000,00","0,00",,2026-09-01,2025-12-16T18:14:28.151388
5508,2025,00411.01,sim,sim,"0,00","0,00","0,00","0,00","0,00","0,00",,2026-09-01,2025-12-16T18:14:28.151388
5509,2025,00412.01,sim,sim,"3.050.000,00","3.050.000,00","0,00","3.050.000,00","3.050.000,00","0,00",,2026-09-01,2025-12-16T18:14:28.151388
5510,2025,00413.01,sim,sim,"501.000,00","501.000,00","0,00","499.986,00","0,00","'-499.986,00",,2026-09-01,2025-12-16T18:14:28.151388
5511,2025,00414.01,sim,sim,"547.910,00","700.000,00","152.090,00","547.909,38","547.909,38","0,00",,2026-09-01,2025-12-16T18:14:28.151388
5512,2025,00415.01,sim,sim,"700.000,00","700.000,00","0,00","700.000,00","700.000,00","0,00",,2026-09-01,2025-12-16T18:14:28.151388
5513,2025,00416.01,sim,sim,"3.700.000,00","3.700.000,00","0,00","3.700.000,00","3.700.000,00","0,00",,2026-09-01,2025-12-16T18:14:28.151388
5514,2025,00417.01,sim,sim,"130.000,00","130.000,00","0,00","130.000,00","130.000,00","0,00",,2026-09-01,2025-12-16T18:14:28.151388
5515,2025,00418.01,sim,sim,"550.000,00","600.000,00","50.000,00","550.000,00","200.000,00","'-350.000,00",,2026-09-01,2025-12-16T18:14:28.151388
5516,2025,00419.01,sim,sim,"4.955.000,00","4.955.000,00","0,00","4.954.507,98","2.004.955,00","'-2.949.552,98",,2026-09-01,2025-12-16T18:14:28.151388
5517,2025,00420.01,sim,sim,"0,00","0,00","0,00","0,00","0,00","0,00",,2026-09-01,2025-12-16T18:14:28.151388
5518,2025,00421.01,sim,sim,"3.029.895,00","3.350.000,00","320.105,00","3.029.894,02","2.879.894,02","'-150.000,00",,2026-09-01,2025-12-16T18:14:28.151388
5519,2025,00422.01,sim,sim,"1.890.410,00","2.285.000,00","394.590,00","1.890.409,95","1.824.999,98","'-65.409,97",,2026-09-01,2025-12-16T18:14:28.151388
5520,2025,00423.01,sim,sim,"0,00","2.000.000,00","2.000.000,00","0,00","0,00","0,00",,2026-09-01,2025-12-16T18:14:28.151388
5521,2025,00424.01,sim,sim,"148.898,00","200.000,00","51.102,00","148.897,64","148.897,64","0,00",,2026-09-01,2025-12-16T18:14:28.151388
5522,2025,00425.01,sim,sim,"37.553,00","300.000,00","262.447,00","37.552,50","37.552,50","0,00",,2026-09-01,2025-12-16T18:14:28.151388
5523,2025,00426.01,sim,sim,"200.000,00","200.000,00","0,00","200.000,00","200.000,00","0,00",,2026-09-01,2025-12-16T18:14:28.151388
5524,2025,00427.01,sim,sim,"0,00","0,00","0,00","0,00","0,00","0,00",,2026-09-01,2025-12-16T18:14:28.151388
5525,2025,00428.01,sim,sim,"0,00","0,00","0,00","0,00","0,00","0,00",,2026-09-01,2025-12-16T18:14:28.151388
5526,2025,00429.01,sim,sim,"0,00","0,00","0,00","0,00","0,00","0,00",,2026-09-01,2025-12-16T18:14:28.151388
5527,2025,00430.01,sim,sim,"394.113,00","600.000,00","205.887,00","394.112,50","394.112,50","0,00",,2026-09-01,2025-12-16T18:14:28.151388
5528,2025,00431.01,sim,sim,"0,00","350.000,00","350.000,00","0,00","0,00","0,00",,2026-09-01,2025-12-16T18:14:28.151388
5529,2025,00432.01,sim,sim,"190.498,00","200.000,00","9.502,00","190.497,86","125.418,00","'-65.079,86",,2026-09-01,2025-12-16T18:14:28.151388
5530,2025,00433.01,sim,sim,"300.000,00","300.000,00","0,00","0,00","0,00","0,00",,2026-09-01,2025-12-16T18:14:28.151388
5531,2025,00434.01,sim,sim,"1.000.000,00","1.000.000,00","0,00","1.000.000,00","1.000.000,00","0,00",,2026-09-01,2025-12-16T18:14:28.151388
5532,2025,00435.01,sim,sim,"5.804.929,00","6.550.000,00","745.071,00","5.804.928,24","5.154.928,24","'-650.000,00",,2026-09-01,2025-12-16T18:14:28.151388
5533,2025,00436.01,sim,sim,"0,00","0,00","0,00","0,00","0,00","0,00",,2026-09-01,2025-12-16T18:14:28.151388
5534,2025,00437.01,sim,sim,"0,00","0,00","0,00","0,00","0,00","0,00",,2026-09-01,2025-12-16T18:14:28.151388
5535,2025,00438.01,sim,sim,"6.330.495,00","6.600.000,00","269.505,00","6.330.493,90","5.480.493,90","'-850.000,00",,2026-09-01,2025-12-16T18:14:28.151388
5536,2025,00439.01,sim,sim,"0,00","0,00","0,00","0,00","0,00","0,00",,2026-09-01,2025-12-16T18:14:28.151388
5537,2025,00440.01,sim,sim,"2.592.544,00","3.680.000,00","1.087.456,00","2.592.543,74","2.592.543,74","0,00",,2026-09-01,2025-12-16T18:14:28.151388
5538,2025,00441.01,sim,sim,"0,00","0,00","0,00","0,00","0,00","0,00",,2026-09-01,2025-12-16T18:14:28.151388
5539,2025,00442.01,sim,sim,"0,00","0,00","0,00","0,00","0,00","0,00",,2026-09-01,2025-12-16T18:14:28.151388
5540,2025,00443.01,sim,sim,"0,00","0,00","0,00","0,00","0,00","0,00",,2026-09-01,2025-12-16T18:14:28.151388
5541,2025,00444.01,sim,sim,"14.204.000,00","18.841.000,00","4.637.000,00","14.204.000,00","13.401.700,00","'-802.300,00",,2026-09-01,2025-12-16T18:14:28.151388
5542,2025,00445.01,sim,sim,"0,00","0,00","0,00","0,00","0,00","0,00",,2026-09-01,2025-12-16T18:14:28.151388
5543,2025,00446.01,sim,sim,"2.155.000,00","2.770.000,00","615.000,00","2.155.000,00","525.000,00","'-1.630.000,00",,2026-09-01,2025-12-16T18:14:28.151388
5544,2025,00447.01,sim,sim,"0,00","1.000.000,00","1.000.000,00","0,00","0,00","0,00",,2026-09-01,2025-12-16T18:14:28.151388
5545,2025,00448.01,sim,sim,"0,00","0,00","0,00","0,00","0,00","0,00",,2026-09-01,2025-12-16T18:14:28.151388
5546,2025,00449.01,sim,sim,"0,00","0,00","0,00","0,00","0,00","0,00",,2026-09-01,2025-12-16T18:14:28.151388
5547,2025,00450.01,sim,sim,"0,00","0,00","0,00","0,00","0,00","0,00",,2026-09-01,2025-12-16T18:14:28.151388
5548,2025,00451.01,sim,sim,"0,00","0,00","0,00","0,00","0,00","0,00",,2026-09-01,2025-12-16T18:14:28.151388
5549,2025,00452.01,sim,sim,"441.000,00","441.000,00","0,00","441.000,00","441.000,00","0,00",,2026-09-01,2025-12-16T18:14:28.151388
5550,2025,00453.01,sim,sim,"0,00","0,00","0,00","0,00","0,00","0,00",,2026-09-01,2025-12-16T18:14:28.151388
5551,2025,00454.01,sim,sim,"0,00","0,00","0,00","0,00","0,00","0,00",,2026-09-01,2025-12-16T18:14:28.151388
5552,2025,00455.01,sim,sim,"250.000,00","250.000,00","0,00","197.200,00","0,00","'-197.200,00",,2026-09-01,2025-12-16T18:14:28.151388
5553,2025,00456.01,sim,sim,"0,00","0,00","0,00","0,00","0,00","0,00",,2026-09-01,2025-12-16T18:14:28.151388
5554,2025,00457.01,sim,sim,"1.071.583,00","3.200.000,00","2.128.417,00","1.071.582,76","1.071.582,76","0,00",,2026-09-01,2025-12-16T18:14:28.151388
5555,2025,00458.01,sim,sim,"1.672.441,00","4.035.000,00","2.362.559,00","1.672.440,76","1.672.440,76","0,00",,2026-09-01,2025-12-16T18:14:28.151388
5556,2025,00459.01,sim,sim,"0,00","880.000,00","880.000,00","0,00","0,00","0,00",,2026-09-01,2025-12-16T18:14:28.151388
5557,2025,00460.01,sim,sim,"0,00","0,00","0,00","0,00","0,00","0,00",,2026-09-01,2025-12-16T18:14:28.151388
5558,2025,00461.01,sim,sim,"0,00","0,00","0,00","0,00","0,00","0,00",,2026-09-01,2025-12-16T18:14:28.151388
5559,2025,00462.01,sim,sim,"9.767.600,00","16.056.100,00","6.288.500,00","9.767.600,00","9.367.600,00","'-400.000,00",,2026-09-01,2025-12-16T18:14:28.151388
5560,2025,00463.01,sim,sim,"0,00","0,00","0,00","0,00","0,00","0,00",,2026-09-01,2025-12-16T18:14:28.151388
5561,2025,00464.01,sim,sim,"408.900,00","408.900,00","0,00","397.958,62","397.946,88","'-11,74",,2026-09-01,2025-12-16T18:14:28.151388
5562,2025,00465.01,sim,sim,"350.000,00","500.000,00","150.000,00","350.000,00","350.000,00","0,00",,2026-09-01,2025-12-16T18:14:28.151388
5563,2025,00466.01,sim,sim,"0,00","0,00","0,00","0,00","0,00","0,00",,2026-09-01,2025-12-16T18:14:28.151388
5564,2025,00467.01,sim,sim,"0,00","0,00","0,00","0,00","0,00","0,00",,2026-09-01,2025-12-16T18:14:28.151388
5565,2025,00468.01,sim,sim,"370.000,00","370.000,00","0,00","326.878,00","326.878,00","0,00",,2026-09-01,2025-12-16T18:14:28.151388
5566,2025,00469.01,sim,sim,"250.000,00","250.000,00","0,00","250.000,00","250.000,00","0,00",,2026-09-01,2025-12-16T18:14:28.151388
5567,2025,00470.01,sim,sim,"51.000,00","51.000,00","0,00","51.000,00","51.000,00","0,00",,2026-09-01,2025-12-16T18:14:28.151388
5568,2025,00471.01,sim,sim,"100.000,00","100.000,00","0,00","48.190,00","48.190,00","0,00",,2026-09-01,2025-12-16T18:14:28.151388
5569,2025,00472.01,sim,sim,"0,00","0,00","0,00","0,00","0,00","0,00",,2026-09-01,2025-12-16T18:14:28.151388
5570,2025,00473.01,sim,sim,"500.000,00","500.000,00","0,00","500.000,00","500.000,00","0,00",,2026-09-01,2025-12-16T18:14:28.151388
5571,2025,00474.01,sim,sim,"0,00","0,00","0,00","0,00","0,00","0,00",,2026-09-01,2025-12-16T18:14:28.151388
5572,2025,00475.01,sim,sim,"0,00","350.000,00","350.000,00","0,00","0,00","0,00",,2026-09-01,2025-12-16T18:14:28.151388
5573,2025,00476.01,sim,sim,"0,00","0,00","0,00","0,00","0,00","0,00",,2026-09-01,2025-12-16T18:14:28.151388
5574,2025,00477.01,sim,sim,"500.000,00","500.000,00","0,00","499.244,80","499.244,80","0,00",,2026-09-01,2025-12-16T18:14:28.151388
5575,2025,00478.01,sim,sim,"400.000,00","400.000,00","0,00","0,00","0,00","0,00",,2026-09-01,2025-12-16T18:14:28.151388
5576,2025,00479.01,sim,sim,"299.899,00","300.000,00","101,00","299.899,00","299.899,00","0,00",,2026-09-01,2025-12-16T18:14:28.151388
5577,2025,00480.01,sim,sim,"0,00","0,00","0,00","0,00","0,00","0,00",,2026-09-01,2025-12-16T18:14:28.151388
5578,2025,00481.01,sim,sim,"51.850,00","51.850,00","0,00","44.657,08","44.657,08","0,00",,2026-09-01,2025-12-16T18:14:28.151388
5579,2025,00482.01,sim,sim,"4.683.000,00","7.112.052,00","2.429.052,00","4.683.000,00","4.321.000,00","'-362.000,00",,2026-09-01,2025-12-16T18:14:28.151388
5580,2025,00483.01,sim,sim,"0,00","0,00","0,00","0,00","0,00","0,00",,2026-09-01,2025-12-16T18:14:28.151388
5581,2025,00484.01,sim,sim,"0,00","0,00","0,00","0,00","0,00","0,00",,2026-09-01,2025-12-16T18:14:28.151388
5582,2025,00485.01,sim,sim,"1.289.893,00","1.550.000,00","260.107,00","1.289.892,47","1.249.992,47","'-39.900,00",,2026-09-01,2025-12-16T18:14:28.151388
5583,2025,00486.01,sim,sim,"0,00","0,00","0,00","0,00","0,00","0,00",,2026-09-01,2025-12-16T18:14:28.151388
5584,2025,00487.01,sim,sim,"4.222.059,00","4.438.600,00","216.541,00","3.986.266,81","3.939.598,24","'-46.668,57",,2026-09-01,2025-12-16T18:14:28.151388
5585,2025,00488.01,sim,sim,"260.000,00","260.000,00","0,00","259.300,00","259.300,00","0,00",,2026-09-01,2025-12-16T18:14:28.151388
5586,2025,00489.01,sim,sim,"0,00","0,00","0,00","0,00","0,00","0,00",,2026-09-01,2025-12-16T18:14:28.151388
5587,2025,00490.01,sim,sim,"5.212.798,00","5.212.798,00","0,00","5.212.426,92","4.812.426,92","'-400.000,00",,2026-09-01,2025-12-16T18:14:28.151388
5588,2025,00491.01,sim,sim,"3.579.867,00","4.000.000,00","420.133,00","3.579.866,44","3.579.866,44","0,00",,2026-09-01,2025-12-16T18:14:28.151388
5589,2025,00492.01,sim,sim,"3.150.000,00","3.150.000,00","0,00","3.141.718,14","2.691.718,14","'-450.000,00",,2026-09-01,2025-12-16T18:14:28.151388
5590,2025,00493.01,sim,sim,"0,00","0,00","0,00","0,00","0,00","0,00",,2026-09-01,2025-12-16T18:14:28.151388
5591,2025,00494.01,sim,sim,"150.000,00","220.700,00","70.700,00","150.000,00","150.000,00","0,00",,2026-09-01,2025-12-16T18:14:28.151388
5592,2025,00495.01,sim,sim,"200.000,00","200.000,00","0,00","200.000,00","200.000,00","0,00",,2026-09-01,2025-12-16T18:14:28.151388
5593,2025,00496.01,sim,sim,"300.000,00","300.000,00","0,00","300.000,00","0,00","'-300.000,00",,2026-09-01,2025-12-16T18:14:28.151388
5594,2025,00004.02,sim,sim,"5.800.000,00","5.800.000,00","0,00","991.473,25","991.473,25","0,00",,2026-09-01,2025-12-16T18:14:28.151388
5595,2025,00188.02,sim,não,"5.800.000,00",,,"991.473,25",,,declarada só no painel dentro do período que o portal cobre — o snapshot do portal (2025-12-16) é anterior à leitura do painel,2026-09-01,2025-12-16T18:14:28.151388
5596,2025,00271.02,sim,não,"5.800.000,00",,,"297.442,55",,,declarada só no painel dentro do período que o portal cobre — o snapshot do portal (2025-12-16) é anterior à leitura do painel,2026-09-01,2025-12-16T18:14:28.151388
5597,2025,00357.02,sim,não,"5.800.000,00",,,"991.473,25",,,declarada só no painel dentro do período que o portal cobre — o snapshot do portal (2025-12-16) é anterior à leitura do painel,2026-09-01,2025-12-16T18:14:28.151388
5598,2025,00389.02,sim,não,"5.800.000,00",,,"495.733,75",,,declarada só no painel dentro do período que o portal cobre — o snapshot do portal (2025-12-16) é anterior à leitura do painel,2026-09-01,2025-12-16T18:14:28.151388
5599,2025,00404.02,sim,não,"5.800.000,00",,,"991.473,25",,,declarada só no painel dentro do período que o portal cobre — o snapshot do portal (2025-12-16) é anterior à leitura do painel,2026-09-01,2025-12-16T18:14:28.151388
5600,2025,00446.02,sim,não,"5.800.000,00",,,"991.473,25",,,declarada só no painel dentro do período que o portal cobre — o snapshot do portal (2025-12-16) é anterior à leitura do painel,2026-09-01,2025-12-16T18:14:28.151388
5602,2025,01002.01,sim,sim,"100.000,00","100.000,00","0,00","100.000,00","61.028,40","'-38.971,60",,2026-09-01,2025-12-16T18:14:28.151388
5603,2025,01005.01,sim,sim,"600.000,00","600.000,00","0,00","600.000,00","600.000,00","0,00",,2026-09-01,2025-12-16T18:14:28.151388
5604,2025,01006.01,sim,sim,"500.000,00","500.000,00","0,00","0,00","0,00","0,00",,2026-09-01,2025-12-16T18:14:28.151388
5605,2025,01007.01,sim,sim,"0,00","0,00","0,00","0,00","0,00","0,00",,2026-09-01,2025-12-16T18:14:28.151388
5606,2025,01010.01,sim,sim,"0,00","1.000.000,00","1.000.000,00","0,00","0,00","0,00",,2026-09-01,2025-12-16T18:14:28.151388
5607,2025,01011.01,sim,sim,"1.500.000,00","1.500.000,00","0,00","1.499.996,30","1.499.996,30","0,00",,2026-09-01,2025-12-16T18:14:28.151388
5608,2025,01012.01,sim,sim,"1.000.000,00","1.050.000,00","50.000,00","963.902,22","1.000.000,00","36.097,78",,2026-09-01,2025-12-16T18:14:28.151388
5609,2025,01013.01,sim,sim,"500.000,00","500.000,00","0,00","500.000,00","500.000,00","0,00",,2026-09-01,2025-12-16T18:14:28.151388
5610,2025,01014.01,sim,sim,"150.000,00","150.000,00","0,00","0,00","0,00","0,00",,2026-09-01,2025-12-16T18:14:28.151388
5611,2025,01015.01,sim,sim,"0,00","0,00","0,00","0,00","0,00","0,00",,2026-09-01,2025-12-16T18:14:28.151388
5612,2025,01017.01,sim,sim,"300.000,00","300.000,00","0,00","300.000,00","300.000,00","0,00",,2026-09-01,2025-12-16T18:14:28.151388
5613,2025,01018.01,sim,sim,"200.000,00","200.000,00","0,00","151.756,83","150.115,73","'-1.641,10",,2026-09-01,2025-12-16T18:14:28.151388
5614,2025,01020.01,sim,sim,"300.000,00","300.000,00","0,00","300.000,00","300.000,00","0,00",,2026-09-01,2025-12-16T18:14:28.151388
5615,2025,01021.01,sim,sim,"0,00","1.100.000,00","1.100.000,00","0,00","0,00","0,00",,2026-09-01,2025-12-16T18:14:28.151388
5616,2025,01022.01,sim,sim,"0,00","400.000,00","400.000,00","0,00","0,00","0,00",,2026-09-01,2025-12-16T18:14:28.151388
5617,2025,01030.01,sim,sim,"0,00","0,00","0,00","0,00","0,00","0,00",,2026-09-01,2025-12-16T18:14:28.151388
5618,2025,01031.01,sim,sim,"0,00","200.000,00","200.000,00","0,00","0,00","0,00",,2026-09-01,2025-12-16T18:14:28.151388
5619,2025,01033.01,sim,sim,"0,00","300.000,00","300.000,00","0,00","0,00","0,00",,2026-09-01,2025-12-16T18:14:28.151388
5620,2025,01034.01,sim,sim,"250.000,00","250.000,00","0,00","249.799,42","0,00","'-249.799,42",,2026-09-01,2025-12-16T18:14:28.151388
5621,2025,01035.01,sim,sim,"1.000.000,00","1.000.000,00","0,00","994.687,77","994.687,77","0,00",,2026-09-01,2025-12-16T18:14:28.151388
5622,2025,01037.01,sim,sim,"30.000,00","30.000,00","0,00","0,00","0,00","0,00",,2026-09-01,2025-12-16T18:14:28.151388
5623,2025,01039.01,sim,sim,"400.000,00","400.000,00","0,00","400.000,00","400.000,00","0,00",,2026-09-01,2025-12-16T18:14:28.151388
5624,2025,01040.01,sim,sim,"0,00","0,00","0,00","0,00","0,00","0,00",,2026-09-01,2025-12-16T18:14:28.151388
5625,2025,01041.01,sim,sim,"190.000,00","190.000,00","0,00","190.000,00","190.000,00","0,00",,2026-09-01,2025-12-16T18:14:28.151388
5626,2025,01042.01,sim,sim,"700.000,00","700.000,00","0,00","700.000,00","700.000,00","0,00",,2026-09-01,2025-12-16T18:14:28.151388
5627,2025,01043.01,sim,sim,"0,00","0,00","0,00","0,00","0,00","0,00",,2026-09-01,2025-12-16T18:14:28.151388
5628,2025,01044.01,sim,sim,"300.000,00","300.000,00","0,00","300.000,00","0,00","'-300.000,00",,2026-09-01,2025-12-16T18:14:28.151388
5629,2025,01045.01,sim,sim,"150.000,00","150.000,00","0,00","150.000,00","150.000,00","0,00",,2026-09-01,2025-12-16T18:14:28.151388
5630,2025,01048.01,sim,sim,"25.000,00","25.000,00","0,00","20.752,00","20.752,00","0,00",,2026-09-01,2025-12-16T18:14:28.151388
5631,2025,01049.01,sim,sim,"30.000,00","30.000,00","0,00","21.876,00","21.876,00","0,00",,2026-09-01,2025-12-16T18:14:28.151388
5632,2025,01050.01,sim,sim,"95.000,00","95.000,00","0,00","80.052,20","75.372,20","'-4.680,00",,2026-09-01,2025-12-16T18:14:28.151388
5633,2025,01051.01,sim,sim,"9.298,00","9.298,00","0,00","7.738,00","7.738,00","0,00",,2026-09-01,2025-12-16T18:14:28.151388
5634,2025,01052.01,sim,sim,"0,00","200.000,00","200.000,00","0,00","0,00","0,00",,2026-09-01,2025-12-16T18:14:28.151388
5635,2025,01055.01,sim,sim,"400.000,00","750.000,00","350.000,00","400.000,00","400.000,00","0,00",,2026-09-01,2025-12-16T18:14:28.151388
5636,2025,01056.01,sim,sim,"0,00","0,00","0,00","0,00","0,00","0,00",,2026-09-01,2025-12-16T18:14:28.151388
5637,2025,01057.01,sim,sim,"850.000,00","2.800.000,00","1.950.000,00","850.000,00","750.000,00","'-100.000,00",,2026-09-01,2025-12-16T18:14:28.151388
5638,2025,01058.01,sim,sim,"0,00","100.000,00","100.000,00","0,00","0,00","0,00",,2026-09-01,2025-12-16T18:14:28.151388
5639,2025,01059.01,sim,sim,"1.000.000,00","1.000.000,00","0,00","970.000,00","970.000,00","0,00",,2026-09-01,2025-12-16T18:14:28.151388
5640,2025,01060.01,sim,sim,"230.000,00","500.000,00","270.000,00","230.000,00","230.000,00","0,00",,2026-09-01,2025-12-16T18:14:28.151388
5641,2025,01061.01,sim,sim,"1.500.000,00","1.500.000,00","0,00","1.500.000,00","1.500.000,00","0,00",,2026-09-01,2025-12-16T18:14:28.151388
5642,2025,01062.01,sim,sim,"320.000,00","320.000,00","0,00","196.500,00","66.900,00","'-129.600,00",,2026-09-01,2025-12-16T18:14:28.151388
5643,2025,01063.01,sim,sim,"1.500.000,00","2.500.000,00","1.000.000,00","1.500.000,00","1.200.000,00","'-300.000,00",,2026-09-01,2025-12-16T18:14:28.151388
5644,2025,01064.01,sim,sim,"250.000,00","250.000,00","0,00","250.000,00","250.000,00","0,00",,2026-09-01,2025-12-16T18:14:28.151388
5645,2025,01065.01,sim,sim,"0,00","0,00","0,00","0,00","0,00","0,00",,2026-09-01,2025-12-16T18:14:28.151388
5646,2025,01066.01,sim,sim,"400.000,00","400.000,00","0,00","398.069,00","398.069,00","0,00",,2026-09-01,2025-12-16T18:14:28.151388
5647,2025,01068.01,sim,sim,"1.180.000,00","1.180.000,00","0,00","1.178.811,79","599.000,00","'-579.811,79",,2026-09-01,2025-12-16T18:14:28.151388
5648,2025,01070.01,sim,sim,"0,00","0,00","0,00","0,00","0,00","0,00",,2026-09-01,2025-12-16T18:14:28.151388
5649,2025,01071.01,sim,sim,"0,00","0,00","0,00","0,00","0,00","0,00",,2026-09-01,2025-12-16T18:14:28.151388
5650,2025,01072.01,sim,sim,"0,00","0,00","0,00","0,00","0,00","0,00",,2026-09-01,2025-12-16T18:14:28.151388
5651,2025,01077.01,sim,sim,"500.000,00","500.000,00","0,00","500.000,00","500.000,00","0,00",,2026-09-01,2025-12-16T18:14:28.151388
5652,2025,01078.01,sim,sim,"400.000,00","400.000,00","0,00","396.000,00","396.000,00","0,00",,2026-09-01,2025-12-16T18:14:28.151388
5653,2025,01079.01,sim,sim,"300.000,00","300.000,00","0,00","268.215,49","268.215,49","0,00",,2026-09-01,2025-12-16T18:14:28.151388
5654,2025,01081.01,sim,sim,"120.000,00","120.000,00","0,00","0,00","0,00","0,00",,2026-09-01,2025-12-16T18:14:28.151388
5655,2025,01082.01,sim,sim,"750.000,00","950.000,00","200.000,00","223.324,18","223.324,18","0,00",,2026-09-01,2025-12-16T18:14:28.151388
5656,2025,01083.01,sim,sim,"0,00","0,00","0,00","0,00","0,00","0,00",,2026-09-01,2025-12-16T18:14:28.151388
5657,2025,01084.01,sim,sim,"1.653,00","100.000,00","98.347,00","1.272,50","712,50","'-560,00",,2026-09-01,2025-12-16T18:14:28.151388
5658,2025,01086.01,sim,sim,"200.000,00","200.000,00","0,00","193.419,85","193.419,85","0,00",,2026-09-01,2025-12-16T18:14:28.151388
5659,2025,01087.01,sim,sim,"100.000,00","100.000,00","0,00","46.372,50","46.372,50","0,00",,2026-09-01,2025-12-16T18:14:28.151388
5660,2025,01088.01,sim,sim,"150.000,00","150.000,00","0,00","150.000,00","150.000,00","0,00",,2026-09-01,2025-12-16T18:14:28.151388
5661,2025,01092.01,sim,sim,"0,00","400.000,00","400.000,00","0,00","0,00","0,00",,2026-09-01,2025-12-16T18:14:28.151388
5662,2025,01097.01,sim,sim,"262.193,00","530.000,00","267.807,00","262.192,76","262.192,76","0,00",,2026-09-01,2025-12-16T18:14:28.151388
5663,2025,01098.01,sim,sim,"70.000,00","70.000,00","0,00","43.255,25","52.389,15","9.133,90",,2026-09-01,2025-12-16T18:14:28.151388
5664,2025,01099.01,sim,sim,"300.000,00","300.000,00","0,00","299.967,50","299.967,50","0,00",,2026-09-01,2025-12-16T18:14:28.151388
5665,2025,01100.01,sim,sim,"70.000,00","70.000,00","0,00","68.803,90","70.000,00","1.196,10",,2026-09-01,2025-12-16T18:14:28.151388
5666,2025,01101.01,sim,sim,"300.000,00","300.000,00","0,00","300.000,00","300.000,00","0,00",,2026-09-01,2025-12-16T18:14:28.151388
5667,2025,01102.01,sim,sim,"0,00","200.000,00","200.000,00","0,00","0,00","0,00",,2026-09-01,2025-12-16T18:14:28.151388
5668,2025,01103.01,sim,sim,"399.920,00","500.000,00","100.080,00","0,00","399.920,00","399.920,00",,2026-09-01,2025-12-16T18:14:28.151388
5669,2025,01105.01,sim,sim,"80.000,00","80.000,00","0,00","80.000,00","80.000,00","0,00",,2026-09-01,2025-12-16T18:14:28.151388
5670,2025,01107.01,sim,sim,"200.000,00","200.000,00","0,00","200.000,00","200.000,00","0,00",,2026-09-01,2025-12-16T18:14:28.151388
5671,2025,01109.01,sim,sim,"0,00","0,00","0,00","0,00","0,00","0,00",,2026-09-01,2025-12-16T18:14:28.151388
5672,2025,01111.01,sim,sim,"844.071,00","1.000.000,00","155.929,00","844.070,15","920.995,20","76.925,05",,2026-09-01,2025-12-16T18:14:28.151388
5673,2025,01119.01,sim,sim,"100.000,00","100.000,00","0,00","96.785,20","96.785,20","0,00",,2026-09-01,2025-12-16T18:14:28.151388
5674,2025,01125.01,sim,sim,"600.000,00","600.000,00","0,00","90.909,09","0,00","'-90.909,09",,2026-09-01,2025-12-16T18:14:28.151388
5675,2025,01127.01,sim,sim,"0,00","150.000,00","150.000,00","0,00","0,00","0,00",,2026-09-01,2025-12-16T18:14:28.151388
5676,2025,01128.01,sim,sim,"0,00","470.000,00","470.000,00","0,00","0,00","0,00",,2026-09-01,2025-12-16T18:14:28.151388
5677,2025,01131.01,sim,sim,"194.803,00","500.000,00","305.197,00","194.802,48","194.802,48","0,00",,2026-09-01,2025-12-16T18:14:28.151388
5678,2025,01133.01,sim,sim,"850.000,00","850.000,00","0,00","850.000,00","850.000,00","0,00",,2026-09-01,2025-12-16T18:14:28.151388
5679,2025,01134.01,sim,sim,"360.000,00","360.000,00","0,00","360.000,00","360.000,00","0,00",,2026-09-01,2025-12-16T18:14:28.151388
5680,2025,01136.01,sim,sim,"100.000,00","100.000,00","0,00","100.000,00","100.000,00","0,00",,2026-09-01,2025-12-16T18:14:28.151388
5681,2025,01142.01,sim,sim,"3.900.000,00","3.900.000,00","0,00","3.900.000,00","3.000.000,00","'-900.000,00",,2026-09-01,2025-12-16T18:14:28.151388
5682,2025,01144.01,sim,sim,"268.806,00","980.000,00","711.194,00","268.805,54","268.805,54","0,00",,2026-09-01,2025-12-16T18:14:28.151388
5683,2025,01145.01,sim,sim,"600.000,00","600.000,00","0,00","599.184,24","559.736,24","'-39.448,00",,2026-09-01,2025-12-16T18:14:28.151388
5684,2025,01150.01,sim,sim,"0,00","520.000,00","520.000,00","0,00","0,00","0,00",,2026-09-01,2025-12-16T18:14:28.151388
5685,2025,01151.01,sim,sim,"1.300.000,00","1.600.000,00","300.000,00","1.300.000,00","1.300.000,00","0,00",,2026-09-01,2025-12-16T18:14:28.151388
5686,2025,01152.01,sim,sim,"0,00","0,00","0,00","0,00","0,00","0,00",,2026-09-01,2025-12-16T18:14:28.151388
5687,2025,01153.01,sim,sim,"0,00","0,00","0,00","0,00","0,00","0,00",,2026-09-01,2025-12-16T18:14:28.151388
5688,2025,01155.01,sim,sim,"0,00","100.000,00","100.000,00","0,00","0,00","0,00",,2026-09-01,2025-12-16T18:14:28.151388
5689,2025,01156.01,sim,sim,"0,00","100.000,00","100.000,00","0,00","0,00","0,00",,2026-09-01,2025-12-16T18:14:28.151388
5690,2025,01158.01,sim,sim,"2.000.000,00","2.000.000,00","0,00","2.000.000,00","2.000.000,00","0,00",,2026-09-01,2025-12-16T18:14:28.151388
5691,2025,01159.01,sim,sim,"0,00","0,00","0,00","0,00","0,00","0,00",,2026-09-01,2025-12-16T18:14:28.151388
5692,2025,01161.01,sim,sim,"0,00","100.000,00","100.000,00","0,00","0,00","0,00",,2026-09-01,2025-12-16T18:14:28.151388
5693,2025,01162.01,sim,sim,"100.000,00","100.000,00","0,00","100.000,00","0,00","'-100.000,00",,2026-09-01,2025-12-16T18:14:28.151388
5694,2025,01164.01,sim,sim,"0,00","0,00","0,00","0,00","0,00","0,00",,2026-09-01,2025-12-16T18:14:28.151388
5695,2025,01165.01,sim,sim,"114.995,00","165.000,00","50.005,00","114.995,00","106.000,00","'-8.995,00",,2026-09-01,2025-12-16T18:14:28.151388
5696,2025,01166.01,sim,sim,"0,00","0,00","0,00","0,00","0,00","0,00",,2026-09-01,2025-12-16T18:14:28.151388
5697,2025,01169.01,sim,sim,"0,00","400.000,00","400.000,00","0,00","0,00","0,00",,2026-09-01,2025-12-16T18:14:28.151388
5698,2025,01170.01,sim,sim,"0,00","450.000,00","450.000,00","0,00","0,00","0,00",,2026-09-01,2025-12-16T18:14:28.151388
5699,2025,01172.01,sim,sim,"0,00","3.000.000,00","3.000.000,00","0,00","0,00","0,00",,2026-09-01,2025-12-16T18:14:28.151388
5700,2025,01176.01,sim,sim,"780.000,00","780.000,00","0,00","779.998,20","0,00","'-779.998,20",,2026-09-01,2025-12-16T18:14:28.151388
5701,2025,01177.01,sim,sim,"600.000,00","600.000,00","0,00","600.000,00","500.000,00","'-100.000,00",,2026-09-01,2025-12-16T18:14:28.151388
5702,2025,01181.01,sim,sim,"1.100.000,00","1.100.000,00","0,00","576.000,00","576.000,00","0,00",,2026-09-01,2025-12-16T18:14:28.151388
5703,2025,01183.01,sim,sim,"200.000,00","400.000,00","200.000,00","200.000,00","0,00","'-200.000,00",,2026-09-01,2025-12-16T18:14:28.151388
5704,2025,01184.01,sim,sim,"50.000,00","50.000,00","0,00","47.064,80","47.064,80","0,00",,2026-09-01,2025-12-16T18:14:28.151388
5705,2025,01185.01,sim,sim,"0,00","0,00","0,00","0,00","0,00","0,00",,2026-09-01,2025-12-16T18:14:28.151388
5706,2025,01195.01,sim,sim,"0,00","0,00","0,00","0,00","0,00","0,00",,2026-09-01,2025-12-16T18:14:28.151388
5707,2025,01196.01,sim,sim,"0,00","0,00","0,00","0,00","0,00","0,00",,2026-09-01,2025-12-16T18:14:28.151388
5708,2025,01198.01,sim,sim,"0,00","0,00","0,00","0,00","0,00","0,00",,2026-09-01,2025-12-16T18:14:28.151388
5709,2025,01201.01,sim,sim,"150.000,00","150.000,00","0,00","150.000,00","150.000,00","0,00",,2026-09-01,2025-12-16T18:14:28.151388
5710,2025,01203.01,sim,sim,"0,00","0,00","0,00","0,00","0,00","0,00",,2026-09-01,2025-12-16T18:14:28.151388
5711,2025,01205.01,sim,sim,"2.320.000,00","2.320.000,00","0,00","2.320.000,00","2.320.000,00","0,00",,2026-09-01,2025-12-16T18:14:28.151388
5712,2025,01208.01,sim,sim,"0,00","200.000,00","200.000,00","0,00","0,00","0,00",,2026-09-01,2025-12-16T18:14:28.151388
5713,2025,01210.01,sim,sim,"200.000,00","200.000,00","0,00","200.000,00","200.000,00","0,00",,2026-09-01,2025-12-16T18:14:28.151388
5714,2025,01216.01,sim,sim,"0,00","0,00","0,00","0,00","0,00","0,00",,2026-09-01,2025-12-16T18:14:28.151388
5715,2025,01217.01,sim,sim,"0,00","100.000,00","100.000,00","0,00","0,00","0,00",,2026-09-01,2025-12-16T18:14:28.151388
5716,2025,01218.01,sim,sim,"500.000,00","500.000,00","0,00","500.000,00","0,00","'-500.000,00",,2026-09-01,2025-12-16T18:14:28.151388
5717,2025,01219.01,sim,sim,"500.000,00","500.000,00","0,00","500.000,00","0,00","'-500.000,00",,2026-09-01,2025-12-16T18:14:28.151388
5718,2025,01222.01,sim,sim,"50.000,00","50.000,00","0,00","39.747,00","0,00","'-39.747,00",,2026-09-01,2025-12-16T18:14:28.151388
5719,2025,01223.01,sim,sim,"1.000.000,00","1.000.000,00","0,00","1.000.000,00","1.000.000,00","0,00",,2026-09-01,2025-12-16T18:14:28.151388
5720,2025,01224.01,sim,sim,"50.000,00","50.000,00","0,00","48.585,00","48.585,00","0,00",,2026-09-01,2025-12-16T18:14:28.151388
5721,2025,01225.01,sim,sim,"0,00","0,00","0,00","0,00","0,00","0,00",,2026-09-01,2025-12-16T18:14:28.151388
5722,2025,01226.01,sim,sim,"50.000,00","50.000,00","0,00","49.719,84","49.719,84","0,00",,2026-09-01,2025-12-16T18:14:28.151388
5723,2025,01227.01,sim,sim,"40.000,00","40.000,00","0,00","39.098,00","39.098,00","0,00",,2026-09-01,2025-12-16T18:14:28.151388
5724,2025,01228.01,sim,sim,"50.000,00","50.000,00","0,00","49.525,00","49.525,00","0,00",,2026-09-01,2025-12-16T18:14:28.151388
5725,2025,01229.01,sim,sim,"50.000,00","50.000,00","0,00","49.696,40","49.696,40","0,00",,2026-09-01,2025-12-16T18:14:28.151388
5726,2025,01232.01,sim,sim,"0,00","0,00","0,00","0,00","0,00","0,00",,2026-09-01,2025-12-16T18:14:28.151388
5727,2025,01234.01,sim,sim,"500.000,00","500.000,00","0,00","500.000,00","0,00","'-500.000,00",,2026-09-01,2025-12-16T18:14:28.151388
5728,2025,01235.01,sim,sim,"0,00","0,00","0,00","0,00","0,00","0,00",,2026-09-01,2025-12-16T18:14:28.151388
5729,2025,01238.01,sim,sim,"250.000,00","250.000,00","0,00","250.000,00","250.000,00","0,00",,2026-09-01,2025-12-16T18:14:28.151388
5730,2025,01240.01,sim,sim,"200.000,00","200.000,00","0,00","200.000,00","0,00","'-200.000,00",,2026-09-01,2025-12-16T18:14:28.151388
5731,2025,01241.01,sim,sim,"350.000,00","350.000,00","0,00","0,00","0,00","0,00",,2026-09-01,2025-12-16T18:14:28.151388
5732,2025,01242.01,sim,sim,"0,00","250.000,00","250.000,00","0,00","0,00","0,00",,2026-09-01,2025-12-16T18:14:28.151388
5733,2025,01244.01,sim,sim,"500.000,00","500.000,00","0,00","477.647,51","477.647,51","0,00",,2026-09-01,2025-12-16T18:14:28.151388
5734,2025,01245.01,sim,sim,"0,00","0,00","0,00","0,00","0,00","0,00",,2026-09-01,2025-12-16T18:14:28.151388
5735,2025,01248.01,sim,sim,"0,00","0,00","0,00","0,00","0,00","0,00",,2026-09-01,2025-12-16T18:14:28.151388
5736,2025,01160.01,sim,sim,"0,00","100.000,00","100.000,00","0,00","0,00","0,00",,2026-09-01,2025-12-16T18:14:28.151388
5737,2025,01175.01,sim,sim,"70.000,00","70.000,00","0,00","69.264,92","69.264,92","0,00",,2026-09-01,2025-12-16T18:14:28.151388
5738,2025,01001.01,sim,sim,"500.000,00","500.000,00","0,00","0,00","0,00","0,00",,2026-09-01,2025-12-16T18:14:28.151388
5739,2025,01003.01,sim,sim,"200.000,00","200.000,00","0,00","0,00","0,00","0,00",,2026-09-01,2025-12-16T18:14:28.151388
5740,2025,01004.01,sim,sim,"2.000.000,00","2.000.000,00","0,00","1.000.000,00","1.000.000,00","0,00",,2026-09-01,2025-12-16T18:14:28.151388
5741,2025,01016.01,sim,sim,"300.000,00","300.000,00","0,00","150.000,00","150.000,00","0,00",,2026-09-01,2025-12-16T18:14:28.151388
5742,2025,01053.01,sim,sim,"50.000,00","50.000,00","0,00","50.000,00","0,00","'-50.000,00",,2026-09-01,2025-12-16T18:14:28.151388
5743,2025,01054.01,sim,sim,"450.000,00","450.000,00","0,00","450.000,00","0,00","'-450.000,00",,2026-09-01,2025-12-16T18:14:28.151388
5744,2025,01121.01,sim,sim,"0,00","0,00","0,00","0,00","0,00","0,00",,2026-09-01,2025-12-16T18:14:28.151388
5745,2025,01135.01,sim,sim,"800.000,00","800.000,00","0,00","0,00","0,00","0,00",,2026-09-01,2025-12-16T18:14:28.151388
5746,2025,01137.01,sim,sim,"150.000,00","150.000,00","0,00","0,00","0,00","0,00",,2026-09-01,2025-12-16T18:14:28.151388
5747,2025,01202.01,sim,sim,"1.799.966,00","1.300.000,00","'-499.966,00","899.963,15","0,00","'-899.963,15",,2026-09-01,2025-12-16T18:14:28.151388
5748,2025,01214.01,sim,sim,"150.000,00","150.000,00","0,00","150.000,00","0,00","'-150.000,00",,2026-09-01,2025-12-16T18:14:28.151388
5749,2025,01197.01,sim,sim,"300.000,00","300.000,00","0,00","150.000,00","150.000,00","0,00",,2026-09-01,2025-12-16T18:14:28.151388
5750,2025,01221.01,sim,não,"300.000,00",,,"150.000,00",,,declarada só no painel dentro do período que o portal cobre — o snapshot do portal (2025-12-16) é anterior à leitura do painel,2026-09-01,2025-12-16T18:14:28.151388
5751,2025,01026.01,sim,sim,"0,00","0,00","0,00","0,00","0,00","0,00",,2026-09-01,2025-12-16T18:14:28.151388
5752,2025,01036.01,sim,sim,"0,00","2.000.000,00","2.000.000,00","0,00","0,00","0,00",,2026-09-01,2025-12-16T18:14:28.151388
5753,2025,01129.01,sim,sim,"0,00","50.000,00","50.000,00","0,00","0,00","0,00",,2026-09-01,2025-12-16T18:14:28.151388
5754,2025,01132.01,sim,sim,"0,00","0,00","0,00","0,00","0,00","0,00",,2026-09-01,2025-12-16T18:14:28.151388
5755,2025,01167.01,sim,sim,"0,00","400.000,00","400.000,00","0,00","0,00","0,00",,2026-09-01,2025-12-16T18:14:28.151388
5756,2025,01085.01,sim,sim,"200.000,00","200.000,00","0,00","200.000,00","200.000,00","0,00",,2026-09-01,2025-12-16T18:14:28.151388
5757,2025,01154.01,sim,sim,"400.000,00","400.000,00","0,00","400.000,00","400.000,00","0,00",,2026-09-01,2025-12-16T18:14:28.151388
5758,2025,01157.01,sim,sim,"800.000,00","800.000,00","0,00","800.000,00","800.000,00","0,00",,2026-09-01,2025-12-16T18:14:28.151388
5759,2025,02008.01,sim,sim,"1.800.000,00","1.800.000,00","0,00","1.800.000,00","1.800.000,00","0,00",,2026-09-01,2025-12-16T18:14:28.151388
5760,2025,02010.01,sim,sim,"250.000,00","250.000,00","0,00","250.000,00","250.000,00","0,00",,2026-09-01,2025-12-16T18:14:28.151388
5761,2025,02012.01,sim,sim,"100.000,00","100.000,00","0,00","100.000,00","100.000,00","0,00",,2026-09-01,2025-12-16T18:14:28.151388
5762,2025,02017.01,sim,sim,"0,00","0,00","0,00","0,00","0,00","0,00",,2026-09-01,2025-12-16T18:14:28.151388
5763,2025,02018.01,sim,sim,"100.000,00","100.000,00","0,00","100.000,00","100.000,00","0,00",,2026-09-01,2025-12-16T18:14:28.151388
5764,2025,02020.01,sim,sim,"250.000,00","250.000,00","0,00","250.000,00","250.000,00","0,00",,2026-09-01,2025-12-16T18:14:28.151388
5765,2025,02021.01,sim,sim,"250.000,00","250.000,00","0,00","250.000,00","250.000,00","0,00",,2026-09-01,2025-12-16T18:14:28.151388
5766,2025,02024.01,sim,sim,"300.000,00","300.000,00","0,00","300.000,00","300.000,00","0,00",,2026-09-01,2025-12-16T18:14:28.151388
5767,2025,02027.01,sim,sim,"100.000,00","100.000,00","0,00","100.000,00","100.000,00","0,00",,2026-09-01,2025-12-16T18:14:28.151388
5768,2025,02028.01,sim,sim,"0,00","0,00","0,00","0,00","0,00","0,00",,2026-09-01,2025-12-16T18:14:28.151388
5769,2025,02029.01,sim,sim,"300.000,00","300.000,00","0,00","300.000,00","300.000,00","0,00",,2026-09-01,2025-12-16T18:14:28.151388
5770,2025,02031.01,sim,sim,"0,00","0,00","0,00","0,00","0,00","0,00",,2026-09-01,2025-12-16T18:14:28.151388
5771,2025,02036.01,sim,sim,"0,00","0,00","0,00","0,00","0,00","0,00",,2026-09-01,2025-12-16T18:14:28.151388
5772,2025,02038.01,sim,sim,"100.000,00","100.000,00","0,00","100.000,00","100.000,00","0,00",,2026-09-01,2025-12-16T18:14:28.151388
5773,2025,02053.01,sim,sim,"0,00","0,00","0,00","0,00","0,00","0,00",,2026-09-01,2025-12-16T18:14:28.151388
5774,2025,02061.01,sim,sim,"0,00","0,00","0,00","0,00","0,00","0,00",,2026-09-01,2025-12-16T18:14:28.151388
5775,2025,02067.01,sim,sim,"80.000,00","80.000,00","0,00","0,00","0,00","0,00",,2026-09-01,2025-12-16T18:14:28.151388
5776,2025,02041.01,sim,sim,"953.000,00","953.000,00","0,00","953.000,00","953.000,00","0,00",,2026-09-01,2025-12-16T18:14:28.151388
5777,2025,03001.01,sim,sim,"250.000,00","250.000,00","0,00","199.000,00","0,00","'-199.000,00",,2026-09-01,2025-12-16T18:14:28.151388
5778,2025,03002.01,sim,sim,"0,00","200.000,00","200.000,00","0,00","0,00","0,00",,2026-09-01,2025-12-16T18:14:28.151388
5779,2025,03008.01,sim,sim,"0,00","0,00","0,00","0,00","0,00","0,00",,2026-09-01,2025-12-16T18:14:28.151388
5780,2025,03009.01,sim,sim,"200.000,00","200.000,00","0,00","200.000,00","200.000,00","0,00",,2026-09-01,2025-12-16T18:14:28.151388
5781,2025,03013.01,sim,sim,"170.000,00","170.000,00","0,00","160.130,12","160.130,12","0,00",,2026-09-01,2025-12-16T18:14:28.151388
5782,2025,03016.01,sim,sim,"1,00","1,00","0,00","0,00","0,00","0,00",,2026-09-01,2025-12-16T18:14:28.151388
5783,2025,03021.01,sim,sim,"27.260,00","120.000,00","92.740,00","0,00","27.260,00","27.260,00",,2026-09-01,2025-12-16T18:14:28.151388
5784,2025,03023.01,sim,sim,"47.000,00","105.000,00","58.000,00","46.700,00","46.700,00","0,00",,2026-09-01,2025-12-16T18:14:28.151388
5785,2025,03025.01,sim,sim,"25.000,00","25.000,00","0,00","0,00","0,00","0,00",,2026-09-01,2025-12-16T18:14:28.151388
5786,2025,03028.01,sim,sim,"500.000,00","500.000,00","0,00","500.000,00","500.000,00","0,00",,2026-09-01,2025-12-16T18:14:28.151388
5787,2025,03029.01,sim,sim,"70.000,00","70.000,00","0,00","69.999,85","69.999,85","0,00",,2026-09-01,2025-12-16T18:14:28.151388
5788,2025,03030.01,sim,sim,"250.000,00","250.000,00","0,00","0,00","246.116,00","246.116,00",,2026-09-01,2025-12-16T18:14:28.151388
5789,2025,03031.01,sim,sim,"330.000,00","330.000,00","0,00","330.000,00","330.000,00","0,00",,2026-09-01,2025-12-16T18:14:28.151388
5790,2025,03036.01,sim,sim,"500.000,00","500.000,00","0,00","500.000,00","500.000,00","0,00",,2026-09-01,2025-12-16T18:14:28.151388
5791,2025,03039.01,sim,sim,"200.000,00","200.000,00","0,00","199.753,60","0,00","'-199.753,60",,2026-09-01,2025-12-16T18:14:28.151388
5792,2025,03040.01,sim,sim,"20.000,00","300.000,00","280.000,00","0,00","0,00","0,00",,2026-09-01,2025-12-16T18:14:28.151388
5793,2025,03041.01,sim,sim,"30.000,00","30.000,00","0,00","30.000,00","30.000,00","0,00",,2026-09-01,2025-12-16T18:14:28.151388
5794,2025,03043.01,sim,sim,"0,00","1.000.000,00","1.000.000,00","0,00","0,00","0,00",,2026-09-01,2025-12-16T18:14:28.151388
5795,2025,03050.01,sim,sim,"0,00","200.000,00","200.000,00","0,00","0,00","0,00",,2026-09-01,2025-12-16T18:14:28.151388
5796,2025,03056.01,sim,sim,"300.000,00","500.000,00","200.000,00","300.000,00","500.000,00","200.000,00",,2026-09-01,2025-12-16T18:14:28.151388
5797,2025,03057.01,sim,sim,"200.000,00","350.000,00","150.000,00","200.000,00","0,00","'-200.000,00",,2026-09-01,2025-12-16T18:14:28.151388
5798,2025,03059.01,sim,sim,"0,00","300.000,00","300.000,00","0,00","0,00","0,00",,2026-09-01,2025-12-16T18:14:28.151388
5799,2025,03061.01,sim,sim,"100.000,00","100.000,00","0,00","99.833,27","100.000,00","166,73",,2026-09-01,2025-12-16T18:14:28.151388
5800,2025,03062.01,sim,sim,"300.000,00","300.000,00","0,00","300.000,00","300.000,00","0,00",,2026-09-01,2025-12-16T18:14:28.151388
5801,2025,03064.01,sim,sim,"150.000,00","150.000,00","0,00","150.000,00","150.000,00","0,00",,2026-09-01,2025-12-16T18:14:28.151388
5802,2025,03070.01,sim,sim,"0,00","50.000,00","50.000,00","0,00","0,00","0,00",,2026-09-01,2025-12-16T18:14:28.151388
5803,2025,03075.01,sim,sim,"1.600.000,00","2.150.000,00","550.000,00","1.260.000,00","1.260.000,00","0,00",,2026-09-01,2025-12-16T18:14:28.151388
5804,2025,03076.01,sim,sim,"200.000,00","200.000,00","0,00","200.000,00","200.000,00","0,00",,2026-09-01,2025-12-16T18:14:28.151388
5805,2025,03077.01,sim,sim,"1.250.343,00","2.305.000,00","1.054.657,00","1.250.342,54","650.000,00","'-600.342,54",,2026-09-01,2025-12-16T18:14:28.151388
5806,2025,03079.01,sim,sim,"300.000,00","300.000,00","0,00","300.000,00","300.000,00","0,00",,2026-09-01,2025-12-16T18:14:28.151388
5807,2025,03095.01,sim,sim,"200.000,00","200.000,00","0,00","30.000,00","30.000,00","0,00",,2026-09-01,2025-12-16T18:14:28.151388
5808,2025,03097.01,sim,sim,"0,00","0,00","0,00","0,00","0,00","0,00",,2026-09-01,2025-12-16T18:14:28.151388
5809,2025,03098.01,sim,sim,"130.000,00","130.000,00","0,00","130.000,00","130.000,00","0,00",,2026-09-01,2025-12-16T18:14:28.151388
5810,2025,03103.01,sim,sim,"0,00","150.000,00","150.000,00","0,00","0,00","0,00",,2026-09-01,2025-12-16T18:14:28.151388
5811,2025,03105.01,sim,sim,"0,00","0,00","0,00","0,00","0,00","0,00",,2026-09-01,2025-12-16T18:14:28.151388
5812,2025,03119.01,sim,sim,"0,00","150.000,00","150.000,00","0,00","0,00","0,00",,2026-09-01,2025-12-16T18:14:28.151388
5813,2025,03120.01,sim,sim,"500.000,00","500.000,00","0,00","0,00","500.000,00","500.000,00",,2026-09-01,2025-12-16T18:14:28.151388
5814,2025,03129.01,sim,sim,"0,00","0,00","0,00","0,00","0,00","0,00",,2026-09-01,2025-12-16T18:14:28.151388
5815,2025,03134.01,sim,sim,"0,00","0,00","0,00","0,00","0,00","0,00",,2026-09-01,2025-12-16T18:14:28.151388
5816,2025,03145.01,sim,sim,"1.000.000,00","1.000.000,00","0,00","1.000.000,00","1.000.000,00","0,00",,2026-09-01,2025-12-16T18:14:28.151388
5817,2025,03146.01,sim,sim,"465.000,00","465.000,00","0,00","459.900,00","459.900,00","0,00",,2026-09-01,2025-12-16T18:14:28.151388
5818,2025,03139.01,sim,sim,"250.000,00","250.000,00","0,00","250.000,00","0,00","'-250.000,00",,2026-09-01,2025-12-16T18:14:28.151388
5854,2025,04001.01,sim,sim,"80.000,00","80.000,00","0,00","80.000,00","80.000,00","0,00",,2026-09-01,2025-12-16T18:14:28.151388
5855,2025,04003.01,sim,sim,"900.000,00","900.000,00","0,00","900.000,00","900.000,00","0,00",,2026-09-01,2025-12-16T18:14:28.151388
5856,2025,04004.01,sim,sim,"1,00","300.000,00","299.999,00","0,00","0,00","0,00",,2026-09-01,2025-12-16T18:14:28.151388
5857,2025,04005.01,sim,sim,"0,00","500.000,00","500.000,00","0,00","0,00","0,00",,2026-09-01,2025-12-16T18:14:28.151388
5858,2025,04020.01,sim,sim,"98.195,00","200.000,00","101.805,00","94.155,52","98.194,50","4.038,98",,2026-09-01,2025-12-16T18:14:28.151388
5859,2025,04025.01,sim,sim,"0,00","150.000,00","150.000,00","0,00","0,00","0,00",,2026-09-01,2025-12-16T18:14:28.151388
5860,2025,04027.01,sim,sim,"1.042.000,00","1.042.000,00","0,00","942.000,00","942.000,00","0,00",,2026-09-01,2025-12-16T18:14:28.151388
5861,2025,04031.01,sim,sim,"0,00","0,00","0,00","0,00","0,00","0,00",,2026-09-01,2025-12-16T18:14:28.151388
5862,2025,04037.01,sim,sim,"300.000,00","300.000,00","0,00","0,00","0,00","0,00",,2026-09-01,2025-12-16T18:14:28.151388
5863,2025,04038.01,sim,sim,"300.000,00","300.000,00","0,00","231.990,00","0,00","'-231.990,00",,2026-09-01,2025-12-16T18:14:28.151388
5864,2025,04044.01,sim,sim,"0,00","0,00","0,00","0,00","0,00","0,00",,2026-09-01,2025-12-16T18:14:28.151388
5865,2025,04045.01,sim,sim,"0,00","0,00","0,00","0,00","0,00","0,00",,2026-09-01,2025-12-16T18:14:28.151388
5866,2025,04048.01,sim,sim,"0,00","1.000.000,00","1.000.000,00","0,00","0,00","0,00",,2026-09-01,2025-12-16T18:14:28.151388
5867,2025,04064.01,sim,sim,"0,00","100.000,00","100.000,00","0,00","0,00","0,00",,2026-09-01,2025-12-16T18:14:28.151388
5868,2025,04066.01,sim,sim,"0,00","1.000.000,00","1.000.000,00","0,00","0,00","0,00",,2026-09-01,2025-12-16T18:14:28.151388
5869,2025,04069.01,sim,sim,"50.000,00","50.000,00","0,00","0,00","0,00","0,00",,2026-09-01,2025-12-16T18:14:28.151388
5870,2025,04073.01,sim,sim,"0,00","0,00","0,00","0,00","0,00","0,00",,2026-09-01,2025-12-16T18:14:28.151388
5871,2025,04079.01,sim,sim,"31.474,00","31.474,00","0,00","29.676,00","29.676,00","0,00",,2026-09-01,2025-12-16T18:14:28.151388
5872,2025,04089.01,sim,sim,"200.000,00","200.000,00","0,00","200.000,00","200.000,00","0,00",,2026-09-01,2025-12-16T18:14:28.151388
5873,2025,04090.01,sim,sim,"198.000,00","345.000,00","147.000,00","198.000,00","198.000,00","0,00",,2026-09-01,2025-12-16T18:14:28.151388
5874,2025,04093.01,sim,sim,"18.500,00","200.000,00","181.500,00","0,00","0,00","0,00",,2026-09-01,2025-12-16T18:14:28.151388
5875,2025,04094.01,sim,sim,"300.000,00","300.000,00","0,00","299.810,00","299.810,00","0,00",,2026-09-01,2025-12-16T18:14:28.151388
5876,2025,04095.01,sim,sim,"37.000,00","37.000,00","0,00","37.000,00","0,00","'-37.000,00",,2026-09-01,2025-12-16T18:14:28.151388
5877,2025,04096.01,sim,sim,"105.000,00","105.000,00","0,00","0,00","0,00","0,00",,2026-09-01,2025-12-16T18:14:28.151388
5878,2025,04098.01,sim,sim,"224.000,00","224.000,00","0,00","223.370,00","223.370,00","0,00",,2026-09-01,2025-12-16T18:14:28.151388
5879,2025,04102.01,sim,sim,"1.000.000,00","1.000.000,00","0,00","1.000.000,00","0,00","'-1.000.000,00",,2026-09-01,2025-12-16T18:14:28.151388
5880,2025,04103.01,sim,sim,"850.000,00","850.000,00","0,00","850.000,00","850.000,00","0,00",,2026-09-01,2025-12-16T18:14:28.151388
5881,2025,04107.01,sim,sim,"0,00","100.000,00","100.000,00","0,00","0,00","0,00",,2026-09-01,2025-12-16T18:14:28.151388
5882,2025,04109.01,sim,sim,"370.000,00","370.000,00","0,00","370.000,00","370.000,00","0,00",,2026-09-01,2025-12-16T18:14:28.151388
5883,2025,04120.01,sim,sim,"995.153,00","1.000.000,00","4.847,00","995.153,00","995.153,00","0,00",,2026-09-01,2025-12-16T18:14:28.151388
5884,2025,04122.01,sim,sim,"300.000,00","300.000,00","0,00","300.000,00","300.000,00","0,00",,2026-09-01,2025-12-16T18:14:28.151388
5885,2025,04123.01,sim,sim,"0,00","0,00","0,00","0,00","0,00","0,00",,2026-09-01,2025-12-16T18:14:28.151388
5886,2025,04129.01,sim,sim,"0,00","126.050,00","126.050,00","0,00","0,00","0,00",,2026-09-01,2025-12-16T18:14:28.151388
5887,2025,04130.01,sim,sim,"0,00","521.000,00","521.000,00","0,00","0,00","0,00",,2026-09-01,2025-12-16T18:14:28.151388
5888,2025,04133.01,sim,sim,"1.000.000,00","1.000.000,00","0,00","991.369,40","0,00","'-991.369,40",,2026-09-01,2025-12-16T18:14:28.151388
5889,2025,04085.01,sim,sim,"2.500.000,00","2.500.000,00","0,00","2.370.000,00","250.000,00","'-2.120.000,00",,2026-09-01,2025-12-16T18:14:28.151388
5891,2025,04100.01,sim,não,"0,00",,,"0,00",,,declarada só no painel dentro do período que o portal cobre — o snapshot do portal (2025-12-16) é anterior à leitura do painel,2026-09-01,2025-12-16T18:14:28.151388
5892,2025,04104.01,sim,não,"600.000,00",,,"90.909,09",,,declarada só no painel dentro do período que o portal cobre — o snapshot do portal (2025-12-16) é anterior à leitura do painel,2026-09-01,2025-12-16T18:14:28.151388
5893,2025,04099.01,sim,sim,"0,00","450.000,00","450.000,00","0,00","0,00","0,00",,2026-09-01,2025-12-16T18:14:28.151388
5894,2025,05001.01,sim,sim,"0,00","121.000,00","121.000,00","0,00","0,00","0,00",,2026-09-01,2025-12-16T18:14:28.151388
5895,2025,05005.01,sim,sim,"120.000,00","120.000,00","0,00","120.000,00","120.000,00","0,00",,2026-09-01,2025-12-16T18:14:28.151388
5896,2025,05007.01,sim,sim,"180.000,00","180.000,00","0,00","180.000,00","180.000,00","0,00",,2026-09-01,2025-12-16T18:14:28.151388
5897,2025,05008.01,sim,sim,"1.000.000,00","1.000.000,00","0,00","1.000.000,00","0,00","'-1.000.000,00",,2026-09-01,2025-12-16T18:14:28.151388
5898,2025,05014.01,sim,sim,"240.000,00","240.000,00","0,00","220.807,87","220.807,87","0,00",,2026-09-01,2025-12-16T18:14:28.151388
5899,2025,05017.01,sim,sim,"0,00","150.000,00","150.000,00","0,00","0,00","0,00",,2026-09-01,2025-12-16T18:14:28.151388
5900,2025,05019.01,sim,sim,"0,00","300.000,00","300.000,00","0,00","0,00","0,00",,2026-09-01,2025-12-16T18:14:28.151388
5901,2025,05022.01,sim,sim,"15.000,00","15.000,00","0,00","15.000,00","0,00","'-15.000,00",,2026-09-01,2025-12-16T18:14:28.151388
5902,2025,05023.01,sim,sim,"545.000,00","545.000,00","0,00","545.000,00","0,00","'-545.000,00",,2026-09-01,2025-12-16T18:14:28.151388
5903,2025,05024.01,sim,sim,"56.100,00","56.100,00","0,00","56.100,00","56.100,00","0,00",,2026-09-01,2025-12-16T18:14:28.151388
5904,2025,05031.01,sim,sim,"250.000,00","250.000,00","0,00","0,00","0,00","0,00",,2026-09-01,2025-12-16T18:14:28.151388
5905,2025,05032.01,sim,sim,"50.000,00","50.000,00","0,00","0,00","0,00","0,00",,2026-09-01,2025-12-16T18:14:28.151388
5906,2025,05044.01,sim,sim,"547.000,00","547.000,00","0,00","545.614,00","545.614,00","0,00",,2026-09-01,2025-12-16T18:14:28.151388
5907,2025,05045.01,sim,não,"547.000,00",,,"545.614,00",,,declarada só no painel dentro do período que o portal cobre — o snapshot do portal (2025-12-16) é anterior à leitura do painel,2026-09-01,2025-12-16T18:14:28.151388
5908,2025,05046.01,sim,sim,"450.000,00","450.000,00","0,00","450.000,00","450.000,00","0,00",,2026-09-01,2025-12-16T18:14:28.151388
5909,2025,05048.01,sim,sim,"1.000.000,00","1.000.000,00","0,00","1.000.000,00","1.000.000,00","0,00",,2026-09-01,2025-12-16T18:14:28.151388
5910,2025,05052.01,sim,sim,"550.000,00","550.000,00","0,00","0,00","0,00","0,00",,2026-09-01,2025-12-16T18:14:28.151388
5911,2025,05059.01,sim,sim,"500.000,00","500.000,00","0,00","500.000,00","500.000,00","0,00",,2026-09-01,2025-12-16T18:14:28.151388
5912,2025,05060.01,sim,sim,"500.000,00","500.000,00","0,00","0,00","0,00","0,00",,2026-09-01,2025-12-16T18:14:28.151388
5913,2025,05064.01,sim,sim,"1.500.000,00","1.500.000,00","0,00","1.499.998,77","1.500.000,00","1,23",,2026-09-01,2025-12-16T18:14:28.151388
5914,2025,05065.01,sim,sim,"1.190.000,00","1.190.000,00","0,00","1.185.700,00","1.185.700,00","0,00",,2026-09-01,2025-12-16T18:14:28.151388
5915,2025,05066.01,sim,sim,"10.000,00","10.000,00","0,00","0,00","0,00","0,00",,2026-09-01,2025-12-16T18:14:28.151388
5916,2025,05067.01,sim,sim,"50.000,00","50.000,00","0,00","50.000,00","50.000,00","0,00",,2026-09-01,2025-12-16T18:14:28.151388
5917,2025,05073.01,sim,sim,"0,00","700.000,00","700.000,00","0,00","0,00","0,00",,2026-09-01,2025-12-16T18:14:28.151388
5932,2025,06018.01,sim,sim,"1.180.000,00","1.180.000,00","0,00","80.600,00","0,00","'-80.600,00",,2026-09-01,2025-12-16T18:14:28.151388
5933,2025,06012.01,sim,sim,"230.000,00","230.000,00","0,00","230.000,00","0,00","'-230.000,00",,2026-09-01,2025-12-16T18:14:28.151388
5934,2025,06046.01,sim,sim,"350.000,00","350.000,00","0,00","344.000,00","344.000,00","0,00",,2026-09-01,2025-12-16T18:14:28.151388
5935,2025,06039.01,sim,sim,"400.000,00","400.000,00","0,00","399.000,00","339.000,00","'-60.000,00",,2026-09-01,2025-12-16T18:14:28.151388
5936,2025,06035.01,sim,sim,"0,00","110.000,00","110.000,00","0,00","0,00","0,00",,2026-09-01,2025-12-16T18:14:28.151388
5937,2025,06007.01,sim,sim,"230.000,00","230.000,00","0,00","0,00","0,00","0,00",,2026-09-01,2025-12-16T18:14:28.151388
5938,2025,06014.01,sim,sim,"650.000,00","650.000,00","0,00","0,00","0,00","0,00",,2026-09-01,2025-12-16T18:14:28.151388
5939,2025,06030.01,sim,sim,"200.000,00","200.000,00","0,00","0,00","0,00","0,00",,2026-09-01,2025-12-16T18:14:28.151388
5940,2025,06033.01,sim,sim,"33.000,00","33.000,00","0,00","0,00","0,00","0,00",,2026-09-01,2025-12-16T18:14:28.151388
5941,2025,06032.01,sim,sim,"50.000,00","50.000,00","0,00","0,00","0,00","0,00",,2026-09-01,2025-12-16T18:14:28.151388
5942,2025,06037.01,sim,sim,"20.000,00","20.000,00","0,00","0,00","0,00","0,00",,2026-09-01,2025-12-16T18:14:28.151388
5943,2025,06034.01,sim,sim,"90.000,00","90.000,00","0,00","0,00","0,00","0,00",,2026-09-01,2025-12-16T18:14:28.151388
5944,2025,06048.01,sim,sim,"500.000,00","500.000,00","0,00","0,00","0,00","0,00",,2026-09-01,2025-12-16T18:14:28.151388
5945,2025,06040.01,sim,sim,"25.702,00","25.702,00","0,00","22.984,16","0,00","'-22.984,16",,2026-09-01,2025-12-16T18:14:28.151388
5946,2025,06041.01,sim,sim,"200.000,00","200.000,00","0,00","199.988,68","0,00","'-199.988,68",,2026-09-01,2025-12-16T18:14:28.151388
5947,2025,06054.01,sim,sim,"0,00","200.000,00","200.000,00","0,00","0,00","0,00",,2026-09-01,2025-12-16T18:14:28.151388
5948,2025,06015.01,sim,sim,"0,00","150.000,00","150.000,00","0,00","0,00","0,00",,2026-09-01,2025-12-16T18:14:28.151388
5949,2025,06011.01,sim,sim,"120.000,00","970.000,00","850.000,00","0,00","0,00","0,00",,2026-09-01,2025-12-16T18:14:28.151388
5951,2025,07002.01,sim,não,"400.000,00",,,"0,00",,,declarada só no painel dentro do período que o portal cobre — o snapshot do portal (2025-12-16) é anterior à leitura do painel,2026-09-01,2025-12-16T18:14:28.151388
5952,2025,07003.01,sim,não,"50.000,00",,,"0,00",,,declarada só no painel dentro do período que o portal cobre — o snapshot do portal (2025-12-16) é anterior à leitura do painel,2026-09-01,2025-12-16T18:14:28.151388
5953,2025,08009.01,sim,não,"0,00",,,"0,00",,,declarada só no painel dentro do período que o portal cobre — o snapshot do portal (2025-12-16) é anterior à leitura do painel,2026-09-01,2025-12-16T18:14:28.151388
5954,2025,08010.01,sim,não,"520.000,00",,,"0,00",,,declarada só no painel dentro do período que o portal cobre — o snapshot do portal (2025-12-16) é anterior à leitura do painel,2026-09-01,2025-12-16T18:14:28.151388
5955,2025,08011.01,sim,não,"630.000,00",,,"0,00",,,declarada só no painel dentro do período que o portal cobre — o snapshot do portal (2025-12-16) é anterior à leitura do painel,2026-09-01,2025-12-16T18:14:28.151388
5956,2025,08012.01,sim,não,"1.100.000,00",,,"0,00",,,declarada só no painel dentro do período que o portal cobre — o snapshot do portal (2025-12-16) é anterior à leitura do painel,2026-09-01,2025-12-16T18:14:28.151388
5957,2025,08024.01,sim,não,"500.000,00",,,"0,00",,,declarada só no painel dentro do período que o portal cobre — o snapshot do portal (2025-12-16) é anterior à leitura do painel,2026-09-01,2025-12-16T18:14:28.151388
5958,2025,08026.01,sim,não,"200.000,00",,,"0,00",,,declarada só no painel dentro do período que o portal cobre — o snapshot do portal (2025-12-16) é anterior à leitura do painel,2026-09-01,2025-12-16T18:14:28.151388
5959,2025,08027.01,sim,não,"2.000.000,00",,,"0,00",,,declarada só no painel dentro do período que o portal cobre — o snapshot do portal (2025-12-16) é anterior à leitura do painel,2026-09-01,2025-12-16T18:14:28.151388
5960,2025,08037.01,sim,não,"100.000,00",,,"0,00",,,declarada só no painel dentro do período que o portal cobre — o snapshot do portal (2025-12-16) é anterior à leitura do painel,2026-09-01,2025-12-16T18:14:28.151388
5961,2025,08040.01,sim,não,"0,00",,,"0,00",,,declarada só no painel dentro do período que o portal cobre — o snapshot do portal (2025-12-16) é anterior à leitura do painel,2026-09-01,2025-12-16T18:14:28.151388
5962,2025,08042.01,sim,não,"0,00",,,"0,00",,,declarada só no painel dentro do período que o portal cobre — o snapshot do portal (2025-12-16) é anterior à leitura do painel,2026-09-01,2025-12-16T18:14:28.151388
5963,2025,08043.01,sim,não,"320.000,00",,,"0,00",,,declarada só no painel dentro do período que o portal cobre — o snapshot do portal (2025-12-16) é anterior à leitura do painel,2026-09-01,2025-12-16T18:14:28.151388
5964,2025,08044.01,sim,não,"0,00",,,"0,00",,,declarada só no painel dentro do período que o portal cobre — o snapshot do portal (2025-12-16) é anterior à leitura do painel,2026-09-01,2025-12-16T18:14:28.151388
5965,2025,08045.01,sim,não,"0,00",,,"0,00",,,declarada só no painel dentro do período que o portal cobre — o snapshot do portal (2025-12-16) é anterior à leitura do painel,2026-09-01,2025-12-16T18:14:28.151388
5966,2025,08046.01,sim,não,"0,00",,,"0,00",,,declarada só no painel dentro do período que o portal cobre — o snapshot do portal (2025-12-16) é anterior à leitura do painel,2026-09-01,2025-12-16T18:14:28.151388
5967,2025,08047.01,sim,não,"300.000,00",,,"0,00",,,declarada só no painel dentro do período que o portal cobre — o snapshot do portal (2025-12-16) é anterior à leitura do painel,2026-09-01,2025-12-16T18:14:28.151388
5968,2025,08048.01,sim,não,"1.700.000,00",,,"0,00",,,declarada só no painel dentro do período que o portal cobre — o snapshot do portal (2025-12-16) é anterior à leitura do painel,2026-09-01,2025-12-16T18:14:28.151388
5969,2025,08049.01,sim,não,"1.000.000,00",,,"0,00",,,declarada só no painel dentro do período que o portal cobre — o snapshot do portal (2025-12-16) é anterior à leitura do painel,2026-09-01,2025-12-16T18:14:28.151388
5970,2025,08050.01,sim,não,"80.000,00",,,"0,00",,,declarada só no painel dentro do período que o portal cobre — o snapshot do portal (2025-12-16) é anterior à leitura do painel,2026-09-01,2025-12-16T18:14:28.151388
5972,2025,08058.01,sim,não,"0,00",,,"0,00",,,declarada só no painel dentro do período que o portal cobre — o snapshot do portal (2025-12-16) é anterior à leitura do painel,2026-09-01,2025-12-16T18:14:28.151388
5973,2025,08062.01,sim,não,"0,00",,,"0,00",,,declarada só no painel dentro do período que o portal cobre — o snapshot do portal (2025-12-16) é anterior à leitura do painel,2026-09-01,2025-12-16T18:14:28.151388
5974,2025,08064.01,sim,não,"500.000,00",,,"500.000,00",,,declarada só no painel dentro do período que o portal cobre — o snapshot do portal (2025-12-16) é anterior à leitura do painel,2026-09-01,2025-12-16T18:14:28.151388
5975,2025,08066.01,sim,não,"450.000,00",,,"0,00",,,declarada só no painel dentro do período que o portal cobre — o snapshot do portal (2025-12-16) é anterior à leitura do painel,2026-09-01,2025-12-16T18:14:28.151388
5976,2025,08070.01,sim,não,"150.000,00",,,"0,00",,,declarada só no painel dentro do período que o portal cobre — o snapshot do portal (2025-12-16) é anterior à leitura do painel,2026-09-01,2025-12-16T18:14:28.151388
5977,2025,08028.01,sim,não,"50.000,00",,,"0,00",,,declarada só no painel dentro do período que o portal cobre — o snapshot do portal (2025-12-16) é anterior à leitura do painel,2026-09-01,2025-12-16T18:14:28.151388
5978,2025,08057.01,sim,não,"300.000,00",,,"0,00",,,declarada só no painel dentro do período que o portal cobre — o snapshot do portal (2025-12-16) é anterior à leitura do painel,2026-09-01,2025-12-16T18:14:28.151388
6943,2026,00008.01,sim,não,"5.915.316,00",,,"4.223.896,90",,,fora da janela do portal (2026; o portal cobre 2021–2025),2026-09-01,2025-12-16T18:14:28.151388
6944,2026,00010.01,sim,não,"3.400.000,00",,,"1.949.989,30",,,fora da janela do portal (2026; o portal cobre 2021–2025),2026-09-01,2025-12-16T18:14:28.151388
6945,2026,00011.01,sim,não,"4.650.000,00",,,"3.136.195,65",,,fora da janela do portal (2026; o portal cobre 2021–2025),2026-09-01,2025-12-16T18:14:28.151388
6946,2026,00012.01,sim,não,"5.750.000,00",,,"3.770.000,00",,,fora da janela do portal (2026; o portal cobre 2021–2025),2026-09-01,2025-12-16T18:14:28.151388
6947,2026,00013.01,sim,não,"2.848.481,00",,,"998.480,65",,,fora da janela do portal (2026; o portal cobre 2021–2025),2026-09-01,2025-12-16T18:14:28.151388
6948,2026,00014.01,sim,não,"1.000.000,00",,,"600.000,00",,,fora da janela do portal (2026; o portal cobre 2021–2025),2026-09-01,2025-12-16T18:14:28.151388
6949,2026,00016.01,sim,não,"3.200.000,00",,,"1.500.000,00",,,fora da janela do portal (2026; o portal cobre 2021–2025),2026-09-01,2025-12-16T18:14:28.151388
6950,2026,00017.01,sim,não,"10.600.000,00",,,"6.931.720,64",,,fora da janela do portal (2026; o portal cobre 2021–2025),2026-09-01,2025-12-16T18:14:28.151388
6951,2026,00018.01,sim,não,"296.000,00",,,"0,00",,,fora da janela do portal (2026; o portal cobre 2021–2025),2026-09-01,2025-12-16T18:14:28.151388
6952,2026,00019.01,sim,não,"500.000,00",,,"0,00",,,fora da janela do portal (2026; o portal cobre 2021–2025),2026-09-01,2025-12-16T18:14:28.151388
6953,2026,00020.01,sim,não,"200.000,00",,,"64.376,63",,,fora da janela do portal (2026; o portal cobre 2021–2025),2026-09-01,2025-12-16T18:14:28.151388
6954,2026,00021.01,sim,não,"300.000,00",,,"201.000,00",,,fora da janela do portal (2026; o portal cobre 2021–2025),2026-09-01,2025-12-16T18:14:28.151388
6955,2026,00022.01,sim,não,"1.100.000,00",,,"100.000,00",,,fora da janela do portal (2026; o portal cobre 2021–2025),2026-09-01,2025-12-16T18:14:28.151388
6956,2026,00024.01,sim,não,"292.000,00",,,"0,00",,,fora da janela do portal (2026; o portal cobre 2021–2025),2026-09-01,2025-12-16T18:14:28.151388
6957,2026,00025.01,sim,não,"2.800.000,00",,,"500.000,00",,,fora da janela do portal (2026; o portal cobre 2021–2025),2026-09-01,2025-12-16T18:14:28.151388
6958,2026,00026.01,sim,não,"6.000.000,00",,,"2.360.000,00",,,fora da janela do portal (2026; o portal cobre 2021–2025),2026-09-01,2025-12-16T18:14:28.151388
6959,2026,00027.01,sim,não,"200.000,00",,,"0,00",,,fora da janela do portal (2026; o portal cobre 2021–2025),2026-09-01,2025-12-16T18:14:28.151388
6960,2026,00028.01,sim,não,"6.520.000,00",,,"900.000,00",,,fora da janela do portal (2026; o portal cobre 2021–2025),2026-09-01,2025-12-16T18:14:28.151388
6961,2026,00029.01,sim,não,"600.000,00",,,"0,00",,,fora da janela do portal (2026; o portal cobre 2021–2025),2026-09-01,2025-12-16T18:14:28.151388
6962,2026,00030.01,sim,não,"0,00",,,"0,00",,,fora da janela do portal (2026; o portal cobre 2021–2025),2026-09-01,2025-12-16T18:14:28.151388
6963,2026,00031.01,sim,não,"11.592.000,00",,,"3.598.800,00",,,fora da janela do portal (2026; o portal cobre 2021–2025),2026-09-01,2025-12-16T18:14:28.151388
6964,2026,00032.01,sim,não,"600.000,00",,,"0,00",,,fora da janela do portal (2026; o portal cobre 2021–2025),2026-09-01,2025-12-16T18:14:28.151388
6965,2026,00033.01,sim,não,"1.000.000,00",,,"0,00",,,fora da janela do portal (2026; o portal cobre 2021–2025),2026-09-01,2025-12-16T18:14:28.151388
6966,2026,00034.01,sim,não,"1.000.000,00",,,"999.978,18",,,fora da janela do portal (2026; o portal cobre 2021–2025),2026-09-01,2025-12-16T18:14:28.151388
6967,2026,00035.01,sim,não,"5.500.000,00",,,"500.000,00",,,fora da janela do portal (2026; o portal cobre 2021–2025),2026-09-01,2025-12-16T18:14:28.151388
6968,2026,00036.01,sim,não,"1.000.000,00",,,"757.576,24",,,fora da janela do portal (2026; o portal cobre 2021–2025),2026-09-01,2025-12-16T18:14:28.151388
6969,2026,00037.01,sim,não,"800.000,00",,,"0,00",,,fora da janela do portal (2026; o portal cobre 2021–2025),2026-09-01,2025-12-16T18:14:28.151388
6970,2026,00038.01,sim,não,"800.000,00",,,"0,00",,,fora da janela do portal (2026; o portal cobre 2021–2025),2026-09-01,2025-12-16T18:14:28.151388
6971,2026,00039.01,sim,não,"1.700.000,00",,,"0,00",,,fora da janela do portal (2026; o portal cobre 2021–2025),2026-09-01,2025-12-16T18:14:28.151388
6972,2026,00040.01,sim,não,"400.000,00",,,"0,00",,,fora da janela do portal (2026; o portal cobre 2021–2025),2026-09-01,2025-12-16T18:14:28.151388
6973,2026,00041.01,sim,não,"300.000,00",,,"0,00",,,fora da janela do portal (2026; o portal cobre 2021–2025),2026-09-01,2025-12-16T18:14:28.151388
6974,2026,00043.01,sim,não,"600.000,00",,,"0,00",,,fora da janela do portal (2026; o portal cobre 2021–2025),2026-09-01,2025-12-16T18:14:28.151388
6975,2026,00044.01,sim,não,"500.000,00",,,"237.698,00",,,fora da janela do portal (2026; o portal cobre 2021–2025),2026-09-01,2025-12-16T18:14:28.151388
6976,2026,00045.01,sim,não,"450.000,00",,,"0,00",,,fora da janela do portal (2026; o portal cobre 2021–2025),2026-09-01,2025-12-16T18:14:28.151388
6977,2026,00046.01,sim,não,"7.500.000,00",,,"1.994.405,41",,,fora da janela do portal (2026; o portal cobre 2021–2025),2026-09-01,2025-12-16T18:14:28.151388
6978,2026,00047.01,sim,não,"195.000,00",,,"0,00",,,fora da janela do portal (2026; o portal cobre 2021–2025),2026-09-01,2025-12-16T18:14:28.151388
6979,2026,00048.01,sim,não,"3.550.000,00",,,"3.000.000,00",,,fora da janela do portal (2026; o portal cobre 2021–2025),2026-09-01,2025-12-16T18:14:28.151388
6980,2026,00049.01,sim,não,"900.000,00",,,"0,00",,,fora da janela do portal (2026; o portal cobre 2021–2025),2026-09-01,2025-12-16T18:14:28.151388
6981,2026,00050.01,sim,não,"0,00",,,"0,00",,,fora da janela do portal (2026; o portal cobre 2021–2025),2026-09-01,2025-12-16T18:14:28.151388
6982,2026,00051.01,sim,não,"4.297.000,00",,,"1.000.000,00",,,fora da janela do portal (2026; o portal cobre 2021–2025),2026-09-01,2025-12-16T18:14:28.151388
6983,2026,00052.01,sim,não,"500.000,00",,,"0,00",,,fora da janela do portal (2026; o portal cobre 2021–2025),2026-09-01,2025-12-16T18:14:28.151388
6984,2026,00054.01,sim,não,"0,00",,,"0,00",,,fora da janela do portal (2026; o portal cobre 2021–2025),2026-09-01,2025-12-16T18:14:28.151388
6985,2026,00055.01,sim,não,"10.205.000,00",,,"6.990.219,78",,,fora da janela do portal (2026; o portal cobre 2021–2025),2026-09-01,2025-12-16T18:14:28.151388
6986,2026,00056.01,sim,não,"0,00",,,"0,00",,,fora da janela do portal (2026; o portal cobre 2021–2025),2026-09-01,2025-12-16T18:14:28.151388
6987,2026,00057.01,sim,não,"0,00",,,"0,00",,,fora da janela do portal (2026; o portal cobre 2021–2025),2026-09-01,2025-12-16T18:14:28.151388
6988,2026,00058.01,sim,não,"0,00",,,"0,00",,,fora da janela do portal (2026; o portal cobre 2021–2025),2026-09-01,2025-12-16T18:14:28.151388
6989,2026,00059.01,sim,não,"0,00",,,"0,00",,,fora da janela do portal (2026; o portal cobre 2021–2025),2026-09-01,2025-12-16T18:14:28.151388
6990,2026,00060.01,sim,não,"500.000,00",,,"0,00",,,fora da janela do portal (2026; o portal cobre 2021–2025),2026-09-01,2025-12-16T18:14:28.151388
6991,2026,00061.01,sim,não,"0,00",,,"0,00",,,fora da janela do portal (2026; o portal cobre 2021–2025),2026-09-01,2025-12-16T18:14:28.151388
6992,2026,00062.01,sim,não,"0,00",,,"0,00",,,fora da janela do portal (2026; o portal cobre 2021–2025),2026-09-01,2025-12-16T18:14:28.151388
6993,2026,00063.01,sim,não,"0,00",,,"0,00",,,fora da janela do portal (2026; o portal cobre 2021–2025),2026-09-01,2025-12-16T18:14:28.151388
6994,2026,00064.01,sim,não,"3.500.000,00",,,"2.424.903,45",,,fora da janela do portal (2026; o portal cobre 2021–2025),2026-09-01,2025-12-16T18:14:28.151388
6995,2026,00065.01,sim,não,"1.000.000,00",,,"1.000.000,00",,,fora da janela do portal (2026; o portal cobre 2021–2025),2026-09-01,2025-12-16T18:14:28.151388
6996,2026,00066.01,sim,não,"0,00",,,"0,00",,,fora da janela do portal (2026; o portal cobre 2021–2025),2026-09-01,2025-12-16T18:14:28.151388
6997,2026,00067.01,sim,não,"0,00",,,"0,00",,,fora da janela do portal (2026; o portal cobre 2021–2025),2026-09-01,2025-12-16T18:14:28.151388
6998,2026,00068.01,sim,não,"0,00",,,"0,00",,,fora da janela do portal (2026; o portal cobre 2021–2025),2026-09-01,2025-12-16T18:14:28.151388
6999,2026,00069.01,sim,não,"350.000,00",,,"0,00",,,fora da janela do portal (2026; o portal cobre 2021–2025),2026-09-01,2025-12-16T18:14:28.151388
7000,2026,00071.01,sim,não,"4.300.000,00",,,"1.748.087,59",,,fora da janela do portal (2026; o portal cobre 2021–2025),2026-09-01,2025-12-16T18:14:28.151388
7001,2026,00072.01,sim,não,"1.100.000,00",,,"1.000.000,00",,,fora da janela do portal (2026; o portal cobre 2021–2025),2026-09-01,2025-12-16T18:14:28.151388
7002,2026,00073.01,sim,não,"1.000.000,00",,,"500.000,00",,,fora da janela do portal (2026; o portal cobre 2021–2025),2026-09-01,2025-12-16T18:14:28.151388
7003,2026,00074.01,sim,não,"1.300.000,00",,,"0,00",,,fora da janela do portal (2026; o portal cobre 2021–2025),2026-09-01,2025-12-16T18:14:28.151388
7004,2026,00075.01,sim,não,"1.000.000,00",,,"0,00",,,fora da janela do portal (2026; o portal cobre 2021–2025),2026-09-01,2025-12-16T18:14:28.151388
7005,2026,00076.01,sim,não,"500.000,00",,,"500.000,00",,,fora da janela do portal (2026; o portal cobre 2021–2025),2026-09-01,2025-12-16T18:14:28.151388
7006,2026,00077.01,sim,não,"2.500.000,00",,,"1.440.000,00",,,fora da janela do portal (2026; o portal cobre 2021–2025),2026-09-01,2025-12-16T18:14:28.151388
7007,2026,00078.01,sim,não,"2.500.000,00",,,"1.450.000,00",,,fora da janela do portal (2026; o portal cobre 2021–2025),2026-09-01,2025-12-16T18:14:28.151388
7008,2026,00079.01,sim,não,"400.000,00",,,"0,00",,,fora da janela do portal (2026; o portal cobre 2021–2025),2026-09-01,2025-12-16T18:14:28.151388
7009,2026,00080.01,sim,não,"3.050.000,00",,,"1.000.000,00",,,fora da janela do portal (2026; o portal cobre 2021–2025),2026-09-01,2025-12-16T18:14:28.151388
7010,2026,00081.01,sim,não,"3.050.000,00",,,"636.293,11",,,fora da janela do portal (2026; o portal cobre 2021–2025),2026-09-01,2025-12-16T18:14:28.151388
7011,2026,00082.01,sim,não,"1.090.000,00",,,"799.747,48",,,fora da janela do portal (2026; o portal cobre 2021–2025),2026-09-01,2025-12-16T18:14:28.151388
7012,2026,00083.01,sim,não,"200.000,00",,,"99.049,20",,,fora da janela do portal (2026; o portal cobre 2021–2025),2026-09-01,2025-12-16T18:14:28.151388
7013,2026,00084.01,sim,não,"1.900.000,00",,,"1.500.000,00",,,fora da janela do portal (2026; o portal cobre 2021–2025),2026-09-01,2025-12-16T18:14:28.151388
7014,2026,00085.01,sim,não,"2.850.000,00",,,"1.100.000,00",,,fora da janela do portal (2026; o portal cobre 2021–2025),2026-09-01,2025-12-16T18:14:28.151388
7015,2026,00086.01,sim,não,"0,00",,,"0,00",,,fora da janela do portal (2026; o portal cobre 2021–2025),2026-09-01,2025-12-16T18:14:28.151388
7016,2026,00087.01,sim,não,"502.000,00",,,"0,00",,,fora da janela do portal (2026; o portal cobre 2021–2025),2026-09-01,2025-12-16T18:14:28.151388
7017,2026,00088.01,sim,não,"0,00",,,"0,00",,,fora da janela do portal (2026; o portal cobre 2021–2025),2026-09-01,2025-12-16T18:14:28.151388
7018,2026,00089.01,sim,não,"500.000,00",,,"0,00",,,fora da janela do portal (2026; o portal cobre 2021–2025),2026-09-01,2025-12-16T18:14:28.151388
7019,2026,00090.01,sim,não,"0,00",,,"0,00",,,fora da janela do portal (2026; o portal cobre 2021–2025),2026-09-01,2025-12-16T18:14:28.151388
7020,2026,00091.01,sim,não,"1.000.000,00",,,"0,00",,,fora da janela do portal (2026; o portal cobre 2021–2025),2026-09-01,2025-12-16T18:14:28.151388
7021,2026,00092.01,sim,não,"0,00",,,"0,00",,,fora da janela do portal (2026; o portal cobre 2021–2025),2026-09-01,2025-12-16T18:14:28.151388
7022,2026,00093.01,sim,não,"350.000,00",,,"0,00",,,fora da janela do portal (2026; o portal cobre 2021–2025),2026-09-01,2025-12-16T18:14:28.151388
7023,2026,00094.01,sim,não,"0,00",,,"0,00",,,fora da janela do portal (2026; o portal cobre 2021–2025),2026-09-01,2025-12-16T18:14:28.151388
7024,2026,00095.01,sim,não,"500.000,00",,,"0,00",,,fora da janela do portal (2026; o portal cobre 2021–2025),2026-09-01,2025-12-16T18:14:28.151388
7025,2026,00096.01,sim,não,"0,00",,,"0,00",,,fora da janela do portal (2026; o portal cobre 2021–2025),2026-09-01,2025-12-16T18:14:28.151388
7026,2026,00097.01,sim,não,"1.885.000,00",,,"550.000,00",,,fora da janela do portal (2026; o portal cobre 2021–2025),2026-09-01,2025-12-16T18:14:28.151388
7027,2026,00098.01,sim,não,"0,00",,,"0,00",,,fora da janela do portal (2026; o portal cobre 2021–2025),2026-09-01,2025-12-16T18:14:28.151388
7028,2026,00099.01,sim,não,"300.000,00",,,"0,00",,,fora da janela do portal (2026; o portal cobre 2021–2025),2026-09-01,2025-12-16T18:14:28.151388
7029,2026,00100.01,sim,não,"3.372.000,00",,,"0,00",,,fora da janela do portal (2026; o portal cobre 2021–2025),2026-09-01,2025-12-16T18:14:28.151388
7030,2026,00101.01,sim,não,"500.000,00",,,"0,00",,,fora da janela do portal (2026; o portal cobre 2021–2025),2026-09-01,2025-12-16T18:14:28.151388
7031,2026,00102.01,sim,não,"18.180.000,00",,,"2.250.000,00",,,fora da janela do portal (2026; o portal cobre 2021–2025),2026-09-01,2025-12-16T18:14:28.151388
7032,2026,00104.01,sim,não,"200.000,00",,,"0,00",,,fora da janela do portal (2026; o portal cobre 2021–2025),2026-09-01,2025-12-16T18:14:28.151388
7033,2026,00105.01,sim,não,"0,00",,,"0,00",,,fora da janela do portal (2026; o portal cobre 2021–2025),2026-09-01,2025-12-16T18:14:28.151388
7034,2026,00106.01,sim,não,"167.000,00",,,"166.983,14",,,fora da janela do portal (2026; o portal cobre 2021–2025),2026-09-01,2025-12-16T18:14:28.151388
7035,2026,00109.01,sim,não,"1.000.000,00",,,"0,00",,,fora da janela do portal (2026; o portal cobre 2021–2025),2026-09-01,2025-12-16T18:14:28.151388
7036,2026,00110.01,sim,não,"6.000.000,00",,,"5.998.785,76",,,fora da janela do portal (2026; o portal cobre 2021–2025),2026-09-01,2025-12-16T18:14:28.151388
7037,2026,00111.01,sim,não,"2.898.000,00",,,"2.698.000,00",,,fora da janela do portal (2026; o portal cobre 2021–2025),2026-09-01,2025-12-16T18:14:28.151388
7038,2026,00112.01,sim,não,"7.150.000,00",,,"5.146.037,14",,,fora da janela do portal (2026; o portal cobre 2021–2025),2026-09-01,2025-12-16T18:14:28.151388
7039,2026,00113.01,sim,não,"4.400.000,00",,,"4.099.852,44",,,fora da janela do portal (2026; o portal cobre 2021–2025),2026-09-01,2025-12-16T18:14:28.151388
7040,2026,00114.01,sim,não,"340.000,00",,,"0,00",,,fora da janela do portal (2026; o portal cobre 2021–2025),2026-09-01,2025-12-16T18:14:28.151388
7041,2026,00115.01,sim,não,"119.000,00",,,"54.292,94",,,fora da janela do portal (2026; o portal cobre 2021–2025),2026-09-01,2025-12-16T18:14:28.151388
7042,2026,00116.01,sim,não,"100.000,00",,,"30.139,86",,,fora da janela do portal (2026; o portal cobre 2021–2025),2026-09-01,2025-12-16T18:14:28.151388
7043,2026,00117.01,sim,não,"0,00",,,"0,00",,,fora da janela do portal (2026; o portal cobre 2021–2025),2026-09-01,2025-12-16T18:14:28.151388
7044,2026,00118.01,sim,não,"2.000.000,00",,,"1.149.997,90",,,fora da janela do portal (2026; o portal cobre 2021–2025),2026-09-01,2025-12-16T18:14:28.151388
7045,2026,00119.01,sim,não,"500.000,00",,,"0,00",,,fora da janela do portal (2026; o portal cobre 2021–2025),2026-09-01,2025-12-16T18:14:28.151388
7046,2026,00120.01,sim,não,"1.492.000,00",,,"0,00",,,fora da janela do portal (2026; o portal cobre 2021–2025),2026-09-01,2025-12-16T18:14:28.151388
7047,2026,00121.01,sim,não,"0,00",,,"0,00",,,fora da janela do portal (2026; o portal cobre 2021–2025),2026-09-01,2025-12-16T18:14:28.151388
7048,2026,00122.01,sim,não,"1.800.000,00",,,"218.050,90",,,fora da janela do portal (2026; o portal cobre 2021–2025),2026-09-01,2025-12-16T18:14:28.151388
7049,2026,00123.01,sim,não,"6.850.000,00",,,"4.500.000,00",,,fora da janela do portal (2026; o portal cobre 2021–2025),2026-09-01,2025-12-16T18:14:28.151388
7050,2026,00124.01,sim,não,"11.730.000,00",,,"6.527.318,29",,,fora da janela do portal (2026; o portal cobre 2021–2025),2026-09-01,2025-12-16T18:14:28.151388
7051,2026,00125.01,sim,não,"0,00",,,"0,00",,,fora da janela do portal (2026; o portal cobre 2021–2025),2026-09-01,2025-12-16T18:14:28.151388
7052,2026,00126.01,sim,não,"1.000.000,00",,,"500.000,00",,,fora da janela do portal (2026; o portal cobre 2021–2025),2026-09-01,2025-12-16T18:14:28.151388
7053,2026,00127.01,sim,não,"8.000.000,00",,,"3.900.000,00",,,fora da janela do portal (2026; o portal cobre 2021–2025),2026-09-01,2025-12-16T18:14:28.151388
7054,2026,00128.01,sim,não,"750.000,00",,,"750.000,00",,,fora da janela do portal (2026; o portal cobre 2021–2025),2026-09-01,2025-12-16T18:14:28.151388
7055,2026,00129.01,sim,não,"4.400.000,00",,,"420.000,00",,,fora da janela do portal (2026; o portal cobre 2021–2025),2026-09-01,2025-12-16T18:14:28.151388
7057,2026,00131.01,sim,não,"0,00",,,"0,00",,,fora da janela do portal (2026; o portal cobre 2021–2025),2026-09-01,2025-12-16T18:14:28.151388
7058,2026,00132.01,sim,não,"0,00",,,"0,00",,,fora da janela do portal (2026; o portal cobre 2021–2025),2026-09-01,2025-12-16T18:14:28.151388
7059,2026,00133.01,sim,não,"0,00",,,"0,00",,,fora da janela do portal (2026; o portal cobre 2021–2025),2026-09-01,2025-12-16T18:14:28.151388
7060,2026,00134.01,sim,não,"0,00",,,"0,00",,,fora da janela do portal (2026; o portal cobre 2021–2025),2026-09-01,2025-12-16T18:14:28.151388
7061,2026,00135.01,sim,não,"0,00",,,"0,00",,,fora da janela do portal (2026; o portal cobre 2021–2025),2026-09-01,2025-12-16T18:14:28.151388
7062,2026,00136.01,sim,não,"5.286.203,00",,,"1.936.202,50",,,fora da janela do portal (2026; o portal cobre 2021–2025),2026-09-01,2025-12-16T18:14:28.151388
7063,2026,00137.01,sim,não,"3.690.000,00",,,"1.940.000,00",,,fora da janela do portal (2026; o portal cobre 2021–2025),2026-09-01,2025-12-16T18:14:28.151388
7064,2026,00138.01,sim,não,"3.692.000,00",,,"2.939.910,82",,,fora da janela do portal (2026; o portal cobre 2021–2025),2026-09-01,2025-12-16T18:14:28.151388
7065,2026,00139.01,sim,não,"5.350.000,00",,,"2.250.000,00",,,fora da janela do portal (2026; o portal cobre 2021–2025),2026-09-01,2025-12-16T18:14:28.151388
7066,2026,00140.01,sim,não,"3.000.000,00",,,"1.900.000,00",,,fora da janela do portal (2026; o portal cobre 2021–2025),2026-09-01,2025-12-16T18:14:28.151388
7067,2026,00141.01,sim,não,"5.700.000,00",,,"5.483.859,53",,,fora da janela do portal (2026; o portal cobre 2021–2025),2026-09-01,2025-12-16T18:14:28.151388
7068,2026,00143.01,sim,não,"2.000.000,00",,,"2.000.000,00",,,fora da janela do portal (2026; o portal cobre 2021–2025),2026-09-01,2025-12-16T18:14:28.151388
7069,2026,00144.01,sim,não,"0,00",,,"0,00",,,fora da janela do portal (2026; o portal cobre 2021–2025),2026-09-01,2025-12-16T18:14:28.151388
7070,2026,00145.01,sim,não,"500.000,00",,,"500.000,00",,,fora da janela do portal (2026; o portal cobre 2021–2025),2026-09-01,2025-12-16T18:14:28.151388
7071,2026,00146.01,sim,não,"0,00",,,"0,00",,,fora da janela do portal (2026; o portal cobre 2021–2025),2026-09-01,2025-12-16T18:14:28.151388
7072,2026,00147.01,sim,não,"0,00",,,"0,00",,,fora da janela do portal (2026; o portal cobre 2021–2025),2026-09-01,2025-12-16T18:14:28.151388
7073,2026,00148.01,sim,não,"150.000,00",,,"0,00",,,fora da janela do portal (2026; o portal cobre 2021–2025),2026-09-01,2025-12-16T18:14:28.151388
7074,2026,00149.01,sim,não,"0,00",,,"0,00",,,fora da janela do portal (2026; o portal cobre 2021–2025),2026-09-01,2025-12-16T18:14:28.151388
7075,2026,00150.01,sim,não,"200.000,00",,,"0,00",,,fora da janela do portal (2026; o portal cobre 2021–2025),2026-09-01,2025-12-16T18:14:28.151388
7076,2026,00151.01,sim,não,"350.000,00",,,"0,00",,,fora da janela do portal (2026; o portal cobre 2021–2025),2026-09-01,2025-12-16T18:14:28.151388
7077,2026,00152.01,sim,não,"250.000,00",,,"100.000,00",,,fora da janela do portal (2026; o portal cobre 2021–2025),2026-09-01,2025-12-16T18:14:28.151388
7078,2026,00153.01,sim,não,"450.000,00",,,"0,00",,,fora da janela do portal (2026; o portal cobre 2021–2025),2026-09-01,2025-12-16T18:14:28.151388
7079,2026,00154.01,sim,não,"450.000,00",,,"0,00",,,fora da janela do portal (2026; o portal cobre 2021–2025),2026-09-01,2025-12-16T18:14:28.151388
7080,2026,00155.01,sim,não,"250.000,00",,,"250.000,00",,,fora da janela do portal (2026; o portal cobre 2021–2025),2026-09-01,2025-12-16T18:14:28.151388
7081,2026,00156.01,sim,não,"300.000,00",,,"0,00",,,fora da janela do portal (2026; o portal cobre 2021–2025),2026-09-01,2025-12-16T18:14:28.151388
7082,2026,00157.01,sim,não,"1.000.000,00",,,"500.000,00",,,fora da janela do portal (2026; o portal cobre 2021–2025),2026-09-01,2025-12-16T18:14:28.151388
7083,2026,00158.01,sim,não,"500.000,00",,,"0,00",,,fora da janela do portal (2026; o portal cobre 2021–2025),2026-09-01,2025-12-16T18:14:28.151388
7084,2026,00159.01,sim,não,"200.000,00",,,"0,00",,,fora da janela do portal (2026; o portal cobre 2021–2025),2026-09-01,2025-12-16T18:14:28.151388
7085,2026,00160.01,sim,não,"300.000,00",,,"0,00",,,fora da janela do portal (2026; o portal cobre 2021–2025),2026-09-01,2025-12-16T18:14:28.151388
7086,2026,00161.01,sim,não,"1.000.000,00",,,"960.368,43",,,fora da janela do portal (2026; o portal cobre 2021–2025),2026-09-01,2025-12-16T18:14:28.151388
7087,2026,00162.01,sim,não,"1.000.000,00",,,"0,00",,,fora da janela do portal (2026; o portal cobre 2021–2025),2026-09-01,2025-12-16T18:14:28.151388
7088,2026,00163.01,sim,não,"4.056.100,00",,,"4.056.100,00",,,fora da janela do portal (2026; o portal cobre 2021–2025),2026-09-01,2025-12-16T18:14:28.151388
7089,2026,00164.01,sim,não,"12.262.260,00",,,"392.001,00",,,fora da janela do portal (2026; o portal cobre 2021–2025),2026-09-01,2025-12-16T18:14:28.151388
7090,2026,00165.01,sim,não,"1.000.000,00",,,"0,00",,,fora da janela do portal (2026; o portal cobre 2021–2025),2026-09-01,2025-12-16T18:14:28.151388
7091,2026,00166.01,sim,não,"850.000,00",,,"499.816,25",,,fora da janela do portal (2026; o portal cobre 2021–2025),2026-09-01,2025-12-16T18:14:28.151388
7092,2026,00167.01,sim,não,"5.540.000,00",,,"0,00",,,fora da janela do portal (2026; o portal cobre 2021–2025),2026-09-01,2025-12-16T18:14:28.151388
7093,2026,00169.01,sim,não,"537.740,00",,,"74.650,80",,,fora da janela do portal (2026; o portal cobre 2021–2025),2026-09-01,2025-12-16T18:14:28.151388
7094,2026,00170.01,sim,não,"120.000,00",,,"119.998,00",,,fora da janela do portal (2026; o portal cobre 2021–2025),2026-09-01,2025-12-16T18:14:28.151388
7095,2026,00171.01,sim,não,"400.000,00",,,"400.000,00",,,fora da janela do portal (2026; o portal cobre 2021–2025),2026-09-01,2025-12-16T18:14:28.151388
7096,2026,00172.01,sim,não,"1.300.000,00",,,"0,00",,,fora da janela do portal (2026; o portal cobre 2021–2025),2026-09-01,2025-12-16T18:14:28.151388
7097,2026,00173.01,sim,não,"300.000,00",,,"0,00",,,fora da janela do portal (2026; o portal cobre 2021–2025),2026-09-01,2025-12-16T18:14:28.151388
7098,2026,00174.01,sim,não,"0,00",,,"0,00",,,fora da janela do portal (2026; o portal cobre 2021–2025),2026-09-01,2025-12-16T18:14:28.151388
7099,2026,00175.01,sim,não,"250.000,00",,,"0,00",,,fora da janela do portal (2026; o portal cobre 2021–2025),2026-09-01,2025-12-16T18:14:28.151388
7100,2026,00176.01,sim,não,"0,00",,,"0,00",,,fora da janela do portal (2026; o portal cobre 2021–2025),2026-09-01,2025-12-16T18:14:28.151388
7101,2026,00177.01,sim,não,"200.000,00",,,"0,00",,,fora da janela do portal (2026; o portal cobre 2021–2025),2026-09-01,2025-12-16T18:14:28.151388
7102,2026,00178.01,sim,não,"1.400.000,00",,,"400.000,00",,,fora da janela do portal (2026; o portal cobre 2021–2025),2026-09-01,2025-12-16T18:14:28.151388
7103,2026,00179.01,sim,não,"3.392.000,00",,,"0,00",,,fora da janela do portal (2026; o portal cobre 2021–2025),2026-09-01,2025-12-16T18:14:28.151388
7104,2026,00180.01,sim,não,"3.900.000,00",,,"0,00",,,fora da janela do portal (2026; o portal cobre 2021–2025),2026-09-01,2025-12-16T18:14:28.151388
7105,2026,00181.01,sim,não,"900.000,00",,,"0,00",,,fora da janela do portal (2026; o portal cobre 2021–2025),2026-09-01,2025-12-16T18:14:28.151388
7106,2026,00187.01,sim,não,"0,00",,,"0,00",,,fora da janela do portal (2026; o portal cobre 2021–2025),2026-09-01,2025-12-16T18:14:28.151388
7107,2026,00189.01,sim,não,"1.000.000,00",,,"1.000.000,00",,,fora da janela do portal (2026; o portal cobre 2021–2025),2026-09-01,2025-12-16T18:14:28.151388
7108,2026,00191.01,sim,não,"0,00",,,"0,00",,,fora da janela do portal (2026; o portal cobre 2021–2025),2026-09-01,2025-12-16T18:14:28.151388
7109,2026,00192.01,sim,não,"400.000,00",,,"0,00",,,fora da janela do portal (2026; o portal cobre 2021–2025),2026-09-01,2025-12-16T18:14:28.151388
7110,2026,00196.01,sim,não,"400.000,00",,,"0,00",,,fora da janela do portal (2026; o portal cobre 2021–2025),2026-09-01,2025-12-16T18:14:28.151388
7111,2026,00197.01,sim,não,"0,00",,,"0,00",,,fora da janela do portal (2026; o portal cobre 2021–2025),2026-09-01,2025-12-16T18:14:28.151388
7112,2026,00198.01,sim,não,"0,00",,,"0,00",,,fora da janela do portal (2026; o portal cobre 2021–2025),2026-09-01,2025-12-16T18:14:28.151388
7113,2026,00199.01,sim,não,"0,00",,,"0,00",,,fora da janela do portal (2026; o portal cobre 2021–2025),2026-09-01,2025-12-16T18:14:28.151388
7114,2026,00200.01,sim,não,"730.000,00",,,"0,00",,,fora da janela do portal (2026; o portal cobre 2021–2025),2026-09-01,2025-12-16T18:14:28.151388
7115,2026,00201.01,sim,não,"0,00",,,"0,00",,,fora da janela do portal (2026; o portal cobre 2021–2025),2026-09-01,2025-12-16T18:14:28.151388
7116,2026,00202.01,sim,não,"500.000,00",,,"500.000,00",,,fora da janela do portal (2026; o portal cobre 2021–2025),2026-09-01,2025-12-16T18:14:28.151388
7117,2026,00203.01,sim,não,"0,00",,,"0,00",,,fora da janela do portal (2026; o portal cobre 2021–2025),2026-09-01,2025-12-16T18:14:28.151388
7118,2026,00204.01,sim,não,"200.000,00",,,"0,00",,,fora da janela do portal (2026; o portal cobre 2021–2025),2026-09-01,2025-12-16T18:14:28.151388
7119,2026,00205.01,sim,não,"0,00",,,"0,00",,,fora da janela do portal (2026; o portal cobre 2021–2025),2026-09-01,2025-12-16T18:14:28.151388
7120,2026,00206.01,sim,não,"0,00",,,"0,00",,,fora da janela do portal (2026; o portal cobre 2021–2025),2026-09-01,2025-12-16T18:14:28.151388
7121,2026,00207.01,sim,não,"200.000,00",,,"9.374,56",,,fora da janela do portal (2026; o portal cobre 2021–2025),2026-09-01,2025-12-16T18:14:28.151388
7122,2026,00208.01,sim,não,"100.000,00",,,"0,00",,,fora da janela do portal (2026; o portal cobre 2021–2025),2026-09-01,2025-12-16T18:14:28.151388
7123,2026,00209.01,sim,não,"2.700.000,00",,,"300.000,00",,,fora da janela do portal (2026; o portal cobre 2021–2025),2026-09-01,2025-12-16T18:14:28.151388
7124,2026,00210.01,sim,não,"0,00",,,"0,00",,,fora da janela do portal (2026; o portal cobre 2021–2025),2026-09-01,2025-12-16T18:14:28.151388
7125,2026,00211.01,sim,não,"1.650.000,00",,,"0,00",,,fora da janela do portal (2026; o portal cobre 2021–2025),2026-09-01,2025-12-16T18:14:28.151388
7126,2026,00212.01,sim,não,"3.250.000,00",,,"1.900.000,00",,,fora da janela do portal (2026; o portal cobre 2021–2025),2026-09-01,2025-12-16T18:14:28.151388
7127,2026,00213.01,sim,não,"1.000.000,00",,,"650.000,00",,,fora da janela do portal (2026; o portal cobre 2021–2025),2026-09-01,2025-12-16T18:14:28.151388
7128,2026,00214.01,sim,não,"3.000.000,00",,,"2.800.000,00",,,fora da janela do portal (2026; o portal cobre 2021–2025),2026-09-01,2025-12-16T18:14:28.151388
7129,2026,00215.01,sim,não,"3.500.000,00",,,"2.649.966,90",,,fora da janela do portal (2026; o portal cobre 2021–2025),2026-09-01,2025-12-16T18:14:28.151388
7130,2026,00216.01,sim,não,"4.492.000,00",,,"4.380.335,05",,,fora da janela do portal (2026; o portal cobre 2021–2025),2026-09-01,2025-12-16T18:14:28.151388
7131,2026,00217.01,sim,não,"3.840.000,00",,,"941.000,00",,,fora da janela do portal (2026; o portal cobre 2021–2025),2026-09-01,2025-12-16T18:14:28.151388
7132,2026,00218.01,sim,não,"500.000,00",,,"420.000,00",,,fora da janela do portal (2026; o portal cobre 2021–2025),2026-09-01,2025-12-16T18:14:28.151388
7133,2026,00219.01,sim,não,"950.000,00",,,"749.717,47",,,fora da janela do portal (2026; o portal cobre 2021–2025),2026-09-01,2025-12-16T18:14:28.151388
7134,2026,00220.01,sim,não,"600.000,00",,,"0,00",,,fora da janela do portal (2026; o portal cobre 2021–2025),2026-09-01,2025-12-16T18:14:28.151388
7135,2026,00221.01,sim,não,"500.000,00",,,"0,00",,,fora da janela do portal (2026; o portal cobre 2021–2025),2026-09-01,2025-12-16T18:14:28.151388
7136,2026,00223.01,sim,não,"750.000,00",,,"749.958,30",,,fora da janela do portal (2026; o portal cobre 2021–2025),2026-09-01,2025-12-16T18:14:28.151388
7137,2026,00224.01,sim,não,"7.600.000,00",,,"2.500.000,00",,,fora da janela do portal (2026; o portal cobre 2021–2025),2026-09-01,2025-12-16T18:14:28.151388
7138,2026,00225.01,sim,não,"581.892,00",,,"581.892,00",,,fora da janela do portal (2026; o portal cobre 2021–2025),2026-09-01,2025-12-16T18:14:28.151388
7139,2026,00226.01,sim,não,"4.000.000,00",,,"4.000.000,00",,,fora da janela do portal (2026; o portal cobre 2021–2025),2026-09-01,2025-12-16T18:14:28.151388
7140,2026,00227.01,sim,não,"2.100.000,00",,,"0,00",,,fora da janela do portal (2026; o portal cobre 2021–2025),2026-09-01,2025-12-16T18:14:28.151388
7141,2026,00228.01,sim,não,"3.000.000,00",,,"300.000,00",,,fora da janela do portal (2026; o portal cobre 2021–2025),2026-09-01,2025-12-16T18:14:28.151388
7142,2026,00229.01,sim,não,"0,00",,,"0,00",,,fora da janela do portal (2026; o portal cobre 2021–2025),2026-09-01,2025-12-16T18:14:28.151388
7144,2026,00231.01,sim,não,"0,00",,,"0,00",,,fora da janela do portal (2026; o portal cobre 2021–2025),2026-09-01,2025-12-16T18:14:28.151388
7145,2026,00232.01,sim,não,"300.000,00",,,"0,00",,,fora da janela do portal (2026; o portal cobre 2021–2025),2026-09-01,2025-12-16T18:14:28.151388
7146,2026,00233.01,sim,não,"200.000,00",,,"0,00",,,fora da janela do portal (2026; o portal cobre 2021–2025),2026-09-01,2025-12-16T18:14:28.151388
7147,2026,00234.01,sim,não,"2.600.000,00",,,"0,00",,,fora da janela do portal (2026; o portal cobre 2021–2025),2026-09-01,2025-12-16T18:14:28.151388
7148,2026,00235.01,sim,não,"0,00",,,"0,00",,,fora da janela do portal (2026; o portal cobre 2021–2025),2026-09-01,2025-12-16T18:14:28.151388
7149,2026,00236.01,sim,não,"0,00",,,"0,00",,,fora da janela do portal (2026; o portal cobre 2021–2025),2026-09-01,2025-12-16T18:14:28.151388
7150,2026,00237.01,sim,não,"3.500.000,00",,,"1.599.860,00",,,fora da janela do portal (2026; o portal cobre 2021–2025),2026-09-01,2025-12-16T18:14:28.151388
7151,2026,00238.01,sim,não,"100.000,00",,,"0,00",,,fora da janela do portal (2026; o portal cobre 2021–2025),2026-09-01,2025-12-16T18:14:28.151388
7152,2026,00239.01,sim,não,"2.000.108,00",,,"0,00",,,fora da janela do portal (2026; o portal cobre 2021–2025),2026-09-01,2025-12-16T18:14:28.151388
7153,2026,00240.01,sim,não,"2.900.000,00",,,"1.480.663,04",,,fora da janela do portal (2026; o portal cobre 2021–2025),2026-09-01,2025-12-16T18:14:28.151388
7154,2026,00241.01,sim,não,"700.000,00",,,"700.000,00",,,fora da janela do portal (2026; o portal cobre 2021–2025),2026-09-01,2025-12-16T18:14:28.151388
7155,2026,00242.01,sim,não,"500.000,00",,,"0,00",,,fora da janela do portal (2026; o portal cobre 2021–2025),2026-09-01,2025-12-16T18:14:28.151388
7156,2026,00243.01,sim,não,"0,00",,,"0,00",,,fora da janela do portal (2026; o portal cobre 2021–2025),2026-09-01,2025-12-16T18:14:28.151388
7157,2026,00244.01,sim,não,"300.000,00",,,"300.000,00",,,fora da janela do portal (2026; o portal cobre 2021–2025),2026-09-01,2025-12-16T18:14:28.151388
7158,2026,00246.01,sim,não,"0,00",,,"0,00",,,fora da janela do portal (2026; o portal cobre 2021–2025),2026-09-01,2025-12-16T18:14:28.151388
7159,2026,00248.01,sim,não,"6.500.000,00",,,"750.000,00",,,fora da janela do portal (2026; o portal cobre 2021–2025),2026-09-01,2025-12-16T18:14:28.151388
7160,2026,00249.01,sim,não,"5.220.000,00",,,"4.346.708,77",,,fora da janela do portal (2026; o portal cobre 2021–2025),2026-09-01,2025-12-16T18:14:28.151388
7161,2026,00251.01,sim,não,"250.000,00",,,"0,00",,,fora da janela do portal (2026; o portal cobre 2021–2025),2026-09-01,2025-12-16T18:14:28.151388
7162,2026,00252.01,sim,não,"4.000.000,00",,,"2.147.541,13",,,fora da janela do portal (2026; o portal cobre 2021–2025),2026-09-01,2025-12-16T18:14:28.151388
7163,2026,00253.01,sim,não,"1.600.000,00",,,"1.121.573,17",,,fora da janela do portal (2026; o portal cobre 2021–2025),2026-09-01,2025-12-16T18:14:28.151388
7164,2026,00254.01,sim,não,"0,00",,,"0,00",,,fora da janela do portal (2026; o portal cobre 2021–2025),2026-09-01,2025-12-16T18:14:28.151388
7165,2026,00255.01,sim,não,"1.000.000,00",,,"0,00",,,fora da janela do portal (2026; o portal cobre 2021–2025),2026-09-01,2025-12-16T18:14:28.151388
7166,2026,00256.01,sim,não,"2.000.000,00",,,"999.896,05",,,fora da janela do portal (2026; o portal cobre 2021–2025),2026-09-01,2025-12-16T18:14:28.151388
7167,2026,00257.01,sim,não,"780.000,00",,,"0,00",,,fora da janela do portal (2026; o portal cobre 2021–2025),2026-09-01,2025-12-16T18:14:28.151388
7168,2026,00258.01,sim,não,"1.200.000,00",,,"0,00",,,fora da janela do portal (2026; o portal cobre 2021–2025),2026-09-01,2025-12-16T18:14:28.151388
7169,2026,00259.01,sim,não,"4.242.000,00",,,"0,00",,,fora da janela do portal (2026; o portal cobre 2021–2025),2026-09-01,2025-12-16T18:14:28.151388
7170,2026,00260.01,sim,não,"1.000.000,00",,,"0,00",,,fora da janela do portal (2026; o portal cobre 2021–2025),2026-09-01,2025-12-16T18:14:28.151388
7171,2026,00261.01,sim,não,"0,00",,,"0,00",,,fora da janela do portal (2026; o portal cobre 2021–2025),2026-09-01,2025-12-16T18:14:28.151388
7172,2026,00262.01,sim,não,"1.000.000,00",,,"0,00",,,fora da janela do portal (2026; o portal cobre 2021–2025),2026-09-01,2025-12-16T18:14:28.151388
7173,2026,00263.01,sim,não,"0,00",,,"0,00",,,fora da janela do portal (2026; o portal cobre 2021–2025),2026-09-01,2025-12-16T18:14:28.151388
7174,2026,00264.01,sim,não,"3.400.000,00",,,"1.700.000,00",,,fora da janela do portal (2026; o portal cobre 2021–2025),2026-09-01,2025-12-16T18:14:28.151388
7175,2026,00265.01,sim,não,"0,00",,,"0,00",,,fora da janela do portal (2026; o portal cobre 2021–2025),2026-09-01,2025-12-16T18:14:28.151388
7176,2026,00266.01,sim,não,"500.000,00",,,"500.000,00",,,fora da janela do portal (2026; o portal cobre 2021–2025),2026-09-01,2025-12-16T18:14:28.151388
7177,2026,00267.01,sim,não,"2.200.000,00",,,"300.000,00",,,fora da janela do portal (2026; o portal cobre 2021–2025),2026-09-01,2025-12-16T18:14:28.151388
7178,2026,00268.01,sim,não,"1.000.000,00",,,"0,00",,,fora da janela do portal (2026; o portal cobre 2021–2025),2026-09-01,2025-12-16T18:14:28.151388
7179,2026,00269.01,sim,não,"0,00",,,"0,00",,,fora da janela do portal (2026; o portal cobre 2021–2025),2026-09-01,2025-12-16T18:14:28.151388
7180,2026,00270.01,sim,não,"5.610.000,00",,,"799.972,90",,,fora da janela do portal (2026; o portal cobre 2021–2025),2026-09-01,2025-12-16T18:14:28.151388
7181,2026,00271.01,sim,não,"250.000,00",,,"0,00",,,fora da janela do portal (2026; o portal cobre 2021–2025),2026-09-01,2025-12-16T18:14:28.151388
7182,2026,00272.01,sim,não,"4.500.000,00",,,"405.000,00",,,fora da janela do portal (2026; o portal cobre 2021–2025),2026-09-01,2025-12-16T18:14:28.151388
7183,2026,00273.01,sim,não,"2.000.000,00",,,"0,00",,,fora da janela do portal (2026; o portal cobre 2021–2025),2026-09-01,2025-12-16T18:14:28.151388
7184,2026,00274.01,sim,não,"7.750.000,00",,,"200.000,00",,,fora da janela do portal (2026; o portal cobre 2021–2025),2026-09-01,2025-12-16T18:14:28.151388
7185,2026,00275.01,sim,não,"150.000,00",,,"0,00",,,fora da janela do portal (2026; o portal cobre 2021–2025),2026-09-01,2025-12-16T18:14:28.151388
7186,2026,00276.01,sim,não,"500.000,00",,,"500.000,00",,,fora da janela do portal (2026; o portal cobre 2021–2025),2026-09-01,2025-12-16T18:14:28.151388
7187,2026,00277.01,sim,não,"200.000,00",,,"0,00",,,fora da janela do portal (2026; o portal cobre 2021–2025),2026-09-01,2025-12-16T18:14:28.151388
7188,2026,00278.01,sim,não,"4.500.000,00",,,"200.000,00",,,fora da janela do portal (2026; o portal cobre 2021–2025),2026-09-01,2025-12-16T18:14:28.151388
7189,2026,00279.01,sim,não,"2.132.000,00",,,"1.232.000,00",,,fora da janela do portal (2026; o portal cobre 2021–2025),2026-09-01,2025-12-16T18:14:28.151388
7190,2026,00281.01,sim,não,"1.000.000,00",,,"0,00",,,fora da janela do portal (2026; o portal cobre 2021–2025),2026-09-01,2025-12-16T18:14:28.151388
7191,2026,00282.01,sim,não,"0,00",,,"0,00",,,fora da janela do portal (2026; o portal cobre 2021–2025),2026-09-01,2025-12-16T18:14:28.151388
7192,2026,00283.01,sim,não,"600.000,00",,,"0,00",,,fora da janela do portal (2026; o portal cobre 2021–2025),2026-09-01,2025-12-16T18:14:28.151388
7193,2026,00284.01,sim,não,"100.000,00",,,"0,00",,,fora da janela do portal (2026; o portal cobre 2021–2025),2026-09-01,2025-12-16T18:14:28.151388
7194,2026,00285.01,sim,não,"500.000,00",,,"300.000,00",,,fora da janela do portal (2026; o portal cobre 2021–2025),2026-09-01,2025-12-16T18:14:28.151388
7195,2026,00286.01,sim,não,"0,00",,,"0,00",,,fora da janela do portal (2026; o portal cobre 2021–2025),2026-09-01,2025-12-16T18:14:28.151388
7196,2026,00287.01,sim,não,"450.000,00",,,"0,00",,,fora da janela do portal (2026; o portal cobre 2021–2025),2026-09-01,2025-12-16T18:14:28.151388
7197,2026,00288.01,sim,não,"600.000,00",,,"0,00",,,fora da janela do portal (2026; o portal cobre 2021–2025),2026-09-01,2025-12-16T18:14:28.151388
7198,2026,00289.01,sim,não,"0,00",,,"0,00",,,fora da janela do portal (2026; o portal cobre 2021–2025),2026-09-01,2025-12-16T18:14:28.151388
7199,2026,00290.01,sim,não,"6.556.000,00",,,"2.450.000,00",,,fora da janela do portal (2026; o portal cobre 2021–2025),2026-09-01,2025-12-16T18:14:28.151388
7200,2026,00291.01,sim,não,"5.311.000,00",,,"2.299.852,14",,,fora da janela do portal (2026; o portal cobre 2021–2025),2026-09-01,2025-12-16T18:14:28.151388
7201,2026,00292.01,sim,não,"0,00",,,"0,00",,,fora da janela do portal (2026; o portal cobre 2021–2025),2026-09-01,2025-12-16T18:14:28.151388
7202,2026,00293.01,sim,não,"1.492.000,00",,,"0,00",,,fora da janela do portal (2026; o portal cobre 2021–2025),2026-09-01,2025-12-16T18:14:28.151388
7203,2026,00294.01,sim,não,"7.477.000,00",,,"4.700.000,00",,,fora da janela do portal (2026; o portal cobre 2021–2025),2026-09-01,2025-12-16T18:14:28.151388
7204,2026,00295.01,sim,não,"0,00",,,"0,00",,,fora da janela do portal (2026; o portal cobre 2021–2025),2026-09-01,2025-12-16T18:14:28.151388
7205,2026,00296.01,sim,não,"6.000.000,00",,,"2.150.000,00",,,fora da janela do portal (2026; o portal cobre 2021–2025),2026-09-01,2025-12-16T18:14:28.151388
7206,2026,00297.01,sim,não,"3.000.000,00",,,"1.180.467,87",,,fora da janela do portal (2026; o portal cobre 2021–2025),2026-09-01,2025-12-16T18:14:28.151388
7207,2026,00298.01,sim,não,"1.000.000,00",,,"0,00",,,fora da janela do portal (2026; o portal cobre 2021–2025),2026-09-01,2025-12-16T18:14:28.151388
7208,2026,00335.01,sim,não,"3.250.000,00",,,"1.979.858,28",,,fora da janela do portal (2026; o portal cobre 2021–2025),2026-09-01,2025-12-16T18:14:28.151388
7209,2026,00336.01,sim,não,"6.425.000,00",,,"5.125.000,00",,,fora da janela do portal (2026; o portal cobre 2021–2025),2026-09-01,2025-12-16T18:14:28.151388
7210,2026,00338.01,sim,não,"1.000.000,00",,,"100.000,00",,,fora da janela do portal (2026; o portal cobre 2021–2025),2026-09-01,2025-12-16T18:14:28.151388
7211,2026,00339.01,sim,não,"1.553.300,00",,,"250.000,00",,,fora da janela do portal (2026; o portal cobre 2021–2025),2026-09-01,2025-12-16T18:14:28.151388
7212,2026,00340.01,sim,não,"900.000,00",,,"0,00",,,fora da janela do portal (2026; o portal cobre 2021–2025),2026-09-01,2025-12-16T18:14:28.151388
7213,2026,00341.01,sim,não,"500.000,00",,,"100.000,00",,,fora da janela do portal (2026; o portal cobre 2021–2025),2026-09-01,2025-12-16T18:14:28.151388
7214,2026,00342.01,sim,não,"700.000,00",,,"200.000,00",,,fora da janela do portal (2026; o portal cobre 2021–2025),2026-09-01,2025-12-16T18:14:28.151388
7215,2026,00343.01,sim,não,"2.350.000,00",,,"600.000,00",,,fora da janela do portal (2026; o portal cobre 2021–2025),2026-09-01,2025-12-16T18:14:28.151388
7216,2026,00344.01,sim,não,"4.380.000,00",,,"1.850.000,00",,,fora da janela do portal (2026; o portal cobre 2021–2025),2026-09-01,2025-12-16T18:14:28.151388
7217,2026,00345.01,sim,não,"4.450.000,00",,,"1.050.000,00",,,fora da janela do portal (2026; o portal cobre 2021–2025),2026-09-01,2025-12-16T18:14:28.151388
7218,2026,00346.01,sim,não,"0,00",,,"0,00",,,fora da janela do portal (2026; o portal cobre 2021–2025),2026-09-01,2025-12-16T18:14:28.151388
7219,2026,00347.01,sim,não,"3.775.000,00",,,"3.389.559,61",,,fora da janela do portal (2026; o portal cobre 2021–2025),2026-09-01,2025-12-16T18:14:28.151388
7220,2026,00348.01,sim,não,"1.000.000,00",,,"850.000,00",,,fora da janela do portal (2026; o portal cobre 2021–2025),2026-09-01,2025-12-16T18:14:28.151388
7221,2026,00349.01,sim,não,"0,00",,,"0,00",,,fora da janela do portal (2026; o portal cobre 2021–2025),2026-09-01,2025-12-16T18:14:28.151388
7222,2026,00350.01,sim,não,"2.250.000,00",,,"1.000.000,00",,,fora da janela do portal (2026; o portal cobre 2021–2025),2026-09-01,2025-12-16T18:14:28.151388
7223,2026,00351.01,sim,não,"18.342.000,00",,,"16.599.963,82",,,fora da janela do portal (2026; o portal cobre 2021–2025),2026-09-01,2025-12-16T18:14:28.151388
7224,2026,00352.01,sim,não,"11.000.000,00",,,"7.299.999,37",,,fora da janela do portal (2026; o portal cobre 2021–2025),2026-09-01,2025-12-16T18:14:28.151388
7225,2026,00353.01,sim,não,"500.000,00",,,"500.000,00",,,fora da janela do portal (2026; o portal cobre 2021–2025),2026-09-01,2025-12-16T18:14:28.151388
7226,2026,00354.01,sim,não,"0,00",,,"0,00",,,fora da janela do portal (2026; o portal cobre 2021–2025),2026-09-01,2025-12-16T18:14:28.151388
7227,2026,00355.01,sim,não,"0,00",,,"0,00",,,fora da janela do portal (2026; o portal cobre 2021–2025),2026-09-01,2025-12-16T18:14:28.151388
7228,2026,00356.01,sim,não,"0,00",,,"0,00",,,fora da janela do portal (2026; o portal cobre 2021–2025),2026-09-01,2025-12-16T18:14:28.151388
7229,2026,00357.01,sim,não,"0,00",,,"0,00",,,fora da janela do portal (2026; o portal cobre 2021–2025),2026-09-01,2025-12-16T18:14:28.151388
7230,2026,00358.01,sim,não,"0,00",,,"0,00",,,fora da janela do portal (2026; o portal cobre 2021–2025),2026-09-01,2025-12-16T18:14:28.151388
7231,2026,00359.01,sim,não,"1.270.000,00",,,"0,00",,,fora da janela do portal (2026; o portal cobre 2021–2025),2026-09-01,2025-12-16T18:14:28.151388
7232,2026,00360.01,sim,não,"300.000,00",,,"0,00",,,fora da janela do portal (2026; o portal cobre 2021–2025),2026-09-01,2025-12-16T18:14:28.151388
7233,2026,00361.01,sim,não,"400.000,00",,,"0,00",,,fora da janela do portal (2026; o portal cobre 2021–2025),2026-09-01,2025-12-16T18:14:28.151388
7234,2026,00362.01,sim,não,"150.000,00",,,"0,00",,,fora da janela do portal (2026; o portal cobre 2021–2025),2026-09-01,2025-12-16T18:14:28.151388
7235,2026,00363.01,sim,não,"261.000,00",,,"0,00",,,fora da janela do portal (2026; o portal cobre 2021–2025),2026-09-01,2025-12-16T18:14:28.151388
7236,2026,00364.01,sim,não,"160.000,00",,,"0,00",,,fora da janela do portal (2026; o portal cobre 2021–2025),2026-09-01,2025-12-16T18:14:28.151388
7237,2026,00365.01,sim,não,"300.000,00",,,"0,00",,,fora da janela do portal (2026; o portal cobre 2021–2025),2026-09-01,2025-12-16T18:14:28.151388
7238,2026,00366.01,sim,não,"3.411.000,00",,,"3.411.000,00",,,fora da janela do portal (2026; o portal cobre 2021–2025),2026-09-01,2025-12-16T18:14:28.151388
7239,2026,00367.01,sim,não,"177.000,00",,,"0,00",,,fora da janela do portal (2026; o portal cobre 2021–2025),2026-09-01,2025-12-16T18:14:28.151388
7240,2026,00368.01,sim,não,"12.000.000,00",,,"0,00",,,fora da janela do portal (2026; o portal cobre 2021–2025),2026-09-01,2025-12-16T18:14:28.151388
7241,2026,00369.01,sim,não,"100.000,00",,,"99.619,41",,,fora da janela do portal (2026; o portal cobre 2021–2025),2026-09-01,2025-12-16T18:14:28.151388
7242,2026,00370.01,sim,não,"1.000.000,00",,,"0,00",,,fora da janela do portal (2026; o portal cobre 2021–2025),2026-09-01,2025-12-16T18:14:28.151388
7243,2026,00371.01,sim,não,"1.000.000,00",,,"0,00",,,fora da janela do portal (2026; o portal cobre 2021–2025),2026-09-01,2025-12-16T18:14:28.151388
7244,2026,00372.01,sim,não,"408.000,00",,,"131.253,39",,,fora da janela do portal (2026; o portal cobre 2021–2025),2026-09-01,2025-12-16T18:14:28.151388
7245,2026,00373.01,sim,não,"300.000,00",,,"0,00",,,fora da janela do portal (2026; o portal cobre 2021–2025),2026-09-01,2025-12-16T18:14:28.151388
7246,2026,00374.01,sim,não,"790.000,00",,,"0,00",,,fora da janela do portal (2026; o portal cobre 2021–2025),2026-09-01,2025-12-16T18:14:28.151388
7247,2026,00375.01,sim,não,"1.250.000,00",,,"0,00",,,fora da janela do portal (2026; o portal cobre 2021–2025),2026-09-01,2025-12-16T18:14:28.151388
7248,2026,00376.01,sim,não,"500.000,00",,,"500.000,00",,,fora da janela do portal (2026; o portal cobre 2021–2025),2026-09-01,2025-12-16T18:14:28.151388
7249,2026,00377.01,sim,não,"350.000,00",,,"350.000,00",,,fora da janela do portal (2026; o portal cobre 2021–2025),2026-09-01,2025-12-16T18:14:28.151388
7250,2026,00378.01,sim,não,"630.000,00",,,"630.000,00",,,fora da janela do portal (2026; o portal cobre 2021–2025),2026-09-01,2025-12-16T18:14:28.151388
7251,2026,00379.01,sim,não,"370.000,00",,,"0,00",,,fora da janela do portal (2026; o portal cobre 2021–2025),2026-09-01,2025-12-16T18:14:28.151388
7252,2026,00382.01,sim,não,"320.000,00",,,"250.764,48",,,fora da janela do portal (2026; o portal cobre 2021–2025),2026-09-01,2025-12-16T18:14:28.151388
7253,2026,00383.01,sim,não,"307.000,00",,,"307.000,00",,,fora da janela do portal (2026; o portal cobre 2021–2025),2026-09-01,2025-12-16T18:14:28.151388
7254,2026,00384.01,sim,não,"50.000,00",,,"29.977,86",,,fora da janela do portal (2026; o portal cobre 2021–2025),2026-09-01,2025-12-16T18:14:28.151388
7255,2026,00385.01,sim,não,"800.000,00",,,"0,00",,,fora da janela do portal (2026; o portal cobre 2021–2025),2026-09-01,2025-12-16T18:14:28.151388
7256,2026,00387.01,sim,não,"200.000,00",,,"0,00",,,fora da janela do portal (2026; o portal cobre 2021–2025),2026-09-01,2025-12-16T18:14:28.151388
7257,2026,00388.01,sim,não,"200.000,00",,,"0,00",,,fora da janela do portal (2026; o portal cobre 2021–2025),2026-09-01,2025-12-16T18:14:28.151388
7258,2026,00389.01,sim,não,"200.000,00",,,"0,00",,,fora da janela do portal (2026; o portal cobre 2021–2025),2026-09-01,2025-12-16T18:14:28.151388
7259,2026,00391.01,sim,não,"500.000,00",,,"0,00",,,fora da janela do portal (2026; o portal cobre 2021–2025),2026-09-01,2025-12-16T18:14:28.151388
7260,2026,00392.01,sim,não,"500.000,00",,,"0,00",,,fora da janela do portal (2026; o portal cobre 2021–2025),2026-09-01,2025-12-16T18:14:28.151388
7261,2026,00393.01,sim,não,"100.000,00",,,"0,00",,,fora da janela do portal (2026; o portal cobre 2021–2025),2026-09-01,2025-12-16T18:14:28.151388
7262,2026,00394.01,sim,não,"0,00",,,"0,00",,,fora da janela do portal (2026; o portal cobre 2021–2025),2026-09-01,2025-12-16T18:14:28.151388
7263,2026,00395.01,sim,não,"250.000,00",,,"85.464,00",,,fora da janela do portal (2026; o portal cobre 2021–2025),2026-09-01,2025-12-16T18:14:28.151388
7264,2026,00396.01,sim,não,"250.000,00",,,"0,00",,,fora da janela do portal (2026; o portal cobre 2021–2025),2026-09-01,2025-12-16T18:14:28.151388
7265,2026,00398.01,sim,não,"300.000,00",,,"0,00",,,fora da janela do portal (2026; o portal cobre 2021–2025),2026-09-01,2025-12-16T18:14:28.151388
7266,2026,00399.01,sim,não,"250.000,00",,,"0,00",,,fora da janela do portal (2026; o portal cobre 2021–2025),2026-09-01,2025-12-16T18:14:28.151388
7267,2026,00400.01,sim,não,"500.000,00",,,"0,00",,,fora da janela do portal (2026; o portal cobre 2021–2025),2026-09-01,2025-12-16T18:14:28.151388
7268,2026,00401.01,sim,não,"300.000,00",,,"0,00",,,fora da janela do portal (2026; o portal cobre 2021–2025),2026-09-01,2025-12-16T18:14:28.151388
7269,2026,00402.01,sim,não,"1.150.000,00",,,"0,00",,,fora da janela do portal (2026; o portal cobre 2021–2025),2026-09-01,2025-12-16T18:14:28.151388
7270,2026,00404.01,sim,não,"2.000.000,00",,,"400.000,00",,,fora da janela do portal (2026; o portal cobre 2021–2025),2026-09-01,2025-12-16T18:14:28.151388
7271,2026,00405.01,sim,não,"958.000,00",,,"350.000,00",,,fora da janela do portal (2026; o portal cobre 2021–2025),2026-09-01,2025-12-16T18:14:28.151388
7272,2026,00406.01,sim,não,"18.000.000,00",,,"1.888.000,00",,,fora da janela do portal (2026; o portal cobre 2021–2025),2026-09-01,2025-12-16T18:14:28.151388
7273,2026,00408.01,sim,não,"170.000,00",,,"0,00",,,fora da janela do portal (2026; o portal cobre 2021–2025),2026-09-01,2025-12-16T18:14:28.151388
7274,2026,00411.01,sim,não,"180.000,00",,,"0,00",,,fora da janela do portal (2026; o portal cobre 2021–2025),2026-09-01,2025-12-16T18:14:28.151388
7275,2026,00412.01,sim,não,"700.000,00",,,"0,00",,,fora da janela do portal (2026; o portal cobre 2021–2025),2026-09-01,2025-12-16T18:14:28.151388
7276,2026,00413.01,sim,não,"200.000,00",,,"0,00",,,fora da janela do portal (2026; o portal cobre 2021–2025),2026-09-01,2025-12-16T18:14:28.151388
7277,2026,00414.01,sim,não,"150.000,00",,,"0,00",,,fora da janela do portal (2026; o portal cobre 2021–2025),2026-09-01,2025-12-16T18:14:28.151388
7278,2026,00415.01,sim,não,"100.000,00",,,"0,00",,,fora da janela do portal (2026; o portal cobre 2021–2025),2026-09-01,2025-12-16T18:14:28.151388
7279,2026,00416.01,sim,não,"3.420.000,00",,,"2.130.000,00",,,fora da janela do portal (2026; o portal cobre 2021–2025),2026-09-01,2025-12-16T18:14:28.151388
7280,2026,00417.01,sim,não,"1.000.000,00",,,"0,00",,,fora da janela do portal (2026; o portal cobre 2021–2025),2026-09-01,2025-12-16T18:14:28.151388
7281,2026,00418.01,sim,não,"2.600.000,00",,,"2.600.000,00",,,fora da janela do portal (2026; o portal cobre 2021–2025),2026-09-01,2025-12-16T18:14:28.151388
7282,2026,00420.01,sim,não,"1.950.000,00",,,"520.300,00",,,fora da janela do portal (2026; o portal cobre 2021–2025),2026-09-01,2025-12-16T18:14:28.151388
7283,2026,00421.01,sim,não,"1.000.000,00",,,"1.000.000,00",,,fora da janela do portal (2026; o portal cobre 2021–2025),2026-09-01,2025-12-16T18:14:28.151388
7284,2026,00423.01,sim,não,"1.030.000,00",,,"249.966,33",,,fora da janela do portal (2026; o portal cobre 2021–2025),2026-09-01,2025-12-16T18:14:28.151388
7285,2026,00424.01,sim,não,"900.000,00",,,"899.403,39",,,fora da janela do portal (2026; o portal cobre 2021–2025),2026-09-01,2025-12-16T18:14:28.151388
7286,2026,00425.01,sim,não,"0,00",,,"0,00",,,fora da janela do portal (2026; o portal cobre 2021–2025),2026-09-01,2025-12-16T18:14:28.151388
7287,2026,00426.01,sim,não,"0,00",,,"0,00",,,fora da janela do portal (2026; o portal cobre 2021–2025),2026-09-01,2025-12-16T18:14:28.151388
7288,2026,00428.01,sim,não,"592.000,00",,,"592.000,00",,,fora da janela do portal (2026; o portal cobre 2021–2025),2026-09-01,2025-12-16T18:14:28.151388
7289,2026,00429.01,sim,não,"0,00",,,"0,00",,,fora da janela do portal (2026; o portal cobre 2021–2025),2026-09-01,2025-12-16T18:14:28.151388
7290,2026,00430.01,sim,não,"2.500.000,00",,,"0,00",,,fora da janela do portal (2026; o portal cobre 2021–2025),2026-09-01,2025-12-16T18:14:28.151388
7291,2026,00432.01,sim,não,"0,00",,,"0,00",,,fora da janela do portal (2026; o portal cobre 2021–2025),2026-09-01,2025-12-16T18:14:28.151388
7292,2026,00433.01,sim,não,"3.500.000,00",,,"3.500.000,00",,,fora da janela do portal (2026; o portal cobre 2021–2025),2026-09-01,2025-12-16T18:14:28.151388
7293,2026,00434.01,sim,não,"0,00",,,"0,00",,,fora da janela do portal (2026; o portal cobre 2021–2025),2026-09-01,2025-12-16T18:14:28.151388
7294,2026,00435.01,sim,não,"1.100.000,00",,,"600.000,00",,,fora da janela do portal (2026; o portal cobre 2021–2025),2026-09-01,2025-12-16T18:14:28.151388
7295,2026,00436.01,sim,não,"1.000.000,00",,,"0,00",,,fora da janela do portal (2026; o portal cobre 2021–2025),2026-09-01,2025-12-16T18:14:28.151388
7296,2026,00437.01,sim,não,"6.950.000,00",,,"5.300.000,00",,,fora da janela do portal (2026; o portal cobre 2021–2025),2026-09-01,2025-12-16T18:14:28.151388
7297,2026,00438.01,sim,não,"0,00",,,"0,00",,,fora da janela do portal (2026; o portal cobre 2021–2025),2026-09-01,2025-12-16T18:14:28.151388
7298,2026,00439.01,sim,não,"0,00",,,"0,00",,,fora da janela do portal (2026; o portal cobre 2021–2025),2026-09-01,2025-12-16T18:14:28.151388
7299,2026,00440.01,sim,não,"10.600.000,00",,,"7.581.161,27",,,fora da janela do portal (2026; o portal cobre 2021–2025),2026-09-01,2025-12-16T18:14:28.151388
7300,2026,00441.01,sim,não,"5.000.000,00",,,"2.800.000,00",,,fora da janela do portal (2026; o portal cobre 2021–2025),2026-09-01,2025-12-16T18:14:28.151388
7301,2026,00442.01,sim,não,"0,00",,,"0,00",,,fora da janela do portal (2026; o portal cobre 2021–2025),2026-09-01,2025-12-16T18:14:28.151388
7302,2026,00443.01,sim,não,"300.000,00",,,"299.845,00",,,fora da janela do portal (2026; o portal cobre 2021–2025),2026-09-01,2025-12-16T18:14:28.151388
7303,2026,00444.01,sim,não,"0,00",,,"0,00",,,fora da janela do portal (2026; o portal cobre 2021–2025),2026-09-01,2025-12-16T18:14:28.151388
7304,2026,00445.01,sim,não,"0,00",,,"0,00",,,fora da janela do portal (2026; o portal cobre 2021–2025),2026-09-01,2025-12-16T18:14:28.151388
7305,2026,00446.01,sim,não,"4.050.000,00",,,"1.100.000,00",,,fora da janela do portal (2026; o portal cobre 2021–2025),2026-09-01,2025-12-16T18:14:28.151388
7306,2026,00447.01,sim,não,"692.000,00",,,"0,00",,,fora da janela do portal (2026; o portal cobre 2021–2025),2026-09-01,2025-12-16T18:14:28.151388
7307,2026,00448.01,sim,não,"0,00",,,"0,00",,,fora da janela do portal (2026; o portal cobre 2021–2025),2026-09-01,2025-12-16T18:14:28.151388
7308,2026,00449.01,sim,não,"9.550.000,00",,,"6.000.000,00",,,fora da janela do portal (2026; o portal cobre 2021–2025),2026-09-01,2025-12-16T18:14:28.151388
7309,2026,00451.01,sim,não,"12.185.909,00",,,"3.649.900,83",,,fora da janela do portal (2026; o portal cobre 2021–2025),2026-09-01,2025-12-16T18:14:28.151388
7310,2026,00452.01,sim,não,"4.400.000,00",,,"2.188.939,26",,,fora da janela do portal (2026; o portal cobre 2021–2025),2026-09-01,2025-12-16T18:14:28.151388
7311,2026,00453.01,sim,não,"1.650.000,00",,,"1.650.000,00",,,fora da janela do portal (2026; o portal cobre 2021–2025),2026-09-01,2025-12-16T18:14:28.151388
7312,2026,00454.01,sim,não,"300.000,00",,,"0,00",,,fora da janela do portal (2026; o portal cobre 2021–2025),2026-09-01,2025-12-16T18:14:28.151388
7313,2026,00455.01,sim,não,"2.000.000,00",,,"2.000.000,00",,,fora da janela do portal (2026; o portal cobre 2021–2025),2026-09-01,2025-12-16T18:14:28.151388
7314,2026,00456.01,sim,não,"4.400.000,00",,,"0,00",,,fora da janela do portal (2026; o portal cobre 2021–2025),2026-09-01,2025-12-16T18:14:28.151388
7315,2026,00457.01,sim,não,"2.216.401,00",,,"1.100.000,00",,,fora da janela do portal (2026; o portal cobre 2021–2025),2026-09-01,2025-12-16T18:14:28.151388
7316,2026,00458.01,sim,não,"900.000,00",,,"0,00",,,fora da janela do portal (2026; o portal cobre 2021–2025),2026-09-01,2025-12-16T18:14:28.151388
7317,2026,00459.01,sim,não,"1.300.000,00",,,"637.243,55",,,fora da janela do portal (2026; o portal cobre 2021–2025),2026-09-01,2025-12-16T18:14:28.151388
7318,2026,00460.01,sim,não,"443.690,00",,,"0,00",,,fora da janela do portal (2026; o portal cobre 2021–2025),2026-09-01,2025-12-16T18:14:28.151388
7319,2026,00461.01,sim,não,"500.000,00",,,"0,00",,,fora da janela do portal (2026; o portal cobre 2021–2025),2026-09-01,2025-12-16T18:14:28.151388
7320,2026,00462.01,sim,não,"300.000,00",,,"0,00",,,fora da janela do portal (2026; o portal cobre 2021–2025),2026-09-01,2025-12-16T18:14:28.151388
7321,2026,00463.01,sim,não,"0,00",,,"0,00",,,fora da janela do portal (2026; o portal cobre 2021–2025),2026-09-01,2025-12-16T18:14:28.151388
7322,2026,00464.01,sim,não,"0,00",,,"0,00",,,fora da janela do portal (2026; o portal cobre 2021–2025),2026-09-01,2025-12-16T18:14:28.151388
7323,2026,00465.01,sim,não,"1.250.000,00",,,"254.000,00",,,fora da janela do portal (2026; o portal cobre 2021–2025),2026-09-01,2025-12-16T18:14:28.151388
7324,2026,00466.01,sim,não,"1.500.000,00",,,"1.497.234,61",,,fora da janela do portal (2026; o portal cobre 2021–2025),2026-09-01,2025-12-16T18:14:28.151388
7325,2026,00467.01,sim,não,"300.000,00",,,"299.799,46",,,fora da janela do portal (2026; o portal cobre 2021–2025),2026-09-01,2025-12-16T18:14:28.151388
7326,2026,00468.01,sim,não,"0,00",,,"0,00",,,fora da janela do portal (2026; o portal cobre 2021–2025),2026-09-01,2025-12-16T18:14:28.151388
7327,2026,00469.01,sim,não,"800.000,00",,,"0,00",,,fora da janela do portal (2026; o portal cobre 2021–2025),2026-09-01,2025-12-16T18:14:28.151388
7328,2026,00470.01,sim,não,"1.000.000,00",,,"900.000,00",,,fora da janela do portal (2026; o portal cobre 2021–2025),2026-09-01,2025-12-16T18:14:28.151388
7329,2026,00471.01,sim,não,"0,00",,,"0,00",,,fora da janela do portal (2026; o portal cobre 2021–2025),2026-09-01,2025-12-16T18:14:28.151388
7330,2026,00472.01,sim,não,"500.000,00",,,"0,00",,,fora da janela do portal (2026; o portal cobre 2021–2025),2026-09-01,2025-12-16T18:14:28.151388
7331,2026,00473.01,sim,não,"2.120.000,00",,,"999.997,44",,,fora da janela do portal (2026; o portal cobre 2021–2025),2026-09-01,2025-12-16T18:14:28.151388
7332,2026,00474.01,sim,não,"2.100.000,00",,,"699.999,98",,,fora da janela do portal (2026; o portal cobre 2021–2025),2026-09-01,2025-12-16T18:14:28.151388
7333,2026,00475.01,sim,não,"1.300.000,00",,,"0,00",,,fora da janela do portal (2026; o portal cobre 2021–2025),2026-09-01,2025-12-16T18:14:28.151388
7334,2026,00476.01,sim,não,"450.000,00",,,"0,00",,,fora da janela do portal (2026; o portal cobre 2021–2025),2026-09-01,2025-12-16T18:14:28.151388
7335,2026,00477.01,sim,não,"0,00",,,"0,00",,,fora da janela do portal (2026; o portal cobre 2021–2025),2026-09-01,2025-12-16T18:14:28.151388
7336,2026,00478.01,sim,não,"1.000.000,00",,,"0,00",,,fora da janela do portal (2026; o portal cobre 2021–2025),2026-09-01,2025-12-16T18:14:28.151388
7337,2026,00479.01,sim,não,"560.000,00",,,"0,00",,,fora da janela do portal (2026; o portal cobre 2021–2025),2026-09-01,2025-12-16T18:14:28.151388
7338,2026,00480.01,sim,não,"1.100.000,00",,,"0,00",,,fora da janela do portal (2026; o portal cobre 2021–2025),2026-09-01,2025-12-16T18:14:28.151388
7339,2026,00481.01,sim,não,"0,00",,,"0,00",,,fora da janela do portal (2026; o portal cobre 2021–2025),2026-09-01,2025-12-16T18:14:28.151388
7340,2026,00482.01,sim,não,"3.660.000,00",,,"340.000,00",,,fora da janela do portal (2026; o portal cobre 2021–2025),2026-09-01,2025-12-16T18:14:28.151388
7341,2026,00483.01,sim,não,"0,00",,,"0,00",,,fora da janela do portal (2026; o portal cobre 2021–2025),2026-09-01,2025-12-16T18:14:28.151388
7342,2026,00486.01,sim,não,"200.000,00",,,"100.000,00",,,fora da janela do portal (2026; o portal cobre 2021–2025),2026-09-01,2025-12-16T18:14:28.151388
7343,2026,00487.01,sim,não,"150.000,00",,,"0,00",,,fora da janela do portal (2026; o portal cobre 2021–2025),2026-09-01,2025-12-16T18:14:28.151388
7344,2026,00488.01,sim,não,"300.000,00",,,"0,00",,,fora da janela do portal (2026; o portal cobre 2021–2025),2026-09-01,2025-12-16T18:14:28.151388
7345,2026,00498.01,sim,não,"150.000,00",,,"0,00",,,fora da janela do portal (2026; o portal cobre 2021–2025),2026-09-01,2025-12-16T18:14:28.151388
7346,2026,00502.01,sim,não,"11.492.000,00",,,"9.950.000,00",,,fora da janela do portal (2026; o portal cobre 2021–2025),2026-09-01,2025-12-16T18:14:28.151388
7347,2026,00503.01,sim,não,"3.100.000,00",,,"2.644.701,88",,,fora da janela do portal (2026; o portal cobre 2021–2025),2026-09-01,2025-12-16T18:14:28.151388
7348,2026,00504.01,sim,não,"0,00",,,"0,00",,,fora da janela do portal (2026; o portal cobre 2021–2025),2026-09-01,2025-12-16T18:14:28.151388
7349,2026,00505.01,sim,não,"2.000.000,00",,,"2.000.000,00",,,fora da janela do portal (2026; o portal cobre 2021–2025),2026-09-01,2025-12-16T18:14:28.151388
7350,2026,00506.01,sim,não,"800.000,00",,,"130.000,00",,,fora da janela do portal (2026; o portal cobre 2021–2025),2026-09-01,2025-12-16T18:14:28.151388
7351,2026,00507.01,sim,não,"0,00",,,"0,00",,,fora da janela do portal (2026; o portal cobre 2021–2025),2026-09-01,2025-12-16T18:14:28.151388
7352,2026,00510.01,sim,não,"492.000,00",,,"0,00",,,fora da janela do portal (2026; o portal cobre 2021–2025),2026-09-01,2025-12-16T18:14:28.151388
7353,2026,00511.01,sim,não,"2.650.000,00",,,"848.385,42",,,fora da janela do portal (2026; o portal cobre 2021–2025),2026-09-01,2025-12-16T18:14:28.151388
7354,2026,00512.01,sim,não,"238.000,00",,,"0,00",,,fora da janela do portal (2026; o portal cobre 2021–2025),2026-09-01,2025-12-16T18:14:28.151388
7355,2026,00513.01,sim,não,"100.000,00",,,"0,00",,,fora da janela do portal (2026; o portal cobre 2021–2025),2026-09-01,2025-12-16T18:14:28.151388
7356,2026,00515.01,sim,não,"0,00",,,"0,00",,,fora da janela do portal (2026; o portal cobre 2021–2025),2026-09-01,2025-12-16T18:14:28.151388
7357,2026,00516.01,sim,não,"2.000.000,00",,,"2.000.000,00",,,fora da janela do portal (2026; o portal cobre 2021–2025),2026-09-01,2025-12-16T18:14:28.151388
7358,2026,00517.01,sim,não,"4.200.000,00",,,"2.648.714,26",,,fora da janela do portal (2026; o portal cobre 2021–2025),2026-09-01,2025-12-16T18:14:28.151388
7359,2026,00518.01,sim,não,"2.000.000,00",,,"1.500.000,00",,,fora da janela do portal (2026; o portal cobre 2021–2025),2026-09-01,2025-12-16T18:14:28.151388
7360,2026,00519.01,sim,não,"8.800.000,00",,,"7.260.000,00",,,fora da janela do portal (2026; o portal cobre 2021–2025),2026-09-01,2025-12-16T18:14:28.151388
7361,2026,00520.01,sim,não,"1.800.000,00",,,"750.000,00",,,fora da janela do portal (2026; o portal cobre 2021–2025),2026-09-01,2025-12-16T18:14:28.151388
7362,2026,00550.01,sim,não,"300.000,00",,,"0,00",,,fora da janela do portal (2026; o portal cobre 2021–2025),2026-09-01,2025-12-16T18:14:28.151388
7363,2026,00551.01,sim,não,"0,00",,,"0,00",,,fora da janela do portal (2026; o portal cobre 2021–2025),2026-09-01,2025-12-16T18:14:28.151388
7364,2026,01001.01,sim,não,"250.000,00",,,"0,00",,,fora da janela do portal (2026; o portal cobre 2021–2025),2026-09-01,2025-12-16T18:14:28.151388
7365,2026,01002.01,sim,não,"0,00",,,"0,00",,,fora da janela do portal (2026; o portal cobre 2021–2025),2026-09-01,2025-12-16T18:14:28.151388
7366,2026,01003.01,sim,não,"350.000,00",,,"338.200,00",,,fora da janela do portal (2026; o portal cobre 2021–2025),2026-09-01,2025-12-16T18:14:28.151388
7367,2026,01008.01,sim,não,"500.000,00",,,"0,00",,,fora da janela do portal (2026; o portal cobre 2021–2025),2026-09-01,2025-12-16T18:14:28.151388
7368,2026,01009.01,sim,não,"1.000.000,00",,,"847.737,10",,,fora da janela do portal (2026; o portal cobre 2021–2025),2026-09-01,2025-12-16T18:14:28.151388
7369,2026,01010.01,sim,não,"500.000,00",,,"0,00",,,fora da janela do portal (2026; o portal cobre 2021–2025),2026-09-01,2025-12-16T18:14:28.151388
7370,2026,01023.01,sim,não,"0,00",,,"0,00",,,fora da janela do portal (2026; o portal cobre 2021–2025),2026-09-01,2025-12-16T18:14:28.151388
7371,2026,01024.01,sim,não,"1.000.000,00",,,"99.923,25",,,fora da janela do portal (2026; o portal cobre 2021–2025),2026-09-01,2025-12-16T18:14:28.151388
7372,2026,01025.01,sim,não,"1.800.000,00",,,"100.000,00",,,fora da janela do portal (2026; o portal cobre 2021–2025),2026-09-01,2025-12-16T18:14:28.151388
7373,2026,01026.01,sim,não,"950.000,00",,,"0,00",,,fora da janela do portal (2026; o portal cobre 2021–2025),2026-09-01,2025-12-16T18:14:28.151388
7374,2026,01027.01,sim,não,"100.000,00",,,"0,00",,,fora da janela do portal (2026; o portal cobre 2021–2025),2026-09-01,2025-12-16T18:14:28.151388
7375,2026,01028.01,sim,não,"580.000,00",,,"0,00",,,fora da janela do portal (2026; o portal cobre 2021–2025),2026-09-01,2025-12-16T18:14:28.151388
7376,2026,01030.01,sim,não,"150.000,00",,,"0,00",,,fora da janela do portal (2026; o portal cobre 2021–2025),2026-09-01,2025-12-16T18:14:28.151388
7377,2026,01036.01,sim,não,"492.000,00",,,"492.000,00",,,fora da janela do portal (2026; o portal cobre 2021–2025),2026-09-01,2025-12-16T18:14:28.151388
7378,2026,01037.01,sim,não,"1.000.000,00",,,"0,00",,,fora da janela do portal (2026; o portal cobre 2021–2025),2026-09-01,2025-12-16T18:14:28.151388
7379,2026,01038.01,sim,não,"0,00",,,"0,00",,,fora da janela do portal (2026; o portal cobre 2021–2025),2026-09-01,2025-12-16T18:14:28.151388
7380,2026,01039.01,sim,não,"406.000,00",,,"0,00",,,fora da janela do portal (2026; o portal cobre 2021–2025),2026-09-01,2025-12-16T18:14:28.151388
7383,2026,01045.01,sim,não,"0,00",,,"0,00",,,fora da janela do portal (2026; o portal cobre 2021–2025),2026-09-01,2025-12-16T18:14:28.151388
7384,2026,01046.01,sim,não,"350.000,00",,,"0,00",,,fora da janela do portal (2026; o portal cobre 2021–2025),2026-09-01,2025-12-16T18:14:28.151388
7385,2026,01050.01,sim,não,"150.000,00",,,"0,00",,,fora da janela do portal (2026; o portal cobre 2021–2025),2026-09-01,2025-12-16T18:14:28.151388
7386,2026,01052.01,sim,não,"150.000,00",,,"0,00",,,fora da janela do portal (2026; o portal cobre 2021–2025),2026-09-01,2025-12-16T18:14:28.151388
7387,2026,01055.01,sim,não,"0,00",,,"0,00",,,fora da janela do portal (2026; o portal cobre 2021–2025),2026-09-01,2025-12-16T18:14:28.151388
7388,2026,01056.01,sim,não,"3.000.000,00",,,"2.997.163,17",,,fora da janela do portal (2026; o portal cobre 2021–2025),2026-09-01,2025-12-16T18:14:28.151388
7389,2026,01060.01,sim,não,"1.800.000,00",,,"250.000,00",,,fora da janela do portal (2026; o portal cobre 2021–2025),2026-09-01,2025-12-16T18:14:28.151388
7390,2026,01062.01,sim,não,"500.000,00",,,"0,00",,,fora da janela do portal (2026; o portal cobre 2021–2025),2026-09-01,2025-12-16T18:14:28.151388
7391,2026,01065.01,sim,não,"3.000.000,00",,,"2.999.812,32",,,fora da janela do portal (2026; o portal cobre 2021–2025),2026-09-01,2025-12-16T18:14:28.151388
7392,2026,01066.01,sim,não,"0,00",,,"0,00",,,fora da janela do portal (2026; o portal cobre 2021–2025),2026-09-01,2025-12-16T18:14:28.151388
7393,2026,01069.01,sim,não,"130.000,00",,,"0,00",,,fora da janela do portal (2026; o portal cobre 2021–2025),2026-09-01,2025-12-16T18:14:28.151388
7394,2026,01071.01,sim,não,"130.000,00",,,"0,00",,,fora da janela do portal (2026; o portal cobre 2021–2025),2026-09-01,2025-12-16T18:14:28.151388
7395,2026,01073.01,sim,não,"60.000,00",,,"0,00",,,fora da janela do portal (2026; o portal cobre 2021–2025),2026-09-01,2025-12-16T18:14:28.151388
7396,2026,01078.01,sim,não,"588.700,00",,,"143.401,60",,,fora da janela do portal (2026; o portal cobre 2021–2025),2026-09-01,2025-12-16T18:14:28.151388
7397,2026,01079.01,sim,não,"150.000,00",,,"0,00",,,fora da janela do portal (2026; o portal cobre 2021–2025),2026-09-01,2025-12-16T18:14:28.151388
7398,2026,01080.01,sim,não,"850.000,00",,,"688.502,03",,,fora da janela do portal (2026; o portal cobre 2021–2025),2026-09-01,2025-12-16T18:14:28.151388
7399,2026,01082.01,sim,não,"0,00",,,"0,00",,,fora da janela do portal (2026; o portal cobre 2021–2025),2026-09-01,2025-12-16T18:14:28.151388
7400,2026,01083.01,sim,não,"1.000.000,00",,,"1.000.000,00",,,fora da janela do portal (2026; o portal cobre 2021–2025),2026-09-01,2025-12-16T18:14:28.151388
7401,2026,01084.01,sim,não,"140.000,00",,,"0,00",,,fora da janela do portal (2026; o portal cobre 2021–2025),2026-09-01,2025-12-16T18:14:28.151388
7402,2026,01089.01,sim,não,"250.000,00",,,"0,00",,,fora da janela do portal (2026; o portal cobre 2021–2025),2026-09-01,2025-12-16T18:14:28.151388
7403,2026,01090.01,sim,não,"250.000,00",,,"0,00",,,fora da janela do portal (2026; o portal cobre 2021–2025),2026-09-01,2025-12-16T18:14:28.151388
7404,2026,01091.01,sim,não,"40.000,00",,,"0,00",,,fora da janela do portal (2026; o portal cobre 2021–2025),2026-09-01,2025-12-16T18:14:28.151388
7405,2026,01092.01,sim,não,"750.000,00",,,"0,00",,,fora da janela do portal (2026; o portal cobre 2021–2025),2026-09-01,2025-12-16T18:14:28.151388
7406,2026,01093.01,sim,não,"344.000,00",,,"344.000,00",,,fora da janela do portal (2026; o portal cobre 2021–2025),2026-09-01,2025-12-16T18:14:28.151388
7407,2026,01095.01,sim,não,"600.000,00",,,"600.000,00",,,fora da janela do portal (2026; o portal cobre 2021–2025),2026-09-01,2025-12-16T18:14:28.151388
7408,2026,01097.01,sim,não,"1.000.000,00",,,"0,00",,,fora da janela do portal (2026; o portal cobre 2021–2025),2026-09-01,2025-12-16T18:14:28.151388
7409,2026,01099.01,sim,não,"300.000,00",,,"300.000,00",,,fora da janela do portal (2026; o portal cobre 2021–2025),2026-09-01,2025-12-16T18:14:28.151388
7410,2026,01100.01,sim,não,"300.000,00",,,"300.000,00",,,fora da janela do portal (2026; o portal cobre 2021–2025),2026-09-01,2025-12-16T18:14:28.151388
7411,2026,01101.01,sim,não,"1.850.000,00",,,"1.850.000,00",,,fora da janela do portal (2026; o portal cobre 2021–2025),2026-09-01,2025-12-16T18:14:28.151388
7412,2026,01102.01,sim,não,"1.000.000,00",,,"1.000.000,00",,,fora da janela do portal (2026; o portal cobre 2021–2025),2026-09-01,2025-12-16T18:14:28.151388
7413,2026,01103.01,sim,não,"500.000,00",,,"0,00",,,fora da janela do portal (2026; o portal cobre 2021–2025),2026-09-01,2025-12-16T18:14:28.151388
7414,2026,01105.01,sim,não,"0,00",,,"0,00",,,fora da janela do portal (2026; o portal cobre 2021–2025),2026-09-01,2025-12-16T18:14:28.151388
7415,2026,01109.01,sim,não,"2.100.000,00",,,"1.150.000,00",,,fora da janela do portal (2026; o portal cobre 2021–2025),2026-09-01,2025-12-16T18:14:28.151388
7416,2026,01110.01,sim,não,"400.000,00",,,"0,00",,,fora da janela do portal (2026; o portal cobre 2021–2025),2026-09-01,2025-12-16T18:14:28.151388
7417,2026,01111.01,sim,não,"0,00",,,"0,00",,,fora da janela do portal (2026; o portal cobre 2021–2025),2026-09-01,2025-12-16T18:14:28.151388
7418,2026,01112.01,sim,não,"600.000,00",,,"0,00",,,fora da janela do portal (2026; o portal cobre 2021–2025),2026-09-01,2025-12-16T18:14:28.151388
7419,2026,01117.01,sim,não,"0,00",,,"0,00",,,fora da janela do portal (2026; o portal cobre 2021–2025),2026-09-01,2025-12-16T18:14:28.151388
7420,2026,01119.01,sim,não,"20.000,00",,,"0,00",,,fora da janela do portal (2026; o portal cobre 2021–2025),2026-09-01,2025-12-16T18:14:28.151388
7421,2026,01120.01,sim,não,"9.460.000,00",,,"5.733.029,26",,,fora da janela do portal (2026; o portal cobre 2021–2025),2026-09-01,2025-12-16T18:14:28.151388
7422,2026,01121.01,sim,não,"1.100.000,00",,,"800.000,00",,,fora da janela do portal (2026; o portal cobre 2021–2025),2026-09-01,2025-12-16T18:14:28.151388
7423,2026,01122.01,sim,não,"2.200.000,00",,,"0,00",,,fora da janela do portal (2026; o portal cobre 2021–2025),2026-09-01,2025-12-16T18:14:28.151388
7424,2026,01125.01,sim,não,"0,00",,,"0,00",,,fora da janela do portal (2026; o portal cobre 2021–2025),2026-09-01,2025-12-16T18:14:28.151388
7425,2026,01126.01,sim,não,"300.000,00",,,"299.583,37",,,fora da janela do portal (2026; o portal cobre 2021–2025),2026-09-01,2025-12-16T18:14:28.151388
7426,2026,01132.01,sim,não,"1.000.000,00",,,"0,00",,,fora da janela do portal (2026; o portal cobre 2021–2025),2026-09-01,2025-12-16T18:14:28.151388
7427,2026,01134.01,sim,não,"1.000.000,00",,,"0,00",,,fora da janela do portal (2026; o portal cobre 2021–2025),2026-09-01,2025-12-16T18:14:28.151388
7428,2026,01135.01,sim,não,"300.000,00",,,"0,00",,,fora da janela do portal (2026; o portal cobre 2021–2025),2026-09-01,2025-12-16T18:14:28.151388
7429,2026,01136.01,sim,não,"900.000,00",,,"0,00",,,fora da janela do portal (2026; o portal cobre 2021–2025),2026-09-01,2025-12-16T18:14:28.151388
7430,2026,01137.01,sim,não,"500.000,00",,,"0,00",,,fora da janela do portal (2026; o portal cobre 2021–2025),2026-09-01,2025-12-16T18:14:28.151388
7431,2026,01142.01,sim,não,"500.000,00",,,"0,00",,,fora da janela do portal (2026; o portal cobre 2021–2025),2026-09-01,2025-12-16T18:14:28.151388
7432,2026,01143.01,sim,não,"200.000,00",,,"0,00",,,fora da janela do portal (2026; o portal cobre 2021–2025),2026-09-01,2025-12-16T18:14:28.151388
7433,2026,01144.01,sim,não,"320.000,00",,,"320.000,00",,,fora da janela do portal (2026; o portal cobre 2021–2025),2026-09-01,2025-12-16T18:14:28.151388
7434,2026,01145.01,sim,não,"250.000,00",,,"0,00",,,fora da janela do portal (2026; o portal cobre 2021–2025),2026-09-01,2025-12-16T18:14:28.151388
7435,2026,01146.01,sim,não,"890.000,00",,,"550.000,00",,,fora da janela do portal (2026; o portal cobre 2021–2025),2026-09-01,2025-12-16T18:14:28.151388
7436,2026,01148.01,sim,não,"400.000,00",,,"0,00",,,fora da janela do portal (2026; o portal cobre 2021–2025),2026-09-01,2025-12-16T18:14:28.151388
7437,2026,01149.01,sim,não,"500.000,00",,,"0,00",,,fora da janela do portal (2026; o portal cobre 2021–2025),2026-09-01,2025-12-16T18:14:28.151388
7438,2026,01151.01,sim,não,"350.000,00",,,"0,00",,,fora da janela do portal (2026; o portal cobre 2021–2025),2026-09-01,2025-12-16T18:14:28.151388
7439,2026,01152.01,sim,não,"2.000.000,00",,,"2.000.000,00",,,fora da janela do portal (2026; o portal cobre 2021–2025),2026-09-01,2025-12-16T18:14:28.151388
7440,2026,01153.01,sim,não,"800.000,00",,,"0,00",,,fora da janela do portal (2026; o portal cobre 2021–2025),2026-09-01,2025-12-16T18:14:28.151388
7441,2026,01160.01,sim,não,"700.000,00",,,"0,00",,,fora da janela do portal (2026; o portal cobre 2021–2025),2026-09-01,2025-12-16T18:14:28.151388
7442,2026,01161.01,sim,não,"0,00",,,"0,00",,,fora da janela do portal (2026; o portal cobre 2021–2025),2026-09-01,2025-12-16T18:14:28.151388
7443,2026,01163.01,sim,não,"100.000,00",,,"0,00",,,fora da janela do portal (2026; o portal cobre 2021–2025),2026-09-01,2025-12-16T18:14:28.151388
7444,2026,01165.01,sim,não,"0,00",,,"0,00",,,fora da janela do portal (2026; o portal cobre 2021–2025),2026-09-01,2025-12-16T18:14:28.151388
7445,2026,01166.01,sim,não,"500.000,00",,,"500.000,00",,,fora da janela do portal (2026; o portal cobre 2021–2025),2026-09-01,2025-12-16T18:14:28.151388
7446,2026,01167.01,sim,não,"250.000,00",,,"0,00",,,fora da janela do portal (2026; o portal cobre 2021–2025),2026-09-01,2025-12-16T18:14:28.151388
7447,2026,01070.01,sim,não,"60.000,00",,,"0,00",,,fora da janela do portal (2026; o portal cobre 2021–2025),2026-09-01,2025-12-16T18:14:28.151388
7448,2026,01072.01,sim,não,"60.000,00",,,"0,00",,,fora da janela do portal (2026; o portal cobre 2021–2025),2026-09-01,2025-12-16T18:14:28.151388
7449,2026,01088.01,sim,não,"82.000,00",,,"0,00",,,fora da janela do portal (2026; o portal cobre 2021–2025),2026-09-01,2025-12-16T18:14:28.151388
7450,2026,01096.01,sim,não,"1.100.000,00",,,"0,00",,,fora da janela do portal (2026; o portal cobre 2021–2025),2026-09-01,2025-12-16T18:14:28.151388
7451,2026,01042.01,sim,não,"0,00",,,"0,00",,,fora da janela do portal (2026; o portal cobre 2021–2025),2026-09-01,2025-12-16T18:14:28.151388
7452,2026,01044.01,sim,não,"1.057.000,00",,,"688.000,00",,,fora da janela do portal (2026; o portal cobre 2021–2025),2026-09-01,2025-12-16T18:14:28.151388
7453,2026,01159.01,sim,não,"350.000,00",,,"0,00",,,fora da janela do portal (2026; o portal cobre 2021–2025),2026-09-01,2025-12-16T18:14:28.151388
7454,2026,01154.01,sim,não,"0,00",,,"0,00",,,fora da janela do portal (2026; o portal cobre 2021–2025),2026-09-01,2025-12-16T18:14:28.151388
7455,2026,01127.01,sim,não,"177.000,00",,,"0,00",,,fora da janela do portal (2026; o portal cobre 2021–2025),2026-09-01,2025-12-16T18:14:28.151388
7456,2026,01006.01,sim,não,"2.800.000,00",,,"650.000,00",,,fora da janela do portal (2026; o portal cobre 2021–2025),2026-09-01,2025-12-16T18:14:28.151388
7457,2026,02077.01,sim,não,"442.000,00",,,"0,00",,,fora da janela do portal (2026; o portal cobre 2021–2025),2026-09-01,2025-12-16T18:14:28.151388
7458,2026,02143.01,sim,não,"150.000,00",,,"0,00",,,fora da janela do portal (2026; o portal cobre 2021–2025),2026-09-01,2025-12-16T18:14:28.151388
7459,2026,02166.01,sim,não,"1.000.000,00",,,"0,00",,,fora da janela do portal (2026; o portal cobre 2021–2025),2026-09-01,2025-12-16T18:14:28.151388
7460,2026,02011.01,sim,não,"100.000,00",,,"0,00",,,fora da janela do portal (2026; o portal cobre 2021–2025),2026-09-01,2025-12-16T18:14:28.151388
7461,2026,02110.01,sim,não,"40.000,00",,,"0,00",,,fora da janela do portal (2026; o portal cobre 2021–2025),2026-09-01,2025-12-16T18:14:28.151388
7462,2026,02131.01,sim,não,"700.000,00",,,"0,00",,,fora da janela do portal (2026; o portal cobre 2021–2025),2026-09-01,2025-12-16T18:14:28.151388
7463,2026,02171.01,sim,não,"300.000,00",,,"0,00",,,fora da janela do portal (2026; o portal cobre 2021–2025),2026-09-01,2025-12-16T18:14:28.151388
7464,2026,02094.01,sim,não,"300.000,00",,,"300.000,00",,,fora da janela do portal (2026; o portal cobre 2021–2025),2026-09-01,2025-12-16T18:14:28.151388
7465,2026,02112.01,sim,não,"500.000,00",,,"0,00",,,fora da janela do portal (2026; o portal cobre 2021–2025),2026-09-01,2025-12-16T18:14:28.151388
7466,2026,02162.01,sim,não,"183.000,00",,,"0,00",,,fora da janela do portal (2026; o portal cobre 2021–2025),2026-09-01,2025-12-16T18:14:28.151388
7467,2026,02186.01,sim,não,"500.000,00",,,"0,00",,,fora da janela do portal (2026; o portal cobre 2021–2025),2026-09-01,2025-12-16T18:14:28.151388
7468,2026,02070.01,sim,não,"1.100.000,00",,,"1.100.000,00",,,fora da janela do portal (2026; o portal cobre 2021–2025),2026-09-01,2025-12-16T18:14:28.151388
7469,2026,02111.01,sim,não,"700.000,00",,,"0,00",,,fora da janela do portal (2026; o portal cobre 2021–2025),2026-09-01,2025-12-16T18:14:28.151388
7470,2026,02007.01,sim,não,"280.000,00",,,"0,00",,,fora da janela do portal (2026; o portal cobre 2021–2025),2026-09-01,2025-12-16T18:14:28.151388
7471,2026,02136.01,sim,não,"200.000,00",,,"0,00",,,fora da janela do portal (2026; o portal cobre 2021–2025),2026-09-01,2025-12-16T18:14:28.151388
7472,2026,02075.01,sim,não,"500.000,00",,,"0,00",,,fora da janela do portal (2026; o portal cobre 2021–2025),2026-09-01,2025-12-16T18:14:28.151388
7473,2026,02100.01,sim,não,"2.000.000,00",,,"0,00",,,fora da janela do portal (2026; o portal cobre 2021–2025),2026-09-01,2025-12-16T18:14:28.151388
7474,2026,02004.01,sim,não,"300.000,00",,,"0,00",,,fora da janela do portal (2026; o portal cobre 2021–2025),2026-09-01,2025-12-16T18:14:28.151388
7475,2026,02122.01,sim,não,"150.000,00",,,"0,00",,,fora da janela do portal (2026; o portal cobre 2021–2025),2026-09-01,2025-12-16T18:14:28.151388
7476,2026,02139.01,sim,não,"400.000,00",,,"0,00",,,fora da janela do portal (2026; o portal cobre 2021–2025),2026-09-01,2025-12-16T18:14:28.151388
7477,2026,02098.01,sim,não,"200.000,00",,,"0,00",,,fora da janela do portal (2026; o portal cobre 2021–2025),2026-09-01,2025-12-16T18:14:28.151388
7478,2026,02104.01,sim,não,"500.000,00",,,"0,00",,,fora da janela do portal (2026; o portal cobre 2021–2025),2026-09-01,2025-12-16T18:14:28.151388
7479,2026,02145.01,sim,não,"550.000,00",,,"0,00",,,fora da janela do portal (2026; o portal cobre 2021–2025),2026-09-01,2025-12-16T18:14:28.151388
7480,2026,02084.01,sim,não,"415.900,00",,,"0,00",,,fora da janela do portal (2026; o portal cobre 2021–2025),2026-09-01,2025-12-16T18:14:28.151388
7481,2026,02107.01,sim,não,"2.000.000,00",,,"750.000,00",,,fora da janela do portal (2026; o portal cobre 2021–2025),2026-09-01,2025-12-16T18:14:28.151388
7482,2026,02113.01,sim,não,"200.000,00",,,"0,00",,,fora da janela do portal (2026; o portal cobre 2021–2025),2026-09-01,2025-12-16T18:14:28.151388
7483,2026,02173.01,sim,não,"200.000,00",,,"0,00",,,fora da janela do portal (2026; o portal cobre 2021–2025),2026-09-01,2025-12-16T18:14:28.151388
7484,2026,02097.01,sim,não,"1.500.000,00",,,"0,00",,,fora da janela do portal (2026; o portal cobre 2021–2025),2026-09-01,2025-12-16T18:14:28.151388
7487,2026,02067.01,sim,não,"210.000,00",,,"210.000,00",,,fora da janela do portal (2026; o portal cobre 2021–2025),2026-09-01,2025-12-16T18:14:28.151388
7488,2026,02013.01,sim,não,"200.000,00",,,"0,00",,,fora da janela do portal (2026; o portal cobre 2021–2025),2026-09-01,2025-12-16T18:14:28.151388
7489,2026,02068.01,sim,não,"100.000,00",,,"100.000,00",,,fora da janela do portal (2026; o portal cobre 2021–2025),2026-09-01,2025-12-16T18:14:28.151388
7490,2026,02069.01,sim,não,"400.000,00",,,"0,00",,,fora da janela do portal (2026; o portal cobre 2021–2025),2026-09-01,2025-12-16T18:14:28.151388
7491,2026,02156.01,sim,não,"80.000,00",,,"0,00",,,fora da janela do portal (2026; o portal cobre 2021–2025),2026-09-01,2025-12-16T18:14:28.151388
7492,2026,02188.01,sim,não,"1.500.000,00",,,"0,00",,,fora da janela do portal (2026; o portal cobre 2021–2025),2026-09-01,2025-12-16T18:14:28.151388
7493,2026,02099.01,sim,não,"1.390.000,00",,,"0,00",,,fora da janela do portal (2026; o portal cobre 2021–2025),2026-09-01,2025-12-16T18:14:28.151388
7494,2026,02010.01,sim,não,"942.000,00",,,"0,00",,,fora da janela do portal (2026; o portal cobre 2021–2025),2026-09-01,2025-12-16T18:14:28.151388
7495,2026,02187.01,sim,não,"1.000.000,00",,,"0,00",,,fora da janela do portal (2026; o portal cobre 2021–2025),2026-09-01,2025-12-16T18:14:28.151388
7496,2026,02014.01,sim,não,"104.000,00",,,"0,00",,,fora da janela do portal (2026; o portal cobre 2021–2025),2026-09-01,2025-12-16T18:14:28.151388
7497,2026,02137.01,sim,não,"440.000,00",,,"0,00",,,fora da janela do portal (2026; o portal cobre 2021–2025),2026-09-01,2025-12-16T18:14:28.151388
7498,2026,02078.01,sim,não,"100.000,00",,,"0,00",,,fora da janela do portal (2026; o portal cobre 2021–2025),2026-09-01,2025-12-16T18:14:28.151388
7499,2026,02121.01,sim,não,"450.000,00",,,"0,00",,,fora da janela do portal (2026; o portal cobre 2021–2025),2026-09-01,2025-12-16T18:14:28.151388
7500,2026,02019.01,sim,não,"70.000,00",,,"0,00",,,fora da janela do portal (2026; o portal cobre 2021–2025),2026-09-01,2025-12-16T18:14:28.151388
7501,2026,02071.01,sim,não,"100.000,00",,,"0,00",,,fora da janela do portal (2026; o portal cobre 2021–2025),2026-09-01,2025-12-16T18:14:28.151388
7502,2026,02123.01,sim,não,"150.000,00",,,"0,00",,,fora da janela do portal (2026; o portal cobre 2021–2025),2026-09-01,2025-12-16T18:14:28.151388
7503,2026,02021.01,sim,não,"70.000,00",,,"0,00",,,fora da janela do portal (2026; o portal cobre 2021–2025),2026-09-01,2025-12-16T18:14:28.151388
7504,2026,02001.01,sim,não,"65.000,00",,,"64.849,98",,,fora da janela do portal (2026; o portal cobre 2021–2025),2026-09-01,2025-12-16T18:14:28.151388
7505,2026,02085.01,sim,não,"2.250.000,00",,,"1.097.972,00",,,fora da janela do portal (2026; o portal cobre 2021–2025),2026-09-01,2025-12-16T18:14:28.151388
7506,2026,02172.01,sim,não,"150.000,00",,,"0,00",,,fora da janela do portal (2026; o portal cobre 2021–2025),2026-09-01,2025-12-16T18:14:28.151388
7507,2026,02088.01,sim,não,"300.000,00",,,"0,00",,,fora da janela do portal (2026; o portal cobre 2021–2025),2026-09-01,2025-12-16T18:14:28.151388
7508,2026,02158.01,sim,não,"100.000,00",,,"0,00",,,fora da janela do portal (2026; o portal cobre 2021–2025),2026-09-01,2025-12-16T18:14:28.151388
7509,2026,02182.01,sim,não,"400.000,00",,,"0,00",,,fora da janela do portal (2026; o portal cobre 2021–2025),2026-09-01,2025-12-16T18:14:28.151388
7510,2026,02008.01,sim,não,"500.000,00",,,"497.794,35",,,fora da janela do portal (2026; o portal cobre 2021–2025),2026-09-01,2025-12-16T18:14:28.151388
7511,2026,02074.01,sim,não,"406.000,00",,,"0,00",,,fora da janela do portal (2026; o portal cobre 2021–2025),2026-09-01,2025-12-16T18:14:28.151388
7512,2026,02185.01,sim,não,"300.000,00",,,"0,00",,,fora da janela do portal (2026; o portal cobre 2021–2025),2026-09-01,2025-12-16T18:14:28.151388
7513,2026,02157.01,sim,não,"20.000,00",,,"0,00",,,fora da janela do portal (2026; o portal cobre 2021–2025),2026-09-01,2025-12-16T18:14:28.151388
7514,2026,02044.01,sim,não,"400.000,00",,,"0,00",,,fora da janela do portal (2026; o portal cobre 2021–2025),2026-09-01,2025-12-16T18:14:28.151388
7515,2026,02073.01,sim,não,"250.000,00",,,"0,00",,,fora da janela do portal (2026; o portal cobre 2021–2025),2026-09-01,2025-12-16T18:14:28.151388
7516,2026,02076.01,sim,não,"160.000,00",,,"0,00",,,fora da janela do portal (2026; o portal cobre 2021–2025),2026-09-01,2025-12-16T18:14:28.151388
7517,2026,02135.01,sim,não,"565.000,00",,,"0,00",,,fora da janela do portal (2026; o portal cobre 2021–2025),2026-09-01,2025-12-16T18:14:28.151388
7518,2026,02116.01,sim,não,"110.000,00",,,"0,00",,,fora da janela do portal (2026; o portal cobre 2021–2025),2026-09-01,2025-12-16T18:14:28.151388
7519,2026,02083.01,sim,não,"300.000,00",,,"0,00",,,fora da janela do portal (2026; o portal cobre 2021–2025),2026-09-01,2025-12-16T18:14:28.151388
7520,2026,02082.01,sim,não,"100.000,00",,,"0,00",,,fora da janela do portal (2026; o portal cobre 2021–2025),2026-09-01,2025-12-16T18:14:28.151388
7521,2026,02089.01,sim,não,"300.000,00",,,"0,00",,,fora da janela do portal (2026; o portal cobre 2021–2025),2026-09-01,2025-12-16T18:14:28.151388
7522,2026,02091.01,sim,não,"300.000,00",,,"0,00",,,fora da janela do portal (2026; o portal cobre 2021–2025),2026-09-01,2025-12-16T18:14:28.151388
7523,2026,02092.01,sim,não,"1.500.000,00",,,"0,00",,,fora da janela do portal (2026; o portal cobre 2021–2025),2026-09-01,2025-12-16T18:14:28.151388
7526,2026,02038.01,sim,não,"200.000,00",,,"0,00",,,fora da janela do portal (2026; o portal cobre 2021–2025),2026-09-01,2025-12-16T18:14:28.151388
7527,2026,02016.01,sim,não,"1.000.000,00",,,"0,00",,,fora da janela do portal (2026; o portal cobre 2021–2025),2026-09-01,2025-12-16T18:14:28.151388
7528,2026,02026.01,sim,não,"300.000,00",,,"0,00",,,fora da janela do portal (2026; o portal cobre 2021–2025),2026-09-01,2025-12-16T18:14:28.151388
7529,2026,02030.01,sim,não,"1.200.000,00",,,"0,00",,,fora da janela do portal (2026; o portal cobre 2021–2025),2026-09-01,2025-12-16T18:14:28.151388
7530,2026,02031.01,sim,não,"400.000,00",,,"0,00",,,fora da janela do portal (2026; o portal cobre 2021–2025),2026-09-01,2025-12-16T18:14:28.151388
7531,2026,02146.01,sim,não,"150.000,00",,,"0,00",,,fora da janela do portal (2026; o portal cobre 2021–2025),2026-09-01,2025-12-16T18:14:28.151388
7532,2026,02151.01,sim,não,"550.000,00",,,"0,00",,,fora da janela do portal (2026; o portal cobre 2021–2025),2026-09-01,2025-12-16T18:14:28.151388
7533,2026,02152.01,sim,não,"1.000.000,00",,,"0,00",,,fora da janela do portal (2026; o portal cobre 2021–2025),2026-09-01,2025-12-16T18:14:28.151388
7534,2026,02175.01,sim,não,"200.000,00",,,"0,00",,,fora da janela do portal (2026; o portal cobre 2021–2025),2026-09-01,2025-12-16T18:14:28.151388
7535,2026,02180.01,sim,não,"200.000,00",,,"0,00",,,fora da janela do portal (2026; o portal cobre 2021–2025),2026-09-01,2025-12-16T18:14:28.151388
7536,2026,02181.01,sim,não,"500.000,00",,,"0,00",,,fora da janela do portal (2026; o portal cobre 2021–2025),2026-09-01,2025-12-16T18:14:28.151388
7538,2026,02037.01,sim,não,"50.000,00",,,"23.387,03",,,fora da janela do portal (2026; o portal cobre 2021–2025),2026-09-01,2025-12-16T18:14:28.151388
7539,2026,02040.01,sim,não,"50.000,00",,,"0,00",,,fora da janela do portal (2026; o portal cobre 2021–2025),2026-09-01,2025-12-16T18:14:28.151388
7540,2026,02041.01,sim,não,"100.000,00",,,"0,00",,,fora da janela do portal (2026; o portal cobre 2021–2025),2026-09-01,2025-12-16T18:14:28.151388
7541,2026,02042.01,sim,não,"100.000,00",,,"0,00",,,fora da janela do portal (2026; o portal cobre 2021–2025),2026-09-01,2025-12-16T18:14:28.151388
7542,2026,02048.01,sim,não,"30.000,00",,,"0,00",,,fora da janela do portal (2026; o portal cobre 2021–2025),2026-09-01,2025-12-16T18:14:28.151388
7543,2026,02049.01,sim,não,"70.000,00",,,"0,00",,,fora da janela do portal (2026; o portal cobre 2021–2025),2026-09-01,2025-12-16T18:14:28.151388
7544,2026,02050.01,sim,não,"140.000,00",,,"0,00",,,fora da janela do portal (2026; o portal cobre 2021–2025),2026-09-01,2025-12-16T18:14:28.151388
7545,2026,02020.01,sim,não,"40.000,00",,,"0,00",,,fora da janela do portal (2026; o portal cobre 2021–2025),2026-09-01,2025-12-16T18:14:28.151388
7546,2026,02005.01,sim,não,"300.000,00",,,"0,00",,,fora da janela do portal (2026; o portal cobre 2021–2025),2026-09-01,2025-12-16T18:14:28.151388
7547,2026,02032.01,sim,não,"100.000,00",,,"0,00",,,fora da janela do portal (2026; o portal cobre 2021–2025),2026-09-01,2025-12-16T18:14:28.151388
7548,2026,02033.01,sim,não,"1.000.000,00",,,"0,00",,,fora da janela do portal (2026; o portal cobre 2021–2025),2026-09-01,2025-12-16T18:14:28.151388
7549,2026,03002.01,sim,não,"300.000,00",,,"0,00",,,fora da janela do portal (2026; o portal cobre 2021–2025),2026-09-01,2025-12-16T18:14:28.151388
7550,2026,03004.01,sim,não,"450.000,00",,,"0,00",,,fora da janela do portal (2026; o portal cobre 2021–2025),2026-09-01,2025-12-16T18:14:28.151388
7551,2026,03005.01,sim,não,"200.000,00",,,"0,00",,,fora da janela do portal (2026; o portal cobre 2021–2025),2026-09-01,2025-12-16T18:14:28.151388
7552,2026,03006.01,sim,não,"100.000,00",,,"0,00",,,fora da janela do portal (2026; o portal cobre 2021–2025),2026-09-01,2025-12-16T18:14:28.151388
7553,2026,03009.01,sim,não,"300.000,00",,,"0,00",,,fora da janela do portal (2026; o portal cobre 2021–2025),2026-09-01,2025-12-16T18:14:28.151388
7554,2026,03011.01,sim,não,"1.300.000,00",,,"0,00",,,fora da janela do portal (2026; o portal cobre 2021–2025),2026-09-01,2025-12-16T18:14:28.151388
7555,2026,03012.01,sim,não,"700.000,00",,,"0,00",,,fora da janela do portal (2026; o portal cobre 2021–2025),2026-09-01,2025-12-16T18:14:28.151388
7556,2026,03013.01,sim,não,"500.000,00",,,"500.000,00",,,fora da janela do portal (2026; o portal cobre 2021–2025),2026-09-01,2025-12-16T18:14:28.151388
7557,2026,03022.01,sim,não,"100.000,00",,,"0,00",,,fora da janela do portal (2026; o portal cobre 2021–2025),2026-09-01,2025-12-16T18:14:28.151388
