ano,mes,mes_numero,unidade_orcamentaria,funcao,funcao_rotulo,subfuncao,subfuncao_rotulo,natureza,natureza_rotulo,natureza_em_seis_digitos,natureza_categoria_economica,natureza_grupo,natureza_modalidade_de_aplicacao,natureza_elemento,natureza_subelemento,fonte,fonte_rotulo,empenhado,liquidado,pago,as_of
2022,Janeiro,1,1101,1,,122,,319007,,319007,3,1,90,07,,100,,"1.456.116,48","95.122,29","95.122,29",2026-08-07T20:15:03.924257
2022,Janeiro,1,1101,1,,122,,319011,,319011,3,1,90,11,,100,,"28.600.473,95","28.600.473,95","28.161.687,76",2026-08-07T20:15:03.924257
2022,Janeiro,1,1101,1,,122,,319013,,319013,3,1,90,13,,100,,"65.005,93","4.545,87","4.545,87",2026-08-07T20:15:03.924257
2022,Janeiro,1,1101,1,,122,,319016,,319016,3,1,90,16,,100,,"31.022,86","31.022,85","31.022,85",2026-08-07T20:15:03.924257
2022,Janeiro,1,1101,1,,122,,319092,,319092,3,1,90,92,,100,,"0,00","0,00","0,00",2026-08-07T20:15:03.924257
2022,Janeiro,1,1101,1,,122,,319113,,319113,3,1,91,13,,100,,"47.170.000,00","3.356.792,32","3.356.792,32",2026-08-07T20:15:03.924257
2022,Janeiro,1,1101,1,,122,,319192,,319192,3,1,91,92,,100,,"0,00","0,00","0,00",2026-08-07T20:15:03.924257
2022,Janeiro,1,1101,1,,122,,339008,,339008,3,3,90,08,,100,,"293.289,00","293.289,00","293.289,00",2026-08-07T20:15:03.924257
2022,Janeiro,1,1101,1,,122,,339014,,339014,3,3,90,14,,100,,"0,00","0,00","0,00",2026-08-07T20:15:03.924257
2022,Janeiro,1,1101,1,,122,,339030,,339030,3,3,90,30,,100,,"9.789,95","0,00","0,00",2026-08-07T20:15:03.924257
2022,Janeiro,1,1101,1,,122,,339033,,339033,3,3,90,33,,100,,"0,00","0,00","0,00",2026-08-07T20:15:03.924257
2022,Janeiro,1,1101,1,,122,,339035,,339035,3,3,90,35,,100,,"0,00","0,00","0,00",2026-08-07T20:15:03.924257
2022,Janeiro,1,1101,1,,122,,339036,,339036,3,3,90,36,,100,,"0,00","0,00","0,00",2026-08-07T20:15:03.924257
2022,Janeiro,1,1101,1,,122,,339037,,339037,3,3,90,37,,100,,"0,00","0,00","0,00",2026-08-07T20:15:03.924257
2022,Janeiro,1,1101,1,,122,,339039,,339039,3,3,90,39,,100,,"1.729.279,86","0,00","0,00",2026-08-07T20:15:03.924257
2022,Janeiro,1,1101,1,,122,,339046,,339046,3,3,90,46,,100,,"2.232.263,89","2.232.263,88","2.132.214,38",2026-08-07T20:15:03.924257
2022,Janeiro,1,1101,1,,122,,339047,,339047,3,3,90,47,,100,,"0,00","0,00","0,00",2026-08-07T20:15:03.924257
2022,Janeiro,1,1101,1,,122,,339049,,339049,3,3,90,49,,100,,"34.273,14","34.273,13","31.903,73",2026-08-07T20:15:03.924257
2022,Janeiro,1,1101,1,,122,,339092,,339092,3,3,90,92,,100,,"0,00","0,00","0,00",2026-08-07T20:15:03.924257
2022,Janeiro,1,1101,1,,122,,339093,,339093,3,3,90,93,,100,,"0,00","0,00","0,00",2026-08-07T20:15:03.924257
2022,Janeiro,1,1101,1,,122,,339139,,339139,3,3,91,39,,100,,"0,00","0,00","0,00",2026-08-07T20:15:03.924257
2022,Janeiro,1,1101,1,,122,,339147,,339147,3,3,91,47,,100,,"0,00","0,00","0,00",2026-08-07T20:15:03.924257
2022,Janeiro,1,1101,1,,122,,339192,,339192,3,3,91,92,,100,,"0,00","0,00","0,00",2026-08-07T20:15:03.924257
2022,Janeiro,1,1101,1,,122,,339193,,339193,3,3,91,93,,100,,"0,00","0,00","0,00",2026-08-07T20:15:03.924257
2022,Janeiro,1,1101,1,,122,,449051,,449051,4,4,90,51,,100,,"0,00","0,00","0,00",2026-08-07T20:15:03.924257
2022,Janeiro,1,1101,1,,122,,449052,,449052,4,4,90,52,,100,,"254.662,49","133.782,49","133.782,49",2026-08-07T20:15:03.924257
2022,Janeiro,1,1101,1,,122,,449092,,449092,4,4,90,92,,100,,"0,00","0,00","0,00",2026-08-07T20:15:03.924257
2022,Janeiro,1,1101,1,,126,,339030,,339030,3,3,90,30,,100,,"0,00","0,00","0,00",2026-08-07T20:15:03.924257
2022,Janeiro,1,1101,1,,126,,339039,,339039,3,3,90,39,,100,,"1.478.395,96","0,00","0,00",2026-08-07T20:15:03.924257
2022,Janeiro,1,1101,1,,126,,339040,,339040,3,3,90,40,,100,,"4.102.541,03","28.439,87","28.439,87",2026-08-07T20:15:03.924257
2022,Janeiro,1,1101,1,,126,,339092,,339092,3,3,90,92,,100,,"0,00","0,00","0,00",2026-08-07T20:15:03.924257
2022,Janeiro,1,1101,1,,126,,449040,,449040,4,4,90,40,,100,,"0,00","0,00","0,00",2026-08-07T20:15:03.924257
2022,Janeiro,1,1101,1,,126,,449052,,449052,4,4,90,52,,100,,"2.917.146,60","0,00","0,00",2026-08-07T20:15:03.924257
2022,Janeiro,1,1101,1,,128,,339032,,339032,3,3,90,32,,100,,"0,00","0,00","0,00",2026-08-07T20:15:03.924257
2022,Janeiro,1,1101,1,,128,,339036,,339036,3,3,90,36,,100,,"0,01","0,00","0,00",2026-08-07T20:15:03.924257
2022,Janeiro,1,1101,1,,128,,339039,,339039,3,3,90,39,,100,,"67.680,05","5.111,79","4.127,79",2026-08-07T20:15:03.924257
2022,Janeiro,1,1101,1,,131,,339037,,339037,3,3,90,37,,100,,"0,00","0,00","0,00",2026-08-07T20:15:03.924257
2022,Janeiro,1,1101,1,,131,,339039,,339039,3,3,90,39,,100,,"0,00","0,00","0,00",2026-08-07T20:15:03.924257
2022,Janeiro,1,1101,1,,131,,339092,,339092,3,3,90,92,,100,,"0,00","0,00","0,00",2026-08-07T20:15:03.924257
2022,Janeiro,1,1101,1,,131,,449052,,449052,4,4,90,52,,100,,"0,00","0,00","0,00",2026-08-07T20:15:03.924257
2022,Janeiro,1,1101,1,,31,,339030,,339030,3,3,90,30,,100,,"0,00","0,00","0,00",2026-08-07T20:15:03.924257
2022,Janeiro,1,1101,1,,31,,339031,,339031,3,3,90,31,,100,,"0,00","0,00","0,00",2026-08-07T20:15:03.924257
2022,Janeiro,1,1101,1,,31,,339032,,339032,3,3,90,32,,100,,"0,00","0,00","0,00",2026-08-07T20:15:03.924257
2022,Janeiro,1,1101,1,,31,,339037,,339037,3,3,90,37,,100,,"2.832.994,69","0,00","0,00",2026-08-07T20:15:03.924257
2022,Janeiro,1,1101,1,,31,,339039,,339039,3,3,90,39,,100,,"891.926,76","0,00","0,00",2026-08-07T20:15:03.924257
2022,Janeiro,1,1101,1,,31,,339139,,339139,3,3,91,39,,100,,"0,00","0,00","0,00",2026-08-07T20:15:03.924257
2022,Janeiro,1,1101,1,,31,,449052,,449052,4,4,90,52,,100,,"0,00","0,00","0,00",2026-08-07T20:15:03.924257
2022,Janeiro,1,1101,1,,392,,339031,,339031,3,3,90,31,,100,,"0,00","0,00","0,00",2026-08-07T20:15:03.924257
2022,Janeiro,1,1101,1,,392,,339036,,339036,3,3,90,36,,100,,"0,00","0,00","0,00",2026-08-07T20:15:03.924257
2022,Janeiro,1,1101,1,,392,,339039,,339039,3,3,90,39,,100,,"0,00","0,00","0,00",2026-08-07T20:15:03.924257
2022,Janeiro,1,1101,1,,392,,339092,,339092,3,3,90,92,,100,,"0,00","0,00","0,00",2026-08-07T20:15:03.924257
2022,Janeiro,1,1101,28,,845,,339139,,339139,3,3,91,39,,100,,"0,00","0,00","0,00",2026-08-07T20:15:03.924257
2022,Janeiro,1,1101,28,,846,,319091,,319091,3,1,90,91,,100,,"28.365,94","28.365,94","28.365,94",2026-08-07T20:15:03.924257
2022,Janeiro,1,1101,28,,846,,319092,,319092,3,1,90,92,,100,,"0,00","0,00","0,00",2026-08-07T20:15:03.924257
2022,Janeiro,1,1101,28,,846,,319094,,319094,3,1,90,94,,100,,"165.841,88","165.841,86","165.841,86",2026-08-07T20:15:03.924257
2022,Janeiro,1,1101,28,,846,,319096,,319096,3,1,90,96,,100,,"0,00","0,00","0,00",2026-08-07T20:15:03.924257
2022,Janeiro,1,1101,28,,846,,319192,,319192,3,1,91,92,,100,,"0,00","0,00","0,00",2026-08-07T20:15:03.924257
2022,Janeiro,1,1101,28,,846,,319196,,319196,3,1,91,96,,100,,"0,00","0,00","0,00",2026-08-07T20:15:03.924257
2022,Janeiro,1,1101,28,,846,,339091,,339091,3,3,90,91,,100,,"0,00","0,00","0,00",2026-08-07T20:15:03.924257
2022,Janeiro,1,1101,28,,846,,339092,,339092,3,3,90,92,,100,,"0,00","0,00","0,00",2026-08-07T20:15:03.924257
2022,Janeiro,1,1101,28,,846,,339093,,339093,3,3,90,93,,100,,"0,00","0,00","0,00",2026-08-07T20:15:03.924257
2022,Janeiro,1,1101,28,,846,,339192,,339192,3,3,91,92,,100,,"0,00","0,00","0,00",2026-08-07T20:15:03.924257
2022,Janeiro,1,1101,28,,846,,339193,,339193,3,3,91,93,,100,,"0,00","0,00","0,00",2026-08-07T20:15:03.924257
2022,Fevereiro,2,1101,1,,122,,319007,,319007,3,1,90,07,,100,,"0,00","83.437,34","83.437,34",2026-08-07T20:15:03.924257
2022,Fevereiro,2,1101,1,,122,,319011,,319011,3,1,90,11,,100,,"24.651.527,53","24.522.986,12","24.424.241,22",2026-08-07T20:15:03.924257
2022,Fevereiro,2,1101,1,,122,,319013,,319013,3,1,90,13,,100,,"26.000.000,00","2.120.558,10","2.120.558,10",2026-08-07T20:15:03.924257
2022,Fevereiro,2,1101,1,,122,,319016,,319016,3,1,90,16,,100,,"244.418,34","244.418,34","244.418,34",2026-08-07T20:15:03.924257
2022,Fevereiro,2,1101,1,,122,,319092,,319092,3,1,90,92,,100,,"0,00","0,00","0,00",2026-08-07T20:15:03.924257
2022,Fevereiro,2,1101,1,,122,,319113,,319113,3,1,91,13,,100,,"0,00","3.391.733,16","3.391.733,16",2026-08-07T20:15:03.924257
2022,Fevereiro,2,1101,1,,122,,319192,,319192,3,1,91,92,,100,,"0,00","0,00","0,00",2026-08-07T20:15:03.924257
2022,Fevereiro,2,1101,1,,122,,339008,,339008,3,3,90,08,,100,,"354.136,83","354.136,83","354.136,83",2026-08-07T20:15:03.924257
2022,Fevereiro,2,1101,1,,122,,339014,,339014,3,3,90,14,,100,,"0,00","0,00","0,00",2026-08-07T20:15:03.924257
2022,Fevereiro,2,1101,1,,122,,339030,,339030,3,3,90,30,,100,,"759.823,61","12.947,42","12.947,42",2026-08-07T20:15:03.924257
2022,Fevereiro,2,1101,1,,122,,339033,,339033,3,3,90,33,,100,,"0,00","0,00","0,00",2026-08-07T20:15:03.924257
2022,Fevereiro,2,1101,1,,122,,339035,,339035,3,3,90,35,,100,,"0,00","0,00","0,00",2026-08-07T20:15:03.924257
2022,Fevereiro,2,1101,1,,122,,339036,,339036,3,3,90,36,,100,,"0,00","0,00","0,00",2026-08-07T20:15:03.924257
2022,Fevereiro,2,1101,1,,122,,339037,,339037,3,3,90,37,,100,,"4.238.700,84","209.261,47","209.261,47",2026-08-07T20:15:03.924257
2022,Fevereiro,2,1101,1,,122,,339039,,339039,3,3,90,39,,100,,"4.606.108,57","530.340,35","471.457,81",2026-08-07T20:15:03.924257
2022,Fevereiro,2,1101,1,,122,,339046,,339046,3,3,90,46,,100,,"2.873.988,35","2.854.052,00","2.721.347,19",2026-08-07T20:15:03.924257
2022,Fevereiro,2,1101,1,,122,,339047,,339047,3,3,90,47,,100,,"1.139,58","1.139,58","1.139,58",2026-08-07T20:15:03.924257
2022,Fevereiro,2,1101,1,,122,,339049,,339049,3,3,90,49,,100,,"41.786,44","41.380,93","38.407,29",2026-08-07T20:15:03.924257
2022,Fevereiro,2,1101,1,,122,,339092,,339092,3,3,90,92,,100,,"0,00","0,00","0,00",2026-08-07T20:15:03.924257
2022,Fevereiro,2,1101,1,,122,,339093,,339093,3,3,90,93,,100,,"0,00","0,00","0,00",2026-08-07T20:15:03.924257
2022,Fevereiro,2,1101,1,,122,,339139,,339139,3,3,91,39,,100,,"0,00","0,00","0,00",2026-08-07T20:15:03.924257
2022,Fevereiro,2,1101,1,,122,,339147,,339147,3,3,91,47,,100,,"0,00","0,00","0,00",2026-08-07T20:15:03.924257
2022,Fevereiro,2,1101,1,,122,,339192,,339192,3,3,91,92,,100,,"0,00","0,00","0,00",2026-08-07T20:15:03.924257
2022,Fevereiro,2,1101,1,,122,,339193,,339193,3,3,91,93,,100,,"0,00","0,00","0,00",2026-08-07T20:15:03.924257
2022,Fevereiro,2,1101,1,,122,,449051,,449051,4,4,90,51,,100,,"19.196,04","1.599,67","0,00",2026-08-07T20:15:03.924257
2022,Fevereiro,2,1101,1,,122,,449052,,449052,4,4,90,52,,100,,"192.000,00","0,00","0,00",2026-08-07T20:15:03.924257
2022,Fevereiro,2,1101,1,,122,,449092,,449092,4,4,90,92,,100,,"0,00","0,00","0,00",2026-08-07T20:15:03.924257
2022,Fevereiro,2,1101,1,,126,,339030,,339030,3,3,90,30,,100,,"0,00","0,00","0,00",2026-08-07T20:15:03.924257
2022,Fevereiro,2,1101,1,,126,,339039,,339039,3,3,90,39,,100,,"0,00","20.647,00","20.647,00",2026-08-07T20:15:03.924257
2022,Fevereiro,2,1101,1,,126,,339040,,339040,3,3,90,40,,100,,"616.838,66","147.121,21","147.121,21",2026-08-07T20:15:03.924257
2022,Fevereiro,2,1101,1,,126,,339092,,339092,3,3,90,92,,100,,"0,00","0,00","0,00",2026-08-07T20:15:03.924257
2022,Fevereiro,2,1101,1,,126,,449040,,449040,4,4,90,40,,100,,"0,00","0,00","0,00",2026-08-07T20:15:03.924257
2022,Fevereiro,2,1101,1,,126,,449052,,449052,4,4,90,52,,100,,"0,00","1.095.750,00","720.000,00",2026-08-07T20:15:03.924257
2022,Fevereiro,2,1101,1,,128,,339032,,339032,3,3,90,32,,100,,"0,00","0,00","0,00",2026-08-07T20:15:03.924257
2022,Fevereiro,2,1101,1,,128,,339036,,339036,3,3,90,36,,100,,"0,00","0,00","0,00",2026-08-07T20:15:03.924257
2022,Fevereiro,2,1101,1,,128,,339039,,339039,3,3,90,39,,100,,"80.471,47","11.420,59","12.404,59",2026-08-07T20:15:03.924257
2022,Fevereiro,2,1101,1,,131,,339037,,339037,3,3,90,37,,100,,"0,00","0,00","0,00",2026-08-07T20:15:03.924257
2022,Fevereiro,2,1101,1,,131,,339039,,339039,3,3,90,39,,100,,"144.335,40","0,00","0,00",2026-08-07T20:15:03.924257
2022,Fevereiro,2,1101,1,,131,,339092,,339092,3,3,90,92,,100,,"0,00","0,00","0,00",2026-08-07T20:15:03.924257
2022,Fevereiro,2,1101,1,,131,,449052,,449052,4,4,90,52,,100,,"0,00","0,00","0,00",2026-08-07T20:15:03.924257
2022,Fevereiro,2,1101,1,,31,,339030,,339030,3,3,90,30,,100,,"0,00","0,00","0,00",2026-08-07T20:15:03.924257
2022,Fevereiro,2,1101,1,,31,,339031,,339031,3,3,90,31,,100,,"0,00","0,00","0,00",2026-08-07T20:15:03.924257
2022,Fevereiro,2,1101,1,,31,,339032,,339032,3,3,90,32,,100,,"0,00","0,00","0,00",2026-08-07T20:15:03.924257
2022,Fevereiro,2,1101,1,,31,,339037,,339037,3,3,90,37,,100,,"0,00","0,00","0,00",2026-08-07T20:15:03.924257
2022,Fevereiro,2,1101,1,,31,,339039,,339039,3,3,90,39,,100,,"6.507.199,13","45.102,97","45.102,97",2026-08-07T20:15:03.924257
2022,Fevereiro,2,1101,1,,31,,339139,,339139,3,3,91,39,,100,,"0,00","0,00","0,00",2026-08-07T20:15:03.924257
2022,Fevereiro,2,1101,1,,31,,449052,,449052,4,4,90,52,,100,,"0,00","0,00","0,00",2026-08-07T20:15:03.924257
2022,Fevereiro,2,1101,1,,392,,339031,,339031,3,3,90,31,,100,,"0,00","0,00","0,00",2026-08-07T20:15:03.924257
2022,Fevereiro,2,1101,1,,392,,339036,,339036,3,3,90,36,,100,,"0,00","0,00","0,00",2026-08-07T20:15:03.924257
2022,Fevereiro,2,1101,1,,392,,339039,,339039,3,3,90,39,,100,,"0,00","0,00","0,00",2026-08-07T20:15:03.924257
2022,Fevereiro,2,1101,1,,392,,339092,,339092,3,3,90,92,,100,,"0,00","0,00","0,00",2026-08-07T20:15:03.924257
2022,Fevereiro,2,1101,28,,845,,339139,,339139,3,3,91,39,,100,,"0,00","0,00","0,00",2026-08-07T20:15:03.924257
2022,Fevereiro,2,1101,28,,846,,319091,,319091,3,1,90,91,,100,,"11.070,36","11.070,36","11.070,36",2026-08-07T20:15:03.924257
2022,Fevereiro,2,1101,28,,846,,319092,,319092,3,1,90,92,,100,,"0,00","0,00","0,00",2026-08-07T20:15:03.924257
2022,Fevereiro,2,1101,28,,846,,319094,,319094,3,1,90,94,,100,,"124.712,74","124.712,74","124.712,74",2026-08-07T20:15:03.924257
2022,Fevereiro,2,1101,28,,846,,319096,,319096,3,1,90,96,,100,,"1.408.252,79","98.709,59","66.818,75",2026-08-07T20:15:03.924257
2022,Fevereiro,2,1101,28,,846,,319192,,319192,3,1,91,92,,100,,"0,00","0,00","0,00",2026-08-07T20:15:03.924257
2022,Fevereiro,2,1101,28,,846,,319196,,319196,3,1,91,96,,100,,"0,00","0,00","0,00",2026-08-07T20:15:03.924257
2022,Fevereiro,2,1101,28,,846,,339091,,339091,3,3,90,91,,100,,"0,00","0,00","0,00",2026-08-07T20:15:03.924257
2022,Fevereiro,2,1101,28,,846,,339092,,339092,3,3,90,92,,100,,"3.697,83","0,00","0,00",2026-08-07T20:15:03.924257
2022,Fevereiro,2,1101,28,,846,,339093,,339093,3,3,90,93,,100,,"2.051.102,25","138.772,25","138.772,25",2026-08-07T20:15:03.924257
2022,Fevereiro,2,1101,28,,846,,339192,,339192,3,3,91,92,,100,,"0,00","0,00","0,00",2026-08-07T20:15:03.924257
2022,Fevereiro,2,1101,28,,846,,339193,,339193,3,3,91,93,,100,,"0,00","0,00","0,00",2026-08-07T20:15:03.924257
2022,Março,3,1101,1,,122,,319007,,319007,3,1,90,07,,100,,"0,00","103.299,00","103.299,00",2026-08-07T20:15:03.924257
2022,Março,3,1101,1,,122,,319011,,319011,3,1,90,11,,100,,"24.608.139,66","24.319.194,57","24.333.199,79",2026-08-07T20:15:03.924257
2022,Março,3,1101,1,,122,,319013,,319013,3,1,90,13,,100,,"0,00","1.929.571,28","1.929.571,28",2026-08-07T20:15:03.924257
2022,Março,3,1101,1,,122,,319016,,319016,3,1,90,16,,100,,"131.369,18","131.369,18","131.369,18",2026-08-07T20:15:03.924257
2022,Março,3,1101,1,,122,,319092,,319092,3,1,90,92,,100,,"12.128,57","12.128,57","12.128,57",2026-08-07T20:15:03.924257
2022,Março,3,1101,1,,122,,319113,,319113,3,1,91,13,,100,,"0,00","3.374.850,82","3.374.850,82",2026-08-07T20:15:03.924257
2022,Março,3,1101,1,,122,,319192,,319192,3,1,91,92,,100,,"0,00","0,00","0,00",2026-08-07T20:15:03.924257
2022,Março,3,1101,1,,122,,339008,,339008,3,3,90,08,,100,,"322.384,09","322.384,09","322.384,09",2026-08-07T20:15:03.924257
2022,Março,3,1101,1,,122,,339014,,339014,3,3,90,14,,100,,"0,00","0,00","0,00",2026-08-07T20:15:03.924257
2022,Março,3,1101,1,,122,,339030,,339030,3,3,90,30,,100,,"422.223,15","51.911,67","47.150,71",2026-08-07T20:15:03.924257
2022,Março,3,1101,1,,122,,339033,,339033,3,3,90,33,,100,,"0,00","0,00","0,00",2026-08-07T20:15:03.924257
2022,Março,3,1101,1,,122,,339035,,339035,3,3,90,35,,100,,"0,00","0,00","0,00",2026-08-07T20:15:03.924257
2022,Março,3,1101,1,,122,,339036,,339036,3,3,90,36,,100,,"0,00","0,00","0,00",2026-08-07T20:15:03.924257
2022,Março,3,1101,1,,122,,339037,,339037,3,3,90,37,,100,,"3.381.655,02","1.285.224,55","1.285.224,55",2026-08-07T20:15:03.924257
2022,Março,3,1101,1,,122,,339039,,339039,3,3,90,39,,100,,"88.626,69","828.623,73","822.886,25",2026-08-07T20:15:03.924257
2022,Março,3,1101,1,,122,,339046,,339046,3,3,90,46,,100,,"2.591.582,13","2.552.532,93","2.538.684,60",2026-08-07T20:15:03.924257
2022,Março,3,1101,1,,122,,339047,,339047,3,3,90,47,,100,,"30.000,00","0,00","0,00",2026-08-07T20:15:03.924257
2022,Março,3,1101,1,,122,,339049,,339049,3,3,90,49,,100,,"44.617,12","43.480,42","42.685,82",2026-08-07T20:15:03.924257
2022,Março,3,1101,1,,122,,339092,,339092,3,3,90,92,,100,,"0,00","0,00","0,00",2026-08-07T20:15:03.924257
2022,Março,3,1101,1,,122,,339093,,339093,3,3,90,93,,100,,"6.663,65","6.663,65","6.663,65",2026-08-07T20:15:03.924257
2022,Março,3,1101,1,,122,,339139,,339139,3,3,91,39,,100,,"0,00","0,00","0,00",2026-08-07T20:15:03.924257
2022,Março,3,1101,1,,122,,339147,,339147,3,3,91,47,,100,,"0,00","0,00","0,00",2026-08-07T20:15:03.924257
2022,Março,3,1101,1,,122,,339192,,339192,3,3,91,92,,100,,"0,00","0,00","0,00",2026-08-07T20:15:03.924257
2022,Março,3,1101,1,,122,,339193,,339193,3,3,91,93,,100,,"0,00","0,00","0,00",2026-08-07T20:15:03.924257
2022,Março,3,1101,1,,122,,449051,,449051,4,4,90,51,,100,,"0,00","1.599,67","3.199,34",2026-08-07T20:15:03.924257
2022,Março,3,1101,1,,122,,449052,,449052,4,4,90,52,,100,,"1.286.432,83","0,00","0,00",2026-08-07T20:15:03.924257
2022,Março,3,1101,1,,122,,449092,,449092,4,4,90,92,,100,,"0,00","0,00","0,00",2026-08-07T20:15:03.924257
2022,Março,3,1101,1,,126,,339030,,339030,3,3,90,30,,100,,"19.682,40","483,00","483,00",2026-08-07T20:15:03.924257
2022,Março,3,1101,1,,126,,339039,,339039,3,3,90,39,,100,,"0,00","20.647,00","20.647,00",2026-08-07T20:15:03.924257
2022,Março,3,1101,1,,126,,339040,,339040,3,3,90,40,,100,,"60.138,40","189.643,31","189.643,31",2026-08-07T20:15:03.924257
2022,Março,3,1101,1,,126,,339092,,339092,3,3,90,92,,100,,"0,00","0,00","0,00",2026-08-07T20:15:03.924257
2022,Março,3,1101,1,,126,,449040,,449040,4,4,90,40,,100,,"150.000,00","0,00","0,00",2026-08-07T20:15:03.924257
2022,Março,3,1101,1,,126,,449052,,449052,4,4,90,52,,100,,"0,00","430.545,00","806.295,00",2026-08-07T20:15:03.924257
2022,Março,3,1101,1,,128,,339032,,339032,3,3,90,32,,100,,"0,00","0,00","0,00",2026-08-07T20:15:03.924257
2022,Março,3,1101,1,,128,,339036,,339036,3,3,90,36,,100,,"31.975,29","10.446,09","10.446,09",2026-08-07T20:15:03.924257
2022,Março,3,1101,1,,128,,339039,,339039,3,3,90,39,,100,,"61.157,97","12.326,84","12.326,84",2026-08-07T20:15:03.924257
2022,Março,3,1101,1,,131,,339037,,339037,3,3,90,37,,100,,"0,00","0,00","0,00",2026-08-07T20:15:03.924257
2022,Março,3,1101,1,,131,,339039,,339039,3,3,90,39,,100,,"0,00","24.055,90","24.055,90",2026-08-07T20:15:03.924257
2022,Março,3,1101,1,,131,,339092,,339092,3,3,90,92,,100,,"0,00","0,00","0,00",2026-08-07T20:15:03.924257
2022,Março,3,1101,1,,131,,449052,,449052,4,4,90,52,,100,,"0,00","0,00","0,00",2026-08-07T20:15:03.924257
2022,Março,3,1101,1,,31,,339030,,339030,3,3,90,30,,100,,"0,00","0,00","0,00",2026-08-07T20:15:03.924257
2022,Março,3,1101,1,,31,,339031,,339031,3,3,90,31,,100,,"0,00","0,00","0,00",2026-08-07T20:15:03.924257
2022,Março,3,1101,1,,31,,339032,,339032,3,3,90,32,,100,,"0,00","0,00","0,00",2026-08-07T20:15:03.924257
2022,Março,3,1101,1,,31,,339037,,339037,3,3,90,37,,100,,"0,00","404.713,53","404.713,53",2026-08-07T20:15:03.924257
2022,Março,3,1101,1,,31,,339039,,339039,3,3,90,39,,100,,"5.200.000,00","34.422,32","34.422,32",2026-08-07T20:15:03.924257
2022,Março,3,1101,1,,31,,339139,,339139,3,3,91,39,,100,,"0,00","0,00","0,00",2026-08-07T20:15:03.924257
2022,Março,3,1101,1,,31,,449052,,449052,4,4,90,52,,100,,"0,00","0,00","0,00",2026-08-07T20:15:03.924257
2022,Março,3,1101,1,,392,,339031,,339031,3,3,90,31,,100,,"0,00","0,00","0,00",2026-08-07T20:15:03.924257
2022,Março,3,1101,1,,392,,339036,,339036,3,3,90,36,,100,,"0,00","0,00","0,00",2026-08-07T20:15:03.924257
2022,Março,3,1101,1,,392,,339039,,339039,3,3,90,39,,100,,"0,00","0,00","0,00",2026-08-07T20:15:03.924257
2022,Março,3,1101,1,,392,,339092,,339092,3,3,90,92,,100,,"0,00","0,00","0,00",2026-08-07T20:15:03.924257
2022,Março,3,1101,28,,845,,339139,,339139,3,3,91,39,,100,,"0,00","0,00","0,00",2026-08-07T20:15:03.924257
2022,Março,3,1101,28,,846,,319091,,319091,3,1,90,91,,100,,"11.070,36","11.070,36","11.070,36",2026-08-07T20:15:03.924257
2022,Março,3,1101,28,,846,,319092,,319092,3,1,90,92,,100,,"2.366,14","2.366,14","2.366,14",2026-08-07T20:15:03.924257
2022,Março,3,1101,28,,846,,319094,,319094,3,1,90,94,,100,,"814.710,46","814.710,46","814.710,46",2026-08-07T20:15:03.924257
2022,Março,3,1101,28,,846,,319096,,319096,3,1,90,96,,100,,"0,00","103.427,25","135.318,09",2026-08-07T20:15:03.924257
2022,Março,3,1101,28,,846,,319192,,319192,3,1,91,92,,100,,"0,00","0,00","0,00",2026-08-07T20:15:03.924257
2022,Março,3,1101,28,,846,,319196,,319196,3,1,91,96,,100,,"0,00","0,00","0,00",2026-08-07T20:15:03.924257
2022,Março,3,1101,28,,846,,339091,,339091,3,3,90,91,,100,,"0,00","0,00","0,00",2026-08-07T20:15:03.924257
2022,Março,3,1101,28,,846,,339092,,339092,3,3,90,92,,100,,"0,00","3.697,83","3.697,83",2026-08-07T20:15:03.924257
2022,Março,3,1101,28,,846,,339093,,339093,3,3,90,93,,100,,"136.740,15","160.409,34","160.409,34",2026-08-07T20:15:03.924257
2022,Março,3,1101,28,,846,,339192,,339192,3,3,91,92,,100,,"0,00","0,00","0,00",2026-08-07T20:15:03.924257
2022,Março,3,1101,28,,846,,339193,,339193,3,3,91,93,,100,,"0,00","0,00","0,00",2026-08-07T20:15:03.924257
2022,Abril,4,1101,1,,122,,319007,,319007,3,1,90,07,,100,,"0,00","138.998,95","138.998,95",2026-08-07T20:15:03.924257
2022,Abril,4,1101,1,,122,,319011,,319011,3,1,90,11,,100,,"26.864.497,18","26.624.807,02","26.590.009,09",2026-08-07T20:15:03.924257
2022,Abril,4,1101,1,,122,,319013,,319013,3,1,90,13,,100,,"0,00","2.013.753,49","2.013.753,49",2026-08-07T20:15:03.924257
2022,Abril,4,1101,1,,122,,319016,,319016,3,1,90,16,,100,,"129.219,64","129.219,64","129.219,64",2026-08-07T20:15:03.924257
2022,Abril,4,1101,1,,122,,319092,,319092,3,1,90,92,,100,,"114.941,04","114.941,04","114.941,04",2026-08-07T20:15:03.924257
2022,Abril,4,1101,1,,122,,319113,,319113,3,1,91,13,,100,,"0,00","3.602.352,74","3.602.352,74",2026-08-07T20:15:03.924257
2022,Abril,4,1101,1,,122,,319192,,319192,3,1,91,92,,100,,"0,00","0,00","0,00",2026-08-07T20:15:03.924257
2022,Abril,4,1101,1,,122,,339008,,339008,3,3,90,08,,100,,"344.424,10","344.424,10","344.424,10",2026-08-07T20:15:03.924257
2022,Abril,4,1101,1,,122,,339014,,339014,3,3,90,14,,100,,"0,00","0,00","0,00",2026-08-07T20:15:03.924257
2022,Abril,4,1101,1,,122,,339030,,339030,3,3,90,30,,100,,"69.323,32","33.302,31","37.851,47",2026-08-07T20:15:03.924257
2022,Abril,4,1101,1,,122,,339033,,339033,3,3,90,33,,100,,"0,00","0,00","0,00",2026-08-07T20:15:03.924257
2022,Abril,4,1101,1,,122,,339035,,339035,3,3,90,35,,100,,"42.250,00","0,00","0,00",2026-08-07T20:15:03.924257
2022,Abril,4,1101,1,,122,,339036,,339036,3,3,90,36,,100,,"0,00","0,00","0,00",2026-08-07T20:15:03.924257
2022,Abril,4,1101,1,,122,,339037,,339037,3,3,90,37,,100,,"0,00","232.883,79","232.883,79",2026-08-07T20:15:03.924257
2022,Abril,4,1101,1,,122,,339039,,339039,3,3,90,39,,100,,"24.663,69","657.399,69","722.019,71",2026-08-07T20:15:03.924257
2022,Abril,4,1101,1,,122,,339046,,339046,3,3,90,46,,100,,"2.513.799,29","2.467.436,50","2.488.868,48",2026-08-07T20:15:03.924257
2022,Abril,4,1101,1,,122,,339047,,339047,3,3,90,47,,100,,"2.613,00","2.613,00","2.613,00",2026-08-07T20:15:03.924257
2022,Abril,4,1101,1,,122,,339049,,339049,3,3,90,49,,100,,"37.635,58","36.745,29","37.013,38",2026-08-07T20:15:03.924257
2022,Abril,4,1101,1,,122,,339092,,339092,3,3,90,92,,100,,"2.166,65","2.166,65","2.166,65",2026-08-07T20:15:03.924257
2022,Abril,4,1101,1,,122,,339093,,339093,3,3,90,93,,100,,"3.649,90","3.649,90","2.723,54",2026-08-07T20:15:03.924257
2022,Abril,4,1101,1,,122,,339139,,339139,3,3,91,39,,100,,"0,00","0,00","0,00",2026-08-07T20:15:03.924257
2022,Abril,4,1101,1,,122,,339147,,339147,3,3,91,47,,100,,"0,00","0,00","0,00",2026-08-07T20:15:03.924257
2022,Abril,4,1101,1,,122,,339192,,339192,3,3,91,92,,100,,"0,00","0,00","0,00",2026-08-07T20:15:03.924257
2022,Abril,4,1101,1,,122,,339193,,339193,3,3,91,93,,100,,"0,00","0,00","0,00",2026-08-07T20:15:03.924257
2022,Abril,4,1101,1,,122,,449051,,449051,4,4,90,51,,100,,"0,00","1.599,67","1.599,67",2026-08-07T20:15:03.924257
2022,Abril,4,1101,1,,122,,449052,,449052,4,4,90,52,,100,,"54.347,35","3.004,00","3.004,00",2026-08-07T20:15:03.924257
2022,Abril,4,1101,1,,122,,449092,,449092,4,4,90,92,,100,,"0,00","0,00","0,00",2026-08-07T20:15:03.924257
2022,Abril,4,1101,1,,126,,339030,,339030,3,3,90,30,,100,,"0,00","1.000,00","1.000,00",2026-08-07T20:15:03.924257
2022,Abril,4,1101,1,,126,,339039,,339039,3,3,90,39,,100,,"0,00","127.357,89","127.357,89",2026-08-07T20:15:03.924257
2022,Abril,4,1101,1,,126,,339040,,339040,3,3,90,40,,100,,"158.000,00","333.339,95","333.339,95",2026-08-07T20:15:03.924257
2022,Abril,4,1101,1,,126,,339092,,339092,3,3,90,92,,100,,"3.055,00","3.055,00","3.055,00",2026-08-07T20:15:03.924257
2022,Abril,4,1101,1,,126,,449040,,449040,4,4,90,40,,100,,"63.014,40","0,00","0,00",2026-08-07T20:15:03.924257
2022,Abril,4,1101,1,,126,,449052,,449052,4,4,90,52,,100,,"0,00","0,00","0,00",2026-08-07T20:15:03.924257
2022,Abril,4,1101,1,,128,,339032,,339032,3,3,90,32,,100,,"0,00","0,00","0,00",2026-08-07T20:15:03.924257
2022,Abril,4,1101,1,,128,,339036,,339036,3,3,90,36,,100,,"14.322,00","14.322,00","14.322,00",2026-08-07T20:15:03.924257
2022,Abril,4,1101,1,,128,,339039,,339039,3,3,90,39,,100,,"10.200,00","55.278,84","54.865,23",2026-08-07T20:15:03.924257
2022,Abril,4,1101,1,,131,,339037,,339037,3,3,90,37,,100,,"0,00","0,00","0,00",2026-08-07T20:15:03.924257
2022,Abril,4,1101,1,,131,,339039,,339039,3,3,90,39,,100,,"0,00","0,00","0,00",2026-08-07T20:15:03.924257
2022,Abril,4,1101,1,,131,,339092,,339092,3,3,90,92,,100,,"0,00","0,00","0,00",2026-08-07T20:15:03.924257
2022,Abril,4,1101,1,,131,,449052,,449052,4,4,90,52,,100,,"0,00","0,00","0,00",2026-08-07T20:15:03.924257
2022,Abril,4,1101,1,,31,,339030,,339030,3,3,90,30,,100,,"0,00","0,00","0,00",2026-08-07T20:15:03.924257
2022,Abril,4,1101,1,,31,,339031,,339031,3,3,90,31,,100,,"0,00","0,00","0,00",2026-08-07T20:15:03.924257
2022,Abril,4,1101,1,,31,,339032,,339032,3,3,90,32,,100,,"0,00","0,00","0,00",2026-08-07T20:15:03.924257
2022,Abril,4,1101,1,,31,,339037,,339037,3,3,90,37,,100,,"0,00","802.622,22","802.622,22",2026-08-07T20:15:03.924257
2022,Abril,4,1101,1,,31,,339039,,339039,3,3,90,39,,100,,"6.731,00","34.422,32","34.422,32",2026-08-07T20:15:03.924257
2022,Abril,4,1101,1,,31,,339139,,339139,3,3,91,39,,100,,"0,00","0,00","0,00",2026-08-07T20:15:03.924257
2022,Abril,4,1101,1,,31,,449052,,449052,4,4,90,52,,100,,"0,00","0,00","0,00",2026-08-07T20:15:03.924257
2022,Abril,4,1101,1,,392,,339031,,339031,3,3,90,31,,100,,"0,00","0,00","0,00",2026-08-07T20:15:03.924257
2022,Abril,4,1101,1,,392,,339036,,339036,3,3,90,36,,100,,"0,00","0,00","0,00",2026-08-07T20:15:03.924257
2022,Abril,4,1101,1,,392,,339039,,339039,3,3,90,39,,100,,"0,00","0,00","0,00",2026-08-07T20:15:03.924257
2022,Abril,4,1101,1,,392,,339092,,339092,3,3,90,92,,100,,"0,00","0,00","0,00",2026-08-07T20:15:03.924257
2022,Abril,4,1101,28,,845,,339139,,339139,3,3,91,39,,100,,"0,00","0,00","0,00",2026-08-07T20:15:03.924257
2022,Abril,4,1101,28,,846,,319091,,319091,3,1,90,91,,100,,"9.133,05","7.841,51","7.841,51",2026-08-07T20:15:03.924257
2022,Abril,4,1101,28,,846,,319092,,319092,3,1,90,92,,100,,"0,00","0,00","0,00",2026-08-07T20:15:03.924257
2022,Abril,4,1101,28,,846,,319094,,319094,3,1,90,94,,100,,"652.294,14","652.294,14","652.294,14",2026-08-07T20:15:03.924257
2022,Abril,4,1101,28,,846,,319096,,319096,3,1,90,96,,100,,"190.970,49","127.394,93","106.131,88",2026-08-07T20:15:03.924257
2022,Abril,4,1101,28,,846,,319192,,319192,3,1,91,92,,100,,"0,00","0,00","0,00",2026-08-07T20:15:03.924257
2022,Abril,4,1101,28,,846,,319196,,319196,3,1,91,96,,100,,"0,00","0,00","0,00",2026-08-07T20:15:03.924257
2022,Abril,4,1101,28,,846,,339091,,339091,3,3,90,91,,100,,"0,00","0,00","0,00",2026-08-07T20:15:03.924257
2022,Abril,4,1101,28,,846,,339092,,339092,3,3,90,92,,100,,"0,00","0,00","0,00",2026-08-07T20:15:03.924257
2022,Abril,4,1101,28,,846,,339093,,339093,3,3,90,93,,100,,"142.787,47","154.994,89","154.994,89",2026-08-07T20:15:03.924257
2022,Abril,4,1101,28,,846,,339192,,339192,3,3,91,92,,100,,"0,00","0,00","0,00",2026-08-07T20:15:03.924257
2022,Abril,4,1101,28,,846,,339193,,339193,3,3,91,93,,100,,"0,00","0,00","0,00",2026-08-07T20:15:03.924257
2022,Maio,5,1101,1,,122,,319007,,319007,3,1,90,07,,100,,"0,00","137.134,78","137.134,78",2026-08-07T20:15:03.924257
2022,Maio,5,1101,1,,122,,319011,,319011,3,1,90,11,,100,,"26.302.585,59","25.899.236,37","25.896.494,33",2026-08-07T20:15:03.924257
2022,Maio,5,1101,1,,122,,319013,,319013,3,1,90,13,,100,,"0,00","2.111.365,94","2.111.365,94",2026-08-07T20:15:03.924257
2022,Maio,5,1101,1,,122,,319016,,319016,3,1,90,16,,100,,"115.251,36","115.251,36","115.251,36",2026-08-07T20:15:03.924257
2022,Maio,5,1101,1,,122,,319092,,319092,3,1,90,92,,100,,"122.003,53","122.003,53","122.003,53",2026-08-07T20:15:03.924257
2022,Maio,5,1101,1,,122,,319113,,319113,3,1,91,13,,100,,"0,00","3.602.674,40","3.602.674,40",2026-08-07T20:15:03.924257
2022,Maio,5,1101,1,,122,,319192,,319192,3,1,91,92,,100,,"0,00","0,00","0,00",2026-08-07T20:15:03.924257
2022,Maio,5,1101,1,,122,,339008,,339008,3,3,90,08,,100,,"331.580,18","330.865,21","330.865,21",2026-08-07T20:15:03.924257
2022,Maio,5,1101,1,,122,,339014,,339014,3,3,90,14,,100,,"0,00","0,00","0,00",2026-08-07T20:15:03.924257
2022,Maio,5,1101,1,,122,,339030,,339030,3,3,90,30,,100,,"68.184,09","367.033,87","367.245,67",2026-08-07T20:15:03.924257
2022,Maio,5,1101,1,,122,,339033,,339033,3,3,90,33,,100,,"0,00","0,00","0,00",2026-08-07T20:15:03.924257
2022,Maio,5,1101,1,,122,,339035,,339035,3,3,90,35,,100,,"0,00","0,00","0,00",2026-08-07T20:15:03.924257
2022,Maio,5,1101,1,,122,,339036,,339036,3,3,90,36,,100,,"0,00","0,00","0,00",2026-08-07T20:15:03.924257
2022,Maio,5,1101,1,,122,,339037,,339037,3,3,90,37,,100,,"298.056,56","1.158.935,09","1.158.935,09",2026-08-07T20:15:03.924257
2022,Maio,5,1101,1,,122,,339039,,339039,3,3,90,39,,100,,"147.139,81","588.981,80","588.981,80",2026-08-07T20:15:03.924257
2022,Maio,5,1101,1,,122,,339046,,339046,3,3,90,46,,100,,"2.526.415,24","2.498.546,68","2.499.223,10",2026-08-07T20:15:03.924257
2022,Maio,5,1101,1,,122,,339047,,339047,3,3,90,47,,100,,"0,00","0,00","0,00",2026-08-07T20:15:03.924257
2022,Maio,5,1101,1,,122,,339049,,339049,3,3,90,49,,100,,"52.088,30","50.692,05","50.108,32",2026-08-07T20:15:03.924257
2022,Maio,5,1101,1,,122,,339092,,339092,3,3,90,92,,100,,"0,00","0,00","0,00",2026-08-07T20:15:03.924257
2022,Maio,5,1101,1,,122,,339093,,339093,3,3,90,93,,100,,"2.132,70","1.972,30","2.898,66",2026-08-07T20:15:03.924257
2022,Maio,5,1101,1,,122,,339139,,339139,3,3,91,39,,100,,"0,00","0,00","0,00",2026-08-07T20:15:03.924257
2022,Maio,5,1101,1,,122,,339147,,339147,3,3,91,47,,100,,"0,00","0,00","0,00",2026-08-07T20:15:03.924257
2022,Maio,5,1101,1,,122,,339192,,339192,3,3,91,92,,100,,"0,00","0,00","0,00",2026-08-07T20:15:03.924257
2022,Maio,5,1101,1,,122,,339193,,339193,3,3,91,93,,100,,"0,00","0,00","0,00",2026-08-07T20:15:03.924257
2022,Maio,5,1101,1,,122,,449051,,449051,4,4,90,51,,100,,"0,00","1.599,67","1.599,67",2026-08-07T20:15:03.924257
2022,Maio,5,1101,1,,122,,449052,,449052,4,4,90,52,,100,,"'-1.469,14","913.076,95","913.076,95",2026-08-07T20:15:03.924257
2022,Maio,5,1101,1,,122,,449092,,449092,4,4,90,92,,100,,"0,00","0,00","0,00",2026-08-07T20:15:03.924257
2022,Maio,5,1101,1,,126,,339030,,339030,3,3,90,30,,100,,"0,00","18.199,40","18.199,40",2026-08-07T20:15:03.924257
2022,Maio,5,1101,1,,126,,339039,,339039,3,3,90,39,,100,,"0,00","357.850,54","357.850,54",2026-08-07T20:15:03.924257
2022,Maio,5,1101,1,,126,,339040,,339040,3,3,90,40,,100,,"587.713,55","678.768,81","678.768,81",2026-08-07T20:15:03.924257
2022,Maio,5,1101,1,,126,,339092,,339092,3,3,90,92,,100,,"0,00","0,00","0,00",2026-08-07T20:15:03.924257
2022,Maio,5,1101,1,,126,,449040,,449040,4,4,90,40,,100,,"1.110.175,00","12.829,52","12.829,52",2026-08-07T20:15:03.924257
2022,Maio,5,1101,1,,126,,449052,,449052,4,4,90,52,,100,,"279.707,00","0,00","0,00",2026-08-07T20:15:03.924257
2022,Maio,5,1101,1,,128,,339032,,339032,3,3,90,32,,100,,"41.175,00","0,00","0,00",2026-08-07T20:15:03.924257
2022,Maio,5,1101,1,,128,,339036,,339036,3,3,90,36,,100,,"21.531,73","18.673,87","18.673,87",2026-08-07T20:15:03.924257
2022,Maio,5,1101,1,,128,,339039,,339039,3,3,90,39,,100,,"216.580,07","15.903,48","16.317,09",2026-08-07T20:15:03.924257
2022,Maio,5,1101,1,,131,,339037,,339037,3,3,90,37,,100,,"0,00","0,00","0,00",2026-08-07T20:15:03.924257
2022,Maio,5,1101,1,,131,,339039,,339039,3,3,90,39,,100,,"0,00","24.055,90","24.055,90",2026-08-07T20:15:03.924257
2022,Maio,5,1101,1,,131,,339092,,339092,3,3,90,92,,100,,"0,00","0,00","0,00",2026-08-07T20:15:03.924257
2022,Maio,5,1101,1,,131,,449052,,449052,4,4,90,52,,100,,"0,00","0,00","0,00",2026-08-07T20:15:03.924257
2022,Maio,5,1101,1,,31,,339030,,339030,3,3,90,30,,100,,"0,00","0,00","0,00",2026-08-07T20:15:03.924257
2022,Maio,5,1101,1,,31,,339031,,339031,3,3,90,31,,100,,"0,00","0,00","0,00",2026-08-07T20:15:03.924257
2022,Maio,5,1101,1,,31,,339032,,339032,3,3,90,32,,100,,"0,00","0,00","0,00",2026-08-07T20:15:03.924257
2022,Maio,5,1101,1,,31,,339037,,339037,3,3,90,37,,100,,"0,00","394.992,32","394.992,32",2026-08-07T20:15:03.924257
2022,Maio,5,1101,1,,31,,339039,,339039,3,3,90,39,,100,,"564.959,99","247.029,53","247.029,53",2026-08-07T20:15:03.924257
2022,Maio,5,1101,1,,31,,339139,,339139,3,3,91,39,,100,,"0,00","0,00","0,00",2026-08-07T20:15:03.924257
2022,Maio,5,1101,1,,31,,449052,,449052,4,4,90,52,,100,,"0,00","0,00","0,00",2026-08-07T20:15:03.924257
2022,Maio,5,1101,1,,392,,339031,,339031,3,3,90,31,,100,,"0,00","0,00","0,00",2026-08-07T20:15:03.924257
2022,Maio,5,1101,1,,392,,339036,,339036,3,3,90,36,,100,,"0,00","0,00","0,00",2026-08-07T20:15:03.924257
2022,Maio,5,1101,1,,392,,339039,,339039,3,3,90,39,,100,,"0,00","0,00","0,00",2026-08-07T20:15:03.924257
2022,Maio,5,1101,1,,392,,339092,,339092,3,3,90,92,,100,,"0,00","0,00","0,00",2026-08-07T20:15:03.924257
2022,Maio,5,1101,28,,845,,339139,,339139,3,3,91,39,,100,,"0,00","0,00","0,00",2026-08-07T20:15:03.924257
2022,Maio,5,1101,28,,846,,319091,,319091,3,1,90,91,,100,,"9.133,05","9.133,05","9.133,05",2026-08-07T20:15:03.924257
2022,Maio,5,1101,28,,846,,319092,,319092,3,1,90,92,,100,,"0,00","0,00","0,00",2026-08-07T20:15:03.924257
2022,Maio,5,1101,28,,846,,319094,,319094,3,1,90,94,,100,,"755.565,94","755.565,94","755.565,94",2026-08-07T20:15:03.924257
2022,Maio,5,1101,28,,846,,319096,,319096,3,1,90,96,,100,,"255.071,99","240.795,87","262.058,92",2026-08-07T20:15:03.924257
2022,Maio,5,1101,28,,846,,319192,,319192,3,1,91,92,,100,,"0,00","0,00","0,00",2026-08-07T20:15:03.924257
2022,Maio,5,1101,28,,846,,319196,,319196,3,1,91,96,,100,,"0,00","0,00","0,00",2026-08-07T20:15:03.924257
2022,Maio,5,1101,28,,846,,339091,,339091,3,3,90,91,,100,,"0,00","0,00","0,00",2026-08-07T20:15:03.924257
2022,Maio,5,1101,28,,846,,339092,,339092,3,3,90,92,,100,,"0,00","0,00","0,00",2026-08-07T20:15:03.924257
2022,Maio,5,1101,28,,846,,339093,,339093,3,3,90,93,,100,,"'-83.474,81","153.078,44","153.078,44",2026-08-07T20:15:03.924257
2022,Maio,5,1101,28,,846,,339192,,339192,3,3,91,92,,100,,"0,00","0,00","0,00",2026-08-07T20:15:03.924257
2022,Maio,5,1101,28,,846,,339193,,339193,3,3,91,93,,100,,"0,00","0,00","0,00",2026-08-07T20:15:03.924257
2022,Junho,6,1101,1,,122,,319007,,319007,3,1,90,07,,100,,"0,00","136.326,44","136.326,44",2026-08-07T20:15:03.924257
2022,Junho,6,1101,1,,122,,319011,,319011,3,1,90,11,,100,,"32.861.456,65","32.784.620,90","32.785.427,71",2026-08-07T20:15:03.924257
2022,Junho,6,1101,1,,122,,319013,,319013,3,1,90,13,,100,,"0,00","2.120.290,05","2.120.290,05",2026-08-07T20:15:03.924257
2022,Junho,6,1101,1,,122,,319016,,319016,3,1,90,16,,100,,"114.068,50","114.068,50","114.068,50",2026-08-07T20:15:03.924257
2022,Junho,6,1101,1,,122,,319092,,319092,3,1,90,92,,100,,"28.697,72","28.697,72","28.697,72",2026-08-07T20:15:03.924257
2022,Junho,6,1101,1,,122,,319113,,319113,3,1,91,13,,100,,"0,00","3.612.591,06","3.612.591,06",2026-08-07T20:15:03.924257
2022,Junho,6,1101,1,,122,,319192,,319192,3,1,91,92,,100,,"0,00","0,00","0,00",2026-08-07T20:15:03.924257
2022,Junho,6,1101,1,,122,,339008,,339008,3,3,90,08,,100,,"324.861,06","322.878,71","322.878,71",2026-08-07T20:15:03.924257
2022,Junho,6,1101,1,,122,,339014,,339014,3,3,90,14,,100,,"0,00","0,00","0,00",2026-08-07T20:15:03.924257
2022,Junho,6,1101,1,,122,,339030,,339030,3,3,90,30,,100,,"148.209,00","77.249,87","77.249,87",2026-08-07T20:15:03.924257
2022,Junho,6,1101,1,,122,,339033,,339033,3,3,90,33,,100,,"0,00","0,00","0,00",2026-08-07T20:15:03.924257
2022,Junho,6,1101,1,,122,,339035,,339035,3,3,90,35,,100,,"0,00","0,00","0,00",2026-08-07T20:15:03.924257
2022,Junho,6,1101,1,,122,,339036,,339036,3,3,90,36,,100,,"0,00","0,00","0,00",2026-08-07T20:15:03.924257
2022,Junho,6,1101,1,,122,,339037,,339037,3,3,90,37,,100,,"0,00","743.808,98","743.808,98",2026-08-07T20:15:03.924257
2022,Junho,6,1101,1,,122,,339039,,339039,3,3,90,39,,100,,"1.228.751,83","863.960,72","776.798,36",2026-08-07T20:15:03.924257
2022,Junho,6,1101,1,,122,,339046,,339046,3,3,90,46,,100,,"2.524.321,37","2.490.765,84","2.488.119,29",2026-08-07T20:15:03.924257
2022,Junho,6,1101,1,,122,,339047,,339047,3,3,90,47,,100,,"0,00","0,00","0,00",2026-08-07T20:15:03.924257
2022,Junho,6,1101,1,,122,,339049,,339049,3,3,90,49,,100,,"47.676,03","47.222,30","46.515,21",2026-08-07T20:15:03.924257
2022,Junho,6,1101,1,,122,,339092,,339092,3,3,90,92,,100,,"0,00","0,00","0,00",2026-08-07T20:15:03.924257
2022,Junho,6,1101,1,,122,,339093,,339093,3,3,90,93,,100,,"6.353,72","6.514,12","6.514,12",2026-08-07T20:15:03.924257
2022,Junho,6,1101,1,,122,,339139,,339139,3,3,91,39,,100,,"0,00","0,00","0,00",2026-08-07T20:15:03.924257
2022,Junho,6,1101,1,,122,,339147,,339147,3,3,91,47,,100,,"0,00","0,00","0,00",2026-08-07T20:15:03.924257
2022,Junho,6,1101,1,,122,,339192,,339192,3,3,91,92,,100,,"0,00","0,00","0,00",2026-08-07T20:15:03.924257
2022,Junho,6,1101,1,,122,,339193,,339193,3,3,91,93,,100,,"0,00","0,00","0,00",2026-08-07T20:15:03.924257
2022,Junho,6,1101,1,,122,,449051,,449051,4,4,90,51,,100,,"0,00","1.599,67","1.599,67",2026-08-07T20:15:03.924257
2022,Junho,6,1101,1,,122,,449052,,449052,4,4,90,52,,100,,"148.600,00","1.610,13","1.610,13",2026-08-07T20:15:03.924257
2022,Junho,6,1101,1,,122,,449092,,449092,4,4,90,92,,100,,"0,00","0,00","0,00",2026-08-07T20:15:03.924257
2022,Junho,6,1101,1,,126,,339030,,339030,3,3,90,30,,100,,"0,00","0,00","0,00",2026-08-07T20:15:03.924257
2022,Junho,6,1101,1,,126,,339039,,339039,3,3,90,39,,100,,"0,00","63.616,59","63.616,59",2026-08-07T20:15:03.924257
2022,Junho,6,1101,1,,126,,339040,,339040,3,3,90,40,,100,,"1.066.068,26","369.529,91","366.329,91",2026-08-07T20:15:03.924257
2022,Junho,6,1101,1,,126,,339092,,339092,3,3,90,92,,100,,"0,00","0,00","0,00",2026-08-07T20:15:03.924257
2022,Junho,6,1101,1,,126,,449040,,449040,4,4,90,40,,100,,"0,00","14.423,29","14.423,29",2026-08-07T20:15:03.924257
2022,Junho,6,1101,1,,126,,449052,,449052,4,4,90,52,,100,,"0,00","0,00","0,00",2026-08-07T20:15:03.924257
2022,Junho,6,1101,1,,128,,339032,,339032,3,3,90,32,,100,,"0,00","0,00","0,00",2026-08-07T20:15:03.924257
2022,Junho,6,1101,1,,128,,339036,,339036,3,3,90,36,,100,,"43.091,56","27.822,71","27.173,90",2026-08-07T20:15:03.924257
2022,Junho,6,1101,1,,128,,339039,,339039,3,3,90,39,,100,,"7.100,51","10.308,95","10.308,95",2026-08-07T20:15:03.924257
2022,Junho,6,1101,1,,131,,339037,,339037,3,3,90,37,,100,,"0,00","0,00","0,00",2026-08-07T20:15:03.924257
2022,Junho,6,1101,1,,131,,339039,,339039,3,3,90,39,,100,,"0,00","0,00","0,00",2026-08-07T20:15:03.924257
2022,Junho,6,1101,1,,131,,339092,,339092,3,3,90,92,,100,,"0,00","0,00","0,00",2026-08-07T20:15:03.924257
2022,Junho,6,1101,1,,131,,449052,,449052,4,4,90,52,,100,,"0,00","0,00","0,00",2026-08-07T20:15:03.924257
2022,Junho,6,1101,1,,31,,339030,,339030,3,3,90,30,,100,,"0,00","0,00","0,00",2026-08-07T20:15:03.924257
2022,Junho,6,1101,1,,31,,339031,,339031,3,3,90,31,,100,,"0,00","0,00","0,00",2026-08-07T20:15:03.924257
2022,Junho,6,1101,1,,31,,339032,,339032,3,3,90,32,,100,,"0,00","0,00","0,00",2026-08-07T20:15:03.924257
2022,Junho,6,1101,1,,31,,339037,,339037,3,3,90,37,,100,,"'-304.713,36","394.992,32","394.992,32",2026-08-07T20:15:03.924257
2022,Junho,6,1101,1,,31,,339039,,339039,3,3,90,39,,100,,"5.342,67","1.037.609,04","1.037.609,04",2026-08-07T20:15:03.924257
2022,Junho,6,1101,1,,31,,339139,,339139,3,3,91,39,,100,,"0,00","0,00","0,00",2026-08-07T20:15:03.924257
2022,Junho,6,1101,1,,31,,449052,,449052,4,4,90,52,,100,,"0,00","0,00","0,00",2026-08-07T20:15:03.924257
2022,Junho,6,1101,1,,392,,339031,,339031,3,3,90,31,,100,,"0,00","0,00","0,00",2026-08-07T20:15:03.924257
2022,Junho,6,1101,1,,392,,339036,,339036,3,3,90,36,,100,,"0,00","0,00","0,00",2026-08-07T20:15:03.924257
2022,Junho,6,1101,1,,392,,339039,,339039,3,3,90,39,,100,,"0,00","0,00","0,00",2026-08-07T20:15:03.924257
2022,Junho,6,1101,1,,392,,339092,,339092,3,3,90,92,,100,,"0,00","0,00","0,00",2026-08-07T20:15:03.924257
2022,Junho,6,1101,28,,845,,339139,,339139,3,3,91,39,,100,,"0,00","0,00","0,00",2026-08-07T20:15:03.924257
2022,Junho,6,1101,28,,846,,319091,,319091,3,1,90,91,,100,,"9.133,05","9.133,05","9.133,05",2026-08-07T20:15:03.924257
2022,Junho,6,1101,28,,846,,319092,,319092,3,1,90,92,,100,,"0,00","0,00","0,00",2026-08-07T20:15:03.924257
2022,Junho,6,1101,28,,846,,319094,,319094,3,1,90,94,,100,,"797.588,20","797.588,20","797.588,20",2026-08-07T20:15:03.924257
2022,Junho,6,1101,28,,846,,319096,,319096,3,1,90,96,,100,,"123.719,02","108.189,33","108.189,33",2026-08-07T20:15:03.924257
2022,Junho,6,1101,28,,846,,319192,,319192,3,1,91,92,,100,,"0,00","0,00","0,00",2026-08-07T20:15:03.924257
2022,Junho,6,1101,28,,846,,319196,,319196,3,1,91,96,,100,,"0,00","0,00","0,00",2026-08-07T20:15:03.924257
2022,Junho,6,1101,28,,846,,339091,,339091,3,3,90,91,,100,,"0,00","0,00","0,00",2026-08-07T20:15:03.924257
2022,Junho,6,1101,28,,846,,339092,,339092,3,3,90,92,,100,,"0,00","0,00","0,00",2026-08-07T20:15:03.924257
2022,Junho,6,1101,28,,846,,339093,,339093,3,3,90,93,,100,,"0,00","172.714,29","172.714,29",2026-08-07T20:15:03.924257
2022,Junho,6,1101,28,,846,,339192,,339192,3,3,91,92,,100,,"0,00","0,00","0,00",2026-08-07T20:15:03.924257
2022,Junho,6,1101,28,,846,,339193,,339193,3,3,91,93,,100,,"0,00","0,00","0,00",2026-08-07T20:15:03.924257
2022,Julho,7,1101,1,,122,,319007,,319007,3,1,90,07,,100,,"0,00","153.522,18","153.522,18",2026-08-07T20:15:03.924257
2022,Julho,7,1101,1,,122,,319011,,319011,3,1,90,11,,100,,"26.578.122,06","26.280.955,10","26.277.206,27",2026-08-07T20:15:03.924257
2022,Julho,7,1101,1,,122,,319013,,319013,3,1,90,13,,100,,"0,00","2.150.499,05","2.150.499,05",2026-08-07T20:15:03.924257
2022,Julho,7,1101,1,,122,,319016,,319016,3,1,90,16,,100,,"165.366,17","165.366,17","165.366,17",2026-08-07T20:15:03.924257
2022,Julho,7,1101,1,,122,,319092,,319092,3,1,90,92,,100,,"5.088,65","5.088,65","5.088,65",2026-08-07T20:15:03.924257
2022,Julho,7,1101,1,,122,,319113,,319113,3,1,91,13,,100,,"0,00","3.659.813,00","3.659.813,00",2026-08-07T20:15:03.924257
2022,Julho,7,1101,1,,122,,319192,,319192,3,1,91,92,,100,,"0,00","0,00","0,00",2026-08-07T20:15:03.924257
2022,Julho,7,1101,1,,122,,339008,,339008,3,3,90,08,,100,,"328.123,98","328.123,98","328.123,98",2026-08-07T20:15:03.924257
2022,Julho,7,1101,1,,122,,339014,,339014,3,3,90,14,,100,,"0,00","0,00","0,00",2026-08-07T20:15:03.924257
2022,Julho,7,1101,1,,122,,339030,,339030,3,3,90,30,,100,,"0,00","72.843,40","72.843,40",2026-08-07T20:15:03.924257
2022,Julho,7,1101,1,,122,,339033,,339033,3,3,90,33,,100,,"0,00","0,00","0,00",2026-08-07T20:15:03.924257
2022,Julho,7,1101,1,,122,,339035,,339035,3,3,90,35,,100,,"0,00","0,00","0,00",2026-08-07T20:15:03.924257
2022,Julho,7,1101,1,,122,,339036,,339036,3,3,90,36,,100,,"0,00","0,00","0,00",2026-08-07T20:15:03.924257
2022,Julho,7,1101,1,,122,,339037,,339037,3,3,90,37,,100,,"1.177.163,79","697.408,14","697.408,14",2026-08-07T20:15:03.924257
2022,Julho,7,1101,1,,122,,339039,,339039,3,3,90,39,,100,,"2.349,06","613.107,77","700.270,13",2026-08-07T20:15:03.924257
2022,Julho,7,1101,1,,122,,339046,,339046,3,3,90,46,,100,,"2.644.101,94","2.616.590,23","2.615.041,29",2026-08-07T20:15:03.924257
2022,Julho,7,1101,1,,122,,339047,,339047,3,3,90,47,,100,,"0,00","1.426,27","1.426,27",2026-08-07T20:15:03.924257
2022,Julho,7,1101,1,,122,,339049,,339049,3,3,90,49,,100,,"48.064,14","46.672,56","46.943,30",2026-08-07T20:15:03.924257
2022,Julho,7,1101,1,,122,,339092,,339092,3,3,90,92,,100,,"0,00","0,00","0,00",2026-08-07T20:15:03.924257
2022,Julho,7,1101,1,,122,,339093,,339093,3,3,90,93,,100,,"1.809,85","1.809,85","1.809,85",2026-08-07T20:15:03.924257
2022,Julho,7,1101,1,,122,,339139,,339139,3,3,91,39,,100,,"0,00","0,00","0,00",2026-08-07T20:15:03.924257
2022,Julho,7,1101,1,,122,,339147,,339147,3,3,91,47,,100,,"0,00","0,00","0,00",2026-08-07T20:15:03.924257
2022,Julho,7,1101,1,,122,,339192,,339192,3,3,91,92,,100,,"0,00","0,00","0,00",2026-08-07T20:15:03.924257
2022,Julho,7,1101,1,,122,,339193,,339193,3,3,91,93,,100,,"0,00","0,00","0,00",2026-08-07T20:15:03.924257
2022,Julho,7,1101,1,,122,,449051,,449051,4,4,90,51,,100,,"0,00","1.599,67","1.599,67",2026-08-07T20:15:03.924257
2022,Julho,7,1101,1,,122,,449052,,449052,4,4,90,52,,100,,"320.000,00","21.499,96","21.499,96",2026-08-07T20:15:03.924257
2022,Julho,7,1101,1,,122,,449092,,449092,4,4,90,92,,100,,"0,00","0,00","0,00",2026-08-07T20:15:03.924257
2022,Julho,7,1101,1,,126,,339030,,339030,3,3,90,30,,100,,"0,00","0,00","0,00",2026-08-07T20:15:03.924257
2022,Julho,7,1101,1,,126,,339039,,339039,3,3,90,39,,100,,"0,00","158.170,59","158.170,59",2026-08-07T20:15:03.924257
2022,Julho,7,1101,1,,126,,339040,,339040,3,3,90,40,,100,,"9.488,30","155.861,74","159.061,74",2026-08-07T20:15:03.924257
2022,Julho,7,1101,1,,126,,339092,,339092,3,3,90,92,,100,,"0,00","0,00","0,00",2026-08-07T20:15:03.924257
2022,Julho,7,1101,1,,126,,449040,,449040,4,4,90,40,,100,,"21.205,97","8.698,40","8.698,40",2026-08-07T20:15:03.924257
2022,Julho,7,1101,1,,126,,449052,,449052,4,4,90,52,,100,,"0,00","0,00","0,00",2026-08-07T20:15:03.924257
2022,Julho,7,1101,1,,128,,339032,,339032,3,3,90,32,,100,,"0,00","6.484,30","6.484,30",2026-08-07T20:15:03.924257
2022,Julho,7,1101,1,,128,,339036,,339036,3,3,90,36,,100,,"11.512,68","33.041,88","32.131,51",2026-08-07T20:15:03.924257
2022,Julho,7,1101,1,,128,,339039,,339039,3,3,90,39,,100,,"8.650,00","51.866,65","51.866,65",2026-08-07T20:15:03.924257
2022,Julho,7,1101,1,,131,,339037,,339037,3,3,90,37,,100,,"0,00","0,00","0,00",2026-08-07T20:15:03.924257
2022,Julho,7,1101,1,,131,,339039,,339039,3,3,90,39,,100,,"0,00","12.027,95","12.027,95",2026-08-07T20:15:03.924257
2022,Julho,7,1101,1,,131,,339092,,339092,3,3,90,92,,100,,"0,00","0,00","0,00",2026-08-07T20:15:03.924257
2022,Julho,7,1101,1,,131,,449052,,449052,4,4,90,52,,100,,"0,00","0,00","0,00",2026-08-07T20:15:03.924257
2022,Julho,7,1101,1,,31,,339030,,339030,3,3,90,30,,100,,"0,00","0,00","0,00",2026-08-07T20:15:03.924257
2022,Julho,7,1101,1,,31,,339031,,339031,3,3,90,31,,100,,"0,00","0,00","0,00",2026-08-07T20:15:03.924257
2022,Julho,7,1101,1,,31,,339032,,339032,3,3,90,32,,100,,"0,00","0,00","0,00",2026-08-07T20:15:03.924257
2022,Julho,7,1101,1,,31,,339037,,339037,3,3,90,37,,100,,"0,00","394.992,32","394.992,32",2026-08-07T20:15:03.924257
2022,Julho,7,1101,1,,31,,339039,,339039,3,3,90,39,,100,,"4.370,66","2.347.308,69","2.347.308,69",2026-08-07T20:15:03.924257
2022,Julho,7,1101,1,,31,,339139,,339139,3,3,91,39,,100,,"0,00","0,00","0,00",2026-08-07T20:15:03.924257
2022,Julho,7,1101,1,,31,,449052,,449052,4,4,90,52,,100,,"0,00","0,00","0,00",2026-08-07T20:15:03.924257
2022,Julho,7,1101,1,,392,,339031,,339031,3,3,90,31,,100,,"0,00","0,00","0,00",2026-08-07T20:15:03.924257
2022,Julho,7,1101,1,,392,,339036,,339036,3,3,90,36,,100,,"0,00","0,00","0,00",2026-08-07T20:15:03.924257
2022,Julho,7,1101,1,,392,,339039,,339039,3,3,90,39,,100,,"0,00","0,00","0,00",2026-08-07T20:15:03.924257
2022,Julho,7,1101,1,,392,,339092,,339092,3,3,90,92,,100,,"0,00","0,00","0,00",2026-08-07T20:15:03.924257
2022,Julho,7,1101,28,,845,,339139,,339139,3,3,91,39,,100,,"0,00","0,00","0,00",2026-08-07T20:15:03.924257
2022,Julho,7,1101,28,,846,,319091,,319091,3,1,90,91,,100,,"9.133,05","9.133,05","9.133,05",2026-08-07T20:15:03.924257
2022,Julho,7,1101,28,,846,,319092,,319092,3,1,90,92,,100,,"0,00","0,00","0,00",2026-08-07T20:15:03.924257
2022,Julho,7,1101,28,,846,,319094,,319094,3,1,90,94,,100,,"507.844,53","507.529,75","507.529,75",2026-08-07T20:15:03.924257
2022,Julho,7,1101,28,,846,,319096,,319096,3,1,90,96,,100,,"0,00","155.036,08","155.036,08",2026-08-07T20:15:03.924257
2022,Julho,7,1101,28,,846,,319192,,319192,3,1,91,92,,100,,"0,00","0,00","0,00",2026-08-07T20:15:03.924257
2022,Julho,7,1101,28,,846,,319196,,319196,3,1,91,96,,100,,"0,00","0,00","0,00",2026-08-07T20:15:03.924257
2022,Julho,7,1101,28,,846,,339091,,339091,3,3,90,91,,100,,"0,00","0,00","0,00",2026-08-07T20:15:03.924257
2022,Julho,7,1101,28,,846,,339092,,339092,3,3,90,92,,100,,"0,00","0,00","0,00",2026-08-07T20:15:03.924257
2022,Julho,7,1101,28,,846,,339093,,339093,3,3,90,93,,100,,"0,00","164.713,31","164.713,31",2026-08-07T20:15:03.924257
2022,Julho,7,1101,28,,846,,339192,,339192,3,3,91,92,,100,,"0,00","0,00","0,00",2026-08-07T20:15:03.924257
2022,Julho,7,1101,28,,846,,339193,,339193,3,3,91,93,,100,,"0,00","0,00","0,00",2026-08-07T20:15:03.924257
2022,Agosto,8,1101,1,,122,,319007,,319007,3,1,90,07,,100,,"0,00","181.264,69","181.264,69",2026-08-07T20:15:03.924257
2022,Agosto,8,1101,1,,122,,319011,,319011,3,1,90,11,,100,,"28.021.963,79","27.988.788,49","27.975.513,03",2026-08-07T20:15:03.924257
2022,Agosto,8,1101,1,,122,,319013,,319013,3,1,90,13,,100,,"0,00","2.190.273,11","2.190.273,11",2026-08-07T20:15:03.924257
2022,Agosto,8,1101,1,,122,,319016,,319016,3,1,90,16,,100,,"80.231,84","80.231,84","80.231,84",2026-08-07T20:15:03.924257
2022,Agosto,8,1101,1,,122,,319092,,319092,3,1,90,92,,100,,"0,00","0,00","0,00",2026-08-07T20:15:03.924257
2022,Agosto,8,1101,1,,122,,319113,,319113,3,1,91,13,,100,,"0,00","3.722.887,46","3.722.887,46",2026-08-07T20:15:03.924257
2022,Agosto,8,1101,1,,122,,319192,,319192,3,1,91,92,,100,,"0,00","0,00","0,00",2026-08-07T20:15:03.924257
2022,Agosto,8,1101,1,,122,,339008,,339008,3,3,90,08,,100,,"349.870,26","349.870,26","349.870,26",2026-08-07T20:15:03.924257
2022,Agosto,8,1101,1,,122,,339014,,339014,3,3,90,14,,100,,"0,00","0,00","0,00",2026-08-07T20:15:03.924257
2022,Agosto,8,1101,1,,122,,339030,,339030,3,3,90,30,,100,,"245.067,94","64.883,18","64.883,18",2026-08-07T20:15:03.924257
2022,Agosto,8,1101,1,,122,,339033,,339033,3,3,90,33,,100,,"0,00","0,00","0,00",2026-08-07T20:15:03.924257
2022,Agosto,8,1101,1,,122,,339035,,339035,3,3,90,35,,100,,"0,00","0,00","0,00",2026-08-07T20:15:03.924257
2022,Agosto,8,1101,1,,122,,339036,,339036,3,3,90,36,,100,,"0,00","0,00","0,00",2026-08-07T20:15:03.924257
2022,Agosto,8,1101,1,,122,,339037,,339037,3,3,90,37,,100,,"0,00","976.717,48","976.717,48",2026-08-07T20:15:03.924257
2022,Agosto,8,1101,1,,122,,339039,,339039,3,3,90,39,,100,,"45.420,53","440.657,01","440.657,01",2026-08-07T20:15:03.924257
2022,Agosto,8,1101,1,,122,,339046,,339046,3,3,90,46,,100,,"2.598.862,17","2.573.372,56","2.573.110,06",2026-08-07T20:15:03.924257
2022,Agosto,8,1101,1,,122,,339047,,339047,3,3,90,47,,100,,"0,00","4.305,84","4.305,84",2026-08-07T20:15:03.924257
2022,Agosto,8,1101,1,,122,,339049,,339049,3,3,90,49,,100,,"39.540,84","39.170,57","39.715,14",2026-08-07T20:15:03.924257
2022,Agosto,8,1101,1,,122,,339092,,339092,3,3,90,92,,100,,"0,00","0,00","0,00",2026-08-07T20:15:03.924257
2022,Agosto,8,1101,1,,122,,339093,,339093,3,3,90,93,,100,,"7.597,62","7.535,12","7.535,12",2026-08-07T20:15:03.924257
2022,Agosto,8,1101,1,,122,,339139,,339139,3,3,91,39,,100,,"0,00","0,00","0,00",2026-08-07T20:15:03.924257
2022,Agosto,8,1101,1,,122,,339147,,339147,3,3,91,47,,100,,"0,00","0,00","0,00",2026-08-07T20:15:03.924257
2022,Agosto,8,1101,1,,122,,339192,,339192,3,3,91,92,,100,,"0,00","0,00","0,00",2026-08-07T20:15:03.924257
2022,Agosto,8,1101,1,,122,,339193,,339193,3,3,91,93,,100,,"0,00","0,00","0,00",2026-08-07T20:15:03.924257
2022,Agosto,8,1101,1,,122,,449051,,449051,4,4,90,51,,100,,"0,00","1.599,67","1.599,67",2026-08-07T20:15:03.924257
2022,Agosto,8,1101,1,,122,,449052,,449052,4,4,90,52,,100,,"0,00","669.600,00","669.600,00",2026-08-07T20:15:03.924257
2022,Agosto,8,1101,1,,122,,449092,,449092,4,4,90,92,,100,,"0,00","0,00","0,00",2026-08-07T20:15:03.924257
2022,Agosto,8,1101,1,,126,,339030,,339030,3,3,90,30,,100,,"84.992,00","0,00","0,00",2026-08-07T20:15:03.924257
2022,Agosto,8,1101,1,,126,,339039,,339039,3,3,90,39,,100,,"0,00","145.681,92","145.681,92",2026-08-07T20:15:03.924257
2022,Agosto,8,1101,1,,126,,339040,,339040,3,3,90,40,,100,,"206.987,72","569.044,86","569.044,86",2026-08-07T20:15:03.924257
2022,Agosto,8,1101,1,,126,,339092,,339092,3,3,90,92,,100,,"0,00","0,00","0,00",2026-08-07T20:15:03.924257
2022,Agosto,8,1101,1,,126,,449040,,449040,4,4,90,40,,100,,"212.762,47","3.898,83","3.898,83",2026-08-07T20:15:03.924257
2022,Agosto,8,1101,1,,126,,449052,,449052,4,4,90,52,,100,,"0,00","279.707,00","279.707,00",2026-08-07T20:15:03.924257
2022,Agosto,8,1101,1,,128,,339032,,339032,3,3,90,32,,100,,"0,00","0,00","0,00",2026-08-07T20:15:03.924257
2022,Agosto,8,1101,1,,128,,339036,,339036,3,3,90,36,,100,,"961,53","0,00","1.559,18",2026-08-07T20:15:03.924257
2022,Agosto,8,1101,1,,128,,339039,,339039,3,3,90,39,,100,,"36.454,00","6.403,49","6.403,49",2026-08-07T20:15:03.924257
2022,Agosto,8,1101,1,,131,,339037,,339037,3,3,90,37,,100,,"0,00","0,00","0,00",2026-08-07T20:15:03.924257
2022,Agosto,8,1101,1,,131,,339039,,339039,3,3,90,39,,100,,"0,00","0,00","0,00",2026-08-07T20:15:03.924257
2022,Agosto,8,1101,1,,131,,339092,,339092,3,3,90,92,,100,,"0,00","0,00","0,00",2026-08-07T20:15:03.924257
2022,Agosto,8,1101,1,,131,,449052,,449052,4,4,90,52,,100,,"0,00","0,00","0,00",2026-08-07T20:15:03.924257
2022,Agosto,8,1101,1,,31,,339030,,339030,3,3,90,30,,100,,"0,00","0,00","0,00",2026-08-07T20:15:03.924257
2022,Agosto,8,1101,1,,31,,339031,,339031,3,3,90,31,,100,,"0,00","0,00","0,00",2026-08-07T20:15:03.924257
2022,Agosto,8,1101,1,,31,,339032,,339032,3,3,90,32,,100,,"0,00","0,00","0,00",2026-08-07T20:15:03.924257
2022,Agosto,8,1101,1,,31,,339037,,339037,3,3,90,37,,100,,"2.548.245,00","0,00","0,00",2026-08-07T20:15:03.924257
2022,Agosto,8,1101,1,,31,,339039,,339039,3,3,90,39,,100,,"43.458,26","4.637.776,82","4.637.776,82",2026-08-07T20:15:03.924257
2022,Agosto,8,1101,1,,31,,339139,,339139,3,3,91,39,,100,,"0,00","0,00","0,00",2026-08-07T20:15:03.924257
2022,Agosto,8,1101,1,,31,,449052,,449052,4,4,90,52,,100,,"0,00","0,00","0,00",2026-08-07T20:15:03.924257
2022,Agosto,8,1101,1,,392,,339031,,339031,3,3,90,31,,100,,"0,00","0,00","0,00",2026-08-07T20:15:03.924257
2022,Agosto,8,1101,1,,392,,339036,,339036,3,3,90,36,,100,,"0,00","0,00","0,00",2026-08-07T20:15:03.924257
2022,Agosto,8,1101,1,,392,,339039,,339039,3,3,90,39,,100,,"0,00","0,00","0,00",2026-08-07T20:15:03.924257
2022,Agosto,8,1101,1,,392,,339092,,339092,3,3,90,92,,100,,"0,00","0,00","0,00",2026-08-07T20:15:03.924257
2022,Agosto,8,1101,28,,845,,339139,,339139,3,3,91,39,,100,,"0,00","0,00","0,00",2026-08-07T20:15:03.924257
2022,Agosto,8,1101,28,,846,,319091,,319091,3,1,90,91,,100,,"9.133,05","9.133,05","9.133,05",2026-08-07T20:15:03.924257
2022,Agosto,8,1101,28,,846,,319092,,319092,3,1,90,92,,100,,"0,00","0,00","0,00",2026-08-07T20:15:03.924257
2022,Agosto,8,1101,28,,846,,319094,,319094,3,1,90,94,,100,,"256.883,67","256.883,67","256.883,67",2026-08-07T20:15:03.924257
2022,Agosto,8,1101,28,,846,,319096,,319096,3,1,90,96,,100,,"0,00","182.349,48","182.349,48",2026-08-07T20:15:03.924257
2022,Agosto,8,1101,28,,846,,319192,,319192,3,1,91,92,,100,,"0,00","0,00","0,00",2026-08-07T20:15:03.924257
2022,Agosto,8,1101,28,,846,,319196,,319196,3,1,91,96,,100,,"0,00","0,00","0,00",2026-08-07T20:15:03.924257
2022,Agosto,8,1101,28,,846,,339091,,339091,3,3,90,91,,100,,"0,00","0,00","0,00",2026-08-07T20:15:03.924257
2022,Agosto,8,1101,28,,846,,339092,,339092,3,3,90,92,,100,,"0,00","0,00","0,00",2026-08-07T20:15:03.924257
2022,Agosto,8,1101,28,,846,,339093,,339093,3,3,90,93,,100,,"481.710,12","594.971,18","594.971,18",2026-08-07T20:15:03.924257
2022,Agosto,8,1101,28,,846,,339192,,339192,3,3,91,92,,100,,"0,00","0,00","0,00",2026-08-07T20:15:03.924257
2022,Agosto,8,1101,28,,846,,339193,,339193,3,3,91,93,,100,,"0,00","0,00","0,00",2026-08-07T20:15:03.924257
2022,Setembro,9,1101,1,,122,,319007,,319007,3,1,90,07,,100,,"0,00","175.278,10","175.278,10",2026-08-07T20:15:03.924257
2022,Setembro,9,1101,1,,122,,319011,,319011,3,1,90,11,,100,,"27.020.568,50","26.828.349,86","26.840.149,50",2026-08-07T20:15:03.924257
2022,Setembro,9,1101,1,,122,,319013,,319013,3,1,90,13,,100,,"0,00","2.310.542,88","2.310.542,88",2026-08-07T20:15:03.924257
2022,Setembro,9,1101,1,,122,,319016,,319016,3,1,90,16,,100,,"124.229,81","124.229,81","124.229,81",2026-08-07T20:15:03.924257
2022,Setembro,9,1101,1,,122,,319092,,319092,3,1,90,92,,100,,"0,00","0,00","0,00",2026-08-07T20:15:03.924257
2022,Setembro,9,1101,1,,122,,319113,,319113,3,1,91,13,,100,,"0,00","3.746.417,06","3.746.417,06",2026-08-07T20:15:03.924257
2022,Setembro,9,1101,1,,122,,319192,,319192,3,1,91,92,,100,,"0,00","0,00","0,00",2026-08-07T20:15:03.924257
2022,Setembro,9,1101,1,,122,,339008,,339008,3,3,90,08,,100,,"359.180,31","359.180,31","359.180,31",2026-08-07T20:15:03.924257
2022,Setembro,9,1101,1,,122,,339014,,339014,3,3,90,14,,100,,"0,00","0,00","0,00",2026-08-07T20:15:03.924257
2022,Setembro,9,1101,1,,122,,339030,,339030,3,3,90,30,,100,,"21.946,20","68.104,75","65.527,68",2026-08-07T20:15:03.924257
2022,Setembro,9,1101,1,,122,,339033,,339033,3,3,90,33,,100,,"0,00","0,00","0,00",2026-08-07T20:15:03.924257
2022,Setembro,9,1101,1,,122,,339035,,339035,3,3,90,35,,100,,"0,00","0,00","0,00",2026-08-07T20:15:03.924257
2022,Setembro,9,1101,1,,122,,339036,,339036,3,3,90,36,,100,,"0,00","0,00","0,00",2026-08-07T20:15:03.924257
2022,Setembro,9,1101,1,,122,,339037,,339037,3,3,90,37,,100,,"0,00","997.685,53","997.685,53",2026-08-07T20:15:03.924257
2022,Setembro,9,1101,1,,122,,339039,,339039,3,3,90,39,,100,,"'-15.714,27","360.508,58","360.508,58",2026-08-07T20:15:03.924257
2022,Setembro,9,1101,1,,122,,339046,,339046,3,3,90,46,,100,,"2.606.012,89","2.586.736,98","2.585.311,63",2026-08-07T20:15:03.924257
2022,Setembro,9,1101,1,,122,,339047,,339047,3,3,90,47,,100,,"1.608,00","1.608,00","1.608,00",2026-08-07T20:15:03.924257
2022,Setembro,9,1101,1,,122,,339049,,339049,3,3,90,49,,100,,"29.316,28","28.634,06","29.952,53",2026-08-07T20:15:03.924257
2022,Setembro,9,1101,1,,122,,339092,,339092,3,3,90,92,,100,,"1.314,72","1.314,72","1.314,72",2026-08-07T20:15:03.924257
2022,Setembro,9,1101,1,,122,,339093,,339093,3,3,90,93,,100,,"3.294,71","3.357,21","3.061,47",2026-08-07T20:15:03.924257
2022,Setembro,9,1101,1,,122,,339139,,339139,3,3,91,39,,100,,"0,00","0,00","0,00",2026-08-07T20:15:03.924257
2022,Setembro,9,1101,1,,122,,339147,,339147,3,3,91,47,,100,,"0,00","0,00","0,00",2026-08-07T20:15:03.924257
2022,Setembro,9,1101,1,,122,,339192,,339192,3,3,91,92,,100,,"0,00","0,00","0,00",2026-08-07T20:15:03.924257
2022,Setembro,9,1101,1,,122,,339193,,339193,3,3,91,93,,100,,"0,00","0,00","0,00",2026-08-07T20:15:03.924257
2022,Setembro,9,1101,1,,122,,449051,,449051,4,4,90,51,,100,,"0,00","1.599,67","1.599,67",2026-08-07T20:15:03.924257
2022,Setembro,9,1101,1,,122,,449052,,449052,4,4,90,52,,100,,"800,00","0,00","0,00",2026-08-07T20:15:03.924257
2022,Setembro,9,1101,1,,122,,449092,,449092,4,4,90,92,,100,,"0,00","0,00","0,00",2026-08-07T20:15:03.924257
2022,Setembro,9,1101,1,,126,,339030,,339030,3,3,90,30,,100,,"0,00","84.992,00","84.992,00",2026-08-07T20:15:03.924257
2022,Setembro,9,1101,1,,126,,339039,,339039,3,3,90,39,,100,,"0,00","146.169,02","146.169,02",2026-08-07T20:15:03.924257
2022,Setembro,9,1101,1,,126,,339040,,339040,3,3,90,40,,100,,"0,00","159.446,46","159.446,46",2026-08-07T20:15:03.924257
2022,Setembro,9,1101,1,,126,,339092,,339092,3,3,90,92,,100,,"0,00","0,00","0,00",2026-08-07T20:15:03.924257
2022,Setembro,9,1101,1,,126,,449040,,449040,4,4,90,40,,100,,"0,00","970,13","970,13",2026-08-07T20:15:03.924257
2022,Setembro,9,1101,1,,126,,449052,,449052,4,4,90,52,,100,,"0,00","0,00","0,00",2026-08-07T20:15:03.924257
2022,Setembro,9,1101,1,,128,,339032,,339032,3,3,90,32,,100,,"0,00","8.735,20","8.735,20",2026-08-07T20:15:03.924257
2022,Setembro,9,1101,1,,128,,339036,,339036,3,3,90,36,,100,,"34.408,20","43.881,14","43.101,55",2026-08-07T20:15:03.924257
2022,Setembro,9,1101,1,,128,,339039,,339039,3,3,90,39,,100,,"75.171,40","80.842,20","80.842,20",2026-08-07T20:15:03.924257
2022,Setembro,9,1101,1,,131,,339037,,339037,3,3,90,37,,100,,"0,00","0,00","0,00",2026-08-07T20:15:03.924257
2022,Setembro,9,1101,1,,131,,339039,,339039,3,3,90,39,,100,,"0,00","36.083,85","36.083,85",2026-08-07T20:15:03.924257
2022,Setembro,9,1101,1,,131,,339092,,339092,3,3,90,92,,100,,"0,00","0,00","0,00",2026-08-07T20:15:03.924257
2022,Setembro,9,1101,1,,131,,449052,,449052,4,4,90,52,,100,,"0,00","0,00","0,00",2026-08-07T20:15:03.924257
2022,Setembro,9,1101,1,,31,,339030,,339030,3,3,90,30,,100,,"0,00","0,00","0,00",2026-08-07T20:15:03.924257
2022,Setembro,9,1101,1,,31,,339031,,339031,3,3,90,31,,100,,"0,00","0,00","0,00",2026-08-07T20:15:03.924257
2022,Setembro,9,1101,1,,31,,339032,,339032,3,3,90,32,,100,,"0,00","0,00","0,00",2026-08-07T20:15:03.924257
2022,Setembro,9,1101,1,,31,,339037,,339037,3,3,90,37,,100,,"0,00","981.815,47","981.815,47",2026-08-07T20:15:03.924257
2022,Setembro,9,1101,1,,31,,339039,,339039,3,3,90,39,,100,,"57.812,76","1.478.844,10","1.478.844,10",2026-08-07T20:15:03.924257
2022,Setembro,9,1101,1,,31,,339092,,339092,3,3,90,92,,100,,"42.395,01","42.395,01","42.395,01",2026-08-07T20:15:03.924257
2022,Setembro,9,1101,1,,31,,339139,,339139,3,3,91,39,,100,,"0,00","0,00","0,00",2026-08-07T20:15:03.924257
2022,Setembro,9,1101,1,,31,,449052,,449052,4,4,90,52,,100,,"0,00","0,00","0,00",2026-08-07T20:15:03.924257
2022,Setembro,9,1101,1,,392,,339031,,339031,3,3,90,31,,100,,"0,00","0,00","0,00",2026-08-07T20:15:03.924257
2022,Setembro,9,1101,1,,392,,339036,,339036,3,3,90,36,,100,,"0,00","0,00","0,00",2026-08-07T20:15:03.924257
2022,Setembro,9,1101,1,,392,,339039,,339039,3,3,90,39,,100,,"0,00","0,00","0,00",2026-08-07T20:15:03.924257
2022,Setembro,9,1101,1,,392,,339092,,339092,3,3,90,92,,100,,"0,00","0,00","0,00",2026-08-07T20:15:03.924257
2022,Setembro,9,1101,28,,845,,339139,,339139,3,3,91,39,,100,,"0,00","0,00","0,00",2026-08-07T20:15:03.924257
2022,Setembro,9,1101,28,,846,,319091,,319091,3,1,90,91,,100,,"9.133,05","9.133,05","9.133,05",2026-08-07T20:15:03.924257
2022,Setembro,9,1101,28,,846,,319092,,319092,3,1,90,92,,100,,"0,00","0,00","0,00",2026-08-07T20:15:03.924257
2022,Setembro,9,1101,28,,846,,319094,,319094,3,1,90,94,,100,,"740.384,38","717.936,19","717.936,19",2026-08-07T20:15:03.924257
2022,Setembro,9,1101,28,,846,,319096,,319096,3,1,90,96,,100,,"0,00","87.380,67","87.380,67",2026-08-07T20:15:03.924257
2022,Setembro,9,1101,28,,846,,319192,,319192,3,1,91,92,,100,,"0,00","0,00","0,00",2026-08-07T20:15:03.924257
2022,Setembro,9,1101,28,,846,,319196,,319196,3,1,91,96,,100,,"0,00","0,00","0,00",2026-08-07T20:15:03.924257
2022,Setembro,9,1101,28,,846,,339091,,339091,3,3,90,91,,100,,"0,00","0,00","0,00",2026-08-07T20:15:03.924257
2022,Setembro,9,1101,28,,846,,339092,,339092,3,3,90,92,,100,,"0,00","0,00","0,00",2026-08-07T20:15:03.924257
2022,Setembro,9,1101,28,,846,,339093,,339093,3,3,90,93,,100,,"0,00","95.893,60","95.893,60",2026-08-07T20:15:03.924257
2022,Setembro,9,1101,28,,846,,339192,,339192,3,3,91,92,,100,,"0,00","0,00","0,00",2026-08-07T20:15:03.924257
2022,Setembro,9,1101,28,,846,,339193,,339193,3,3,91,93,,100,,"0,00","0,00","0,00",2026-08-07T20:15:03.924257
2022,Outubro,10,1101,1,,122,,319007,,319007,3,1,90,07,,100,,"0,00","176.298,28","176.298,28",2026-08-07T20:15:03.924257
2022,Outubro,10,1101,1,,122,,319011,,319011,3,1,90,11,,100,,"26.697.995,37","26.536.170,54","26.541.318,64",2026-08-07T20:15:03.924257
2022,Outubro,10,1101,1,,122,,319013,,319013,3,1,90,13,,100,,"0,00","2.170.036,41","2.170.036,41",2026-08-07T20:15:03.924257
2022,Outubro,10,1101,1,,122,,319016,,319016,3,1,90,16,,100,,"250.505,79","250.505,79","250.505,79",2026-08-07T20:15:03.924257
2022,Outubro,10,1101,1,,122,,319092,,319092,3,1,90,92,,100,,"214.827,09","214.827,09","214.827,09",2026-08-07T20:15:03.924257
2022,Outubro,10,1101,1,,122,,319113,,319113,3,1,91,13,,100,,"0,00","3.720.112,86","3.720.112,86",2026-08-07T20:15:03.924257
2022,Outubro,10,1101,1,,122,,319192,,319192,3,1,91,92,,100,,"0,00","0,00","0,00",2026-08-07T20:15:03.924257
2022,Outubro,10,1101,1,,122,,339008,,339008,3,3,90,08,,100,,"336.448,86","336.448,86","336.448,86",2026-08-07T20:15:03.924257
2022,Outubro,10,1101,1,,122,,339014,,339014,3,3,90,14,,100,,"0,00","0,00","0,00",2026-08-07T20:15:03.924257
2022,Outubro,10,1101,1,,122,,339030,,339030,3,3,90,30,,100,,"6.425,50","184.017,43","185.542,90",2026-08-07T20:15:03.924257
2022,Outubro,10,1101,1,,122,,339033,,339033,3,3,90,33,,100,,"0,00","0,00","0,00",2026-08-07T20:15:03.924257
2022,Outubro,10,1101,1,,122,,339035,,339035,3,3,90,35,,100,,"0,00","0,00","0,00",2026-08-07T20:15:03.924257
2022,Outubro,10,1101,1,,122,,339036,,339036,3,3,90,36,,100,,"0,00","0,00","0,00",2026-08-07T20:15:03.924257
2022,Outubro,10,1101,1,,122,,339037,,339037,3,3,90,37,,100,,"0,00","613.949,89","588.724,30",2026-08-07T20:15:03.924257
2022,Outubro,10,1101,1,,122,,339039,,339039,3,3,90,39,,100,,"330.691,59","779.853,65","773.690,35",2026-08-07T20:15:03.924257
2022,Outubro,10,1101,1,,122,,339046,,339046,3,3,90,46,,100,,"2.569.188,76","2.543.909,71","2.545.574,85",2026-08-07T20:15:03.924257
2022,Outubro,10,1101,1,,122,,339047,,339047,3,3,90,47,,100,,"0,00","2.279,20","2.279,20",2026-08-07T20:15:03.924257
2022,Outubro,10,1101,1,,122,,339049,,339049,3,3,90,49,,100,,"38.828,62","38.103,93","38.169,04",2026-08-07T20:15:03.924257
2022,Outubro,10,1101,1,,122,,339092,,339092,3,3,90,92,,100,,"0,00","0,00","0,00",2026-08-07T20:15:03.924257
2022,Outubro,10,1101,1,,122,,339093,,339093,3,3,90,93,,100,,"0,00","0,00","295,74",2026-08-07T20:15:03.924257
2022,Outubro,10,1101,1,,122,,339139,,339139,3,3,91,39,,100,,"0,00","0,00","0,00",2026-08-07T20:15:03.924257
2022,Outubro,10,1101,1,,122,,339147,,339147,3,3,91,47,,100,,"0,00","0,00","0,00",2026-08-07T20:15:03.924257
2022,Outubro,10,1101,1,,122,,339192,,339192,3,3,91,92,,100,,"0,00","0,00","0,00",2026-08-07T20:15:03.924257
2022,Outubro,10,1101,1,,122,,339193,,339193,3,3,91,93,,100,,"0,00","0,00","0,00",2026-08-07T20:15:03.924257
2022,Outubro,10,1101,1,,122,,449051,,449051,4,4,90,51,,100,,"0,00","1.599,67","1.599,67",2026-08-07T20:15:03.924257
2022,Outubro,10,1101,1,,122,,449052,,449052,4,4,90,52,,100,,"32.079,80","800,00","800,00",2026-08-07T20:15:03.924257
2022,Outubro,10,1101,1,,122,,449092,,449092,4,4,90,92,,100,,"0,00","0,00","0,00",2026-08-07T20:15:03.924257
2022,Outubro,10,1101,1,,126,,339030,,339030,3,3,90,30,,100,,"0,00","0,00","0,00",2026-08-07T20:15:03.924257
2022,Outubro,10,1101,1,,126,,339039,,339039,3,3,90,39,,100,,"385.718,61","20.647,00","20.647,00",2026-08-07T20:15:03.924257
2022,Outubro,10,1101,1,,126,,339040,,339040,3,3,90,40,,100,,"74.753,00","667.212,68","666.305,37",2026-08-07T20:15:03.924257
2022,Outubro,10,1101,1,,126,,339092,,339092,3,3,90,92,,100,,"0,00","0,00","0,00",2026-08-07T20:15:03.924257
2022,Outubro,10,1101,1,,126,,449040,,449040,4,4,90,40,,100,,"0,00","23.808,75","23.808,75",2026-08-07T20:15:03.924257
2022,Outubro,10,1101,1,,126,,449052,,449052,4,4,90,52,,100,,"0,00","0,00","0,00",2026-08-07T20:15:03.924257
2022,Outubro,10,1101,1,,128,,339032,,339032,3,3,90,32,,100,,"0,00","8.704,70","8.704,70",2026-08-07T20:15:03.924257
2022,Outubro,10,1101,1,,128,,339036,,339036,3,3,90,36,,100,,"24.113,65","19.127,97","19.907,56",2026-08-07T20:15:03.924257
2022,Outubro,10,1101,1,,128,,339039,,339039,3,3,90,39,,100,,"14.010,72","120.287,11","120.287,11",2026-08-07T20:15:03.924257
2022,Outubro,10,1101,1,,131,,339037,,339037,3,3,90,37,,100,,"0,00","0,00","0,00",2026-08-07T20:15:03.924257
2022,Outubro,10,1101,1,,131,,339039,,339039,3,3,90,39,,100,,"0,00","0,00","0,00",2026-08-07T20:15:03.924257
2022,Outubro,10,1101,1,,131,,339092,,339092,3,3,90,92,,100,,"0,00","0,00","0,00",2026-08-07T20:15:03.924257
2022,Outubro,10,1101,1,,131,,449052,,449052,4,4,90,52,,100,,"0,00","0,00","0,00",2026-08-07T20:15:03.924257
2022,Outubro,10,1101,1,,31,,339030,,339030,3,3,90,30,,100,,"0,00","0,00","0,00",2026-08-07T20:15:03.924257
2022,Outubro,10,1101,1,,31,,339031,,339031,3,3,90,31,,100,,"0,00","0,00","0,00",2026-08-07T20:15:03.924257
2022,Outubro,10,1101,1,,31,,339032,,339032,3,3,90,32,,100,,"0,00","0,00","0,00",2026-08-07T20:15:03.924257
2022,Outubro,10,1101,1,,31,,339037,,339037,3,3,90,37,,100,,"0,00","492.880,00","492.880,00",2026-08-07T20:15:03.924257
2022,Outubro,10,1101,1,,31,,339039,,339039,3,3,90,39,,100,,"29.287,34","1.828.723,84","1.828.723,84",2026-08-07T20:15:03.924257
2022,Outubro,10,1101,1,,31,,339139,,339139,3,3,91,39,,100,,"0,00","0,00","0,00",2026-08-07T20:15:03.924257
2022,Outubro,10,1101,1,,31,,449052,,449052,4,4,90,52,,100,,"0,00","0,00","0,00",2026-08-07T20:15:03.924257
2022,Outubro,10,1101,1,,392,,339031,,339031,3,3,90,31,,100,,"0,00","0,00","0,00",2026-08-07T20:15:03.924257
2022,Outubro,10,1101,1,,392,,339036,,339036,3,3,90,36,,100,,"24.000,00","0,00","0,00",2026-08-07T20:15:03.924257
2022,Outubro,10,1101,1,,392,,339039,,339039,3,3,90,39,,100,,"0,00","0,00","0,00",2026-08-07T20:15:03.924257
2022,Outubro,10,1101,1,,392,,339092,,339092,3,3,90,92,,100,,"0,00","0,00","0,00",2026-08-07T20:15:03.924257
2022,Outubro,10,1101,28,,845,,339139,,339139,3,3,91,39,,100,,"0,00","0,00","0,00",2026-08-07T20:15:03.924257
2022,Outubro,10,1101,28,,846,,319091,,319091,3,1,90,91,,100,,"9.133,05","9.133,05","9.133,05",2026-08-07T20:15:03.924257
2022,Outubro,10,1101,28,,846,,319092,,319092,3,1,90,92,,100,,"0,00","0,00","0,00",2026-08-07T20:15:03.924257
2022,Outubro,10,1101,28,,846,,319094,,319094,3,1,90,94,,100,,"687.041,21","699.023,17","699.023,17",2026-08-07T20:15:03.924257
2022,Outubro,10,1101,28,,846,,319096,,319096,3,1,90,96,,100,,"0,00","97.085,93","97.085,93",2026-08-07T20:15:03.924257
2022,Outubro,10,1101,28,,846,,319192,,319192,3,1,91,92,,100,,"0,00","0,00","0,00",2026-08-07T20:15:03.924257
2022,Outubro,10,1101,28,,846,,319196,,319196,3,1,91,96,,100,,"0,00","0,00","0,00",2026-08-07T20:15:03.924257
2022,Outubro,10,1101,28,,846,,339091,,339091,3,3,90,91,,100,,"0,00","0,00","0,00",2026-08-07T20:15:03.924257
2022,Outubro,10,1101,28,,846,,339092,,339092,3,3,90,92,,100,,"0,00","0,00","0,00",2026-08-07T20:15:03.924257
2022,Outubro,10,1101,28,,846,,339093,,339093,3,3,90,93,,100,,"0,00","85.923,86","85.923,86",2026-08-07T20:15:03.924257
2022,Outubro,10,1101,28,,846,,339192,,339192,3,3,91,92,,100,,"0,00","0,00","0,00",2026-08-07T20:15:03.924257
2022,Outubro,10,1101,28,,846,,339193,,339193,3,3,91,93,,100,,"0,00","0,00","0,00",2026-08-07T20:15:03.924257
2022,Novembro,11,1101,1,,122,,319007,,319007,3,1,90,07,,100,,"494.521,07","175.101,54","175.101,54",2026-08-07T20:15:03.924257
2022,Novembro,11,1101,1,,122,,319011,,319011,3,1,90,11,,100,,"39.933.417,12","26.661.284,41","26.643.829,85",2026-08-07T20:15:03.924257
2022,Novembro,11,1101,1,,122,,319013,,319013,3,1,90,13,,100,,"2.224.840,73","2.205.641,08","2.205.641,08",2026-08-07T20:15:03.924257
2022,Novembro,11,1101,1,,122,,319016,,319016,3,1,90,16,,100,,"135.179,68","135.179,68","135.179,68",2026-08-07T20:15:03.924257
2022,Novembro,11,1101,1,,122,,319092,,319092,3,1,90,92,,100,,"1.997.966,10","1.997.966,10","1.997.966,10",2026-08-07T20:15:03.924257
2022,Novembro,11,1101,1,,122,,319113,,319113,3,1,91,13,,100,,"22.087,76","3.738.530,77","3.738.530,77",2026-08-07T20:15:03.924257
2022,Novembro,11,1101,1,,122,,319192,,319192,3,1,91,92,,100,,"285.447,10","285.447,10","285.447,10",2026-08-07T20:15:03.924257
2022,Novembro,11,1101,1,,122,,339008,,339008,3,3,90,08,,100,,"338.938,00","338.938,00","338.938,00",2026-08-07T20:15:03.924257
2022,Novembro,11,1101,1,,122,,339014,,339014,3,3,90,14,,100,,"0,00","0,00","0,00",2026-08-07T20:15:03.924257
2022,Novembro,11,1101,1,,122,,339030,,339030,3,3,90,30,,100,,"121.906,90","26.146,33","27.197,93",2026-08-07T20:15:03.924257
2022,Novembro,11,1101,1,,122,,339033,,339033,3,3,90,33,,100,,"0,00","0,00","0,00",2026-08-07T20:15:03.924257
2022,Novembro,11,1101,1,,122,,339035,,339035,3,3,90,35,,100,,"'-42.250,00","0,00","0,00",2026-08-07T20:15:03.924257
2022,Novembro,11,1101,1,,122,,339036,,339036,3,3,90,36,,100,,"0,00","0,00","0,00",2026-08-07T20:15:03.924257
2022,Novembro,11,1101,1,,122,,339037,,339037,3,3,90,37,,100,,"383.497,28","792.108,68","753.421,97",2026-08-07T20:15:03.924257
2022,Novembro,11,1101,1,,122,,339039,,339039,3,3,90,39,,100,,"305.127,19","595.561,88","421.724,70",2026-08-07T20:15:03.924257
2022,Novembro,11,1101,1,,122,,339046,,339046,3,3,90,46,,100,,"2.578.806,80","2.547.279,52","2.550.205,83",2026-08-07T20:15:03.924257
2022,Novembro,11,1101,1,,122,,339047,,339047,3,3,90,47,,100,,"'-6.988,69","0,00","0,00",2026-08-07T20:15:03.924257
2022,Novembro,11,1101,1,,122,,339049,,339049,3,3,90,49,,100,,"18.226,44","17.881,72","18.719,13",2026-08-07T20:15:03.924257
2022,Novembro,11,1101,1,,122,,339092,,339092,3,3,90,92,,100,,"0,00","0,00","0,00",2026-08-07T20:15:03.924257
2022,Novembro,11,1101,1,,122,,339093,,339093,3,3,90,93,,100,,"407,69","407,69","407,69",2026-08-07T20:15:03.924257
2022,Novembro,11,1101,1,,122,,339139,,339139,3,3,91,39,,100,,"0,00","0,00","0,00",2026-08-07T20:15:03.924257
2022,Novembro,11,1101,1,,122,,339147,,339147,3,3,91,47,,100,,"0,00","0,00","0,00",2026-08-07T20:15:03.924257
2022,Novembro,11,1101,1,,122,,339192,,339192,3,3,91,92,,100,,"0,00","0,00","0,00",2026-08-07T20:15:03.924257
2022,Novembro,11,1101,1,,122,,339193,,339193,3,3,91,93,,100,,"0,00","0,00","0,00",2026-08-07T20:15:03.924257
2022,Novembro,11,1101,1,,122,,449051,,449051,4,4,90,51,,100,,"0,00","1.599,67","1.599,67",2026-08-07T20:15:03.924257
2022,Novembro,11,1101,1,,122,,449052,,449052,4,4,90,52,,100,,"22.240,00","512.000,00","512.000,00",2026-08-07T20:15:03.924257
2022,Novembro,11,1101,1,,122,,449092,,449092,4,4,90,92,,100,,"0,00","0,00","0,00",2026-08-07T20:15:03.924257
2022,Novembro,11,1101,1,,126,,339030,,339030,3,3,90,30,,100,,"0,00","0,00","0,00",2026-08-07T20:15:03.924257
2022,Novembro,11,1101,1,,126,,339039,,339039,3,3,90,39,,100,,"10.661,52","20.647,00","20.647,00",2026-08-07T20:15:03.924257
2022,Novembro,11,1101,1,,126,,339040,,339040,3,3,90,40,,100,,"'-3.709,56","720.995,55","519.480,07",2026-08-07T20:15:03.924257
2022,Novembro,11,1101,1,,126,,339092,,339092,3,3,90,92,,100,,"0,00","0,00","0,00",2026-08-07T20:15:03.924257
2022,Novembro,11,1101,1,,126,,449040,,449040,4,4,90,40,,100,,"'-742.944,85","47.203,05","43.213,05",2026-08-07T20:15:03.924257
2022,Novembro,11,1101,1,,126,,449052,,449052,4,4,90,52,,100,,"0,00","1.390.851,60","0,00",2026-08-07T20:15:03.924257
2022,Novembro,11,1101,1,,128,,339032,,339032,3,3,90,32,,100,,"'-7.460,30","6.935,70","6.935,70",2026-08-07T20:15:03.924257
2022,Novembro,11,1101,1,,128,,339036,,339036,3,3,90,36,,100,,"33.092,37","35.229,11","34.876,55",2026-08-07T20:15:03.924257
2022,Novembro,11,1101,1,,128,,339039,,339039,3,3,90,39,,100,,"'-41.205,25","77.772,89","77.235,06",2026-08-07T20:15:03.924257
2022,Novembro,11,1101,1,,131,,339037,,339037,3,3,90,37,,100,,"0,00","0,00","0,00",2026-08-07T20:15:03.924257
2022,Novembro,11,1101,1,,131,,339039,,339039,3,3,90,39,,100,,"0,00","0,00","0,00",2026-08-07T20:15:03.924257
2022,Novembro,11,1101,1,,131,,339092,,339092,3,3,90,92,,100,,"0,00","0,00","0,00",2026-08-07T20:15:03.924257
2022,Novembro,11,1101,1,,131,,449052,,449052,4,4,90,52,,100,,"0,00","0,00","0,00",2026-08-07T20:15:03.924257
2022,Novembro,11,1101,1,,31,,339030,,339030,3,3,90,30,,100,,"0,00","0,00","0,00",2026-08-07T20:15:03.924257
2022,Novembro,11,1101,1,,31,,339031,,339031,3,3,90,31,,100,,"0,00","0,00","0,00",2026-08-07T20:15:03.924257
2022,Novembro,11,1101,1,,31,,339032,,339032,3,3,90,32,,100,,"0,00","0,00","0,00",2026-08-07T20:15:03.924257
2022,Novembro,11,1101,1,,31,,339037,,339037,3,3,90,37,,100,,"634.325,46","0,00","0,00",2026-08-07T20:15:03.924257
2022,Novembro,11,1101,1,,31,,339039,,339039,3,3,90,39,,100,,"101.578,38","216.921,39","216.459,39",2026-08-07T20:15:03.924257
2022,Novembro,11,1101,1,,31,,339139,,339139,3,3,91,39,,100,,"0,00","0,00","0,00",2026-08-07T20:15:03.924257
2022,Novembro,11,1101,1,,31,,449052,,449052,4,4,90,52,,100,,"0,00","0,00","0,00",2026-08-07T20:15:03.924257
2022,Novembro,11,1101,1,,392,,339031,,339031,3,3,90,31,,100,,"0,00","0,00","0,00",2026-08-07T20:15:03.924257
2022,Novembro,11,1101,1,,392,,339036,,339036,3,3,90,36,,100,,"0,00","0,00","0,00",2026-08-07T20:15:03.924257
2022,Novembro,11,1101,1,,392,,339039,,339039,3,3,90,39,,100,,"0,00","0,00","0,00",2026-08-07T20:15:03.924257
2022,Novembro,11,1101,1,,392,,339092,,339092,3,3,90,92,,100,,"0,00","0,00","0,00",2026-08-07T20:15:03.924257
2022,Novembro,11,1101,28,,845,,339139,,339139,3,3,91,39,,100,,"0,00","0,00","0,00",2026-08-07T20:15:03.924257
2022,Novembro,11,1101,28,,846,,319091,,319091,3,1,90,91,,100,,"9.133,05","9.133,05","9.133,05",2026-08-07T20:15:03.924257
2022,Novembro,11,1101,28,,846,,319092,,319092,3,1,90,92,,100,,"1.546.792,49","1.546.792,49","1.546.792,49",2026-08-07T20:15:03.924257
2022,Novembro,11,1101,28,,846,,319094,,319094,3,1,90,94,,100,,"767.469,88","768.723,63","767.940,81",2026-08-07T20:15:03.924257
2022,Novembro,11,1101,28,,846,,319096,,319096,3,1,90,96,,100,,"'-154.217,41","125.978,60","125.978,60",2026-08-07T20:15:03.924257
2022,Novembro,11,1101,28,,846,,319192,,319192,3,1,91,92,,100,,"0,00","0,00","0,00",2026-08-07T20:15:03.924257
2022,Novembro,11,1101,28,,846,,319196,,319196,3,1,91,96,,100,,"0,00","0,00","0,00",2026-08-07T20:15:03.924257
2022,Novembro,11,1101,28,,846,,339091,,339091,3,3,90,91,,100,,"0,00","0,00","0,00",2026-08-07T20:15:03.924257
2022,Novembro,11,1101,28,,846,,339092,,339092,3,3,90,92,,100,,"0,00","0,00","0,00",2026-08-07T20:15:03.924257
2022,Novembro,11,1101,28,,846,,339093,,339093,3,3,90,93,,100,,"0,00","118.777,80","118.777,80",2026-08-07T20:15:03.924257
2022,Novembro,11,1101,28,,846,,339192,,339192,3,3,91,92,,100,,"0,00","0,00","0,00",2026-08-07T20:15:03.924257
2022,Novembro,11,1101,28,,846,,339193,,339193,3,3,91,93,,100,,"0,00","0,00","0,00",2026-08-07T20:15:03.924257
2022,Dezembro,12,1101,1,,122,,319007,,319007,3,1,90,07,,100,,"0,00","303.272,01","303.272,01",2026-08-07T20:15:03.924257
2022,Dezembro,12,1101,1,,122,,319011,,319011,3,1,90,11,,100,,"36.613.221,07","45.171.119,09","45.138.422,03",2026-08-07T20:15:03.924257
2022,Dezembro,12,1101,1,,122,,319013,,319013,3,1,90,13,,100,,"'-724.778,51","3.732.496,49","3.732.496,49",2026-08-07T20:15:03.924257
2022,Dezembro,12,1101,1,,122,,319016,,319016,3,1,90,16,,100,,"429.123,08","160.223,09","160.223,09",2026-08-07T20:15:03.924257
2022,Dezembro,12,1101,1,,122,,319092,,319092,3,1,90,92,,100,,"463.661,72","463.661,72","463.661,72",2026-08-07T20:15:03.924257
2022,Dezembro,12,1101,1,,122,,319113,,319113,3,1,91,13,,100,,"272.158,35","7.348.242,56","7.348.242,56",2026-08-07T20:15:03.924257
2022,Dezembro,12,1101,1,,122,,319192,,319192,3,1,91,92,,100,,"0,00","0,00","0,00",2026-08-07T20:15:03.924257
2022,Dezembro,12,1101,1,,122,,339008,,339008,3,3,90,08,,100,,"359.615,83","348.613,15","348.613,15",2026-08-07T20:15:03.924257
2022,Dezembro,12,1101,1,,122,,339014,,339014,3,3,90,14,,100,,"0,00","0,00","0,00",2026-08-07T20:15:03.924257
2022,Dezembro,12,1101,1,,122,,339030,,339030,3,3,90,30,,100,,"'-3.806,15","71.890,97","71.890,97",2026-08-07T20:15:03.924257
2022,Dezembro,12,1101,1,,122,,339033,,339033,3,3,90,33,,100,,"0,00","0,00","0,00",2026-08-07T20:15:03.924257
2022,Dezembro,12,1101,1,,122,,339035,,339035,3,3,90,35,,100,,"0,00","0,00","0,00",2026-08-07T20:15:03.924257
2022,Dezembro,12,1101,1,,122,,339036,,339036,3,3,90,36,,100,,"0,00","0,00","0,00",2026-08-07T20:15:03.924257
2022,Dezembro,12,1101,1,,122,,339037,,339037,3,3,90,37,,100,,"0,00","951.957,94","934.404,02",2026-08-07T20:15:03.924257
2022,Dezembro,12,1101,1,,122,,339039,,339039,3,3,90,39,,100,,"145.431,96","536.398,42","716.398,90",2026-08-07T20:15:03.924257
2022,Dezembro,12,1101,1,,122,,339046,,339046,3,3,90,46,,100,,"1.699.668,48","1.947.747,08","1.991.555,69",2026-08-07T20:15:03.924257
2022,Dezembro,12,1101,1,,122,,339047,,339047,3,3,90,47,,100,,"0,00","641,02","641,02",2026-08-07T20:15:03.924257
2022,Dezembro,12,1101,1,,122,,339049,,339049,3,3,90,49,,100,,"15.178,14","21.974,11","23.158,40",2026-08-07T20:15:03.924257
2022,Dezembro,12,1101,1,,122,,339092,,339092,3,3,90,92,,100,,"0,00","0,00","0,00",2026-08-07T20:15:03.924257
2022,Dezembro,12,1101,1,,122,,339093,,339093,3,3,90,93,,100,,"158.680,58","36.680,58","36.680,58",2026-08-07T20:15:03.924257
2022,Dezembro,12,1101,1,,122,,339139,,339139,3,3,91,39,,100,,"0,00","0,00","0,00",2026-08-07T20:15:03.924257
2022,Dezembro,12,1101,1,,122,,339147,,339147,3,3,91,47,,100,,"0,00","0,00","0,00",2026-08-07T20:15:03.924257
2022,Dezembro,12,1101,1,,122,,339192,,339192,3,3,91,92,,100,,"0,00","0,00","0,00",2026-08-07T20:15:03.924257
2022,Dezembro,12,1101,1,,122,,339193,,339193,3,3,91,93,,100,,"0,00","0,00","0,00",2026-08-07T20:15:03.924257
2022,Dezembro,12,1101,1,,122,,449051,,449051,4,4,90,51,,100,,"0,00","1.599,67","1.599,67",2026-08-07T20:15:03.924257
2022,Dezembro,12,1101,1,,122,,449052,,449052,4,4,90,52,,100,,"606.177,66","0,00","0,00",2026-08-07T20:15:03.924257
2022,Dezembro,12,1101,1,,122,,449092,,449092,4,4,90,92,,100,,"0,00","0,00","0,00",2026-08-07T20:15:03.924257
2022,Dezembro,12,1101,1,,126,,339030,,339030,3,3,90,30,,100,,"0,00","0,00","0,00",2026-08-07T20:15:03.924257
2022,Dezembro,12,1101,1,,126,,339039,,339039,3,3,90,39,,100,,"4.146,42","470.539,08","470.539,08",2026-08-07T20:15:03.924257
2022,Dezembro,12,1101,1,,126,,339040,,339040,3,3,90,40,,100,,"'-8.861,00","1.095.760,38","1.297.258,25",2026-08-07T20:15:03.924257
2022,Dezembro,12,1101,1,,126,,339092,,339092,3,3,90,92,,100,,"0,00","0,00","0,00",2026-08-07T20:15:03.924257
2022,Dezembro,12,1101,1,,126,,449040,,449040,4,4,90,40,,100,,"0,00","4.842,91","8.832,91",2026-08-07T20:15:03.924257
2022,Dezembro,12,1101,1,,126,,449052,,449052,4,4,90,52,,100,,"0,00","0,00","1.390.851,60",2026-08-07T20:15:03.924257
2022,Dezembro,12,1101,1,,128,,339032,,339032,3,3,90,32,,100,,"'-183,00","2.671,80","2.671,80",2026-08-07T20:15:03.924257
2022,Dezembro,12,1101,1,,128,,339036,,339036,3,3,90,36,,100,,"24.431,41","22.992,62","22.953,45",2026-08-07T20:15:03.924257
2022,Dezembro,12,1101,1,,128,,339039,,339039,3,3,90,39,,100,,"'-5.800,00","58.891,98","59.429,81",2026-08-07T20:15:03.924257
2022,Dezembro,12,1101,1,,131,,339037,,339037,3,3,90,37,,100,,"0,00","0,00","0,00",2026-08-07T20:15:03.924257
2022,Dezembro,12,1101,1,,131,,339039,,339039,3,3,90,39,,100,,"0,00","36.083,85","36.083,85",2026-08-07T20:15:03.924257
2022,Dezembro,12,1101,1,,131,,339092,,339092,3,3,90,92,,100,,"0,00","0,00","0,00",2026-08-07T20:15:03.924257
2022,Dezembro,12,1101,1,,131,,449052,,449052,4,4,90,52,,100,,"0,00","0,00","0,00",2026-08-07T20:15:03.924257
2022,Dezembro,12,1101,1,,31,,339030,,339030,3,3,90,30,,100,,"0,00","0,00","0,00",2026-08-07T20:15:03.924257
2022,Dezembro,12,1101,1,,31,,339031,,339031,3,3,90,31,,100,,"0,00","0,00","0,00",2026-08-07T20:15:03.924257
2022,Dezembro,12,1101,1,,31,,339032,,339032,3,3,90,32,,100,,"0,00","0,00","0,00",2026-08-07T20:15:03.924257
2022,Dezembro,12,1101,1,,31,,339037,,339037,3,3,90,37,,100,,"14.000,00","1.016.415,30","998.199,47",2026-08-07T20:15:03.924257
2022,Dezembro,12,1101,1,,31,,339039,,339039,3,3,90,39,,100,,"7.678.362,30","704.294,64","704.756,64",2026-08-07T20:15:03.924257
2022,Dezembro,12,1101,1,,31,,339139,,339139,3,3,91,39,,100,,"0,00","0,00","0,00",2026-08-07T20:15:03.924257
2022,Dezembro,12,1101,1,,31,,449052,,449052,4,4,90,52,,100,,"0,00","0,00","0,00",2026-08-07T20:15:03.924257
2022,Dezembro,12,1101,1,,392,,339031,,339031,3,3,90,31,,100,,"240.000,00","0,00","0,00",2026-08-07T20:15:03.924257
2022,Dezembro,12,1101,1,,392,,339036,,339036,3,3,90,36,,100,,"0,00","24.000,00","21.360,00",2026-08-07T20:15:03.924257
2022,Dezembro,12,1101,1,,392,,339039,,339039,3,3,90,39,,100,,"0,00","0,00","0,00",2026-08-07T20:15:03.924257
2022,Dezembro,12,1101,1,,392,,339092,,339092,3,3,90,92,,100,,"0,00","0,00","0,00",2026-08-07T20:15:03.924257
2022,Dezembro,12,1101,28,,845,,339139,,339139,3,3,91,39,,100,,"0,00","0,00","0,00",2026-08-07T20:15:03.924257
2022,Dezembro,12,1101,28,,846,,319091,,319091,3,1,90,91,,100,,"19.841,51","9.133,05","9.133,05",2026-08-07T20:15:03.924257
2022,Dezembro,12,1101,28,,846,,319092,,319092,3,1,90,92,,100,,"631.036,69","631.036,69","631.036,69",2026-08-07T20:15:03.924257
2022,Dezembro,12,1101,28,,846,,319094,,319094,3,1,90,94,,100,,"8.318.276,55","2.848.303,83","2.849.086,65",2026-08-07T20:15:03.924257
2022,Dezembro,12,1101,28,,846,,319096,,319096,3,1,90,96,,100,,"0,00","50.992,41","50.992,41",2026-08-07T20:15:03.924257
2022,Dezembro,12,1101,28,,846,,319192,,319192,3,1,91,92,,100,,"0,00","0,00","0,00",2026-08-07T20:15:03.924257
2022,Dezembro,12,1101,28,,846,,319196,,319196,3,1,91,96,,100,,"0,00","0,00","0,00",2026-08-07T20:15:03.924257
2022,Dezembro,12,1101,28,,846,,339091,,339091,3,3,90,91,,100,,"0,00","0,00","0,00",2026-08-07T20:15:03.924257
2022,Dezembro,12,1101,28,,846,,339092,,339092,3,3,90,92,,100,,"0,00","0,00","0,00",2026-08-07T20:15:03.924257
2022,Dezembro,12,1101,28,,846,,339093,,339093,3,3,90,93,,100,,"5.955.939,71","240.507,63","240.507,63",2026-08-07T20:15:03.924257
2022,Dezembro,12,1101,28,,846,,339192,,339192,3,3,91,92,,100,,"0,00","0,00","0,00",2026-08-07T20:15:03.924257
2022,Dezembro,12,1101,28,,846,,339193,,339193,3,3,91,93,,100,,"0,00","0,00","0,00",2026-08-07T20:15:03.924257
2023,Janeiro,1,1101,1,,122,,319007,,319007,3,1,90,07,,100,,"2.911.173,84","213.219,82","213.219,82",2026-08-07T20:15:03.924257
2023,Janeiro,1,1101,1,,122,,319011,,319011,3,1,90,11,,100,,"26.809.596,18","26.809.596,18","26.360.005,44",2026-08-07T20:15:03.924257
2023,Janeiro,1,1101,1,,122,,319013,,319013,3,1,90,13,,100,,"42.900,40","2.249,82","2.249,82",2026-08-07T20:15:03.924257
2023,Janeiro,1,1101,1,,122,,319016,,319016,3,1,90,16,,100,,"17.152,17","17.152,16","17.152,16",2026-08-07T20:15:03.924257
2023,Janeiro,1,1101,1,,122,,319092,,319092,3,1,90,92,,100,,"0,00","0,00","0,00",2026-08-07T20:15:03.924257
2023,Janeiro,1,1101,1,,122,,319113,,319113,3,1,91,13,,100,,"53.926.000,00","4.125.975,18","4.125.975,18",2026-08-07T20:15:03.924257
2023,Janeiro,1,1101,1,,122,,339008,,339008,3,3,90,08,,100,,"254.200,19","254.200,19","254.200,19",2026-08-07T20:15:03.924257
2023,Janeiro,1,1101,1,,122,,339014,,339014,3,3,90,14,,100,,"0,00","0,00","0,00",2026-08-07T20:15:03.924257
2023,Janeiro,1,1101,1,,122,,339030,,339030,3,3,90,30,,100,,"158.481,61","6.898,68","0,00",2026-08-07T20:15:03.924257
2023,Janeiro,1,1101,1,,122,,339033,,339033,3,3,90,33,,100,,"0,00","0,00","0,00",2026-08-07T20:15:03.924257
2023,Janeiro,1,1101,1,,122,,339035,,339035,3,3,90,35,,100,,"0,00","0,00","0,00",2026-08-07T20:15:03.924257
2023,Janeiro,1,1101,1,,122,,339036,,339036,3,3,90,36,,100,,"0,00","0,00","0,00",2026-08-07T20:15:03.924257
2023,Janeiro,1,1101,1,,122,,339037,,339037,3,3,90,37,,100,,"4.635.734,83","0,00","0,00",2026-08-07T20:15:03.924257
2023,Janeiro,1,1101,1,,122,,339039,,339039,3,3,90,39,,100,,"1.888.345,47","0,00","0,00",2026-08-07T20:15:03.924257
2023,Janeiro,1,1101,1,,122,,339046,,339046,3,3,90,46,,100,,"3.318.774,75","3.318.774,74","3.165.415,99",2026-08-07T20:15:03.924257
2023,Janeiro,1,1101,1,,122,,339047,,339047,3,3,90,47,,100,,"2.289,00","2.289,00","2.289,00",2026-08-07T20:15:03.924257
2023,Janeiro,1,1101,1,,122,,339049,,339049,3,3,90,49,,100,,"47.595,46","47.595,45","44.092,02",2026-08-07T20:15:03.924257
2023,Janeiro,1,1101,1,,122,,339093,,339093,3,3,90,93,,100,,"0,00","0,00","0,00",2026-08-07T20:15:03.924257
2023,Janeiro,1,1101,1,,122,,449051,,449051,4,4,90,51,,100,,"0,00","0,00","0,00",2026-08-07T20:15:03.924257
2023,Janeiro,1,1101,1,,122,,449052,,449052,4,4,90,52,,100,,"81.370,00","0,00","0,00",2026-08-07T20:15:03.924257
2023,Janeiro,1,1101,1,,126,,339030,,339030,3,3,90,30,,100,,"0,00","0,00","0,00",2026-08-07T20:15:03.924257
2023,Janeiro,1,1101,1,,126,,339039,,339039,3,3,90,39,,100,,"1.390.895,63","0,00","0,00",2026-08-07T20:15:03.924257
2023,Janeiro,1,1101,1,,126,,339040,,339040,3,3,90,40,,100,,"4.695.255,19","35.623,75","35.623,75",2026-08-07T20:15:03.924257
2023,Janeiro,1,1101,1,,126,,449040,,449040,4,4,90,40,,100,,"1.104.649,52","0,00","0,00",2026-08-07T20:15:03.924257
2023,Janeiro,1,1101,1,,126,,449052,,449052,4,4,90,52,,100,,"0,00","0,00","0,00",2026-08-07T20:15:03.924257
2023,Janeiro,1,1101,1,,128,,339032,,339032,3,3,90,32,,100,,"14.823,00","0,00","0,00",2026-08-07T20:15:03.924257
2023,Janeiro,1,1101,1,,128,,339036,,339036,3,3,90,36,,100,,"9.615,31","0,00","0,00",2026-08-07T20:15:03.924257
2023,Janeiro,1,1101,1,,128,,339039,,339039,3,3,90,39,,100,,"260.624,15","912,90","912,90",2026-08-07T20:15:03.924257
2023,Janeiro,1,1101,1,,131,,339037,,339037,3,3,90,37,,100,,"0,00","0,00","0,00",2026-08-07T20:15:03.924257
2023,Janeiro,1,1101,1,,131,,339039,,339039,3,3,90,39,,100,,"350.074,21","0,00","0,00",2026-08-07T20:15:03.924257
2023,Janeiro,1,1101,1,,131,,449052,,449052,4,4,90,52,,100,,"0,00","0,00","0,00",2026-08-07T20:15:03.924257
2023,Janeiro,1,1101,1,,31,,339031,,339031,3,3,90,31,,100,,"0,00","0,00","0,00",2026-08-07T20:15:03.924257
2023,Janeiro,1,1101,1,,31,,339032,,339032,3,3,90,32,,100,,"0,00","0,00","0,00",2026-08-07T20:15:03.924257
2023,Janeiro,1,1101,1,,31,,339039,,339039,3,3,90,39,,100,,"182.241,34","0,00","0,00",2026-08-07T20:15:03.924257
2023,Janeiro,1,1101,1,,392,,339031,,339031,3,3,90,31,,100,,"0,00","0,00","0,00",2026-08-07T20:15:03.924257
2023,Janeiro,1,1101,1,,392,,339036,,339036,3,3,90,36,,100,,"0,00","0,00","0,00",2026-08-07T20:15:03.924257
2023,Janeiro,1,1101,1,,392,,339039,,339039,3,3,90,39,,100,,"0,00","0,00","0,00",2026-08-07T20:15:03.924257
2023,Janeiro,1,1101,28,,845,,339139,,339139,3,3,91,39,,100,,"0,00","0,00","0,00",2026-08-07T20:15:03.924257
2023,Janeiro,1,1101,28,,846,,319091,,319091,3,1,90,91,,100,,"9.133,05","9.133,05","9.133,05",2026-08-07T20:15:03.924257
2023,Janeiro,1,1101,28,,846,,319092,,319092,3,1,90,92,,100,,"0,00","0,00","0,00",2026-08-07T20:15:03.924257
2023,Janeiro,1,1101,28,,846,,319094,,319094,3,1,90,94,,100,,"774.332,50","774.332,49","774.332,49",2026-08-07T20:15:03.924257
2023,Janeiro,1,1101,28,,846,,319096,,319096,3,1,90,96,,100,,"0,00","0,00","0,00",2026-08-07T20:15:03.924257
2023,Janeiro,1,1101,28,,846,,339091,,339091,3,3,90,91,,100,,"0,00","0,00","0,00",2026-08-07T20:15:03.924257
2023,Janeiro,1,1101,28,,846,,339092,,339092,3,3,90,92,,100,,"0,00","0,00","0,00",2026-08-07T20:15:03.924257
2023,Janeiro,1,1101,28,,846,,339093,,339093,3,3,90,93,,100,,"0,00","0,00","0,00",2026-08-07T20:15:03.924257
2023,Fevereiro,2,1101,1,,122,,319007,,319007,3,1,90,07,,100,,"0,00","229.668,21","229.668,21",2026-08-07T20:15:03.924257
2023,Fevereiro,2,1101,1,,122,,319011,,319011,3,1,90,11,,100,,"29.420.985,58","29.416.795,34","29.360.271,92",2026-08-07T20:15:03.924257
2023,Fevereiro,2,1101,1,,122,,319013,,319013,3,1,90,13,,100,,"27.500.000,00","1.907.074,52","1.907.074,52",2026-08-07T20:15:03.924257
2023,Fevereiro,2,1101,1,,122,,319016,,319016,3,1,90,16,,100,,"154.847,25","154.847,25","154.847,25",2026-08-07T20:15:03.924257
2023,Fevereiro,2,1101,1,,122,,319092,,319092,3,1,90,92,,100,,"0,00","0,00","0,00",2026-08-07T20:15:03.924257
2023,Fevereiro,2,1101,1,,122,,319113,,319113,3,1,91,13,,100,,"0,00","3.973.943,34","3.973.943,34",2026-08-07T20:15:03.924257
2023,Fevereiro,2,1101,1,,122,,339008,,339008,3,3,90,08,,100,,"447.146,83","447.146,83","447.146,83",2026-08-07T20:15:03.924257
2023,Fevereiro,2,1101,1,,122,,339014,,339014,3,3,90,14,,100,,"0,00","0,00","0,00",2026-08-07T20:15:03.924257
2023,Fevereiro,2,1101,1,,122,,339030,,339030,3,3,90,30,,100,,"527.986,10","28.181,79","29.280,47",2026-08-07T20:15:03.924257
2023,Fevereiro,2,1101,1,,122,,339033,,339033,3,3,90,33,,100,,"0,00","0,00","0,00",2026-08-07T20:15:03.924257
2023,Fevereiro,2,1101,1,,122,,339035,,339035,3,3,90,35,,100,,"0,00","0,00","0,00",2026-08-07T20:15:03.924257
2023,Fevereiro,2,1101,1,,122,,339036,,339036,3,3,90,36,,100,,"0,00","0,00","0,00",2026-08-07T20:15:03.924257
2023,Fevereiro,2,1101,1,,122,,339037,,339037,3,3,90,37,,100,,"3.505.925,89","554.498,02","497.771,93",2026-08-07T20:15:03.924257
2023,Fevereiro,2,1101,1,,122,,339039,,339039,3,3,90,39,,100,,"3.966.706,31","201.737,14","201.737,14",2026-08-07T20:15:03.924257
2023,Fevereiro,2,1101,1,,122,,339046,,339046,3,3,90,46,,100,,"2.823.498,60","2.724.807,98","2.608.627,40",2026-08-07T20:15:03.924257
2023,Fevereiro,2,1101,1,,122,,339047,,339047,3,3,90,47,,100,,"30.000,00","2.400,00","2.400,00",2026-08-07T20:15:03.924257
2023,Fevereiro,2,1101,1,,122,,339049,,339049,3,3,90,49,,100,,"36.042,16","33.976,03","31.357,34",2026-08-07T20:15:03.924257
2023,Fevereiro,2,1101,1,,122,,339093,,339093,3,3,90,93,,100,,"630,74","630,74","630,74",2026-08-07T20:15:03.924257
2023,Fevereiro,2,1101,1,,122,,449051,,449051,4,4,90,51,,100,,"19.196,04","0,00","0,00",2026-08-07T20:15:03.924257
2023,Fevereiro,2,1101,1,,122,,449052,,449052,4,4,90,52,,100,,"29.998,00","0,00","0,00",2026-08-07T20:15:03.924257
2023,Fevereiro,2,1101,1,,126,,339030,,339030,3,3,90,30,,100,,"0,00","0,00","0,00",2026-08-07T20:15:03.924257
2023,Fevereiro,2,1101,1,,126,,339039,,339039,3,3,90,39,,100,,"164.866,00","0,00","0,00",2026-08-07T20:15:03.924257
2023,Fevereiro,2,1101,1,,126,,339040,,339040,3,3,90,40,,100,,"216.062,50","416.709,95","414.870,02",2026-08-07T20:15:03.924257
2023,Fevereiro,2,1101,1,,126,,449040,,449040,4,4,90,40,,100,,"0,00","0,00","0,00",2026-08-07T20:15:03.924257
2023,Fevereiro,2,1101,1,,126,,449052,,449052,4,4,90,52,,100,,"0,00","0,00","0,00",2026-08-07T20:15:03.924257
2023,Fevereiro,2,1101,1,,128,,339032,,339032,3,3,90,32,,100,,"44.980,00","0,00","0,00",2026-08-07T20:15:03.924257
2023,Fevereiro,2,1101,1,,128,,339036,,339036,3,3,90,36,,100,,"4.226,56","4.226,56","4.226,56",2026-08-07T20:15:03.924257
2023,Fevereiro,2,1101,1,,128,,339039,,339039,3,3,90,39,,100,,"47.045,40","8.335,39","8.335,39",2026-08-07T20:15:03.924257
2023,Fevereiro,2,1101,1,,131,,339037,,339037,3,3,90,37,,100,,"3.332.176,23","0,00","0,00",2026-08-07T20:15:03.924257
2023,Fevereiro,2,1101,1,,131,,339039,,339039,3,3,90,39,,100,,"100.000,00","48.180,12","48.180,12",2026-08-07T20:15:03.924257
2023,Fevereiro,2,1101,1,,131,,449052,,449052,4,4,90,52,,100,,"0,00","0,00","0,00",2026-08-07T20:15:03.924257
2023,Fevereiro,2,1101,1,,31,,339031,,339031,3,3,90,31,,100,,"0,00","0,00","0,00",2026-08-07T20:15:03.924257
2023,Fevereiro,2,1101,1,,31,,339032,,339032,3,3,90,32,,100,,"0,00","0,00","0,00",2026-08-07T20:15:03.924257
2023,Fevereiro,2,1101,1,,31,,339039,,339039,3,3,90,39,,100,,"40.000,00","17.053,50","17.053,50",2026-08-07T20:15:03.924257
2023,Fevereiro,2,1101,1,,392,,339031,,339031,3,3,90,31,,100,,"0,00","0,00","0,00",2026-08-07T20:15:03.924257
2023,Fevereiro,2,1101,1,,392,,339036,,339036,3,3,90,36,,100,,"0,00","0,00","0,00",2026-08-07T20:15:03.924257
2023,Fevereiro,2,1101,1,,392,,339039,,339039,3,3,90,39,,100,,"0,00","0,00","0,00",2026-08-07T20:15:03.924257
2023,Fevereiro,2,1101,28,,845,,339139,,339139,3,3,91,39,,100,,"0,00","0,00","0,00",2026-08-07T20:15:03.924257
2023,Fevereiro,2,1101,28,,846,,319091,,319091,3,1,90,91,,100,,"9.133,05","9.133,05","9.133,05",2026-08-07T20:15:03.924257
2023,Fevereiro,2,1101,28,,846,,319092,,319092,3,1,90,92,,100,,"83.256,46","83.256,46","83.256,46",2026-08-07T20:15:03.924257
2023,Fevereiro,2,1101,28,,846,,319094,,319094,3,1,90,94,,100,,"1.657.614,10","1.576.631,85","1.576.631,85",2026-08-07T20:15:03.924257
2023,Fevereiro,2,1101,28,,846,,319096,,319096,3,1,90,96,,100,,"520.705,61","2.126,06","2.126,06",2026-08-07T20:15:03.924257
2023,Fevereiro,2,1101,28,,846,,339091,,339091,3,3,90,91,,100,,"0,00","0,00","0,00",2026-08-07T20:15:03.924257
2023,Fevereiro,2,1101,28,,846,,339092,,339092,3,3,90,92,,100,,"0,00","0,00","0,00",2026-08-07T20:15:03.924257
2023,Fevereiro,2,1101,28,,846,,339093,,339093,3,3,90,93,,100,,"2.151.544,59","0,00","0,00",2026-08-07T20:15:03.924257
2023,Março,3,1101,1,,122,,319007,,319007,3,1,90,07,,100,,"0,00","239.927,30","239.927,30",2026-08-07T20:15:03.924257
2023,Março,3,1101,1,,122,,319011,,319011,3,1,90,11,,100,,"28.627.940,66","28.492.869,12","28.449.770,47",2026-08-07T20:15:03.924257
2023,Março,3,1101,1,,122,,319013,,319013,3,1,90,13,,100,,"293,06","2.064.638,07","2.064.638,07",2026-08-07T20:15:03.924257
2023,Março,3,1101,1,,122,,319016,,319016,3,1,90,16,,100,,"132.310,53","132.310,53","132.310,53",2026-08-07T20:15:03.924257
2023,Março,3,1101,1,,122,,319113,,319113,3,1,91,13,,100,,"0,00","3.885.101,82","3.885.101,82",2026-08-07T20:15:03.924257
2023,Março,3,1101,1,,122,,339008,,339008,3,3,90,08,,100,,"402.524,56","402.524,56","402.524,56",2026-08-07T20:15:03.924257
2023,Março,3,1101,1,,122,,339030,,339030,3,3,90,30,,100,,"613.077,17","62.785,00","48.301,03",2026-08-07T20:15:03.924257
2023,Março,3,1101,1,,122,,339035,,339035,3,3,90,35,,100,,"42.250,00","0,00","0,00",2026-08-07T20:15:03.924257
2023,Março,3,1101,1,,122,,339037,,339037,3,3,90,37,,100,,"36.000,00","653.808,18","668.907,69",2026-08-07T20:15:03.924257
2023,Março,3,1101,1,,122,,339039,,339039,3,3,90,39,,100,,"1.718.862,72","750.291,62","589.534,78",2026-08-07T20:15:03.924257
2023,Março,3,1101,1,,122,,339046,,339046,3,3,90,46,,100,,"2.858.769,38","2.798.896,33","2.832.071,94",2026-08-07T20:15:03.924257
2023,Março,3,1101,1,,122,,339047,,339047,3,3,90,47,,100,,"284,00","641,02","641,02",2026-08-07T20:15:03.924257
2023,Março,3,1101,1,,122,,339049,,339049,3,3,90,49,,100,,"39.882,18","38.555,09","39.144,71",2026-08-07T20:15:03.924257
2023,Março,3,1101,1,,122,,339092,,339092,3,3,90,92,,100,,"6.993,34","6.993,34","6.993,34",2026-08-07T20:15:03.924257
2023,Março,3,1101,1,,122,,339093,,339093,3,3,90,93,,100,,"5.176,06","539,60","0,00",2026-08-07T20:15:03.924257
2023,Março,3,1101,1,,122,,449051,,449051,4,4,90,51,,100,,"0,00","3.199,34","3.199,34",2026-08-07T20:15:03.924257
2023,Março,3,1101,1,,122,,449052,,449052,4,4,90,52,,100,,"702.437,66","636.175,66","636.175,66",2026-08-07T20:15:03.924257
2023,Março,3,1101,1,,122,,449092,,449092,4,4,90,92,,100,,"14.160,84","14.160,84","14.160,84",2026-08-07T20:15:03.924257
2023,Março,3,1101,1,,126,,339030,,339030,3,3,90,30,,100,,"35.944,80","0,00","0,00",2026-08-07T20:15:03.924257
2023,Março,3,1101,1,,126,,339039,,339039,3,3,90,39,,100,,"0,00","41.847,84","41.847,84",2026-08-07T20:15:03.924257
2023,Março,3,1101,1,,126,,339040,,339040,3,3,90,40,,100,,"9.087,02","227.326,49","228.133,25",2026-08-07T20:15:03.924257
2023,Março,3,1101,1,,126,,449040,,449040,4,4,90,40,,100,,"0,00","1.558,00","1.558,00",2026-08-07T20:15:03.924257
2023,Março,3,1101,1,,126,,449052,,449052,4,4,90,52,,100,,"50.100,00","0,00","0,00",2026-08-07T20:15:03.924257
2023,Março,3,1101,1,,128,,339032,,339032,3,3,90,32,,100,,"56.821,50","44.980,00","44.980,00",2026-08-07T20:15:03.924257
2023,Março,3,1101,1,,128,,339036,,339036,3,3,90,36,,100,,"11.027,94","20.643,24","19.817,42",2026-08-07T20:15:03.924257
2023,Março,3,1101,1,,128,,339039,,339039,3,3,90,39,,100,,"381.271,35","71.760,08","71.760,08",2026-08-07T20:15:03.924257
2023,Março,3,1101,1,,131,,339037,,339037,3,3,90,37,,100,,"0,00","495.963,11","495.963,11",2026-08-07T20:15:03.924257
2023,Março,3,1101,1,,131,,339039,,339039,3,3,90,39,,100,,"144.335,40","37.993,35","37.993,35",2026-08-07T20:15:03.924257
2023,Março,3,1101,1,,131,,339092,,339092,3,3,90,92,,100,,"12.275,06","12.275,06","12.275,06",2026-08-07T20:15:03.924257
2023,Março,3,1101,1,,31,,339031,,339031,3,3,90,31,,100,,"0,00","0,00","0,00",2026-08-07T20:15:03.924257
2023,Março,3,1101,1,,31,,339032,,339032,3,3,90,32,,100,,"0,00","0,00","0,00",2026-08-07T20:15:03.924257
2023,Março,3,1101,1,,31,,339039,,339039,3,3,90,39,,100,,"7.980.120,00","13.160,90","13.160,90",2026-08-07T20:15:03.924257
2023,Março,3,1101,1,,392,,339031,,339031,3,3,90,31,,100,,"0,00","0,00","0,00",2026-08-07T20:15:03.924257
2023,Março,3,1101,1,,392,,339036,,339036,3,3,90,36,,100,,"0,00","0,00","0,00",2026-08-07T20:15:03.924257
2023,Março,3,1101,1,,392,,339092,,339092,3,3,90,92,,100,,"3.000,00","0,00","0,00",2026-08-07T20:15:03.924257
2023,Março,3,1101,28,,845,,339139,,339139,3,3,91,39,,100,,"0,00","0,00","0,00",2026-08-07T20:15:03.924257
2023,Março,3,1101,28,,846,,319091,,319091,3,1,90,91,,100,,"9.133,05","9.133,05","9.133,05",2026-08-07T20:15:03.924257
2023,Março,3,1101,28,,846,,319092,,319092,3,1,90,92,,100,,"0,00","0,00","0,00",2026-08-07T20:15:03.924257
2023,Março,3,1101,28,,846,,319094,,319094,3,1,90,94,,100,,"828.340,28","844.667,04","844.667,04",2026-08-07T20:15:03.924257
2023,Março,3,1101,28,,846,,319096,,319096,3,1,90,96,,100,,"0,00","45.521,58","45.521,58",2026-08-07T20:15:03.924257
2023,Março,3,1101,28,,846,,339091,,339091,3,3,90,91,,100,,"0,00","0,00","0,00",2026-08-07T20:15:03.924257
2023,Março,3,1101,28,,846,,339092,,339092,3,3,90,92,,100,,"0,00","0,00","0,00",2026-08-07T20:15:03.924257
2023,Março,3,1101,28,,846,,339093,,339093,3,3,90,93,,100,,"993.020,58","206.348,27","206.348,27",2026-08-07T20:15:03.924257
2023,Abril,4,1101,1,,122,,319007,,319007,3,1,90,07,,100,,"0,00","239.967,35","239.967,35",2026-08-07T20:15:03.924257
2023,Abril,4,1101,1,,122,,319011,,319011,3,1,90,11,,100,,"28.946.813,37","28.897.803,72","28.881.931,91",2026-08-07T20:15:03.924257
2023,Abril,4,1101,1,,122,,319013,,319013,3,1,90,13,,100,,"2.985,00","2.033.035,33","2.032.747,49",2026-08-07T20:15:03.924257
2023,Abril,4,1101,1,,122,,319016,,319016,3,1,90,16,,100,,"122.309,77","122.309,77","122.309,77",2026-08-07T20:15:03.924257
2023,Abril,4,1101,1,,122,,319092,,319092,3,1,90,92,,100,,"290.972,49","290.972,49","290.972,49",2026-08-07T20:15:03.924257
2023,Abril,4,1101,1,,122,,319113,,319113,3,1,91,13,,100,,"0,00","3.912.320,16","3.912.320,16",2026-08-07T20:15:03.924257
2023,Abril,4,1101,1,,122,,339008,,339008,3,3,90,08,,100,,"404.694,06","403.386,10","403.386,10",2026-08-07T20:15:03.924257
2023,Abril,4,1101,1,,122,,339014,,339014,3,3,90,14,,100,,"0,00","0,00","0,00",2026-08-07T20:15:03.924257
2023,Abril,4,1101,1,,122,,339030,,339030,3,3,90,30,,100,,"10.275,54","87.949,63","103.163,14",2026-08-07T20:15:03.924257
2023,Abril,4,1101,1,,122,,339033,,339033,3,3,90,33,,100,,"0,00","0,00","0,00",2026-08-07T20:15:03.924257
2023,Abril,4,1101,1,,122,,339035,,339035,3,3,90,35,,100,,"0,00","42.250,00","0,00",2026-08-07T20:15:03.924257
2023,Abril,4,1101,1,,122,,339036,,339036,3,3,90,36,,100,,"0,00","0,00","0,00",2026-08-07T20:15:03.924257
2023,Abril,4,1101,1,,122,,339037,,339037,3,3,90,37,,100,,"0,00","960.501,87","940.690,13",2026-08-07T20:15:03.924257
2023,Abril,4,1101,1,,122,,339039,,339039,3,3,90,39,,100,,"40.365,89","547.044,03","683.139,06",2026-08-07T20:15:03.924257
2023,Abril,4,1101,1,,122,,339046,,339046,3,3,90,46,,100,,"2.828.782,03","2.801.298,35","2.802.646,72",2026-08-07T20:15:03.924257
2023,Abril,4,1101,1,,122,,339047,,339047,3,3,90,47,,100,,"4.899,00","7.298,36","7.298,36",2026-08-07T20:15:03.924257
2023,Abril,4,1101,1,,122,,339049,,339049,3,3,90,49,,100,,"47.110,27","46.405,52","45.599,51",2026-08-07T20:15:03.924257
2023,Abril,4,1101,1,,122,,339092,,339092,3,3,90,92,,100,,"1.345,72","0,00","0,00",2026-08-07T20:15:03.924257
2023,Abril,4,1101,1,,122,,339093,,339093,3,3,90,93,,100,,"1.267,38","5.903,84","6.443,44",2026-08-07T20:15:03.924257
2023,Abril,4,1101,1,,122,,449051,,449051,4,4,90,51,,100,,"0,00","1.599,67","1.599,67",2026-08-07T20:15:03.924257
2023,Abril,4,1101,1,,122,,449052,,449052,4,4,90,52,,100,,"0,00","0,00","0,00",2026-08-07T20:15:03.924257
2023,Abril,4,1101,1,,126,,339030,,339030,3,3,90,30,,100,,"0,00","0,00","0,00",2026-08-07T20:15:03.924257
2023,Abril,4,1101,1,,126,,339039,,339039,3,3,90,39,,100,,"0,00","19.423,92","19.423,92",2026-08-07T20:15:03.924257
2023,Abril,4,1101,1,,126,,339040,,339040,3,3,90,40,,100,,"1.602.137,23","482.451,17","478.928,96",2026-08-07T20:15:03.924257
2023,Abril,4,1101,1,,126,,449040,,449040,4,4,90,40,,100,,"0,00","12.638,23","12.638,23",2026-08-07T20:15:03.924257
2023,Abril,4,1101,1,,126,,449052,,449052,4,4,90,52,,100,,"0,00","0,00","0,00",2026-08-07T20:15:03.924257
2023,Abril,4,1101,1,,128,,339032,,339032,3,3,90,32,,100,,"0,00","5.849,90","5.849,90",2026-08-07T20:15:03.924257
2023,Abril,4,1101,1,,128,,339036,,339036,3,3,90,36,,100,,"24.603,44","24.603,44","25.429,26",2026-08-07T20:15:03.924257
2023,Abril,4,1101,1,,128,,339039,,339039,3,3,90,39,,100,,"59.834,88","74.715,39","74.715,39",2026-08-07T20:15:03.924257
2023,Abril,4,1101,1,,131,,339037,,339037,3,3,90,37,,100,,"0,00","565.543,88","565.543,88",2026-08-07T20:15:03.924257
2023,Abril,4,1101,1,,131,,339039,,339039,3,3,90,39,,100,,"690.832,22","37.445,79","37.445,79",2026-08-07T20:15:03.924257
2023,Abril,4,1101,1,,131,,449052,,449052,4,4,90,52,,100,,"0,00","0,00","0,00",2026-08-07T20:15:03.924257
2023,Abril,4,1101,1,,31,,339031,,339031,3,3,90,31,,100,,"0,00","0,00","0,00",2026-08-07T20:15:03.924257
2023,Abril,4,1101,1,,31,,339032,,339032,3,3,90,32,,100,,"0,00","0,00","0,00",2026-08-07T20:15:03.924257
2023,Abril,4,1101,1,,31,,339039,,339039,3,3,90,39,,100,,"990.000,00","484.335,68","484.335,68",2026-08-07T20:15:03.924257
2023,Abril,4,1101,1,,392,,339031,,339031,3,3,90,31,,100,,"0,00","0,00","0,00",2026-08-07T20:15:03.924257
2023,Abril,4,1101,1,,392,,339036,,339036,3,3,90,36,,100,,"0,00","0,00","0,00",2026-08-07T20:15:03.924257
2023,Abril,4,1101,1,,392,,339039,,339039,3,3,90,39,,100,,"0,00","0,00","0,00",2026-08-07T20:15:03.924257
2023,Abril,4,1101,1,,392,,339092,,339092,3,3,90,92,,100,,"0,00","3.000,00","2.670,00",2026-08-07T20:15:03.924257
2023,Abril,4,1101,28,,845,,339139,,339139,3,3,91,39,,100,,"0,00","0,00","0,00",2026-08-07T20:15:03.924257
2023,Abril,4,1101,28,,846,,319091,,319091,3,1,90,91,,100,,"9.133,05","9.133,05","9.133,05",2026-08-07T20:15:03.924257
2023,Abril,4,1101,28,,846,,319092,,319092,3,1,90,92,,100,,"0,00","0,00","0,00",2026-08-07T20:15:03.924257
2023,Abril,4,1101,28,,846,,319094,,319094,3,1,90,94,,100,,"295.361,14","265.277,89","264.493,07",2026-08-07T20:15:03.924257
2023,Abril,4,1101,28,,846,,319096,,319096,3,1,90,96,,100,,"783.721,89","255.652,63","243.998,25",2026-08-07T20:15:03.924257
2023,Abril,4,1101,28,,846,,339091,,339091,3,3,90,91,,100,,"0,00","0,00","0,00",2026-08-07T20:15:03.924257
2023,Abril,4,1101,28,,846,,339092,,339092,3,3,90,92,,100,,"0,00","0,00","0,00",2026-08-07T20:15:03.924257
2023,Abril,4,1101,28,,846,,339093,,339093,3,3,90,93,,100,,"83,60","162.033,61","162.033,61",2026-08-07T20:15:03.924257
2023,Maio,5,1101,1,,122,,319007,,319007,3,1,90,07,,100,,"0,00","278.845,87","278.845,87",2026-08-07T20:15:03.924257
2023,Maio,5,1101,1,,122,,319011,,319011,3,1,90,11,,100,,"31.916.240,45","31.758.146,32","31.740.108,28",2026-08-07T20:15:03.924257
2023,Maio,5,1101,1,,122,,319013,,319013,3,1,90,13,,100,,"0,00","2.154.438,53","2.154.726,37",2026-08-07T20:15:03.924257
2023,Maio,5,1101,1,,122,,319016,,319016,3,1,90,16,,100,,"107.003,70","107.003,70","107.003,70",2026-08-07T20:15:03.924257
2023,Maio,5,1101,1,,122,,319092,,319092,3,1,90,92,,100,,"132.105,93","132.105,93","132.105,93",2026-08-07T20:15:03.924257
2023,Maio,5,1101,1,,122,,319113,,319113,3,1,91,13,,100,,"0,00","4.267.332,74","4.267.332,74",2026-08-07T20:15:03.924257
2023,Maio,5,1101,1,,122,,339008,,339008,3,3,90,08,,100,,"406.628,68","405.664,61","405.664,61",2026-08-07T20:15:03.924257
2023,Maio,5,1101,1,,122,,339014,,339014,3,3,90,14,,100,,"0,00","0,00","0,00",2026-08-07T20:15:03.924257
2023,Maio,5,1101,1,,122,,339030,,339030,3,3,90,30,,100,,"54.706,08","67.790,24","72.860,70",2026-08-07T20:15:03.924257
2023,Maio,5,1101,1,,122,,339033,,339033,3,3,90,33,,100,,"0,00","0,00","0,00",2026-08-07T20:15:03.924257
2023,Maio,5,1101,1,,122,,339035,,339035,3,3,90,35,,100,,"0,00","0,00","42.250,00",2026-08-07T20:15:03.924257
2023,Maio,5,1101,1,,122,,339036,,339036,3,3,90,36,,100,,"0,00","0,00","0,00",2026-08-07T20:15:03.924257
2023,Maio,5,1101,1,,122,,339037,,339037,3,3,90,37,,100,,"328.332,41","785.160,49","790.766,75",2026-08-07T20:15:03.924257
2023,Maio,5,1101,1,,122,,339039,,339039,3,3,90,39,,100,,"180.100,81","1.058.869,66","1.068.930,73",2026-08-07T20:15:03.924257
2023,Maio,5,1101,1,,122,,339046,,339046,3,3,90,46,,100,,"2.874.286,24","2.829.018,15","2.829.495,15",2026-08-07T20:15:03.924257
2023,Maio,5,1101,1,,122,,339047,,339047,3,3,90,47,,100,,"0,00","600,00","600,00",2026-08-07T20:15:03.924257
2023,Maio,5,1101,1,,122,,339049,,339049,3,3,90,49,,100,,"42.687,98","41.768,85","41.630,47",2026-08-07T20:15:03.924257
2023,Maio,5,1101,1,,122,,339092,,339092,3,3,90,92,,100,,"0,00","1.345,72","1.345,72",2026-08-07T20:15:03.924257
2023,Maio,5,1101,1,,122,,339093,,339093,3,3,90,93,,100,,"4.854,55","4.854,55","4.854,55",2026-08-07T20:15:03.924257
2023,Maio,5,1101,1,,122,,449051,,449051,4,4,90,51,,100,,"0,00","1.599,67","1.599,67",2026-08-07T20:15:03.924257
2023,Maio,5,1101,1,,122,,449052,,449052,4,4,90,52,,100,,"19.014,42","6.230,00","6.230,00",2026-08-07T20:15:03.924257
2023,Maio,5,1101,1,,126,,339030,,339030,3,3,90,30,,100,,"0,00","35.944,80","35.944,80",2026-08-07T20:15:03.924257
2023,Maio,5,1101,1,,126,,339039,,339039,3,3,90,39,,100,,"0,00","302.881,85","302.881,85",2026-08-07T20:15:03.924257
2023,Maio,5,1101,1,,126,,339040,,339040,3,3,90,40,,100,,"183.199,37","480.332,31","483.854,52",2026-08-07T20:15:03.924257
2023,Maio,5,1101,1,,126,,449040,,449040,4,4,90,40,,100,,"1.063.998,15","94.040,59","94.040,59",2026-08-07T20:15:03.924257
2023,Maio,5,1101,1,,126,,449052,,449052,4,4,90,52,,100,,"0,00","50.100,00","50.100,00",2026-08-07T20:15:03.924257
2023,Maio,5,1101,1,,128,,339032,,339032,3,3,90,32,,100,,"0,00","6.954,00","6.954,00",2026-08-07T20:15:03.924257
2023,Maio,5,1101,1,,128,,339036,,339036,3,3,90,36,,100,,"25.598,57","23.381,73","23.381,73",2026-08-07T20:15:03.924257
2023,Maio,5,1101,1,,128,,339039,,339039,3,3,90,39,,100,,"9.820,00","75.684,17","75.684,17",2026-08-07T20:15:03.924257
2023,Maio,5,1101,1,,131,,339037,,339037,3,3,90,37,,100,,"315.395,30","1.200.184,44","1.160.613,32",2026-08-07T20:15:03.924257
2023,Maio,5,1101,1,,131,,339039,,339039,3,3,90,39,,100,,"9.000,00","38.676,61","38.676,61",2026-08-07T20:15:03.924257
2023,Maio,5,1101,1,,131,,339092,,339092,3,3,90,92,,100,,"20.235,67","20.235,67","20.235,67",2026-08-07T20:15:03.924257
2023,Maio,5,1101,1,,131,,449052,,449052,4,4,90,52,,100,,"0,00","0,00","0,00",2026-08-07T20:15:03.924257
2023,Maio,5,1101,1,,31,,339031,,339031,3,3,90,31,,100,,"0,00","0,00","0,00",2026-08-07T20:15:03.924257
2023,Maio,5,1101,1,,31,,339032,,339032,3,3,90,32,,100,,"0,00","0,00","0,00",2026-08-07T20:15:03.924257
2023,Maio,5,1101,1,,31,,339039,,339039,3,3,90,39,,100,,"5.580.000,00","2.673.679,54","2.673.679,54",2026-08-07T20:15:03.924257
2023,Maio,5,1101,1,,392,,339031,,339031,3,3,90,31,,100,,"0,00","0,00","0,00",2026-08-07T20:15:03.924257
2023,Maio,5,1101,1,,392,,339036,,339036,3,3,90,36,,100,,"0,00","0,00","0,00",2026-08-07T20:15:03.924257
2023,Maio,5,1101,1,,392,,339039,,339039,3,3,90,39,,100,,"0,00","0,00","0,00",2026-08-07T20:15:03.924257
2023,Maio,5,1101,1,,392,,339092,,339092,3,3,90,92,,100,,"0,00","0,00","330,00",2026-08-07T20:15:03.924257
2023,Maio,5,1101,28,,845,,339139,,339139,3,3,91,39,,100,,"0,00","0,00","0,00",2026-08-07T20:15:03.924257
2023,Maio,5,1101,28,,846,,319091,,319091,3,1,90,91,,100,,"10.024,53","10.024,53","10.024,53",2026-08-07T20:15:03.924257
2023,Maio,5,1101,28,,846,,319092,,319092,3,1,90,92,,100,,"0,00","0,00","0,00",2026-08-07T20:15:03.924257
2023,Maio,5,1101,28,,846,,319094,,319094,3,1,90,94,,100,,"893.788,41","923.871,66","924.656,48",2026-08-07T20:15:03.924257
2023,Maio,5,1101,28,,846,,319096,,319096,3,1,90,96,,100,,"190.135,30","59.870,29","71.524,67",2026-08-07T20:15:03.924257
2023,Maio,5,1101,28,,846,,339091,,339091,3,3,90,91,,100,,"0,00","0,00","0,00",2026-08-07T20:15:03.924257
2023,Maio,5,1101,28,,846,,339092,,339092,3,3,90,92,,100,,"0,00","0,00","0,00",2026-08-07T20:15:03.924257
2023,Maio,5,1101,28,,846,,339093,,339093,3,3,90,93,,100,,"0,00","172.360,48","172.360,48",2026-08-07T20:15:03.924257
2023,Junho,6,1101,1,,122,,319007,,319007,3,1,90,07,,100,,"0,00","259.417,90","259.417,90",2026-08-07T20:15:03.924257
2023,Junho,6,1101,1,,122,,319011,,319011,3,1,90,11,,100,,"38.762.889,26","38.659.580,76","38.652.934,19",2026-08-07T20:15:03.924257
2023,Junho,6,1101,1,,122,,319013,,319013,3,1,90,13,,100,,"0,00","2.168.772,22","2.168.772,22",2026-08-07T20:15:03.924257
2023,Junho,6,1101,1,,122,,319016,,319016,3,1,90,16,,100,,"125.394,79","125.394,79","125.394,79",2026-08-07T20:15:03.924257
2023,Junho,6,1101,1,,122,,319092,,319092,3,1,90,92,,100,,"659.383,53","659.383,53","659.383,53",2026-08-07T20:15:03.924257
2023,Junho,6,1101,1,,122,,319113,,319113,3,1,91,13,,100,,"0,00","4.085.690,40","4.085.690,40",2026-08-07T20:15:03.924257
2023,Junho,6,1101,1,,122,,339008,,339008,3,3,90,08,,100,,"402.707,20","402.707,20","402.707,20",2026-08-07T20:15:03.924257
2023,Junho,6,1101,1,,122,,339014,,339014,3,3,90,14,,100,,"0,00","0,00","0,00",2026-08-07T20:15:03.924257
2023,Junho,6,1101,1,,122,,339030,,339030,3,3,90,30,,100,,"102.070,00","77.151,76","77.151,76",2026-08-07T20:15:03.924257
2023,Junho,6,1101,1,,122,,339033,,339033,3,3,90,33,,100,,"0,00","0,00","0,00",2026-08-07T20:15:03.924257
2023,Junho,6,1101,1,,122,,339035,,339035,3,3,90,35,,100,,"0,00","0,00","0,00",2026-08-07T20:15:03.924257
2023,Junho,6,1101,1,,122,,339036,,339036,3,3,90,36,,100,,"0,00","0,00","0,00",2026-08-07T20:15:03.924257
2023,Junho,6,1101,1,,122,,339037,,339037,3,3,90,37,,100,,"1.181.830,10","799.344,85","792.264,88",2026-08-07T20:15:03.924257
2023,Junho,6,1101,1,,122,,339039,,339039,3,3,90,39,,100,,"115.249,28","768.069,57","765.949,64",2026-08-07T20:15:03.924257
2023,Junho,6,1101,1,,122,,339046,,339046,3,3,90,46,,100,,"2.867.584,31","2.827.433,53","2.825.514,50",2026-08-07T20:15:03.924257
2023,Junho,6,1101,1,,122,,339047,,339047,3,3,90,47,,100,,"0,00","0,00","0,00",2026-08-07T20:15:03.924257
2023,Junho,6,1101,1,,122,,339049,,339049,3,3,90,49,,100,,"43.883,09","42.857,41","43.172,86",2026-08-07T20:15:03.924257
2023,Junho,6,1101,1,,122,,339092,,339092,3,3,90,92,,100,,"0,00","0,00","0,00",2026-08-07T20:15:03.924257
2023,Junho,6,1101,1,,122,,339093,,339093,3,3,90,93,,100,,"0,00","0,00","0,00",2026-08-07T20:15:03.924257
2023,Junho,6,1101,1,,122,,449051,,449051,4,4,90,51,,100,,"0,00","1.599,67","1.599,67",2026-08-07T20:15:03.924257
2023,Junho,6,1101,1,,122,,449052,,449052,4,4,90,52,,100,,"7.386,90","3.748,42","3.748,42",2026-08-07T20:15:03.924257
2023,Junho,6,1101,1,,126,,339030,,339030,3,3,90,30,,100,,"0,00","0,00","0,00",2026-08-07T20:15:03.924257
2023,Junho,6,1101,1,,126,,339039,,339039,3,3,90,39,,100,,"0,00","269.603,32","269.603,32",2026-08-07T20:15:03.924257
2023,Junho,6,1101,1,,126,,339040,,339040,3,3,90,40,,100,,"280.235,16","747.225,48","747.225,48",2026-08-07T20:15:03.924257
2023,Junho,6,1101,1,,126,,449040,,449040,4,4,90,40,,100,,"0,00","54.468,38","54.468,38",2026-08-07T20:15:03.924257
2023,Junho,6,1101,1,,126,,449052,,449052,4,4,90,52,,100,,"0,00","0,00","0,00",2026-08-07T20:15:03.924257
2023,Junho,6,1101,1,,128,,339032,,339032,3,3,90,32,,100,,"75.312,00","8.035,70","8.035,70",2026-08-07T20:15:03.924257
2023,Junho,6,1101,1,,128,,339036,,339036,3,3,90,36,,100,,"53.231,55","53.231,55","53.231,55",2026-08-07T20:15:03.924257
2023,Junho,6,1101,1,,128,,339039,,339039,3,3,90,39,,100,,"23.972,35","79.592,10","79.592,10",2026-08-07T20:15:03.924257
2023,Junho,6,1101,1,,131,,339037,,339037,3,3,90,37,,100,,"0,00","577.450,04","596.810,41",2026-08-07T20:15:03.924257
2023,Junho,6,1101,1,,131,,339039,,339039,3,3,90,39,,100,,"0,00","84.076,61","84.076,61",2026-08-07T20:15:03.924257
2023,Junho,6,1101,1,,131,,339092,,339092,3,3,90,92,,100,,"0,00","0,00","0,00",2026-08-07T20:15:03.924257
2023,Junho,6,1101,1,,131,,449052,,449052,4,4,90,52,,100,,"0,00","0,00","0,00",2026-08-07T20:15:03.924257
2023,Junho,6,1101,1,,31,,339031,,339031,3,3,90,31,,100,,"0,00","0,00","0,00",2026-08-07T20:15:03.924257
2023,Junho,6,1101,1,,31,,339032,,339032,3,3,90,32,,100,,"0,00","0,00","0,00",2026-08-07T20:15:03.924257
2023,Junho,6,1101,1,,31,,339039,,339039,3,3,90,39,,100,,"0,00","2.286.887,62","2.286.887,62",2026-08-07T20:15:03.924257
2023,Junho,6,1101,1,,392,,339031,,339031,3,3,90,31,,100,,"0,00","0,00","0,00",2026-08-07T20:15:03.924257
2023,Junho,6,1101,1,,392,,339036,,339036,3,3,90,36,,100,,"0,00","0,00","0,00",2026-08-07T20:15:03.924257
2023,Junho,6,1101,1,,392,,339039,,339039,3,3,90,39,,100,,"0,00","0,00","0,00",2026-08-07T20:15:03.924257
2023,Junho,6,1101,1,,392,,339092,,339092,3,3,90,92,,100,,"0,00","0,00","0,00",2026-08-07T20:15:03.924257
2023,Junho,6,1101,28,,845,,339139,,339139,3,3,91,39,,100,,"0,00","0,00","0,00",2026-08-07T20:15:03.924257
2023,Junho,6,1101,28,,846,,319091,,319091,3,1,90,91,,100,,"9.578,79","9.578,79","9.578,79",2026-08-07T20:15:03.924257
2023,Junho,6,1101,28,,846,,319092,,319092,3,1,90,92,,100,,"1.577.075,63","1.577.075,63","1.577.075,63",2026-08-07T20:15:03.924257
2023,Junho,6,1101,28,,846,,319094,,319094,3,1,90,94,,100,,"467.330,55","464.142,31","464.142,31",2026-08-07T20:15:03.924257
2023,Junho,6,1101,28,,846,,319096,,319096,3,1,90,96,,100,,"390.666,85","287.950,44","287.950,44",2026-08-07T20:15:03.924257
2023,Junho,6,1101,28,,846,,339091,,339091,3,3,90,91,,100,,"0,00","0,00","0,00",2026-08-07T20:15:03.924257
2023,Junho,6,1101,28,,846,,339092,,339092,3,3,90,92,,100,,"0,00","0,00","0,00",2026-08-07T20:15:03.924257
2023,Junho,6,1101,28,,846,,339093,,339093,3,3,90,93,,100,,"0,00","215.521,49","215.521,49",2026-08-07T20:15:03.924257
2023,Julho,7,1101,1,,122,,319007,,319007,3,1,90,07,,100,,"0,00","267.918,95","267.918,95",2026-08-07T20:15:03.924257
2023,Julho,7,1101,1,,122,,319011,,319011,3,1,90,11,,100,,"30.628.059,65","30.519.018,71","30.515.682,21",2026-08-07T20:15:03.924257
2023,Julho,7,1101,1,,122,,319013,,319013,3,1,90,13,,100,,"92,85","2.219.077,32","2.219.077,32",2026-08-07T20:15:03.924257
2023,Julho,7,1101,1,,122,,319016,,319016,3,1,90,16,,100,,"112.966,74","112.966,74","112.966,74",2026-08-07T20:15:03.924257
2023,Julho,7,1101,1,,122,,319092,,319092,3,1,90,92,,100,,"4.733,73","4.733,73","4.733,73",2026-08-07T20:15:03.924257
2023,Julho,7,1101,1,,122,,319113,,319113,3,1,91,13,,100,,"0,00","4.171.885,92","4.171.885,92",2026-08-07T20:15:03.924257
2023,Julho,7,1101,1,,122,,339008,,339008,3,3,90,08,,100,,"408.064,23","408.064,23","408.064,23",2026-08-07T20:15:03.924257
2023,Julho,7,1101,1,,122,,339014,,339014,3,3,90,14,,100,,"0,00","0,00","0,00",2026-08-07T20:15:03.924257
2023,Julho,7,1101,1,,122,,339030,,339030,3,3,90,30,,100,,"2.045,00","30.863,33","30.863,33",2026-08-07T20:15:03.924257
2023,Julho,7,1101,1,,122,,339033,,339033,3,3,90,33,,100,,"0,00","0,00","0,00",2026-08-07T20:15:03.924257
2023,Julho,7,1101,1,,122,,339035,,339035,3,3,90,35,,100,,"0,00","0,00","0,00",2026-08-07T20:15:03.924257
2023,Julho,7,1101,1,,122,,339036,,339036,3,3,90,36,,100,,"0,00","0,00","0,00",2026-08-07T20:15:03.924257
2023,Julho,7,1101,1,,122,,339037,,339037,3,3,90,37,,100,,"0,00","871.897,52","749.141,70",2026-08-07T20:15:03.924257
2023,Julho,7,1101,1,,122,,339039,,339039,3,3,90,39,,100,,"16.866,72","445.150,83","446.503,46",2026-08-07T20:15:03.924257
2023,Julho,7,1101,1,,122,,339046,,339046,3,3,90,46,,100,,"2.931.261,72","2.902.276,96","2.904.485,28",2026-08-07T20:15:03.924257
2023,Julho,7,1101,1,,122,,339047,,339047,3,3,90,47,,100,,"0,00","0,00","0,00",2026-08-07T20:15:03.924257
2023,Julho,7,1101,1,,122,,339049,,339049,3,3,90,49,,100,,"41.071,50","40.623,81","40.749,18",2026-08-07T20:15:03.924257
2023,Julho,7,1101,1,,122,,339092,,339092,3,3,90,92,,100,,"139,86","139,86","139,86",2026-08-07T20:15:03.924257
2023,Julho,7,1101,1,,122,,339093,,339093,3,3,90,93,,100,,"0,00","0,00","0,00",2026-08-07T20:15:03.924257
2023,Julho,7,1101,1,,122,,339193,,339193,3,3,91,93,,100,,"6.081,48","3.750,72","2.700,72",2026-08-07T20:15:03.924257
2023,Julho,7,1101,1,,122,,449051,,449051,4,4,90,51,,100,,"0,00","1.599,67","1.599,67",2026-08-07T20:15:03.924257
2023,Julho,7,1101,1,,122,,449052,,449052,4,4,90,52,,100,,"47.154,00","36.453,00","36.453,00",2026-08-07T20:15:03.924257
2023,Julho,7,1101,1,,126,,339030,,339030,3,3,90,30,,100,,"0,00","0,00","0,00",2026-08-07T20:15:03.924257
2023,Julho,7,1101,1,,126,,339039,,339039,3,3,90,39,,100,,"0,00","19.423,92","19.423,92",2026-08-07T20:15:03.924257
2023,Julho,7,1101,1,,126,,339040,,339040,3,3,90,40,,100,,"21.221,05","744.601,66","744.601,66",2026-08-07T20:15:03.924257
2023,Julho,7,1101,1,,126,,449040,,449040,4,4,90,40,,100,,"290.191,00","47.899,18","47.899,18",2026-08-07T20:15:03.924257
2023,Julho,7,1101,1,,126,,449052,,449052,4,4,90,52,,100,,"0,00","0,00","0,00",2026-08-07T20:15:03.924257
2023,Julho,7,1101,1,,128,,339032,,339032,3,3,90,32,,100,,"0,00","81.998,24","81.998,24",2026-08-07T20:15:03.924257
2023,Julho,7,1101,1,,128,,339036,,339036,3,3,90,36,,100,,"47.952,54","50.169,38","49.687,82",2026-08-07T20:15:03.924257
2023,Julho,7,1101,1,,128,,339039,,339039,3,3,90,39,,100,,"47.183,69","79.414,40","79.300,16",2026-08-07T20:15:03.924257
2023,Julho,7,1101,1,,131,,339037,,339037,3,3,90,37,,100,,"3.127.637,02","577.450,04","577.450,04",2026-08-07T20:15:03.924257
2023,Julho,7,1101,1,,131,,339039,,339039,3,3,90,39,,100,,"0,00","214.590,47","214.590,47",2026-08-07T20:15:03.924257
2023,Julho,7,1101,1,,131,,339092,,339092,3,3,90,92,,100,,"0,00","0,00","0,00",2026-08-07T20:15:03.924257
2023,Julho,7,1101,1,,131,,449052,,449052,4,4,90,52,,100,,"0,00","0,00","0,00",2026-08-07T20:15:03.924257
2023,Julho,7,1101,1,,31,,339031,,339031,3,3,90,31,,100,,"0,00","0,00","0,00",2026-08-07T20:15:03.924257
2023,Julho,7,1101,1,,31,,339032,,339032,3,3,90,32,,100,,"0,00","0,00","0,00",2026-08-07T20:15:03.924257
2023,Julho,7,1101,1,,31,,339039,,339039,3,3,90,39,,100,,"6.950.216,94","1.396.380,83","1.370.122,30",2026-08-07T20:15:03.924257
2023,Julho,7,1101,1,,392,,339031,,339031,3,3,90,31,,100,,"0,00","0,00","0,00",2026-08-07T20:15:03.924257
2023,Julho,7,1101,1,,392,,339036,,339036,3,3,90,36,,100,,"0,00","0,00","0,00",2026-08-07T20:15:03.924257
2023,Julho,7,1101,1,,392,,339039,,339039,3,3,90,39,,100,,"0,00","0,00","0,00",2026-08-07T20:15:03.924257
2023,Julho,7,1101,1,,392,,339092,,339092,3,3,90,92,,100,,"0,00","0,00","0,00",2026-08-07T20:15:03.924257
2023,Julho,7,1101,28,,845,,339139,,339139,3,3,91,39,,100,,"0,00","0,00","0,00",2026-08-07T20:15:03.924257
2023,Julho,7,1101,28,,846,,319091,,319091,3,1,90,91,,100,,"9.578,79","9.578,79","9.578,79",2026-08-07T20:15:03.924257
2023,Julho,7,1101,28,,846,,319092,,319092,3,1,90,92,,100,,"0,00","0,00","0,00",2026-08-07T20:15:03.924257
2023,Julho,7,1101,28,,846,,319094,,319094,3,1,90,94,,100,,"135.097,50","129.150,67","129.150,67",2026-08-07T20:15:03.924257
2023,Julho,7,1101,28,,846,,319096,,319096,3,1,90,96,,100,,"0,00","164.809,82","164.809,82",2026-08-07T20:15:03.924257
2023,Julho,7,1101,28,,846,,339091,,339091,3,3,90,91,,100,,"0,00","0,00","0,00",2026-08-07T20:15:03.924257
2023,Julho,7,1101,28,,846,,339092,,339092,3,3,90,92,,100,,"0,00","0,00","0,00",2026-08-07T20:15:03.924257
2023,Julho,7,1101,28,,846,,339093,,339093,3,3,90,93,,100,,"0,00","190.733,72","190.733,72",2026-08-07T20:15:03.924257
2023,Agosto,8,1101,1,,122,,319007,,319007,3,1,90,07,,100,,"0,00","276.343,19","276.343,19",2026-08-07T20:15:03.924257
2023,Agosto,8,1101,1,,122,,319011,,319011,3,1,90,11,,100,,"30.282.023,98","30.076.861,75","30.076.591,27",2026-08-07T20:15:03.924257
2023,Agosto,8,1101,1,,122,,319013,,319013,3,1,90,13,,100,,"855,94","2.195.150,05","2.195.150,05",2026-08-07T20:15:03.924257
2023,Agosto,8,1101,1,,122,,319016,,319016,3,1,90,16,,100,,"101.868,97","101.868,97","101.868,97",2026-08-07T20:15:03.924257
2023,Agosto,8,1101,1,,122,,319092,,319092,3,1,90,92,,100,,"0,00","0,00","0,00",2026-08-07T20:15:03.924257
2023,Agosto,8,1101,1,,122,,319113,,319113,3,1,91,13,,100,,"0,00","4.155.320,30","4.155.320,30",2026-08-07T20:15:03.924257
2023,Agosto,8,1101,1,,122,,319192,,319192,3,1,91,92,,100,,"670.320,06","670.320,06","670.320,06",2026-08-07T20:15:03.924257
2023,Agosto,8,1101,1,,122,,339008,,339008,3,3,90,08,,100,,"423.005,87","423.005,87","423.005,87",2026-08-07T20:15:03.924257
2023,Agosto,8,1101,1,,122,,339014,,339014,3,3,90,14,,100,,"34.713,00","0,00","0,00",2026-08-07T20:15:03.924257
2023,Agosto,8,1101,1,,122,,339030,,339030,3,3,90,30,,100,,"12.000,00","55.516,25","55.516,25",2026-08-07T20:15:03.924257
2023,Agosto,8,1101,1,,122,,339033,,339033,3,3,90,33,,100,,"0,00","0,00","0,00",2026-08-07T20:15:03.924257
2023,Agosto,8,1101,1,,122,,339035,,339035,3,3,90,35,,100,,"0,00","0,00","0,00",2026-08-07T20:15:03.924257
2023,Agosto,8,1101,1,,122,,339036,,339036,3,3,90,36,,100,,"0,00","0,00","0,00",2026-08-07T20:15:03.924257
2023,Agosto,8,1101,1,,122,,339037,,339037,3,3,90,37,,100,,"262.634,40","933.586,91","714.167,55",2026-08-07T20:15:03.924257
2023,Agosto,8,1101,1,,122,,339039,,339039,3,3,90,39,,100,,"68.272,01","692.008,10","687.818,01",2026-08-07T20:15:03.924257
2023,Agosto,8,1101,1,,122,,339046,,339046,3,3,90,46,,100,,"2.903.820,96","2.885.040,18","2.882.988,44",2026-08-07T20:15:03.924257
2023,Agosto,8,1101,1,,122,,339047,,339047,3,3,90,47,,100,,"0,00","1.337,23","1.337,23",2026-08-07T20:15:03.924257
2023,Agosto,8,1101,1,,122,,339049,,339049,3,3,90,49,,100,,"32.346,45","31.797,54","32.605,01",2026-08-07T20:15:03.924257
2023,Agosto,8,1101,1,,122,,339092,,339092,3,3,90,92,,100,,"0,00","0,00","0,00",2026-08-07T20:15:03.924257
2023,Agosto,8,1101,1,,122,,339093,,339093,3,3,90,93,,100,,"0,00","0,00","0,00",2026-08-07T20:15:03.924257
2023,Agosto,8,1101,1,,122,,339139,,339139,3,3,91,39,,100,,"45.421,43","0,00","0,00",2026-08-07T20:15:03.924257
2023,Agosto,8,1101,1,,122,,339192,,339192,3,3,91,92,,100,,"0,00","0,00","0,00",2026-08-07T20:15:03.924257
2023,Agosto,8,1101,1,,122,,339193,,339193,3,3,91,93,,100,,"3.047,27","5.378,03","6.428,03",2026-08-07T20:15:03.924257
2023,Agosto,8,1101,1,,122,,449051,,449051,4,4,90,51,,100,,"0,00","1.599,67","1.599,67",2026-08-07T20:15:03.924257
2023,Agosto,8,1101,1,,122,,449052,,449052,4,4,90,52,,100,,"167.261,00","168.258,70","168.258,70",2026-08-07T20:15:03.924257
2023,Agosto,8,1101,1,,122,,449092,,449092,4,4,90,92,,100,,"0,00","0,00","0,00",2026-08-07T20:15:03.924257
2023,Agosto,8,1101,1,,126,,339030,,339030,3,3,90,30,,100,,"0,00","0,00","0,00",2026-08-07T20:15:03.924257
2023,Agosto,8,1101,1,,126,,339039,,339039,3,3,90,39,,100,,"0,00","19.423,92","19.423,92",2026-08-07T20:15:03.924257
2023,Agosto,8,1101,1,,126,,339040,,339040,3,3,90,40,,100,,"25.551,91","375.967,43","347.481,44",2026-08-07T20:15:03.924257
2023,Agosto,8,1101,1,,126,,449040,,449040,4,4,90,40,,100,,"0,00","151.042,05","151.042,05",2026-08-07T20:15:03.924257
2023,Agosto,8,1101,1,,126,,449052,,449052,4,4,90,52,,100,,"0,00","0,00","0,00",2026-08-07T20:15:03.924257
2023,Agosto,8,1101,1,,128,,339032,,339032,3,3,90,32,,100,,"0,00","0,00","0,00",2026-08-07T20:15:03.924257
2023,Agosto,8,1101,1,,128,,339036,,339036,3,3,90,36,,100,,"0,00","0,00","452,18",2026-08-07T20:15:03.924257
2023,Agosto,8,1101,1,,128,,339039,,339039,3,3,90,39,,100,,"26.335,70","54.709,70","54.709,70",2026-08-07T20:15:03.924257
2023,Agosto,8,1101,1,,131,,339037,,339037,3,3,90,37,,100,,"0,00","557.768,37","558.448,36",2026-08-07T20:15:03.924257
2023,Agosto,8,1101,1,,131,,339039,,339039,3,3,90,39,,100,,"0,00","37.677,63","37.677,63",2026-08-07T20:15:03.924257
2023,Agosto,8,1101,1,,131,,339092,,339092,3,3,90,92,,100,,"0,00","0,00","0,00",2026-08-07T20:15:03.924257
2023,Agosto,8,1101,1,,131,,449052,,449052,4,4,90,52,,100,,"360,00","0,00","0,00",2026-08-07T20:15:03.924257
2023,Agosto,8,1101,1,,31,,339031,,339031,3,3,90,31,,100,,"0,00","0,00","0,00",2026-08-07T20:15:03.924257
2023,Agosto,8,1101,1,,31,,339032,,339032,3,3,90,32,,100,,"0,00","0,00","0,00",2026-08-07T20:15:03.924257
2023,Agosto,8,1101,1,,31,,339039,,339039,3,3,90,39,,100,,"'-513,34","2.053.744,73","1.449.752,72",2026-08-07T20:15:03.924257
2023,Agosto,8,1101,1,,31,,339139,,339139,3,3,91,39,,100,,"97.861,60","0,00","0,00",2026-08-07T20:15:03.924257
2023,Agosto,8,1101,1,,392,,339031,,339031,3,3,90,31,,100,,"0,00","0,00","0,00",2026-08-07T20:15:03.924257
2023,Agosto,8,1101,1,,392,,339036,,339036,3,3,90,36,,100,,"0,00","0,00","0,00",2026-08-07T20:15:03.924257
2023,Agosto,8,1101,1,,392,,339039,,339039,3,3,90,39,,100,,"0,00","0,00","0,00",2026-08-07T20:15:03.924257
2023,Agosto,8,1101,1,,392,,339092,,339092,3,3,90,92,,100,,"3.000,00","3.000,00","0,00",2026-08-07T20:15:03.924257
2023,Agosto,8,1101,28,,845,,339139,,339139,3,3,91,39,,100,,"0,00","0,00","0,00",2026-08-07T20:15:03.924257
2023,Agosto,8,1101,28,,846,,319091,,319091,3,1,90,91,,100,,"9.578,79","9.578,79","9.578,79",2026-08-07T20:15:03.924257
2023,Agosto,8,1101,28,,846,,319092,,319092,3,1,90,92,,100,,"0,00","0,00","0,00",2026-08-07T20:15:03.924257
2023,Agosto,8,1101,28,,846,,319094,,319094,3,1,90,94,,100,,"119.102,66","108.141,39","108.141,39",2026-08-07T20:15:03.924257
2023,Agosto,8,1101,28,,846,,319096,,319096,3,1,90,96,,100,,"20.309,08","115.536,04","115.536,04",2026-08-07T20:15:03.924257
2023,Agosto,8,1101,28,,846,,339091,,339091,3,3,90,91,,100,,"0,00","0,00","0,00",2026-08-07T20:15:03.924257
2023,Agosto,8,1101,28,,846,,339092,,339092,3,3,90,92,,100,,"0,00","0,00","0,00",2026-08-07T20:15:03.924257
2023,Agosto,8,1101,28,,846,,339093,,339093,3,3,90,93,,100,,"0,00","198.628,30","198.628,30",2026-08-07T20:15:03.924257
2023,Setembro,9,1101,1,,122,,319007,,319007,3,1,90,07,,100,,"0,00","308.942,00","308.942,00",2026-08-07T20:15:03.924257
2023,Setembro,9,1101,1,,122,,319011,,319011,3,1,90,11,,100,,"31.426.871,59","31.309.378,81","31.304.531,90",2026-08-07T20:15:03.924257
2023,Setembro,9,1101,1,,122,,319013,,319013,3,1,90,13,,100,,"0,00","2.177.547,97","2.177.547,96",2026-08-07T20:15:03.924257
2023,Setembro,9,1101,1,,122,,319016,,319016,3,1,90,16,,100,,"159.968,42","159.968,42","159.968,42",2026-08-07T20:15:03.924257
2023,Setembro,9,1101,1,,122,,319092,,319092,3,1,90,92,,100,,"238.678,79","238.678,79","238.678,79",2026-08-07T20:15:03.924257
2023,Setembro,9,1101,1,,122,,319113,,319113,3,1,91,13,,100,,"0,00","4.223.015,78","4.223.015,78",2026-08-07T20:15:03.924257
2023,Setembro,9,1101,1,,122,,319192,,319192,3,1,91,92,,100,,"0,00","0,00","0,00",2026-08-07T20:15:03.924257
2023,Setembro,9,1101,1,,122,,339008,,339008,3,3,90,08,,100,,"442.736,71","442.736,71","442.736,71",2026-08-07T20:15:03.924257
2023,Setembro,9,1101,1,,122,,339014,,339014,3,3,90,14,,100,,"0,00","34.713,00","34.713,00",2026-08-07T20:15:03.924257
2023,Setembro,9,1101,1,,122,,339030,,339030,3,3,90,30,,100,,"122.376,66","55.220,03","55.220,03",2026-08-07T20:15:03.924257
2023,Setembro,9,1101,1,,122,,339033,,339033,3,3,90,33,,100,,"23.390,00","23.390,00","23.390,00",2026-08-07T20:15:03.924257
2023,Setembro,9,1101,1,,122,,339035,,339035,3,3,90,35,,100,,"0,00","0,00","0,00",2026-08-07T20:15:03.924257
2023,Setembro,9,1101,1,,122,,339036,,339036,3,3,90,36,,100,,"0,00","0,00","0,00",2026-08-07T20:15:03.924257
2023,Setembro,9,1101,1,,122,,339037,,339037,3,3,90,37,,100,,"0,00","610.695,95","625.281,99",2026-08-07T20:15:03.924257
2023,Setembro,9,1101,1,,122,,339039,,339039,3,3,90,39,,100,,"520.376,48","629.422,69","647.022,72",2026-08-07T20:15:03.924257
2023,Setembro,9,1101,1,,122,,339046,,339046,3,3,90,46,,100,,"2.898.169,72","2.861.975,75","2.861.932,96",2026-08-07T20:15:03.924257
2023,Setembro,9,1101,1,,122,,339047,,339047,3,3,90,47,,100,,"0,00","53,41","53,41",2026-08-07T20:15:03.924257
2023,Setembro,9,1101,1,,122,,339049,,339049,3,3,90,49,,100,,"95.475,72","34.441,08","34.800,13",2026-08-07T20:15:03.924257
2023,Setembro,9,1101,1,,122,,339092,,339092,3,3,90,92,,100,,"0,00","0,00","0,00",2026-08-07T20:15:03.924257
2023,Setembro,9,1101,1,,122,,339093,,339093,3,3,90,93,,100,,"0,00","0,00","0,00",2026-08-07T20:15:03.924257
2023,Setembro,9,1101,1,,122,,339139,,339139,3,3,91,39,,100,,"0,00","0,00","0,00",2026-08-07T20:15:03.924257
2023,Setembro,9,1101,1,,122,,339192,,339192,3,3,91,92,,100,,"0,00","0,00","0,00",2026-08-07T20:15:03.924257
2023,Setembro,9,1101,1,,122,,339193,,339193,3,3,91,93,,100,,"2.005,52","2.005,52","1.305,52",2026-08-07T20:15:03.924257
2023,Setembro,9,1101,1,,122,,449051,,449051,4,4,90,51,,100,,"0,00","1.599,67","1.599,67",2026-08-07T20:15:03.924257
2023,Setembro,9,1101,1,,122,,449052,,449052,4,4,90,52,,100,,"0,00","29.106,20","29.106,20",2026-08-07T20:15:03.924257
2023,Setembro,9,1101,1,,122,,449092,,449092,4,4,90,92,,100,,"0,00","0,00","0,00",2026-08-07T20:15:03.924257
2023,Setembro,9,1101,1,,126,,339030,,339030,3,3,90,30,,100,,"0,00","0,00","0,00",2026-08-07T20:15:03.924257
2023,Setembro,9,1101,1,,126,,339039,,339039,3,3,90,39,,100,,"0,00","421.186,35","421.186,35",2026-08-07T20:15:03.924257
2023,Setembro,9,1101,1,,126,,339040,,339040,3,3,90,40,,100,,"2.624.985,14","811.264,83","788.574,14",2026-08-07T20:15:03.924257
2023,Setembro,9,1101,1,,126,,449040,,449040,4,4,90,40,,100,,"13.969,44","111.873,68","111.873,68",2026-08-07T20:15:03.924257
2023,Setembro,9,1101,1,,126,,449052,,449052,4,4,90,52,,100,,"1.334.343,00","0,00","0,00",2026-08-07T20:15:03.924257
2023,Setembro,9,1101,1,,128,,339032,,339032,3,3,90,32,,100,,"0,00","11.962,50","11.962,50",2026-08-07T20:15:03.924257
2023,Setembro,9,1101,1,,128,,339036,,339036,3,3,90,36,,100,,"40.537,87","40.537,87","40.567,25",2026-08-07T20:15:03.924257
2023,Setembro,9,1101,1,,128,,339039,,339039,3,3,90,39,,100,,"82.674,76","114.844,40","114.958,64",2026-08-07T20:15:03.924257
2023,Setembro,9,1101,1,,131,,339037,,339037,3,3,90,37,,100,,"0,00","558.506,61","558.489,64",2026-08-07T20:15:03.924257
2023,Setembro,9,1101,1,,131,,339039,,339039,3,3,90,39,,100,,"45.485,36","121.864,91","121.864,91",2026-08-07T20:15:03.924257
2023,Setembro,9,1101,1,,131,,339092,,339092,3,3,90,92,,100,,"0,00","0,00","0,00",2026-08-07T20:15:03.924257
2023,Setembro,9,1101,1,,131,,449052,,449052,4,4,90,52,,100,,"0,00","0,00","0,00",2026-08-07T20:15:03.924257
2023,Setembro,9,1101,1,,31,,339031,,339031,3,3,90,31,,100,,"0,00","0,00","0,00",2026-08-07T20:15:03.924257
2023,Setembro,9,1101,1,,31,,339032,,339032,3,3,90,32,,100,,"0,00","0,00","0,00",2026-08-07T20:15:03.924257
2023,Setembro,9,1101,1,,31,,339039,,339039,3,3,90,39,,100,,"366.884,00","3.311.325,57","3.941.576,11",2026-08-07T20:15:03.924257
2023,Setembro,9,1101,1,,31,,339139,,339139,3,3,91,39,,100,,"0,00","6.446,72","0,00",2026-08-07T20:15:03.924257
2023,Setembro,9,1101,1,,392,,339031,,339031,3,3,90,31,,100,,"0,00","0,00","0,00",2026-08-07T20:15:03.924257
2023,Setembro,9,1101,1,,392,,339036,,339036,3,3,90,36,,100,,"0,00","0,00","0,00",2026-08-07T20:15:03.924257
2023,Setembro,9,1101,1,,392,,339039,,339039,3,3,90,39,,100,,"0,00","0,00","0,00",2026-08-07T20:15:03.924257
2023,Setembro,9,1101,1,,392,,339092,,339092,3,3,90,92,,100,,"0,00","0,00","2.670,00",2026-08-07T20:15:03.924257
2023,Setembro,9,1101,28,,845,,339139,,339139,3,3,91,39,,100,,"0,00","0,00","0,00",2026-08-07T20:15:03.924257
2023,Setembro,9,1101,28,,846,,319091,,319091,3,1,90,91,,100,,"10.046,31","10.046,31","10.046,31",2026-08-07T20:15:03.924257
2023,Setembro,9,1101,28,,846,,319092,,319092,3,1,90,92,,100,,"0,00","0,00","0,00",2026-08-07T20:15:03.924257
2023,Setembro,9,1101,28,,846,,319094,,319094,3,1,90,94,,100,,"169.491,73","168.506,26","163.229,73",2026-08-07T20:15:03.924257
2023,Setembro,9,1101,28,,846,,319096,,319096,3,1,90,96,,100,,"0,00","171.937,79","171.937,79",2026-08-07T20:15:03.924257
2023,Setembro,9,1101,28,,846,,339091,,339091,3,3,90,91,,100,,"0,00","0,00","0,00",2026-08-07T20:15:03.924257
2023,Setembro,9,1101,28,,846,,339092,,339092,3,3,90,92,,100,,"0,00","0,00","0,00",2026-08-07T20:15:03.924257
2023,Setembro,9,1101,28,,846,,339093,,339093,3,3,90,93,,100,,"0,00","212.501,30","212.501,30",2026-08-07T20:15:03.924257
2023,Outubro,10,1101,1,,122,,319007,,319007,3,1,90,07,,100,,"0,00","305.303,00","305.303,00",2026-08-07T20:15:03.924257
2023,Outubro,10,1101,1,,122,,319011,,319011,3,1,90,11,,100,,"32.166.002,95","32.044.837,39","32.037.661,81",2026-08-07T20:15:03.924257
2023,Outubro,10,1101,1,,122,,319013,,319013,3,1,90,13,,100,,"0,00","2.291.392,49","2.291.392,50",2026-08-07T20:15:03.924257
2023,Outubro,10,1101,1,,122,,319016,,319016,3,1,90,16,,100,,"166.177,34","166.177,34","166.177,34",2026-08-07T20:15:03.924257
2023,Outubro,10,1101,1,,122,,319092,,319092,3,1,90,92,,100,,"857,72","857,72","857,72",2026-08-07T20:15:03.924257
2023,Outubro,10,1101,1,,122,,319113,,319113,3,1,91,13,,100,,"0,00","4.239.399,67","4.239.399,67",2026-08-07T20:15:03.924257
2023,Outubro,10,1101,1,,122,,319192,,319192,3,1,91,92,,100,,"0,00","0,00","0,00",2026-08-07T20:15:03.924257
2023,Outubro,10,1101,1,,122,,339008,,339008,3,3,90,08,,100,,"420.392,31","420.082,50","420.082,50",2026-08-07T20:15:03.924257
2023,Outubro,10,1101,1,,122,,339014,,339014,3,3,90,14,,100,,"11.738,61","8.615,25","8.615,25",2026-08-07T20:15:03.924257
2023,Outubro,10,1101,1,,122,,339030,,339030,3,3,90,30,,100,,"37.010,00","134.836,66","117.649,94",2026-08-07T20:15:03.924257
2023,Outubro,10,1101,1,,122,,339033,,339033,3,3,90,33,,100,,"101.335,30","0,00","0,00",2026-08-07T20:15:03.924257
2023,Outubro,10,1101,1,,122,,339035,,339035,3,3,90,35,,100,,"0,00","0,00","0,00",2026-08-07T20:15:03.924257
2023,Outubro,10,1101,1,,122,,339036,,339036,3,3,90,36,,100,,"0,00","0,00","0,00",2026-08-07T20:15:03.924257
2023,Outubro,10,1101,1,,122,,339037,,339037,3,3,90,37,,100,,"0,00","1.010.632,47","989.216,56",2026-08-07T20:15:03.924257
2023,Outubro,10,1101,1,,122,,339039,,339039,3,3,90,39,,100,,"1.083.743,08","669.939,97","670.446,07",2026-08-07T20:15:03.924257
2023,Outubro,10,1101,1,,122,,339046,,339046,3,3,90,46,,100,,"2.880.621,49","2.864.303,32","2.866.445,06",2026-08-07T20:15:03.924257
2023,Outubro,10,1101,1,,122,,339047,,339047,3,3,90,47,,100,,"0,00","600,00","600,00",2026-08-07T20:15:03.924257
2023,Outubro,10,1101,1,,122,,339049,,339049,3,3,90,49,,100,,"0,00","29.629,21","29.791,21",2026-08-07T20:15:03.924257
2023,Outubro,10,1101,1,,122,,339092,,339092,3,3,90,92,,100,,"0,00","0,00","0,00",2026-08-07T20:15:03.924257
2023,Outubro,10,1101,1,,122,,339093,,339093,3,3,90,93,,100,,"0,00","0,00","0,00",2026-08-07T20:15:03.924257
2023,Outubro,10,1101,1,,122,,339139,,339139,3,3,91,39,,100,,"0,00","0,00","0,00",2026-08-07T20:15:03.924257
2023,Outubro,10,1101,1,,122,,339192,,339192,3,3,91,92,,100,,"0,00","0,00","0,00",2026-08-07T20:15:03.924257
2023,Outubro,10,1101,1,,122,,339193,,339193,3,3,91,93,,100,,"2.919,32","2.919,32","3.619,32",2026-08-07T20:15:03.924257
2023,Outubro,10,1101,1,,122,,449051,,449051,4,4,90,51,,100,,"0,00","1.599,67","1.599,67",2026-08-07T20:15:03.924257
2023,Outubro,10,1101,1,,122,,449052,,449052,4,4,90,52,,100,,"0,00","5.286,90","5.286,90",2026-08-07T20:15:03.924257
2023,Outubro,10,1101,1,,122,,449092,,449092,4,4,90,92,,100,,"0,00","0,00","0,00",2026-08-07T20:15:03.924257
2023,Outubro,10,1101,1,,126,,339030,,339030,3,3,90,30,,100,,"0,00","0,00","0,00",2026-08-07T20:15:03.924257
2023,Outubro,10,1101,1,,126,,339039,,339039,3,3,90,39,,100,,"5.900,00","6.474,64","6.474,64",2026-08-07T20:15:03.924257
2023,Outubro,10,1101,1,,126,,339040,,339040,3,3,90,40,,100,,"703,15","569.169,09","620.212,41",2026-08-07T20:15:03.924257
2023,Outubro,10,1101,1,,126,,449040,,449040,4,4,90,40,,100,,"13.280,00","173.140,63","173.140,63",2026-08-07T20:15:03.924257
2023,Outubro,10,1101,1,,126,,449052,,449052,4,4,90,52,,100,,"186.551,00","0,00","0,00",2026-08-07T20:15:03.924257
2023,Outubro,10,1101,1,,128,,339032,,339032,3,3,90,32,,100,,"0,00","9.831,58","9.831,58",2026-08-07T20:15:03.924257
2023,Outubro,10,1101,1,,128,,339036,,339036,3,3,90,36,,100,,"38.322,39","38.322,39","38.322,39",2026-08-07T20:15:03.924257
2023,Outubro,10,1101,1,,128,,339039,,339039,3,3,90,39,,100,,"68.102,90","99.270,34","99.270,34",2026-08-07T20:15:03.924257
2023,Outubro,10,1101,1,,131,,339037,,339037,3,3,90,37,,100,,"0,00","0,00","19.547,73",2026-08-07T20:15:03.924257
2023,Outubro,10,1101,1,,131,,339039,,339039,3,3,90,39,,100,,"'-60.165,14","48.832,67","48.832,67",2026-08-07T20:15:03.924257
2023,Outubro,10,1101,1,,131,,339092,,339092,3,3,90,92,,100,,"0,00","0,00","0,00",2026-08-07T20:15:03.924257
2023,Outubro,10,1101,1,,131,,449052,,449052,4,4,90,52,,100,,"0,00","360,00","360,00",2026-08-07T20:15:03.924257
2023,Outubro,10,1101,1,,31,,339031,,339031,3,3,90,31,,100,,"0,00","0,00","0,00",2026-08-07T20:15:03.924257
2023,Outubro,10,1101,1,,31,,339032,,339032,3,3,90,32,,100,,"0,00","0,00","0,00",2026-08-07T20:15:03.924257
2023,Outubro,10,1101,1,,31,,339039,,339039,3,3,90,39,,100,,"2.722.610,00","2.547.091,05","2.368.447,23",2026-08-07T20:15:03.924257
2023,Outubro,10,1101,1,,31,,339139,,339139,3,3,91,39,,100,,"0,00","34.992,64","41.439,36",2026-08-07T20:15:03.924257
2023,Outubro,10,1101,1,,392,,339031,,339031,3,3,90,31,,100,,"0,00","0,00","0,00",2026-08-07T20:15:03.924257
2023,Outubro,10,1101,1,,392,,339036,,339036,3,3,90,36,,100,,"0,00","0,00","0,00",2026-08-07T20:15:03.924257
2023,Outubro,10,1101,1,,392,,339039,,339039,3,3,90,39,,100,,"0,00","0,00","0,00",2026-08-07T20:15:03.924257
2023,Outubro,10,1101,1,,392,,339092,,339092,3,3,90,92,,100,,"0,00","0,00","330,00",2026-08-07T20:15:03.924257
2023,Outubro,10,1101,28,,845,,339139,,339139,3,3,91,39,,100,,"0,00","0,00","0,00",2026-08-07T20:15:03.924257
2023,Outubro,10,1101,28,,846,,319091,,319091,3,1,90,91,,100,,"10.046,31","10.046,31","10.046,31",2026-08-07T20:15:03.924257
2023,Outubro,10,1101,28,,846,,319092,,319092,3,1,90,92,,100,,"0,00","0,00","0,00",2026-08-07T20:15:03.924257
2023,Outubro,10,1101,28,,846,,319094,,319094,3,1,90,94,,100,,"95.470,25","95.470,25","100.746,78",2026-08-07T20:15:03.924257
2023,Outubro,10,1101,28,,846,,319096,,319096,3,1,90,96,,100,,"0,00","88.785,74","88.785,74",2026-08-07T20:15:03.924257
2023,Outubro,10,1101,28,,846,,339091,,339091,3,3,90,91,,100,,"0,00","0,00","0,00",2026-08-07T20:15:03.924257
2023,Outubro,10,1101,28,,846,,339092,,339092,3,3,90,92,,100,,"0,00","0,00","0,00",2026-08-07T20:15:03.924257
2023,Outubro,10,1101,28,,846,,339093,,339093,3,3,90,93,,100,,"67.660,00","219.530,84","219.530,84",2026-08-07T20:15:03.924257
2023,Novembro,11,1101,1,,122,,319007,,319007,3,1,90,07,,100,,"734.894,88","312.768,24","312.768,24",2026-08-07T20:15:03.924257
2023,Novembro,11,1101,1,,122,,319011,,319011,3,1,90,11,,100,,"47.609.949,97","31.974.844,62","31.976.690,93",2026-08-07T20:15:03.924257
2023,Novembro,11,1101,1,,122,,319013,,319013,3,1,90,13,,100,,"38.734,27","2.358.982,19","2.358.694,35",2026-08-07T20:15:03.924257
2023,Novembro,11,1101,1,,122,,319016,,319016,3,1,90,16,,100,,"161.005,68","161.005,68","161.005,68",2026-08-07T20:15:03.924257
2023,Novembro,11,1101,1,,122,,319092,,319092,3,1,90,92,,100,,"333,87","333,87","333,87",2026-08-07T20:15:03.924257
2023,Novembro,11,1101,1,,122,,319113,,319113,3,1,91,13,,100,,"0,00","4.285.297,86","4.285.297,86",2026-08-07T20:15:03.924257
2023,Novembro,11,1101,1,,122,,319192,,319192,3,1,91,92,,100,,"0,00","0,00","0,00",2026-08-07T20:15:03.924257
2023,Novembro,11,1101,1,,122,,339008,,339008,3,3,90,08,,100,,"416.090,23","416.021,39","416.021,39",2026-08-07T20:15:03.924257
2023,Novembro,11,1101,1,,122,,339014,,339014,3,3,90,14,,100,,"8.675,99","11.799,35","11.799,35",2026-08-07T20:15:03.924257
2023,Novembro,11,1101,1,,122,,339030,,339030,3,3,90,30,,100,,"'-529.001,07","81.971,78","99.158,50",2026-08-07T20:15:03.924257
2023,Novembro,11,1101,1,,122,,339033,,339033,3,3,90,33,,100,,"'-20.000,00","8.230,75","8.230,75",2026-08-07T20:15:03.924257
2023,Novembro,11,1101,1,,122,,339035,,339035,3,3,90,35,,100,,"42.250,00","0,00","0,00",2026-08-07T20:15:03.924257
2023,Novembro,11,1101,1,,122,,339036,,339036,3,3,90,36,,100,,"0,00","0,00","0,00",2026-08-07T20:15:03.924257
2023,Novembro,11,1101,1,,122,,339037,,339037,3,3,90,37,,100,,"'-4.432,41","1.027.253,30","1.008.650,68",2026-08-07T20:15:03.924257
2023,Novembro,11,1101,1,,122,,339039,,339039,3,3,90,39,,100,,"'-625.956,45","781.452,66","782.904,66",2026-08-07T20:15:03.924257
2023,Novembro,11,1101,1,,122,,339046,,339046,3,3,90,46,,100,,"2.925.143,20","2.891.878,04","2.892.703,00",2026-08-07T20:15:03.924257
2023,Novembro,11,1101,1,,122,,339047,,339047,3,3,90,47,,100,,"0,00","0,00","0,00",2026-08-07T20:15:03.924257
2023,Novembro,11,1101,1,,122,,339049,,339049,3,3,90,49,,100,,"0,00","18.973,77","20.105,18",2026-08-07T20:15:03.924257
2023,Novembro,11,1101,1,,122,,339092,,339092,3,3,90,92,,100,,"0,00","0,00","0,00",2026-08-07T20:15:03.924257
2023,Novembro,11,1101,1,,122,,339093,,339093,3,3,90,93,,100,,"0,00","0,00","0,00",2026-08-07T20:15:03.924257
2023,Novembro,11,1101,1,,122,,339139,,339139,3,3,91,39,,100,,"0,00","15.207,22","15.207,22",2026-08-07T20:15:03.924257
2023,Novembro,11,1101,1,,122,,339192,,339192,3,3,91,92,,100,,"0,00","0,00","0,00",2026-08-07T20:15:03.924257
2023,Novembro,11,1101,1,,122,,339193,,339193,3,3,91,93,,100,,"3.808,25","3.808,25","3.808,25",2026-08-07T20:15:03.924257
2023,Novembro,11,1101,1,,122,,449051,,449051,4,4,90,51,,100,,"0,00","1.599,67","1.599,67",2026-08-07T20:15:03.924257
2023,Novembro,11,1101,1,,122,,449052,,449052,4,4,90,52,,100,,"'-69.318,40","70.085,80","70.085,80",2026-08-07T20:15:03.924257
2023,Novembro,11,1101,1,,122,,449092,,449092,4,4,90,92,,100,,"0,00","0,00","0,00",2026-08-07T20:15:03.924257
2023,Novembro,11,1101,1,,126,,339030,,339030,3,3,90,30,,100,,"0,00","0,00","0,00",2026-08-07T20:15:03.924257
2023,Novembro,11,1101,1,,126,,339039,,339039,3,3,90,39,,100,,"320.878,28","133.366,64","133.366,64",2026-08-07T20:15:03.924257
2023,Novembro,11,1101,1,,126,,339040,,339040,3,3,90,40,,100,,"'-1.024.228,82","265.353,57","181.589,20",2026-08-07T20:15:03.924257
2023,Novembro,11,1101,1,,126,,449040,,449040,4,4,90,40,,100,,"'-993.637,50","114.193,29","114.193,29",2026-08-07T20:15:03.924257
2023,Novembro,11,1101,1,,126,,449052,,449052,4,4,90,52,,100,,"0,00","186.551,00","186.551,00",2026-08-07T20:15:03.924257
2023,Novembro,11,1101,1,,128,,339032,,339032,3,3,90,32,,100,,"'-6.189,56","9.589,14","9.589,14",2026-08-07T20:15:03.924257
2023,Novembro,11,1101,1,,128,,339036,,339036,3,3,90,36,,100,,"34.214,58","34.214,58","34.214,58",2026-08-07T20:15:03.924257
2023,Novembro,11,1101,1,,128,,339039,,339039,3,3,90,39,,100,,"'-10.701,70","108.526,44","104.546,44",2026-08-07T20:15:03.924257
2023,Novembro,11,1101,1,,131,,339037,,339037,3,3,90,37,,100,,"274.995,30","558.181,14","558.181,14",2026-08-07T20:15:03.924257
2023,Novembro,11,1101,1,,131,,339039,,339039,3,3,90,39,,100,,"25.197,86","138.098,09","138.098,09",2026-08-07T20:15:03.924257
2023,Novembro,11,1101,1,,131,,339092,,339092,3,3,90,92,,100,,"0,00","0,00","0,00",2026-08-07T20:15:03.924257
2023,Novembro,11,1101,1,,131,,449052,,449052,4,4,90,52,,100,,"0,00","0,00","0,00",2026-08-07T20:15:03.924257
2023,Novembro,11,1101,1,,31,,339032,,339032,3,3,90,32,,100,,"0,00","0,00","0,00",2026-08-07T20:15:03.924257
2023,Novembro,11,1101,1,,31,,339039,,339039,3,3,90,39,,100,,"5.576.362,43","2.852.574,46","3.031.218,28",2026-08-07T20:15:03.924257
2023,Novembro,11,1101,1,,31,,339139,,339139,3,3,91,39,,100,,"0,00","19.484,80","19.484,80",2026-08-07T20:15:03.924257
2023,Novembro,11,1101,1,,392,,339031,,339031,3,3,90,31,,100,,"0,00","0,00","0,00",2026-08-07T20:15:03.924257
2023,Novembro,11,1101,1,,392,,339036,,339036,3,3,90,36,,100,,"15.000,00","0,00","0,00",2026-08-07T20:15:03.924257
2023,Novembro,11,1101,1,,392,,339039,,339039,3,3,90,39,,100,,"0,00","0,00","0,00",2026-08-07T20:15:03.924257
2023,Novembro,11,1101,1,,392,,339092,,339092,3,3,90,92,,100,,"0,00","0,00","0,00",2026-08-07T20:15:03.924257
2023,Novembro,11,1101,28,,845,,339139,,339139,3,3,91,39,,100,,"0,00","0,00","0,00",2026-08-07T20:15:03.924257
2023,Novembro,11,1101,28,,846,,319091,,319091,3,1,90,91,,100,,"10.046,31","10.046,31","10.046,31",2026-08-07T20:15:03.924257
2023,Novembro,11,1101,28,,846,,319092,,319092,3,1,90,92,,100,,"0,00","0,00","0,00",2026-08-07T20:15:03.924257
2023,Novembro,11,1101,28,,846,,319094,,319094,3,1,90,94,,100,,"483.317,62","475.565,53","475.565,53",2026-08-07T20:15:03.924257
2023,Novembro,11,1101,28,,846,,319096,,319096,3,1,90,96,,100,,"119.051,20","252.817,67","252.817,67",2026-08-07T20:15:03.924257
2023,Novembro,11,1101,28,,846,,339091,,339091,3,3,90,91,,100,,"0,00","0,00","0,00",2026-08-07T20:15:03.924257
2023,Novembro,11,1101,28,,846,,339092,,339092,3,3,90,92,,100,,"0,00","0,00","0,00",2026-08-07T20:15:03.924257
2023,Novembro,11,1101,28,,846,,339093,,339093,3,3,90,93,,100,,"26.500,00","239.659,96","239.659,96",2026-08-07T20:15:03.924257
2023,Dezembro,12,1101,1,,122,,319007,,319007,3,1,90,07,,100,,"'-105.096,75","558.650,14","558.650,14",2026-08-07T20:15:03.924257
2023,Dezembro,12,1101,1,,122,,319011,,319011,3,1,90,11,,100,,"41.637.899,27","57.612.770,22","57.489.969,56",2026-08-07T20:15:03.924257
2023,Dezembro,12,1101,1,,122,,319013,,319013,3,1,90,13,,100,,"617.045,48","3.925.439,06","3.925.726,90",2026-08-07T20:15:03.924257
2023,Dezembro,12,1101,1,,122,,319016,,319016,3,1,90,16,,100,,"460.801,21","235.221,22","235.221,22",2026-08-07T20:15:03.924257
2023,Dezembro,12,1101,1,,122,,319092,,319092,3,1,90,92,,100,,"136.484,58","136.484,58","136.484,58",2026-08-07T20:15:03.924257
2023,Dezembro,12,1101,1,,122,,319113,,319113,3,1,91,13,,100,,"'-266.689,81","8.254.566,22","8.254.566,22",2026-08-07T20:15:03.924257
2023,Dezembro,12,1101,1,,122,,319192,,319192,3,1,91,92,,100,,"0,00","0,00","0,00",2026-08-07T20:15:03.924257
2023,Dezembro,12,1101,1,,122,,339008,,339008,3,3,90,08,,100,,"436.262,94","425.213,62","425.213,62",2026-08-07T20:15:03.924257
2023,Dezembro,12,1101,1,,122,,339014,,339014,3,3,90,14,,100,,"5.205,60","5.205,60","5.205,60",2026-08-07T20:15:03.924257
2023,Dezembro,12,1101,1,,122,,339030,,339030,3,3,90,30,,100,,"46.502,64","76.301,27","76.301,27",2026-08-07T20:15:03.924257
2023,Dezembro,12,1101,1,,122,,339033,,339033,3,3,90,33,,100,,"24.595,35","47.701,51","47.701,51",2026-08-07T20:15:03.924257
2023,Dezembro,12,1101,1,,122,,339035,,339035,3,3,90,35,,100,,"0,00","0,00","0,00",2026-08-07T20:15:03.924257
2023,Dezembro,12,1101,1,,122,,339036,,339036,3,3,90,36,,100,,"0,00","0,00","0,00",2026-08-07T20:15:03.924257
2023,Dezembro,12,1101,1,,122,,339037,,339037,3,3,90,37,,100,,"0,00","824.663,37","825.547,71",2026-08-07T20:15:03.924257
2023,Dezembro,12,1101,1,,122,,339039,,339039,3,3,90,39,,100,,"184.336,60","1.260.468,13","1.251.140,49",2026-08-07T20:15:03.924257
2023,Dezembro,12,1101,1,,122,,339046,,339046,3,3,90,46,,100,,"2.537.652,13","2.908.992,40","2.909.081,32",2026-08-07T20:15:03.924257
2023,Dezembro,12,1101,1,,122,,339047,,339047,3,3,90,47,,100,,"'-7.252,98","0,00","0,00",2026-08-07T20:15:03.924257
2023,Dezembro,12,1101,1,,122,,339049,,339049,3,3,90,49,,100,,"13.139,43","31.610,48","30.911,12",2026-08-07T20:15:03.924257
2023,Dezembro,12,1101,1,,122,,339092,,339092,3,3,90,92,,100,,"0,00","0,00","0,00",2026-08-07T20:15:03.924257
2023,Dezembro,12,1101,1,,122,,339093,,339093,3,3,90,93,,100,,"0,00","0,00","0,00",2026-08-07T20:15:03.924257
2023,Dezembro,12,1101,1,,122,,339139,,339139,3,3,91,39,,100,,"0,00","4.795,61","4.795,61",2026-08-07T20:15:03.924257
2023,Dezembro,12,1101,1,,122,,339192,,339192,3,3,91,92,,100,,"0,00","0,00","0,00",2026-08-07T20:15:03.924257
2023,Dezembro,12,1101,1,,122,,339193,,339193,3,3,91,93,,100,,"75.303,13","5.303,13","5.303,13",2026-08-07T20:15:03.924257
2023,Dezembro,12,1101,1,,122,,449051,,449051,4,4,90,51,,100,,"0,00","1.599,67","1.599,67",2026-08-07T20:15:03.924257
2023,Dezembro,12,1101,1,,122,,449052,,449052,4,4,90,52,,100,,"0,00","29.958,90","29.958,90",2026-08-07T20:15:03.924257
2023,Dezembro,12,1101,1,,122,,449092,,449092,4,4,90,92,,100,,"0,00","0,00","0,00",2026-08-07T20:15:03.924257
2023,Dezembro,12,1101,1,,126,,339030,,339030,3,3,90,30,,100,,"0,00","0,00","0,00",2026-08-07T20:15:03.924257
2023,Dezembro,12,1101,1,,126,,339039,,339039,3,3,90,39,,100,,"0,00","135.086,39","135.086,39",2026-08-07T20:15:03.924257
2023,Dezembro,12,1101,1,,126,,339040,,339040,3,3,90,40,,100,,"'-6.068,02","2.767.536,43","2.851.399,23",2026-08-07T20:15:03.924257
2023,Dezembro,12,1101,1,,126,,449040,,449040,4,4,90,40,,100,,"'-200.000,00","88.582,39","88.582,39",2026-08-07T20:15:03.924257
2023,Dezembro,12,1101,1,,126,,449052,,449052,4,4,90,52,,100,,"0,00","1.334.343,00","1.334.343,00",2026-08-07T20:15:03.924257
2023,Dezembro,12,1101,1,,128,,339032,,339032,3,3,90,32,,100,,"0,00","6.545,88","6.545,88",2026-08-07T20:15:03.924257
2023,Dezembro,12,1101,1,,128,,339036,,339036,3,3,90,36,,100,,"25.482,60","15.482,61","15.482,61",2026-08-07T20:15:03.924257
2023,Dezembro,12,1101,1,,128,,339039,,339039,3,3,90,39,,100,,"0,00","189.183,47","193.163,47",2026-08-07T20:15:03.924257
2023,Dezembro,12,1101,1,,131,,339037,,339037,3,3,90,37,,100,,"0,00","1.115.153,88","1.095.645,75",2026-08-07T20:15:03.924257
2023,Dezembro,12,1101,1,,131,,339039,,339039,3,3,90,39,,100,,"36.350,94","38.216,18","38.216,18",2026-08-07T20:15:03.924257
2023,Dezembro,12,1101,1,,131,,339092,,339092,3,3,90,92,,100,,"0,00","0,00","0,00",2026-08-07T20:15:03.924257
2023,Dezembro,12,1101,1,,131,,449052,,449052,4,4,90,52,,100,,"0,00","0,00","0,00",2026-08-07T20:15:03.924257
2023,Dezembro,12,1101,1,,31,,339032,,339032,3,3,90,32,,100,,"0,00","0,00","0,00",2026-08-07T20:15:03.924257
2023,Dezembro,12,1101,1,,31,,339039,,339039,3,3,90,39,,100,,"7.551.794,84","3.697.053,41","3.697.053,41",2026-08-07T20:15:03.924257
2023,Dezembro,12,1101,1,,31,,339139,,339139,3,3,91,39,,100,,"0,00","17.761,28","17.761,28",2026-08-07T20:15:03.924257
2023,Dezembro,12,1101,1,,392,,339031,,339031,3,3,90,31,,100,,"240.000,00","0,00","0,00",2026-08-07T20:15:03.924257
2023,Dezembro,12,1101,1,,392,,339036,,339036,3,3,90,36,,100,,"9.000,00","0,00","0,00",2026-08-07T20:15:03.924257
2023,Dezembro,12,1101,1,,392,,339039,,339039,3,3,90,39,,100,,"0,00","0,00","0,00",2026-08-07T20:15:03.924257
2023,Dezembro,12,1101,1,,392,,339092,,339092,3,3,90,92,,100,,"0,00","0,00","0,00",2026-08-07T20:15:03.924257
2023,Dezembro,12,1101,28,,845,,339139,,339139,3,3,91,39,,100,,"0,00","0,00","0,00",2026-08-07T20:15:03.924257
2023,Dezembro,12,1101,28,,846,,319091,,319091,3,1,90,91,,100,,"22.046,31","10.046,31","10.046,31",2026-08-07T20:15:03.924257
2023,Dezembro,12,1101,28,,846,,319092,,319092,3,1,90,92,,100,,"25.709,62","25.709,62","25.709,62",2026-08-07T20:15:03.924257
2023,Dezembro,12,1101,28,,846,,319094,,319094,3,1,90,94,,100,,"2.096.986,59","334.461,55","334.461,55",2026-08-07T20:15:03.924257
2023,Dezembro,12,1101,28,,846,,319096,,319096,3,1,90,96,,100,,"217.732,86","458.306,85","458.306,85",2026-08-07T20:15:03.924257
2023,Dezembro,12,1101,28,,846,,339091,,339091,3,3,90,91,,100,,"0,00","0,00","0,00",2026-08-07T20:15:03.924257
2023,Dezembro,12,1101,28,,846,,339092,,339092,3,3,90,92,,100,,"0,00","0,00","0,00",2026-08-07T20:15:03.924257
2023,Dezembro,12,1101,28,,846,,339093,,339093,3,3,90,93,,100,,"'-776.523,98","251.365,71","251.365,71",2026-08-07T20:15:03.924257
2023,Dezembro,12,1101,28,,846,,339193,,339193,3,3,91,93,,100,,"9.662.000,00","0,00","0,00",2026-08-07T20:15:03.924257
2024,Janeiro,1,1101,1,,122,,319007,,319007,3,1,90,07,,100,,"4.689.186,65","334.609,48","334.609,48",2026-08-07T20:15:03.924257
2024,Janeiro,1,1101,1,,122,,319011,,319011,3,1,90,11,,100,,"38.462.913,29","38.461.222,56","37.947.548,73",2026-08-07T20:15:03.924257
2024,Janeiro,1,1101,1,,122,,319013,,319013,3,1,90,13,,100,,"27.030.109,30","2.105,54","2.105,54",2026-08-07T20:15:03.924257
2024,Janeiro,1,1101,1,,122,,319016,,319016,3,1,90,16,,100,,"37.377,06","37.377,05","37.377,05",2026-08-07T20:15:03.924257
2024,Janeiro,1,1101,1,,122,,319092,,319092,3,1,90,92,,100,,"0,00","0,00","0,00",2026-08-07T20:15:03.924257
2024,Janeiro,1,1101,1,,122,,319113,,319113,3,1,91,13,,100,,"62.296.344,68","4.562.638,28","4.562.638,28",2026-08-07T20:15:03.924257
2024,Janeiro,1,1101,1,,122,,319192,,319192,3,1,91,92,,100,,"0,00","0,00","0,00",2026-08-07T20:15:03.924257
2024,Janeiro,1,1101,1,,122,,339008,,339008,3,3,90,08,,100,,"418.505,82","418.505,82","418.505,82",2026-08-07T20:15:03.924257
2024,Janeiro,1,1101,1,,122,,339014,,339014,3,3,90,14,,100,,"0,00","0,00","0,00",2026-08-07T20:15:03.924257
2024,Janeiro,1,1101,1,,122,,339030,,339030,3,3,90,30,,100,,"1.300.573,73","0,00","0,00",2026-08-07T20:15:03.924257
2024,Janeiro,1,1101,1,,122,,339033,,339033,3,3,90,33,,100,,"206.262,90","0,00","0,00",2026-08-07T20:15:03.924257
2024,Janeiro,1,1101,1,,122,,339035,,339035,3,3,90,35,,100,,"0,00","0,00","0,00",2026-08-07T20:15:03.924257
2024,Janeiro,1,1101,1,,122,,339036,,339036,3,3,90,36,,100,,"0,00","0,00","0,00",2026-08-07T20:15:03.924257
2024,Janeiro,1,1101,1,,122,,339037,,339037,3,3,90,37,,100,,"998.336,06","0,00","0,00",2026-08-07T20:15:03.924257
2024,Janeiro,1,1101,1,,122,,339039,,339039,3,3,90,39,,100,,"519.236,09","2.470,60","2.470,60",2026-08-07T20:15:03.924257
2024,Janeiro,1,1101,1,,122,,339046,,339046,3,3,90,46,,100,,"2.966.682,69","2.966.682,68","2.851.300,17",2026-08-07T20:15:03.924257
2024,Janeiro,1,1101,1,,122,,339047,,339047,3,3,90,47,,100,,"30.000,00","0,00","0,00",2026-08-07T20:15:03.924257
2024,Janeiro,1,1101,1,,122,,339049,,339049,3,3,90,49,,100,,"20.572,40","20.572,39","19.106,44",2026-08-07T20:15:03.924257
2024,Janeiro,1,1101,1,,122,,339092,,339092,3,3,90,92,,100,,"0,00","0,00","0,00",2026-08-07T20:15:03.924257
2024,Janeiro,1,1101,1,,122,,339093,,339093,3,3,90,93,,100,,"0,00","0,00","0,00",2026-08-07T20:15:03.924257
2024,Janeiro,1,1101,1,,122,,339139,,339139,3,3,91,39,,100,,"0,00","0,00","0,00",2026-08-07T20:15:03.924257
2024,Janeiro,1,1101,1,,122,,339147,,339147,3,3,91,47,,100,,"1.649,00","1.649,00","0,00",2026-08-07T20:15:03.924257
2024,Janeiro,1,1101,1,,122,,339192,,339192,3,3,91,92,,100,,"0,00","0,00","0,00",2026-08-07T20:15:03.924257
2024,Janeiro,1,1101,1,,122,,339193,,339193,3,3,91,93,,100,,"0,00","0,00","0,00",2026-08-07T20:15:03.924257
2024,Janeiro,1,1101,1,,122,,449051,,449051,4,4,90,51,,100,,"0,00","0,00","0,00",2026-08-07T20:15:03.924257
2024,Janeiro,1,1101,1,,122,,449052,,449052,4,4,90,52,,100,,"0,00","0,00","0,00",2026-08-07T20:15:03.924257
2024,Janeiro,1,1101,1,,122,,449092,,449092,4,4,90,92,,100,,"0,00","0,00","0,00",2026-08-07T20:15:03.924257
2024,Janeiro,1,1101,1,,126,,339030,,339030,3,3,90,30,,100,,"0,00","0,00","0,00",2026-08-07T20:15:03.924257
2024,Janeiro,1,1101,1,,126,,339039,,339039,3,3,90,39,,100,,"0,00","0,00","0,00",2026-08-07T20:15:03.924257
2024,Janeiro,1,1101,1,,126,,339040,,339040,3,3,90,40,,100,,"0,00","0,00","0,00",2026-08-07T20:15:03.924257
2024,Janeiro,1,1101,1,,126,,449040,,449040,4,4,90,40,,100,,"0,00","0,00","0,00",2026-08-07T20:15:03.924257
2024,Janeiro,1,1101,1,,126,,449052,,449052,4,4,90,52,,100,,"0,00","0,00","0,00",2026-08-07T20:15:03.924257
2024,Janeiro,1,1101,1,,128,,339032,,339032,3,3,90,32,,100,,"77.827,53","0,00","0,00",2026-08-07T20:15:03.924257
2024,Janeiro,1,1101,1,,128,,339036,,339036,3,3,90,36,,100,,"0,02","0,00","0,00",2026-08-07T20:15:03.924257
2024,Janeiro,1,1101,1,,128,,339039,,339039,3,3,90,39,,100,,"333.198,86","0,00","0,00",2026-08-07T20:15:03.924257
2024,Janeiro,1,1101,1,,131,,339037,,339037,3,3,90,37,,100,,"0,00","0,00","0,00",2026-08-07T20:15:03.924257
2024,Janeiro,1,1101,1,,131,,339039,,339039,3,3,90,39,,100,,"0,00","0,00","0,00",2026-08-07T20:15:03.924257
2024,Janeiro,1,1101,1,,131,,339092,,339092,3,3,90,92,,100,,"0,00","0,00","0,00",2026-08-07T20:15:03.924257
2024,Janeiro,1,1101,1,,131,,449052,,449052,4,4,90,52,,100,,"0,00","0,00","0,00",2026-08-07T20:15:03.924257
2024,Janeiro,1,1101,1,,31,,339032,,339032,3,3,90,32,,100,,"0,00","0,00","0,00",2026-08-07T20:15:03.924257
2024,Janeiro,1,1101,1,,31,,339039,,339039,3,3,90,39,,100,,"0,00","0,00","0,00",2026-08-07T20:15:03.924257
2024,Janeiro,1,1101,1,,31,,339139,,339139,3,3,91,39,,100,,"0,00","0,00","0,00",2026-08-07T20:15:03.924257
2024,Janeiro,1,1101,1,,392,,339031,,339031,3,3,90,31,,100,,"0,00","0,00","0,00",2026-08-07T20:15:03.924257
2024,Janeiro,1,1101,1,,392,,339036,,339036,3,3,90,36,,100,,"0,00","0,00","0,00",2026-08-07T20:15:03.924257
2024,Janeiro,1,1101,1,,392,,339039,,339039,3,3,90,39,,100,,"0,00","0,00","0,00",2026-08-07T20:15:03.924257
2024,Janeiro,1,1101,1,,392,,339092,,339092,3,3,90,92,,100,,"0,00","0,00","0,00",2026-08-07T20:15:03.924257
2024,Janeiro,1,1101,28,,845,,339139,,339139,3,3,91,39,,100,,"0,00","0,00","0,00",2026-08-07T20:15:03.924257
2024,Janeiro,1,1101,28,,846,,319091,,319091,3,1,90,91,,100,,"10.046,31","10.046,31","10.046,31",2026-08-07T20:15:03.924257
2024,Janeiro,1,1101,28,,846,,319092,,319092,3,1,90,92,,100,,"0,00","0,00","0,00",2026-08-07T20:15:03.924257
2024,Janeiro,1,1101,28,,846,,319094,,319094,3,1,90,94,,100,,"0,02","0,00","0,00",2026-08-07T20:15:03.924257
2024,Janeiro,1,1101,28,,846,,319096,,319096,3,1,90,96,,100,,"13.715,42","959,12","959,12",2026-08-07T20:15:03.924257
2024,Janeiro,1,1101,28,,846,,339091,,339091,3,3,90,91,,100,,"0,00","0,00","0,00",2026-08-07T20:15:03.924257
2024,Janeiro,1,1101,28,,846,,339092,,339092,3,3,90,92,,100,,"0,00","0,00","0,00",2026-08-07T20:15:03.924257
2024,Janeiro,1,1101,28,,846,,339093,,339093,3,3,90,93,,100,,"0,00","0,00","0,00",2026-08-07T20:15:03.924257
2024,Janeiro,1,1101,28,,846,,339193,,339193,3,3,91,93,,100,,"0,00","0,00","0,00",2026-08-07T20:15:03.924257
2024,Fevereiro,2,1101,1,,122,,319007,,319007,3,1,90,07,,100,,"0,00","357.143,81","357.143,81",2026-08-07T20:15:03.924257
2024,Fevereiro,2,1101,1,,122,,319011,,319011,3,1,90,11,,100,,"35.485.662,94","35.412.550,21","35.300.696,52",2026-08-07T20:15:03.924257
2024,Fevereiro,2,1101,1,,122,,319013,,319013,3,1,90,13,,100,,"0,00","2.578.528,77","2.578.528,77",2026-08-07T20:15:03.924257
2024,Fevereiro,2,1101,1,,122,,319016,,319016,3,1,90,16,,100,,"276.673,08","276.673,08","276.673,08",2026-08-07T20:15:03.924257
2024,Fevereiro,2,1101,1,,122,,319092,,319092,3,1,90,92,,100,,"21.910,48","21.910,48","21.910,48",2026-08-07T20:15:03.924257
2024,Fevereiro,2,1101,1,,122,,319113,,319113,3,1,91,13,,100,,"0,00","4.492.971,36","4.492.971,36",2026-08-07T20:15:03.924257
2024,Fevereiro,2,1101,1,,122,,319192,,319192,3,1,91,92,,100,,"0,00","0,00","0,00",2026-08-07T20:15:03.924257
2024,Fevereiro,2,1101,1,,122,,339008,,339008,3,3,90,08,,100,,"431.784,79","431.784,79","431.784,79",2026-08-07T20:15:03.924257
2024,Fevereiro,2,1101,1,,122,,339014,,339014,3,3,90,14,,100,,"0,00","0,00","0,00",2026-08-07T20:15:03.924257
2024,Fevereiro,2,1101,1,,122,,339030,,339030,3,3,90,30,,100,,"991.356,98","17.343,97","17.343,97",2026-08-07T20:15:03.924257
2024,Fevereiro,2,1101,1,,122,,339033,,339033,3,3,90,33,,100,,"0,00","0,00","0,00",2026-08-07T20:15:03.924257
2024,Fevereiro,2,1101,1,,122,,339035,,339035,3,3,90,35,,100,,"0,00","0,00","0,00",2026-08-07T20:15:03.924257
2024,Fevereiro,2,1101,1,,122,,339036,,339036,3,3,90,36,,100,,"0,00","0,00","0,00",2026-08-07T20:15:03.924257
2024,Fevereiro,2,1101,1,,122,,339037,,339037,3,3,90,37,,100,,"3.814.781,47","441.411,03","441.411,03",2026-08-07T20:15:03.924257
2024,Fevereiro,2,1101,1,,122,,339039,,339039,3,3,90,39,,100,,"7.122.924,46","258.713,13","258.713,13",2026-08-07T20:15:03.924257
2024,Fevereiro,2,1101,1,,122,,339046,,339046,3,3,90,46,,100,,"3.301.101,86","3.278.735,90","3.150.878,01",2026-08-07T20:15:03.924257
2024,Fevereiro,2,1101,1,,122,,339047,,339047,3,3,90,47,,100,,"0,00","12.000,00","12.000,00",2026-08-07T20:15:03.924257
2024,Fevereiro,2,1101,1,,122,,339049,,339049,3,3,90,49,,100,,"34.984,07","34.358,96","31.791,20",2026-08-07T20:15:03.924257
2024,Fevereiro,2,1101,1,,122,,339092,,339092,3,3,90,92,,100,,"0,00","0,00","0,00",2026-08-07T20:15:03.924257
2024,Fevereiro,2,1101,1,,122,,339093,,339093,3,3,90,93,,100,,"0,00","0,00","0,00",2026-08-07T20:15:03.924257
2024,Fevereiro,2,1101,1,,122,,339139,,339139,3,3,91,39,,100,,"77.877,60","0,00","0,00",2026-08-07T20:15:03.924257
2024,Fevereiro,2,1101,1,,122,,339147,,339147,3,3,91,47,,100,,"2.873,00","2.873,00","1.649,00",2026-08-07T20:15:03.924257
2024,Fevereiro,2,1101,1,,122,,339192,,339192,3,3,91,92,,100,,"0,00","0,00","0,00",2026-08-07T20:15:03.924257
2024,Fevereiro,2,1101,1,,122,,339193,,339193,3,3,91,93,,100,,"0,00","0,00","0,00",2026-08-07T20:15:03.924257
2024,Fevereiro,2,1101,1,,122,,449051,,449051,4,4,90,51,,100,,"19.196,04","0,00","0,00",2026-08-07T20:15:03.924257
2024,Fevereiro,2,1101,1,,122,,449052,,449052,4,4,90,52,,100,,"9.300,00","0,00","0,00",2026-08-07T20:15:03.924257
2024,Fevereiro,2,1101,1,,122,,449092,,449092,4,4,90,92,,100,,"0,00","0,00","0,00",2026-08-07T20:15:03.924257
2024,Fevereiro,2,1101,1,,126,,339030,,339030,3,3,90,30,,100,,"0,00","0,00","0,00",2026-08-07T20:15:03.924257
2024,Fevereiro,2,1101,1,,126,,339039,,339039,3,3,90,39,,100,,"1.486.726,22","0,00","0,00",2026-08-07T20:15:03.924257
2024,Fevereiro,2,1101,1,,126,,339040,,339040,3,3,90,40,,100,,"2.456.260,36","37.796,90","0,00",2026-08-07T20:15:03.924257
2024,Fevereiro,2,1101,1,,126,,449040,,449040,4,4,90,40,,100,,"1.123.408,52","0,00","0,00",2026-08-07T20:15:03.924257
2024,Fevereiro,2,1101,1,,126,,449052,,449052,4,4,90,52,,100,,"2.181.990,40","0,00","0,00",2026-08-07T20:15:03.924257
2024,Fevereiro,2,1101,1,,128,,339032,,339032,3,3,90,32,,100,,"0,00","0,00","0,00",2026-08-07T20:15:03.924257
2024,Fevereiro,2,1101,1,,128,,339036,,339036,3,3,90,36,,100,,"0,00","0,00","0,00",2026-08-07T20:15:03.924257
2024,Fevereiro,2,1101,1,,128,,339039,,339039,3,3,90,39,,100,,"53.866,20","29.883,95","29.883,95",2026-08-07T20:15:03.924257
2024,Fevereiro,2,1101,1,,131,,339037,,339037,3,3,90,37,,100,,"0,00","0,00","0,00",2026-08-07T20:15:03.924257
2024,Fevereiro,2,1101,1,,131,,339039,,339039,3,3,90,39,,100,,"4.500,00","4.500,00","4.500,00",2026-08-07T20:15:03.924257
2024,Fevereiro,2,1101,1,,131,,339092,,339092,3,3,90,92,,100,,"0,00","0,00","0,00",2026-08-07T20:15:03.924257
2024,Fevereiro,2,1101,1,,131,,449052,,449052,4,4,90,52,,100,,"0,00","0,00","0,00",2026-08-07T20:15:03.924257
2024,Fevereiro,2,1101,1,,31,,339031,,339031,3,3,90,31,,100,,"17.000,00","0,00","0,00",2026-08-07T20:15:03.924257
2024,Fevereiro,2,1101,1,,31,,339032,,339032,3,3,90,32,,100,,"0,00","0,00","0,00",2026-08-07T20:15:03.924257
2024,Fevereiro,2,1101,1,,31,,339037,,339037,3,3,90,37,,100,,"3.299.447,00","0,00","0,00",2026-08-07T20:15:03.924257
2024,Fevereiro,2,1101,1,,31,,339039,,339039,3,3,90,39,,100,,"1.218.167,18","8.046,92","0,00",2026-08-07T20:15:03.924257
2024,Fevereiro,2,1101,1,,31,,339139,,339139,3,3,91,39,,100,,"180.000,00","0,00","0,00",2026-08-07T20:15:03.924257
2024,Fevereiro,2,1101,1,,392,,339031,,339031,3,3,90,31,,100,,"0,00","0,00","0,00",2026-08-07T20:15:03.924257
2024,Fevereiro,2,1101,1,,392,,339036,,339036,3,3,90,36,,100,,"0,00","0,00","0,00",2026-08-07T20:15:03.924257
2024,Fevereiro,2,1101,1,,392,,339039,,339039,3,3,90,39,,100,,"0,00","0,00","0,00",2026-08-07T20:15:03.924257
2024,Fevereiro,2,1101,1,,392,,339092,,339092,3,3,90,92,,100,,"0,00","0,00","0,00",2026-08-07T20:15:03.924257
2024,Fevereiro,2,1101,28,,845,,339139,,339139,3,3,91,39,,100,,"0,00","0,00","0,00",2026-08-07T20:15:03.924257
2024,Fevereiro,2,1101,28,,846,,319091,,319091,3,1,90,91,,100,,"10.046,31","10.046,31","10.046,31",2026-08-07T20:15:03.924257
2024,Fevereiro,2,1101,28,,846,,319092,,319092,3,1,90,92,,100,,"0,00","0,00","0,00",2026-08-07T20:15:03.924257
2024,Fevereiro,2,1101,28,,846,,319094,,319094,3,1,90,94,,100,,"228.404,91","228.404,91","228.404,91",2026-08-07T20:15:03.924257
2024,Fevereiro,2,1101,28,,846,,319096,,319096,3,1,90,96,,100,,"2.001.388,95","159.423,49","159.423,49",2026-08-07T20:15:03.924257
2024,Fevereiro,2,1101,28,,846,,339091,,339091,3,3,90,91,,100,,"0,00","0,00","0,00",2026-08-07T20:15:03.924257
2024,Fevereiro,2,1101,28,,846,,339092,,339092,3,3,90,92,,100,,"0,00","0,00","0,00",2026-08-07T20:15:03.924257
2024,Fevereiro,2,1101,28,,846,,339093,,339093,3,3,90,93,,100,,"2.790.925,46","157.866,95","109.792,79",2026-08-07T20:15:03.924257
2024,Fevereiro,2,1101,28,,846,,339193,,339193,3,3,91,93,,100,,"0,00","0,00","0,00",2026-08-07T20:15:03.924257
2024,Março,3,1101,1,,122,,319007,,319007,3,1,90,07,,100,,"0,00","351.310,92","351.310,92",2026-08-07T20:15:03.924257
2024,Março,3,1101,1,,122,,319011,,319011,3,1,90,11,,100,,"35.228.684,11","34.928.048,21","34.924.976,65",2026-08-07T20:15:03.924257
2024,Março,3,1101,1,,122,,319013,,319013,3,1,90,13,,100,,"0,00","2.275.353,69","2.275.353,69",2026-08-07T20:15:03.924257
2024,Março,3,1101,1,,122,,319016,,319016,3,1,90,16,,100,,"205.045,56","205.045,56","205.045,56",2026-08-07T20:15:03.924257
2024,Março,3,1101,1,,122,,319092,,319092,3,1,90,92,,100,,"18.260,10","18.260,10","18.260,10",2026-08-07T20:15:03.924257
2024,Março,3,1101,1,,122,,319113,,319113,3,1,91,13,,100,,"403,26","4.530.219,56","4.530.219,56",2026-08-07T20:15:03.924257
2024,Março,3,1101,1,,122,,319192,,319192,3,1,91,92,,100,,"0,00","0,00","0,00",2026-08-07T20:15:03.924257
2024,Março,3,1101,1,,122,,339008,,339008,3,3,90,08,,100,,"474.486,44","474.486,44","474.486,44",2026-08-07T20:15:03.924257
2024,Março,3,1101,1,,122,,339014,,339014,3,3,90,14,,100,,"55.341,32","55.341,32","55.341,32",2026-08-07T20:15:03.924257
2024,Março,3,1101,1,,122,,339030,,339030,3,3,90,30,,100,,"20.527,75","173.467,61","173.467,61",2026-08-07T20:15:03.924257
2024,Março,3,1101,1,,122,,339033,,339033,3,3,90,33,,100,,"0,00","0,00","0,00",2026-08-07T20:15:03.924257
2024,Março,3,1101,1,,122,,339035,,339035,3,3,90,35,,100,,"0,00","0,00","0,00",2026-08-07T20:15:03.924257
2024,Março,3,1101,1,,122,,339036,,339036,3,3,90,36,,100,,"0,00","0,00","0,00",2026-08-07T20:15:03.924257
2024,Março,3,1101,1,,122,,339037,,339037,3,3,90,37,,100,,"0,00","787.489,71","787.489,71",2026-08-07T20:15:03.924257
2024,Março,3,1101,1,,122,,339039,,339039,3,3,90,39,,100,,"836.844,50","936.872,81","936.872,81",2026-08-07T20:15:03.924257
2024,Março,3,1101,1,,122,,339046,,339046,3,3,90,46,,100,,"3.101.708,28","3.051.766,50","3.054.391,22",2026-08-07T20:15:03.924257
2024,Março,3,1101,1,,122,,339047,,339047,3,3,90,47,,100,,"0,00","0,00","0,00",2026-08-07T20:15:03.924257
2024,Março,3,1101,1,,122,,339049,,339049,3,3,90,49,,100,,"40.213,05","39.807,20","38.759,35",2026-08-07T20:15:03.924257
2024,Março,3,1101,1,,122,,339092,,339092,3,3,90,92,,100,,"0,00","0,00","0,00",2026-08-07T20:15:03.924257
2024,Março,3,1101,1,,122,,339093,,339093,3,3,90,93,,100,,"0,00","0,00","0,00",2026-08-07T20:15:03.924257
2024,Março,3,1101,1,,122,,339139,,339139,3,3,91,39,,100,,"0,00","0,00","0,00",2026-08-07T20:15:03.924257
2024,Março,3,1101,1,,122,,339147,,339147,3,3,91,47,,100,,"0,00","0,00","2.873,00",2026-08-07T20:15:03.924257
2024,Março,3,1101,1,,122,,339192,,339192,3,3,91,92,,100,,"0,00","0,00","0,00",2026-08-07T20:15:03.924257
2024,Março,3,1101,1,,122,,339193,,339193,3,3,91,93,,100,,"4.568,34","3.481,57","3.481,57",2026-08-07T20:15:03.924257
2024,Março,3,1101,1,,122,,449051,,449051,4,4,90,51,,100,,"0,00","3.199,34","3.199,34",2026-08-07T20:15:03.924257
2024,Março,3,1101,1,,122,,449052,,449052,4,4,90,52,,100,,"0,00","0,00","0,00",2026-08-07T20:15:03.924257
2024,Março,3,1101,1,,122,,449092,,449092,4,4,90,92,,100,,"0,00","0,00","0,00",2026-08-07T20:15:03.924257
2024,Março,3,1101,1,,126,,339030,,339030,3,3,90,30,,100,,"0,00","0,00","0,00",2026-08-07T20:15:03.924257
2024,Março,3,1101,1,,126,,339039,,339039,3,3,90,39,,100,,"0,00","0,00","0,00",2026-08-07T20:15:03.924257
2024,Março,3,1101,1,,126,,339040,,339040,3,3,90,40,,100,,"420.558,27","387.998,00","425.794,90",2026-08-07T20:15:03.924257
2024,Março,3,1101,1,,126,,449040,,449040,4,4,90,40,,100,,"9.900,15","930,95","930,95",2026-08-07T20:15:03.924257
2024,Março,3,1101,1,,126,,449052,,449052,4,4,90,52,,100,,"0,00","0,00","0,00",2026-08-07T20:15:03.924257
2024,Março,3,1101,1,,128,,339032,,339032,3,3,90,32,,100,,"0,00","56.543,85","56.543,85",2026-08-07T20:15:03.924257
2024,Março,3,1101,1,,128,,339036,,339036,3,3,90,36,,100,,"10.119,88","10.119,88","10.119,88",2026-08-07T20:15:03.924257
2024,Março,3,1101,1,,128,,339039,,339039,3,3,90,39,,100,,"92.806,62","32.596,89","32.596,89",2026-08-07T20:15:03.924257
2024,Março,3,1101,1,,131,,339037,,339037,3,3,90,37,,100,,"0,00","0,00","0,00",2026-08-07T20:15:03.924257
2024,Março,3,1101,1,,131,,339039,,339039,3,3,90,39,,100,,"0,00","0,00","0,00",2026-08-07T20:15:03.924257
2024,Março,3,1101,1,,131,,339092,,339092,3,3,90,92,,100,,"0,00","0,00","0,00",2026-08-07T20:15:03.924257
2024,Março,3,1101,1,,131,,449052,,449052,4,4,90,52,,100,,"0,00","0,00","0,00",2026-08-07T20:15:03.924257
2024,Março,3,1101,1,,31,,339031,,339031,3,3,90,31,,100,,"0,00","17.000,00","17.000,00",2026-08-07T20:15:03.924257
2024,Março,3,1101,1,,31,,339032,,339032,3,3,90,32,,100,,"0,00","0,00","0,00",2026-08-07T20:15:03.924257
2024,Março,3,1101,1,,31,,339037,,339037,3,3,90,37,,100,,"0,00","1.114.589,80","697.048,71",2026-08-07T20:15:03.924257
2024,Março,3,1101,1,,31,,339039,,339039,3,3,90,39,,100,,"6.085.836,00","74.950,67","82.997,59",2026-08-07T20:15:03.924257
2024,Março,3,1101,1,,31,,339139,,339139,3,3,91,39,,100,,"0,00","22.416,00","22.416,00",2026-08-07T20:15:03.924257
2024,Março,3,1101,1,,392,,339031,,339031,3,3,90,31,,100,,"0,00","0,00","0,00",2026-08-07T20:15:03.924257
2024,Março,3,1101,1,,392,,339036,,339036,3,3,90,36,,100,,"0,00","0,00","0,00",2026-08-07T20:15:03.924257
2024,Março,3,1101,1,,392,,339039,,339039,3,3,90,39,,100,,"0,00","0,00","0,00",2026-08-07T20:15:03.924257
2024,Março,3,1101,1,,392,,339092,,339092,3,3,90,92,,100,,"0,00","0,00","0,00",2026-08-07T20:15:03.924257
2024,Março,3,1101,28,,845,,339139,,339139,3,3,91,39,,100,,"0,00","0,00","0,00",2026-08-07T20:15:03.924257
2024,Março,3,1101,28,,846,,319091,,319091,3,1,90,91,,100,,"10.046,31","10.046,31","10.046,31",2026-08-07T20:15:03.924257
2024,Março,3,1101,28,,846,,319092,,319092,3,1,90,92,,100,,"0,00","0,00","0,00",2026-08-07T20:15:03.924257
2024,Março,3,1101,28,,846,,319094,,319094,3,1,90,94,,100,,"463.627,92","462.703,77","462.703,77",2026-08-07T20:15:03.924257
2024,Março,3,1101,28,,846,,319096,,319096,3,1,90,96,,100,,"0,00","959,12","959,12",2026-08-07T20:15:03.924257
2024,Março,3,1101,28,,846,,339091,,339091,3,3,90,91,,100,,"0,00","0,00","0,00",2026-08-07T20:15:03.924257
2024,Março,3,1101,28,,846,,339092,,339092,3,3,90,92,,100,,"0,00","0,00","0,00",2026-08-07T20:15:03.924257
2024,Março,3,1101,28,,846,,339093,,339093,3,3,90,93,,100,,"0,00","195.749,77","234.678,93",2026-08-07T20:15:03.924257
2024,Março,3,1101,28,,846,,339193,,339193,3,3,91,93,,100,,"0,00","0,00","0,00",2026-08-07T20:15:03.924257
2024,Abril,4,1101,1,,122,,319007,,319007,3,1,90,07,,100,,"0,00","374.468,83","374.468,83",2026-08-07T20:15:03.924257
2024,Abril,4,1101,1,,122,,319011,,319011,3,1,90,11,,100,,"34.922.675,48","34.838.279,28","34.840.278,62",2026-08-07T20:15:03.924257
2024,Abril,4,1101,1,,122,,319013,,319013,3,1,90,13,,100,,"0,00","2.287.451,16","2.287.451,16",2026-08-07T20:15:03.924257
2024,Abril,4,1101,1,,122,,319016,,319016,3,1,90,16,,100,,"200.762,48","200.624,68","200.624,68",2026-08-07T20:15:03.924257
2024,Abril,4,1101,1,,122,,319092,,319092,3,1,90,92,,100,,"36.303,87","36.303,87","36.303,87",2026-08-07T20:15:03.924257
2024,Abril,4,1101,1,,122,,319113,,319113,3,1,91,13,,100,,"0,00","4.531.333,58","4.531.333,58",2026-08-07T20:15:03.924257
2024,Abril,4,1101,1,,122,,319192,,319192,3,1,91,92,,100,,"0,00","0,00","0,00",2026-08-07T20:15:03.924257
2024,Abril,4,1101,1,,122,,339008,,339008,3,3,90,08,,100,,"494.900,55","494.900,55","494.900,55",2026-08-07T20:15:03.924257
2024,Abril,4,1101,1,,122,,339014,,339014,3,3,90,14,,100,,"0,00","'-832,90","'-832,90",2026-08-07T20:15:03.924257
2024,Abril,4,1101,1,,122,,339030,,339030,3,3,90,30,,100,,"30.836,82","1.101.639,01","1.101.639,01",2026-08-07T20:15:03.924257
2024,Abril,4,1101,1,,122,,339033,,339033,3,3,90,33,,100,,"0,00","43.561,84","43.561,84",2026-08-07T20:15:03.924257
2024,Abril,4,1101,1,,122,,339035,,339035,3,3,90,35,,100,,"0,00","0,00","0,00",2026-08-07T20:15:03.924257
2024,Abril,4,1101,1,,122,,339036,,339036,3,3,90,36,,100,,"0,00","0,00","0,00",2026-08-07T20:15:03.924257
2024,Abril,4,1101,1,,122,,339037,,339037,3,3,90,37,,100,,"4.203.590,16","1.092.594,56","1.092.594,56",2026-08-07T20:15:03.924257
2024,Abril,4,1101,1,,122,,339039,,339039,3,3,90,39,,100,,"'-384.385,97","793.490,28","793.490,28",2026-08-07T20:15:03.924257
2024,Abril,4,1101,1,,122,,339046,,339046,3,3,90,46,,100,,"3.176.205,22","3.139.567,24","3.139.637,64",2026-08-07T20:15:03.924257
2024,Abril,4,1101,1,,122,,339047,,339047,3,3,90,47,,100,,"0,00","0,00","0,00",2026-08-07T20:15:03.924257
2024,Abril,4,1101,1,,122,,339049,,339049,3,3,90,49,,100,,"46.499,20","46.343,70","45.643,49",2026-08-07T20:15:03.924257
2024,Abril,4,1101,1,,122,,339092,,339092,3,3,90,92,,100,,"0,00","0,00","0,00",2026-08-07T20:15:03.924257
2024,Abril,4,1101,1,,122,,339093,,339093,3,3,90,93,,100,,"0,00","0,00","0,00",2026-08-07T20:15:03.924257
2024,Abril,4,1101,1,,122,,339139,,339139,3,3,91,39,,100,,"0,00","5.043,83","5.043,83",2026-08-07T20:15:03.924257
2024,Abril,4,1101,1,,122,,339147,,339147,3,3,91,47,,100,,"0,00","0,00","0,00",2026-08-07T20:15:03.924257
2024,Abril,4,1101,1,,122,,339192,,339192,3,3,91,92,,100,,"0,00","0,00","0,00",2026-08-07T20:15:03.924257
2024,Abril,4,1101,1,,122,,339193,,339193,3,3,91,93,,100,,"9.015,69","2.077,26","1.283,93",2026-08-07T20:15:03.924257
2024,Abril,4,1101,1,,122,,449051,,449051,4,4,90,51,,100,,"0,00","1.599,67","1.599,67",2026-08-07T20:15:03.924257
2024,Abril,4,1101,1,,122,,449052,,449052,4,4,90,52,,100,,"315.488,44","9.300,00","9.300,00",2026-08-07T20:15:03.924257
2024,Abril,4,1101,1,,122,,449092,,449092,4,4,90,92,,100,,"0,00","0,00","0,00",2026-08-07T20:15:03.924257
2024,Abril,4,1101,1,,126,,339030,,339030,3,3,90,30,,100,,"0,00","0,00","0,00",2026-08-07T20:15:03.924257
2024,Abril,4,1101,1,,126,,339039,,339039,3,3,90,39,,100,,"0,00","160.334,44","160.334,44",2026-08-07T20:15:03.924257
2024,Abril,4,1101,1,,126,,339040,,339040,3,3,90,40,,100,,"4.403.501,53","499.346,35","499.280,45",2026-08-07T20:15:03.924257
2024,Abril,4,1101,1,,126,,449040,,449040,4,4,90,40,,100,,"0,00","866,00","866,00",2026-08-07T20:15:03.924257
2024,Abril,4,1101,1,,126,,449052,,449052,4,4,90,52,,100,,"975.761,60","0,00","0,00",2026-08-07T20:15:03.924257
2024,Abril,4,1101,1,,128,,339032,,339032,3,3,90,32,,100,,"61.401,12","5.946,16","5.946,16",2026-08-07T20:15:03.924257
2024,Abril,4,1101,1,,128,,339036,,339036,3,3,90,36,,100,,"41.896,33","41.896,33","41.896,33",2026-08-07T20:15:03.924257
2024,Abril,4,1101,1,,128,,339039,,339039,3,3,90,39,,100,,"385.220,20","142.724,19","142.724,19",2026-08-07T20:15:03.924257
2024,Abril,4,1101,1,,131,,339037,,339037,3,3,90,37,,100,,"0,00","0,00","0,00",2026-08-07T20:15:03.924257
2024,Abril,4,1101,1,,131,,339039,,339039,3,3,90,39,,100,,"0,00","0,00","0,00",2026-08-07T20:15:03.924257
2024,Abril,4,1101,1,,131,,339092,,339092,3,3,90,92,,100,,"0,00","0,00","0,00",2026-08-07T20:15:03.924257
2024,Abril,4,1101,1,,131,,449052,,449052,4,4,90,52,,100,,"0,00","0,00","0,00",2026-08-07T20:15:03.924257
2024,Abril,4,1101,1,,31,,339031,,339031,3,3,90,31,,100,,"0,00","0,00","0,00",2026-08-07T20:15:03.924257
2024,Abril,4,1101,1,,31,,339032,,339032,3,3,90,32,,100,,"0,00","0,00","0,00",2026-08-07T20:15:03.924257
2024,Abril,4,1101,1,,31,,339037,,339037,3,3,90,37,,100,,"0,00","556.527,04","974.068,13",2026-08-07T20:15:03.924257
2024,Abril,4,1101,1,,31,,339039,,339039,3,3,90,39,,100,,"1.591.066,00","162.820,03","162.820,03",2026-08-07T20:15:03.924257
2024,Abril,4,1101,1,,31,,339139,,339139,3,3,91,39,,100,,"0,00","49.602,08","49.602,08",2026-08-07T20:15:03.924257
2024,Abril,4,1101,1,,392,,339031,,339031,3,3,90,31,,100,,"0,00","0,00","0,00",2026-08-07T20:15:03.924257
2024,Abril,4,1101,1,,392,,339036,,339036,3,3,90,36,,100,,"0,00","0,00","0,00",2026-08-07T20:15:03.924257
2024,Abril,4,1101,1,,392,,339039,,339039,3,3,90,39,,100,,"0,00","0,00","0,00",2026-08-07T20:15:03.924257
2024,Abril,4,1101,1,,392,,339092,,339092,3,3,90,92,,100,,"0,00","0,00","0,00",2026-08-07T20:15:03.924257
2024,Abril,4,1101,28,,845,,339139,,339139,3,3,91,39,,100,,"0,00","0,00","0,00",2026-08-07T20:15:03.924257
2024,Abril,4,1101,28,,846,,319091,,319091,3,1,90,91,,100,,"10.046,31","10.046,31","10.046,31",2026-08-07T20:15:03.924257
2024,Abril,4,1101,28,,846,,319092,,319092,3,1,90,92,,100,,"0,00","0,00","0,00",2026-08-07T20:15:03.924257
2024,Abril,4,1101,28,,846,,319094,,319094,3,1,90,94,,100,,"687.239,77","686.193,54","686.193,54",2026-08-07T20:15:03.924257
2024,Abril,4,1101,28,,846,,319096,,319096,3,1,90,96,,100,,"784.719,55","499.928,86","481.775,26",2026-08-07T20:15:03.924257
2024,Abril,4,1101,28,,846,,339091,,339091,3,3,90,91,,100,,"0,00","0,00","0,00",2026-08-07T20:15:03.924257
2024,Abril,4,1101,28,,846,,339092,,339092,3,3,90,92,,100,,"0,00","0,00","0,00",2026-08-07T20:15:03.924257
2024,Abril,4,1101,28,,846,,339093,,339093,3,3,90,93,,100,,"0,00","391.121,12","400.266,12",2026-08-07T20:15:03.924257
2024,Abril,4,1101,28,,846,,339193,,339193,3,3,91,93,,100,,"1.440,00","0,00","0,00",2026-08-07T20:15:03.924257
2024,Maio,5,1101,1,,122,,319007,,319007,3,1,90,07,,100,,"0,00","393.224,81","393.224,81",2026-08-07T20:15:03.924257
2024,Maio,5,1101,1,,122,,319011,,319011,3,1,90,11,,100,,"35.091.720,27","34.985.119,10","34.980.416,63",2026-08-07T20:15:03.924257
2024,Maio,5,1101,1,,122,,319013,,319013,3,1,90,13,,100,,"254,22","2.272.225,31","2.272.225,31",2026-08-07T20:15:03.924257
2024,Maio,5,1101,1,,122,,319016,,319016,3,1,90,16,,100,,"170.454,21","170.454,21","170.454,21",2026-08-07T20:15:03.924257
2024,Maio,5,1101,1,,122,,319092,,319092,3,1,90,92,,100,,"22.115,07","22.115,07","22.115,07",2026-08-07T20:15:03.924257
2024,Maio,5,1101,1,,122,,319113,,319113,3,1,91,13,,100,,"0,00","4.596.220,86","4.596.220,86",2026-08-07T20:15:03.924257
2024,Maio,5,1101,1,,122,,319192,,319192,3,1,91,92,,100,,"0,00","0,00","0,00",2026-08-07T20:15:03.924257
2024,Maio,5,1101,1,,122,,339008,,339008,3,3,90,08,,100,,"471.728,84","471.728,84","471.728,84",2026-08-07T20:15:03.924257
2024,Maio,5,1101,1,,122,,339014,,339014,3,3,90,14,,100,,"44.619,35","45.452,25","45.452,25",2026-08-07T20:15:03.924257
2024,Maio,5,1101,1,,122,,339030,,339030,3,3,90,30,,100,,"53.802,96","115.791,28","115.791,28",2026-08-07T20:15:03.924257
2024,Maio,5,1101,1,,122,,339033,,339033,3,3,90,33,,100,,"0,00","25.979,54","25.979,54",2026-08-07T20:15:03.924257
2024,Maio,5,1101,1,,122,,339035,,339035,3,3,90,35,,100,,"0,00","0,00","0,00",2026-08-07T20:15:03.924257
2024,Maio,5,1101,1,,122,,339036,,339036,3,3,90,36,,100,,"0,00","0,00","0,00",2026-08-07T20:15:03.924257
2024,Maio,5,1101,1,,122,,339037,,339037,3,3,90,37,,100,,"0,00","809.017,74","809.017,74",2026-08-07T20:15:03.924257
2024,Maio,5,1101,1,,122,,339039,,339039,3,3,90,39,,100,,"54.715,79","603.416,97","603.416,97",2026-08-07T20:15:03.924257
2024,Maio,5,1101,1,,122,,339046,,339046,3,3,90,46,,100,,"3.199.851,00","3.191.474,30","3.190.524,05",2026-08-07T20:15:03.924257
2024,Maio,5,1101,1,,122,,339047,,339047,3,3,90,47,,100,,"0,00","0,00","0,00",2026-08-07T20:15:03.924257
2024,Maio,5,1101,1,,122,,339049,,339049,3,3,90,49,,100,,"44.153,19","43.867,54","43.505,74",2026-08-07T20:15:03.924257
2024,Maio,5,1101,1,,122,,339092,,339092,3,3,90,92,,100,,"0,00","0,00","0,00",2026-08-07T20:15:03.924257
2024,Maio,5,1101,1,,122,,339093,,339093,3,3,90,93,,100,,"0,00","0,00","0,00",2026-08-07T20:15:03.924257
2024,Maio,5,1101,1,,122,,339139,,339139,3,3,91,39,,100,,"0,00","0,00","0,00",2026-08-07T20:15:03.924257
2024,Maio,5,1101,1,,122,,339147,,339147,3,3,91,47,,100,,"0,00","0,00","0,00",2026-08-07T20:15:03.924257
2024,Maio,5,1101,1,,122,,339192,,339192,3,3,91,92,,100,,"0,00","0,00","0,00",2026-08-07T20:15:03.924257
2024,Maio,5,1101,1,,122,,339193,,339193,3,3,91,93,,100,,"63.036,18","71.061,38","71.854,71",2026-08-07T20:15:03.924257
2024,Maio,5,1101,1,,122,,449051,,449051,4,4,90,51,,100,,"0,00","0,00","0,00",2026-08-07T20:15:03.924257
2024,Maio,5,1101,1,,122,,449052,,449052,4,4,90,52,,100,,"496.899,50","0,00","0,00",2026-08-07T20:15:03.924257
2024,Maio,5,1101,1,,122,,449092,,449092,4,4,90,92,,100,,"0,00","0,00","0,00",2026-08-07T20:15:03.924257
2024,Maio,5,1101,1,,126,,339030,,339030,3,3,90,30,,100,,"0,00","0,00","0,00",2026-08-07T20:15:03.924257
2024,Maio,5,1101,1,,126,,339039,,339039,3,3,90,39,,100,,"0,00","0,00","0,00",2026-08-07T20:15:03.924257
2024,Maio,5,1101,1,,126,,339040,,339040,3,3,90,40,,100,,"1.306.855,96","473.340,94","473.406,84",2026-08-07T20:15:03.924257
2024,Maio,5,1101,1,,126,,449040,,449040,4,4,90,40,,100,,"0,00","114.586,90","114.586,90",2026-08-07T20:15:03.924257
2024,Maio,5,1101,1,,126,,449052,,449052,4,4,90,52,,100,,"0,00","2.181.990,40","2.181.990,40",2026-08-07T20:15:03.924257
2024,Maio,5,1101,1,,128,,339032,,339032,3,3,90,32,,100,,"0,00","15.726,70","15.726,70",2026-08-07T20:15:03.924257
2024,Maio,5,1101,1,,128,,339036,,339036,3,3,90,36,,100,,"68.825,75","64.105,32","64.105,32",2026-08-07T20:15:03.924257
2024,Maio,5,1101,1,,128,,339039,,339039,3,3,90,39,,100,,"48.537,30","116.711,60","116.711,60",2026-08-07T20:15:03.924257
2024,Maio,5,1101,1,,131,,339037,,339037,3,3,90,37,,100,,"0,00","0,00","0,00",2026-08-07T20:15:03.924257
2024,Maio,5,1101,1,,131,,339039,,339039,3,3,90,39,,100,,"190.117,44","0,00","0,00",2026-08-07T20:15:03.924257
2024,Maio,5,1101,1,,131,,339092,,339092,3,3,90,92,,100,,"0,00","0,00","0,00",2026-08-07T20:15:03.924257
2024,Maio,5,1101,1,,131,,449052,,449052,4,4,90,52,,100,,"0,00","0,00","0,00",2026-08-07T20:15:03.924257
2024,Maio,5,1101,1,,31,,339031,,339031,3,3,90,31,,100,,"0,00","0,00","0,00",2026-08-07T20:15:03.924257
2024,Maio,5,1101,1,,31,,339032,,339032,3,3,90,32,,100,,"0,00","0,00","0,00",2026-08-07T20:15:03.924257
2024,Maio,5,1101,1,,31,,339037,,339037,3,3,90,37,,100,,"0,00","0,00","0,00",2026-08-07T20:15:03.924257
2024,Maio,5,1101,1,,31,,339039,,339039,3,3,90,39,,100,,"4.507.370,00","1.054.037,64","1.054.037,64",2026-08-07T20:15:03.924257
2024,Maio,5,1101,1,,31,,339139,,339139,3,3,91,39,,100,,"0,00","8.532,16","8.532,16",2026-08-07T20:15:03.924257
2024,Maio,5,1101,1,,392,,339031,,339031,3,3,90,31,,100,,"0,00","0,00","0,00",2026-08-07T20:15:03.924257
2024,Maio,5,1101,1,,392,,339036,,339036,3,3,90,36,,100,,"0,00","0,00","0,00",2026-08-07T20:15:03.924257
2024,Maio,5,1101,1,,392,,339039,,339039,3,3,90,39,,100,,"0,00","0,00","0,00",2026-08-07T20:15:03.924257
2024,Maio,5,1101,1,,392,,339092,,339092,3,3,90,92,,100,,"0,00","0,00","0,00",2026-08-07T20:15:03.924257
2024,Maio,5,1101,28,,845,,339139,,339139,3,3,91,39,,100,,"0,00","0,00","0,00",2026-08-07T20:15:03.924257
2024,Maio,5,1101,28,,846,,319091,,319091,3,1,90,91,,100,,"10.046,31","10.046,31","10.046,31",2026-08-07T20:15:03.924257
2024,Maio,5,1101,28,,846,,319092,,319092,3,1,90,92,,100,,"1.917,10","1.917,10","1.917,10",2026-08-07T20:15:03.924257
2024,Maio,5,1101,28,,846,,319094,,319094,3,1,90,94,,100,,"1.420.086,03","1.420.086,03","1.420.086,03",2026-08-07T20:15:03.924257
2024,Maio,5,1101,28,,846,,319096,,319096,3,1,90,96,,100,,"27.324,67","206.897,53","208.979,48",2026-08-07T20:15:03.924257
2024,Maio,5,1101,28,,846,,339091,,339091,3,3,90,91,,100,,"0,00","0,00","0,00",2026-08-07T20:15:03.924257
2024,Maio,5,1101,28,,846,,339092,,339092,3,3,90,92,,100,,"0,00","0,00","0,00",2026-08-07T20:15:03.924257
2024,Maio,5,1101,28,,846,,339093,,339093,3,3,90,93,,100,,"99.019,15","287.121,43","287.121,43",2026-08-07T20:15:03.924257
2024,Maio,5,1101,28,,846,,339193,,339193,3,3,91,93,,100,,"0,00","1.440,00","1.440,00",2026-08-07T20:15:03.924257
2024,Junho,6,1101,1,,122,,319007,,319007,3,1,90,07,,100,,"0,00","399.853,22","399.853,22",2026-08-07T20:15:03.924257
2024,Junho,6,1101,1,,122,,319011,,319011,3,1,90,11,,100,,"43.660.045,33","43.551.870,43","43.545.196,63",2026-08-07T20:15:03.924257
2024,Junho,6,1101,1,,122,,319013,,319013,3,1,90,13,,100,,"253,34","2.277.929,66","2.277.929,66",2026-08-07T20:15:03.924257
2024,Junho,6,1101,1,,122,,319016,,319016,3,1,90,16,,100,,"190.325,40","190.325,40","190.325,40",2026-08-07T20:15:03.924257
2024,Junho,6,1101,1,,122,,319092,,319092,3,1,90,92,,100,,"172.210,40","172.210,40","172.210,40",2026-08-07T20:15:03.924257
2024,Junho,6,1101,1,,122,,319113,,319113,3,1,91,13,,100,,"0,00","4.550.927,78","4.550.927,78",2026-08-07T20:15:03.924257
2024,Junho,6,1101,1,,122,,319192,,319192,3,1,91,92,,100,,"0,00","0,00","0,00",2026-08-07T20:15:03.924257
2024,Junho,6,1101,1,,122,,339008,,339008,3,3,90,08,,100,,"491.494,85","486.965,99","486.965,99",2026-08-07T20:15:03.924257
2024,Junho,6,1101,1,,122,,339014,,339014,3,3,90,14,,100,,"37.100,25","37.100,25","37.100,25",2026-08-07T20:15:03.924257
2024,Junho,6,1101,1,,122,,339030,,339030,3,3,90,30,,100,,"85.559,92","66.318,41","62.576,97",2026-08-07T20:15:03.924257
2024,Junho,6,1101,1,,122,,339033,,339033,3,3,90,33,,100,,"132.516,60","42.357,62","11.591,48",2026-08-07T20:15:03.924257
2024,Junho,6,1101,1,,122,,339035,,339035,3,3,90,35,,100,,"0,00","0,00","0,00",2026-08-07T20:15:03.924257
2024,Junho,6,1101,1,,122,,339036,,339036,3,3,90,36,,100,,"0,00","0,00","0,00",2026-08-07T20:15:03.924257
2024,Junho,6,1101,1,,122,,339037,,339037,3,3,90,37,,100,,"0,00","846.940,18","486.095,82",2026-08-07T20:15:03.924257
2024,Junho,6,1101,1,,122,,339039,,339039,3,3,90,39,,100,,"29.033,40","1.224.323,21","1.140.267,12",2026-08-07T20:15:03.924257
2024,Junho,6,1101,1,,122,,339046,,339046,3,3,90,46,,100,,"3.251.133,76","3.247.329,28","3.245.358,38",2026-08-07T20:15:03.924257
2024,Junho,6,1101,1,,122,,339047,,339047,3,3,90,47,,100,,"0,00","0,00","0,00",2026-08-07T20:15:03.924257
2024,Junho,6,1101,1,,122,,339049,,339049,3,3,90,49,,100,,"41.067,77","37.652,52","37.747,61",2026-08-07T20:15:03.924257
2024,Junho,6,1101,1,,122,,339092,,339092,3,3,90,92,,100,,"0,00","0,00","0,00",2026-08-07T20:15:03.924257
2024,Junho,6,1101,1,,122,,339093,,339093,3,3,90,93,,100,,"0,00","0,00","0,00",2026-08-07T20:15:03.924257
2024,Junho,6,1101,1,,122,,339139,,339139,3,3,91,39,,100,,"0,00","0,00","0,00",2026-08-07T20:15:03.924257
2024,Junho,6,1101,1,,122,,339147,,339147,3,3,91,47,,100,,"244,00","244,00","244,00",2026-08-07T20:15:03.924257
2024,Junho,6,1101,1,,122,,339192,,339192,3,3,91,92,,100,,"0,00","0,00","0,00",2026-08-07T20:15:03.924257
2024,Junho,6,1101,1,,122,,339193,,339193,3,3,91,93,,100,,"4.773,72","4.773,72","4.773,72",2026-08-07T20:15:03.924257
2024,Junho,6,1101,1,,122,,449051,,449051,4,4,90,51,,100,,"259.599,91","3.199,34","3.199,34",2026-08-07T20:15:03.924257
2024,Junho,6,1101,1,,122,,449052,,449052,4,4,90,52,,100,,"194.803,05","0,00","0,00",2026-08-07T20:15:03.924257
2024,Junho,6,1101,1,,122,,449092,,449092,4,4,90,92,,100,,"0,00","0,00","0,00",2026-08-07T20:15:03.924257
2024,Junho,6,1101,1,,126,,339030,,339030,3,3,90,30,,100,,"0,00","0,00","0,00",2026-08-07T20:15:03.924257
2024,Junho,6,1101,1,,126,,339039,,339039,3,3,90,39,,100,,"0,00","323.506,98","323.506,98",2026-08-07T20:15:03.924257
2024,Junho,6,1101,1,,126,,339040,,339040,3,3,90,40,,100,,"814.225,42","1.231.029,81","1.231.029,81",2026-08-07T20:15:03.924257
2024,Junho,6,1101,1,,126,,449040,,449040,4,4,90,40,,100,,"0,00","41.383,02","41.383,02",2026-08-07T20:15:03.924257
2024,Junho,6,1101,1,,126,,449052,,449052,4,4,90,52,,100,,"0,00","975.761,60","0,00",2026-08-07T20:15:03.924257
2024,Junho,6,1101,1,,128,,339032,,339032,3,3,90,32,,100,,"0,00","5.678,20","5.678,20",2026-08-07T20:15:03.924257
2024,Junho,6,1101,1,,128,,339036,,339036,3,3,90,36,,100,,"36.848,87","38.753,25","34.032,82",2026-08-07T20:15:03.924257
2024,Junho,6,1101,1,,128,,339039,,339039,3,3,90,39,,100,,"0,00","62.132,81","62.132,81",2026-08-07T20:15:03.924257
2024,Junho,6,1101,1,,131,,339037,,339037,3,3,90,37,,100,,"0,00","0,00","0,00",2026-08-07T20:15:03.924257
2024,Junho,6,1101,1,,131,,339039,,339039,3,3,90,39,,100,,"0,00","0,00","0,00",2026-08-07T20:15:03.924257
2024,Junho,6,1101,1,,131,,339092,,339092,3,3,90,92,,100,,"0,00","0,00","0,00",2026-08-07T20:15:03.924257
2024,Junho,6,1101,1,,131,,449052,,449052,4,4,90,52,,100,,"0,00","0,00","0,00",2026-08-07T20:15:03.924257
2024,Junho,6,1101,1,,31,,339030,,339030,3,3,90,30,,100,,"26.014,89","0,00","0,00",2026-08-07T20:15:03.924257
2024,Junho,6,1101,1,,31,,339031,,339031,3,3,90,31,,100,,"0,00","0,00","0,00",2026-08-07T20:15:03.924257
2024,Junho,6,1101,1,,31,,339032,,339032,3,3,90,32,,100,,"0,00","0,00","0,00",2026-08-07T20:15:03.924257
2024,Junho,6,1101,1,,31,,339037,,339037,3,3,90,37,,100,,"3.944.768,27","694.015,62","694.015,62",2026-08-07T20:15:03.924257
2024,Junho,6,1101,1,,31,,339039,,339039,3,3,90,39,,100,,"5.061.704,09","2.446.389,31","2.446.389,31",2026-08-07T20:15:03.924257
2024,Junho,6,1101,1,,31,,339139,,339139,3,3,91,39,,100,,"0,00","14.151,20","14.151,20",2026-08-07T20:15:03.924257
2024,Junho,6,1101,1,,392,,339031,,339031,3,3,90,31,,100,,"0,00","0,00","0,00",2026-08-07T20:15:03.924257
2024,Junho,6,1101,1,,392,,339036,,339036,3,3,90,36,,100,,"0,00","0,00","0,00",2026-08-07T20:15:03.924257
2024,Junho,6,1101,1,,392,,339039,,339039,3,3,90,39,,100,,"0,00","0,00","0,00",2026-08-07T20:15:03.924257
2024,Junho,6,1101,1,,392,,339092,,339092,3,3,90,92,,100,,"0,00","0,00","0,00",2026-08-07T20:15:03.924257
2024,Junho,6,1101,28,,845,,339139,,339139,3,3,91,39,,100,,"0,00","0,00","0,00",2026-08-07T20:15:03.924257
2024,Junho,6,1101,28,,846,,319091,,319091,3,1,90,91,,100,,"10.046,31","10.046,31","10.046,31",2026-08-07T20:15:03.924257
2024,Junho,6,1101,28,,846,,319092,,319092,3,1,90,92,,100,,"0,00","0,00","0,00",2026-08-07T20:15:03.924257
2024,Junho,6,1101,28,,846,,319094,,319094,3,1,90,94,,100,,"489.707,39","465.297,71","465.297,71",2026-08-07T20:15:03.924257
2024,Junho,6,1101,28,,846,,319096,,319096,3,1,90,96,,100,,"10.062,48","196.359,25","212.430,90",2026-08-07T20:15:03.924257
2024,Junho,6,1101,28,,846,,339091,,339091,3,3,90,91,,100,,"0,00","0,00","0,00",2026-08-07T20:15:03.924257
2024,Junho,6,1101,28,,846,,339092,,339092,3,3,90,92,,100,,"0,00","0,00","0,00",2026-08-07T20:15:03.924257
2024,Junho,6,1101,28,,846,,339093,,339093,3,3,90,93,,100,,"0,00","263.358,24","254.523,13",2026-08-07T20:15:03.924257
2024,Junho,6,1101,28,,846,,339193,,339193,3,3,91,93,,100,,"0,00","0,00","0,00",2026-08-07T20:15:03.924257
2024,Julho,7,1101,1,,122,,319007,,319007,3,1,90,07,,100,,"0,00","481.361,36","481.361,36",2026-08-07T20:15:03.924257
2024,Julho,7,1101,1,,122,,319011,,319011,3,1,90,11,,100,,"38.216.015,12","38.069.607,98","38.052.030,57",2026-08-07T20:15:03.924257
2024,Julho,7,1101,1,,122,,319013,,319013,3,1,90,13,,100,,"0,00","2.434.739,99","2.434.739,99",2026-08-07T20:15:03.924257
2024,Julho,7,1101,1,,122,,319016,,319016,3,1,90,16,,100,,"157.898,85","157.898,85","157.898,85",2026-08-07T20:15:03.924257
2024,Julho,7,1101,1,,122,,319092,,319092,3,1,90,92,,100,,"37.609,27","37.609,27","37.609,27",2026-08-07T20:15:03.924257
2024,Julho,7,1101,1,,122,,319113,,319113,3,1,91,13,,100,,"0,00","4.881.572,14","4.881.572,14",2026-08-07T20:15:03.924257
2024,Julho,7,1101,1,,122,,319192,,319192,3,1,91,92,,100,,"0,00","0,00","0,00",2026-08-07T20:15:03.924257
2024,Julho,7,1101,1,,122,,339008,,339008,3,3,90,08,,100,,"478.901,20","478.901,20","478.901,20",2026-08-07T20:15:03.924257
2024,Julho,7,1101,1,,122,,339014,,339014,3,3,90,14,,100,,"4.875,00","4.875,00","4.875,00",2026-08-07T20:15:03.924257
2024,Julho,7,1101,1,,122,,339030,,339030,3,3,90,30,,100,,"120.702,03","159.808,73","137.480,17",2026-08-07T20:15:03.924257
2024,Julho,7,1101,1,,122,,339033,,339033,3,3,90,33,,100,,"0,00","13.806,18","44.572,32",2026-08-07T20:15:03.924257
2024,Julho,7,1101,1,,122,,339035,,339035,3,3,90,35,,100,,"0,00","0,00","0,00",2026-08-07T20:15:03.924257
2024,Julho,7,1101,1,,122,,339036,,339036,3,3,90,36,,100,,"0,00","0,00","0,00",2026-08-07T20:15:03.924257
2024,Julho,7,1101,1,,122,,339037,,339037,3,3,90,37,,100,,"0,00","661.133,48","1.021.977,84",2026-08-07T20:15:03.924257
2024,Julho,7,1101,1,,122,,339039,,339039,3,3,90,39,,100,,"406.880,46","647.123,59","731.179,68",2026-08-07T20:15:03.924257
2024,Julho,7,1101,1,,122,,339046,,339046,3,3,90,46,,100,,"3.259.756,14","3.256.115,62","3.254.758,12",2026-08-07T20:15:03.924257
2024,Julho,7,1101,1,,122,,339047,,339047,3,3,90,47,,100,,"0,00","944,08","944,08",2026-08-07T20:15:03.924257
2024,Julho,7,1101,1,,122,,339049,,339049,3,3,90,49,,100,,"31.904,20","31.214,12","32.044,95",2026-08-07T20:15:03.924257
2024,Julho,7,1101,1,,122,,339092,,339092,3,3,90,92,,100,,"0,00","0,00","0,00",2026-08-07T20:15:03.924257
2024,Julho,7,1101,1,,122,,339093,,339093,3,3,90,93,,100,,"0,00","0,00","0,00",2026-08-07T20:15:03.924257
2024,Julho,7,1101,1,,122,,339139,,339139,3,3,91,39,,100,,"0,00","0,00","0,00",2026-08-07T20:15:03.924257
2024,Julho,7,1101,1,,122,,339147,,339147,3,3,91,47,,100,,"0,00","0,00","0,00",2026-08-07T20:15:03.924257
2024,Julho,7,1101,1,,122,,339192,,339192,3,3,91,92,,100,,"0,00","0,00","0,00",2026-08-07T20:15:03.924257
2024,Julho,7,1101,1,,122,,339193,,339193,3,3,91,93,,100,,"80.152,96","80.152,96","80.152,96",2026-08-07T20:15:03.924257
2024,Julho,7,1101,1,,122,,449051,,449051,4,4,90,51,,100,,"0,00","1.599,67","1.599,67",2026-08-07T20:15:03.924257
2024,Julho,7,1101,1,,122,,449052,,449052,4,4,90,52,,100,,"0,00","4.803,05","4.803,05",2026-08-07T20:15:03.924257
2024,Julho,7,1101,1,,122,,449092,,449092,4,4,90,92,,100,,"0,00","0,00","0,00",2026-08-07T20:15:03.924257
2024,Julho,7,1101,1,,126,,339030,,339030,3,3,90,30,,100,,"0,00","0,00","0,00",2026-08-07T20:15:03.924257
2024,Julho,7,1101,1,,126,,339039,,339039,3,3,90,39,,100,,"0,00","174.812,41","174.812,41",2026-08-07T20:15:03.924257
2024,Julho,7,1101,1,,126,,339040,,339040,3,3,90,40,,100,,"13.926,25","2.702.654,04","2.702.654,04",2026-08-07T20:15:03.924257
2024,Julho,7,1101,1,,126,,449040,,449040,4,4,90,40,,100,,"379.775,00","6.654,51","6.654,51",2026-08-07T20:15:03.924257
2024,Julho,7,1101,1,,126,,449052,,449052,4,4,90,52,,100,,"0,00","0,00","975.761,60",2026-08-07T20:15:03.924257
2024,Julho,7,1101,1,,128,,339032,,339032,3,3,90,32,,100,,"60.756,30","9.289,28","9.289,28",2026-08-07T20:15:03.924257
2024,Julho,7,1101,1,,128,,339036,,339036,3,3,90,36,,100,,"38.741,12","38.741,12","43.461,55",2026-08-07T20:15:03.924257
2024,Julho,7,1101,1,,128,,339039,,339039,3,3,90,39,,100,,"167.305,68","87.807,40","87.807,40",2026-08-07T20:15:03.924257
2024,Julho,7,1101,1,,131,,339037,,339037,3,3,90,37,,100,,"0,00","0,00","0,00",2026-08-07T20:15:03.924257
2024,Julho,7,1101,1,,131,,339039,,339039,3,3,90,39,,100,,"0,00","0,00","0,00",2026-08-07T20:15:03.924257
2024,Julho,7,1101,1,,131,,339092,,339092,3,3,90,92,,100,,"0,00","0,00","0,00",2026-08-07T20:15:03.924257
2024,Julho,7,1101,1,,131,,449052,,449052,4,4,90,52,,100,,"0,00","0,00","0,00",2026-08-07T20:15:03.924257
2024,Julho,7,1101,1,,31,,339030,,339030,3,3,90,30,,100,,"0,00","0,00","0,00",2026-08-07T20:15:03.924257
2024,Julho,7,1101,1,,31,,339031,,339031,3,3,90,31,,100,,"0,00","0,00","0,00",2026-08-07T20:15:03.924257
2024,Julho,7,1101,1,,31,,339032,,339032,3,3,90,32,,100,,"0,00","0,00","0,00",2026-08-07T20:15:03.924257
2024,Julho,7,1101,1,,31,,339037,,339037,3,3,90,37,,100,,"0,00","1.204.200,83","1.204.200,83",2026-08-07T20:15:03.924257
2024,Julho,7,1101,1,,31,,339039,,339039,3,3,90,39,,100,,"'-72,00","1.321.362,15","1.321.362,15",2026-08-07T20:15:03.924257
2024,Julho,7,1101,1,,31,,339139,,339139,3,3,91,39,,100,,"0,00","8.180,00","8.180,00",2026-08-07T20:15:03.924257
2024,Julho,7,1101,1,,392,,339031,,339031,3,3,90,31,,100,,"0,00","0,00","0,00",2026-08-07T20:15:03.924257
2024,Julho,7,1101,1,,392,,339036,,339036,3,3,90,36,,100,,"0,00","0,00","0,00",2026-08-07T20:15:03.924257
2024,Julho,7,1101,1,,392,,339039,,339039,3,3,90,39,,100,,"0,00","0,00","0,00",2026-08-07T20:15:03.924257
2024,Julho,7,1101,1,,392,,339092,,339092,3,3,90,92,,100,,"0,00","0,00","0,00",2026-08-07T20:15:03.924257
2024,Julho,7,1101,28,,845,,339139,,339139,3,3,91,39,,100,,"0,00","0,00","0,00",2026-08-07T20:15:03.924257
2024,Julho,7,1101,28,,846,,319091,,319091,3,1,90,91,,100,,"10.046,31","10.046,31","10.046,31",2026-08-07T20:15:03.924257
2024,Julho,7,1101,28,,846,,319092,,319092,3,1,90,92,,100,,"0,00","0,00","0,00",2026-08-07T20:15:03.924257
2024,Julho,7,1101,28,,846,,319094,,319094,3,1,90,94,,100,,"367.656,24","367.656,24","367.656,24",2026-08-07T20:15:03.924257
2024,Julho,7,1101,28,,846,,319096,,319096,3,1,90,96,,100,,"116.100,41","290.007,30","290.007,30",2026-08-07T20:15:03.924257
2024,Julho,7,1101,28,,846,,339091,,339091,3,3,90,91,,100,,"0,00","0,00","0,00",2026-08-07T20:15:03.924257
2024,Julho,7,1101,28,,846,,339092,,339092,3,3,90,92,,100,,"0,00","0,00","0,00",2026-08-07T20:15:03.924257
2024,Julho,7,1101,28,,846,,339093,,339093,3,3,90,93,,100,,"0,00","265.229,11","274.064,22",2026-08-07T20:15:03.924257
2024,Julho,7,1101,28,,846,,339193,,339193,3,3,91,93,,100,,"0,00","0,00","0,00",2026-08-07T20:15:03.924257
2024,Agosto,8,1101,1,,122,,319007,,319007,3,1,90,07,,100,,"0,00","454.461,92","454.461,92",2026-08-07T20:15:03.924257
2024,Agosto,8,1101,1,,122,,319011,,319011,3,1,90,11,,100,,"37.199.342,02","37.094.516,88","37.100.682,42",2026-08-07T20:15:03.924257
2024,Agosto,8,1101,1,,122,,319013,,319013,3,1,90,13,,100,,"119,96","2.445.938,25","2.445.938,25",2026-08-07T20:15:03.924257
2024,Agosto,8,1101,1,,122,,319016,,319016,3,1,90,16,,100,,"115.966,46","115.966,46","115.966,46",2026-08-07T20:15:03.924257
2024,Agosto,8,1101,1,,122,,319092,,319092,3,1,90,92,,100,,"8.718,33","0,00","0,00",2026-08-07T20:15:03.924257
2024,Agosto,8,1101,1,,122,,319113,,319113,3,1,91,13,,100,,"0,00","4.734.207,44","4.734.207,44",2026-08-07T20:15:03.924257
2024,Agosto,8,1101,1,,122,,319192,,319192,3,1,91,92,,100,,"0,00","0,00","0,00",2026-08-07T20:15:03.924257
2024,Agosto,8,1101,1,,122,,339008,,339008,3,3,90,08,,100,,"467.444,73","467.194,82","467.194,82",2026-08-07T20:15:03.924257
2024,Agosto,8,1101,1,,122,,339014,,339014,3,3,90,14,,100,,"26.718,75","26.718,75","26.718,75",2026-08-07T20:15:03.924257
2024,Agosto,8,1101,1,,122,,339030,,339030,3,3,90,30,,100,,"83.881,95","39.562,64","60.305,60",2026-08-07T20:15:03.924257
2024,Agosto,8,1101,1,,122,,339033,,339033,3,3,90,33,,100,,"0,00","6.340,78","6.340,78",2026-08-07T20:15:03.924257
2024,Agosto,8,1101,1,,122,,339035,,339035,3,3,90,35,,100,,"0,00","0,00","0,00",2026-08-07T20:15:03.924257
2024,Agosto,8,1101,1,,122,,339036,,339036,3,3,90,36,,100,,"1.008,00","1.008,00","1.008,00",2026-08-07T20:15:03.924257
2024,Agosto,8,1101,1,,122,,339037,,339037,3,3,90,37,,100,,"1.269.823,78","1.048.353,15","1.048.353,15",2026-08-07T20:15:03.924257
2024,Agosto,8,1101,1,,122,,339039,,339039,3,3,90,39,,100,,"1.406.997,50","674.034,04","652.026,51",2026-08-07T20:15:03.924257
2024,Agosto,8,1101,1,,122,,339046,,339046,3,3,90,46,,100,,"3.254.441,86","3.248.997,02","3.248.589,77",2026-08-07T20:15:03.924257
2024,Agosto,8,1101,1,,122,,339047,,339047,3,3,90,47,,100,,"0,00","0,00","0,00",2026-08-07T20:15:03.924257
2024,Agosto,8,1101,1,,122,,339049,,339049,3,3,90,49,,100,,"37.720,50","37.123,33","37.337,48",2026-08-07T20:15:03.924257
2024,Agosto,8,1101,1,,122,,339092,,339092,3,3,90,92,,100,,"0,00","0,00","0,00",2026-08-07T20:15:03.924257
2024,Agosto,8,1101,1,,122,,339093,,339093,3,3,90,93,,100,,"0,00","0,00","0,00",2026-08-07T20:15:03.924257
2024,Agosto,8,1101,1,,122,,339139,,339139,3,3,91,39,,100,,"0,00","20.854,78","20.854,78",2026-08-07T20:15:03.924257
2024,Agosto,8,1101,1,,122,,339147,,339147,3,3,91,47,,100,,"0,00","0,00","0,00",2026-08-07T20:15:03.924257
2024,Agosto,8,1101,1,,122,,339192,,339192,3,3,91,92,,100,,"0,00","0,00","0,00",2026-08-07T20:15:03.924257
2024,Agosto,8,1101,1,,122,,339193,,339193,3,3,91,93,,100,,"5.654,68","5.654,68","5.654,68",2026-08-07T20:15:03.924257
2024,Agosto,8,1101,1,,122,,449051,,449051,4,4,90,51,,100,,"21.117,00","92.737,32","54.479,97",2026-08-07T20:15:03.924257
2024,Agosto,8,1101,1,,122,,449052,,449052,4,4,90,52,,100,,"236.707,00","81.410,00","81.410,00",2026-08-07T20:15:03.924257
2024,Agosto,8,1101,1,,122,,449092,,449092,4,4,90,92,,100,,"0,00","0,00","0,00",2026-08-07T20:15:03.924257
2024,Agosto,8,1101,1,,126,,339030,,339030,3,3,90,30,,100,,"0,00","0,00","0,00",2026-08-07T20:15:03.924257
2024,Agosto,8,1101,1,,126,,339039,,339039,3,3,90,39,,100,,"0,00","0,00","0,00",2026-08-07T20:15:03.924257
2024,Agosto,8,1101,1,,126,,339040,,339040,3,3,90,40,,100,,"341.712,71","780.102,33","780.102,33",2026-08-07T20:15:03.924257
2024,Agosto,8,1101,1,,126,,339092,,339092,3,3,90,92,,100,,"3.273,92","0,00","0,00",2026-08-07T20:15:03.924257
2024,Agosto,8,1101,1,,126,,449040,,449040,4,4,90,40,,100,,"0,00","84.992,72","84.992,72",2026-08-07T20:15:03.924257
2024,Agosto,8,1101,1,,126,,449052,,449052,4,4,90,52,,100,,"0,00","0,00","0,00",2026-08-07T20:15:03.924257
2024,Agosto,8,1101,1,,128,,339032,,339032,3,3,90,32,,100,,"0,00","60.756,30","60.756,30",2026-08-07T20:15:03.924257
2024,Agosto,8,1101,1,,128,,339036,,339036,3,3,90,36,,100,,"1.819,59","1.819,59","1.819,59",2026-08-07T20:15:03.924257
2024,Agosto,8,1101,1,,128,,339039,,339039,3,3,90,39,,100,,"8.727,72","213.709,30","213.709,30",2026-08-07T20:15:03.924257
2024,Agosto,8,1101,1,,131,,339037,,339037,3,3,90,37,,100,,"0,00","0,00","0,00",2026-08-07T20:15:03.924257
2024,Agosto,8,1101,1,,131,,339039,,339039,3,3,90,39,,100,,"0,00","0,00","0,00",2026-08-07T20:15:03.924257
2024,Agosto,8,1101,1,,131,,339092,,339092,3,3,90,92,,100,,"0,00","0,00","0,00",2026-08-07T20:15:03.924257
2024,Agosto,8,1101,1,,131,,449052,,449052,4,4,90,52,,100,,"0,00","0,00","0,00",2026-08-07T20:15:03.924257
2024,Agosto,8,1101,1,,31,,339030,,339030,3,3,90,30,,100,,"0,00","0,00","0,00",2026-08-07T20:15:03.924257
2024,Agosto,8,1101,1,,31,,339031,,339031,3,3,90,31,,100,,"0,00","0,00","0,00",2026-08-07T20:15:03.924257
2024,Agosto,8,1101,1,,31,,339032,,339032,3,3,90,32,,100,,"0,00","0,00","0,00",2026-08-07T20:15:03.924257
2024,Agosto,8,1101,1,,31,,339037,,339037,3,3,90,37,,100,,"0,00","603.684,61","603.684,61",2026-08-07T20:15:03.924257
2024,Agosto,8,1101,1,,31,,339039,,339039,3,3,90,39,,100,,"6.603.496,00","3.313.316,93","3.313.316,93",2026-08-07T20:15:03.924257
2024,Agosto,8,1101,1,,31,,339139,,339139,3,3,91,39,,100,,"0,00","6.737,44","6.737,44",2026-08-07T20:15:03.924257
2024,Agosto,8,1101,1,,392,,339031,,339031,3,3,90,31,,100,,"0,00","0,00","0,00",2026-08-07T20:15:03.924257
2024,Agosto,8,1101,1,,392,,339036,,339036,3,3,90,36,,100,,"0,00","0,00","0,00",2026-08-07T20:15:03.924257
2024,Agosto,8,1101,1,,392,,339039,,339039,3,3,90,39,,100,,"0,00","0,00","0,00",2026-08-07T20:15:03.924257
2024,Agosto,8,1101,1,,392,,339092,,339092,3,3,90,92,,100,,"0,00","0,00","0,00",2026-08-07T20:15:03.924257
2024,Agosto,8,1101,28,,845,,339139,,339139,3,3,91,39,,100,,"0,00","0,00","0,00",2026-08-07T20:15:03.924257
2024,Agosto,8,1101,28,,846,,319091,,319091,3,1,90,91,,100,,"10.046,31","10.046,31","10.046,31",2026-08-07T20:15:03.924257
2024,Agosto,8,1101,28,,846,,319092,,319092,3,1,90,92,,100,,"53.398,86","0,00","0,00",2026-08-07T20:15:03.924257
2024,Agosto,8,1101,28,,846,,319094,,319094,3,1,90,94,,100,,"516.411,17","516.411,17","516.411,17",2026-08-07T20:15:03.924257
2024,Agosto,8,1101,28,,846,,319096,,319096,3,1,90,96,,100,,"0,00","212.517,40","212.517,40",2026-08-07T20:15:03.924257
2024,Agosto,8,1101,28,,846,,339091,,339091,3,3,90,91,,100,,"0,00","0,00","0,00",2026-08-07T20:15:03.924257
2024,Agosto,8,1101,28,,846,,339092,,339092,3,3,90,92,,100,,"0,00","0,00","0,00",2026-08-07T20:15:03.924257
2024,Agosto,8,1101,28,,846,,339093,,339093,3,3,90,93,,100,,"667.789,76","229.045,94","229.045,94",2026-08-07T20:15:03.924257
2024,Agosto,8,1101,28,,846,,339193,,339193,3,3,91,93,,100,,"0,00","0,00","0,00",2026-08-07T20:15:03.924257
2024,Setembro,9,1101,1,,122,,319007,,319007,3,1,90,07,,100,,"0,00","463.887,59","463.887,59",2026-08-07T20:15:03.924257
2024,Setembro,9,1101,1,,122,,319011,,319011,3,1,90,11,,100,,"36.842.614,81","36.700.237,94","36.696.768,15",2026-08-07T20:15:03.924257
2024,Setembro,9,1101,1,,122,,319013,,319013,3,1,90,13,,100,,"324,81","2.427.226,55","2.427.226,55",2026-08-07T20:15:03.924257
2024,Setembro,9,1101,1,,122,,319016,,319016,3,1,90,16,,100,,"166.185,53","164.914,35","164.914,35",2026-08-07T20:15:03.924257
2024,Setembro,9,1101,1,,122,,319092,,319092,3,1,90,92,,100,,"5.598.561,21","5.607.279,54","5.607.279,54",2026-08-07T20:15:03.924257
2024,Setembro,9,1101,1,,122,,319113,,319113,3,1,91,13,,100,,"0,00","4.761.435,82","4.761.435,82",2026-08-07T20:15:03.924257
2024,Setembro,9,1101,1,,122,,319192,,319192,3,1,91,92,,100,,"0,00","0,00","0,00",2026-08-07T20:15:03.924257
2024,Setembro,9,1101,1,,122,,339008,,339008,3,3,90,08,,100,,"511.960,59","511.960,59","511.960,59",2026-08-07T20:15:03.924257
2024,Setembro,9,1101,1,,122,,339014,,339014,3,3,90,14,,100,,"94.365,00","94.365,00","94.365,00",2026-08-07T20:15:03.924257
2024,Setembro,9,1101,1,,122,,339030,,339030,3,3,90,30,,100,,"'-11.315,51","69.827,34","75.154,38",2026-08-07T20:15:03.924257
2024,Setembro,9,1101,1,,122,,339033,,339033,3,3,90,33,,100,,"0,00","10.423,42","10.423,42",2026-08-07T20:15:03.924257
2024,Setembro,9,1101,1,,122,,339035,,339035,3,3,90,35,,100,,"0,00","0,00","0,00",2026-08-07T20:15:03.924257
2024,Setembro,9,1101,1,,122,,339036,,339036,3,3,90,36,,100,,"0,00","0,00","0,00",2026-08-07T20:15:03.924257
2024,Setembro,9,1101,1,,122,,339037,,339037,3,3,90,37,,100,,"0,00","908.040,03","908.040,03",2026-08-07T20:15:03.924257
2024,Setembro,9,1101,1,,122,,339039,,339039,3,3,90,39,,100,,"10.717,66","1.001.743,42","1.023.750,95",2026-08-07T20:15:03.924257
2024,Setembro,9,1101,1,,122,,339046,,339046,3,3,90,46,,100,,"3.251.787,44","3.247.919,64","3.247.376,64",2026-08-07T20:15:03.924257
2024,Setembro,9,1101,1,,122,,339047,,339047,3,3,90,47,,100,,"0,00","0,00","0,00",2026-08-07T20:15:03.924257
2024,Setembro,9,1101,1,,122,,339049,,339049,3,3,90,49,,100,,"39.633,14","31.750,17","31.174,28",2026-08-07T20:15:03.924257
2024,Setembro,9,1101,1,,122,,339092,,339092,3,3,90,92,,100,,"0,00","0,00","0,00",2026-08-07T20:15:03.924257
2024,Setembro,9,1101,1,,122,,339093,,339093,3,3,90,93,,100,,"0,00","0,00","0,00",2026-08-07T20:15:03.924257
2024,Setembro,9,1101,1,,122,,339139,,339139,3,3,91,39,,100,,"0,00","0,00","0,00",2026-08-07T20:15:03.924257
2024,Setembro,9,1101,1,,122,,339147,,339147,3,3,91,47,,100,,"0,00","0,00","0,00",2026-08-07T20:15:03.924257
2024,Setembro,9,1101,1,,122,,339192,,339192,3,3,91,92,,100,,"0,00","0,00","0,00",2026-08-07T20:15:03.924257
2024,Setembro,9,1101,1,,122,,339193,,339193,3,3,91,93,,100,,"12.613,29","11.913,29","11.913,29",2026-08-07T20:15:03.924257
2024,Setembro,9,1101,1,,122,,449051,,449051,4,4,90,51,,100,,"278.946,97","119.639,62","157.896,97",2026-08-07T20:15:03.924257
2024,Setembro,9,1101,1,,122,,449052,,449052,4,4,90,52,,100,,"3.630,00","190.000,00","190.000,00",2026-08-07T20:15:03.924257
2024,Setembro,9,1101,1,,122,,449092,,449092,4,4,90,92,,100,,"0,00","0,00","0,00",2026-08-07T20:15:03.924257
2024,Setembro,9,1101,1,,126,,339030,,339030,3,3,90,30,,100,,"0,00","0,00","0,00",2026-08-07T20:15:03.924257
2024,Setembro,9,1101,1,,126,,339039,,339039,3,3,90,39,,100,,"683.499,45","356.908,95","356.908,95",2026-08-07T20:15:03.924257
2024,Setembro,9,1101,1,,126,,339040,,339040,3,3,90,40,,100,,"124.774,25","264.514,12","264.514,12",2026-08-07T20:15:03.924257
2024,Setembro,9,1101,1,,126,,339092,,339092,3,3,90,92,,100,,"0,00","3.273,92","3.273,92",2026-08-07T20:15:03.924257
2024,Setembro,9,1101,1,,126,,449040,,449040,4,4,90,40,,100,,"29.750,71","65.597,50","65.597,50",2026-08-07T20:15:03.924257
2024,Setembro,9,1101,1,,126,,449052,,449052,4,4,90,52,,100,,"795.502,72","0,00","0,00",2026-08-07T20:15:03.924257
2024,Setembro,9,1101,1,,128,,339032,,339032,3,3,90,32,,100,,"0,00","12.147,52","12.147,52",2026-08-07T20:15:03.924257
2024,Setembro,9,1101,1,,128,,339036,,339036,3,3,90,36,,100,,"51.884,37","41.889,24","41.889,24",2026-08-07T20:15:03.924257
2024,Setembro,9,1101,1,,128,,339039,,339039,3,3,90,39,,100,,"126.640,00","117.230,85","117.230,85",2026-08-07T20:15:03.924257
2024,Setembro,9,1101,1,,131,,339037,,339037,3,3,90,37,,100,,"0,00","0,00","0,00",2026-08-07T20:15:03.924257
2024,Setembro,9,1101,1,,131,,339039,,339039,3,3,90,39,,100,,"0,00","110.241,72","110.241,72",2026-08-07T20:15:03.924257
2024,Setembro,9,1101,1,,131,,339092,,339092,3,3,90,92,,100,,"0,00","0,00","0,00",2026-08-07T20:15:03.924257
2024,Setembro,9,1101,1,,131,,449052,,449052,4,4,90,52,,100,,"0,00","0,00","0,00",2026-08-07T20:15:03.924257
2024,Setembro,9,1101,1,,31,,339030,,339030,3,3,90,30,,100,,"0,00","0,00","0,00",2026-08-07T20:15:03.924257
2024,Setembro,9,1101,1,,31,,339031,,339031,3,3,90,31,,100,,"0,00","0,00","0,00",2026-08-07T20:15:03.924257
2024,Setembro,9,1101,1,,31,,339032,,339032,3,3,90,32,,100,,"0,00","0,00","0,00",2026-08-07T20:15:03.924257
2024,Setembro,9,1101,1,,31,,339037,,339037,3,3,90,37,,100,,"0,00","647.516,93","647.516,93",2026-08-07T20:15:03.924257
2024,Setembro,9,1101,1,,31,,339039,,339039,3,3,90,39,,100,,"1.389.359,45","3.586.911,59","3.586.911,59",2026-08-07T20:15:03.924257
2024,Setembro,9,1101,1,,31,,339139,,339139,3,3,91,39,,100,,"0,00","6.789,76","6.789,76",2026-08-07T20:15:03.924257
2024,Setembro,9,1101,1,,392,,339031,,339031,3,3,90,31,,100,,"0,00","0,00","0,00",2026-08-07T20:15:03.924257
2024,Setembro,9,1101,1,,392,,339036,,339036,3,3,90,36,,100,,"15.000,00","0,00","0,00",2026-08-07T20:15:03.924257
2024,Setembro,9,1101,1,,392,,339039,,339039,3,3,90,39,,100,,"0,00","0,00","0,00",2026-08-07T20:15:03.924257
2024,Setembro,9,1101,1,,392,,339092,,339092,3,3,90,92,,100,,"0,00","0,00","0,00",2026-08-07T20:15:03.924257
2024,Setembro,9,1101,28,,845,,339139,,339139,3,3,91,39,,100,,"0,00","0,00","0,00",2026-08-07T20:15:03.924257
2024,Setembro,9,1101,28,,846,,319091,,319091,3,1,90,91,,100,,"10.046,31","10.046,31","10.046,31",2026-08-07T20:15:03.924257
2024,Setembro,9,1101,28,,846,,319092,,319092,3,1,90,92,,100,,"3.863.569,09","3.916.967,95","3.916.967,95",2026-08-07T20:15:03.924257
2024,Setembro,9,1101,28,,846,,319094,,319094,3,1,90,94,,100,,"225.633,30","225.633,30","225.633,30",2026-08-07T20:15:03.924257
2024,Setembro,9,1101,28,,846,,319096,,319096,3,1,90,96,,100,,"107.934,28","234.355,75","234.355,75",2026-08-07T20:15:03.924257
2024,Setembro,9,1101,28,,846,,339091,,339091,3,3,90,91,,100,,"0,00","0,00","0,00",2026-08-07T20:15:03.924257
2024,Setembro,9,1101,28,,846,,339092,,339092,3,3,90,92,,100,,"0,00","0,00","0,00",2026-08-07T20:15:03.924257
2024,Setembro,9,1101,28,,846,,339093,,339093,3,3,90,93,,100,,"0,00","276.555,78","276.555,78",2026-08-07T20:15:03.924257
2024,Setembro,9,1101,28,,846,,339193,,339193,3,3,91,93,,100,,"0,00","0,00","0,00",2026-08-07T20:15:03.924257
2024,Outubro,10,1101,1,,122,,319007,,319007,3,1,90,07,,100,,"0,00","480.788,34","480.788,34",2026-08-07T20:15:03.924257
2024,Outubro,10,1101,1,,122,,319011,,319011,3,1,90,11,,100,,"37.377.145,07","37.263.117,52","37.258.523,53",2026-08-07T20:15:03.924257
2024,Outubro,10,1101,1,,122,,319013,,319013,3,1,90,13,,100,,"281,73","2.460.205,61","2.460.205,61",2026-08-07T20:15:03.924257
2024,Outubro,10,1101,1,,122,,319016,,319016,3,1,90,16,,100,,"146.012,46","146.012,46","146.012,46",2026-08-07T20:15:03.924257
2024,Outubro,10,1101,1,,122,,319092,,319092,3,1,90,92,,100,,"143.269,52","143.269,52","134.368,34",2026-08-07T20:15:03.924257
2024,Outubro,10,1101,1,,122,,319113,,319113,3,1,91,13,,100,,"0,00","4.767.301,92","4.767.301,92",2026-08-07T20:15:03.924257
2024,Outubro,10,1101,1,,122,,319192,,319192,3,1,91,92,,100,,"0,00","0,00","0,00",2026-08-07T20:15:03.924257
2024,Outubro,10,1101,1,,122,,339008,,339008,3,3,90,08,,100,,"495.752,26","495.752,26","495.752,26",2026-08-07T20:15:03.924257
2024,Outubro,10,1101,1,,122,,339014,,339014,3,3,90,14,,100,,"17.550,00","17.550,00","17.550,00",2026-08-07T20:15:03.924257
2024,Outubro,10,1101,1,,122,,339030,,339030,3,3,90,30,,100,,"60.905,49","155.187,52","155.187,52",2026-08-07T20:15:03.924257
2024,Outubro,10,1101,1,,122,,339033,,339033,3,3,90,33,,100,,"0,00","13.333,36","13.333,36",2026-08-07T20:15:03.924257
2024,Outubro,10,1101,1,,122,,339035,,339035,3,3,90,35,,100,,"0,00","0,00","0,00",2026-08-07T20:15:03.924257
2024,Outubro,10,1101,1,,122,,339036,,339036,3,3,90,36,,100,,"0,00","0,00","0,00",2026-08-07T20:15:03.924257
2024,Outubro,10,1101,1,,122,,339037,,339037,3,3,90,37,,100,,"0,00","1.032.597,39","1.032.597,39",2026-08-07T20:15:03.924257
2024,Outubro,10,1101,1,,122,,339039,,339039,3,3,90,39,,100,,"314.039,54","542.464,81","542.464,81",2026-08-07T20:15:03.924257
2024,Outubro,10,1101,1,,122,,339046,,339046,3,3,90,46,,100,,"3.305.350,88","3.299.703,62","3.298.074,62",2026-08-07T20:15:03.924257
2024,Outubro,10,1101,1,,122,,339047,,339047,3,3,90,47,,100,,"0,00","1.999,02","1.999,02",2026-08-07T20:15:03.924257
2024,Outubro,10,1101,1,,122,,339049,,339049,3,3,90,49,,100,,"33.582,61","33.416,19","33.734,23",2026-08-07T20:15:03.924257
2024,Outubro,10,1101,1,,122,,339092,,339092,3,3,90,92,,100,,"0,00","0,00","0,00",2026-08-07T20:15:03.924257
2024,Outubro,10,1101,1,,122,,339093,,339093,3,3,90,93,,100,,"0,00","0,00","0,00",2026-08-07T20:15:03.924257
2024,Outubro,10,1101,1,,122,,339139,,339139,3,3,91,39,,100,,"0,00","7.973,45","7.973,45",2026-08-07T20:15:03.924257
2024,Outubro,10,1101,1,,122,,339147,,339147,3,3,91,47,,100,,"0,00","0,00","0,00",2026-08-07T20:15:03.924257
2024,Outubro,10,1101,1,,122,,339192,,339192,3,3,91,92,,100,,"0,00","0,00","0,00",2026-08-07T20:15:03.924257
2024,Outubro,10,1101,1,,122,,339193,,339193,3,3,91,93,,100,,"539,61","1.239,61","1.239,61",2026-08-07T20:15:03.924257
2024,Outubro,10,1101,1,,122,,449051,,449051,4,4,90,51,,100,,"491.900,00","1.599,67","1.599,67",2026-08-07T20:15:03.924257
2024,Outubro,10,1101,1,,122,,449052,,449052,4,4,90,52,,100,,"202.384,00","465.015,44","465.015,44",2026-08-07T20:15:03.924257
2024,Outubro,10,1101,1,,122,,449092,,449092,4,4,90,92,,100,,"0,00","0,00","0,00",2026-08-07T20:15:03.924257
2024,Outubro,10,1101,1,,126,,339030,,339030,3,3,90,30,,100,,"0,00","0,00","0,00",2026-08-07T20:15:03.924257
2024,Outubro,10,1101,1,,126,,339039,,339039,3,3,90,39,,100,,"0,00","0,00","0,00",2026-08-07T20:15:03.924257
2024,Outubro,10,1101,1,,126,,339040,,339040,3,3,90,40,,100,,"'-23.616,09","463.878,66","463.878,66",2026-08-07T20:15:03.924257
2024,Outubro,10,1101,1,,126,,339092,,339092,3,3,90,92,,100,,"0,00","0,00","0,00",2026-08-07T20:15:03.924257
2024,Outubro,10,1101,1,,126,,449040,,449040,4,4,90,40,,100,,"0,00","6.589,06","6.589,06",2026-08-07T20:15:03.924257
2024,Outubro,10,1101,1,,126,,449052,,449052,4,4,90,52,,100,,"0,00","0,00","0,00",2026-08-07T20:15:03.924257
2024,Outubro,10,1101,1,,128,,339032,,339032,3,3,90,32,,100,,"0,00","16.450,39","16.450,39",2026-08-07T20:15:03.924257
2024,Outubro,10,1101,1,,128,,339036,,339036,3,3,90,36,,100,,"56.124,87","66.120,00","65.625,00",2026-08-07T20:15:03.924257
2024,Outubro,10,1101,1,,128,,339039,,339039,3,3,90,39,,100,,"'-9.058,00","155.846,21","155.846,21",2026-08-07T20:15:03.924257
2024,Outubro,10,1101,1,,131,,339037,,339037,3,3,90,37,,100,,"0,00","0,00","0,00",2026-08-07T20:15:03.924257
2024,Outubro,10,1101,1,,131,,339039,,339039,3,3,90,39,,100,,"'-14.126,77","15.843,12","15.843,12",2026-08-07T20:15:03.924257
2024,Outubro,10,1101,1,,131,,339092,,339092,3,3,90,92,,100,,"0,00","0,00","0,00",2026-08-07T20:15:03.924257
2024,Outubro,10,1101,1,,131,,449052,,449052,4,4,90,52,,100,,"0,00","0,00","0,00",2026-08-07T20:15:03.924257
2024,Outubro,10,1101,1,,31,,339030,,339030,3,3,90,30,,100,,"84.890,96","1.840,00","1.840,00",2026-08-07T20:15:03.924257
2024,Outubro,10,1101,1,,31,,339031,,339031,3,3,90,31,,100,,"0,00","0,00","0,00",2026-08-07T20:15:03.924257
2024,Outubro,10,1101,1,,31,,339032,,339032,3,3,90,32,,100,,"0,00","0,00","0,00",2026-08-07T20:15:03.924257
2024,Outubro,10,1101,1,,31,,339037,,339037,3,3,90,37,,100,,"262.716,07","0,00","0,00",2026-08-07T20:15:03.924257
2024,Outubro,10,1101,1,,31,,339039,,339039,3,3,90,39,,100,,"3.714.095,71","3.775.127,80","3.775.127,80",2026-08-07T20:15:03.924257
2024,Outubro,10,1101,1,,31,,339139,,339139,3,3,91,39,,100,,"0,00","17.920,16","17.920,16",2026-08-07T20:15:03.924257
2024,Outubro,10,1101,1,,31,,449052,,449052,4,4,90,52,,100,,"1.330.231,64","0,00","0,00",2026-08-07T20:15:03.924257
2024,Outubro,10,1101,1,,392,,339031,,339031,3,3,90,31,,100,,"15.388,05","0,00","0,00",2026-08-07T20:15:03.924257
2024,Outubro,10,1101,1,,392,,339036,,339036,3,3,90,36,,100,,"0,00","0,00","0,00",2026-08-07T20:15:03.924257
2024,Outubro,10,1101,1,,392,,339039,,339039,3,3,90,39,,100,,"0,00","0,00","0,00",2026-08-07T20:15:03.924257
2024,Outubro,10,1101,1,,392,,339092,,339092,3,3,90,92,,100,,"0,00","0,00","0,00",2026-08-07T20:15:03.924257
2024,Outubro,10,1101,28,,845,,339139,,339139,3,3,91,39,,100,,"0,00","0,00","0,00",2026-08-07T20:15:03.924257
2024,Outubro,10,1101,28,,846,,319091,,319091,3,1,90,91,,100,,"10.046,31","10.046,31","10.046,31",2026-08-07T20:15:03.924257
2024,Outubro,10,1101,28,,846,,319092,,319092,3,1,90,92,,100,,"208.246,28","208.246,28","194.655,00",2026-08-07T20:15:03.924257
2024,Outubro,10,1101,28,,846,,319094,,319094,3,1,90,94,,100,,"1.259.015,15","1.211.888,92","1.211.888,92",2026-08-07T20:15:03.924257
2024,Outubro,10,1101,28,,846,,319096,,319096,3,1,90,96,,100,,"89.488,41","220.839,16","220.839,16",2026-08-07T20:15:03.924257
2024,Outubro,10,1101,28,,846,,339091,,339091,3,3,90,91,,100,,"0,00","0,00","0,00",2026-08-07T20:15:03.924257
2024,Outubro,10,1101,28,,846,,339092,,339092,3,3,90,92,,100,,"0,00","0,00","0,00",2026-08-07T20:15:03.924257
2024,Outubro,10,1101,28,,846,,339093,,339093,3,3,90,93,,100,,"2.177,35","303.558,17","303.558,17",2026-08-07T20:15:03.924257
2024,Outubro,10,1101,28,,846,,339193,,339193,3,3,91,93,,100,,"0,00","0,00","0,00",2026-08-07T20:15:03.924257
2024,Novembro,11,1101,1,,122,,319007,,319007,3,1,90,07,,100,,"1.014.968,49","470.366,99","470.366,99",2026-08-07T20:15:03.924257
2024,Novembro,11,1101,1,,122,,319011,,319011,3,1,90,11,,100,,"55.542.920,11","37.455.013,04","37.451.285,36",2026-08-07T20:15:03.924257
2024,Novembro,11,1101,1,,122,,319013,,319013,3,1,90,13,,100,,"4.116.152,19","2.476.375,09","2.476.375,09",2026-08-07T20:15:03.924257
2024,Novembro,11,1101,1,,122,,319016,,319016,3,1,90,16,,100,,"211.592,15","211.592,15","211.592,15",2026-08-07T20:15:03.924257
2024,Novembro,11,1101,1,,122,,319092,,319092,3,1,90,92,,100,,"17.731,67","17.731,67","26.632,85",2026-08-07T20:15:03.924257
2024,Novembro,11,1101,1,,122,,319113,,319113,3,1,91,13,,100,,"'-1.132.031,61","4.833.997,92","4.833.997,92",2026-08-07T20:15:03.924257
2024,Novembro,11,1101,1,,122,,319192,,319192,3,1,91,92,,100,,"0,00","0,00","0,00",2026-08-07T20:15:03.924257
2024,Novembro,11,1101,1,,122,,339008,,339008,3,3,90,08,,100,,"538.867,33","538.867,33","538.867,33",2026-08-07T20:15:03.924257
2024,Novembro,11,1101,1,,122,,339014,,339014,3,3,90,14,,100,,"28.360,50","15.562,50","15.562,50",2026-08-07T20:15:03.924257
2024,Novembro,11,1101,1,,122,,339030,,339030,3,3,90,30,,100,,"'-200.209,78","35.564,21","35.564,21",2026-08-07T20:15:03.924257
2024,Novembro,11,1101,1,,122,,339033,,339033,3,3,90,33,,100,,"'-105.881,64","10.554,87","10.554,87",2026-08-07T20:15:03.924257
2024,Novembro,11,1101,1,,122,,339035,,339035,3,3,90,35,,100,,"0,00","0,00","0,00",2026-08-07T20:15:03.924257
2024,Novembro,11,1101,1,,122,,339036,,339036,3,3,90,36,,100,,"0,00","0,00","0,00",2026-08-07T20:15:03.924257
2024,Novembro,11,1101,1,,122,,339037,,339037,3,3,90,37,,100,,"217.950,22","655.052,87","655.052,87",2026-08-07T20:15:03.924257
2024,Novembro,11,1101,1,,122,,339039,,339039,3,3,90,39,,100,,"199.929,91","860.162,03","802.063,47",2026-08-07T20:15:03.924257
2024,Novembro,11,1101,1,,122,,339046,,339046,3,3,90,46,,100,,"3.301.786,02","3.298.298,58","3.296.805,33",2026-08-07T20:15:03.924257
2024,Novembro,11,1101,1,,122,,339047,,339047,3,3,90,47,,100,,"0,00","900,00","900,00",2026-08-07T20:15:03.924257
2024,Novembro,11,1101,1,,122,,339049,,339049,3,3,90,49,,100,,"24.933,58","24.933,58","26.011,94",2026-08-07T20:15:03.924257
2024,Novembro,11,1101,1,,122,,339092,,339092,3,3,90,92,,100,,"0,00","0,00","0,00",2026-08-07T20:15:03.924257
2024,Novembro,11,1101,1,,122,,339093,,339093,3,3,90,93,,100,,"0,00","0,00","0,00",2026-08-07T20:15:03.924257
2024,Novembro,11,1101,1,,122,,339139,,339139,3,3,91,39,,100,,"0,00","14.510,51","14.510,51",2026-08-07T20:15:03.924257
2024,Novembro,11,1101,1,,122,,339147,,339147,3,3,91,47,,100,,"0,00","0,00","0,00",2026-08-07T20:15:03.924257
2024,Novembro,11,1101,1,,122,,339192,,339192,3,3,91,92,,100,,"0,00","0,00","0,00",2026-08-07T20:15:03.924257
2024,Novembro,11,1101,1,,122,,339193,,339193,3,3,91,93,,100,,"5.061,04","2.179,69","2.179,69",2026-08-07T20:15:03.924257
2024,Novembro,11,1101,1,,122,,449051,,449051,4,4,90,51,,100,,"524.500,00","90.579,67","90.579,67",2026-08-07T20:15:03.924257
2024,Novembro,11,1101,1,,122,,449052,,449052,4,4,90,52,,100,,"1.649.423,87","9.400,00","9.400,00",2026-08-07T20:15:03.924257
2024,Novembro,11,1101,1,,122,,449092,,449092,4,4,90,92,,100,,"0,00","0,00","0,00",2026-08-07T20:15:03.924257
2024,Novembro,11,1101,1,,126,,339030,,339030,3,3,90,30,,100,,"0,00","0,00","0,00",2026-08-07T20:15:03.924257
2024,Novembro,11,1101,1,,126,,339039,,339039,3,3,90,39,,100,,"0,00","364.967,98","364.967,98",2026-08-07T20:15:03.924257
2024,Novembro,11,1101,1,,126,,339040,,339040,3,3,90,40,,100,,"2.822.570,80","473.165,05","473.165,05",2026-08-07T20:15:03.924257
2024,Novembro,11,1101,1,,126,,339092,,339092,3,3,90,92,,100,,"0,00","0,00","0,00",2026-08-07T20:15:03.924257
2024,Novembro,11,1101,1,,126,,449040,,449040,4,4,90,40,,100,,"'-763.759,55","170.800,90","170.800,90",2026-08-07T20:15:03.924257
2024,Novembro,11,1101,1,,126,,449052,,449052,4,4,90,52,,100,,"2.380.352,00","0,00","0,00",2026-08-07T20:15:03.924257
2024,Novembro,11,1101,1,,128,,339032,,339032,3,3,90,32,,100,,"14.336,05","16.177,20","16.177,20",2026-08-07T20:15:03.924257
2024,Novembro,11,1101,1,,128,,339036,,339036,3,3,90,36,,100,,"60.364,13","60.364,13","60.859,13",2026-08-07T20:15:03.924257
2024,Novembro,11,1101,1,,128,,339039,,339039,3,3,90,39,,100,,"47.204,60","163.026,18","163.026,18",2026-08-07T20:15:03.924257
2024,Novembro,11,1101,1,,131,,339037,,339037,3,3,90,37,,100,,"0,00","0,00","0,00",2026-08-07T20:15:03.924257
2024,Novembro,11,1101,1,,131,,339039,,339039,3,3,90,39,,100,,"0,00","15.843,12","15.843,12",2026-08-07T20:15:03.924257
2024,Novembro,11,1101,1,,131,,339092,,339092,3,3,90,92,,100,,"0,00","0,00","0,00",2026-08-07T20:15:03.924257
2024,Novembro,11,1101,1,,131,,449052,,449052,4,4,90,52,,100,,"0,00","0,00","0,00",2026-08-07T20:15:03.924257
2024,Novembro,11,1101,1,,31,,339030,,339030,3,3,90,30,,100,,"'-54.854,30","0,00","0,00",2026-08-07T20:15:03.924257
2024,Novembro,11,1101,1,,31,,339031,,339031,3,3,90,31,,100,,"0,00","0,00","0,00",2026-08-07T20:15:03.924257
2024,Novembro,11,1101,1,,31,,339032,,339032,3,3,90,32,,100,,"0,00","0,00","0,00",2026-08-07T20:15:03.924257
2024,Novembro,11,1101,1,,31,,339037,,339037,3,3,90,37,,100,,"0,00","601.684,34","601.684,34",2026-08-07T20:15:03.924257
2024,Novembro,11,1101,1,,31,,339039,,339039,3,3,90,39,,100,,"152.895,90","1.423.147,64","1.423.147,64",2026-08-07T20:15:03.924257
2024,Novembro,11,1101,1,,31,,339139,,339139,3,3,91,39,,100,,"0,00","13.686,08","13.686,08",2026-08-07T20:15:03.924257
2024,Novembro,11,1101,1,,31,,449052,,449052,4,4,90,52,,100,,"'-794.059,67","0,00","0,00",2026-08-07T20:15:03.924257
2024,Novembro,11,1101,1,,392,,339031,,339031,3,3,90,31,,100,,"0,00","0,00","0,00",2026-08-07T20:15:03.924257
2024,Novembro,11,1101,1,,392,,339036,,339036,3,3,90,36,,100,,"9.000,00","15.000,00","13.350,00",2026-08-07T20:15:03.924257
2024,Novembro,11,1101,1,,392,,339039,,339039,3,3,90,39,,100,,"0,00","0,00","0,00",2026-08-07T20:15:03.924257
2024,Novembro,11,1101,1,,392,,339092,,339092,3,3,90,92,,100,,"0,00","0,00","0,00",2026-08-07T20:15:03.924257
2024,Novembro,11,1101,28,,845,,339139,,339139,3,3,91,39,,100,,"0,00","0,00","0,00",2026-08-07T20:15:03.924257
2024,Novembro,11,1101,28,,846,,319091,,319091,3,1,90,91,,100,,"10.046,31","10.046,31","10.046,31",2026-08-07T20:15:03.924257
2024,Novembro,11,1101,28,,846,,319092,,319092,3,1,90,92,,100,,"0,00","0,00","13.591,28",2026-08-07T20:15:03.924257
2024,Novembro,11,1101,28,,846,,319094,,319094,3,1,90,94,,100,,"104.183,33","104.183,33","104.183,33",2026-08-07T20:15:03.924257
2024,Novembro,11,1101,28,,846,,319096,,319096,3,1,90,96,,100,,"'-926,27","360.741,98","360.741,98",2026-08-07T20:15:03.924257
2024,Novembro,11,1101,28,,846,,339091,,339091,3,3,90,91,,100,,"0,00","0,00","0,00",2026-08-07T20:15:03.924257
2024,Novembro,11,1101,28,,846,,339092,,339092,3,3,90,92,,100,,"0,00","0,00","0,00",2026-08-07T20:15:03.924257
2024,Novembro,11,1101,28,,846,,339093,,339093,3,3,90,93,,100,,"0,00","245.325,21","245.325,21",2026-08-07T20:15:03.924257
2024,Novembro,11,1101,28,,846,,339193,,339193,3,3,91,93,,100,,"6.176.215,45","0,00","0,00",2026-08-07T20:15:03.924257
2024,Dezembro,12,1101,1,,122,,319007,,319007,3,1,90,07,,100,,"'-257.070,10","825.607,77","825.607,77",2026-08-07T20:15:03.924257
2024,Dezembro,12,1101,1,,122,,319011,,319011,3,1,90,11,,100,,"45.555.140,62","64.050.352,01","63.935.067,27",2026-08-07T20:15:03.924257
2024,Dezembro,12,1101,1,,122,,319013,,319013,3,1,90,13,,100,,"'-43,17","4.297.150,49","4.297.150,49",2026-08-07T20:15:03.924257
2024,Dezembro,12,1101,1,,122,,319016,,319016,3,1,90,16,,100,,"545.195,68","246.604,67","246.604,67",2026-08-07T20:15:03.924257
2024,Dezembro,12,1101,1,,122,,319092,,319092,3,1,90,92,,100,,"305.629,80","305.629,80","305.629,80",2026-08-07T20:15:03.924257
2024,Dezembro,12,1101,1,,122,,319113,,319113,3,1,91,13,,100,,"0,00","9.322.604,52","9.322.604,52",2026-08-07T20:15:03.924257
2024,Dezembro,12,1101,1,,122,,319192,,319192,3,1,91,92,,100,,"0,00","0,00","0,00",2026-08-07T20:15:03.924257
2024,Dezembro,12,1101,1,,122,,339008,,339008,3,3,90,08,,100,,"529.844,94","509.623,71","509.623,71",2026-08-07T20:15:03.924257
2024,Dezembro,12,1101,1,,122,,339014,,339014,3,3,90,14,,100,,"10.010,00","22.808,00","22.808,00",2026-08-07T20:15:03.924257
2024,Dezembro,12,1101,1,,122,,339030,,339030,3,3,90,30,,100,,"'-127.501,54","154.500,22","154.500,22",2026-08-07T20:15:03.924257
2024,Dezembro,12,1101,1,,122,,339033,,339033,3,3,90,33,,100,,"0,00","0,00","0,00",2026-08-07T20:15:03.924257
2024,Dezembro,12,1101,1,,122,,339035,,339035,3,3,90,35,,100,,"0,00","0,00","0,00",2026-08-07T20:15:03.924257
2024,Dezembro,12,1101,1,,122,,339036,,339036,3,3,90,36,,100,,"0,00","0,00","0,00",2026-08-07T20:15:03.924257
2024,Dezembro,12,1101,1,,122,,339037,,339037,3,3,90,37,,100,,"0,00","1.276.489,07","1.276.489,07",2026-08-07T20:15:03.924257
2024,Dezembro,12,1101,1,,122,,339039,,339039,3,3,90,39,,100,,"147.961,20","1.235.437,86","1.273.803,14",2026-08-07T20:15:03.924257
2024,Dezembro,12,1101,1,,122,,339046,,339046,3,3,90,46,,100,,"3.195.776,73","3.308.991,50","3.296.037,84",2026-08-07T20:15:03.924257
2024,Dezembro,12,1101,1,,122,,339047,,339047,3,3,90,47,,100,,"0,00","3.000,00","3.000,00",2026-08-07T20:15:03.924257
2024,Dezembro,12,1101,1,,122,,339049,,339049,3,3,90,49,,100,,"30.529,50","34.753,51","34.493,89",2026-08-07T20:15:03.924257
2024,Dezembro,12,1101,1,,122,,339092,,339092,3,3,90,92,,100,,"0,00","0,00","0,00",2026-08-07T20:15:03.924257
2024,Dezembro,12,1101,1,,122,,339093,,339093,3,3,90,93,,100,,"0,00","0,00","0,00",2026-08-07T20:15:03.924257
2024,Dezembro,12,1101,1,,122,,339139,,339139,3,3,91,39,,100,,"0,00","0,00","0,00",2026-08-07T20:15:03.924257
2024,Dezembro,12,1101,1,,122,,339147,,339147,3,3,91,47,,100,,"0,00","0,00","0,00",2026-08-07T20:15:03.924257
2024,Dezembro,12,1101,1,,122,,339192,,339192,3,3,91,92,,100,,"0,00","0,00","0,00",2026-08-07T20:15:03.924257
2024,Dezembro,12,1101,1,,122,,339193,,339193,3,3,91,93,,100,,"35.175,42","8.253,93","8.253,93",2026-08-07T20:15:03.924257
2024,Dezembro,12,1101,1,,122,,449051,,449051,4,4,90,51,,100,,"0,00","39.199,67","39.199,67",2026-08-07T20:15:03.924257
2024,Dezembro,12,1101,1,,122,,449052,,449052,4,4,90,52,,100,,"'-1.474.076,44","840.087,43","840.087,43",2026-08-07T20:15:03.924257
2024,Dezembro,12,1101,1,,122,,449092,,449092,4,4,90,92,,100,,"0,00","0,00","0,00",2026-08-07T20:15:03.924257
2024,Dezembro,12,1101,1,,126,,339030,,339030,3,3,90,30,,100,,"0,00","0,00","0,00",2026-08-07T20:15:03.924257
2024,Dezembro,12,1101,1,,126,,339039,,339039,3,3,90,39,,100,,"0,00","386.426,37","386.426,37",2026-08-07T20:15:03.924257
2024,Dezembro,12,1101,1,,126,,339040,,339040,3,3,90,40,,100,,"50.840,00","3.321.891,35","3.321.891,35",2026-08-07T20:15:03.924257
2024,Dezembro,12,1101,1,,126,,339092,,339092,3,3,90,92,,100,,"0,00","0,00","0,00",2026-08-07T20:15:03.924257
2024,Dezembro,12,1101,1,,126,,449040,,449040,4,4,90,40,,100,,"'-94.414,75","69.185,25","69.185,25",2026-08-07T20:15:03.924257
2024,Dezembro,12,1101,1,,126,,449052,,449052,4,4,90,52,,100,,"'-176.500,00","2.999.354,72","2.999.354,72",2026-08-07T20:15:03.924257
2024,Dezembro,12,1101,1,,128,,339032,,339032,3,3,90,32,,100,,"0,00","15.605,40","15.605,40",2026-08-07T20:15:03.924257
2024,Dezembro,12,1101,1,,128,,339036,,339036,3,3,90,36,,100,,"66.270,37","22.086,44","22.086,44",2026-08-07T20:15:03.924257
2024,Dezembro,12,1101,1,,128,,339039,,339039,3,3,90,39,,100,,"'-3.220,14","107.218,75","107.218,75",2026-08-07T20:15:03.924257
2024,Dezembro,12,1101,1,,131,,339037,,339037,3,3,90,37,,100,,"0,00","0,00","0,00",2026-08-07T20:15:03.924257
2024,Dezembro,12,1101,1,,131,,339039,,339039,3,3,90,39,,100,,"0,00","15.843,12","15.843,12",2026-08-07T20:15:03.924257
2024,Dezembro,12,1101,1,,131,,339092,,339092,3,3,90,92,,100,,"0,00","0,00","0,00",2026-08-07T20:15:03.924257
2024,Dezembro,12,1101,1,,131,,449052,,449052,4,4,90,52,,100,,"0,00","0,00","0,00",2026-08-07T20:15:03.924257
2024,Dezembro,12,1101,1,,31,,339030,,339030,3,3,90,30,,100,,"'-54.211,55","0,00","0,00",2026-08-07T20:15:03.924257
2024,Dezembro,12,1101,1,,31,,339031,,339031,3,3,90,31,,100,,"0,00","0,00","0,00",2026-08-07T20:15:03.924257
2024,Dezembro,12,1101,1,,31,,339032,,339032,3,3,90,32,,100,,"0,00","0,00","0,00",2026-08-07T20:15:03.924257
2024,Dezembro,12,1101,1,,31,,339037,,339037,3,3,90,37,,100,,"0,00","1.190.699,81","1.190.699,81",2026-08-07T20:15:03.924257
2024,Dezembro,12,1101,1,,31,,339039,,339039,3,3,90,39,,100,,"13.705.673,74","4.473.555,78","4.473.555,78",2026-08-07T20:15:03.924257
2024,Dezembro,12,1101,1,,31,,339139,,339139,3,3,91,39,,100,,"0,00","12.700,64","12.700,64",2026-08-07T20:15:03.924257
2024,Dezembro,12,1101,1,,31,,449052,,449052,4,4,90,52,,100,,"'-536.171,97","0,00","0,00",2026-08-07T20:15:03.924257
2024,Dezembro,12,1101,1,,392,,339031,,339031,3,3,90,31,,100,,"240.000,00","255.388,05","248.788,05",2026-08-07T20:15:03.924257
2024,Dezembro,12,1101,1,,392,,339036,,339036,3,3,90,36,,100,,"0,00","9.000,00","9.660,00",2026-08-07T20:15:03.924257
2024,Dezembro,12,1101,1,,392,,339039,,339039,3,3,90,39,,100,,"0,00","0,00","0,00",2026-08-07T20:15:03.924257
2024,Dezembro,12,1101,1,,392,,339092,,339092,3,3,90,92,,100,,"0,00","0,00","0,00",2026-08-07T20:15:03.924257
2024,Dezembro,12,1101,28,,845,,339139,,339139,3,3,91,39,,100,,"0,00","0,00","0,00",2026-08-07T20:15:03.924257
2024,Dezembro,12,1101,28,,846,,319091,,319091,3,1,90,91,,100,,"30.046,31","10.046,31","10.046,31",2026-08-07T20:15:03.924257
2024,Dezembro,12,1101,28,,846,,319092,,319092,3,1,90,92,,100,,"330.999,95","330.999,95","330.999,95",2026-08-07T20:15:03.924257
2024,Dezembro,12,1101,28,,846,,319094,,319094,3,1,90,94,,100,,"1.861.842,22","1.135.348,53","1.135.348,53",2026-08-07T20:15:03.924257
2024,Dezembro,12,1101,28,,846,,319096,,319096,3,1,90,96,,100,,"6.782,64","267.149,68","227.307,40",2026-08-07T20:15:03.924257
2024,Dezembro,12,1101,28,,846,,339091,,339091,3,3,90,91,,100,,"0,00","0,00","0,00",2026-08-07T20:15:03.924257
2024,Dezembro,12,1101,28,,846,,339092,,339092,3,3,90,92,,100,,"0,00","0,00","0,00",2026-08-07T20:15:03.924257
2024,Dezembro,12,1101,28,,846,,339093,,339093,3,3,90,93,,100,,"'-74.734,75","324.242,49","324.242,49",2026-08-07T20:15:03.924257
2024,Dezembro,12,1101,28,,846,,339192,,339192,3,3,91,92,,100,,"8.419.655,78","8.419.655,78","8.419.655,78",2026-08-07T20:15:03.924257
2024,Dezembro,12,1101,28,,846,,339193,,339193,3,3,91,93,,100,,"3.000.000,00","6.176.215,45","6.176.215,45",2026-08-07T20:15:03.924257
2025,Janeiro,1,1101,1,,122,,319007,,319007,3,1,90,07,,100,,"6.786.364,16","496.990,60","496.990,60",2026-08-07T20:15:03.924257
2025,Janeiro,1,1101,1,,122,,319011,,319011,3,1,90,11,,100,,"45.309.332,92","45.309.332,92","44.735.122,73",2026-08-07T20:15:03.924257
2025,Janeiro,1,1101,1,,122,,319013,,319013,3,1,90,13,,100,,"29.000.000,00","0,00","0,00",2026-08-07T20:15:03.924257
2025,Janeiro,1,1101,1,,122,,319016,,319016,3,1,90,16,,100,,"52.240,16","52.240,14","52.240,14",2026-08-07T20:15:03.924257
2025,Janeiro,1,1101,1,,122,,319092,,319092,3,1,90,92,,100,,"0,00","0,00","0,00",2026-08-07T20:15:03.924257
2025,Janeiro,1,1101,1,,122,,319113,,319113,3,1,91,13,,100,,"65.000.000,00","5.103.458,98","5.103.458,98",2026-08-07T20:15:03.924257
2025,Janeiro,1,1101,1,,122,,319192,,319192,3,1,91,92,,100,,"0,00","0,00","0,00",2026-08-07T20:15:03.924257
2025,Janeiro,1,1101,1,,122,,339008,,339008,3,3,90,08,,100,,"498.033,61","498.033,60","498.033,60",2026-08-07T20:15:03.924257
2025,Janeiro,1,1101,1,,122,,339014,,339014,3,3,90,14,,100,,"0,00","0,00","0,00",2026-08-07T20:15:03.924257
2025,Janeiro,1,1101,1,,122,,339030,,339030,3,3,90,30,,100,,"508.766,31","56.933,32","56.933,32",2026-08-07T20:15:03.924257
2025,Janeiro,1,1101,1,,122,,339033,,339033,3,3,90,33,,100,,"0,00","0,00","0,00",2026-08-07T20:15:03.924257
2025,Janeiro,1,1101,1,,122,,339035,,339035,3,3,90,35,,100,,"13.500,00","0,00","0,00",2026-08-07T20:15:03.924257
2025,Janeiro,1,1101,1,,122,,339036,,339036,3,3,90,36,,100,,"0,00","0,00","0,00",2026-08-07T20:15:03.924257
2025,Janeiro,1,1101,1,,122,,339037,,339037,3,3,90,37,,100,,"1.100.461,87","0,00","0,00",2026-08-07T20:15:03.924257
2025,Janeiro,1,1101,1,,122,,339039,,339039,3,3,90,39,,100,,"4.595.727,87","63.885,87","63.885,87",2026-08-07T20:15:03.924257
2025,Janeiro,1,1101,1,,122,,339046,,339046,3,3,90,46,,100,,"3.448.234,04","3.444.746,60","3.314.911,60",2026-08-07T20:15:03.924257
2025,Janeiro,1,1101,1,,122,,339047,,339047,3,3,90,47,,100,,"40.000,00","0,00","0,00",2026-08-07T20:15:03.924257
2025,Janeiro,1,1101,1,,122,,339049,,339049,3,3,90,49,,100,,"30.619,06","30.619,05","28.429,64",2026-08-07T20:15:03.924257
2025,Janeiro,1,1101,1,,122,,339092,,339092,3,3,90,92,,100,,"0,00","0,00","0,00",2026-08-07T20:15:03.924257
2025,Janeiro,1,1101,1,,122,,339093,,339093,3,3,90,93,,100,,"0,00","0,00","0,00",2026-08-07T20:15:03.924257
2025,Janeiro,1,1101,1,,122,,339139,,339139,3,3,91,39,,100,,"0,00","0,00","0,00",2026-08-07T20:15:03.924257
2025,Janeiro,1,1101,1,,122,,339147,,339147,3,3,91,47,,100,,"3.590,00","3.590,00","3.590,00",2026-08-07T20:15:03.924257
2025,Janeiro,1,1101,1,,122,,339192,,339192,3,3,91,92,,100,,"0,00","0,00","0,00",2026-08-07T20:15:03.924257
2025,Janeiro,1,1101,1,,122,,339193,,339193,3,3,91,93,,100,,"897,16","0,00","0,00",2026-08-07T20:15:03.924257
2025,Janeiro,1,1101,1,,122,,449051,,449051,4,4,90,51,,100,,"191.578,34","0,00","0,00",2026-08-07T20:15:03.924257
2025,Janeiro,1,1101,1,,122,,449052,,449052,4,4,90,52,,100,,"1.621.383,73","0,00","0,00",2026-08-07T20:15:03.924257
2025,Janeiro,1,1101,1,,122,,449092,,449092,4,4,90,92,,100,,"0,00","0,00","0,00",2026-08-07T20:15:03.924257
2025,Janeiro,1,1101,1,,126,,339030,,339030,3,3,90,30,,100,,"0,00","0,00","0,00",2026-08-07T20:15:03.924257
2025,Janeiro,1,1101,1,,126,,339039,,339039,3,3,90,39,,100,,"1.560.031,01","0,00","0,00",2026-08-07T20:15:03.924257
2025,Janeiro,1,1101,1,,126,,339040,,339040,3,3,90,40,,100,,"3.160.597,63","63.000,00","63.000,00",2026-08-07T20:15:03.924257
2025,Janeiro,1,1101,1,,126,,339092,,339092,3,3,90,92,,100,,"0,00","0,00","0,00",2026-08-07T20:15:03.924257
2025,Janeiro,1,1101,1,,126,,449040,,449040,4,4,90,40,,100,,"1.324.178,52","0,00","0,00",2026-08-07T20:15:03.924257
2025,Janeiro,1,1101,1,,126,,449052,,449052,4,4,90,52,,100,,"767.919,98","0,00","0,00",2026-08-07T20:15:03.924257
2025,Janeiro,1,1101,1,,128,,339032,,339032,3,3,90,32,,100,,"80.535,52","0,00","0,00",2026-08-07T20:15:03.924257
2025,Janeiro,1,1101,1,,128,,339036,,339036,3,3,90,36,,100,,"11.229,28","0,00","0,00",2026-08-07T20:15:03.924257
2025,Janeiro,1,1101,1,,128,,339039,,339039,3,3,90,39,,100,,"221.456,34","0,00","0,00",2026-08-07T20:15:03.924257
2025,Janeiro,1,1101,1,,131,,339037,,339037,3,3,90,37,,100,,"0,00","0,00","0,00",2026-08-07T20:15:03.924257
2025,Janeiro,1,1101,1,,131,,339039,,339039,3,3,90,39,,100,,"190.117,44","0,00","0,00",2026-08-07T20:15:03.924257
2025,Janeiro,1,1101,1,,131,,339092,,339092,3,3,90,92,,100,,"0,00","0,00","0,00",2026-08-07T20:15:03.924257
2025,Janeiro,1,1101,1,,131,,449052,,449052,4,4,90,52,,100,,"0,00","0,00","0,00",2026-08-07T20:15:03.924257
2025,Janeiro,1,1101,1,,31,,339030,,339030,3,3,90,30,,100,,"106.564,26","0,00","0,00",2026-08-07T20:15:03.924257
2025,Janeiro,1,1101,1,,31,,339031,,339031,3,3,90,31,,100,,"0,00","0,00","0,00",2026-08-07T20:15:03.924257
2025,Janeiro,1,1101,1,,31,,339032,,339032,3,3,90,32,,100,,"0,00","0,00","0,00",2026-08-07T20:15:03.924257
2025,Janeiro,1,1101,1,,31,,339037,,339037,3,3,90,37,,100,,"3.552.265,57","0,00","0,00",2026-08-07T20:15:03.924257
2025,Janeiro,1,1101,1,,31,,339039,,339039,3,3,90,39,,100,,"1.107.498,35","0,00","0,00",2026-08-07T20:15:03.924257
2025,Janeiro,1,1101,1,,31,,339139,,339139,3,3,91,39,,100,,"0,00","0,00","0,00",2026-08-07T20:15:03.924257
2025,Janeiro,1,1101,1,,31,,449052,,449052,4,4,90,52,,100,,"1.330.231,64","0,00","0,00",2026-08-07T20:15:03.924257
2025,Janeiro,1,1101,1,,392,,339031,,339031,3,3,90,31,,100,,"0,00","0,00","0,00",2026-08-07T20:15:03.924257
2025,Janeiro,1,1101,1,,392,,339036,,339036,3,3,90,36,,100,,"0,00","0,00","0,00",2026-08-07T20:15:03.924257
2025,Janeiro,1,1101,1,,392,,339039,,339039,3,3,90,39,,100,,"0,00","0,00","0,00",2026-08-07T20:15:03.924257
2025,Janeiro,1,1101,1,,392,,339092,,339092,3,3,90,92,,100,,"0,00","0,00","0,00",2026-08-07T20:15:03.924257
2025,Janeiro,1,1101,28,,845,,339139,,339139,3,3,91,39,,100,,"0,00","0,00","0,00",2026-08-07T20:15:03.924257
2025,Janeiro,1,1101,28,,846,,319091,,319091,3,1,90,91,,100,,"10.046,31","10.046,31","10.046,31",2026-08-07T20:15:03.924257
2025,Janeiro,1,1101,28,,846,,319092,,319092,3,1,90,92,,100,,"25.285,31","25.285,31","25.285,31",2026-08-07T20:15:03.924257
2025,Janeiro,1,1101,28,,846,,319094,,319094,3,1,90,94,,100,,"0,02","0,00","0,00",2026-08-07T20:15:03.924257
2025,Janeiro,1,1101,28,,846,,319096,,319096,3,1,90,96,,100,,"143.092,61","10.006,48","10.006,48",2026-08-07T20:15:03.924257
2025,Janeiro,1,1101,28,,846,,339091,,339091,3,3,90,91,,100,,"0,00","0,00","0,00",2026-08-07T20:15:03.924257
2025,Janeiro,1,1101,28,,846,,339092,,339092,3,3,90,92,,100,,"0,00","0,00","0,00",2026-08-07T20:15:03.924257
2025,Janeiro,1,1101,28,,846,,339093,,339093,3,3,90,93,,100,,"0,00","0,00","0,00",2026-08-07T20:15:03.924257
2025,Janeiro,1,1101,28,,846,,339192,,339192,3,3,91,92,,100,,"0,00","0,00","0,00",2026-08-07T20:15:03.924257
2025,Janeiro,1,1101,28,,846,,339193,,339193,3,3,91,93,,100,,"0,00","0,00","0,00",2026-08-07T20:15:03.924257
2025,Fevereiro,2,1101,1,,122,,319007,,319007,3,1,90,07,,100,,"0,00","486.256,05","486.256,05",2026-08-07T20:15:03.924257
2025,Fevereiro,2,1101,1,,122,,319011,,319011,3,1,90,11,,100,,"41.340.976,93","41.283.936,90","41.173.737,95",2026-08-07T20:15:03.924257
2025,Fevereiro,2,1101,1,,122,,319013,,319013,3,1,90,13,,100,,"0,00","2.771.674,68","2.771.674,68",2026-08-07T20:15:03.924257
2025,Fevereiro,2,1101,1,,122,,319016,,319016,3,1,90,16,,100,,"248.003,30","248.003,30","248.003,30",2026-08-07T20:15:03.924257
2025,Fevereiro,2,1101,1,,122,,319092,,319092,3,1,90,92,,100,,"8.842,74","8.842,74","8.842,74",2026-08-07T20:15:03.924257
2025,Fevereiro,2,1101,1,,122,,319113,,319113,3,1,91,13,,100,,"0,00","5.027.540,34","5.027.540,34",2026-08-07T20:15:03.924257
2025,Fevereiro,2,1101,1,,122,,319192,,319192,3,1,91,92,,100,,"0,00","0,00","0,00",2026-08-07T20:15:03.924257
2025,Fevereiro,2,1101,1,,122,,339008,,339008,3,3,90,08,,100,,"542.949,78","542.949,78","542.949,78",2026-08-07T20:15:03.924257
2025,Fevereiro,2,1101,1,,122,,339014,,339014,3,3,90,14,,100,,"30.132,65","30.132,65","30.132,65",2026-08-07T20:15:03.924257
2025,Fevereiro,2,1101,1,,122,,339030,,339030,3,3,90,30,,100,,"925.287,57","152.000,78","147.985,93",2026-08-07T20:15:03.924257
2025,Fevereiro,2,1101,1,,122,,339033,,339033,3,3,90,33,,100,,"0,00","0,00","0,00",2026-08-07T20:15:03.924257
2025,Fevereiro,2,1101,1,,122,,339035,,339035,3,3,90,35,,100,,"0,00","0,00","0,00",2026-08-07T20:15:03.924257
2025,Fevereiro,2,1101,1,,122,,339036,,339036,3,3,90,36,,100,,"0,00","0,00","0,00",2026-08-07T20:15:03.924257
2025,Fevereiro,2,1101,1,,122,,339037,,339037,3,3,90,37,,100,,"4.307.989,48","669.660,27","646.721,30",2026-08-07T20:15:03.924257
2025,Fevereiro,2,1101,1,,122,,339039,,339039,3,3,90,39,,100,,"4.617.643,47","478.104,43","478.104,43",2026-08-07T20:15:03.924257
2025,Fevereiro,2,1101,1,,122,,339046,,339046,3,3,90,46,,100,,"3.608.062,99","3.605.713,37","3.475.736,98",2026-08-07T20:15:03.924257
2025,Fevereiro,2,1101,1,,122,,339047,,339047,3,3,90,47,,100,,"0,00","0,00","0,00",2026-08-07T20:15:03.924257
2025,Fevereiro,2,1101,1,,122,,339049,,339049,3,3,90,49,,100,,"34.180,99","34.008,83","31.571,69",2026-08-07T20:15:03.924257
2025,Fevereiro,2,1101,1,,122,,339092,,339092,3,3,90,92,,100,,"0,00","0,00","0,00",2026-08-07T20:15:03.924257
2025,Fevereiro,2,1101,1,,122,,339093,,339093,3,3,90,93,,100,,"0,00","0,00","0,00",2026-08-07T20:15:03.924257
2025,Fevereiro,2,1101,1,,122,,339139,,339139,3,3,91,39,,100,,"92.277,60","0,00","0,00",2026-08-07T20:15:03.924257
2025,Fevereiro,2,1101,1,,122,,339147,,339147,3,3,91,47,,100,,"0,00","0,00","0,00",2026-08-07T20:15:03.924257
2025,Fevereiro,2,1101,1,,122,,339192,,339192,3,3,91,92,,100,,"0,00","0,00","0,00",2026-08-07T20:15:03.924257
2025,Fevereiro,2,1101,1,,122,,339193,,339193,3,3,91,93,,100,,"350,00","350,00","350,00",2026-08-07T20:15:03.924257
2025,Fevereiro,2,1101,1,,122,,449051,,449051,4,4,90,51,,100,,"19.196,04","0,00","0,00",2026-08-07T20:15:03.924257
2025,Fevereiro,2,1101,1,,122,,449052,,449052,4,4,90,52,,100,,"304.513,96","926.783,43","926.783,43",2026-08-07T20:15:03.924257
2025,Fevereiro,2,1101,1,,122,,449092,,449092,4,4,90,92,,100,,"0,00","0,00","0,00",2026-08-07T20:15:03.924257
2025,Fevereiro,2,1101,1,,126,,339030,,339030,3,3,90,30,,100,,"0,00","0,00","0,00",2026-08-07T20:15:03.924257
2025,Fevereiro,2,1101,1,,126,,339039,,339039,3,3,90,39,,100,,"0,00","0,00","0,00",2026-08-07T20:15:03.924257
2025,Fevereiro,2,1101,1,,126,,339040,,339040,3,3,90,40,,100,,"2.760.908,05","191.933,54","191.933,54",2026-08-07T20:15:03.924257
2025,Fevereiro,2,1101,1,,126,,339092,,339092,3,3,90,92,,100,,"0,00","0,00","0,00",2026-08-07T20:15:03.924257
2025,Fevereiro,2,1101,1,,126,,449040,,449040,4,4,90,40,,100,,"590.458,96","33.860,78","1.407,28",2026-08-07T20:15:03.924257
2025,Fevereiro,2,1101,1,,126,,449052,,449052,4,4,90,52,,100,,"5.507.640,72","0,00","0,00",2026-08-07T20:15:03.924257
2025,Fevereiro,2,1101,1,,128,,339032,,339032,3,3,90,32,,100,,"0,00","0,00","0,00",2026-08-07T20:15:03.924257
2025,Fevereiro,2,1101,1,,128,,339036,,339036,3,3,90,36,,100,,"0,00","0,00","0,00",2026-08-07T20:15:03.924257
2025,Fevereiro,2,1101,1,,128,,339039,,339039,3,3,90,39,,100,,"130.035,22","20.690,91","20.690,91",2026-08-07T20:15:03.924257
2025,Fevereiro,2,1101,1,,131,,339037,,339037,3,3,90,37,,100,,"0,00","0,00","0,00",2026-08-07T20:15:03.924257
2025,Fevereiro,2,1101,1,,131,,339039,,339039,3,3,90,39,,100,,"4.500,00","15.843,12","15.843,12",2026-08-07T20:15:03.924257
2025,Fevereiro,2,1101,1,,131,,339092,,339092,3,3,90,92,,100,,"0,00","0,00","0,00",2026-08-07T20:15:03.924257
2025,Fevereiro,2,1101,1,,131,,449052,,449052,4,4,90,52,,100,,"0,00","0,00","0,00",2026-08-07T20:15:03.924257
2025,Fevereiro,2,1101,1,,31,,339030,,339030,3,3,90,30,,100,,"0,00","13.815,00","13.815,00",2026-08-07T20:15:03.924257
2025,Fevereiro,2,1101,1,,31,,339031,,339031,3,3,90,31,,100,,"0,00","0,00","0,00",2026-08-07T20:15:03.924257
2025,Fevereiro,2,1101,1,,31,,339032,,339032,3,3,90,32,,100,,"0,00","0,00","0,00",2026-08-07T20:15:03.924257
2025,Fevereiro,2,1101,1,,31,,339037,,339037,3,3,90,37,,100,,"0,00","592.368,82","592.368,82",2026-08-07T20:15:03.924257
2025,Fevereiro,2,1101,1,,31,,339039,,339039,3,3,90,39,,100,,"7.790.716,10","53.930,83","52.557,30",2026-08-07T20:15:03.924257
2025,Fevereiro,2,1101,1,,31,,339139,,339139,3,3,91,39,,100,,"180.000,00","14.828,16","14.828,16",2026-08-07T20:15:03.924257
2025,Fevereiro,2,1101,1,,31,,449052,,449052,4,4,90,52,,100,,"0,00","588.774,45","588.774,45",2026-08-07T20:15:03.924257
2025,Fevereiro,2,1101,1,,392,,339031,,339031,3,3,90,31,,100,,"0,00","0,00","0,00",2026-08-07T20:15:03.924257
2025,Fevereiro,2,1101,1,,392,,339036,,339036,3,3,90,36,,100,,"0,00","0,00","0,00",2026-08-07T20:15:03.924257
2025,Fevereiro,2,1101,1,,392,,339039,,339039,3,3,90,39,,100,,"0,00","0,00","0,00",2026-08-07T20:15:03.924257
2025,Fevereiro,2,1101,1,,392,,339092,,339092,3,3,90,92,,100,,"0,00","0,00","0,00",2026-08-07T20:15:03.924257
2025,Fevereiro,2,1101,28,,845,,339139,,339139,3,3,91,39,,100,,"0,00","0,00","0,00",2026-08-07T20:15:03.924257
2025,Fevereiro,2,1101,28,,846,,319091,,319091,3,1,90,91,,100,,"10.046,31","10.046,31","10.046,31",2026-08-07T20:15:03.924257
2025,Fevereiro,2,1101,28,,846,,319092,,319092,3,1,90,92,,100,,"0,00","0,00","0,00",2026-08-07T20:15:03.924257
2025,Fevereiro,2,1101,28,,846,,319094,,319094,3,1,90,94,,100,,"152.988,79","152.988,79","152.988,79",2026-08-07T20:15:03.924257
2025,Fevereiro,2,1101,28,,846,,319096,,319096,3,1,90,96,,100,,"2.132.409,01","234.443,14","234.443,14",2026-08-07T20:15:03.924257
2025,Fevereiro,2,1101,28,,846,,339091,,339091,3,3,90,91,,100,,"0,00","0,00","0,00",2026-08-07T20:15:03.924257
2025,Fevereiro,2,1101,28,,846,,339092,,339092,3,3,90,92,,100,,"0,00","0,00","0,00",2026-08-07T20:15:03.924257
2025,Fevereiro,2,1101,28,,846,,339093,,339093,3,3,90,93,,100,,"3.838.765,30","246.397,26","246.397,26",2026-08-07T20:15:03.924257
2025,Fevereiro,2,1101,28,,846,,339192,,339192,3,3,91,92,,100,,"0,00","0,00","0,00",2026-08-07T20:15:03.924257
2025,Fevereiro,2,1101,28,,846,,339193,,339193,3,3,91,93,,100,,"0,00","0,00","0,00",2026-08-07T20:15:03.924257
2025,Março,3,1101,1,,122,,319007,,319007,3,1,90,07,,100,,"0,00","482.876,54","482.876,54",2026-08-07T20:15:03.924257
2025,Março,3,1101,1,,122,,319011,,319011,3,1,90,11,,100,,"40.869.709,98","40.626.764,77","40.624.033,99",2026-08-07T20:15:03.924257
2025,Março,3,1101,1,,122,,319013,,319013,3,1,90,13,,100,,"4,29","2.450.208,62","2.450.208,62",2026-08-07T20:15:03.924257
2025,Março,3,1101,1,,122,,319016,,319016,3,1,90,16,,100,,"230.904,33","230.904,33","230.904,33",2026-08-07T20:15:03.924257
2025,Março,3,1101,1,,122,,319092,,319092,3,1,90,92,,100,,"73.193,62","73.193,62","73.193,62",2026-08-07T20:15:03.924257
2025,Março,3,1101,1,,122,,319113,,319113,3,1,91,13,,100,,"0,00","4.960.723,54","4.960.723,54",2026-08-07T20:15:03.924257
2025,Março,3,1101,1,,122,,319192,,319192,3,1,91,92,,100,,"0,00","0,00","0,00",2026-08-07T20:15:03.924257
2025,Março,3,1101,1,,122,,339008,,339008,3,3,90,08,,100,,"541.539,62","540.080,85","540.080,85",2026-08-07T20:15:03.924257
2025,Março,3,1101,1,,122,,339014,,339014,3,3,90,14,,100,,"700,00","700,00","700,00",2026-08-07T20:15:03.924257
2025,Março,3,1101,1,,122,,339030,,339030,3,3,90,30,,100,,"1.897,00","46.639,47","50.654,32",2026-08-07T20:15:03.924257
2025,Março,3,1101,1,,122,,339033,,339033,3,3,90,33,,100,,"0,00","0,00","0,00",2026-08-07T20:15:03.924257
2025,Março,3,1101,1,,122,,339035,,339035,3,3,90,35,,100,,"0,00","0,00","0,00",2026-08-07T20:15:03.924257
2025,Março,3,1101,1,,122,,339036,,339036,3,3,90,36,,100,,"0,00","0,00","0,00",2026-08-07T20:15:03.924257
2025,Março,3,1101,1,,122,,339037,,339037,3,3,90,37,,100,,"0,00","869.275,55","892.214,52",2026-08-07T20:15:03.924257
2025,Março,3,1101,1,,122,,339039,,339039,3,3,90,39,,100,,"98.079,06","438.541,69","438.541,69",2026-08-07T20:15:03.924257
2025,Março,3,1101,1,,122,,339046,,339046,3,3,90,46,,100,,"3.809.021,94","3.795.635,24","3.780.716,98",2026-08-07T20:15:03.924257
2025,Março,3,1101,1,,122,,339047,,339047,3,3,90,47,,100,,"0,00","0,00","0,00",2026-08-07T20:15:03.924257
2025,Março,3,1101,1,,122,,339049,,339049,3,3,90,49,,100,,"37.702,52","37.702,52","37.296,45",2026-08-07T20:15:03.924257
2025,Março,3,1101,1,,122,,339092,,339092,3,3,90,92,,100,,"0,00","0,00","0,00",2026-08-07T20:15:03.924257
2025,Março,3,1101,1,,122,,339093,,339093,3,3,90,93,,100,,"0,00","0,00","0,00",2026-08-07T20:15:03.924257
2025,Março,3,1101,1,,122,,339139,,339139,3,3,91,39,,100,,"0,00","5.065,84","5.065,84",2026-08-07T20:15:03.924257
2025,Março,3,1101,1,,122,,339147,,339147,3,3,91,47,,100,,"0,00","0,00","0,00",2026-08-07T20:15:03.924257
2025,Março,3,1101,1,,122,,339192,,339192,3,3,91,92,,100,,"0,00","0,00","0,00",2026-08-07T20:15:03.924257
2025,Março,3,1101,1,,122,,339193,,339193,3,3,91,93,,100,,"3.920,17","0,00","0,00",2026-08-07T20:15:03.924257
2025,Março,3,1101,1,,122,,449051,,449051,4,4,90,51,,100,,"15.714,19","1.599,67","1.599,67",2026-08-07T20:15:03.924257
2025,Março,3,1101,1,,122,,449052,,449052,4,4,90,52,,100,,"108.437,00","21.980,00","21.980,00",2026-08-07T20:15:03.924257
2025,Março,3,1101,1,,122,,449092,,449092,4,4,90,92,,100,,"0,00","0,00","0,00",2026-08-07T20:15:03.924257
2025,Março,3,1101,1,,126,,339030,,339030,3,3,90,30,,100,,"0,00","0,00","0,00",2026-08-07T20:15:03.924257
2025,Março,3,1101,1,,126,,339039,,339039,3,3,90,39,,100,,"0,00","0,00","0,00",2026-08-07T20:15:03.924257
2025,Março,3,1101,1,,126,,339040,,339040,3,3,90,40,,100,,"116.126,50","245.114,46","245.114,46",2026-08-07T20:15:03.924257
2025,Março,3,1101,1,,126,,339092,,339092,3,3,90,92,,100,,"0,00","0,00","0,00",2026-08-07T20:15:03.924257
2025,Março,3,1101,1,,126,,449040,,449040,4,4,90,40,,100,,"0,00","909,53","33.363,03",2026-08-07T20:15:03.924257
2025,Março,3,1101,1,,126,,449052,,449052,4,4,90,52,,100,,"0,00","0,00","0,00",2026-08-07T20:15:03.924257
2025,Março,3,1101,1,,128,,339032,,339032,3,3,90,32,,100,,"66.300,00","65.260,00","65.260,00",2026-08-07T20:15:03.924257
2025,Março,3,1101,1,,128,,339036,,339036,3,3,90,36,,100,,"10.917,54","10.917,54","10.917,54",2026-08-07T20:15:03.924257
2025,Março,3,1101,1,,128,,339039,,339039,3,3,90,39,,100,,"122.842,20","10.300,65","7.173,10",2026-08-07T20:15:03.924257
2025,Março,3,1101,1,,131,,339037,,339037,3,3,90,37,,100,,"0,00","0,00","0,00",2026-08-07T20:15:03.924257
2025,Março,3,1101,1,,131,,339039,,339039,3,3,90,39,,100,,"0,00","21.191,76","21.191,76",2026-08-07T20:15:03.924257
2025,Março,3,1101,1,,131,,339092,,339092,3,3,90,92,,100,,"0,00","0,00","0,00",2026-08-07T20:15:03.924257
2025,Março,3,1101,1,,131,,449052,,449052,4,4,90,52,,100,,"0,00","0,00","0,00",2026-08-07T20:15:03.924257
2025,Março,3,1101,1,,31,,339030,,339030,3,3,90,30,,100,,"0,00","0,00","0,00",2026-08-07T20:15:03.924257
2025,Março,3,1101,1,,31,,339031,,339031,3,3,90,31,,100,,"0,00","0,00","0,00",2026-08-07T20:15:03.924257
2025,Março,3,1101,1,,31,,339032,,339032,3,3,90,32,,100,,"0,00","0,00","0,00",2026-08-07T20:15:03.924257
2025,Março,3,1101,1,,31,,339037,,339037,3,3,90,37,,100,,"0,00","0,00","0,00",2026-08-07T20:15:03.924257
2025,Março,3,1101,1,,31,,339039,,339039,3,3,90,39,,100,,"13.080,00","356.659,78","358.033,31",2026-08-07T20:15:03.924257
2025,Março,3,1101,1,,31,,339139,,339139,3,3,91,39,,100,,"0,00","9.380,48","9.380,48",2026-08-07T20:15:03.924257
2025,Março,3,1101,1,,31,,449052,,449052,4,4,90,52,,100,,"43.959,00","0,00","0,00",2026-08-07T20:15:03.924257
2025,Março,3,1101,1,,392,,339031,,339031,3,3,90,31,,100,,"0,00","0,00","0,00",2026-08-07T20:15:03.924257
2025,Março,3,1101,1,,392,,339036,,339036,3,3,90,36,,100,,"0,00","0,00","0,00",2026-08-07T20:15:03.924257
2025,Março,3,1101,1,,392,,339039,,339039,3,3,90,39,,100,,"0,00","0,00","0,00",2026-08-07T20:15:03.924257
2025,Março,3,1101,1,,392,,339092,,339092,3,3,90,92,,100,,"0,00","0,00","0,00",2026-08-07T20:15:03.924257
2025,Março,3,1101,28,,845,,339139,,339139,3,3,91,39,,100,,"0,00","0,00","0,00",2026-08-07T20:15:03.924257
2025,Março,3,1101,28,,846,,319091,,319091,3,1,90,91,,100,,"10.046,31","10.046,31","10.046,31",2026-08-07T20:15:03.924257
2025,Março,3,1101,28,,846,,319092,,319092,3,1,90,92,,100,,"5.881.729,04","5.881.729,04","5.881.729,04",2026-08-07T20:15:03.924257
2025,Março,3,1101,28,,846,,319094,,319094,3,1,90,94,,100,,"270.081,62","270.081,62","270.081,62",2026-08-07T20:15:03.924257
2025,Março,3,1101,28,,846,,319096,,319096,3,1,90,96,,100,,"0,00","153.569,15","105.929,10",2026-08-07T20:15:03.924257
2025,Março,3,1101,28,,846,,339091,,339091,3,3,90,91,,100,,"0,00","0,00","0,00",2026-08-07T20:15:03.924257
2025,Março,3,1101,28,,846,,339092,,339092,3,3,90,92,,100,,"0,00","0,00","0,00",2026-08-07T20:15:03.924257
2025,Março,3,1101,28,,846,,339093,,339093,3,3,90,93,,100,,"463,54","311.604,48","311.604,48",2026-08-07T20:15:03.924257
2025,Março,3,1101,28,,846,,339192,,339192,3,3,91,92,,100,,"0,00","0,00","0,00",2026-08-07T20:15:03.924257
2025,Março,3,1101,28,,846,,339193,,339193,3,3,91,93,,100,,"0,00","0,00","0,00",2026-08-07T20:15:03.924257
2025,Abril,4,1101,1,,122,,319007,,319007,3,1,90,07,,100,,"0,00","489.844,27","489.844,27",2026-08-07T20:15:03.924257
2025,Abril,4,1101,1,,122,,319011,,319011,3,1,90,11,,100,,"39.946.354,25","39.448.878,38","39.454.355,42",2026-08-07T20:15:03.924257
2025,Abril,4,1101,1,,122,,319013,,319013,3,1,90,13,,100,,"0,00","2.506.939,31","2.506.939,31",2026-08-07T20:15:03.924257
2025,Abril,4,1101,1,,122,,319016,,319016,3,1,90,16,,100,,"138.893,92","138.893,92","138.893,92",2026-08-07T20:15:03.924257
2025,Abril,4,1101,1,,122,,319092,,319092,3,1,90,92,,100,,"26.490,92","26.490,92","26.490,92",2026-08-07T20:15:03.924257
2025,Abril,4,1101,1,,122,,319113,,319113,3,1,91,13,,100,,"60.929,40","5.150.191,82","5.150.191,82",2026-08-07T20:15:03.924257
2025,Abril,4,1101,1,,122,,319192,,319192,3,1,91,92,,100,,"0,00","0,00","0,00",2026-08-07T20:15:03.924257
2025,Abril,4,1101,1,,122,,339008,,339008,3,3,90,08,,100,,"633.368,62","633.368,62","633.368,62",2026-08-07T20:15:03.924257
2025,Abril,4,1101,1,,122,,339014,,339014,3,3,90,14,,100,,"3.000,00","3.000,00","3.000,00",2026-08-07T20:15:03.924257
2025,Abril,4,1101,1,,122,,339030,,339030,3,3,90,30,,100,,"99.671,65","138.578,71","138.578,71",2026-08-07T20:15:03.924257
2025,Abril,4,1101,1,,122,,339033,,339033,3,3,90,33,,100,,"289.773,10","1.573,10","1.573,10",2026-08-07T20:15:03.924257
2025,Abril,4,1101,1,,122,,339035,,339035,3,3,90,35,,100,,"42.250,00","0,00","0,00",2026-08-07T20:15:03.924257
2025,Abril,4,1101,1,,122,,339036,,339036,3,3,90,36,,100,,"0,00","0,00","0,00",2026-08-07T20:15:03.924257
2025,Abril,4,1101,1,,122,,339037,,339037,3,3,90,37,,100,,"1.287.378,38","615.441,94","615.441,94",2026-08-07T20:15:03.924257
2025,Abril,4,1101,1,,122,,339039,,339039,3,3,90,39,,100,,"120.336,15","1.125.646,28","860.779,49",2026-08-07T20:15:03.924257
2025,Abril,4,1101,1,,122,,339046,,339046,3,3,90,46,,100,,"4.155.948,02","4.152.641,60","4.137.237,65",2026-08-07T20:15:03.924257
2025,Abril,4,1101,1,,122,,339047,,339047,3,3,90,47,,100,,"0,00","0,00","0,00",2026-08-07T20:15:03.924257
2025,Abril,4,1101,1,,122,,339049,,339049,3,3,90,49,,100,,"39.298,24","39.298,24","38.918,50",2026-08-07T20:15:03.924257
2025,Abril,4,1101,1,,122,,339092,,339092,3,3,90,92,,100,,"0,00","0,00","0,00",2026-08-07T20:15:03.924257
2025,Abril,4,1101,1,,122,,339093,,339093,3,3,90,93,,100,,"0,00","0,00","0,00",2026-08-07T20:15:03.924257
2025,Abril,4,1101,1,,122,,339139,,339139,3,3,91,39,,100,,"0,00","0,00","0,00",2026-08-07T20:15:03.924257
2025,Abril,4,1101,1,,122,,339147,,339147,3,3,91,47,,100,,"0,00","0,00","0,00",2026-08-07T20:15:03.924257
2025,Abril,4,1101,1,,122,,339192,,339192,3,3,91,92,,100,,"0,00","0,00","0,00",2026-08-07T20:15:03.924257
2025,Abril,4,1101,1,,122,,339193,,339193,3,3,91,93,,100,,"1.644,06","5.564,23","5.564,23",2026-08-07T20:15:03.924257
2025,Abril,4,1101,1,,122,,449051,,449051,4,4,90,51,,100,,"85.763,37","39.725,26","39.725,26",2026-08-07T20:15:03.924257
2025,Abril,4,1101,1,,122,,449052,,449052,4,4,90,52,,100,,"18.654,00","546.738,90","546.738,90",2026-08-07T20:15:03.924257
2025,Abril,4,1101,1,,122,,449092,,449092,4,4,90,92,,100,,"0,00","0,00","0,00",2026-08-07T20:15:03.924257
2025,Abril,4,1101,1,,126,,339030,,339030,3,3,90,30,,100,,"0,00","0,00","0,00",2026-08-07T20:15:03.924257
2025,Abril,4,1101,1,,126,,339039,,339039,3,3,90,39,,100,,"0,00","0,00","0,00",2026-08-07T20:15:03.924257
2025,Abril,4,1101,1,,126,,339040,,339040,3,3,90,40,,100,,"545.967,80","783.055,22","775.838,56",2026-08-07T20:15:03.924257
2025,Abril,4,1101,1,,126,,339092,,339092,3,3,90,92,,100,,"1.046,72","1.046,72","1.046,72",2026-08-07T20:15:03.924257
2025,Abril,4,1101,1,,126,,449040,,449040,4,4,90,40,,100,,"2.509.450,58","192.217,50","192.217,50",2026-08-07T20:15:03.924257
2025,Abril,4,1101,1,,126,,449052,,449052,4,4,90,52,,100,,"0,00","629.949,98","629.949,98",2026-08-07T20:15:03.924257
2025,Abril,4,1101,1,,128,,339032,,339032,3,3,90,32,,100,,"0,00","6.185,79","6.185,79",2026-08-07T20:15:03.924257
2025,Abril,4,1101,1,,128,,339036,,339036,3,3,90,36,,100,,"57.182,14","57.182,14","57.182,14",2026-08-07T20:15:03.924257
2025,Abril,4,1101,1,,128,,339039,,339039,3,3,90,39,,100,,"763.809,79","85.856,91","88.984,46",2026-08-07T20:15:03.924257
2025,Abril,4,1101,1,,131,,339037,,339037,3,3,90,37,,100,,"0,00","0,00","0,00",2026-08-07T20:15:03.924257
2025,Abril,4,1101,1,,131,,339039,,339039,3,3,90,39,,100,,"0,00","16.691,76","16.691,76",2026-08-07T20:15:03.924257
2025,Abril,4,1101,1,,131,,339092,,339092,3,3,90,92,,100,,"0,00","0,00","0,00",2026-08-07T20:15:03.924257
2025,Abril,4,1101,1,,131,,449052,,449052,4,4,90,52,,100,,"0,00","0,00","0,00",2026-08-07T20:15:03.924257
2025,Abril,4,1101,1,,31,,339030,,339030,3,3,90,30,,100,,"0,00","40.653,55","40.653,55",2026-08-07T20:15:03.924257
2025,Abril,4,1101,1,,31,,339031,,339031,3,3,90,31,,100,,"0,00","0,00","0,00",2026-08-07T20:15:03.924257
2025,Abril,4,1101,1,,31,,339032,,339032,3,3,90,32,,100,,"0,00","0,00","0,00",2026-08-07T20:15:03.924257
2025,Abril,4,1101,1,,31,,339037,,339037,3,3,90,37,,100,,"0,00","538.849,17","538.849,17",2026-08-07T20:15:03.924257
2025,Abril,4,1101,1,,31,,339039,,339039,3,3,90,39,,100,,"2.009.814,00","1.063.275,06","1.062.822,18",2026-08-07T20:15:03.924257
2025,Abril,4,1101,1,,31,,339139,,339139,3,3,91,39,,100,,"0,00","12.751,52","12.751,52",2026-08-07T20:15:03.924257
2025,Abril,4,1101,1,,31,,449052,,449052,4,4,90,52,,100,,"0,00","413.397,52","413.397,52",2026-08-07T20:15:03.924257
2025,Abril,4,1101,1,,392,,339031,,339031,3,3,90,31,,100,,"0,00","0,00","0,00",2026-08-07T20:15:03.924257
2025,Abril,4,1101,1,,392,,339036,,339036,3,3,90,36,,100,,"0,00","0,00","0,00",2026-08-07T20:15:03.924257
2025,Abril,4,1101,1,,392,,339039,,339039,3,3,90,39,,100,,"0,00","0,00","0,00",2026-08-07T20:15:03.924257
2025,Abril,4,1101,1,,392,,339092,,339092,3,3,90,92,,100,,"0,00","0,00","0,00",2026-08-07T20:15:03.924257
2025,Abril,4,1101,28,,845,,339139,,339139,3,3,91,39,,100,,"0,00","0,00","0,00",2026-08-07T20:15:03.924257
2025,Abril,4,1101,28,,846,,319091,,319091,3,1,90,91,,100,,"10.046,31","10.046,31","10.046,31",2026-08-07T20:15:03.924257
2025,Abril,4,1101,28,,846,,319092,,319092,3,1,90,92,,100,,"0,00","0,00","0,00",2026-08-07T20:15:03.924257
2025,Abril,4,1101,28,,846,,319094,,319094,3,1,90,94,,100,,"1.888.856,42","1.888.856,42","1.888.856,42",2026-08-07T20:15:03.924257
2025,Abril,4,1101,28,,846,,319096,,319096,3,1,90,96,,100,,"736.544,00","142.205,05","189.845,10",2026-08-07T20:15:03.924257
2025,Abril,4,1101,28,,846,,339091,,339091,3,3,90,91,,100,,"0,00","0,00","0,00",2026-08-07T20:15:03.924257
2025,Abril,4,1101,28,,846,,339092,,339092,3,3,90,92,,100,,"0,00","0,00","0,00",2026-08-07T20:15:03.924257
2025,Abril,4,1101,28,,846,,339093,,339093,3,3,90,93,,100,,"0,00","308.673,44","308.673,44",2026-08-07T20:15:03.924257
2025,Abril,4,1101,28,,846,,339192,,339192,3,3,91,92,,100,,"0,00","0,00","0,00",2026-08-07T20:15:03.924257
2025,Abril,4,1101,28,,846,,339193,,339193,3,3,91,93,,100,,"0,00","0,00","0,00",2026-08-07T20:15:03.924257
2025,Maio,5,1101,1,,122,,319007,,319007,3,1,90,07,,100,,"0,00","506.930,97","506.930,97",2026-08-07T20:15:03.924257
2025,Maio,5,1101,1,,122,,319011,,319011,3,1,90,11,,100,,"39.424.483,51","39.338.085,05","39.336.337,35",2026-08-07T20:15:03.924257
2025,Maio,5,1101,1,,122,,319013,,319013,3,1,90,13,,100,,"0,00","2.511.241,02","2.511.241,02",2026-08-07T20:15:03.924257
2025,Maio,5,1101,1,,122,,319016,,319016,3,1,90,16,,100,,"140.633,50","140.633,50","140.633,50",2026-08-07T20:15:03.924257
2025,Maio,5,1101,1,,122,,319092,,319092,3,1,90,92,,100,,"24.152,40","24.152,40","24.152,40",2026-08-07T20:15:03.924257
2025,Maio,5,1101,1,,122,,319113,,319113,3,1,91,13,,100,,"2.945,71","4.967.599,09","4.967.599,09",2026-08-07T20:15:03.924257
2025,Maio,5,1101,1,,122,,319192,,319192,3,1,91,92,,100,,"0,00","0,00","0,00",2026-08-07T20:15:03.924257
2025,Maio,5,1101,1,,122,,339008,,339008,3,3,90,08,,100,,"584.579,00","580.690,69","580.690,69",2026-08-07T20:15:03.924257
2025,Maio,5,1101,1,,122,,339014,,339014,3,3,90,14,,100,,"34.281,00","34.281,00","34.281,00",2026-08-07T20:15:03.924257
2025,Maio,5,1101,1,,122,,339030,,339030,3,3,90,30,,100,,"23.709,41","77.609,25","77.609,25",2026-08-07T20:15:03.924257
2025,Maio,5,1101,1,,122,,339033,,339033,3,3,90,33,,100,,"'-30.332,37","11.367,63","11.367,63",2026-08-07T20:15:03.924257
2025,Maio,5,1101,1,,122,,339035,,339035,3,3,90,35,,100,,"16.633,33","42.250,00","42.250,00",2026-08-07T20:15:03.924257
2025,Maio,5,1101,1,,122,,339036,,339036,3,3,90,36,,100,,"0,00","0,00","0,00",2026-08-07T20:15:03.924257
2025,Maio,5,1101,1,,122,,339037,,339037,3,3,90,37,,100,,"0,00","1.178.885,06","1.139.073,87",2026-08-07T20:15:03.924257
2025,Maio,5,1101,1,,122,,339039,,339039,3,3,90,39,,100,,"10.035,30","972.929,02","1.217.548,18",2026-08-07T20:15:03.924257
2025,Maio,5,1101,1,,122,,339046,,339046,3,3,90,46,,100,,"3.826.462,44","3.803.466,80","3.802.682,95",2026-08-07T20:15:03.924257
2025,Maio,5,1101,1,,122,,339047,,339047,3,3,90,47,,100,,"0,00","0,00","0,00",2026-08-07T20:15:03.924257
2025,Maio,5,1101,1,,122,,339049,,339049,3,3,90,49,,100,,"36.785,31","36.683,06","36.681,35",2026-08-07T20:15:03.924257
2025,Maio,5,1101,1,,122,,339092,,339092,3,3,90,92,,100,,"0,00","0,00","0,00",2026-08-07T20:15:03.924257
2025,Maio,5,1101,1,,122,,339093,,339093,3,3,90,93,,100,,"0,00","0,00","0,00",2026-08-07T20:15:03.924257
2025,Maio,5,1101,1,,122,,339139,,339139,3,3,91,39,,100,,"0,00","21.733,19","21.733,19",2026-08-07T20:15:03.924257
2025,Maio,5,1101,1,,122,,339147,,339147,3,3,91,47,,100,,"0,00","0,00","0,00",2026-08-07T20:15:03.924257
2025,Maio,5,1101,1,,122,,339192,,339192,3,3,91,92,,100,,"0,00","0,00","0,00",2026-08-07T20:15:03.924257
2025,Maio,5,1101,1,,122,,339193,,339193,3,3,91,93,,100,,"10.432,87","10.082,87","10.082,87",2026-08-07T20:15:03.924257
2025,Maio,5,1101,1,,122,,449051,,449051,4,4,90,51,,100,,"441.690,19","14.832,85","14.832,85",2026-08-07T20:15:03.924257
2025,Maio,5,1101,1,,122,,449052,,449052,4,4,90,52,,100,,"259.008,90","43.488,08","43.488,08",2026-08-07T20:15:03.924257
2025,Maio,5,1101,1,,122,,449092,,449092,4,4,90,92,,100,,"0,00","0,00","0,00",2026-08-07T20:15:03.924257
2025,Maio,5,1101,1,,126,,339030,,339030,3,3,90,30,,100,,"0,00","0,00","0,00",2026-08-07T20:15:03.924257
2025,Maio,5,1101,1,,126,,339039,,339039,3,3,90,39,,100,,"0,00","388.931,07","388.931,07",2026-08-07T20:15:03.924257
2025,Maio,5,1101,1,,126,,339040,,339040,3,3,90,40,,100,,"5.084.191,50","2.105.541,06","2.099.143,75",2026-08-07T20:15:03.924257
2025,Maio,5,1101,1,,126,,339092,,339092,3,3,90,92,,100,,"345,99","345,99","345,99",2026-08-07T20:15:03.924257
2025,Maio,5,1101,1,,126,,449040,,449040,4,4,90,40,,100,,"'-13.411,53","98.117,02","98.117,02",2026-08-07T20:15:03.924257
2025,Maio,5,1101,1,,126,,449052,,449052,4,4,90,52,,100,,"0,00","137.970,00","137.970,00",2026-08-07T20:15:03.924257
2025,Maio,5,1101,1,,128,,339032,,339032,3,3,90,32,,100,,"0,00","10.753,86","10.753,86",2026-08-07T20:15:03.924257
2025,Maio,5,1101,1,,128,,339036,,339036,3,3,90,36,,100,,"44.990,93","47.746,89","47.113,45",2026-08-07T20:15:03.924257
2025,Maio,5,1101,1,,128,,339039,,339039,3,3,90,39,,100,,"284.306,45","176.166,33","176.166,33",2026-08-07T20:15:03.924257
2025,Maio,5,1101,1,,131,,339037,,339037,3,3,90,37,,100,,"0,00","0,00","0,00",2026-08-07T20:15:03.924257
2025,Maio,5,1101,1,,131,,339039,,339039,3,3,90,39,,100,,"0,00","16.691,76","16.691,76",2026-08-07T20:15:03.924257
2025,Maio,5,1101,1,,131,,339092,,339092,3,3,90,92,,100,,"0,00","0,00","0,00",2026-08-07T20:15:03.924257
2025,Maio,5,1101,1,,131,,449052,,449052,4,4,90,52,,100,,"0,00","0,00","0,00",2026-08-07T20:15:03.924257
2025,Maio,5,1101,1,,31,,339030,,339030,3,3,90,30,,100,,"0,00","10.080,00","10.080,00",2026-08-07T20:15:03.924257
2025,Maio,5,1101,1,,31,,339031,,339031,3,3,90,31,,100,,"0,00","0,00","0,00",2026-08-07T20:15:03.924257
2025,Maio,5,1101,1,,31,,339032,,339032,3,3,90,32,,100,,"0,00","0,00","0,00",2026-08-07T20:15:03.924257
2025,Maio,5,1101,1,,31,,339037,,339037,3,3,90,37,,100,,"0,00","1.141.177,30","546.690,38",2026-08-07T20:15:03.924257
2025,Maio,5,1101,1,,31,,339039,,339039,3,3,90,39,,100,,"7.036.880,00","2.886.905,49","2.601.420,34",2026-08-07T20:15:03.924257
2025,Maio,5,1101,1,,31,,339139,,339139,3,3,91,39,,100,,"0,00","6.384,00","6.384,00",2026-08-07T20:15:03.924257
2025,Maio,5,1101,1,,31,,449052,,449052,4,4,90,52,,100,,"32.747,00","288.970,00","288.970,00",2026-08-07T20:15:03.924257
2025,Maio,5,1101,1,,392,,339031,,339031,3,3,90,31,,100,,"0,00","0,00","0,00",2026-08-07T20:15:03.924257
2025,Maio,5,1101,1,,392,,339036,,339036,3,3,90,36,,100,,"0,00","0,00","0,00",2026-08-07T20:15:03.924257
2025,Maio,5,1101,1,,392,,339039,,339039,3,3,90,39,,100,,"0,00","0,00","0,00",2026-08-07T20:15:03.924257
2025,Maio,5,1101,1,,392,,339092,,339092,3,3,90,92,,100,,"0,00","0,00","0,00",2026-08-07T20:15:03.924257
2025,Maio,5,1101,28,,845,,339139,,339139,3,3,91,39,,100,,"0,00","0,00","0,00",2026-08-07T20:15:03.924257
2025,Maio,5,1101,28,,846,,319091,,319091,3,1,90,91,,100,,"10.213,76","10.213,76","10.213,76",2026-08-07T20:15:03.924257
2025,Maio,5,1101,28,,846,,319092,,319092,3,1,90,92,,100,,"458.898,38","458.898,38","458.898,38",2026-08-07T20:15:03.924257
2025,Maio,5,1101,28,,846,,319094,,319094,3,1,90,94,,100,,"188.121,67","168.725,02","168.725,02",2026-08-07T20:15:03.924257
2025,Maio,5,1101,28,,846,,319096,,319096,3,1,90,96,,100,,"223.789,27","271.886,12","145.081,29",2026-08-07T20:15:03.924257
2025,Maio,5,1101,28,,846,,319192,,319192,3,1,91,92,,100,,"0,00","0,00","0,00",2026-08-07T20:15:03.924257
2025,Maio,5,1101,28,,846,,319196,,319196,3,1,91,96,,100,,"490.499,94","0,00","0,00",2026-08-07T20:15:03.924257
2025,Maio,5,1101,28,,846,,339091,,339091,3,3,90,91,,100,,"0,00","0,00","0,00",2026-08-07T20:15:03.924257
2025,Maio,5,1101,28,,846,,339092,,339092,3,3,90,92,,100,,"0,00","0,00","0,00",2026-08-07T20:15:03.924257
2025,Maio,5,1101,28,,846,,339093,,339093,3,3,90,93,,100,,"456,58","303.012,64","303.012,64",2026-08-07T20:15:03.924257
2025,Maio,5,1101,28,,846,,339192,,339192,3,3,91,92,,100,,"0,00","0,00","0,00",2026-08-07T20:15:03.924257
2025,Maio,5,1101,28,,846,,339193,,339193,3,3,91,93,,100,,"0,00","0,00","0,00",2026-08-07T20:15:03.924257
2025,Junho,6,1101,1,,122,,319007,,319007,3,1,90,07,,100,,"0,00","484.228,55","484.228,55",2026-08-07T20:15:03.924257
2025,Junho,6,1101,1,,122,,319011,,319011,3,1,90,11,,100,,"48.197.913,87","48.055.176,62","48.048.972,15",2026-08-07T20:15:03.924257
2025,Junho,6,1101,1,,122,,319013,,319013,3,1,90,13,,100,,"108,11","2.548.050,71","2.548.050,71",2026-08-07T20:15:03.924257
2025,Junho,6,1101,1,,122,,319016,,319016,3,1,90,16,,100,,"164.405,99","164.405,99","164.405,99",2026-08-07T20:15:03.924257
2025,Junho,6,1101,1,,122,,319092,,319092,3,1,90,92,,100,,"4.157,83","4.157,83","4.157,83",2026-08-07T20:15:03.924257
2025,Junho,6,1101,1,,122,,319113,,319113,3,1,91,13,,100,,"0,00","5.002.254,63","5.002.254,63",2026-08-07T20:15:03.924257
2025,Junho,6,1101,1,,122,,319192,,319192,3,1,91,92,,100,,"0,00","0,00","0,00",2026-08-07T20:15:03.924257
2025,Junho,6,1101,1,,122,,339008,,339008,3,3,90,08,,100,,"598.643,00","598.643,00","598.643,00",2026-08-07T20:15:03.924257
2025,Junho,6,1101,1,,122,,339014,,339014,3,3,90,14,,100,,"165.829,90","165.829,90","165.829,90",2026-08-07T20:15:03.924257
2025,Junho,6,1101,1,,122,,339030,,339030,3,3,90,30,,100,,"142.686,00","103.333,72","103.333,72",2026-08-07T20:15:03.924257
2025,Junho,6,1101,1,,122,,339033,,339033,3,3,90,33,,100,,"5.231,67","5.231,67","5.231,67",2026-08-07T20:15:03.924257
2025,Junho,6,1101,1,,122,,339035,,339035,3,3,90,35,,100,,"0,00","0,00","0,00",2026-08-07T20:15:03.924257
2025,Junho,6,1101,1,,122,,339036,,339036,3,3,90,36,,100,,"0,00","0,00","0,00",2026-08-07T20:15:03.924257
2025,Junho,6,1101,1,,122,,339037,,339037,3,3,90,37,,100,,"2.869.218,93","460.486,32","500.297,51",2026-08-07T20:15:03.924257
2025,Junho,6,1101,1,,122,,339039,,339039,3,3,90,39,,100,,"49.378,10","808.642,41","828.890,04",2026-08-07T20:15:03.924257
2025,Junho,6,1101,1,,122,,339046,,339046,3,3,90,46,,100,,"3.851.469,46","3.845.616,00","3.844.048,30",2026-08-07T20:15:03.924257
2025,Junho,6,1101,1,,122,,339047,,339047,3,3,90,47,,100,,"0,00","1.151,72","1.151,72",2026-08-07T20:15:03.924257
2025,Junho,6,1101,1,,122,,339049,,339049,3,3,90,49,,100,,"45.151,42","45.151,42","44.835,86",2026-08-07T20:15:03.924257
2025,Junho,6,1101,1,,122,,339092,,339092,3,3,90,92,,100,,"0,00","0,00","0,00",2026-08-07T20:15:03.924257
2025,Junho,6,1101,1,,122,,339093,,339093,3,3,90,93,,100,,"0,00","0,00","0,00",2026-08-07T20:15:03.924257
2025,Junho,6,1101,1,,122,,339139,,339139,3,3,91,39,,100,,"0,00","0,00","0,00",2026-08-07T20:15:03.924257
2025,Junho,6,1101,1,,122,,339147,,339147,3,3,91,47,,100,,"0,00","0,00","0,00",2026-08-07T20:15:03.924257
2025,Junho,6,1101,1,,122,,339192,,339192,3,3,91,92,,100,,"0,00","0,00","0,00",2026-08-07T20:15:03.924257
2025,Junho,6,1101,1,,122,,339193,,339193,3,3,91,93,,100,,"1.573,07","350,00","350,00",2026-08-07T20:15:03.924257
2025,Junho,6,1101,1,,122,,449051,,449051,4,4,90,51,,100,,"37.500,00","160.759,67","160.759,67",2026-08-07T20:15:03.924257
2025,Junho,6,1101,1,,122,,449052,,449052,4,4,90,52,,100,,"4.888,86","306.190,24","306.190,24",2026-08-07T20:15:03.924257
2025,Junho,6,1101,1,,122,,449092,,449092,4,4,90,92,,100,,"0,00","0,00","0,00",2026-08-07T20:15:03.924257
2025,Junho,6,1101,1,,126,,339030,,339030,3,3,90,30,,100,,"0,00","0,00","0,00",2026-08-07T20:15:03.924257
2025,Junho,6,1101,1,,126,,339039,,339039,3,3,90,39,,100,,"0,00","0,00","0,00",2026-08-07T20:15:03.924257
2025,Junho,6,1101,1,,126,,339040,,339040,3,3,90,40,,100,,"208.082,66","795.196,17","735.632,41",2026-08-07T20:15:03.924257
2025,Junho,6,1101,1,,126,,339092,,339092,3,3,90,92,,100,,"1.939,59","1.939,59","1.939,59",2026-08-07T20:15:03.924257
2025,Junho,6,1101,1,,126,,449040,,449040,4,4,90,40,,100,,"369.052,00","184.060,00","184.060,00",2026-08-07T20:15:03.924257
2025,Junho,6,1101,1,,126,,449052,,449052,4,4,90,52,,100,,"334.964,00","0,00","0,00",2026-08-07T20:15:03.924257
2025,Junho,6,1101,1,,128,,339032,,339032,3,3,90,32,,100,,"5.439,45","8.539,44","8.539,44",2026-08-07T20:15:03.924257
2025,Junho,6,1101,1,,128,,339036,,339036,3,3,90,36,,100,,"52.651,88","44.013,93","44.647,37",2026-08-07T20:15:03.924257
2025,Junho,6,1101,1,,128,,339039,,339039,3,3,90,39,,100,,"152.271,11","154.372,17","154.372,17",2026-08-07T20:15:03.924257
2025,Junho,6,1101,1,,131,,339037,,339037,3,3,90,37,,100,,"0,00","0,00","0,00",2026-08-07T20:15:03.924257
2025,Junho,6,1101,1,,131,,339039,,339039,3,3,90,39,,100,,"0,00","16.691,76","16.691,76",2026-08-07T20:15:03.924257
2025,Junho,6,1101,1,,131,,339092,,339092,3,3,90,92,,100,,"0,00","0,00","0,00",2026-08-07T20:15:03.924257
2025,Junho,6,1101,1,,131,,449052,,449052,4,4,90,52,,100,,"0,00","0,00","0,00",2026-08-07T20:15:03.924257
2025,Junho,6,1101,1,,31,,339030,,339030,3,3,90,30,,100,,"8.479,30","20.599,41","20.599,41",2026-08-07T20:15:03.924257
2025,Junho,6,1101,1,,31,,339031,,339031,3,3,90,31,,100,,"0,00","0,00","0,00",2026-08-07T20:15:03.924257
2025,Junho,6,1101,1,,31,,339032,,339032,3,3,90,32,,100,,"0,00","0,00","0,00",2026-08-07T20:15:03.924257
2025,Junho,6,1101,1,,31,,339037,,339037,3,3,90,37,,100,,"0,00","0,00","594.486,92",2026-08-07T20:15:03.924257
2025,Junho,6,1101,1,,31,,339039,,339039,3,3,90,39,,100,,"'-10.020,00","2.509.881,33","2.467.405,67",2026-08-07T20:15:03.924257
2025,Junho,6,1101,1,,31,,339139,,339139,3,3,91,39,,100,,"0,00","6.513,28","6.513,28",2026-08-07T20:15:03.924257
2025,Junho,6,1101,1,,31,,449052,,449052,4,4,90,52,,100,,"11.550,00","49.369,67","49.369,67",2026-08-07T20:15:03.924257
2025,Junho,6,1101,1,,392,,339031,,339031,3,3,90,31,,100,,"22.727,25","0,00","0,00",2026-08-07T20:15:03.924257
2025,Junho,6,1101,1,,392,,339036,,339036,3,3,90,36,,100,,"22.309,20","0,00","0,00",2026-08-07T20:15:03.924257
2025,Junho,6,1101,1,,392,,339039,,339039,3,3,90,39,,100,,"0,00","0,00","0,00",2026-08-07T20:15:03.924257
2025,Junho,6,1101,1,,392,,339092,,339092,3,3,90,92,,100,,"0,00","0,00","0,00",2026-08-07T20:15:03.924257
2025,Junho,6,1101,28,,845,,339139,,339139,3,3,91,39,,100,,"0,00","0,00","0,00",2026-08-07T20:15:03.924257
2025,Junho,6,1101,28,,846,,319091,,319091,3,1,90,91,,100,,"10.213,76","10.213,76","10.213,76",2026-08-07T20:15:03.924257
2025,Junho,6,1101,28,,846,,319092,,319092,3,1,90,92,,100,,"295.884,36","295.884,36","295.884,36",2026-08-07T20:15:03.924257
2025,Junho,6,1101,28,,846,,319094,,319094,3,1,90,94,,100,,"804.557,84","804.557,84","804.557,84",2026-08-07T20:15:03.924257
2025,Junho,6,1101,28,,846,,319096,,319096,3,1,90,96,,100,,"145.223,90","231.096,99","357.901,82",2026-08-07T20:15:03.924257
2025,Junho,6,1101,28,,846,,319192,,319192,3,1,91,92,,100,,"67.180,44","67.180,44","0,00",2026-08-07T20:15:03.924257
2025,Junho,6,1101,28,,846,,319196,,319196,3,1,91,96,,100,,"0,00","136.390,94","0,00",2026-08-07T20:15:03.924257
2025,Junho,6,1101,28,,846,,339091,,339091,3,3,90,91,,100,,"0,00","0,00","0,00",2026-08-07T20:15:03.924257
2025,Junho,6,1101,28,,846,,339092,,339092,3,3,90,92,,100,,"0,00","0,00","0,00",2026-08-07T20:15:03.924257
2025,Junho,6,1101,28,,846,,339093,,339093,3,3,90,93,,100,,"0,00","294.632,91","294.632,91",2026-08-07T20:15:03.924257
2025,Junho,6,1101,28,,846,,339192,,339192,3,3,91,92,,100,,"0,00","0,00","0,00",2026-08-07T20:15:03.924257
2025,Junho,6,1101,28,,846,,339193,,339193,3,3,91,93,,100,,"0,00","0,00","0,00",2026-08-07T20:15:03.924257
2025,Julho,7,1101,1,,122,,31900700,,319007,3,1,90,07,00,100,,"0,00","485.119,81","485.119,81",2026-08-07T20:15:03.924257
2025,Julho,7,1101,1,,122,,31901100,,319011,3,1,90,11,00,100,,"39.384.432,69","39.204.378,31","39.202.855,43",2026-08-07T20:15:03.924257
2025,Julho,7,1101,1,,122,,31901300,,319013,3,1,90,13,00,100,,"0,00","2.588.634,20","2.588.634,20",2026-08-07T20:15:03.924257
2025,Julho,7,1101,1,,122,,31901600,,319016,3,1,90,16,00,100,,"173.025,00","173.025,00","173.025,00",2026-08-07T20:15:03.924257
2025,Julho,7,1101,1,,122,,31909200,,319092,3,1,90,92,00,100,,"18.041,95","18.041,95","18.041,95",2026-08-07T20:15:03.924257
2025,Julho,7,1101,1,,122,,31911300,,319113,3,1,91,13,00,100,,"0,00","4.953.908,06","4.953.908,06",2026-08-07T20:15:03.924257
2025,Julho,7,1101,1,,122,,31919200,,319192,3,1,91,92,00,100,,"0,00","0,00","0,00",2026-08-07T20:15:03.924257
2025,Julho,7,1101,1,,122,,33900800,,339008,3,3,90,08,00,100,,"595.076,00","595.076,00","595.076,00",2026-08-07T20:15:03.924257
2025,Julho,7,1101,1,,122,,33901400,,339014,3,3,90,14,00,100,,"92.775,85","92.775,85","92.775,85",2026-08-07T20:15:03.924257
2025,Julho,7,1101,1,,122,,33903000,,339030,3,3,90,30,00,100,,"103.564,00","266.756,74","266.756,74",2026-08-07T20:15:03.924257
2025,Julho,7,1101,1,,122,,33903300,,339033,3,3,90,33,00,100,,"25.003,38","117.224,16","117.224,16",2026-08-07T20:15:03.924257
2025,Julho,7,1101,1,,122,,33903500,,339035,3,3,90,35,00,100,,"0,00","0,00","0,00",2026-08-07T20:15:03.924257
2025,Julho,7,1101,1,,122,,33903600,,339036,3,3,90,36,00,100,,"0,00","0,00","0,00",2026-08-07T20:15:03.924257
2025,Julho,7,1101,1,,122,,33903700,,339037,3,3,90,37,00,100,,"1.482.367,06","1.143.354,13","1.143.354,13",2026-08-07T20:15:03.924257
2025,Julho,7,1101,1,,122,,33903900,,339039,3,3,90,39,00,100,,"434.562,89","1.175.200,74","1.175.200,74",2026-08-07T20:15:03.924257
2025,Julho,7,1101,1,,122,,33904600,,339046,3,3,90,46,00,100,,"3.866.922,28","3.865.130,44","3.862.935,66",2026-08-07T20:15:03.924257
2025,Julho,7,1101,1,,122,,33904700,,339047,3,3,90,47,00,100,,"0,00","0,00","0,00",2026-08-07T20:15:03.924257
2025,Julho,7,1101,1,,122,,33904900,,339049,3,3,90,49,00,100,,"32.449,45","31.818,22","32.094,42",2026-08-07T20:15:03.924257
2025,Julho,7,1101,1,,122,,33909200,,339092,3,3,90,92,00,100,,"0,00","0,00","0,00",2026-08-07T20:15:03.924257
2025,Julho,7,1101,1,,122,,33909300,,339093,3,3,90,93,00,100,,"0,00","0,00","0,00",2026-08-07T20:15:03.924257
2025,Julho,7,1101,1,,122,,33913900,,339139,3,3,91,39,00,100,,"0,00","15.725,22","15.725,22",2026-08-07T20:15:03.924257
2025,Julho,7,1101,1,,122,,33914700,,339147,3,3,91,47,00,100,,"0,00","0,00","0,00",2026-08-07T20:15:03.924257
2025,Julho,7,1101,1,,122,,33919200,,339192,3,3,91,92,00,100,,"0,00","0,00","0,00",2026-08-07T20:15:03.924257
2025,Julho,7,1101,1,,122,,33919300,,339193,3,3,91,93,00,100,,"100.486,05","99.604,55","99.027,05",2026-08-07T20:15:03.924257
2025,Julho,7,1101,1,,122,,44905100,,449051,4,4,90,51,00,100,,"0,00","43.613,41","43.613,41",2026-08-07T20:15:03.924257
2025,Julho,7,1101,1,,122,,44905200,,449052,4,4,90,52,00,100,,"108.689,00","46.397,93","46.397,93",2026-08-07T20:15:03.924257
2025,Julho,7,1101,1,,122,,44909200,,449092,4,4,90,92,00,100,,"0,00","0,00","0,00",2026-08-07T20:15:03.924257
2025,Julho,7,1101,1,,126,,33903000,,339030,3,3,90,30,00,100,,"0,00","0,00","0,00",2026-08-07T20:15:03.924257
2025,Julho,7,1101,1,,126,,33903900,,339039,3,3,90,39,00,100,,"0,00","0,00","0,00",2026-08-07T20:15:03.924257
2025,Julho,7,1101,1,,126,,33904000,,339040,3,3,90,40,00,100,,"544.198,54","4.283.646,49","4.356.824,22",2026-08-07T20:15:03.924257
2025,Julho,7,1101,1,,126,,33909200,,339092,3,3,90,92,00,100,,"0,00","0,00","0,00",2026-08-07T20:15:03.924257
2025,Julho,7,1101,1,,126,,44904000,,449040,4,4,90,40,00,100,,"'-149.439,94","408.320,75","408.320,75",2026-08-07T20:15:03.924257
2025,Julho,7,1101,1,,126,,44905200,,449052,4,4,90,52,00,100,,"0,00","0,00","0,00",2026-08-07T20:15:03.924257
2025,Julho,7,1101,1,,128,,33903200,,339032,3,3,90,32,00,100,,"0,00","7.478,40","7.478,40",2026-08-07T20:15:03.924257
2025,Julho,7,1101,1,,128,,33903600,,339036,3,3,90,36,00,100,,"38.597,29","27.409,33","27.214,78",2026-08-07T20:15:03.924257
2025,Julho,7,1101,1,,128,,33903900,,339039,3,3,90,39,00,100,,"124.135,10","74.973,98","74.973,98",2026-08-07T20:15:03.924257
2025,Julho,7,1101,1,,131,,33903700,,339037,3,3,90,37,00,100,,"0,00","0,00","0,00",2026-08-07T20:15:03.924257
2025,Julho,7,1101,1,,131,,33903900,,339039,3,3,90,39,00,100,,"0,00","16.691,76","16.691,76",2026-08-07T20:15:03.924257
2025,Julho,7,1101,1,,131,,33909200,,339092,3,3,90,92,00,100,,"0,00","0,00","0,00",2026-08-07T20:15:03.924257
2025,Julho,7,1101,1,,131,,44905200,,449052,4,4,90,52,00,100,,"0,00","0,00","0,00",2026-08-07T20:15:03.924257
2025,Julho,7,1101,1,,31,,33903000,,339030,3,3,90,30,00,100,,"0,00","8.479,30","8.479,30",2026-08-07T20:15:03.924257
2025,Julho,7,1101,1,,31,,33903100,,339031,3,3,90,31,00,100,,"0,00","0,00","0,00",2026-08-07T20:15:03.924257
2025,Julho,7,1101,1,,31,,33903200,,339032,3,3,90,32,00,100,,"0,00","0,00","0,00",2026-08-07T20:15:03.924257
2025,Julho,7,1101,1,,31,,33903700,,339037,3,3,90,37,00,100,,"3.068.444,21","592.800,74","592.800,74",2026-08-07T20:15:03.924257
2025,Julho,7,1101,1,,31,,33903900,,339039,3,3,90,39,00,100,,"5.946.965,97","2.063.842,85","2.392.256,54",2026-08-07T20:15:03.924257
2025,Julho,7,1101,1,,31,,33913900,,339139,3,3,91,39,00,100,,"0,00","8.587,36","8.587,36",2026-08-07T20:15:03.924257
2025,Julho,7,1101,1,,31,,44905200,,449052,4,4,90,52,00,100,,"0,00","45.229,00","45.229,00",2026-08-07T20:15:03.924257
2025,Julho,7,1101,1,,392,,33903100,,339031,3,3,90,31,00,100,,"0,00","0,00","0,00",2026-08-07T20:15:03.924257
2025,Julho,7,1101,1,,392,,33903600,,339036,3,3,90,36,00,100,,"0,00","22.309,20","19.855,20",2026-08-07T20:15:03.924257
2025,Julho,7,1101,1,,392,,33903900,,339039,3,3,90,39,00,100,,"0,00","0,00","0,00",2026-08-07T20:15:03.924257
2025,Julho,7,1101,1,,392,,33909200,,339092,3,3,90,92,00,100,,"0,00","0,00","0,00",2026-08-07T20:15:03.924257
2025,Julho,7,1101,28,,845,,33913900,,339139,3,3,91,39,00,100,,"0,00","0,00","0,00",2026-08-07T20:15:03.924257
2025,Julho,7,1101,28,,846,,31909100,,319091,3,1,90,91,00,100,,"6.864,99","6.306,87","6.306,87",2026-08-07T20:15:03.924257
2025,Julho,7,1101,28,,846,,31909200,,319092,3,1,90,92,00,100,,"64.310,86","64.310,86","64.310,86",2026-08-07T20:15:03.924257
2025,Julho,7,1101,28,,846,,31909400,,319094,3,1,90,94,00,100,,"356.274,08","356.274,08","356.274,08",2026-08-07T20:15:03.924257
2025,Julho,7,1101,28,,846,,31909600,,319096,3,1,90,96,00,100,,"0,00","224.026,29","213.590,01",2026-08-07T20:15:03.924257
2025,Julho,7,1101,28,,846,,31919200,,319192,3,1,91,92,00,100,,"0,00","0,00","67.180,44",2026-08-07T20:15:03.924257
2025,Julho,7,1101,28,,846,,31919600,,319196,3,1,91,96,00,100,,"0,00","0,00","136.390,94",2026-08-07T20:15:03.924257
2025,Julho,7,1101,28,,846,,33909100,,339091,3,3,90,91,00,100,,"0,00","0,00","0,00",2026-08-07T20:15:03.924257
2025,Julho,7,1101,28,,846,,33909200,,339092,3,3,90,92,00,100,,"0,00","0,00","0,00",2026-08-07T20:15:03.924257
2025,Julho,7,1101,28,,846,,33909300,,339093,3,3,90,93,00,100,,"0,00","318.960,12","318.960,12",2026-08-07T20:15:03.924257
2025,Julho,7,1101,28,,846,,33919200,,339192,3,3,91,92,00,100,,"0,00","0,00","0,00",2026-08-07T20:15:03.924257
2025,Julho,7,1101,28,,846,,33919300,,339193,3,3,91,93,00,100,,"0,00","0,00","0,00",2026-08-07T20:15:03.924257
2025,Agosto,8,1101,1,,122,,31900700,,319007,3,1,90,07,00,100,,"0,00","512.758,94","512.758,94",2026-08-07T20:15:03.924257
2025,Agosto,8,1101,1,,122,,31901100,,319011,3,1,90,11,00,100,,"39.411.275,48","38.703.919,40","38.697.494,27",2026-08-07T20:15:03.924257
2025,Agosto,8,1101,1,,122,,31901300,,319013,3,1,90,13,00,100,,"51,37","2.581.412,50","2.581.412,50",2026-08-07T20:15:03.924257
2025,Agosto,8,1101,1,,122,,31901600,,319016,3,1,90,16,00,100,,"144.372,18","144.372,18","144.372,18",2026-08-07T20:15:03.924257
2025,Agosto,8,1101,1,,122,,31909200,,319092,3,1,90,92,00,100,,"0,00","0,00","0,00",2026-08-07T20:15:03.924257
2025,Agosto,8,1101,1,,122,,31911300,,319113,3,1,91,13,00,100,,"4.499,54","4.966.279,04","4.966.279,04",2026-08-07T20:15:03.924257
2025,Agosto,8,1101,1,,122,,31919200,,319192,3,1,91,92,00,100,,"0,00","0,00","0,00",2026-08-07T20:15:03.924257
2025,Agosto,8,1101,1,,122,,33900800,,339008,3,3,90,08,00,100,,"613.324,00","613.324,00","613.324,00",2026-08-07T20:15:03.924257
2025,Agosto,8,1101,1,,122,,33901400,,339014,3,3,90,14,00,100,,"4.095,00","4.095,00","4.095,00",2026-08-07T20:15:03.924257
2025,Agosto,8,1101,1,,122,,33903000,,339030,3,3,90,30,00,100,,"100.586,69","39.876,06","39.876,06",2026-08-07T20:15:03.924257
2025,Agosto,8,1101,1,,122,,33903300,,339033,3,3,90,33,00,100,,"1.004,59","18.298,91","18.298,91",2026-08-07T20:15:03.924257
2025,Agosto,8,1101,1,,122,,33903500,,339035,3,3,90,35,00,100,,"0,00","0,00","0,00",2026-08-07T20:15:03.924257
2025,Agosto,8,1101,1,,122,,33903600,,339036,3,3,90,36,00,100,,"0,00","0,00","0,00",2026-08-07T20:15:03.924257
2025,Agosto,8,1101,1,,122,,33903700,,339037,3,3,90,37,00,100,,"0,00","413.393,41","413.393,41",2026-08-07T20:15:03.924257
2025,Agosto,8,1101,1,,122,,33903900,,339039,3,3,90,39,00,100,,"1.300.000,00","848.549,15","785.020,26",2026-08-07T20:15:03.924257
2025,Agosto,8,1101,1,,122,,33904600,,339046,3,3,90,46,00,100,,"3.886.836,48","3.883.087,76","3.880.736,21",2026-08-07T20:15:03.924257
2025,Agosto,8,1101,1,,122,,33904700,,339047,3,3,90,47,00,100,,"0,00","5.557,41","5.557,41",2026-08-07T20:15:03.924257
2025,Agosto,8,1101,1,,122,,33904900,,339049,3,3,90,49,00,100,,"44.358,34","44.358,34","44.307,81",2026-08-07T20:15:03.924257
2025,Agosto,8,1101,1,,122,,33909200,,339092,3,3,90,92,00,100,,"0,00","0,00","0,00",2026-08-07T20:15:03.924257
2025,Agosto,8,1101,1,,122,,33909300,,339093,3,3,90,93,00,100,,"0,00","0,00","0,00",2026-08-07T20:15:03.924257
2025,Agosto,8,1101,1,,122,,33913900,,339139,3,3,91,39,00,100,,"0,00","6.552,96","6.552,96",2026-08-07T20:15:03.924257
2025,Agosto,8,1101,1,,122,,33914700,,339147,3,3,91,47,00,100,,"0,00","0,00","0,00",2026-08-07T20:15:03.924257
2025,Agosto,8,1101,1,,122,,33919200,,339192,3,3,91,92,00,100,,"0,00","0,00","0,00",2026-08-07T20:15:03.924257
2025,Agosto,8,1101,1,,122,,33919300,,339193,3,3,91,93,00,100,,"3.244,49","5.600,48","6.177,98",2026-08-07T20:15:03.924257
2025,Agosto,8,1101,1,,122,,44905100,,449051,4,4,90,51,00,100,,"0,00","323.270,71","323.270,71",2026-08-07T20:15:03.924257
2025,Agosto,8,1101,1,,122,,44905200,,449052,4,4,90,52,00,100,,"40.589,57","23.317,17","23.317,17",2026-08-07T20:15:03.924257
2025,Agosto,8,1101,1,,122,,44909200,,449092,4,4,90,92,00,100,,"0,00","0,00","0,00",2026-08-07T20:15:03.924257
2025,Agosto,8,1101,1,,126,,33903000,,339030,3,3,90,30,00,100,,"0,00","0,00","0,00",2026-08-07T20:15:03.924257
2025,Agosto,8,1101,1,,126,,33903900,,339039,3,3,90,39,00,100,,"0,00","395.566,33","395.566,33",2026-08-07T20:15:03.924257
2025,Agosto,8,1101,1,,126,,33904000,,339040,3,3,90,40,00,100,,"27.117,31","306.943,65","306.943,65",2026-08-07T20:15:03.924257
2025,Agosto,8,1101,1,,126,,33909200,,339092,3,3,90,92,00,100,,"0,00","0,00","0,00",2026-08-07T20:15:03.924257
2025,Agosto,8,1101,1,,126,,44904000,,449040,4,4,90,40,00,100,,"0,00","496.367,00","496.367,00",2026-08-07T20:15:03.924257
2025,Agosto,8,1101,1,,126,,44905200,,449052,4,4,90,52,00,100,,"0,00","0,00","0,00",2026-08-07T20:15:03.924257
2025,Agosto,8,1101,1,,128,,33903200,,339032,3,3,90,32,00,100,,"0,00","5.439,45","5.439,45",2026-08-07T20:15:03.924257
2025,Agosto,8,1101,1,,128,,33903600,,339036,3,3,90,36,00,100,,"0,00","5.470,64","5.665,19",2026-08-07T20:15:03.924257
2025,Agosto,8,1101,1,,128,,33903900,,339039,3,3,90,39,00,100,,"17.350,75","245.153,51","245.153,51",2026-08-07T20:15:03.924257
2025,Agosto,8,1101,1,,131,,33903700,,339037,3,3,90,37,00,100,,"0,00","0,00","0,00",2026-08-07T20:15:03.924257
2025,Agosto,8,1101,1,,131,,33903900,,339039,3,3,90,39,00,100,,"0,00","16.691,76","16.691,76",2026-08-07T20:15:03.924257
2025,Agosto,8,1101,1,,131,,33909200,,339092,3,3,90,92,00,100,,"0,00","0,00","0,00",2026-08-07T20:15:03.924257
2025,Agosto,8,1101,1,,131,,44905200,,449052,4,4,90,52,00,100,,"0,00","0,00","0,00",2026-08-07T20:15:03.924257
2025,Agosto,8,1101,1,,31,,33903000,,339030,3,3,90,30,00,100,,"0,00","0,00","0,00",2026-08-07T20:15:03.924257
2025,Agosto,8,1101,1,,31,,33903100,,339031,3,3,90,31,00,100,,"0,00","0,00","0,00",2026-08-07T20:15:03.924257
2025,Agosto,8,1101,1,,31,,33903200,,339032,3,3,90,32,00,100,,"0,00","0,00","0,00",2026-08-07T20:15:03.924257
2025,Agosto,8,1101,1,,31,,33903700,,339037,3,3,90,37,00,100,,"2.949.829,76","1.595.180,62","1.595.180,62",2026-08-07T20:15:03.924257
2025,Agosto,8,1101,1,,31,,33903900,,339039,3,3,90,39,00,100,,"'-70.746,57","2.911.057,45","2.330.418,98",2026-08-07T20:15:03.924257
2025,Agosto,8,1101,1,,31,,33913900,,339139,3,3,91,39,00,100,,"0,00","9.402,88","9.402,88",2026-08-07T20:15:03.924257
2025,Agosto,8,1101,1,,31,,44905200,,449052,4,4,90,52,00,100,,"424.000,00","0,00","0,00",2026-08-07T20:15:03.924257
2025,Agosto,8,1101,1,,392,,33903100,,339031,3,3,90,31,00,100,,"0,00","22.727,25","22.727,25",2026-08-07T20:15:03.924257
2025,Agosto,8,1101,1,,392,,33903600,,339036,3,3,90,36,00,100,,"13.385,52","0,00","6.117,81",2026-08-07T20:15:03.924257
2025,Agosto,8,1101,1,,392,,33903900,,339039,3,3,90,39,00,100,,"0,00","0,00","0,00",2026-08-07T20:15:03.924257
2025,Agosto,8,1101,1,,392,,33909200,,339092,3,3,90,92,00,100,,"0,00","0,00","0,00",2026-08-07T20:15:03.924257
2025,Agosto,8,1101,28,,845,,33913900,,339139,3,3,91,39,00,100,,"0,00","0,00","0,00",2026-08-07T20:15:03.924257
2025,Agosto,8,1101,28,,846,,31909100,,319091,3,1,90,91,00,100,,"6.697,54","6.697,54","6.697,54",2026-08-07T20:15:03.924257
2025,Agosto,8,1101,28,,846,,31909200,,319092,3,1,90,92,00,100,,"0,00","0,00","0,00",2026-08-07T20:15:03.924257
2025,Agosto,8,1101,28,,846,,31909400,,319094,3,1,90,94,00,100,,"96.944,46","96.944,46","96.944,46",2026-08-07T20:15:03.924257
2025,Agosto,8,1101,28,,846,,31909600,,319096,3,1,90,96,00,100,,"'-618.552,44","229.038,71","239.474,99",2026-08-07T20:15:03.924257
2025,Agosto,8,1101,28,,846,,31919200,,319192,3,1,91,92,00,100,,"0,00","0,00","0,00",2026-08-07T20:15:03.924257
2025,Agosto,8,1101,28,,846,,31919600,,319196,3,1,91,96,00,100,,"0,00","104.520,15","0,00",2026-08-07T20:15:03.924257
2025,Agosto,8,1101,28,,846,,33909100,,339091,3,3,90,91,00,100,,"0,00","0,00","0,00",2026-08-07T20:15:03.924257
2025,Agosto,8,1101,28,,846,,33909200,,339092,3,3,90,92,00,100,,"0,00","0,00","0,00",2026-08-07T20:15:03.924257
2025,Agosto,8,1101,28,,846,,33909300,,339093,3,3,90,93,00,100,,"5.647,99","308.070,92","308.070,92",2026-08-07T20:15:03.924257
2025,Agosto,8,1101,28,,846,,33919200,,339192,3,3,91,92,00,100,,"0,00","0,00","0,00",2026-08-07T20:15:03.924257
2025,Agosto,8,1101,28,,846,,33919300,,339193,3,3,91,93,00,100,,"0,00","0,00","0,00",2026-08-07T20:15:03.924257
2025,Setembro,9,1101,1,,122,,31900700,,319007,3,1,90,07,00,100,,"0,00","509.273,51","509.273,51",2026-08-07T20:15:03.924257
2025,Setembro,9,1101,1,,122,,31901100,,319011,3,1,90,11,00,100,,"39.467.640,20","39.343.770,84","39.339.769,79",2026-08-07T20:15:03.924257
2025,Setembro,9,1101,1,,122,,31901300,,319013,3,1,90,13,00,100,,"0,00","2.608.729,23","2.608.729,23",2026-08-07T20:15:03.924257
2025,Setembro,9,1101,1,,122,,31901600,,319016,3,1,90,16,00,100,,"174.010,97","174.010,97","174.010,97",2026-08-07T20:15:03.924257
2025,Setembro,9,1101,1,,122,,31909200,,319092,3,1,90,92,00,100,,"6.454,41","6.454,41","6.454,41",2026-08-07T20:15:03.924257
2025,Setembro,9,1101,1,,122,,31911300,,319113,3,1,91,13,00,100,,"0,00","4.935.047,32","4.935.047,32",2026-08-07T20:15:03.924257
2025,Setembro,9,1101,1,,122,,31919200,,319192,3,1,91,92,00,100,,"0,00","0,00","0,00",2026-08-07T20:15:03.924257
2025,Setembro,9,1101,1,,122,,33900800,,339008,3,3,90,08,00,100,,"623.493,00","623.493,00","623.493,00",2026-08-07T20:15:03.924257
2025,Setembro,9,1101,1,,122,,33901400,,339014,3,3,90,14,00,100,,"63.483,00","63.483,00","63.483,00",2026-08-07T20:15:03.924257
2025,Setembro,9,1101,1,,122,,33903000,,339030,3,3,90,30,00,100,,"990.310,98","113.481,96","89.294,84",2026-08-07T20:15:03.924257
2025,Setembro,9,1101,1,,122,,33903300,,339033,3,3,90,33,00,100,,"8.894,66","2.159,32","2.159,32",2026-08-07T20:15:03.924257
2025,Setembro,9,1101,1,,122,,33903500,,339035,3,3,90,35,00,100,,"0,00","0,00","0,00",2026-08-07T20:15:03.924257
2025,Setembro,9,1101,1,,122,,33903600,,339036,3,3,90,36,00,100,,"0,00","0,00","0,00",2026-08-07T20:15:03.924257
2025,Setembro,9,1101,1,,122,,33903700,,339037,3,3,90,37,00,100,,"0,00","1.192.459,57","1.192.459,57",2026-08-07T20:15:03.924257
2025,Setembro,9,1101,1,,122,,33903900,,339039,3,3,90,39,00,100,,"1.862.470,43","963.282,10","905.153,75",2026-08-07T20:15:03.924257
2025,Setembro,9,1101,1,,122,,33904600,,339046,3,3,90,46,00,100,,"3.898.696,52","3.894.914,24","3.893.038,38",2026-08-07T20:15:03.924257
2025,Setembro,9,1101,1,,122,,33904700,,339047,3,3,90,47,00,100,,"0,00","518,26","518,26",2026-08-07T20:15:03.924257
2025,Setembro,9,1101,1,,122,,33904900,,339049,3,3,90,49,00,100,,"45.998,60","45.998,60","45.065,31",2026-08-07T20:15:03.924257
2025,Setembro,9,1101,1,,122,,33909200,,339092,3,3,90,92,00,100,,"0,00","0,00","0,00",2026-08-07T20:15:03.924257
2025,Setembro,9,1101,1,,122,,33909300,,339093,3,3,90,93,00,100,,"0,00","0,00","0,00",2026-08-07T20:15:03.924257
2025,Setembro,9,1101,1,,122,,33913900,,339139,3,3,91,39,00,100,,"0,00","0,00","0,00",2026-08-07T20:15:03.924257
2025,Setembro,9,1101,1,,122,,33914700,,339147,3,3,91,47,00,100,,"2.304,00","2.304,00","0,00",2026-08-07T20:15:03.924257
2025,Setembro,9,1101,1,,122,,33919200,,339192,3,3,91,92,00,100,,"0,00","0,00","0,00",2026-08-07T20:15:03.924257
2025,Setembro,9,1101,1,,122,,33919300,,339193,3,3,91,93,00,100,,"1.808,47","1.709,89","1.709,89",2026-08-07T20:15:03.924257
2025,Setembro,9,1101,1,,122,,44905100,,449051,4,4,90,51,00,100,,"20.999,77","0,00","0,00",2026-08-07T20:15:03.924257
2025,Setembro,9,1101,1,,122,,44905200,,449052,4,4,90,52,00,100,,"113.303,21","63.413,82","63.413,82",2026-08-07T20:15:03.924257
2025,Setembro,9,1101,1,,122,,44909200,,449092,4,4,90,92,00,100,,"0,00","0,00","0,00",2026-08-07T20:15:03.924257
2025,Setembro,9,1101,1,,126,,33903000,,339030,3,3,90,30,00,100,,"0,00","0,00","0,00",2026-08-07T20:15:03.924257
2025,Setembro,9,1101,1,,126,,33903900,,339039,3,3,90,39,00,100,,"0,00","593.390,34","593.390,34",2026-08-07T20:15:03.924257
2025,Setembro,9,1101,1,,126,,33904000,,339040,3,3,90,40,00,100,,"598.425,03","416.248,22","416.248,22",2026-08-07T20:15:03.924257
2025,Setembro,9,1101,1,,126,,33909200,,339092,3,3,90,92,00,100,,"2.756,42","2.756,42","2.756,42",2026-08-07T20:15:03.924257
2025,Setembro,9,1101,1,,126,,44904000,,449040,4,4,90,40,00,100,,"0,00","564.060,09","564.060,09",2026-08-07T20:15:03.924257
2025,Setembro,9,1101,1,,126,,44905200,,449052,4,4,90,52,00,100,,"'-29.000,00","5.507.640,72","5.507.640,72",2026-08-07T20:15:03.924257
2025,Setembro,9,1101,1,,128,,33903200,,339032,3,3,90,32,00,100,,"0,00","10.561,89","10.561,89",2026-08-07T20:15:03.924257
2025,Setembro,9,1101,1,,128,,33903600,,339036,3,3,90,36,00,100,,"40.897,21","19.673,01","19.673,01",2026-08-07T20:15:03.924257
2025,Setembro,9,1101,1,,128,,33903900,,339039,3,3,90,39,00,100,,"52.905,00","254.221,67","254.221,67",2026-08-07T20:15:03.924257
2025,Setembro,9,1101,1,,131,,33903700,,339037,3,3,90,37,00,100,,"0,00","0,00","0,00",2026-08-07T20:15:03.924257
2025,Setembro,9,1101,1,,131,,33903900,,339039,3,3,90,39,00,100,,"0,00","16.691,76","16.691,76",2026-08-07T20:15:03.924257
2025,Setembro,9,1101,1,,131,,33909200,,339092,3,3,90,92,00,100,,"0,00","0,00","0,00",2026-08-07T20:15:03.924257
2025,Setembro,9,1101,1,,131,,44905200,,449052,4,4,90,52,00,100,,"0,00","0,00","0,00",2026-08-07T20:15:03.924257
2025,Setembro,9,1101,1,,31,,33903000,,339030,3,3,90,30,00,100,,"0,00","0,00","0,00",2026-08-07T20:15:03.924257
2025,Setembro,9,1101,1,,31,,33903100,,339031,3,3,90,31,00,100,,"0,00","0,00","0,00",2026-08-07T20:15:03.924257
2025,Setembro,9,1101,1,,31,,33903200,,339032,3,3,90,32,00,100,,"0,00","0,00","0,00",2026-08-07T20:15:03.924257
2025,Setembro,9,1101,1,,31,,33903700,,339037,3,3,90,37,00,100,,"0,00","690.597,91","690.597,91",2026-08-07T20:15:03.924257
2025,Setembro,9,1101,1,,31,,33903900,,339039,3,3,90,39,00,100,,"8.393.164,08","5.322.251,98","5.559.137,00",2026-08-07T20:15:03.924257
2025,Setembro,9,1101,1,,31,,33913900,,339139,3,3,91,39,00,100,,"0,00","10.824,48","10.824,48",2026-08-07T20:15:03.924257
2025,Setembro,9,1101,1,,31,,44905200,,449052,4,4,90,52,00,100,,"0,00","424.000,00","424.000,00",2026-08-07T20:15:03.924257
2025,Setembro,9,1101,1,,392,,33903100,,339031,3,3,90,31,00,100,,"0,00","0,00","0,00",2026-08-07T20:15:03.924257
2025,Setembro,9,1101,1,,392,,33903600,,339036,3,3,90,36,00,100,,"0,00","13.385,52","11.913,12",2026-08-07T20:15:03.924257
2025,Setembro,9,1101,1,,392,,33903900,,339039,3,3,90,39,00,100,,"90.000,00","0,00","0,00",2026-08-07T20:15:03.924257
2025,Setembro,9,1101,1,,392,,33909200,,339092,3,3,90,92,00,100,,"0,00","0,00","0,00",2026-08-07T20:15:03.924257
2025,Setembro,9,1101,28,,845,,33913900,,339139,3,3,91,39,00,100,,"0,00","0,00","0,00",2026-08-07T20:15:03.924257
2025,Setembro,9,1101,28,,846,,31909100,,319091,3,1,90,91,00,100,,"6.697,54","6.697,54","6.697,54",2026-08-07T20:15:03.924257
2025,Setembro,9,1101,28,,846,,31909200,,319092,3,1,90,92,00,100,,"0,00","0,00","0,00",2026-08-07T20:15:03.924257
2025,Setembro,9,1101,28,,846,,31909400,,319094,3,1,90,94,00,100,,"135.862,67","135.862,67","135.862,67",2026-08-07T20:15:03.924257
2025,Setembro,9,1101,28,,846,,31909600,,319096,3,1,90,96,00,100,,"4.414,47","212.470,09","211.886,97",2026-08-07T20:15:03.924257
2025,Setembro,9,1101,28,,846,,31919200,,319192,3,1,91,92,00,100,,"0,00","0,00","0,00",2026-08-07T20:15:03.924257
2025,Setembro,9,1101,28,,846,,31919600,,319196,3,1,91,96,00,100,,"0,00","0,00","0,00",2026-08-07T20:15:03.924257
2025,Setembro,9,1101,28,,846,,33909100,,339091,3,3,90,91,00,100,,"0,00","0,00","0,00",2026-08-07T20:15:03.924257
2025,Setembro,9,1101,28,,846,,33909200,,339092,3,3,90,92,00,100,,"0,00","0,00","0,00",2026-08-07T20:15:03.924257
2025,Setembro,9,1101,28,,846,,33909300,,339093,3,3,90,93,00,100,,"0,00","265.486,97","265.486,97",2026-08-07T20:15:03.924257
2025,Setembro,9,1101,28,,846,,33919200,,339192,3,3,91,92,00,100,,"337.212,73","337.212,73","337.212,73",2026-08-07T20:15:03.924257
2025,Setembro,9,1101,28,,846,,33919300,,339193,3,3,91,93,00,100,,"4.517.218,31","967.080,50","967.080,50",2026-08-07T20:15:03.924257
2025,Outubro,10,1101,1,,122,,31900700,,319007,3,1,90,07,00,100,,"0,00","513.117,26","513.117,26",2026-08-07T20:15:03.924257
2025,Outubro,10,1101,1,,122,,31901100,,319011,3,1,90,11,00,100,,"39.595.198,69","39.309.873,58","39.312.099,89",2026-08-07T20:15:03.924257
2025,Outubro,10,1101,1,,122,,31901300,,319013,3,1,90,13,00,100,,"12,35","2.617.808,36","2.617.808,36",2026-08-07T20:15:03.924257
2025,Outubro,10,1101,1,,122,,31901600,,319016,3,1,90,16,00,100,,"217.645,67","217.286,21","217.286,21",2026-08-07T20:15:03.924257
2025,Outubro,10,1101,1,,122,,31909200,,319092,3,1,90,92,00,100,,"0,00","0,00","0,00",2026-08-07T20:15:03.924257
2025,Outubro,10,1101,1,,122,,31911300,,319113,3,1,91,13,00,100,,"0,00","4.933.892,16","4.933.892,16",2026-08-07T20:15:03.924257
2025,Outubro,10,1101,1,,122,,31919200,,319192,3,1,91,92,00,100,,"0,00","0,00","0,00",2026-08-07T20:15:03.924257
2025,Outubro,10,1101,1,,122,,33900800,,339008,3,3,90,08,00,100,,"619.719,00","619.719,00","619.719,00",2026-08-07T20:15:03.924257
2025,Outubro,10,1101,1,,122,,33901400,,339014,3,3,90,14,00,100,,"171.685,00","33.175,00","22.750,00",2026-08-07T20:15:03.924257
2025,Outubro,10,1101,1,,122,,33903000,,339030,3,3,90,30,00,100,,"329.348,11","1.071.758,80","1.095.945,92",2026-08-07T20:15:03.924257
2025,Outubro,10,1101,1,,122,,33903300,,339033,3,3,90,33,00,100,,"79.830,88","32.513,11","32.513,11",2026-08-07T20:15:03.924257
2025,Outubro,10,1101,1,,122,,33903500,,339035,3,3,90,35,00,100,,"0,00","0,00","0,00",2026-08-07T20:15:03.924257
2025,Outubro,10,1101,1,,122,,33903600,,339036,3,3,90,36,00,100,,"0,00","0,00","0,00",2026-08-07T20:15:03.924257
2025,Outubro,10,1101,1,,122,,33903700,,339037,3,3,90,37,00,100,,"37.799,96","1.218.377,59","783.674,72",2026-08-07T20:15:03.924257
2025,Outubro,10,1101,1,,122,,33903900,,339039,3,3,90,39,00,100,,"484.080,33","1.091.847,09","1.213.504,33",2026-08-07T20:15:03.924257
2025,Outubro,10,1101,1,,122,,33904600,,339046,3,3,90,46,00,100,,"3.882.242,64","3.855.725,08","3.855.887,23",2026-08-07T20:15:03.924257
2025,Outubro,10,1101,1,,122,,33904700,,339047,3,3,90,47,00,100,,"0,00","3.368,13","3.368,13",2026-08-07T20:15:03.924257
2025,Outubro,10,1101,1,,122,,33904900,,339049,3,3,90,49,00,100,,"38.906,80","38.196,46","38.573,23",2026-08-07T20:15:03.924257
2025,Outubro,10,1101,1,,122,,33909200,,339092,3,3,90,92,00,100,,"0,00","0,00","0,00",2026-08-07T20:15:03.924257
2025,Outubro,10,1101,1,,122,,33909300,,339093,3,3,90,93,00,100,,"0,00","0,00","0,00",2026-08-07T20:15:03.924257
2025,Outubro,10,1101,1,,122,,33913900,,339139,3,3,91,39,00,100,,"0,00","12.490,94","12.490,94",2026-08-07T20:15:03.924257
2025,Outubro,10,1101,1,,122,,33914700,,339147,3,3,91,47,00,100,,"0,00","0,00","2.304,00",2026-08-07T20:15:03.924257
2025,Outubro,10,1101,1,,122,,33919200,,339192,3,3,91,92,00,100,,"0,00","0,00","0,00",2026-08-07T20:15:03.924257
2025,Outubro,10,1101,1,,122,,33919300,,339193,3,3,91,93,00,100,,"1.081,50","1.278,66","1.278,66",2026-08-07T20:15:03.924257
2025,Outubro,10,1101,1,,122,,44905100,,449051,4,4,90,51,00,100,,"115.342,41","58.599,88","58.599,88",2026-08-07T20:15:03.924257
2025,Outubro,10,1101,1,,122,,44905200,,449052,4,4,90,52,00,100,,"72.435,00","37.177,20","37.177,20",2026-08-07T20:15:03.924257
2025,Outubro,10,1101,1,,122,,44909200,,449092,4,4,90,92,00,100,,"0,00","0,00","0,00",2026-08-07T20:15:03.924257
2025,Outubro,10,1101,1,,126,,33903000,,339030,3,3,90,30,00,100,,"0,00","0,00","0,00",2026-08-07T20:15:03.924257
2025,Outubro,10,1101,1,,126,,33903900,,339039,3,3,90,39,00,100,,"0,00","0,00","0,00",2026-08-07T20:15:03.924257
2025,Outubro,10,1101,1,,126,,33904000,,339040,3,3,90,40,00,100,,"661.895,36","314.153,32","314.153,32",2026-08-07T20:15:03.924257
2025,Outubro,10,1101,1,,126,,33909200,,339092,3,3,90,92,00,100,,"5.279,25","5.279,25","5.279,25",2026-08-07T20:15:03.924257
2025,Outubro,10,1101,1,,126,,44904000,,449040,4,4,90,40,00,100,,"'-9.570,00","89.947,52","89.947,52",2026-08-07T20:15:03.924257
2025,Outubro,10,1101,1,,126,,44905200,,449052,4,4,90,52,00,100,,"0,00","305.964,00","305.964,00",2026-08-07T20:15:03.924257
2025,Outubro,10,1101,1,,128,,33903200,,339032,3,3,90,32,00,100,,"80.220,00","12.966,45","12.966,45",2026-08-07T20:15:03.924257
2025,Outubro,10,1101,1,,128,,33903600,,339036,3,3,90,36,00,100,,"32.538,30","28.959,78","28.959,78",2026-08-07T20:15:03.924257
2025,Outubro,10,1101,1,,128,,33903900,,339039,3,3,90,39,00,100,,"27.720,00","182.735,82","182.735,82",2026-08-07T20:15:03.924257
2025,Outubro,10,1101,1,,131,,33903700,,339037,3,3,90,37,00,100,,"0,00","0,00","0,00",2026-08-07T20:15:03.924257
2025,Outubro,10,1101,1,,131,,33903900,,339039,3,3,90,39,00,100,,"9.335,04","16.691,76","16.691,76",2026-08-07T20:15:03.924257
2025,Outubro,10,1101,1,,131,,33909200,,339092,3,3,90,92,00,100,,"0,00","0,00","0,00",2026-08-07T20:15:03.924257
2025,Outubro,10,1101,1,,131,,44905200,,449052,4,4,90,52,00,100,,"0,00","0,00","0,00",2026-08-07T20:15:03.924257
2025,Outubro,10,1101,1,,31,,33903000,,339030,3,3,90,30,00,100,,"0,00","0,00","0,00",2026-08-07T20:15:03.924257
2025,Outubro,10,1101,1,,31,,33903100,,339031,3,3,90,31,00,100,,"0,00","0,00","0,00",2026-08-07T20:15:03.924257
2025,Outubro,10,1101,1,,31,,33903200,,339032,3,3,90,32,00,100,,"0,00","0,00","0,00",2026-08-07T20:15:03.924257
2025,Outubro,10,1101,1,,31,,33903700,,339037,3,3,90,37,00,100,,"'-1.069.735,22","838.063,21","0,00",2026-08-07T20:15:03.924257
2025,Outubro,10,1101,1,,31,,33903900,,339039,3,3,90,39,00,100,,"549.356,48","2.376.172,04","2.719.925,49",2026-08-07T20:15:03.924257
2025,Outubro,10,1101,1,,31,,33913900,,339139,3,3,91,39,00,100,,"0,00","8.999,20","8.999,20",2026-08-07T20:15:03.924257
2025,Outubro,10,1101,1,,31,,44905200,,449052,4,4,90,52,00,100,,"'-3.707,00","29.040,00","29.040,00",2026-08-07T20:15:03.924257
2025,Outubro,10,1101,1,,392,,33903100,,339031,3,3,90,31,00,100,,"291.011,90","291.011,90","291.011,90",2026-08-07T20:15:03.924257
2025,Outubro,10,1101,1,,392,,33903600,,339036,3,3,90,36,00,100,,"0,00","0,00","1.472,40",2026-08-07T20:15:03.924257
2025,Outubro,10,1101,1,,392,,33903900,,339039,3,3,90,39,00,100,,"0,00","90.000,00","90.000,00",2026-08-07T20:15:03.924257
2025,Outubro,10,1101,1,,392,,33909200,,339092,3,3,90,92,00,100,,"0,00","0,00","0,00",2026-08-07T20:15:03.924257
2025,Outubro,10,1101,28,,845,,33913900,,339139,3,3,91,39,00,100,,"0,00","0,00","0,00",2026-08-07T20:15:03.924257
2025,Outubro,10,1101,28,,846,,31909100,,319091,3,1,90,91,00,100,,"6.697,54","6.697,54","6.697,54",2026-08-07T20:15:03.924257
2025,Outubro,10,1101,28,,846,,31909200,,319092,3,1,90,92,00,100,,"0,00","0,00","0,00",2026-08-07T20:15:03.924257
2025,Outubro,10,1101,28,,846,,31909400,,319094,3,1,90,94,00,100,,"1.294.878,46","1.295.025,13","1.295.025,13",2026-08-07T20:15:03.924257
2025,Outubro,10,1101,28,,846,,31909600,,319096,3,1,90,96,00,100,,"'-52.289,97","174.601,88","175.185,00",2026-08-07T20:15:03.924257
2025,Outubro,10,1101,28,,846,,31919200,,319192,3,1,91,92,00,100,,"0,00","0,00","0,00",2026-08-07T20:15:03.924257
2025,Outubro,10,1101,28,,846,,31919600,,319196,3,1,91,96,00,100,,"0,00","0,00","104.520,15",2026-08-07T20:15:03.924257
2025,Outubro,10,1101,28,,846,,33909100,,339091,3,3,90,91,00,100,,"0,00","0,00","0,00",2026-08-07T20:15:03.924257
2025,Outubro,10,1101,28,,846,,33909200,,339092,3,3,90,92,00,100,,"0,00","0,00","0,00",2026-08-07T20:15:03.924257
2025,Outubro,10,1101,28,,846,,33909300,,339093,3,3,90,93,00,100,,"0,00","260.281,57","260.281,57",2026-08-07T20:15:03.924257
2025,Outubro,10,1101,28,,846,,33919200,,339192,3,3,91,92,00,100,,"0,00","0,00","0,00",2026-08-07T20:15:03.924257
2025,Outubro,10,1101,28,,846,,33919300,,339193,3,3,91,93,00,100,,"2.886.963,98","6.434.413,79","6.434.413,79",2026-08-07T20:15:03.924257
2025,Novembro,11,1101,1,,122,,31900700,,319007,3,1,90,07,00,100,,"0,00","507.338,44","507.338,44",2026-08-07T20:15:03.924257
2025,Novembro,11,1101,1,,122,,31901100,,319011,3,1,90,11,00,100,,"55.783.489,90","57.430.155,35","39.206.366,92",2026-08-07T20:15:03.924257
2025,Novembro,11,1101,1,,122,,31901300,,319013,3,1,90,13,00,100,,"0,00","2.621.219,03","2.621.219,03",2026-08-07T20:15:03.924257
2025,Novembro,11,1101,1,,122,,31901600,,319016,3,1,90,16,00,100,,"241.914,18","241.914,18","241.914,18",2026-08-07T20:15:03.924257
2025,Novembro,11,1101,1,,122,,31909200,,319092,3,1,90,92,00,100,,"196.271,16","196.271,16","196.271,16",2026-08-07T20:15:03.924257
2025,Novembro,11,1101,1,,122,,31911300,,319113,3,1,91,13,00,100,,"0,00","4.945.094,12","4.945.094,12",2026-08-07T20:15:03.924257
2025,Novembro,11,1101,1,,122,,31919200,,319192,3,1,91,92,00,100,,"0,00","0,00","0,00",2026-08-07T20:15:03.924257
2025,Novembro,11,1101,1,,122,,33900800,,339008,3,3,90,08,00,100,,"629.929,00","628.207,00","628.207,00",2026-08-07T20:15:03.924257
2025,Novembro,11,1101,1,,122,,33901400,,339014,3,3,90,14,00,100,,"32.138,00","166.178,00","176.603,00",2026-08-07T20:15:03.924257
2025,Novembro,11,1101,1,,122,,33903000,,339030,3,3,90,30,00,100,,"'-126.337,62","145.890,92","145.890,92",2026-08-07T20:15:03.924257
2025,Novembro,11,1101,1,,122,,33903300,,339033,3,3,90,33,00,100,,"14.856,78","89.841,72","89.841,72",2026-08-07T20:15:03.924257
2025,Novembro,11,1101,1,,122,,33903500,,339035,3,3,90,35,00,100,,"12.566,67","0,00","0,00",2026-08-07T20:15:03.924257
2025,Novembro,11,1101,1,,122,,33903600,,339036,3,3,90,36,00,100,,"0,00","0,00","0,00",2026-08-07T20:15:03.924257
2025,Novembro,11,1101,1,,122,,33903700,,339037,3,3,90,37,00,100,,"262.748,41","234.029,06","668.731,93",2026-08-07T20:15:03.924257
2025,Novembro,11,1101,1,,122,,33903900,,339039,3,3,90,39,00,100,,"291.885,39","1.336.485,74","1.336.485,74",2026-08-07T20:15:03.924257
2025,Novembro,11,1101,1,,122,,33904600,,339046,3,3,90,46,00,100,,"3.893.151,44","3.870.161,32","3.869.834,18",2026-08-07T20:15:03.924257
2025,Novembro,11,1101,1,,122,,33904700,,339047,3,3,90,47,00,100,,"0,00","0,00","0,00",2026-08-07T20:15:03.924257
2025,Novembro,11,1101,1,,122,,33904900,,339049,3,3,90,49,00,100,,"30.408,38","30.408,38","31.477,16",2026-08-07T20:15:03.924257
2025,Novembro,11,1101,1,,122,,33909200,,339092,3,3,90,92,00,100,,"0,00","0,00","0,00",2026-08-07T20:15:03.924257
2025,Novembro,11,1101,1,,122,,33909300,,339093,3,3,90,93,00,100,,"0,00","0,00","0,00",2026-08-07T20:15:03.924257
2025,Novembro,11,1101,1,,122,,33913900,,339139,3,3,91,39,00,100,,"'-7.640,05","0,00","0,00",2026-08-07T20:15:03.924257
2025,Novembro,11,1101,1,,122,,33914700,,339147,3,3,91,47,00,100,,"2.088,00","2.088,00","2.088,00",2026-08-07T20:15:03.924257
2025,Novembro,11,1101,1,,122,,33919200,,339192,3,3,91,92,00,100,,"0,00","0,00","0,00",2026-08-07T20:15:03.924257
2025,Novembro,11,1101,1,,122,,33919300,,339193,3,3,91,93,00,100,,"7.536,94","4.120,25","4.120,25",2026-08-07T20:15:03.924257
2025,Novembro,11,1101,1,,122,,44905100,,449051,4,4,90,51,00,100,,"23.594,87","89.556,88","89.556,88",2026-08-07T20:15:03.924257
2025,Novembro,11,1101,1,,122,,44905200,,449052,4,4,90,52,00,100,,"256.404,47","227.792,00","227.792,00",2026-08-07T20:15:03.924257
2025,Novembro,11,1101,1,,122,,44909200,,449092,4,4,90,92,00,100,,"0,00","0,00","0,00",2026-08-07T20:15:03.924257
2025,Novembro,11,1101,1,,126,,33903000,,339030,3,3,90,30,00,100,,"0,00","0,00","0,00",2026-08-07T20:15:03.924257
2025,Novembro,11,1101,1,,126,,33903900,,339039,3,3,90,39,00,100,,"102.740,50","276.250,43","276.250,43",2026-08-07T20:15:03.924257
2025,Novembro,11,1101,1,,126,,33904000,,339040,3,3,90,40,00,100,,"201.838,86","586.084,49","586.084,49",2026-08-07T20:15:03.924257
2025,Novembro,11,1101,1,,126,,33909200,,339092,3,3,90,92,00,100,,"0,00","0,00","0,00",2026-08-07T20:15:03.924257
2025,Novembro,11,1101,1,,126,,44904000,,449040,4,4,90,40,00,100,,"1.287.435,48","378.268,32","378.268,32",2026-08-07T20:15:03.924257
2025,Novembro,11,1101,1,,126,,44905200,,449052,4,4,90,52,00,100,,"11.420.000,00","0,00","0,00",2026-08-07T20:15:03.924257
2025,Novembro,11,1101,1,,128,,33903200,,339032,3,3,90,32,00,100,,"'-3.644,37","90.572,19","90.572,19",2026-08-07T20:15:03.924257
2025,Novembro,11,1101,1,,128,,33903600,,339036,3,3,90,36,00,100,,"22.903,29","33.762,08","33.639,92",2026-08-07T20:15:03.924257
2025,Novembro,11,1101,1,,128,,33903900,,339039,3,3,90,39,00,100,,"'-189.451,04","235.612,47","235.612,47",2026-08-07T20:15:03.924257
2025,Novembro,11,1101,1,,131,,33903700,,339037,3,3,90,37,00,100,,"0,00","0,00","0,00",2026-08-07T20:15:03.924257
2025,Novembro,11,1101,1,,131,,33903900,,339039,3,3,90,39,00,100,,"0,00","16.691,76","16.691,76",2026-08-07T20:15:03.924257
2025,Novembro,11,1101,1,,131,,33909200,,339092,3,3,90,92,00,100,,"0,00","0,00","0,00",2026-08-07T20:15:03.924257
2025,Novembro,11,1101,1,,131,,44905200,,449052,4,4,90,52,00,100,,"0,00","0,00","0,00",2026-08-07T20:15:03.924257
2025,Novembro,11,1101,1,,31,,33903000,,339030,3,3,90,30,00,100,,"52.917,00","0,00","0,00",2026-08-07T20:15:03.924257
2025,Novembro,11,1101,1,,31,,33903100,,339031,3,3,90,31,00,100,,"0,00","0,00","0,00",2026-08-07T20:15:03.924257
2025,Novembro,11,1101,1,,31,,33903200,,339032,3,3,90,32,00,100,,"0,00","0,00","0,00",2026-08-07T20:15:03.924257
2025,Novembro,11,1101,1,,31,,33903700,,339037,3,3,90,37,00,100,,"8.233,45","0,00","838.063,21",2026-08-07T20:15:03.924257
2025,Novembro,11,1101,1,,31,,33903900,,339039,3,3,90,39,00,100,,"1.000.302,19","4.427.425,24","4.427.425,24",2026-08-07T20:15:03.924257
2025,Novembro,11,1101,1,,31,,33913900,,339139,3,3,91,39,00,100,,"0,00","11.398,72","11.398,72",2026-08-07T20:15:03.924257
2025,Novembro,11,1101,1,,31,,44905200,,449052,4,4,90,52,00,100,,"0,00","0,00","0,00",2026-08-07T20:15:03.924257
2025,Novembro,11,1101,1,,392,,33903100,,339031,3,3,90,31,00,100,,"0,00","0,00","0,00",2026-08-07T20:15:03.924257
2025,Novembro,11,1101,1,,392,,33903600,,339036,3,3,90,36,00,100,,"0,00","0,00","0,00",2026-08-07T20:15:03.924257
2025,Novembro,11,1101,1,,392,,33903900,,339039,3,3,90,39,00,100,,"0,00","0,00","0,00",2026-08-07T20:15:03.924257
2025,Novembro,11,1101,1,,392,,33909200,,339092,3,3,90,92,00,100,,"0,00","0,00","0,00",2026-08-07T20:15:03.924257
2025,Novembro,11,1101,28,,845,,33913900,,339139,3,3,91,39,00,100,,"0,00","0,00","0,00",2026-08-07T20:15:03.924257
2025,Novembro,11,1101,28,,846,,31909100,,319091,3,1,90,91,00,100,,"6.697,54","6.697,54","6.697,54",2026-08-07T20:15:03.924257
2025,Novembro,11,1101,28,,846,,31909200,,319092,3,1,90,92,00,100,,"0,00","0,00","0,00",2026-08-07T20:15:03.924257
2025,Novembro,11,1101,28,,846,,31909400,,319094,3,1,90,94,00,100,,"770.064,40","759.313,00","759.313,00",2026-08-07T20:15:03.924257
2025,Novembro,11,1101,28,,846,,31909600,,319096,3,1,90,96,00,100,,"'-23.800,30","263.125,10","263.125,10",2026-08-07T20:15:03.924257
2025,Novembro,11,1101,28,,846,,31919200,,319192,3,1,91,92,00,100,,"0,00","0,00","0,00",2026-08-07T20:15:03.924257
2025,Novembro,11,1101,28,,846,,31919600,,319196,3,1,91,96,00,100,,"'-11.588,94","125.590,63","125.590,63",2026-08-07T20:15:03.924257
2025,Novembro,11,1101,28,,846,,33909100,,339091,3,3,90,91,00,100,,"0,00","0,00","0,00",2026-08-07T20:15:03.924257
2025,Novembro,11,1101,28,,846,,33909200,,339092,3,3,90,92,00,100,,"0,00","0,00","0,00",2026-08-07T20:15:03.924257
2025,Novembro,11,1101,28,,846,,33909300,,339093,3,3,90,93,00,100,,"0,00","289.252,11","289.252,11",2026-08-07T20:15:03.924257
2025,Novembro,11,1101,28,,846,,33919200,,339192,3,3,91,92,00,100,,"0,00","0,00","0,00",2026-08-07T20:15:03.924257
2025,Novembro,11,1101,28,,846,,33919300,,339193,3,3,91,93,00,100,,"8.466.612,92","8.469.300,92","8.469.300,92",2026-08-07T20:15:03.924257
2025,Dezembro,12,1101,1,,122,,31900700,,319007,3,1,90,07,00,100,,"'-351.510,19","935.119,03","935.119,03",2026-08-07T20:15:03.924257
2025,Dezembro,12,1101,1,,122,,31901100,,319011,3,1,90,11,00,100,,"48.461.670,72","48.213.207,02","66.356.206,67",2026-08-07T20:15:03.924257
2025,Dezembro,12,1101,1,,122,,31901300,,319013,3,1,90,13,00,100,,"4.499.987,65","4.470.182,26","4.470.182,26",2026-08-07T20:15:03.924257
2025,Dezembro,12,1101,1,,122,,31901600,,319016,3,1,90,16,00,100,,"599.007,77","239.367,25","239.367,25",2026-08-07T20:15:03.924257
2025,Dezembro,12,1101,1,,122,,31909200,,319092,3,1,90,92,00,100,,"162.822,80","162.822,80","162.822,80",2026-08-07T20:15:03.924257
2025,Dezembro,12,1101,1,,122,,31911300,,319113,3,1,91,13,00,100,,"'-331.693,25","9.506.913,04","9.506.913,04",2026-08-07T20:15:03.924257
2025,Dezembro,12,1101,1,,122,,31919200,,319192,3,1,91,92,00,100,,"0,00","0,00","0,00",2026-08-07T20:15:03.924257
2025,Dezembro,12,1101,1,,122,,33900800,,339008,3,3,90,08,00,100,,"670.651,91","637.721,00","637.721,00",2026-08-07T20:15:03.924257
2025,Dezembro,12,1101,1,,122,,33901400,,339014,3,3,90,14,00,100,,"2.880,00","7.350,00","7.350,00",2026-08-07T20:15:03.924257
2025,Dezembro,12,1101,1,,122,,33903000,,339030,3,3,90,30,00,100,,"'-231.490,02","238.418,97","238.418,97",2026-08-07T20:15:03.924257
2025,Dezembro,12,1101,1,,122,,33903300,,339033,3,3,90,33,00,100,,"1.433,77","65.918,95","65.918,95",2026-08-07T20:15:03.924257
2025,Dezembro,12,1101,1,,122,,33903500,,339035,3,3,90,35,00,100,,"0,00","0,00","0,00",2026-08-07T20:15:03.924257
2025,Dezembro,12,1101,1,,122,,33903600,,339036,3,3,90,36,00,100,,"0,00","0,00","0,00",2026-08-07T20:15:03.924257
2025,Dezembro,12,1101,1,,122,,33903700,,339037,3,3,90,37,00,100,,"96.307,02","2.374.941,99","2.374.941,99",2026-08-07T20:15:03.924257
2025,Dezembro,12,1101,1,,122,,33903900,,339039,3,3,90,39,00,100,,"'-159.836,68","1.941.705,52","1.941.705,52",2026-08-07T20:15:03.924257
2025,Dezembro,12,1101,1,,122,,33904600,,339046,3,3,90,46,00,100,,"3.872.667,44","3.922.877,24","3.910.796,87",2026-08-07T20:15:03.924257
2025,Dezembro,12,1101,1,,122,,33904700,,339047,3,3,90,47,00,100,,"0,00","222,11","222,11",2026-08-07T20:15:03.924257
2025,Dezembro,12,1101,1,,122,,33904900,,339049,3,3,90,49,00,100,,"51.029,19","42.645,18","42.485,42",2026-08-07T20:15:03.924257
2025,Dezembro,12,1101,1,,122,,33909200,,339092,3,3,90,92,00,100,,"0,00","0,00","0,00",2026-08-07T20:15:03.924257
2025,Dezembro,12,1101,1,,122,,33909300,,339093,3,3,90,93,00,100,,"0,00","0,00","0,00",2026-08-07T20:15:03.924257
2025,Dezembro,12,1101,1,,122,,33913900,,339139,3,3,91,39,00,100,,"0,00","6.334,53","6.334,53",2026-08-07T20:15:03.924257
2025,Dezembro,12,1101,1,,122,,33914700,,339147,3,3,91,47,00,100,,"0,00","0,00","0,00",2026-08-07T20:15:03.924257
2025,Dezembro,12,1101,1,,122,,33919200,,339192,3,3,91,92,00,100,,"0,00","0,00","0,00",2026-08-07T20:15:03.924257
2025,Dezembro,12,1101,1,,122,,33919300,,339193,3,3,91,93,00,100,,"28.314,77","8.128,62","8.128,62",2026-08-07T20:15:03.924257
2025,Dezembro,12,1101,1,,122,,44905100,,449051,4,4,90,51,00,100,,"0,00","1.599,67","1.599,67",2026-08-07T20:15:03.924257
2025,Dezembro,12,1101,1,,122,,44905200,,449052,4,4,90,52,00,100,,"0,00","153.320,21","153.320,21",2026-08-07T20:15:03.924257
2025,Dezembro,12,1101,1,,122,,44909200,,449092,4,4,90,92,00,100,,"0,00","0,00","0,00",2026-08-07T20:15:03.924257
2025,Dezembro,12,1101,1,,126,,33903000,,339030,3,3,90,30,00,100,,"0,00","0,00","0,00",2026-08-07T20:15:03.924257
2025,Dezembro,12,1101,1,,126,,33903900,,339039,3,3,90,39,00,100,,"0,00","7.847,04","7.847,04",2026-08-07T20:15:03.924257
2025,Dezembro,12,1101,1,,126,,33904000,,339040,3,3,90,40,00,100,,"'-2.478,79","1.211.323,71","1.211.323,71",2026-08-07T20:15:03.924257
2025,Dezembro,12,1101,1,,126,,33909200,,339092,3,3,90,92,00,100,,"0,00","0,00","0,00",2026-08-07T20:15:03.924257
2025,Dezembro,12,1101,1,,126,,44904000,,449040,4,4,90,40,00,100,,"0,00","1.385.259,34","1.385.259,34",2026-08-07T20:15:03.924257
2025,Dezembro,12,1101,1,,126,,44905200,,449052,4,4,90,52,00,100,,"0,00","0,00","0,00",2026-08-07T20:15:03.924257
2025,Dezembro,12,1101,1,,128,,33903200,,339032,3,3,90,32,00,100,,"'-733,95","10.359,18","10.359,18",2026-08-07T20:15:03.924257
2025,Dezembro,12,1101,1,,128,,33903600,,339036,3,3,90,36,00,100,,"100.275,02","72.175,62","69.988,80",2026-08-07T20:15:03.924257
2025,Dezembro,12,1101,1,,128,,33903900,,339039,3,3,90,39,00,100,,"'-4.149,56","116.971,78","116.971,78",2026-08-07T20:15:03.924257
2025,Dezembro,12,1101,1,,131,,33903700,,339037,3,3,90,37,00,100,,"0,00","0,00","0,00",2026-08-07T20:15:03.924257
2025,Dezembro,12,1101,1,,131,,33903900,,339039,3,3,90,39,00,100,,"0,00","16.691,76","16.691,76",2026-08-07T20:15:03.924257
2025,Dezembro,12,1101,1,,131,,33909200,,339092,3,3,90,92,00,100,,"0,00","0,00","0,00",2026-08-07T20:15:03.924257
2025,Dezembro,12,1101,1,,131,,44905200,,449052,4,4,90,52,00,100,,"0,00","0,00","0,00",2026-08-07T20:15:03.924257
2025,Dezembro,12,1101,1,,31,,33903000,,339030,3,3,90,30,00,100,,"0,00","0,00","0,00",2026-08-07T20:15:03.924257
2025,Dezembro,12,1101,1,,31,,33903100,,339031,3,3,90,31,00,100,,"0,00","0,00","0,00",2026-08-07T20:15:03.924257
2025,Dezembro,12,1101,1,,31,,33903200,,339032,3,3,90,32,00,100,,"0,00","0,00","0,00",2026-08-07T20:15:03.924257
2025,Dezembro,12,1101,1,,31,,33903700,,339037,3,3,90,37,00,100,,"0,00","1.369.346,01","1.369.346,01",2026-08-07T20:15:03.924257
2025,Dezembro,12,1101,1,,31,,33903900,,339039,3,3,90,39,00,100,,"12.969.172,72","5.174.657,00","5.174.657,00",2026-08-07T20:15:03.924257
2025,Dezembro,12,1101,1,,31,,33913900,,339139,3,3,91,39,00,100,,"0,00","4.248,64","4.248,64",2026-08-07T20:15:03.924257
2025,Dezembro,12,1101,1,,31,,44905200,,449052,4,4,90,52,00,100,,"0,00","0,00","0,00",2026-08-07T20:15:03.924257
2025,Dezembro,12,1101,1,,392,,33903100,,339031,3,3,90,31,00,100,,"0,00","0,00","0,00",2026-08-07T20:15:03.924257
2025,Dezembro,12,1101,1,,392,,33903600,,339036,3,3,90,36,00,100,,"0,00","0,00","0,00",2026-08-07T20:15:03.924257
2025,Dezembro,12,1101,1,,392,,33903900,,339039,3,3,90,39,00,100,,"0,00","0,00","0,00",2026-08-07T20:15:03.924257
2025,Dezembro,12,1101,1,,392,,33909200,,339092,3,3,90,92,00,100,,"0,00","0,00","0,00",2026-08-07T20:15:03.924257
2025,Dezembro,12,1101,28,,845,,33913900,,339139,3,3,91,39,00,100,,"0,00","0,00","0,00",2026-08-07T20:15:03.924257
2025,Dezembro,12,1101,28,,846,,31909100,,319091,3,1,90,91,00,100,,"26.139,42","6.697,54","6.697,54",2026-08-07T20:15:03.924257
2025,Dezembro,12,1101,28,,846,,31909200,,319092,3,1,90,92,00,100,,"16.242,99","16.242,99","16.242,99",2026-08-07T20:15:03.924257
2025,Dezembro,12,1101,28,,846,,31909400,,319094,3,1,90,94,00,100,,"954.938,86","184.940,26","184.940,26",2026-08-07T20:15:03.924257
2025,Dezembro,12,1101,28,,846,,31909600,,319096,3,1,90,96,00,100,,"25.941,15","219.392,05","219.392,05",2026-08-07T20:15:03.924257
2025,Dezembro,12,1101,28,,846,,31919200,,319192,3,1,91,92,00,100,,"0,00","0,00","0,00",2026-08-07T20:15:03.924257
2025,Dezembro,12,1101,28,,846,,31919600,,319196,3,1,91,96,00,100,,"0,00","45.635,03","45.635,03",2026-08-07T20:15:03.924257
2025,Dezembro,12,1101,28,,846,,33909100,,339091,3,3,90,91,00,100,,"0,00","0,00","0,00",2026-08-07T20:15:03.924257
2025,Dezembro,12,1101,28,,846,,33909200,,339092,3,3,90,92,00,100,,"0,00","0,00","0,00",2026-08-07T20:15:03.924257
2025,Dezembro,12,1101,28,,846,,33909300,,339093,3,3,90,93,00,100,,"'-242.221,42","279.444,27","279.444,27",2026-08-07T20:15:03.924257
2025,Dezembro,12,1101,28,,846,,33919200,,339192,3,3,91,92,00,100,,"0,00","0,00","0,00",2026-08-07T20:15:03.924257
2025,Dezembro,12,1101,28,,846,,33919300,,339193,3,3,91,93,00,100,,"5.165.698,83","2.315.698,83","2.315.698,83",2026-08-07T20:15:03.924257
2026,Janeiro,1,1101,1,,122,,31900700,,319007,3,1,90,07,00,100,,"6.683.311,05","535.166,38","535.166,38",2026-08-07T20:15:03.924257
2026,Janeiro,1,1101,1,,122,,31901100,,319011,3,1,90,11,00,100,,"46.235.055,30","46.234.588,61","45.573.464,42",2026-08-07T20:15:03.924257
2026,Janeiro,1,1101,1,,122,,31901300,,319013,3,1,90,13,00,100,,"31.000.000,00","0,00","0,00",2026-08-07T20:15:03.924257
2026,Janeiro,1,1101,1,,122,,31901600,,319016,3,1,90,16,00,100,,"65.964,92","65.964,90","65.964,90",2026-08-07T20:15:03.924257
2026,Janeiro,1,1101,1,,122,,31909200,,319092,3,1,90,92,00,100,,"0,00","0,00","0,00",2026-08-07T20:15:03.924257
2026,Janeiro,1,1101,1,,122,,31911300,,319113,3,1,91,13,00,100,,"64.315.328,22","5.027.221,02","5.027.221,02",2026-08-07T20:15:03.924257
2026,Janeiro,1,1101,1,,122,,31919200,,319192,3,1,91,92,00,100,,"0,00","0,00","0,00",2026-08-07T20:15:03.924257
2026,Janeiro,1,1101,1,,122,,33900800,,339008,3,3,90,08,00,100,,"672.161,87","672.161,87","672.161,87",2026-08-07T20:15:03.924257
2026,Janeiro,1,1101,1,,122,,33901400,,339014,3,3,90,14,00,100,,"40.887,00","40.887,00","40.887,00",2026-08-07T20:15:03.924257
2026,Janeiro,1,1101,1,,122,,33903000,,339030,3,3,90,30,00,100,,"1.001.040,01","0,00","0,00",2026-08-07T20:15:03.924257
2026,Janeiro,1,1101,1,,122,,33903300,,339033,3,3,90,33,00,100,,"103.800,00","0,00","0,00",2026-08-07T20:15:03.924257
2026,Janeiro,1,1101,1,,122,,33903500,,339035,3,3,90,35,00,100,,"628.739,60","0,00","0,00",2026-08-07T20:15:03.924257
2026,Janeiro,1,1101,1,,122,,33903600,,339036,3,3,90,36,00,100,,"0,00","0,00","0,00",2026-08-07T20:15:03.924257
2026,Janeiro,1,1101,1,,122,,33903700,,339037,3,3,90,37,00,100,,"3.902.565,66","0,00","0,00",2026-08-07T20:15:03.924257
2026,Janeiro,1,1101,1,,122,,33903900,,339039,3,3,90,39,00,100,,"4.168.147,27","20.098,71","20.098,71",2026-08-07T20:15:03.924257
2026,Janeiro,1,1101,1,,122,,33904600,,339046,3,3,90,46,00,100,,"4.037.414,26","4.031.157,34","3.874.612,03",2026-08-07T20:15:03.924257
2026,Janeiro,1,1101,1,,122,,33904700,,339047,3,3,90,47,00,100,,"50.000,00","0,00","0,00",2026-08-07T20:15:03.924257
2026,Janeiro,1,1101,1,,122,,33904900,,339049,3,3,90,49,00,100,,"27.613,22","27.554,60","25.562,54",2026-08-07T20:15:03.924257
2026,Janeiro,1,1101,1,,122,,33909200,,339092,3,3,90,92,00,100,,"0,00","0,00","0,00",2026-08-07T20:15:03.924257
2026,Janeiro,1,1101,1,,122,,33909300,,339093,3,3,90,93,00,100,,"0,00","0,00","0,00",2026-08-07T20:15:03.924257
2026,Janeiro,1,1101,1,,122,,33913900,,339139,3,3,91,39,00,100,,"0,00","0,00","0,00",2026-08-07T20:15:03.924257
2026,Janeiro,1,1101,1,,122,,33914700,,339147,3,3,91,47,00,100,,"0,00","0,00","0,00",2026-08-07T20:15:03.924257
2026,Janeiro,1,1101,1,,122,,33919200,,339192,3,3,91,92,00,100,,"0,00","0,00","0,00",2026-08-07T20:15:03.924257
2026,Janeiro,1,1101,1,,122,,33919300,,339193,3,3,91,93,00,100,,"0,00","0,00","0,00",2026-08-07T20:15:03.924257
2026,Janeiro,1,1101,1,,122,,44905100,,449051,4,4,90,51,00,100,,"0,00","0,00","0,00",2026-08-07T20:15:03.924257
2026,Janeiro,1,1101,1,,122,,44905200,,449052,4,4,90,52,00,100,,"195.914,00","0,00","0,00",2026-08-07T20:15:03.924257
2026,Janeiro,1,1101,1,,122,,44909200,,449092,4,4,90,92,00,100,,"0,00","0,00","0,00",2026-08-07T20:15:03.924257
2026,Janeiro,1,1101,1,,126,,33903000,,339030,3,3,90,30,00,100,,"0,00","0,00","0,00",2026-08-07T20:15:03.924257
2026,Janeiro,1,1101,1,,126,,33903900,,339039,3,3,90,39,00,100,,"0,00","0,00","0,00",2026-08-07T20:15:03.924257
2026,Janeiro,1,1101,1,,126,,33904000,,339040,3,3,90,40,00,100,,"8.247.911,69","0,00","0,00",2026-08-07T20:15:03.924257
2026,Janeiro,1,1101,1,,126,,33909200,,339092,3,3,90,92,00,100,,"0,00","0,00","0,00",2026-08-07T20:15:03.924257
2026,Janeiro,1,1101,1,,126,,44904000,,449040,4,4,90,40,00,100,,"1.620.824,72","0,00","0,00",2026-08-07T20:15:03.924257
2026,Janeiro,1,1101,1,,126,,44905200,,449052,4,4,90,52,00,100,,"33.800,00","0,00","0,00",2026-08-07T20:15:03.924257
2026,Janeiro,1,1101,1,,128,,33903200,,339032,3,3,90,32,00,100,,"0,00","0,00","0,00",2026-08-07T20:15:03.924257
2026,Janeiro,1,1101,1,,128,,33903600,,339036,3,3,90,36,00,100,,"0,00","0,00","0,00",2026-08-07T20:15:03.924257
2026,Janeiro,1,1101,1,,128,,33903900,,339039,3,3,90,39,00,100,,"21.160,00","21.160,00","21.160,00",2026-08-07T20:15:03.924257
2026,Janeiro,1,1101,1,,131,,33903700,,339037,3,3,90,37,00,100,,"0,00","0,00","0,00",2026-08-07T20:15:03.924257
2026,Janeiro,1,1101,1,,131,,33903900,,339039,3,3,90,39,00,100,,"200.301,12","0,00","0,00",2026-08-07T20:15:03.924257
2026,Janeiro,1,1101,1,,131,,33909200,,339092,3,3,90,92,00,100,,"0,00","0,00","0,00",2026-08-07T20:15:03.924257
2026,Janeiro,1,1101,1,,131,,44905200,,449052,4,4,90,52,00,100,,"0,00","0,00","0,00",2026-08-07T20:15:03.924257
2026,Janeiro,1,1101,1,,31,,33903000,,339030,3,3,90,30,00,100,,"22.074,12","0,00","0,00",2026-08-07T20:15:03.924257
2026,Janeiro,1,1101,1,,31,,33903100,,339031,3,3,90,31,00,100,,"0,00","0,00","0,00",2026-08-07T20:15:03.924257
2026,Janeiro,1,1101,1,,31,,33903200,,339032,3,3,90,32,00,100,,"0,00","0,00","0,00",2026-08-07T20:15:03.924257
2026,Janeiro,1,1101,1,,31,,33903700,,339037,3,3,90,37,00,100,,"6.296.921,33","0,00","0,00",2026-08-07T20:15:03.924257
2026,Janeiro,1,1101,1,,31,,33903900,,339039,3,3,90,39,00,100,,"4.156.436,83","0,00","0,00",2026-08-07T20:15:03.924257
2026,Janeiro,1,1101,1,,31,,33913900,,339139,3,3,91,39,00,100,,"0,00","0,00","0,00",2026-08-07T20:15:03.924257
2026,Janeiro,1,1101,1,,31,,44905200,,449052,4,4,90,52,00,100,,"0,00","0,00","0,00",2026-08-07T20:15:03.924257
2026,Janeiro,1,1101,1,,392,,33903100,,339031,3,3,90,31,00,100,,"0,00","0,00","0,00",2026-08-07T20:15:03.924257
2026,Janeiro,1,1101,1,,392,,33903600,,339036,3,3,90,36,00,100,,"0,00","0,00","0,00",2026-08-07T20:15:03.924257
2026,Janeiro,1,1101,1,,392,,33903900,,339039,3,3,90,39,00,100,,"0,00","0,00","0,00",2026-08-07T20:15:03.924257
2026,Janeiro,1,1101,1,,392,,33909200,,339092,3,3,90,92,00,100,,"0,00","0,00","0,00",2026-08-07T20:15:03.924257
2026,Janeiro,1,1101,28,,845,,33913900,,339139,3,3,91,39,00,100,,"0,00","0,00","0,00",2026-08-07T20:15:03.924257
2026,Janeiro,1,1101,28,,846,,31909100,,319091,3,1,90,91,00,100,,"6.697,54","6.697,54","6.697,54",2026-08-07T20:15:03.924257
2026,Janeiro,1,1101,28,,846,,31909200,,319092,3,1,90,92,00,100,,"0,00","0,00","0,00",2026-08-07T20:15:03.924257
2026,Janeiro,1,1101,28,,846,,31909400,,319094,3,1,90,94,00,100,,"0,00","0,00","0,00",2026-08-07T20:15:03.924257
2026,Janeiro,1,1101,28,,846,,31909600,,319096,3,1,90,96,00,100,,"151.762,33","9.692,48","9.692,48",2026-08-07T20:15:03.924257
2026,Janeiro,1,1101,28,,846,,31919200,,319192,3,1,91,92,00,100,,"0,00","0,00","0,00",2026-08-07T20:15:03.924257
2026,Janeiro,1,1101,28,,846,,31919600,,319196,3,1,91,96,00,100,,"0,00","0,00","0,00",2026-08-07T20:15:03.924257
2026,Janeiro,1,1101,28,,846,,33909100,,339091,3,3,90,91,00,100,,"0,00","0,00","0,00",2026-08-07T20:15:03.924257
2026,Janeiro,1,1101,28,,846,,33909200,,339092,3,3,90,92,00,100,,"0,00","0,00","0,00",2026-08-07T20:15:03.924257
2026,Janeiro,1,1101,28,,846,,33909300,,339093,3,3,90,93,00,100,,"0,00","0,00","0,00",2026-08-07T20:15:03.924257
2026,Janeiro,1,1101,28,,846,,33919200,,339192,3,3,91,92,00,100,,"0,00","0,00","0,00",2026-08-07T20:15:03.924257
2026,Janeiro,1,1101,28,,846,,33919300,,339193,3,3,91,93,00,100,,"0,00","0,00","0,00",2026-08-07T20:15:03.924257
2026,Fevereiro,2,1101,1,,122,,31900700,,319007,3,1,90,07,00,100,,"0,00","531.246,17","531.246,17",2026-08-07T20:15:03.924257
2026,Fevereiro,2,1101,1,,122,,31901100,,319011,3,1,90,11,00,100,,"41.853.394,24","41.798.648,36","41.735.449,75",2026-08-07T20:15:03.924257
2026,Fevereiro,2,1101,1,,122,,31901300,,319013,3,1,90,13,00,100,,"0,00","2.891.356,17","2.891.356,17",2026-08-07T20:15:03.924257
2026,Fevereiro,2,1101,1,,122,,31901600,,319016,3,1,90,16,00,100,,"218.364,95","218.364,95","218.364,95",2026-08-07T20:15:03.924257
2026,Fevereiro,2,1101,1,,122,,31909200,,319092,3,1,90,92,00,100,,"0,00","0,00","0,00",2026-08-07T20:15:03.924257
2026,Fevereiro,2,1101,1,,122,,31911300,,319113,3,1,91,13,00,100,,"0,00","4.979.186,96","4.979.186,96",2026-08-07T20:15:03.924257
2026,Fevereiro,2,1101,1,,122,,31919200,,319192,3,1,91,92,00,100,,"0,00","0,00","0,00",2026-08-07T20:15:03.924257
2026,Fevereiro,2,1101,1,,122,,33900800,,339008,3,3,90,08,00,100,,"694.456,88","694.456,88","694.456,88",2026-08-07T20:15:03.924257
2026,Fevereiro,2,1101,1,,122,,33901400,,339014,3,3,90,14,00,100,,"14.855,25","13.880,25","13.880,25",2026-08-07T20:15:03.924257
2026,Fevereiro,2,1101,1,,122,,33903000,,339030,3,3,90,30,00,100,,"738.346,24","99.586,80","99.586,80",2026-08-07T20:15:03.924257
2026,Fevereiro,2,1101,1,,122,,33903300,,339033,3,3,90,33,00,100,,"47.000,00","17.418,72","17.418,72",2026-08-07T20:15:03.924257
2026,Fevereiro,2,1101,1,,122,,33903500,,339035,3,3,90,35,00,100,,"16.633,33","0,00","0,00",2026-08-07T20:15:03.924257
2026,Fevereiro,2,1101,1,,122,,33903600,,339036,3,3,90,36,00,100,,"0,00","0,00","0,00",2026-08-07T20:15:03.924257
2026,Fevereiro,2,1101,1,,122,,33903700,,339037,3,3,90,37,00,100,,"4.697.972,65","681.702,48","681.702,48",2026-08-07T20:15:03.924257
2026,Fevereiro,2,1101,1,,122,,33903900,,339039,3,3,90,39,00,100,,"8.302.330,88","475.280,58","475.280,58",2026-08-07T20:15:03.924257
2026,Fevereiro,2,1101,1,,122,,33904600,,339046,3,3,90,46,00,100,,"4.185.177,55","4.176.015,47","4.018.978,75",2026-08-07T20:15:03.924257
2026,Fevereiro,2,1101,1,,122,,33904700,,339047,3,3,90,47,00,100,,"0,00","0,00","0,00",2026-08-07T20:15:03.924257
2026,Fevereiro,2,1101,1,,122,,33904900,,339049,3,3,90,49,00,100,,"48.589,67","48.194,38","44.673,90",2026-08-07T20:15:03.924257
2026,Fevereiro,2,1101,1,,122,,33909200,,339092,3,3,90,92,00,100,,"0,00","0,00","0,00",2026-08-07T20:15:03.924257
2026,Fevereiro,2,1101,1,,122,,33909300,,339093,3,3,90,93,00,100,,"0,00","0,00","0,00",2026-08-07T20:15:03.924257
2026,Fevereiro,2,1101,1,,122,,33913900,,339139,3,3,91,39,00,100,,"2.533,38","2.533,38","2.533,38",2026-08-07T20:15:03.924257
2026,Fevereiro,2,1101,1,,122,,33914700,,339147,3,3,91,47,00,100,,"1.838,28","1.838,28","1.838,28",2026-08-07T20:15:03.924257
2026,Fevereiro,2,1101,1,,122,,33919200,,339192,3,3,91,92,00,100,,"0,00","0,00","0,00",2026-08-07T20:15:03.924257
2026,Fevereiro,2,1101,1,,122,,33919300,,339193,3,3,91,93,00,100,,"0,00","0,00","0,00",2026-08-07T20:15:03.924257
2026,Fevereiro,2,1101,1,,122,,44905100,,449051,4,4,90,51,00,100,,"527.255,61","0,00","0,00",2026-08-07T20:15:03.924257
2026,Fevereiro,2,1101,1,,122,,44905200,,449052,4,4,90,52,00,100,,"261.650,95","0,00","0,00",2026-08-07T20:15:03.924257
2026,Fevereiro,2,1101,1,,122,,44909200,,449092,4,4,90,92,00,100,,"0,00","0,00","0,00",2026-08-07T20:15:03.924257
2026,Fevereiro,2,1101,1,,126,,33903000,,339030,3,3,90,30,00,100,,"0,00","0,00","0,00",2026-08-07T20:15:03.924257
2026,Fevereiro,2,1101,1,,126,,33903900,,339039,3,3,90,39,00,100,,"0,00","0,00","0,00",2026-08-07T20:15:03.924257
2026,Fevereiro,2,1101,1,,126,,33904000,,339040,3,3,90,40,00,100,,"1.893.113,60","3.483.982,34","3.471.743,99",2026-08-07T20:15:03.924257
2026,Fevereiro,2,1101,1,,126,,33909200,,339092,3,3,90,92,00,100,,"0,00","0,00","0,00",2026-08-07T20:15:03.924257
2026,Fevereiro,2,1101,1,,126,,44904000,,449040,4,4,90,40,00,100,,"51.914,00","0,00","0,00",2026-08-07T20:15:03.924257
2026,Fevereiro,2,1101,1,,126,,44905200,,449052,4,4,90,52,00,100,,"0,00","20.800,00","20.800,00",2026-08-07T20:15:03.924257
2026,Fevereiro,2,1101,1,,128,,33903200,,339032,3,3,90,32,00,100,,"19.816,65","0,00","0,00",2026-08-07T20:15:03.924257
2026,Fevereiro,2,1101,1,,128,,33903600,,339036,3,3,90,36,00,100,,"0,00","0,00","0,00",2026-08-07T20:15:03.924257
2026,Fevereiro,2,1101,1,,128,,33903900,,339039,3,3,90,39,00,100,,"292.635,78","0,00","0,00",2026-08-07T20:15:03.924257
2026,Fevereiro,2,1101,1,,131,,33903700,,339037,3,3,90,37,00,100,,"0,00","0,00","0,00",2026-08-07T20:15:03.924257
2026,Fevereiro,2,1101,1,,131,,33903900,,339039,3,3,90,39,00,100,,"6.000,00","22.691,76","22.691,76",2026-08-07T20:15:03.924257
2026,Fevereiro,2,1101,1,,131,,33909200,,339092,3,3,90,92,00,100,,"0,00","0,00","0,00",2026-08-07T20:15:03.924257
2026,Fevereiro,2,1101,1,,131,,44905200,,449052,4,4,90,52,00,100,,"0,00","0,00","0,00",2026-08-07T20:15:03.924257
2026,Fevereiro,2,1101,1,,31,,33903000,,339030,3,3,90,30,00,100,,"9.500,00","0,00","0,00",2026-08-07T20:15:03.924257
2026,Fevereiro,2,1101,1,,31,,33903100,,339031,3,3,90,31,00,100,,"0,00","0,00","0,00",2026-08-07T20:15:03.924257
2026,Fevereiro,2,1101,1,,31,,33903200,,339032,3,3,90,32,00,100,,"0,00","0,00","0,00",2026-08-07T20:15:03.924257
2026,Fevereiro,2,1101,1,,31,,33903700,,339037,3,3,90,37,00,100,,"0,00","0,00","0,00",2026-08-07T20:15:03.924257
2026,Fevereiro,2,1101,1,,31,,33903900,,339039,3,3,90,39,00,100,,"66.500,00","48.145,30","48.145,30",2026-08-07T20:15:03.924257
2026,Fevereiro,2,1101,1,,31,,33913900,,339139,3,3,91,39,00,100,,"180.000,00","9.202,72","9.202,72",2026-08-07T20:15:03.924257
2026,Fevereiro,2,1101,1,,31,,44905200,,449052,4,4,90,52,00,100,,"0,00","0,00","0,00",2026-08-07T20:15:03.924257
2026,Fevereiro,2,1101,1,,392,,33903100,,339031,3,3,90,31,00,100,,"0,00","0,00","0,00",2026-08-07T20:15:03.924257
2026,Fevereiro,2,1101,1,,392,,33903600,,339036,3,3,90,36,00,100,,"0,00","0,00","0,00",2026-08-07T20:15:03.924257
2026,Fevereiro,2,1101,1,,392,,33903900,,339039,3,3,90,39,00,100,,"0,00","0,00","0,00",2026-08-07T20:15:03.924257
2026,Fevereiro,2,1101,1,,392,,33909200,,339092,3,3,90,92,00,100,,"0,00","0,00","0,00",2026-08-07T20:15:03.924257
2026,Fevereiro,2,1101,28,,845,,33913900,,339139,3,3,91,39,00,100,,"0,00","0,00","0,00",2026-08-07T20:15:03.924257
2026,Fevereiro,2,1101,28,,846,,31909100,,319091,3,1,90,91,00,100,,"6.697,54","6.697,54","6.697,54",2026-08-07T20:15:03.924257
2026,Fevereiro,2,1101,28,,846,,31909200,,319092,3,1,90,92,00,100,,"0,00","0,00","0,00",2026-08-07T20:15:03.924257
2026,Fevereiro,2,1101,28,,846,,31909400,,319094,3,1,90,94,00,100,,"406.770,26","404.203,48","404.203,48",2026-08-07T20:15:03.924257
2026,Fevereiro,2,1101,28,,846,,31909600,,319096,3,1,90,96,00,100,,"2.146.081,56","155.016,87","155.016,87",2026-08-07T20:15:03.924257
2026,Fevereiro,2,1101,28,,846,,31919200,,319192,3,1,91,92,00,100,,"0,00","0,00","0,00",2026-08-07T20:15:03.924257
2026,Fevereiro,2,1101,28,,846,,31919600,,319196,3,1,91,96,00,100,,"532.561,41","36.560,28","36.560,28",2026-08-07T20:15:03.924257
2026,Fevereiro,2,1101,28,,846,,33909100,,339091,3,3,90,91,00,100,,"0,00","0,00","0,00",2026-08-07T20:15:03.924257
2026,Fevereiro,2,1101,28,,846,,33909200,,339092,3,3,90,92,00,100,,"0,00","0,00","0,00",2026-08-07T20:15:03.924257
2026,Fevereiro,2,1101,28,,846,,33909300,,339093,3,3,90,93,00,100,,"3.548.012,60","215.514,79","196.034,85",2026-08-07T20:15:03.924257
2026,Fevereiro,2,1101,28,,846,,33919200,,339192,3,3,91,92,00,100,,"0,00","0,00","0,00",2026-08-07T20:15:03.924257
2026,Fevereiro,2,1101,28,,846,,33919300,,339193,3,3,91,93,00,100,,"1.040.500,44","0,00","0,00",2026-08-07T20:15:03.924257
2026,Março,3,1101,1,,122,,31900700,,319007,3,1,90,07,00,100,,"0,00","529.504,62","529.504,62",2026-08-07T20:15:03.924257
2026,Março,3,1101,1,,122,,31901100,,319011,3,1,90,11,00,100,,"41.580.673,68","41.151.556,53","41.148.963,69",2026-08-07T20:15:03.924257
2026,Março,3,1101,1,,122,,31901300,,319013,3,1,90,13,00,100,,"185,77","2.689.742,35","2.689.742,35",2026-08-07T20:15:03.924257
2026,Março,3,1101,1,,122,,31901600,,319016,3,1,90,16,00,100,,"219.341,36","219.341,36","219.341,36",2026-08-07T20:15:03.924257
2026,Março,3,1101,1,,122,,31909200,,319092,3,1,90,92,00,100,,"326.185,21","326.185,21","326.185,21",2026-08-07T20:15:03.924257
2026,Março,3,1101,1,,122,,31911300,,319113,3,1,91,13,00,100,,"0,00","4.922.061,12","4.922.061,12",2026-08-07T20:15:03.924257
2026,Março,3,1101,1,,122,,31919200,,319192,3,1,91,92,00,100,,"0,00","0,00","0,00",2026-08-07T20:15:03.924257
2026,Março,3,1101,1,,122,,33900800,,339008,3,3,90,08,00,100,,"663.999,53","663.999,53","663.999,53",2026-08-07T20:15:03.924257
2026,Março,3,1101,1,,122,,33901400,,339014,3,3,90,14,00,100,,"29.465,50","30.440,50","30.440,50",2026-08-07T20:15:03.924257
2026,Março,3,1101,1,,122,,33903000,,339030,3,3,90,30,00,100,,"56.577,76","111.375,54","111.375,54",2026-08-07T20:15:03.924257
2026,Março,3,1101,1,,122,,33903300,,339033,3,3,90,33,00,100,,"0,00","0,00","0,00",2026-08-07T20:15:03.924257
2026,Março,3,1101,1,,122,,33903500,,339035,3,3,90,35,00,100,,"0,00","0,00","0,00",2026-08-07T20:15:03.924257
2026,Março,3,1101,1,,122,,33903600,,339036,3,3,90,36,00,100,,"0,00","0,00","0,00",2026-08-07T20:15:03.924257
2026,Março,3,1101,1,,122,,33903700,,339037,3,3,90,37,00,100,,"188.999,80","1.314.436,78","1.314.436,78",2026-08-07T20:15:03.924257
2026,Março,3,1101,1,,122,,33903900,,339039,3,3,90,39,00,100,,"330.631,54","911.080,48","911.080,48",2026-08-07T20:15:03.924257
2026,Março,3,1101,1,,122,,33904600,,339046,3,3,90,46,00,100,,"4.033.752,14","4.016.812,15","4.015.672,70",2026-08-07T20:15:03.924257
2026,Março,3,1101,1,,122,,33904700,,339047,3,3,90,47,00,100,,"0,00","1.974,38","1.974,38",2026-08-07T20:15:03.924257
2026,Março,3,1101,1,,122,,33904900,,339049,3,3,90,49,00,100,,"39.723,96","39.687,40","38.826,57",2026-08-07T20:15:03.924257
2026,Março,3,1101,1,,122,,33909200,,339092,3,3,90,92,00,100,,"1.912,91","1.912,91","1.126,61",2026-08-07T20:15:03.924257
2026,Março,3,1101,1,,122,,33909300,,339093,3,3,90,93,00,100,,"0,00","0,00","0,00",2026-08-07T20:15:03.924257
2026,Março,3,1101,1,,122,,33913900,,339139,3,3,91,39,00,100,,"87.550,40","0,00","0,00",2026-08-07T20:15:03.924257
2026,Março,3,1101,1,,122,,33914700,,339147,3,3,91,47,00,100,,"4.598,00","4.598,00","4.598,00",2026-08-07T20:15:03.924257
2026,Março,3,1101,1,,122,,33919200,,339192,3,3,91,92,00,100,,"0,00","0,00","0,00",2026-08-07T20:15:03.924257
2026,Março,3,1101,1,,122,,33919300,,339193,3,3,91,93,00,100,,"0,00","0,00","0,00",2026-08-07T20:15:03.924257
2026,Março,3,1101,1,,122,,44905100,,449051,4,4,90,51,00,100,,"0,00","62.127,57","62.127,57",2026-08-07T20:15:03.924257
2026,Março,3,1101,1,,122,,44905200,,449052,4,4,90,52,00,100,,"37.591,80","12.590,60","12.590,60",2026-08-07T20:15:03.924257
2026,Março,3,1101,1,,122,,44909200,,449092,4,4,90,92,00,100,,"0,00","0,00","0,00",2026-08-07T20:15:03.924257
2026,Março,3,1101,1,,126,,33903000,,339030,3,3,90,30,00,100,,"0,00","0,00","0,00",2026-08-07T20:15:03.924257
2026,Março,3,1101,1,,126,,33903900,,339039,3,3,90,39,00,100,,"0,00","0,00","0,00",2026-08-07T20:15:03.924257
2026,Março,3,1101,1,,126,,33904000,,339040,3,3,90,40,00,100,,"3.708.840,28","309.030,86","321.269,21",2026-08-07T20:15:03.924257
2026,Março,3,1101,1,,126,,33909200,,339092,3,3,90,92,00,100,,"41.835,89","41.835,89","41.835,89",2026-08-07T20:15:03.924257
2026,Março,3,1101,1,,126,,44904000,,449040,4,4,90,40,00,100,,"0,00","0,00","0,00",2026-08-07T20:15:03.924257
2026,Março,3,1101,1,,126,,44905200,,449052,4,4,90,52,00,100,,"0,00","13.000,00","13.000,00",2026-08-07T20:15:03.924257
2026,Março,3,1101,1,,128,,33903200,,339032,3,3,90,32,00,100,,"76.460,00","0,00","0,00",2026-08-07T20:15:03.924257
2026,Março,3,1101,1,,128,,33903600,,339036,3,3,90,36,00,100,,"21.471,02","0,00","0,00",2026-08-07T20:15:03.924257
2026,Março,3,1101,1,,128,,33903900,,339039,3,3,90,39,00,100,,"204.775,79","26.731,08","26.731,08",2026-08-07T20:15:03.924257
2026,Março,3,1101,1,,131,,33903700,,339037,3,3,90,37,00,100,,"0,00","0,00","0,00",2026-08-07T20:15:03.924257
2026,Março,3,1101,1,,131,,33903900,,339039,3,3,90,39,00,100,,"0,00","16.691,76","16.691,76",2026-08-07T20:15:03.924257
2026,Março,3,1101,1,,131,,33909200,,339092,3,3,90,92,00,100,,"0,00","0,00","0,00",2026-08-07T20:15:03.924257
2026,Março,3,1101,1,,131,,44905200,,449052,4,4,90,52,00,100,,"0,00","0,00","0,00",2026-08-07T20:15:03.924257
2026,Março,3,1101,1,,31,,33903000,,339030,3,3,90,30,00,100,,"0,00","0,00","0,00",2026-08-07T20:15:03.924257
2026,Março,3,1101,1,,31,,33903100,,339031,3,3,90,31,00,100,,"0,00","0,00","0,00",2026-08-07T20:15:03.924257
2026,Março,3,1101,1,,31,,33903200,,339032,3,3,90,32,00,100,,"0,00","0,00","0,00",2026-08-07T20:15:03.924257
2026,Março,3,1101,1,,31,,33903700,,339037,3,3,90,37,00,100,,"0,00","669.454,45","669.454,45",2026-08-07T20:15:03.924257
2026,Março,3,1101,1,,31,,33903900,,339039,3,3,90,39,00,100,,"18.398.191,13","249.968,00","249.968,00",2026-08-07T20:15:03.924257
2026,Março,3,1101,1,,31,,33913900,,339139,3,3,91,39,00,100,,"0,00","8.062,08","8.062,08",2026-08-07T20:15:03.924257
2026,Março,3,1101,1,,31,,44905200,,449052,4,4,90,52,00,100,,"0,00","0,00","0,00",2026-08-07T20:15:03.924257
2026,Março,3,1101,1,,392,,33903100,,339031,3,3,90,31,00,100,,"0,00","0,00","0,00",2026-08-07T20:15:03.924257
2026,Março,3,1101,1,,392,,33903600,,339036,3,3,90,36,00,100,,"0,00","0,00","0,00",2026-08-07T20:15:03.924257
2026,Março,3,1101,1,,392,,33903900,,339039,3,3,90,39,00,100,,"0,00","0,00","0,00",2026-08-07T20:15:03.924257
2026,Março,3,1101,1,,392,,33909200,,339092,3,3,90,92,00,100,,"0,00","0,00","0,00",2026-08-07T20:15:03.924257
2026,Março,3,1101,28,,845,,33913900,,339139,3,3,91,39,00,100,,"0,00","0,00","0,00",2026-08-07T20:15:03.924257
2026,Março,3,1101,28,,846,,31909100,,319091,3,1,90,91,00,100,,"6.697,54","6.697,54","6.697,54",2026-08-07T20:15:03.924257
2026,Março,3,1101,28,,846,,31909200,,319092,3,1,90,92,00,100,,"470.807,39","470.807,39","470.807,39",2026-08-07T20:15:03.924257
2026,Março,3,1101,28,,846,,31909400,,319094,3,1,90,94,00,100,,"1.896.686,06","1.896.686,06","1.896.686,06",2026-08-07T20:15:03.924257
2026,Março,3,1101,28,,846,,31909600,,319096,3,1,90,96,00,100,,"277.726,67","237.004,42","237.004,42",2026-08-07T20:15:03.924257
2026,Março,3,1101,28,,846,,31919200,,319192,3,1,91,92,00,100,,"0,00","0,00","0,00",2026-08-07T20:15:03.924257
2026,Março,3,1101,28,,846,,31919600,,319196,3,1,91,96,00,100,,"0,00","36.815,49","36.815,49",2026-08-07T20:15:03.924257
2026,Março,3,1101,28,,846,,33909100,,339091,3,3,90,91,00,100,,"0,00","0,00","0,00",2026-08-07T20:15:03.924257
2026,Março,3,1101,28,,846,,33909200,,339092,3,3,90,92,00,100,,"0,00","0,00","0,00",2026-08-07T20:15:03.924257
2026,Março,3,1101,28,,846,,33909300,,339093,3,3,90,93,00,100,,"208.647,80","325.365,53","344.845,47",2026-08-07T20:15:03.924257
2026,Março,3,1101,28,,846,,33919200,,339192,3,3,91,92,00,100,,"0,00","0,00","0,00",2026-08-07T20:15:03.924257
2026,Março,3,1101,28,,846,,33919300,,339193,3,3,91,93,00,100,,"1.802.723,67","2.843.224,11","2.843.224,11",2026-08-07T20:15:03.924257
2026,Abril,4,1101,1,,122,,31900700,,319007,3,1,90,07,00,100,,"0,00","585.034,38","585.034,38",2026-08-07T20:15:03.924257
2026,Abril,4,1101,1,,122,,31901100,,319011,3,1,90,11,00,100,,"43.193.917,17","42.729.750,33","42.694.928,48",2026-08-07T20:15:03.924257
2026,Abril,4,1101,1,,122,,31901300,,319013,3,1,90,13,00,100,,"0,00","2.694.829,81","2.694.829,81",2026-08-07T20:15:03.924257
2026,Abril,4,1101,1,,122,,31901600,,319016,3,1,90,16,00,100,,"201.220,92","201.220,92","201.220,92",2026-08-07T20:15:03.924257
2026,Abril,4,1101,1,,122,,31909200,,319092,3,1,90,92,00,100,,"376.167,00","376.167,00","376.167,00",2026-08-07T20:15:03.924257
2026,Abril,4,1101,1,,122,,31911300,,319113,3,1,91,13,00,100,,"0,00","5.049.138,40","5.049.138,40",2026-08-07T20:15:03.924257
2026,Abril,4,1101,1,,122,,31919200,,319192,3,1,91,92,00,100,,"0,00","0,00","0,00",2026-08-07T20:15:03.924257
2026,Abril,4,1101,1,,122,,33900800,,339008,3,3,90,08,00,100,,"704.635,48","704.081,81","704.081,81",2026-08-07T20:15:03.924257
2026,Abril,4,1101,1,,122,,33901400,,339014,3,3,90,14,00,100,,"0,00","0,00","0,00",2026-08-07T20:15:03.924257
2026,Abril,4,1101,1,,122,,33903000,,339030,3,3,90,30,00,100,,"1.075,50","76.736,83","76.736,83",2026-08-07T20:15:03.924257
2026,Abril,4,1101,1,,122,,33903300,,339033,3,3,90,33,00,100,,"0,00","9.880,96","9.880,96",2026-08-07T20:15:03.924257
2026,Abril,4,1101,1,,122,,33903500,,339035,3,3,90,35,00,100,,"0,00","0,00","0,00",2026-08-07T20:15:03.924257
2026,Abril,4,1101,1,,122,,33903600,,339036,3,3,90,36,00,100,,"0,00","0,00","0,00",2026-08-07T20:15:03.924257
2026,Abril,4,1101,1,,122,,33903700,,339037,3,3,90,37,00,100,,"304.237,71","474.248,06","474.248,06",2026-08-07T20:15:03.924257
2026,Abril,4,1101,1,,122,,33903900,,339039,3,3,90,39,00,100,,"173.814,62","1.159.165,17","1.159.165,17",2026-08-07T20:15:03.924257
2026,Abril,4,1101,1,,122,,33904600,,339046,3,3,90,46,00,100,,"6.248.837,39","6.241.019,58","6.190.881,57",2026-08-07T20:15:03.924257
2026,Abril,4,1101,1,,122,,33904700,,339047,3,3,90,47,00,100,,"0,00","0,00","0,00",2026-08-07T20:15:03.924257
2026,Abril,4,1101,1,,122,,33904900,,339049,3,3,90,49,00,100,,"41.424,48","41.424,48","41.995,31",2026-08-07T20:15:03.924257
2026,Abril,4,1101,1,,122,,33909200,,339092,3,3,90,92,00,100,,"8.201,76","8.201,76","786,30",2026-08-07T20:15:03.924257
2026,Abril,4,1101,1,,122,,33909300,,339093,3,3,90,93,00,100,,"0,00","0,00","0,00",2026-08-07T20:15:03.924257
2026,Abril,4,1101,1,,122,,33913900,,339139,3,3,91,39,00,100,,"0,00","0,00","0,00",2026-08-07T20:15:03.924257
2026,Abril,4,1101,1,,122,,33914700,,339147,3,3,91,47,00,100,,"0,00","0,00","0,00",2026-08-07T20:15:03.924257
2026,Abril,4,1101,1,,122,,33919200,,339192,3,3,91,92,00,100,,"0,00","0,00","0,00",2026-08-07T20:15:03.924257
2026,Abril,4,1101,1,,122,,33919300,,339193,3,3,91,93,00,100,,"467,86","467,86","467,86",2026-08-07T20:15:03.924257
2026,Abril,4,1101,1,,122,,44905100,,449051,4,4,90,51,00,100,,"49.950,00","282.590,28","282.590,28",2026-08-07T20:15:03.924257
2026,Abril,4,1101,1,,122,,44905200,,449052,4,4,90,52,00,100,,"40.110,85","51.816,59","51.816,59",2026-08-07T20:15:03.924257
2026,Abril,4,1101,1,,122,,44909200,,449092,4,4,90,92,00,100,,"0,00","0,00","0,00",2026-08-07T20:15:03.924257
2026,Abril,4,1101,1,,126,,33903000,,339030,3,3,90,30,00,100,,"0,00","0,00","0,00",2026-08-07T20:15:03.924257
2026,Abril,4,1101,1,,126,,33903900,,339039,3,3,90,39,00,100,,"0,00","0,00","0,00",2026-08-07T20:15:03.924257
2026,Abril,4,1101,1,,126,,33904000,,339040,3,3,90,40,00,100,,"124.982,00","401.231,05","401.231,05",2026-08-07T20:15:03.924257
2026,Abril,4,1101,1,,126,,33909200,,339092,3,3,90,92,00,100,,"0,00","0,00","0,00",2026-08-07T20:15:03.924257
2026,Abril,4,1101,1,,126,,44904000,,449040,4,4,90,40,00,100,,"0,00","0,00","0,00",2026-08-07T20:15:03.924257
2026,Abril,4,1101,1,,126,,44905200,,449052,4,4,90,52,00,100,,"7.600.000,00","0,00","0,00",2026-08-07T20:15:03.924257
2026,Abril,4,1101,1,,128,,33903200,,339032,3,3,90,32,00,100,,"62.749,23","8.374,02","8.374,02",2026-08-07T20:15:03.924257
2026,Abril,4,1101,1,,128,,33903600,,339036,3,3,90,36,00,100,,"23.866,87","17.543,91","17.543,91",2026-08-07T20:15:03.924257
2026,Abril,4,1101,1,,128,,33903900,,339039,3,3,90,39,00,100,,"679.811,64","133.322,86","133.322,86",2026-08-07T20:15:03.924257
2026,Abril,4,1101,1,,131,,33903700,,339037,3,3,90,37,00,100,,"0,00","0,00","0,00",2026-08-07T20:15:03.924257
2026,Abril,4,1101,1,,131,,33903900,,339039,3,3,90,39,00,100,,"0,00","16.691,76","16.691,76",2026-08-07T20:15:03.924257
2026,Abril,4,1101,1,,131,,33909200,,339092,3,3,90,92,00,100,,"0,00","0,00","0,00",2026-08-07T20:15:03.924257
2026,Abril,4,1101,1,,131,,44905200,,449052,4,4,90,52,00,100,,"0,00","0,00","0,00",2026-08-07T20:15:03.924257
2026,Abril,4,1101,1,,31,,33903000,,339030,3,3,90,30,00,100,,"0,00","0,00","0,00",2026-08-07T20:15:03.924257
2026,Abril,4,1101,1,,31,,33903100,,339031,3,3,90,31,00,100,,"0,00","0,00","0,00",2026-08-07T20:15:03.924257
2026,Abril,4,1101,1,,31,,33903200,,339032,3,3,90,32,00,100,,"0,00","0,00","0,00",2026-08-07T20:15:03.924257
2026,Abril,4,1101,1,,31,,33903700,,339037,3,3,90,37,00,100,,"0,00","1.470.334,11","1.444.227,71",2026-08-07T20:15:03.924257
2026,Abril,4,1101,1,,31,,33903900,,339039,3,3,90,39,00,100,,"342.427,84","308.327,09","289.944,79",2026-08-07T20:15:03.924257
2026,Abril,4,1101,1,,31,,33913900,,339139,3,3,91,39,00,100,,"0,00","8.765,28","8.765,28",2026-08-07T20:15:03.924257
2026,Abril,4,1101,1,,31,,44905200,,449052,4,4,90,52,00,100,,"0,00","0,00","0,00",2026-08-07T20:15:03.924257
2026,Abril,4,1101,1,,392,,33903100,,339031,3,3,90,31,00,100,,"0,00","0,00","0,00",2026-08-07T20:15:03.924257
2026,Abril,4,1101,1,,392,,33903600,,339036,3,3,90,36,00,100,,"0,00","0,00","0,00",2026-08-07T20:15:03.924257
2026,Abril,4,1101,1,,392,,33903900,,339039,3,3,90,39,00,100,,"0,00","0,00","0,00",2026-08-07T20:15:03.924257
2026,Abril,4,1101,1,,392,,33909200,,339092,3,3,90,92,00,100,,"0,00","0,00","0,00",2026-08-07T20:15:03.924257
2026,Abril,4,1101,28,,845,,33913900,,339139,3,3,91,39,00,100,,"0,00","0,00","0,00",2026-08-07T20:15:03.924257
2026,Abril,4,1101,28,,846,,31909100,,319091,3,1,90,91,00,100,,"6.697,54","6.697,54","6.697,54",2026-08-07T20:15:03.924257
2026,Abril,4,1101,28,,846,,31909200,,319092,3,1,90,92,00,100,,"0,00","0,00","0,00",2026-08-07T20:15:03.924257
2026,Abril,4,1101,28,,846,,31909400,,319094,3,1,90,94,00,100,,"816.102,75","816.102,75","816.102,75",2026-08-07T20:15:03.924257
2026,Abril,4,1101,28,,846,,31909600,,319096,3,1,90,96,00,100,,"0,00","234.323,81","234.323,81",2026-08-07T20:15:03.924257
2026,Abril,4,1101,28,,846,,31919200,,319192,3,1,91,92,00,100,,"0,00","0,00","0,00",2026-08-07T20:15:03.924257
2026,Abril,4,1101,28,,846,,31919600,,319196,3,1,91,96,00,100,,"0,00","36.815,49","36.815,49",2026-08-07T20:15:03.924257
2026,Abril,4,1101,28,,846,,33909100,,339091,3,3,90,91,00,100,,"0,00","0,00","0,00",2026-08-07T20:15:03.924257
2026,Abril,4,1101,28,,846,,33909200,,339092,3,3,90,92,00,100,,"0,00","0,00","0,00",2026-08-07T20:15:03.924257
2026,Abril,4,1101,28,,846,,33909300,,339093,3,3,90,93,00,100,,"0,00","300.297,92","300.297,92",2026-08-07T20:15:03.924257
2026,Abril,4,1101,28,,846,,33919200,,339192,3,3,91,92,00,100,,"0,00","0,00","0,00",2026-08-07T20:15:03.924257
2026,Abril,4,1101,28,,846,,33919300,,339193,3,3,91,93,00,100,,"1.581.353,15","1.581.353,15","1.581.353,15",2026-08-07T20:15:03.924257
2026,Maio,5,1101,1,,122,,31900700,,319007,3,1,90,07,00,100,,"0,00","582.417,79","582.417,79",2026-08-07T20:15:03.924257
2026,Maio,5,1101,1,,122,,31901100,,319011,3,1,90,11,00,100,,"41.646.020,18","41.104.156,77","41.148.769,57",2026-08-07T20:15:03.924257
2026,Maio,5,1101,1,,122,,31901300,,319013,3,1,90,13,00,100,,"62,31","2.942.764,43","2.942.764,43",2026-08-07T20:15:03.924257
2026,Maio,5,1101,1,,122,,31901600,,319016,3,1,90,16,00,100,,"154.730,81","154.730,81","154.730,81",2026-08-07T20:15:03.924257
2026,Maio,5,1101,1,,122,,31909200,,319092,3,1,90,92,00,100,,"78.895,28","78.895,28","78.895,28",2026-08-07T20:15:03.924257
2026,Maio,5,1101,1,,122,,31911300,,319113,3,1,91,13,00,100,,"0,00","5.021.004,26","5.021.004,26",2026-08-07T20:15:03.924257
2026,Maio,5,1101,1,,122,,31919200,,319192,3,1,91,92,00,100,,"0,00","0,00","0,00",2026-08-07T20:15:03.924257
2026,Maio,5,1101,1,,122,,33900800,,339008,3,3,90,08,00,100,,"752.911,81","752.776,07","752.776,07",2026-08-07T20:15:03.924257
2026,Maio,5,1101,1,,122,,33901400,,339014,3,3,90,14,00,100,,"11.115,00","11.115,00","9.750,00",2026-08-07T20:15:03.924257
2026,Maio,5,1101,1,,122,,33903000,,339030,3,3,90,30,00,100,,"45.424,80","97.519,77","97.519,77",2026-08-07T20:15:03.924257
2026,Maio,5,1101,1,,122,,33903300,,339033,3,3,90,33,00,100,,"0,00","0,00","0,00",2026-08-07T20:15:03.924257
2026,Maio,5,1101,1,,122,,33903500,,339035,3,3,90,35,00,100,,"0,00","0,00","0,00",2026-08-07T20:15:03.924257
2026,Maio,5,1101,1,,122,,33903600,,339036,3,3,90,36,00,100,,"0,00","0,00","0,00",2026-08-07T20:15:03.924257
2026,Maio,5,1101,1,,122,,33903700,,339037,3,3,90,37,00,100,,"137.578,53","1.566.582,94","1.566.582,94",2026-08-07T20:15:03.924257
2026,Maio,5,1101,1,,122,,33903900,,339039,3,3,90,39,00,100,,"127.670,79","1.204.226,80","1.204.226,80",2026-08-07T20:15:03.924257
2026,Maio,5,1101,1,,122,,33904600,,339046,3,3,90,46,00,100,,"5.141.077,09","5.123.849,21","5.073.720,12",2026-08-07T20:15:03.924257
2026,Maio,5,1101,1,,122,,33904700,,339047,3,3,90,47,00,100,,"0,00","0,00","0,00",2026-08-07T20:15:03.924257
2026,Maio,5,1101,1,,122,,33904900,,339049,3,3,90,49,00,100,,"41.348,27","41.348,27","41.241,30",2026-08-07T20:15:03.924257
2026,Maio,5,1101,1,,122,,33909200,,339092,3,3,90,92,00,100,,"0,00","0,00","8.201,76",2026-08-07T20:15:03.924257
2026,Maio,5,1101,1,,122,,33909300,,339093,3,3,90,93,00,100,,"0,00","0,00","0,00",2026-08-07T20:15:03.924257
2026,Maio,5,1101,1,,122,,33913900,,339139,3,3,91,39,00,100,,"0,00","0,00","0,00",2026-08-07T20:15:03.924257
2026,Maio,5,1101,1,,122,,33914700,,339147,3,3,91,47,00,100,,"0,00","0,00","0,00",2026-08-07T20:15:03.924257
2026,Maio,5,1101,1,,122,,33919200,,339192,3,3,91,92,00,100,,"0,00","0,00","0,00",2026-08-07T20:15:03.924257
2026,Maio,5,1101,1,,122,,33919300,,339193,3,3,91,93,00,100,,"5.922,26","5.922,26","5.922,26",2026-08-07T20:15:03.924257
2026,Maio,5,1101,1,,122,,44905100,,449051,4,4,90,51,00,100,,"0,00","3.199,34","3.199,34",2026-08-07T20:15:03.924257
2026,Maio,5,1101,1,,122,,44905200,,449052,4,4,90,52,00,100,,"1.032.228,54","98.013,05","98.013,05",2026-08-07T20:15:03.924257
2026,Maio,5,1101,1,,122,,44909200,,449092,4,4,90,92,00,100,,"0,00","0,00","0,00",2026-08-07T20:15:03.924257
2026,Maio,5,1101,1,,126,,33903000,,339030,3,3,90,30,00,100,,"0,00","0,00","0,00",2026-08-07T20:15:03.924257
2026,Maio,5,1101,1,,126,,33903900,,339039,3,3,90,39,00,100,,"0,00","0,00","0,00",2026-08-07T20:15:03.924257
2026,Maio,5,1101,1,,126,,33904000,,339040,3,3,90,40,00,100,,"3.666.098,96","443.041,61","427.100,01",2026-08-07T20:15:03.924257
2026,Maio,5,1101,1,,126,,33909200,,339092,3,3,90,92,00,100,,"0,00","0,00","0,00",2026-08-07T20:15:03.924257
2026,Maio,5,1101,1,,126,,44904000,,449040,4,4,90,40,00,100,,"0,00","27.312,00","27.312,00",2026-08-07T20:15:03.924257
2026,Maio,5,1101,1,,126,,44905200,,449052,4,4,90,52,00,100,,"0,00","0,00","0,00",2026-08-07T20:15:03.924257
2026,Maio,5,1101,1,,128,,33903200,,339032,3,3,90,32,00,100,,"15.700,00","53.833,26","53.833,26",2026-08-07T20:15:03.924257
2026,Maio,5,1101,1,,128,,33903600,,339036,3,3,90,36,00,100,,"74.466,68","77.765,99","77.273,59",2026-08-07T20:15:03.924257
2026,Maio,5,1101,1,,128,,33903900,,339039,3,3,90,39,00,100,,"'-16.844,49","180.144,06","166.956,06",2026-08-07T20:15:03.924257
2026,Maio,5,1101,1,,131,,33903700,,339037,3,3,90,37,00,100,,"0,00","0,00","0,00",2026-08-07T20:15:03.924257
2026,Maio,5,1101,1,,131,,33903900,,339039,3,3,90,39,00,100,,"0,00","16.691,76","16.691,76",2026-08-07T20:15:03.924257
2026,Maio,5,1101,1,,131,,33909200,,339092,3,3,90,92,00,100,,"0,00","0,00","0,00",2026-08-07T20:15:03.924257
2026,Maio,5,1101,1,,131,,44905200,,449052,4,4,90,52,00,100,,"0,00","0,00","0,00",2026-08-07T20:15:03.924257
2026,Maio,5,1101,1,,31,,33903000,,339030,3,3,90,30,00,100,,"0,00","9.500,00","0,00",2026-08-07T20:15:03.924257
2026,Maio,5,1101,1,,31,,33903100,,339031,3,3,90,31,00,100,,"0,00","0,00","0,00",2026-08-07T20:15:03.924257
2026,Maio,5,1101,1,,31,,33903200,,339032,3,3,90,32,00,100,,"0,00","0,00","0,00",2026-08-07T20:15:03.924257
2026,Maio,5,1101,1,,31,,33903700,,339037,3,3,90,37,00,100,,"0,00","739.385,99","765.492,39",2026-08-07T20:15:03.924257
2026,Maio,5,1101,1,,31,,33903900,,339039,3,3,90,39,00,100,,"595.590,24","1.425.353,26","1.376.566,46",2026-08-07T20:15:03.924257
2026,Maio,5,1101,1,,31,,33913900,,339139,3,3,91,39,00,100,,"0,00","6.698,88","6.698,88",2026-08-07T20:15:03.924257
2026,Maio,5,1101,1,,31,,44905200,,449052,4,4,90,52,00,100,,"0,00","0,00","0,00",2026-08-07T20:15:03.924257
2026,Maio,5,1101,1,,392,,33903100,,339031,3,3,90,31,00,100,,"0,00","0,00","0,00",2026-08-07T20:15:03.924257
2026,Maio,5,1101,1,,392,,33903600,,339036,3,3,90,36,00,100,,"0,00","0,00","0,00",2026-08-07T20:15:03.924257
2026,Maio,5,1101,1,,392,,33903900,,339039,3,3,90,39,00,100,,"0,00","0,00","0,00",2026-08-07T20:15:03.924257
2026,Maio,5,1101,1,,392,,33909200,,339092,3,3,90,92,00,100,,"0,00","0,00","0,00",2026-08-07T20:15:03.924257
2026,Maio,5,1101,28,,845,,33913900,,339139,3,3,91,39,00,100,,"0,00","0,00","0,00",2026-08-07T20:15:03.924257
2026,Maio,5,1101,28,,846,,31909100,,319091,3,1,90,91,00,100,,"6.697,54","6.697,54","6.697,54",2026-08-07T20:15:03.924257
2026,Maio,5,1101,28,,846,,31909200,,319092,3,1,90,92,00,100,,"0,00","0,00","0,00",2026-08-07T20:15:03.924257
2026,Maio,5,1101,28,,846,,31909400,,319094,3,1,90,94,00,100,,"651.345,44","651.345,44","651.345,44",2026-08-07T20:15:03.924257
2026,Maio,5,1101,28,,846,,31909600,,319096,3,1,90,96,00,100,,"0,00","145.206,88","145.206,88",2026-08-07T20:15:03.924257
2026,Maio,5,1101,28,,846,,31919200,,319192,3,1,91,92,00,100,,"0,00","0,00","0,00",2026-08-07T20:15:03.924257
2026,Maio,5,1101,28,,846,,31919600,,319196,3,1,91,96,00,100,,"0,00","36.815,49","36.815,49",2026-08-07T20:15:03.924257
2026,Maio,5,1101,28,,846,,33909100,,339091,3,3,90,91,00,100,,"0,00","0,00","0,00",2026-08-07T20:15:03.924257
2026,Maio,5,1101,28,,846,,33909200,,339092,3,3,90,92,00,100,,"0,00","0,00","0,00",2026-08-07T20:15:03.924257
2026,Maio,5,1101,28,,846,,33909300,,339093,3,3,90,93,00,100,,"0,00","296.662,07","296.662,07",2026-08-07T20:15:03.924257
2026,Maio,5,1101,28,,846,,33919200,,339192,3,3,91,92,00,100,,"0,00","0,00","0,00",2026-08-07T20:15:03.924257
2026,Maio,5,1101,28,,846,,33919300,,339193,3,3,91,93,00,100,,"1.761.274,53","1.761.274,53","1.761.274,53",2026-08-07T20:15:03.924257
2026,Junho,6,1101,1,,122,,31900700,,319007,3,1,90,07,00,100,,"0,00","585.486,80","585.486,80",2026-08-07T20:15:03.924257
2026,Junho,6,1101,1,,122,,31901100,,319011,3,1,90,11,00,100,,"50.910.296,66","50.371.931,97","50.366.860,39",2026-08-07T20:15:03.924257
2026,Junho,6,1101,1,,122,,31901300,,319013,3,1,90,13,00,100,,"0,00","2.939.697,44","2.939.697,44",2026-08-07T20:15:03.924257
2026,Junho,6,1101,1,,122,,31901600,,319016,3,1,90,16,00,100,,"191.774,84","191.774,84","191.774,84",2026-08-07T20:15:03.924257
2026,Junho,6,1101,1,,122,,31909200,,319092,3,1,90,92,00,100,,"62.775,17","62.775,17","62.775,17",2026-08-07T20:15:03.924257
2026,Junho,6,1101,1,,122,,31911300,,319113,3,1,91,13,00,100,,"0,00","4.974.979,66","4.974.979,66",2026-08-07T20:15:03.924257
2026,Junho,6,1101,1,,122,,31919200,,319192,3,1,91,92,00,100,,"0,00","0,00","0,00",2026-08-07T20:15:03.924257
2026,Junho,6,1101,1,,122,,33900800,,339008,3,3,90,08,00,100,,"702.216,20","701.763,69","701.763,69",2026-08-07T20:15:03.924257
2026,Junho,6,1101,1,,122,,33901400,,339014,3,3,90,14,00,100,,"4.355,00","4.355,00","5.720,00",2026-08-07T20:15:03.924257
2026,Junho,6,1101,1,,122,,33903000,,339030,3,3,90,30,00,100,,"70.399,10","122.437,48","122.437,48",2026-08-07T20:15:03.924257
2026,Junho,6,1101,1,,122,,33903300,,339033,3,3,90,33,00,100,,"0,00","18.341,62","18.341,62",2026-08-07T20:15:03.924257
2026,Junho,6,1101,1,,122,,33903500,,339035,3,3,90,35,00,100,,"0,00","0,00","0,00",2026-08-07T20:15:03.924257
2026,Junho,6,1101,1,,122,,33903600,,339036,3,3,90,36,00,100,,"0,00","0,00","0,00",2026-08-07T20:15:03.924257
2026,Junho,6,1101,1,,122,,33903700,,339037,3,3,90,37,00,100,,"2.535.143,02","1.236.081,01","1.236.081,01",2026-08-07T20:15:03.924257
2026,Junho,6,1101,1,,122,,33903900,,339039,3,3,90,39,00,100,,"63.173,96","1.219.569,84","1.219.569,84",2026-08-07T20:15:03.924257
2026,Junho,6,1101,1,,122,,33904600,,339046,3,3,90,46,00,100,,"5.127.794,00","5.104.256,32","5.103.830,24",2026-08-07T20:15:03.924257
2026,Junho,6,1101,1,,122,,33904700,,339047,3,3,90,47,00,100,,"0,00","1.192,02","1.192,02",2026-08-07T20:15:03.924257
2026,Junho,6,1101,1,,122,,33904900,,339049,3,3,90,49,00,100,,"48.022,84","47.935,65","47.483,80",2026-08-07T20:15:03.924257
2026,Junho,6,1101,1,,122,,33909200,,339092,3,3,90,92,00,100,,"23.410,01","23.410,01","23.410,01",2026-08-07T20:15:03.924257
2026,Junho,6,1101,1,,122,,33909300,,339093,3,3,90,93,00,100,,"0,00","0,00","0,00",2026-08-07T20:15:03.924257
2026,Junho,6,1101,1,,122,,33913900,,339139,3,3,91,39,00,100,,"0,00","0,00","0,00",2026-08-07T20:15:03.924257
2026,Junho,6,1101,1,,122,,33914700,,339147,3,3,91,47,00,100,,"0,00","0,00","0,00",2026-08-07T20:15:03.924257
2026,Junho,6,1101,1,,122,,33919200,,339192,3,3,91,92,00,100,,"0,00","0,00","0,00",2026-08-07T20:15:03.924257
2026,Junho,6,1101,1,,122,,33919300,,339193,3,3,91,93,00,100,,"4.390,71","4.390,71","4.390,71",2026-08-07T20:15:03.924257
2026,Junho,6,1101,1,,122,,44905100,,449051,4,4,90,51,00,100,,"0,00","126.871,27","126.871,27",2026-08-07T20:15:03.924257
2026,Junho,6,1101,1,,122,,44905200,,449052,4,4,90,52,00,100,,"86.254,21","155.992,89","155.992,89",2026-08-07T20:15:03.924257
2026,Junho,6,1101,1,,122,,44909200,,449092,4,4,90,92,00,100,,"0,00","0,00","0,00",2026-08-07T20:15:03.924257
2026,Junho,6,1101,1,,126,,33903000,,339030,3,3,90,30,00,100,,"0,00","0,00","0,00",2026-08-07T20:15:03.924257
2026,Junho,6,1101,1,,126,,33903900,,339039,3,3,90,39,00,100,,"0,00","0,00","0,00",2026-08-07T20:15:03.924257
2026,Junho,6,1101,1,,126,,33904000,,339040,3,3,90,40,00,100,,"33.958,80","433.249,21","449.190,81",2026-08-07T20:15:03.924257
2026,Junho,6,1101,1,,126,,33909200,,339092,3,3,90,92,00,100,,"0,00","0,00","0,00",2026-08-07T20:15:03.924257
2026,Junho,6,1101,1,,126,,44904000,,449040,4,4,90,40,00,100,,"0,00","0,00","0,00",2026-08-07T20:15:03.924257
2026,Junho,6,1101,1,,126,,44905200,,449052,4,4,90,52,00,100,,"0,00","0,00","0,00",2026-08-07T20:15:03.924257
2026,Junho,6,1101,1,,128,,33903200,,339032,3,3,90,32,00,100,,"0,00","8.029,84","8.029,84",2026-08-07T20:15:03.924257
2026,Junho,6,1101,1,,128,,33903600,,339036,3,3,90,36,00,100,,"300.292,22","86.208,30","86.155,14",2026-08-07T20:15:03.924257
2026,Junho,6,1101,1,,128,,33903900,,339039,3,3,90,39,00,100,,"65.500,00","81.101,70","94.289,70",2026-08-07T20:15:03.924257
2026,Junho,6,1101,1,,131,,33903700,,339037,3,3,90,37,00,100,,"0,00","0,00","0,00",2026-08-07T20:15:03.924257
2026,Junho,6,1101,1,,131,,33903900,,339039,3,3,90,39,00,100,,"0,00","16.691,76","16.691,76",2026-08-07T20:15:03.924257
2026,Junho,6,1101,1,,131,,33909200,,339092,3,3,90,92,00,100,,"0,00","0,00","0,00",2026-08-07T20:15:03.924257
2026,Junho,6,1101,1,,131,,44905200,,449052,4,4,90,52,00,100,,"0,00","0,00","0,00",2026-08-07T20:15:03.924257
2026,Junho,6,1101,1,,31,,33903000,,339030,3,3,90,30,00,100,,"6.268,99","0,00","9.500,00",2026-08-07T20:15:03.924257
2026,Junho,6,1101,1,,31,,33903100,,339031,3,3,90,31,00,100,,"0,00","0,00","0,00",2026-08-07T20:15:03.924257
2026,Junho,6,1101,1,,31,,33903200,,339032,3,3,90,32,00,100,,"0,00","0,00","0,00",2026-08-07T20:15:03.924257
2026,Junho,6,1101,1,,31,,33903700,,339037,3,3,90,37,00,100,,"0,00","0,00","0,00",2026-08-07T20:15:03.924257
2026,Junho,6,1101,1,,31,,33903900,,339039,3,3,90,39,00,100,,"202.987,88","5.209.886,85","4.842.014,09",2026-08-07T20:15:03.924257
2026,Junho,6,1101,1,,31,,33913900,,339139,3,3,91,39,00,100,,"0,00","13.092,80","13.092,80",2026-08-07T20:15:03.924257
2026,Junho,6,1101,1,,31,,44905200,,449052,4,4,90,52,00,100,,"0,00","0,00","0,00",2026-08-07T20:15:03.924257
2026,Junho,6,1101,1,,392,,33903100,,339031,3,3,90,31,00,100,,"0,00","0,00","0,00",2026-08-07T20:15:03.924257
2026,Junho,6,1101,1,,392,,33903600,,339036,3,3,90,36,00,100,,"22.309,20","0,00","0,00",2026-08-07T20:15:03.924257
2026,Junho,6,1101,1,,392,,33903900,,339039,3,3,90,39,00,100,,"0,00","0,00","0,00",2026-08-07T20:15:03.924257
2026,Junho,6,1101,1,,392,,33909200,,339092,3,3,90,92,00,100,,"0,00","0,00","0,00",2026-08-07T20:15:03.924257
2026,Junho,6,1101,28,,845,,33913900,,339139,3,3,91,39,00,100,,"0,00","0,00","0,00",2026-08-07T20:15:03.924257
2026,Junho,6,1101,28,,846,,31909100,,319091,3,1,90,91,00,100,,"6.697,54","6.697,54","6.697,54",2026-08-07T20:15:03.924257
2026,Junho,6,1101,28,,846,,31909200,,319092,3,1,90,92,00,100,,"0,00","0,00","0,00",2026-08-07T20:15:03.924257
2026,Junho,6,1101,28,,846,,31909400,,319094,3,1,90,94,00,100,,"2.396.978,41","2.396.088,60","2.396.088,60",2026-08-07T20:15:03.924257
2026,Junho,6,1101,28,,846,,31909600,,319096,3,1,90,96,00,100,,"0,00","227.932,70","217.173,76",2026-08-07T20:15:03.924257
2026,Junho,6,1101,28,,846,,31919200,,319192,3,1,91,92,00,100,,"0,00","0,00","0,00",2026-08-07T20:15:03.924257
2026,Junho,6,1101,28,,846,,31919600,,319196,3,1,91,96,00,100,,"0,00","36.815,49","36.815,49",2026-08-07T20:15:03.924257
2026,Junho,6,1101,28,,846,,33909100,,339091,3,3,90,91,00,100,,"0,00","0,00","0,00",2026-08-07T20:15:03.924257
2026,Junho,6,1101,28,,846,,33909200,,339092,3,3,90,92,00,100,,"0,00","0,00","0,00",2026-08-07T20:15:03.924257
2026,Junho,6,1101,28,,846,,33909300,,339093,3,3,90,93,00,100,,"0,00","259.843,51","259.843,51",2026-08-07T20:15:03.924257
2026,Junho,6,1101,28,,846,,33919200,,339192,3,3,91,92,00,100,,"0,00","0,00","0,00",2026-08-07T20:15:03.924257
2026,Junho,6,1101,28,,846,,33919300,,339193,3,3,91,93,00,100,,"1.070.301,27","1.070.301,27","1.070.301,27",2026-08-07T20:15:03.924257
2026,Julho,7,1101,1,,122,,31900700,,319007,3,1,90,07,00,100,,"0,00","578.914,90","578.914,90",2026-08-07T20:15:03.924257
2026,Julho,7,1101,1,,122,,31901100,,319011,3,1,90,11,00,100,,"40.895.521,10","40.537.550,37","40.533.751,28",2026-08-07T20:15:03.924257
2026,Julho,7,1101,1,,122,,31901300,,319013,3,1,90,13,00,100,,"46,13","2.945.682,51","2.945.682,51",2026-08-07T20:15:03.924257
2026,Julho,7,1101,1,,122,,31901600,,319016,3,1,90,16,00,100,,"174.817,43","174.817,43","174.817,43",2026-08-07T20:15:03.924257
2026,Julho,7,1101,1,,122,,31909200,,319092,3,1,90,92,00,100,,"40.980,66","40.980,66","40.980,66",2026-08-07T20:15:03.924257
2026,Julho,7,1101,1,,122,,31911300,,319113,3,1,91,13,00,100,,"0,00","4.927.493,24","4.927.493,24",2026-08-07T20:15:03.924257
2026,Julho,7,1101,1,,122,,31919200,,319192,3,1,91,92,00,100,,"0,00","0,00","0,00",2026-08-07T20:15:03.924257
2026,Julho,7,1101,1,,122,,33900800,,339008,3,3,90,08,00,100,,"708.975,84","708.297,14","708.297,14",2026-08-07T20:15:03.924257
2026,Julho,7,1101,1,,122,,33901400,,339014,3,3,90,14,00,100,,"0,00","0,00","0,00",2026-08-07T20:15:03.924257
2026,Julho,7,1101,1,,122,,33903000,,339030,3,3,90,30,00,100,,"1.700,00","116.792,54","116.792,54",2026-08-07T20:15:03.924257
2026,Julho,7,1101,1,,122,,33903300,,339033,3,3,90,33,00,100,,"14.867,27","14.867,27","14.867,27",2026-08-07T20:15:03.924257
2026,Julho,7,1101,1,,122,,33903500,,339035,3,3,90,35,00,100,,"0,00","187.433,33","187.433,33",2026-08-07T20:15:03.924257
2026,Julho,7,1101,1,,122,,33903600,,339036,3,3,90,36,00,100,,"0,00","0,00","0,00",2026-08-07T20:15:03.924257
2026,Julho,7,1101,1,,122,,33903700,,339037,3,3,90,37,00,100,,"2.970.408,83","957.821,40","929.106,32",2026-08-07T20:15:03.924257
2026,Julho,7,1101,1,,122,,33903900,,339039,3,3,90,39,00,100,,"207.601,72","1.181.355,82","1.181.355,82",2026-08-07T20:15:03.924257
2026,Julho,7,1101,1,,122,,33904600,,339046,3,3,90,46,00,100,,"5.167.309,71","5.139.287,43","5.136.949,38",2026-08-07T20:15:03.924257
2026,Julho,7,1101,1,,122,,33904700,,339047,3,3,90,47,00,100,,"0,00","4.561,38","4.561,38",2026-08-07T20:15:03.924257
2026,Julho,7,1101,1,,122,,33904900,,339049,3,3,90,49,00,100,,"34.432,35","31.817,82","32.343,30",2026-08-07T20:15:03.924257
2026,Julho,7,1101,1,,122,,33909200,,339092,3,3,90,92,00,100,,"2.440,75","2.440,75","2.440,75",2026-08-07T20:15:03.924257
2026,Julho,7,1101,1,,122,,33909300,,339093,3,3,90,93,00,100,,"0,00","0,00","0,00",2026-08-07T20:15:03.924257
2026,Julho,7,1101,1,,122,,33913900,,339139,3,3,91,39,00,100,,"0,00","0,00","0,00",2026-08-07T20:15:03.924257
2026,Julho,7,1101,1,,122,,33914700,,339147,3,3,91,47,00,100,,"0,00","0,00","0,00",2026-08-07T20:15:03.924257
2026,Julho,7,1101,1,,122,,33919200,,339192,3,3,91,92,00,100,,"0,00","0,00","0,00",2026-08-07T20:15:03.924257
2026,Julho,7,1101,1,,122,,33919300,,339193,3,3,91,93,00,100,,"4.084,13","4.084,13","4.084,13",2026-08-07T20:15:03.924257
2026,Julho,7,1101,1,,122,,44905100,,449051,4,4,90,51,00,100,,"107.358,32","0,00","0,00",2026-08-07T20:15:03.924257
2026,Julho,7,1101,1,,122,,44905200,,449052,4,4,90,52,00,100,,"52.669,94","73.116,70","73.116,70",2026-08-07T20:15:03.924257
2026,Julho,7,1101,1,,122,,44909200,,449092,4,4,90,92,00,100,,"0,00","0,00","0,00",2026-08-07T20:15:03.924257
2026,Julho,7,1101,1,,126,,33903000,,339030,3,3,90,30,00,100,,"0,00","0,00","0,00",2026-08-07T20:15:03.924257
2026,Julho,7,1101,1,,126,,33903900,,339039,3,3,90,39,00,100,,"0,00","0,00","0,00",2026-08-07T20:15:03.924257
2026,Julho,7,1101,1,,126,,33904000,,339040,3,3,90,40,00,100,,"853.921,46","6.005.389,10","6.005.389,10",2026-08-07T20:15:03.924257
2026,Julho,7,1101,1,,126,,33909200,,339092,3,3,90,92,00,100,,"0,00","0,00","0,00",2026-08-07T20:15:03.924257
2026,Julho,7,1101,1,,126,,44904000,,449040,4,4,90,40,00,100,,"318.019,88","143.091,03","143.091,03",2026-08-07T20:15:03.924257
2026,Julho,7,1101,1,,126,,44905200,,449052,4,4,90,52,00,100,,"0,00","0,00","0,00",2026-08-07T20:15:03.924257
2026,Julho,7,1101,1,,128,,33903200,,339032,3,3,90,32,00,100,,"5.235,00","32.407,60","32.407,60",2026-08-07T20:15:03.924257
2026,Julho,7,1101,1,,128,,33903600,,339036,3,3,90,36,00,100,,"50.339,75","57.236,45","57.023,37",2026-08-07T20:15:03.924257
2026,Julho,7,1101,1,,128,,33903900,,339039,3,3,90,39,00,100,,"42.480,54","154.175,53","154.175,53",2026-08-07T20:15:03.924257
2026,Julho,7,1101,1,,131,,33903700,,339037,3,3,90,37,00,100,,"0,00","0,00","0,00",2026-08-07T20:15:03.924257
2026,Julho,7,1101,1,,131,,33903900,,339039,3,3,90,39,00,100,,"0,00","16.691,76","16.691,76",2026-08-07T20:15:03.924257
2026,Julho,7,1101,1,,131,,33909200,,339092,3,3,90,92,00,100,,"0,00","0,00","0,00",2026-08-07T20:15:03.924257
2026,Julho,7,1101,1,,131,,44905200,,449052,4,4,90,52,00,100,,"0,00","0,00","0,00",2026-08-07T20:15:03.924257
2026,Julho,7,1101,1,,31,,33903000,,339030,3,3,90,30,00,100,,"0,00","0,00","0,00",2026-08-07T20:15:03.924257
2026,Julho,7,1101,1,,31,,33903100,,339031,3,3,90,31,00,100,,"0,00","0,00","0,00",2026-08-07T20:15:03.924257
2026,Julho,7,1101,1,,31,,33903200,,339032,3,3,90,32,00,100,,"0,00","0,00","0,00",2026-08-07T20:15:03.924257
2026,Julho,7,1101,1,,31,,33903700,,339037,3,3,90,37,00,100,,"0,00","1.470.405,93","1.470.405,93",2026-08-07T20:15:03.924257
2026,Julho,7,1101,1,,31,,33903900,,339039,3,3,90,39,00,100,,"186.487,57","6.857.953,23","7.292.995,09",2026-08-07T20:15:03.924257
2026,Julho,7,1101,1,,31,,33913900,,339139,3,3,91,39,00,100,,"0,00","7.702,08","7.702,08",2026-08-07T20:15:03.924257
2026,Julho,7,1101,1,,31,,44905200,,449052,4,4,90,52,00,100,,"0,00","0,00","0,00",2026-08-07T20:15:03.924257
2026,Julho,7,1101,1,,392,,33903100,,339031,3,3,90,31,00,100,,"19.240,00","0,00","0,00",2026-08-07T20:15:03.924257
2026,Julho,7,1101,1,,392,,33903600,,339036,3,3,90,36,00,100,,"0,00","22.309,20","21.818,40",2026-08-07T20:15:03.924257
2026,Julho,7,1101,1,,392,,33903900,,339039,3,3,90,39,00,100,,"0,00","0,00","0,00",2026-08-07T20:15:03.924257
2026,Julho,7,1101,1,,392,,33909200,,339092,3,3,90,92,00,100,,"0,00","0,00","0,00",2026-08-07T20:15:03.924257
2026,Julho,7,1101,28,,845,,33913900,,339139,3,3,91,39,00,100,,"0,00","0,00","0,00",2026-08-07T20:15:03.924257
2026,Julho,7,1101,28,,846,,31909100,,319091,3,1,90,91,00,100,,"6.697,54","6.697,54","6.697,54",2026-08-07T20:15:03.924257
2026,Julho,7,1101,28,,846,,31909200,,319092,3,1,90,92,00,100,,"0,00","0,00","0,00",2026-08-07T20:15:03.924257
2026,Julho,7,1101,28,,846,,31909400,,319094,3,1,90,94,00,100,,"976.102,72","976.102,72","976.102,72",2026-08-07T20:15:03.924257
2026,Julho,7,1101,28,,846,,31909600,,319096,3,1,90,96,00,100,,"4.074,07","227.848,06","227.087,81",2026-08-07T20:15:03.924257
2026,Julho,7,1101,28,,846,,31919200,,319192,3,1,91,92,00,100,,"0,00","0,00","0,00",2026-08-07T20:15:03.924257
2026,Julho,7,1101,28,,846,,31919600,,319196,3,1,91,96,00,100,,"0,00","36.815,49","36.815,49",2026-08-07T20:15:03.924257
2026,Julho,7,1101,28,,846,,33909100,,339091,3,3,90,91,00,100,,"0,00","0,00","0,00",2026-08-07T20:15:03.924257
2026,Julho,7,1101,28,,846,,33909200,,339092,3,3,90,92,00,100,,"0,00","0,00","0,00",2026-08-07T20:15:03.924257
2026,Julho,7,1101,28,,846,,33909300,,339093,3,3,90,93,00,100,,"0,00","302.216,24","302.216,24",2026-08-07T20:15:03.924257
2026,Julho,7,1101,28,,846,,33919200,,339192,3,3,91,92,00,100,,"0,00","0,00","0,00",2026-08-07T20:15:03.924257
2026,Julho,7,1101,28,,846,,33919300,,339193,3,3,91,93,00,100,,"3.473.079,23","3.473.079,23","3.473.079,23",2026-08-07T20:15:03.924257
