ano,tipoProposicao,numero,ementa,comissao,comissao_fonte,verdict,verdict_estrutural,clausula,sigla_unidade,documento_id,data_documento
2022,Projeto de Decreto Legislativo,245,"Concede	o	título	de	Cidadã
Honorária de Brasília à Sra. Lydia Garcia.
",CONSTITUIÇÃO E JUSTIÇA,clausula_da,admissivel_com_ressalva,Aprovado(a),"Pelo exposto, manifestamos voto pela ADMISSIBILIDADE do Projeto de Decreto Legislativo nº 245/2022 no âmbito da CCJ, na forma do substitutivo anexo.",GAB DEP ROBÉRIO NEGREIROS,121282,2024-05-15T17:22:08.087
2022,Projeto de Decreto Legislativo,250,Concede Título de Cidadão Benemérito de Brasília ao Senhor Leonardo Santos.,CONSTITUIÇÃO DE JUSTIÇA,clausula_da,admissivel,Aprovado(a),"o nº 334/2023. O Projeto em tela foi apenas o segundo do gênero apresentado pelo Deputado Delmasso na condição de primeiro subscritor na sessão legislativa do ano de 2022. III – CONCLUSÃO Pelo exposto, manifestamos voto pela ADMISSIBILIDADE do Projeto de Decreto Legislativo nº 250/2022 no âmbito desta Comissão de Constituição e Justiça.",CCJ,103274,2023-11-13T18:09:33.637
2022,Projeto de Decreto Legislativo,251,Concede Título de Cidadão Benemérito de Brasília ao Senhor Humberto Alves de Freitas.,CONSTITUIÇÃO E JUSTIÇA,clausula_da,admissivel,Aprovado(a),"§ 1º do art. 2º da Resolução nº 334/2023. Consulta ao sistema PLe nos informa que foi o quarto PDL congênere apresentado pelo autor, na condição de primeiro ou único subscritor, em 2022. Pelo exposto, manifestamos voto pela ADMISSIBILIDADE do Projeto de Decreto Legislativo nº 251/2022 no âmbito da CCJ.",GAB DEP FÁBIO FÉLIX,113258,2024-03-06T11:39:42.893
2022,Projeto de Decreto Legislativo,253,Concede Título de Cidadão Benemérito de Brasília ao Senhor Édson Pereira Pires.,CONSTITUIÇÃO E JUSTIÇA,clausula_da,inadmissivel,Aprovado(a),"Como exposto, o Projeto não cumpre o requisito pessoal previsto e tampouco respeita as regras de propositura estabelecidas no art. 2º, da Resolução nº 334/2023. Pelo exposto, manifestamos voto pela INADMISSIBILIDADE do Projeto de Decreto Legislativo nº 253/2022 no âmbito desta Comissão de Constituição e Justiça.",GAB DEP ROBÉRIO NEGREIROS,91215,2023-09-19T10:17:00.78
2022,Projeto de Decreto Legislativo,253,Concede Título de Cidadão Benemérito de Brasília ao Senhor Édson Pereira Pires.,CONSTITUIÇÃO E JUSTIÇA,clausula_da,inadmissivel,Não apreciado(a),"Pelo exposto, manifestamos voto pela INADMISSIBILIDADE do Projeto de Decreto Legislativo nº 253/2022 no âmbito desta Comissão de Constituição e Justiça.",GAB DEP ROBÉRIO NEGREIROS,89909,2023-09-13T10:39:30.377
2022,Projeto de Decreto Legislativo,260,Concede o Título de Cidadã Honorária de Brasília à Senhora MARLUCE GUEDES FERREIRA.,CONSTITUIÇÃO E JUSTIÇA,clausula_da,admissivel,Aprovado(a),"da Resolução nº 334/2023. O Projeto em tela foi apenas o primeiro do gênero apresentado pelo Deputado João Cardoso na condição de primeiro subscritor na sessão legislativa do ano de 2022. Pelo exposto, manifestamos voto pela ADMISSIBILIDADE do Projeto de Decreto Legislativo nº 260/2022 no âmbito desta Comissão de Constituição e Justiça.",GAB DEP THIAGO MANZONI,97784,2023-10-18T13:45:57.513
2022,Projeto de Decreto Legislativo,261,Concede o Título de Cidadão Honorário de Brasília ao Senhor JORGE EDUARDO DEISTER.,CONSTITUIÇÃO E JUSTIÇA,clausula_da,admissivel,Aprovado(a),"o na condição de primeiro subscritor na sessão legislativa de 2021. Em razão do exposto, e nada havendo qualquer reparo a apontar quanto aos aspectos de juridicidade, legalidade, regimentalidade, manifestamos nosso voto pela ADMISSIBILIDADE do Projeto de Decreto Legislativo nº 261/2022 no âmbito desta Comissão de Constituição e Justiça.",GAB DEP THIAGO MANZONI,97986,2023-10-19T10:59:39.627
2022,Projeto de Decreto Legislativo,262,Concede Título de Cidadão Honorário de Brasília ao Senhor Paccelli José Maracci Zahler.,CONSTITUIÇÃO E JUSTIÇA,clausula_da,admissivel,Aprovado(a),"Pelo exposto, manifestamos voto pela ADMISSIBILIDADE do Projeto de Decreto Legislativo nº 262/2022 no âmbito da CCJ.",GAB DEP FÁBIO FÉLIX,275140,2024-10-31T11:39:00.717
2022,Projeto de Decreto Legislativo,266," Concede  Título de Cidadã Honorária de Brasília a senhora MEIRE LÚCIA GOMES MONTEIRO MOTA COELHO.
",CONSTITUIÇÃO E JUSTIÇA,clausula_da,admissivel,Aprovado(a),"Pelo exposto, manifestamos voto pela ADMISSIBILIDADE do Projeto de Decreto Legislativo nº 266/2021 no âmbito desta Comissão de Constituição e Justiça.",GAB DEP CHICO VIGILANTE,111496,2024-02-26T16:53:04.343
2022,Projeto de Decreto Legislativo,270,“Concede o Título de Cidadã Honorária de Brasília à Promotora de Justiça Maria da Graça Peres Soares Amorim”,CONSTITUIÇÃO DE JUSTIÇA,clausula_da,admissivel,Aprovado(a),"Em razão do exposto, e nada havendo qualquer reparo a apontar quanto aos aspectos de juridicidade, legalidade, regimentalidade, manifestamos nosso voto pela ADMISSIBILIDADE do Projeto de Decreto Legislativo nº 270/2022 no âmbito desta Comissão de Constituição e Justiça.",GAB DEP THIAGO MANZONI,78710,2023-06-15T11:47:06.047
2022,Projeto de Decreto Legislativo,271,Concede o Título de Cidadão Honorário de Brasília ao Sr. Antonio Carlos Ferreira.,CONSTITUIÇÃO E JUSTIÇA,clausula_da,admissivel,Aprovado(a),"nstantes do art. 3º, o PDL nº 271/2022 está em conformidade com o limite quantitativo de oito proposituras por sessão legislativa, veiculado pelo § 1º do art. 2º da Resolução nº 334/2023. Pelo exposto, manifestamos voto pela ADMISSIBILIDADE do Projeto de Decreto Legislativo nº 271/2022 no âmbito da CCJ.",GAB DEP FÁBIO FÉLIX,108895,2024-01-15T16:14:43.76
2022,Projeto de Decreto Legislativo,272,Concede o título de Cidadã Honorária de Brasília à senhora Ivone Araújo.,CONSTITUIÇÃO E JUSTIÇA,clausula_da,admissivel_com_ressalva,Aprovado(a),"Pelo exposto, manifestamos voto pela ADMISSIBILIDADE do Projeto de Decreto Legislativo nº 272/2022 no âmbito da CCJ, na forma do substitutivo anexo.",GAB DEP ROBÉRIO NEGREIROS,121286,2024-05-15T17:43:54.83
2022,Projeto de Decreto Legislativo,278,Concede Título de Cidadão Honorário de Brasília ao Senhor Alessandro Rodrigues Paschoall.,CONSTITUIÇÃO E JUSTIÇA,clausula_da,admissivel,Aprovado(a),"Por esses motivos, voto pela ADMISSIBILIDADE do Projeto de Decreto Legislativo nº 278/2022.",GAB DEP IOLANDO,105962,2023-11-29T14:24:28.747
2022,Projeto de Decreto Legislativo,279,Concede o Título de Cidadão Honorário de Brasília ao senhor Manoel Coelho Arruda Júnior.  ,CONSTITUIÇÃO E JUSTIÇA,clausula_da,admissivel,Aprovado(a),"Pelo exposto, manifestamos voto pela ADMISSIBILIDADE do Projeto de Decreto Legislativo nº 279/2022 no âmbito desta Comissão de Constituição e Justiça.",GAB DEP CHICO VIGILANTE,92445,2023-09-26T16:13:49.733
2022,Projeto de Decreto Legislativo,287,"""Concede o Título de Cidadão Honorário de Brasília à Sebastião de Carvalho Neto""",CONSTITUIÇÃO E JUSTIÇA,clausula_da,admissivel,Aprovado(a),"Pelo exposto, manifestamos voto pela ADMISSIBILIDADE do Projeto de Decreto Legislativo nº 287/2022 no âmbito desta Comissão de Constituição e Justiça.",GAB DEP CHICO VIGILANTE,90416,2023-09-14T12:06:58.43
2022,Projeto de Decreto Legislativo,289,“Concede o Título de Cidadão Benemérito de Brasília a Bruno Ericky Francisco Alvim de Oliveira”,CONSTITUIÇÃO E JUSTIÇA,clausula_da,admissivel,Aprovado(a),"Em razão do exposto, e nada havendo qualquer reparo a apontar quanto aos aspectos de juridicidade, legalidade, regimentalidade, manifestamos nosso voto pela ADMISSIBILIDADE do Projeto de Decreto Legislativo nº 289/2022 no âmbito desta Comissão de Constituição e Justiça.",GAB DEP THIAGO MANZONI,78715,2023-06-15T13:28:32.297
2022,Projeto de Decreto Legislativo,293,Concede o Título de Cidadão Honorário de Brasília ao Senhor Sebastião Theodoro Gomes.,CONSTITUIÇÃO E JUSTIÇA,clausula_da,admissivel_com_ressalva,Aprovado(a),"Pelo exposto, manifestamos voto pela ADMISSIBILIDADE do Projeto de Decreto Legislativo nº 293/2022 no âmbito da CCJ, na forma do substitutivo anexo.",GAB DEP FÁBIO FÉLIX,120479,2024-05-06T15:13:15.2
2022,Projeto de Lei,2473,"Dispõe sobre o correto acondicionamento dos filtros de produtos fumígenos, pontas de cigarros ou equivalentes.",CONSTITUIÇÃO E JUSTIÇA,clausula_da,admissivel,Aprovado(a),"Portanto, a proposição reúne condições de constitucionalidade e juridicidade, motivo pelo qual nosso voto é pela admissibilidade do Projeto de Lei nº 2.473/2022.",GAB DEP FÁBIO FÉLIX,82109,2023-07-07T16:16:47.18
2022,Projeto de Lei,2490,"
Institui o Programa Distrital de Conscientização da Depressão Infanto-Juvenil e dá outras providências.
",CONSTITUIÇÃO E JUSTIÇA,clausula_da,inadmissivel,Aprovado(a),"mentário, em descompasso, portanto, com o art. 8º da Lei Complementar nº 13/1996. Por todo o exposto, considerados os insanáveis óbices de ordem constitucional, jurídica e regimental apontados, resta-nos manifestar voto pela INADMISSIBILIDADE do Projeto de Lei n.º 2.490/2022.",GAB DEP IOLANDO,66838,2023-04-03T18:26:48.98
2022,Projeto de Lei,2505,"Estabelece a Política Distrital de Fomento ao Futevôlei no Distrito Federal, denominada Lei Pró-Futevôlei.",CONSTITUIÇÃO E JUSTIÇA,clausula_da,admissivel,Aprovado(a),"Diante de todo o exposto, manifestamo-nos pela admissibilidade do Projeto de Lei nº 2505/22, no âmbito da CCJ, com a Emenda Supressiva em anexo.",GAB DEP FÁBIO FÉLIX,116328,2024-04-02T14:59:51.14
2022,Projeto de Lei,2507,"Cria a Política Distrital de Atendimento e Acompanhamento de Crianças com Lipomielomeningocele, e fixa outras providências.",CONSTITUIÇÃO E JUSTIÇA,clausula_da,admissivel_com_ressalva,Aprovado(a),"Pelo exposto, nosso voto é pela ADMISSIBILIDADE do Projeto de Lei n° 2.507/2022, na forma do substitutivo da Comissão de Assuntos Sociais.",GAB DEP IOLANDO,77546,2023-06-07T12:39:19.257
2022,Projeto de Lei,2508,"Institui a Política Distrital destinada à Inclusão Social e Ambiental de Jovens, no âmbito do Distrito Federal.",CONSTITUIÇÃO E JUSTIÇA,clausula_da,admissivel,Aprovado(a),"Diante de todo o exposto, manifestamo-nos pela admissibilidade do Projeto de Lei nº 2508/22, no âmbito da CCJ, com uma emenda supressiva.",GAB DEP FÁBIO FÉLIX,79842,2023-06-22T16:44:19.74
2022,Projeto de Lei,2521,"
Altera a Lei n. 4.060, de 18 de dezembro de 2007, que “Define sanções a serem aplicadas pela prática de maus-tratos a animais e dá outras providências”.
",CONSTITUIÇÃO E JUSTIÇA,clausula_da,admissivel,Não apreciado(a),"Por todo o exposto, conclui-se pela ADMISSIBILIDADE do Projeto de Lei n° 2.521, de 2022, no âmbito desta Comissão de Constituição e Justiça, com a emenda modificativa, em anexo.",GAB DEP FÁBIO FÉLIX,111581,2024-02-27T15:06:08.703
2022,Projeto de Lei,2540,Institui o Política Distrital de Educação Preventiva contra a Hanseníase e de Combate ao Preconceito no Distrito Federal.,CONSTITUIÇÃO E JUSTIÇA,clausula_da,admissivel_com_ressalva,Não apreciado(a),"Pelo exposto, considerando a possibilidade de correção dos vícios identificados, nosso voto é pela ADMISSIBILIDADE do Projeto de Lei nº 2540/2022, na forma das EMENDAS anexas.",GAB DEP FÁBIO FÉLIX,287587,2025-02-25T11:39:50.583
2022,Projeto de Lei,2566,"Dispõe sobre a distância para a instalação das Faixas de Travessia de Pedestre com os Pólos Geradores de Viagens, no âmbito do Distrito Federal",CONSTITUIÇÃO E JUSTIÇA,clausula_da,inadmissivel,Não apreciado(a),"parágrafo único da Constituição Federal, nos arts. 15, XXII, 53 e 337 da Lei Orgânica do Distrito Federal, bem como nos arts. 7º, I, 12, I, 21, I a III, 22, I, 90, §1º e 91 do Código de Trânsito Brasileiro, nosso voto é pela INADMISSIBILIDADE do Projeto de Lei nº 2.566/2022 e do substitutivo a ele apresentado no âmbito da CMTU.",GAB DEP CHICO VIGILANTE,98029,2023-10-19T15:20:41.607
2022,Projeto de Lei,2703,"Altera dispositivos da Lei nº 3.543, de 11 de janeiro de 2005, que “Institui o Dia do Skatista no Distrito Federal”.",CONSTITUIÇÃO E JUSTIÇA,clausula_da,admissivel,Aprovado(a),"i nº 5.543, de 11 de janeiro de 2005, como objeto de alteração, quando, na realidade, é a Lei nº 3.543, de 11 de janeiro de 2005, conforme mencionado na ementa e no caput do art. 1º. Diante do exposto, manifestamos voto pela ADMISSIBILIDADE do Projeto de Lei nº 2.703/2022, com o acatamento da Emenda de Redação nº 1, da CESC, no âmbito da Comissão de Constituição e Justiça.",GAB DEP FÁBIO FÉLIX,66791,2023-04-03T16:41:32.79
2022,Projeto de Lei,2704,"Institui e inclui no Calendário Oficial de Eventos do Distrito Federal, o ""Dia Distrital da Lipomielomeningocele"", no âmbito do Distrito Federal.",CONSTITUIÇÃO E JUSTIÇA,clausula_da,admissivel_com_ressalva,Aprovado(a),"Diante dessas ponderações, manifestamos voto pela ADMISSIBILIDADE do Projeto de Lei nº 2.704/2022, no âmbito da CCJ, na forma do substitutivo apresentado.",GAB DEP IOLANDO,77537,2023-06-07T12:05:30.29
2022,Projeto de Lei,2704,"Institui e inclui no Calendário Oficial de Eventos do Distrito Federal, o ""Dia Distrital da Lipomielomeningocele"", no âmbito do Distrito Federal.",CONSTITUIÇÃO E JUSTIÇA,clausula_da,admissivel_com_ressalva,Não apreciado(a),"Diante dessas ponderações, manifestamos voto pela ADMISSIBILIDADE do Projeto de Lei nº 2.704/2022, no âmbito da CCJ, na forma do substitutivo apresentado.",GAB DEP IOLANDO,77532,2023-06-07T11:54:53.437
2022,Projeto de Lei,2720,"Altera a Lei nº 4.949, de 15 de outubro de 2012, que estabelece normas gerais para realização de concurso público pela administração direta, autárquica e fundacional do Distrito Federal.",CONSTITUIÇÃO E JUSTIÇA,clausula_da,admissivel_com_ressalva,Não apreciado(a),"III - CONCLUSÃO Pelo exposto, manifestamos voto pela ADMISSIBILIDADE constitucional e jurídica do Projeto de Lei nº 2.720/2022, na forma da subemenda em anexo.",GAB DEP ROBÉRIO NEGREIROS,304058,2025-06-24T10:36:29.17
2022,Projeto de Lei,2734,"Institui o Polo Agroecológico e Agroturístico do Lago Oeste na região conhecida como Núcleo Rural Lago Oeste, Região Administrativa de Sobradinho",CONSTITUIÇÃO E JUSTIÇA,clausula_da,admissivel,Não apreciado(a),"Pelo exposto, no âmbito desta Comissão de Constituição e Justiça, votamos pela ADMISSIBILIDADE do Projeto de Lei nº 2.734 /2022.",GAB DEP IOLANDO,304088,2025-06-24T14:09:28.487
2022,Projeto de Lei,2735,"As empresas e os estabelecimentos comerciais de vendas no varejo e atacado, que possuam serviço de atendimento ao cliente - SAC ou assemelhados iniciados pelo prefixo 0800, devem assegurar aos consumidores, a gratuidade do atendimento telefônico para efetuar reclamação, esclarecimentos de dúvidas, suspensão ou cancelamento de contratos, cadastros e de serviços ou de prestação de outros serviços, no âmbito do Distrito Federal.",CONSTITUIÇÃO E JUSTIÇA,clausula_da,admissivel_com_ressalva,Não apreciado(a),"Por todo o exposto, nosso voto é pela ADMISSIBILIDADE do Projeto de Lei n.º 2735, de 2022, na forma do substitutivo da Comissão de Defesa do Consumidor.",GAB DEP ROBÉRIO NEGREIROS,294511,2025-04-28T14:30:11.93
2022,Projeto de Lei,2746,"Estabelece a Política Distrital de Fomento ao Remo no Distrito Federal, denominada Lei Pró-Remo.",CONSTITUIÇÃO E JUSTIÇA,clausula_da,admissivel,Aprovado(a),"Diante de todo o exposto, manifestamo-nos pela ADMISSIBILIDADE do Projeto de Lei nº 2.746/2022, no âmbito da CCJ, com as emendas supressivas em anexo.",GAB DEP THIAGO MANZONI,85199,2023-08-22T10:58:00.163
2022,Projeto de Lei,2747,Institui a Medalha do Mérito Cristão e dá outras providências.,CONSTITUIÇÃO E JUSTIÇA,clausula_da,admissivel,Aprovado(a),"Em razão do exposto, manifesta-se voto pela ADMISSIBILIDADE do Projeto de Lei nº 2.747/2022 e da Emenda Supressiva apresentada no âmbito desta Comissão de Constituição e Justiça.",GAB DEP ROBÉRIO NEGREIROS,111534,2024-02-27T10:39:35.487
2022,Projeto de Lei,2747,Institui a Medalha do Mérito Cristão e dá outras providências.,CONSTITUIÇÃO E JUSTIÇA,clausula_da,inadmissivel,Não apreciado(a),"Em razão do exposto, manifesta-se voto pela INADMISSIBILIDADE do Projeto de Lei nº 2.747/2022 no âmbito desta CCJ.",GAB DEP ROBÉRIO NEGREIROS,83302,2023-08-09T08:59:24.803
2022,Projeto de Lei,2753,"Altera a Lei 5.216/13, que “Institui o Programa Jovem Candango”, para ampliar o limite etário para contratação de aprendizes por empresas e órgãos públicos, e dá outras providências.",CONSTITUIÇÃO E JUSTIÇA,clausula_da,admissivel,Aprovado(a),"Pelo exposto, nosso voto é pela ADMISSIBILIDADE do Projeto de Lei n.º 2.753, de 2022, com as Emendas n.º 1 e 2 da Comissão de Assuntos Sociais e pela INADMISSIBILIDADE da Emenda n.º 3 da mesma Comissão.",GAB DEP THIAGO MANZONI,78660,2023-06-14T18:51:48.307
2022,Projeto de Lei,2765,Institui o dia 21 de maio como o “Dia Distrital da nutrição na primeira infância”.,CONSTITUIÇÃO E JUSTIÇA,clausula_da,admissivel,Aprovado(a),"Feitas essas ponderações, manifestamos voto pela ADMISSIBILIDADE do Projeto de Lei nº 2.765/2022, no âmbito da CCJ, conforme substitutivo anexo.",GAB DEP IOLANDO,82456,2023-07-25T18:03:22.847
2022,Projeto de Lei,2766,"Altera a Lei n° 6.269, de 19 de janeiro de 2019, que dispõe sobre o Zoneamento Ecológico e Econômico do Distrito Federal e dá outras providências.",CONSTITUIÇÃO DE JUSTIÇA,clausula_da,admissivel,Aprovado(a),"CONCLUSÃO Assim, com fundamento no art. 63, inciso I, do RICLDF, manifesta-se voto pela ADMISSIBILIDADE do PL nº 2.766/2022, no âmbito desta CCJ.",CCJ,129157,2024-08-21T12:22:11.377
2022,Projeto de Lei,2768,Dispõe sobre a veiculação de mensagens educativas de conscientização sobre proteção animal nos monitores dos vagões de metrô e ônibus do transporte público coletivo no Distrito Federal e dá outras providências.,CONSTITUIÇÃO E JUSTIÇA,clausula_da,admissivel,Não apreciado(a),"III - CONCLUSÃO Dessa maneira, no âmbito desta Comissão de Constituição e Justiça, manifestamos voto pela ADMISSIBILIDADE do Projeto de Lei nº 2.768, de 2022, com a Emenda Modificativa anexa.",GAB DEP FÁBIO FÉLIX,301662,2025-06-09T14:36:07.703
2022,Projeto de Lei,2777,"Dispõe sobre a proibição de aplicação de exames e provas do Curso de Formação, em dias de guarda religiosa, no âmbito do Distrito Federal.",CONSTITUIÇÃO E JUSTIÇA,clausula_da,admissivel_com_ressalva,Aprovado(a),"Pelo exposto, nosso voto é pela ADMISSIBILIDADE do Projeto de Lei n.° 2.777, de 2022, e das emendas da Comissão de Economia, Orçamento e Finanças, na forma do substitutivo anexo.",GAB DEP FÁBIO FÉLIX,101178,2023-11-06T22:49:51.453
2022,Projeto de Lei,2777,"Dispõe sobre a proibição de aplicação de exames e provas do Curso de Formação, em dias de guarda religiosa, no âmbito do Distrito Federal.",CONSTITUIÇÃO E JUSTIÇA,clausula_da,admissivel_com_ressalva,Não apreciado(a),"Pelo exposto, nosso voto é pela ADMISSIBILIDADE do Projeto de Lei n.° 2.777, de 2022, e das emendas da Comissão de Economia, Orçamento e Finanças, na forma do substitutivo anexo.",GAB DEP FÁBIO FÉLIX,93248,2023-09-28T15:59:28.263
2022,Projeto de Lei,2779,"Ratifica o protocolo de intenções firmado entre o Distrito Federal e demais Estados da Federação para a constituição do Consórcio Interestadual “BRASIL VERDE”, com o objetivo de promover o enfrentamento aos efeitos adversos da mudança do clima no Brasil.",CONSTITUIÇÃO E JUSTIÇA,clausula_da,admissivel,Aprovado(a),"Por todo o exposto, nosso voto é pela ADMISSIBILIDADE do Projeto de Lei nº 2.779, de 2022 com a Emenda nº. 1, do Deputado Leandro Grass.",GAB DEP CHICO VIGILANTE,65995,2023-03-30T15:01:50.107
2022,Projeto de Lei,2780,Inclui no Calendário Oficial de Eventos do Distrito Federal o dia da “Maratona Monumental de Brasília”.,CONSTITUIÇÃO E JUSTIÇA,clausula_da,admissivel,Aprovado(a),"Diante do exposto, manifestamos voto pela ADMISSIBILIDADE do Projeto de Lei nº 2780/2022, no âmbito da Comissão de Constituição e Justiça, com o acolhimento do substitutivo anexo.",GAB DEP ROBÉRIO NEGREIROS,106847,2023-12-07T18:12:17.187
2022,Projeto de Lei,2817,"Estabelece a Política Distrital de Fomento a Patinação no Distrito Federal, denominada Lei Pró-Patinação.",CONSTITUIÇÃO E JUSTIÇA,clausula_da,admissivel,Aprovado(a),"Diante de todo o exposto, manifestamo-nos pela ADMISSIBILIDADE do Projeto de Lei nº 2.817/2022, no âmbito da CCJ, com a emenda supressiva nº 1 da CEOF e com a emenda supressiva em anexo.",GAB DEP FÁBIO FÉLIX,74911,2023-05-25T11:43:18.247
2022,Projeto de Lei,2866,"Institui o Programa Distrital de Incentivo à Economia Circular, âmbito do Distrito Federal. ",CONSTITUIÇÃO DE JUSTIÇA,clausula_da,admissivel,Aprovado(a),"III - CONCLUSÃO Diante do exposto, manifestamos voto pela ADMISSIBILIDADE do Projeto de Lei nº 2.866/2022, no âmbito desta Comissão de Constituição e Justiça, com as emendas modificativas em anexo.",CCJ,109536,2024-02-06T11:32:50.553
2022,Projeto de Lei,2895,"“Reconhece o  Wheeling, Stunt ou Grau de Rua  e demais manobras de motocicletas como prática esportiva no Distrito Federal e dá outras providências.”",CONSTITUIÇÃO E JUSTIÇA,clausula_da,admissivel,Aprovado(a),"Do exposto, manifestamos voto pela ADMISSIBILIDADE do Projeto de Lei nº 2.895/2022.",GAB DEP FÁBIO FÉLIX,108905,2024-01-15T17:43:03.747
2022,Projeto de Lei,2898,"Institui o Dia do Influenciador Digital no âmbito do Distrito Federal a ser comemorado anualmente todo dezessete de maio, e dá outras providências.",CONSTITUIÇÃO E JUSTIÇA,clausula_da,admissivel_com_ressalva,Aprovado(a),"Diante do exposto, manifestamos voto pela ADMISSIBILIDADE do Projeto de Lei nº 2.898/2022, no âmbito da Comissão de Constituição e Justiça, na forma do Substitutivo apresentado.",GAB DEP ROBÉRIO NEGREIROS,119585,2024-04-22T17:07:46.12
2022,Projeto de Lei,2921,Institui e inclui no Calendário Oficial de Eventos do Distrito Federal o Dia Distrital do Motoboy.,CONSTITUIÇÃO E JUSTIÇA,clausula_da,admissivel,Aprovado(a),"Diante do exposto, manifestamos voto pela ADMISSIBILIDADE do Projeto de Lei nº 2.921/2022, no âmbito da Comissão de Constituição e Justiça.",GAB DEP CHICO VIGILANTE,125677,2024-06-21T11:43:30.467
2022,Projeto de Lei,2925,"DISPÕE SOBRE A OBRIGATORIEDADE DA FIXAÇÃO DE ADESIVOS NOS VEÍCULOS DO SISTEMA PÚBLICO DO TRANSPORTE COLETIVO STPC/DF, PARA INDICAR A LOCALIZAÇÃO DO “PONTO CEGO” AOS CICLISTAS E MOTOCICLISTAS.",CONSTITUIÇÃO E JUSTIÇA,clausula_da,admissivel,Não apreciado(a),"ento nos arts. 23, inciso XII, 30, incisos I e V, e § 1º, todos da Constituição Federal; nos arts. 3º, inciso VI, 71, inciso I, 335, caput, e 342, inciso III; todos da Lei Orgânica do Distrito Federal; manifestamos voto pela ADMISSIBILIDADE constitucional e jurídica do Projeto de Lei nº 2.925, de 2022.",GAB DEP CHICO VIGILANTE,335058,2026-06-02T18:44:19.097
2022,Projeto de Lei,2927,Institui no calendário oficial de eventos do Distrito Federal a “Semana da Educação Financeira nas escolas públicas”.,CONSTITUIÇÃO E JUSTIÇA,clausula_da,admissivel,Aprovado(a),"Destarte, com fundamento no art. 63, inciso I, do RICLDF, manifesta-se voto pela ADMISSIBILIDADE do PL nº 2.927/2022, no âmbito desta CCJ.",CCJ,103254,2023-11-13T17:23:02.127
2022,Projeto de Lei,2936,Institui e inclui no Calendário Oficial de Eventos do Distrito Federal o “Dia de Conscientização do FeLV – Vírus da Leucemia Felina” e dá outras providências.,CONSTITUIÇÃO E JUSTIÇA,clausula_da,admissivel,Aprovado(a),"Diante do exposto, manifestamos voto pela ADMISSIBILIDADE do Projeto de Lei nº 2.936/2022, no âmbito da Comissão de Constituição e Justiça, nos termos da emenda modificativa anexa.",GAB DEP CHICO VIGILANTE,78598,2023-06-14T15:12:49.157
2022,Projeto de Lei,2958,"Altera a Lei n° 6.302, de 16 de maio de 2019, que dispõe sobre a extinção da Agência de Fiscalização do Distrito Federal e a criação da Secretaria de Estado de Proteção da Ordem Urbanística do Distrito Federal - DF Legal.",CONSTITUIÇÃO E JUSTIÇA,clausula_da,admissivel_com_ressalva,Aprovado(a),"Por todo o exposto, nosso voto é pela ADMISSIBILIDADE constitucional e jurídica do Projeto de Lei nº 2.958, de 2022, na forma do substitutivo em anexo.",GAB DEP THIAGO MANZONI,66843,2023-04-03T18:49:52.527
2022,Projeto de Lei,2963,"Institui a Campanha de Conscientização sobre a Cinomose Canina, no âmbito do Distrito Federal e dá outras providências.

",CONSTITUIÇÃO E JUSTIÇA,clausula_da,admissivel,Aprovado(a),"Diante de todo o exposto, manifestamo-nos pela admissibilidade do Projeto de Lei nº 2963/2022, no âmbito da CCJ.",GAB DEP FÁBIO FÉLIX,78807,2023-06-16T10:54:26.573
2022,Projeto de Lei,2968,Dispõe sobre o acolhimento dos dependentes no âmbito do Corpo de Bombeiros Militar do Distrito Federal e da Polícia Militar do Distrital e dá outras providências.,CONSTITUIÇÃO E JUSTIÇA,clausula_da,admissivel,Aprovado(a),"Com essas considerações, com fundamento no art. 24, incisos VIII e XV e §§ 1º e 2º, da Constituição e no art. 71 da Lei Orgânica e não havendo nenhum impedimento legal, conclui-se pela ADMISSIBILIDADE do Projeto de Lei nº 2968/2022, no âmbito desta Comissão de Constituição e Justiça - CCJ.",GAB DEP ROBÉRIO NEGREIROS,288259,2025-02-27T09:15:30.287
2022,Projeto de Lei,2968,Dispõe sobre o acolhimento dos dependentes no âmbito do Corpo de Bombeiros Militar do Distrito Federal e da Polícia Militar do Distrital e dá outras providências.,CONSTITUIÇÃO E JUSTIÇA,clausula_da,inadmissivel,Não apreciado(a),"Diante do exposto, nosso voto é pela INADMISSIBILIDADE do Projeto de Lei nº 2.968 de 2022, no âmbito da Comissão de Constituição e Justiça.",GAB DEP ROBÉRIO NEGREIROS,281648,2024-12-19T14:21:28.333
2022,Projeto de Lei,3005,"Estabelece diretrizes para a criação da Política Distrital Atendimento às Pessoas com dor crônica, bem como para o sistema distrital de informações sobre o cuidado a pessoa com dor crônica.",CONSTITUIÇÃO DE JUSTIÇA,clausula_da,admissivel,Aprovado(a),"CONCLUSÃO Assim, com fundamento no art. 63, inciso I, do RICLDF, manifesta-se voto pela ADMISSIBILIDADE do PL nº 3.005/2022 e das emendas n.º 1, 2 e 3, aprovadas no âmbito da CESC.",CCJ,129669,2024-08-26T15:55:01.077
2022,Projeto de Lei,3009,Institui a Semana Distrital de Prevenção de Afogamentos,CONSTITUIÇAO E JUSTIÇA,clausula_da,admissivel,Aprovado(a),"Diante do exposto, manifestamos voto pela ADMISSIBILIDADE do Projeto de Lei nº 3.009/2022, no âmbito da Comissão de Constituição e Justiça.",GAB DEP IOLANDO,81071,2023-06-28T17:45:57.2
2022,Projeto de Lei,3014,"Dispõe sobre a obrigatoriedade de que hospitais da rede pública e privada de saúde do Distrito Federal, forneçam por escrito a informação sobre a realização de implante metálico às pessoas nesta condição. ",CONSTITUIÇÃO E JUSTIÇA,clausula_da,sem_clausula,Não apreciado(a),,GAB DEP ROBÉRIO NEGREIROS,324917,2026-02-11T16:17:09.51
2022,Projeto de Lei,3022,Dispõe sobre a proibição de marcação a ferro candente em animais de produção no âmbito do Distrito Federal e dá outras providências.,CONSTITUIÇÃO E JUSTIÇA,clausula_da,admissivel,Não apreciado(a),"III – CONCLUSÃO Diante do exposto, no âmbito desta Comissão de Constituição e Justiça, manifestamos voto pela ADMISSIBILIDADE do Projeto de Lei nº 3.022, de 2022.",GAB DEP FÁBIO FÉLIX,126782,2024-07-02T17:38:08.92
2022,Projeto de Lei,3025,"As unidades públicas de saúde do Distrito Federal e demais instituições que recebam recurso do Sistema Único de Saúde devem manter, em suas fachadas, bandeira  do SUS, conforme padrão do Ministério da Saúde.",CONSTITUIÇÃO E JUSTIÇA,clausula_da,admissivel_com_ressalva,Não apreciado(a),"exposto, com fundamento nos arts. 6º, 24, inciso XII, e 198 e seguintes, todos da Constituição Federal, bem como nos arts. 3º, inciso VI, 17, inciso X, 71, e 204, todos da Lei Orgânica do Distrito Federal, nosso voto é pela ADMISSIBILIDADE do Projeto de Lei n.º 3025/2022, na forma do substitutivo em anexo.",GAB DEP ROBÉRIO NEGREIROS,128194,2024-08-09T15:11:34.317
2022,Projeto de Lei,3045,"Altera a Lei n° 4.077, de 28 de dezembro de 2007, que Cria o Fundo de Modernização, Manutenção e Reequipamento da Polícia Militar do Distrito Federal – FUNPM.",CONSTITUIÇÃO DE JUSTIÇA,clausula_da,admissivel,Aprovado(a),"paro a ser empreendido, concluímos que o Projeto de Lei ora analisado está de acordo com a constitucionalidade, juridicidade, legalidade, regimentalidade, técnica legislativa e redação, razão pela qual se manifesta voto pela ADMISSIBILIDADE do Projeto de Lei nº 3045/2022.",GAB DEP THIAGO MANZONI,85164,2023-08-22T09:10:13.363
2022,Projeto de Lei,3046, Institui o Dia Distrital de Conscientização sobre a doença Espondilite Anquilosante.,CONSTITUIÇÃO E JUSTIÇA,clausula_da,admissivel,Aprovado(a),"ta), o numeral 30, referente ao dia do mês, não pode ser escrito por extenso entre parêntesis, pois isso está vedado pelo inciso IV do art. 50 da Lei Complementar nº 13/1996. Diante dessas ponderações, manifestamos voto pela ADMISSIBILIDADE do Projeto de Lei nº 3.046/2022, no âmbito da CCJ.",GAB DEP IOLANDO,79107,2023-06-19T17:46:05.473
2022,Projeto de Lei,3050,"
Dispõe sobre a garantia de matrícula para irmãos na mesma unidade escolar da rede pública de ensino do Distrito Federal. 
",CONSTITUIÇÃO E JUSTIÇA,clausula_da,admissivel,Aprovado(a),"Com essas considerações, manifestamos voto pela ADMISSIBILIDADE CONSTITUCIONAL E JURÍDICA do Projeto de Lei nº 3.050/2022, com a emenda da CESC e a emenda de relator anexa.",GAB DEP CHICO VIGILANTE,98020,2023-10-19T14:56:03.62
2022,Projeto de Lei,3061,"Dispõe sobre a obrigação do registro de reclamações apresentadas presencialmente pelos consumidores nas agências bancárias, cooperativas de crédito e correspondentes bancários, estabelecidos no Distrito Federal e dá outras providências.",CONSTITUIÇÃO E JUSTIÇA,clausula_da,admissivel_com_ressalva,Aprovado(a),"Diante do exposto, com fundamento nos arts. 24, VI e VIII, 5°, XXXII e 170, V da Constituição Federal, bem como nos arts. 71, 158, V e 264, todos da Lei Orgânica do Distrito Federal, nosso voto é pela ADMISSIBILIDADE do Projeto de Lei n.º 3.061/2022, na forma do substitutivo anexo.",GAB DEP FÁBIO FÉLIX,108842,2024-01-10T18:00:36.447
2022,Projeto de Lei,3063,"Institui a Semana de Conscientização sobre a Importância da Liberdade de Imprensa para a Democracia, a ser comemorada na primeira semana do mês de abril.",CONSTITUIÇÃO E JUSTIÇA,clausula_da,admissivel,Aprovado(a),"Diante do exposto, manifestamos voto pela ADMISSIBILIDADE do Projeto de Lei nº 3.063/2022, no âmbito da Comissão de Constituição e Justiça, nos termos do Substitutivo anexo.",GAB DEP ROBÉRIO NEGREIROS,103678,2023-11-17T09:38:10.927
2022,Projeto de Lei,3066,"Institui o Dia Distrital de Luta contra a Intolerância Política e de Promoção da Tolerância Democrática, a ser celebrado anualmente no dia 09 de julho.",CONSTITUIÇÃO E JUSTIÇA,clausula_da,admissivel,Aprovado(a),"Diante do exposto, manifestamos voto pela ADMISSIBILIDADE do Projeto de Lei nº 3.066/2022, no âmbito da Comissão de Constituição e Justiça, com o acolhimento da emenda modificativa anexa.",GAB DEP IOLANDO,103418,2023-11-14T14:08:46.683
2022,Projeto de Lei,3067,"Disciplina a obrigatoriedade da divulgação, no Diário Oficial do Distrito Federal e por meio do portal da transparência, da relação das pessoas jurídicas beneficiárias de renúncias fiscais estabelecidas por atos oficiais do Poder Executivo e do valor da renúncia correspondente a cada uma delas.",CONSTITUIÇÃO E JUSTIÇA,clausula_da,inadmissivel,Não apreciado(a),"Do exposto, louvando o indiscutível mérito da iniciativa, resta-nos tão somente manifestar voto pela INADMISSIBILIDADE JURÍDICA do Projeto de Lei nº 3.067/2022 e do substitutivo da Comissão de Economia, Orçamento e Finanças.",GAB DEP ROBÉRIO NEGREIROS,305014,2025-07-14T17:10:07.893
2022,Projeto de Lei,3068,"Institui a Semana Educar pela Igualdade Racial nas Escolas do Distrito Federal, a ser realizada anualmente no mês de março.",CONSTITUIÇÃO E JUSTIÇA,clausula_da,admissivel_com_ressalva,Não apreciado(a),"III – CONCLUSÃO Diante do exposto, manifestamos voto pela ADMISSIBILIDADE do Projeto de Lei nº 3.068/2022, no âmbito da Comissão de Constituição e Justiça, na forma do Substitutivo anexo.",GAB DEP ROBÉRIO NEGREIROS,298359,2025-05-20T13:54:44.973
2022,Projeto de Lei,3069,"Dispõe sobre a prestação dos serviços públicos de iluminação pública no Distrito Federal, e dá outras providências.",CONSTITUIÇÃO E JUSTIÇA,clausula_da,admissivel_com_ressalva,Não apreciado(a),"Por esses motivos, no âmbito da Comissão de Constituição e Justiça, nos manifestamos no pela ADMISSIBILIDADE ao Projeto de Lei nº 3069/2022, de autoria do Poder Executivo, na forma da Emenda Substitutiva 13 (SUBSTITUTIVO)",GAB DEP ROBÉRIO NEGREIROS,79215,2023-06-20T10:11:38.783
2022,Proposta de Emenda à Lei Orgânica,43,Altera o art. 51 da Lei Orgânica do Distrito Federal.,CONSTITUIÇÃO E JUSTIÇA,clausula_da,admissivel,Aprovado(a),"Por todo o exposto, votamos pela ADMISSIBILIDADE da Proposta de Emenda à Lei Orgânica n.º 43/2022.",GAB DEP THIAGO MANZONI,68530,2023-04-18T18:26:24.653
2023,Projeto de Decreto Legislativo,1,"Concede, post mortem, o Título de Cidadão Honorário de Brasília ao desportista Edson Arantes do Nascimento (Pelé).",CONSTITUIÇÃO DE JUSTIÇA,clausula_da,admissivel,Aprovado(a),"Pelo exposto, manifestamos voto pela ADMISSIBILIDADE do Projeto de Decreto Legislativo nº 1/2023 no âmbito da CCJ.",GAB DEP THIAGO MANZONI,291900,2025-03-31T18:56:33.613
2023,Projeto de Decreto Legislativo,11,"Concede Título de Cidadão Honorário de Brasília ao Sr. Rogério Portugal Bacellar.
",CONSTITUIÇÃO E JUSTIÇA,clausula_da,admissivel,Aprovado(a),"são legislativa, veiculado pelo § 1º do art. 2º da Resolução nº 334/2023. Consulta ao sistema PLe nos informa que foi o segundo PDL congênere apresentado pelo primeiro subscritor em 2023. Pelo exposto, manifestamos voto pela ADMISSIBILIDADE do Projeto de Decreto Legislativo nº 11/2023 no âmbito da CCJ.",GAB DEP FÁBIO FÉLIX,126805,2024-07-03T17:23:48.203
2023,Projeto de Decreto Legislativo,12,Concede o título de cidadão honorário de Brasília ao Professor Doutor Celio da Cunha.,CONSTITUIÇÃO E JUSTIÇA,clausula_da,admissivel,Aprovado(a),"Por esses motivos, voto pela ADMISSIBILIDADE do Projeto de Decreto Legislativo nº 12/2023.",GAB DEP IOLANDO,92983,2023-09-27T17:37:09.897
2023,Projeto de Decreto Legislativo,13,"Homologa os Convênios de ICMS Nºs 133/2021, 158/2021, 218/2021, 31/2022 e 141/2022, que alteram o Convênio ICMS nº 87/02, aprovados pelo Conselho Nacional de Política Fazendária - CONFAZ.",CONSTITUIÇÃO E JUSTIÇA,clausula_da,admissivel,Aprovado(a),"Por todo o exposto, no âmbito da Comissão de Constituição e Justiça, votamos pela ADMISSIBILIDADE do Projeto de Decreto Legislativo n.º 13 de 2023, de autoria da CEOF.",GAB DEP THIAGO MANZONI,65275,2023-03-27T19:22:06.98
2023,Projeto de Decreto Legislativo,16,Concede o Título de Cidadão Honorário de Brasília ao Senhor Tião Rodrigues.,CONSTITUIÇÃO E JUSTIÇA,clausula_da,admissivel,Aprovado(a),"Em razão do exposto, manifesta-se voto pela ADMISSIBILIDADE do Projeto de Decreto Legislativo nº 16/2023 no âmbito desta CCJ.",GAB DEP ROBÉRIO NEGREIROS,90047,2023-09-13T15:10:11.533
2023,Projeto de Decreto Legislativo,18,"Concede o Título de Cidadão Honorário de Brasília ao Senhor Renato Guanabara Leal de Araújo.

 ",CONSTITUIÇÃO E JUSTIÇA,clausula_da,admissivel,Aprovado(a),"Em razão do exposto, e nada havendo qualquer reparo a apontar quanto aos aspectos de juridicidade, legalidade, regimentalidade, manifestamos nosso voto pela ADMISSIBILIDADE do Projeto de Decreto Legislativo nº 18/2023 no âmbito desta Comissão de Constituição e Justiça.",GAB DEP THIAGO MANZONI,84065,2023-08-14T11:31:55.983
2023,Projeto de Decreto Legislativo,19,Concede o Título de Cidadão Honorário de Brasília a Senhora Vera Lúcia Bezerra da Silva.,CONSTITUIÇÃO E JUSTIÇA,clausula_da,admissivel,Aprovado(a),"nstantes do art. 3º, o PDL nº 19/2023 está em conformidade com o limite quantitativo, de oito proposituras por sessão legislativa, veiculado pelo § 1º do art. 2º da Resolução nº 334/2023. Pelo exposto, manifestamos voto pela ADMISSIBILIDADE do Projeto de Decreto Legislativo nº 19/2023 no âmbito desta Comissão de Constituição e Justiça.",GAB DEP THIAGO MANZONI,97786,2023-10-18T13:52:51.16
2023,Projeto de Decreto Legislativo,21,"Concede o Título de Cidadão Honorário de Brasília ao Excelentíssimo Senhor Ives Gandra da Silva Martins Filho, Ministro do Tribunal Superior do Trabalho.",CONSTITUIÇÃO DE JUSTIÇA,clausula_da,admissivel,Aprovado(a),"Em razão do exposto, manifesta-se voto pela ADMISSIBILIDADE do Projeto de Decreto Legislativo nº 21/2023 no âmbito desta CCJ.",GAB DEP ROBÉRIO NEGREIROS,87004,2023-08-31T16:40:45.16
2023,Projeto de Decreto Legislativo,24,Concede o Título de Cidadão Honorário de Brasília ao senhor Moustafa Nasser Mouhamad.,CONSTITUIÇÃO E JUSTIÇA,clausula_da,admissivel,Aprovado(a),"Diante do exposto, nosso voto é pela ADMISSIBILIDADE do Projeto de Decreto Legislativo nº 24, de 2023, no âmbito desta Comissão de Constituição e Justiça.",GAB DEP IOLANDO,118979,2024-04-17T17:51:00.283
2023,Projeto de Decreto Legislativo,35,Concede a Alexandre Loyola o título de Cidadão Honorário de Brasília,CONSTITUIÇÃO E JUSTIÇA,clausula_da,admissivel,Não apreciado(a),"1º do art. 2º da Resolução nº 334/2023. Consulta ao sistema PLe nos informa que foi o primeiro PDL congênere apresentado pelo autor, na condição de primeiro ou único subscritor, em 2023. Pelo exposto, manifestamos voto pela ADMISSIBILIDADE do Projeto de Decreto Legislativo nº 35/2023 no âmbito da CCJ.",GAB DEP CHICO VIGILANTE,116862,2024-04-08T13:22:33.537
2023,Projeto de Decreto Legislativo,35,Concede a Alexandre Loyola o título de Cidadão Honorário de Brasília,CONSTITUIÇÃO E JUSTIÇA,clausula_da,admissivel_com_ressalva,Aprovado(a),"1º do art. 2º da Resolução nº 334/2023. Consulta ao sistema PLe nos informa que foi o primeiro PDL congênere apresentado pelo autor, na condição de primeiro ou único subscritor, em 2023. Pelo exposto, manifestamos voto pela ADMISSIBILIDADE do Projeto de Decreto Legislativo nº 35/2023 no âmbito da CCJ, na forma do SUBSTITUTIVO aprovado na Comissão de Assuntos Sociais.",GAB DEP CHICO VIGILANTE,120766,2024-05-08T16:37:40.66
2023,Projeto de Decreto Legislativo,39,"Concede o título de cidadão honorário de Brasília ao Dr. Sebastião Alves dos Reis Junior, Ministro do Superior Tribunal de Justiça.",CONSTITUIÇÃO E JUSTIÇA,clausula_da,admissivel,Aprovado(a),"nstantes do art. 3º, o PDL nº 39/2023 está em conformidade com o limite quantitativo, de oito proposituras por sessão legislativa, veiculado pelo § 1º do art. 2º da Resolução nº 334/2023. Pelo exposto, manifestamos voto pela ADMISSIBILIDADE do Projeto de Decreto Legislativo nº 39/2023 no âmbito desta Comissão de Constituição e Justiça.",GAB DEP ROBÉRIO NEGREIROS,95072,2023-10-04T16:50:11.67
2023,Projeto de Decreto Legislativo,45,Concede o Título de Cidadão Honorário de Brasília ao senhor Jorge Rodrigo Araújo Messias.  ,CONSTITUIÇÃO DE JUSTIÇA,clausula_da,admissivel,Não apreciado(a),"nstantes do art. 3º, o PDL nº 45/2023 está em conformidade com o limite quantitativo, de oito proposituras por sessão legislativa, veiculado pelo § 1º do art. 2º da Resolução nº 334/2023. Pelo exposto, manifestamos voto pela ADMISSIBILIDADE do Projeto de Decreto Legislativo nº 45/2023 no âmbito desta Comissão de Constituição e Justiça.",GAB DEP FÁBIO FÉLIX,107465,2023-12-13T16:33:06.083
2023,Projeto de Decreto Legislativo,49,"Concede Título de Cidadão Honorário de Brasília ao senhor Rodrigo Cavalcanti Magalhães - Tico Magalhães, Capitão do Grupo Seu Estrelo e o Fuá do Terreiro.",CONSTITUIÇÃO E JUSTIÇA,clausula_da,admissivel,Aprovado(a),"1º do art. 2º da Resolução nº 334/2023. Consulta ao sistema PLe nos informa que foi o terceiro PDL congênere apresentado pelo autor, na condição de primeiro ou único subscritor, em 2023. Pelo exposto, manifestamos voto pela ADMISSIBILIDADE do Projeto de Decreto Legislativo nº 49/2023 no âmbito da CCJ. ________________________ [1]https://pt.wikipedia.org/wiki/Tico_Magalh%C3%A3es [2]https://g1.globo.com/df/distrito-federal/noticia/2019/08/14/tico-magalhaes-mestra-maria-e-martinha-do-coco-sao-home",GAB DEP FÁBIO FÉLIX,111435,2024-02-26T10:50:02.06
2023,Projeto de Decreto Legislativo,51,Concede o Título de Cidadão Honorário de Brasília ao Senhor Conselheiro Inácio Magalhães Filho.,CONSTITUIÇÃO E JUSTIÇA,clausula_da,admissivel,Aprovado(a),"nstantes do art. 3º, o PDL nº 51/2023 está em conformidade com o limite quantitativo, de oito proposituras por sessão legislativa, veiculado pelo § 1º do art. 2º da Resolução nº 334/2023. Pelo exposto, manifestamos voto pela ADMISSIBILIDADE do Projeto de Decreto Legislativo nº 51/2023 no âmbito desta Comissão de Constituição e Justiça.",GAB DEP THIAGO MANZONI,116898,2024-04-08T18:36:33.83
2023,Projeto de Decreto Legislativo,55,"Concede Título de Cidadão Benemérito de Brasília ao ilustrador, produtor visual, designer gráfico e de produto, escritor, dramaturgo, cenógrafo e diretor teatral Roger Mello.",CONSTITUIÇÃO E JUSTIÇA,clausula_da,admissivel_com_ressalva,Aprovado(a),"III - CONCLUSÕES Pelo exposto, manifestamos voto pela ADMISSIBILIDADE do Projeto de Decreto Legislativo nº 55/2023 no âmbito da CCJ, na forma do substitutivo anexo.",GAB DEP FÁBIO FÉLIX,300422,2025-05-27T17:27:43.9
2023,Projeto de Decreto Legislativo,58,Concede o título de Cidadão Benemérito de Brasília ao senhor Alexandre Carlo Cruz Pereira.,CONSTITUIÇÃO E JUSTIÇA,clausula_da,admissivel,Aprovado(a),"§ 1º do art. 2º da Resolução nº 334/2023. Consulta ao sistema PLe nos informa que foi o quarto PDL congênere apresentado pelo autor, na condição de primeiro ou único subscritor, em 2023. Pelo exposto, manifestamos voto pela ADMISSIBILIDADE do Projeto de Decreto Legislativo nº 58/2023 no âmbito da CCJ.",GAB DEP CHICO VIGILANTE,117594,2024-04-11T15:32:06.587
2023,Projeto de Decreto Legislativo,6,Concede o título de cidadão benemérito de Brasília ao senhor Jair Nardelli Gifoni Gomes.,CONSTITUIÇÃO E JUSTIÇA,clausula_da,admissivel,Não apreciado(a),"constantes do art. 3º, o PDL nº 6/2023 está em conformidade com o limite quantitativo de oito proposituras por sessão legislativa, veiculado pelo § 1º do art. 2º da Resolução nº 334/2023. Pelo exposto, manifestamos voto pela ADMISSIBILIDADE do Projeto de Decreto Legislativo nº 6/2023 no âmbito da CCJ.",GAB DEP FÁBIO FÉLIX,101284,2023-11-07T14:34:55.297
2023,Projeto de Decreto Legislativo,65,"Concede o Título de Cidadã Benemérita de Brasília a Excelentíssima Senhora Drª DANIELA RODRIGUES TEIXEIRA, Ministra do Superior Tribunal de Justiça - STJ.",CONSTITUIÇÃO E JUSTIÇA,clausula_da,admissivel_com_ressalva,Aprovado(a),"III - CONCLUSÃO Pelo exposto, manifestamos voto pela ADMISSIBILIDADE do Projeto de Decreto Legislativo nº 65/2023 no âmbito da CCJ, na forma do substitutivo anexo.",GAB DEP FÁBIO FÉLIX,300396,2025-05-27T15:00:21.323
2023,Projeto de Decreto Legislativo,68,Concede o Título de Cidadão Honorário de Brasília ao Senhor Gilberto José Zortéa.,CONSTITUIÇÃO E JUSTIÇA,clausula_da,admissivel,Aprovado(a),"1º do art. 2º da Resolução nº 334/2023. Consulta ao sistema PLe informa que o projeto foi o único congênere apresentado pela autora, na condição de primeira ou única subscritora, em 2023. Pelo exposto, manifestamos voto pela ADMISSIBILIDADE do Projeto de Decreto Legislativo nº 68/2024 no âmbito da CCJ.",GAB DEP ROBÉRIO NEGREIROS,129766,2024-08-27T16:54:44.607
2023,Projeto de Decreto Legislativo,70,Concede o Título de Cidadã Honorária de Brasília à Senhora Cleidimar do Nascimento Sousa.,CONSTITUIÇÃO E JUSTIÇA,clausula_da,admissivel,Aprovado(a),"Por esses motivos, voto pela ADMISSIBILIDADE do Projeto de Decreto Legislativo nº 70/2023.",GAB DEP IOLANDO,124866,2024-06-14T16:10:53.533
2023,Projeto de Decreto Legislativo,8,"Concede o Título de Cidadão Honorário de Brasília ao Senhor Diego Chehin Ponce de Leon, popularmente conhecido como Carmela.",CONSTITUIÇÃO E JUSTIÇA,clausula_da,admissivel,Aprovado(a),"Pelo exposto, manifestamos voto pela ADMISSIBILIDADE do Projeto de Decreto Legislativo nº 8/2023 no âmbito desta Comissão de Constituição e Justiça.",GAB DEP CHICO VIGILANTE,107096,2023-12-12T10:30:33.51
2023,Projeto de Decreto Legislativo,9,"Homologa os Convênios ICMS nº 50, de 5 de julho de 2018; 59, de 30 de julho de 2020; 161, de 9 de outubro de 2021; 204, de 9 de dezembro de 2021; e 230, de 17 de dezembro de 2021, que alteram o Convênio ICMS nº 38, de 30 de março de 2012.",CONSTITUIÇÃO E JUSTIÇA,clausula_da,admissivel,Aprovado(a),"Por todo o exposto, no âmbito da Comissão de Constituição e Justiça, votamos pela ADMISSIBILIDADE do Projeto de Decreto Legislativo n.º 09 de 2023, de autoria da CEOF.",GAB DEP THIAGO MANZONI,65278,2023-03-27T19:43:58.507
2023,Projeto de Lei,1,"Altera a Lei nº 1.254, de 8 de novembro de 1996, que dispõe quanto ao Imposto sobre Operações Relativas à Circulação de Mercadorias e sobre Prestações de Serviços de Transporte Interestadual e Intermunicipal e de Comunicação - ICMS, e dá outras providências.",CONSTITUIÇÃO E JUSTIÇA,clausula_da,admissivel,Aprovado(a),"Ante o exposto, com fundamento no art. 63, inciso I e § 1º, do Regimento Interno, no âmbito desta Comissão de Constituição e Justiça manifesta-se voto pela ADMISSIBILIDADE dos Projetos de Lei nº 1/2023 e nº 467/2023, que tramitam em conjunto, nos termos do Substitutivo do Relator.",GAB DEP THIAGO MANZONI,107023,2023-12-11T14:11:55.927
2023,Projeto de Lei,107,"Altera a Lei nº 4.585, de 13 de julho de 2011, que dispõe sobre a participação de servidor, empregado público ou membro da sociedade nos órgãos de deliberação coletiva da administração direta, autárquica e fundacional, e dá outras providências.
",CONSTITUIÇÃO E JUSTIÇA,clausula_da,admissivel,Aprovado(a),"vista que a proposição observa todas as exigências formais e matérias do ordenamento jurídico e favorece o desenvolvimento da atuação governamental, no âmbito desta COMISSÃO DE CONSTITUIÇÃO E JUSTIÇA, manifestamos voto pela ADMISSIBILIDADE do Projeto de Lei nº 107, de 2023, do Poder Executivo.",GAB DEP ROBÉRIO NEGREIROS,111495,2024-02-26T16:52:19.88
2023,Projeto de Lei,112,"Institui o Programa de Suporte Psicológico e Emocional para Servidores da Saúde, Educação e Segurança Pública – Propsi.",CONSTITUIÇÃO E JUSTIÇA,clausula_da,admissivel,Aprovado(a),"Por isso, defendo a permanência da proposta original do autor para o art. 3º. Diante do exposto, no âmbito da Comissão de Constituição e Justiça, manifestamos voto pela ADMISSIBILIDADE do Projeto de Lei nº 112/2023, com admissão das emendas 3 e 4 e inadmissibilidade da emenda nº 1.",GAB DEP ROBÉRIO NEGREIROS,134818,2024-09-30T17:57:21.05
2023,Projeto de Lei,121,"Dispõe sobre a obrigatoriedade dos estabelecimentos que comercializam plantas e afins a colocarem avisos, em locais visíveis sobre plantas tóxicas aos animais.",CONSTITUIÇÃO E JUSTIÇA,clausula_da,admissivel,Não apreciado(a),"iante do exposto, com fundamento nos arts. 24, VI e VII, 5°, XXXII, 170, V e 225, § 1º, VII, da Constituição Federal, bem como nos arts. 71, 158, V, 265, II e 296, todos da Lei Orgânica do Distrito Federal, nosso voto é pela ADMISSIBILIDADE do Projeto de Lei n.º 121/2023, com as emendas anexas.",GAB DEP FÁBIO FÉLIX,80101,2023-06-26T11:53:06.783
2023,Projeto de Lei,123,"Dispõe sobre a Política Distrital de Animais de Estimação perdidos, em condição de abandono ou aptos para adoção, e dá outras providências.",CCJ,sigla_cabecalho,admissivel_com_ressalva,Aprovado(a),"III – CONCLUSÃO Diante do exposto, no âmbito desta Comissão de Constituição e Justiça, manifestamos voto pela ADMISSIBILIDADE do Projeto de Lei nº 123, de 2023, na forma do substitutivo em anexo.",GAB DEP FÁBIO FÉLIX,119823,2024-04-24T11:32:34.543
2023,Projeto de Lei,128,"
Dispõe sobre a regulamentação de geladeiras solidárias de uso comunitário e compartilhado no âmbito do Distrito Federal e dá outras providências.
",CCJ,sigla_cabecalho,admissivel,Aprovado(a),"Diante de todo o exposto, manifestamo-nos pela admissibilidade do Projeto de Lei nº 128/2023, no âmbito da CCJ.",GAB DEP FÁBIO FÉLIX,77944,2023-06-12T17:14:09.977
2023,Projeto de Lei,130,"Disciplina a utilização de termos como “cartório”, “cartório extrajudicial”, “tabelionato”, “serventia”, “serventia extrajudicial”, no âmbito do Distrito Federal e dá outras providências”.",CONSTITUIÇÃO E JUSTIÇA,clausula_da,admissivel_com_ressalva,Aprovado(a),"Diante do exposto, tendo em vista que a proposição observa as exigências formais e materiais do ordenamento jurídico, no âmbito desta COMISSÃO DE CONSTITUIÇÃO E JUSTIÇA, manifestamos voto pela ADMISSIBILIDADE do Projeto de Lei nº 130, de 2023, na forma da emenda 1 deste relator.",GAB DEP ROBÉRIO NEGREIROS,119265,2024-04-18T17:16:07.43
2023,Projeto de Lei,139,"Proíbe a fabricação, a importação, a comercialização, a distribuição e a veiculação de símbolos, emblemas, ornamentos, distintivos, imagens, textos, áudios e propagandas que tenham como finalidade a propagação de ideologia fascista, nazista e supremacista racial no âmbito do Distrito Federal. 	",CONSTITUIÇÃO E JUSTIÇA,clausula_da,admissivel_com_ressalva,Aprovado(a),"Ante o exposto, no tocante à competência regimental da Comissão de Constituição e Justiça, manifestamo-nos pela ADMISSIBILIDADE do Projeto de Lei nº 139/2023, na forma do substitutivo aprovado pela Comissão de Defesa dos Direitos Humanos, Cidadania e Legislação Participativa – CDDHCLP.",GAB DEP IOLANDO,280889,2024-12-10T16:56:52.987
2023,Projeto de Lei,141,"Determina a divulgação do serviço LIGUE 180 – Central de Atendimento à Mulher e torna obrigatória a adoção de medidas afirmativas, educativas e preventivas ao abuso sexual e violência contra mulher nas dependências das salas de exibição e cinemas do Distrito Federal.",CONSTITUIÇÃO E JUSTIÇA,clausula_da,admissivel_com_ressalva,Aprovado(a),", 30, inciso I e 32, § 1º, todos da Constituição Federal, Decreto Federal n.º 1.973/1996, bem como nos arts. 2º, inciso III, 3º, inciso I, 276, caput e inciso III, todos da Lei Orgânica do Distrito Federal, nosso voto é pela ADMISSIBILIDADE do Projeto de Lei n.º 141, de 2023, na forma do substitutivo em anexo.",GAB DEP IOLANDO,106748,2023-12-06T16:08:45.957
2023,Projeto de Lei,152,"Dispõe sobre a obrigatoriedade da divulgação, no site oficial do Distrito Federal, da foto de todo animal que tenha dado entrada nos centros de controle de zoonoses, e dá outras providências.",CONSTITUIÇÃO E JUSTIÇA,clausula_da,admissivel,Aprovado(a),"Diante de todo o exposto, manifestamo-nos pela ADMISSIBILIDADE do Projeto de Lei nº 152/23, no âmbito da CCJ.",GAB DEP FÁBIO FÉLIX,108904,2024-01-15T17:35:40.363
2023,Projeto de Lei,156,"Dispõe sabre a obrigatoriedade dos estabelecimentos que comercializam produtos	alimentícios a assegurarem ao consumidor que constatar a existência de produto exposto a venda, com prazo de validade vencido ou impróprio para consumo, o direito a receber, gratuitamente, outro produto idêntico ou similar, a sua escolha, e estabelece outras providências.",CONSTITUIÇÃO DE JUSTIÇA,clausula_da,admissivel_com_ressalva,Aprovado(a),"III – CONCLUSÃO Destarte, com fundamento no art. 63, inciso I, do RICLDF, manifesta-se voto pela ADMISSIBILIDADE do PL nº 156/2023, no âmbito desta CCJ, na forma do Substitutivo anexo.",CCJ,103345,2023-11-14T09:35:27.51
2023,Projeto de Lei,157,Institui o Programa “Adote um Equipamento de Assistência Social” no Distrito Federal.,CONSTITUIÇÃO E JUSTIÇA,clausula_da,admissivel,Aprovado(a),"Ante o exposto, manifestamo-nos pela ADMISSIBILIDADE do Projeto de Lei nº 157 de 2023.",GAB DEP FÁBIO FÉLIX,101162,2023-11-06T18:10:07.51
2023,Projeto de Lei,166,Institui e inclui no Calendário Oficial do Distrito Federal o “Dia da Consciência do Fator Rh”.,CONSTITUIÇÃO E JUSTIÇA,clausula_da,admissivel,Aprovado(a),"Diante do exposto, manifestamos voto pela ADMISSIBILIDADE do Projeto de Lei nº 166/2023, no âmbito da Comissão de Constituição e Justiça.",GAB DEP CHICO VIGILANTE,90839,2023-09-15T10:55:53.093
2023,Projeto de Lei,174,INSTITUI A REALIZAÇÃO DA “SEMANA DE VALORIZAÇÃO DE MULHERES QUE FIZERAM HISTÓRIA” NO ÂMBITO DAS ESCOLAS DE EDUCAÇÃO BÁSICA.,CONSTITUIÇÃO E JUSTIÇA,clausula_da,admissivel,Não apreciado(a),"III - CONCLUSÕES Diante do exposto, somos pela ADMISSIBILIDADE do Projeto de Lei nº 174/2023, no âmbito da Comissão de Constituição e Justiça, acatando o substitutivo apresentado na Comissão de Defesa dos Direitos Humanos, Cidadania e Legislação Participativa – CDDHCLP.",GAB DEP CHICO VIGILANTE,305656,2025-08-07T09:53:29.403
2023,Projeto de Lei,174,INSTITUI A REALIZAÇÃO DA “SEMANA DE VALORIZAÇÃO DE MULHERES QUE FIZERAM HISTÓRIA” NO ÂMBITO DAS ESCOLAS DE EDUCAÇÃO BÁSICA.,CONSTITUIÇÃO E JUSTIÇA,clausula_da,admissivel,Não apreciado(a),"III - CONCLUSÕES Diante do exposto, somos pela ADMISSIBILIDADE do Projeto de Lei nº 174/2023, no âmbito da Comissão de Constituição e Justiça.",GAB DEP CHICO VIGILANTE,305631,2025-08-06T16:40:40.523
2023,Projeto de Lei,176,"Inclui, no Calendário Oficial de Eventos do Distrito Federal, o dia 15 de dezembro como o Dia da Mulher Advogada no âmbito do Distrito Federal.",CONSTITUIÇÃO E JUSTIÇA,clausula_da,admissivel,Aprovado(a),"Feitas essas ponderações, manifestamos voto pela ADMISSIBILIDADE do Projeto de Lei nº 176/2023, no âmbito da Comissão de Constituição e Justiça.",GAB DEP THIAGO MANZONI,85250,2023-08-22T19:11:00.133
2023,Projeto de Lei,181,"Institui o ""AGOSTO AZUL E VERMELHO""- mês de conscientização sobre a saúde vascular, no âmbito do Distrito Federal",CONSTITUIÇÃO E JUSTIÇA,clausula_da,admissivel,Aprovado(a),"Diante do exposto, manifestamos voto pela ADMISSIBILIDADE do Projeto de Lei nº 181/2023, no âmbito da Comissão de Constituição e Justiça, nos termos do SUBSTITUTIVO anexo.",GAB DEP ROBÉRIO NEGREIROS,89917,2023-09-13T10:50:46.867
2023,Projeto de Lei,186,"Dispõe sobre a reserva de vagas para mulheres em situação de violência doméstica e familiar nos editais de licitação que visem a contratação de empresas para prestação de serviços continuados e terceirizados, no âmbito da Administração Pública Direta, Autárquica e Fundacional do Distrito Federal, em observância à Lei Federal nº 14.133/2021. 
",CONSTITUIÇÃO E JUSTIÇA,clausula_da,admissivel_com_ressalva,Não apreciado(a),"Diante essas ponderações, manifestamos voto pela ADMISSIBILIDADE do Projeto de Lei nº 186/2023, no âmbito da CCJ, na forma do Substitutivo apresentado.",GAB DEP ROBÉRIO NEGREIROS,68372,2023-04-17T16:54:59.277
2023,Projeto de Lei,186,"Dispõe sobre a reserva de vagas para mulheres em situação de violência doméstica e familiar nos editais de licitação que visem a contratação de empresas para prestação de serviços continuados e terceirizados, no âmbito da Administração Pública Direta, Autárquica e Fundacional do Distrito Federal, em observância à Lei Federal nº 14.133/2021. 
",CONSTITUIÇÃO E JUSTIÇÃO,clausula_da,inadmissivel,Não apreciado(a),"Assim, considerando o exposto, voto pela INADMISSIBILIDADE E REJEIÇÃO do Projeto de Lei nº 186/2023, no âmbito desta Comissão de Constituição e Justiça.",GAB DEP ROBÉRIO NEGREIROS,64097,2023-03-21T17:13:07.257
2023,Projeto de Lei,190,"Dispõe sobre a destinação de abafadores de ruído ou protetores auriculares para as Pessoas Com Transtorno Espectro Autista – TEA que possuem hipersensibilidade auditiva, nos estabelecimentos que menciona, e dá outras providências.",CONSTITUIÇÃO E JUSTIÇA,clausula_da,admissivel_com_ressalva,Não apreciado(a),"III - CONCLUSÃO Pelo exposto, manifestamos voto pela ADMISSIBILIDADE constitucional e jurídica do Projeto de Lei nº 190/2023, na forma do substitutivo em anexo.",GAB DEP ROBÉRIO NEGREIROS,298201,2025-05-19T17:46:01.75
2023,Projeto de Lei,193,"Altera a Lei n° 2.424/1999, que dispõe sobre a construção, o funcionamento, a utilização, a administração e a fiscalização dos cemitérios e a execução dos serviços funerários no Distrito Federal e dá outras providências.",CONSTITUIÇÃO E JUSTIÇA,clausula_da,admissivel,Aprovado(a),"III - CONCLUSÃO Diante do exposto, manifestamos voto pela ADMISSIBILIDADE do Projeto de Lei nº 193, de 2023, no âmbito desta Comissão de Constituição e Justiça",GAB DEP CHICO VIGILANTE,82617,2023-08-01T10:55:47.947
2023,Projeto de Lei,199,"
Institui e Inclui no calendário oficial de eventos do Distrito Federal o Dia Internacional da Juventude. 
",CONSTITUIÇÃO DE JUSTIÇA,clausula_da,admissivel,Aprovado(a),"CONCLUSÃO Pelo exposto, votamos pela ADMISSIBILIDADE do Projeto de Lei nº 199/2023, no âmbito desta Comissão, com o acolhimento da emenda modificativa anexa.",CCJ,113907,2024-03-12T15:52:13.82
2023,Projeto de Lei,202,"Dispõe sobre a implementação da transparência nas informações sobre os usuários beneficiários da gratuidade do transporte público coletivo do Distrito Federal, na forma que especifica.",CONSTITUIÇÃO E JUSTIÇA,clausula_da,admissivel_com_ressalva,Não apreciado(a),"Diante do exposto, com fundamento no art. 37 da Carta Magna e no art. 19 da Lei Orgânica do Distrito Federal, nosso voto é pela ADMISSIBILIDADE do Projeto de Lei n.º 202/2023, na forma do substitutivo em anexo.",GAB DEP FÁBIO FÉLIX,127348,2024-07-31T15:26:23.46
2023,Projeto de Lei,206,"Institui a Política de Inteligência Climática para Agricultura, no âmbito do Distrito Federal.",CONSTITUIÇÃO DE JUSTIÇA,clausula_da,admissivel,Aprovado(a),"CONCLUSÃO Diante disso, manifestamos voto pela ADMISSIBILIDADE do Projeto de Lei nº 206/2023, no âmbito desta CCJ, com as emendas de redação e supressiva anexas.",CCJ,277578,2024-11-13T16:02:58.923
2023,Projeto de Lei,209,"Introduz alterações na Lei nº 3.212, de 30 de outubro de 2003, que “Torna obrigatória a afixação de avisos nas portas externas dos elevadores instalados nas edificações públicas e particulares do Distrito Federal e dá outras providências. ”",CONSTITUIÇÃO DE JUSTIÇA,clausula_da,admissivel_com_ressalva,Aprovado(a),"CONCLUSÃO Pelo exposto, votamos pela ADMISSIBILIDADE do Projeto de Lei nº 209/2023, no âmbito desta Comissão, na forma do Substitutivo deste Relator.",CCJ,113904,2024-03-12T15:36:29.967
2023,Projeto de Lei,211,"Inclui, no Calendário Oficial de Eventos do Distrito Federal, o evento “Lazer Solidário do Gama”.",CONSTITUIÇÃO E JUSTIÇA,clausula_da,admissivel,Aprovado(a),"Pelo exposto, considerando serem esses os aspectos pertinentes à apreciação desta Comissão, nosso voto é pela ADMISSIBILIDADE do Projeto de Lei nº 211, de 2023.",GAB DEP IOLANDO,117618,2024-04-11T18:05:35.697
2023,Projeto de Lei,226,"Institui o ""Março Azul Marinho""  mês de conscientização do câncer colorretal, no âmbito do Distrito Federal",CONSTITUIÇÃO E JUSTIÇA,clausula_da,admissivel,Aprovado(a),"Diante do exposto, manifestamos voto pela ADMISSIBILIDADE do Projeto de Lei nº 226/2023, no âmbito da Comissão de Constituição e Justiça, com o acolhimento da emenda modificativa anexa.",GAB DEP FÁBIO FÉLIX,108908,2024-01-15T18:07:09.553
2023,Projeto de Lei,227,Institui o programa de valorização da escritora e do escritor brasilienses e de incentivo à difusão de suas obras literárias.,CONSTITUIÇÃO E JUSTIÇA,clausula_da,admissivel,Aprovado(a),"Com essas razões, o parecer é pela ADMISSIBILIDADE, acatada a Emenda nº 1, da CESC.",GAB DEP FÁBIO FÉLIX,98833,2023-10-25T15:24:09.75
2023,Projeto de Lei,229,Dispõe sobre os pontos de apoio para motofretistas e mototaxistas nas Regiões Administrativas do Distrito Federal.,CONSTITUIÇÃO E JUSTIÇA,clausula_da,admissivel,Aprovado(a),"Feitas essas considerações, somos pela ADMISSIBILIDADE do Projeto de Lei nº 229, de 2023, com uma emenda modificativa e uma emenda supressiva em anexo, no âmbito desta Comissão de Constituição e Justiça.",GAB DEP CHICO VIGILANTE,97997,2023-10-19T14:27:55.587
2023,Projeto de Lei,233,"Institui a semana de prevenção e diagnóstico do câncer infantil.
",CONSTITUIÇÃO E JUSTIÇA,clausula_da,admissivel_com_ressalva,Aprovado(a),"Ante o exposto, manifesta-se voto pela ADMISSIBILIDADE do Projeto de Lei nº 233/2023, na forma do Substitutivo anexo.",GAB DEP THIAGO MANZONI,97777,2023-10-18T13:20:17.067
2023,Projeto de Lei,237,"Dispõe sobre o reajuste geral dos servidores ativos, aposentados e pensionistas da Administração direta, autárquica e fundacional do Distrito Federal.",CONSTITUIÇAO E JUSTIÇA,clausula_da,admissivel,Não apreciado(a),"do em vista que a proposição observa as exigências formais e materiais do ordenamento jurídico e favorece o desenvolvimento da atuação governamental, no âmbito desta COMISSÃO DE CONSTITUIÇÃO E JUSTIÇA, manifestamos voto pela ADMISSIBILIDADE do Projeto de Lei nº 237, de 2023, de autoria do Poder Executivo.",GAB DEP IOLANDO,66054,2023-03-30T17:38:25.13
2023,Projeto de Lei,238,"Reajusta o valor dos cargos em comissão da Administração Direta, Autárquica e Fundacional do Distrito Federal e dá outras providências.
",CONSTITUIÇÃO E JUSTIÇA,clausula_da,admissivel,Não apreciado(a),"do em vista que a proposição observa as exigências formais e materiais do ordenamento jurídico e favorece o desenvolvimento da atuação governamental, no âmbito desta COMISSÃO DE CONSTITUIÇÃO E JUSTIÇA, manifestamos voto pela ADMISSIBILIDADE do Projeto de Lei nº 238, de 2023, de autoria do Poder Executivo.",GAB DEP IOLANDO,66055,2023-03-30T17:50:32.303
2023,Projeto de Lei,241,"Cria cargos comissionados nas estruturas administrativas das Administrações Regionais de Água Quente e de Arapoanga e da Secretaria de Estado de Justiça e Cidadania do Distrito Federal, e dá outras providências
",CONSTITUIÇÃO E JUSTIÇA,clausula_da,admissivel,Aprovado(a),"vista que a proposição observa todas as exigências formais e matérias do ordenamento jurídico e favorece o desenvolvimento da atuação governamental, no âmbito desta COMISSÃO DE CONSTITUIÇÃO E JUSTIÇA, manifestamos voto pela ADMISSIBILIDADE do Projeto de Lei nº 241, de 2023, do Poder Executivo.",GAB DEP IOLANDO,70099,2023-05-02T16:10:48.79
2023,Projeto de Lei,247,Cria a Política Distrital de Residência Uni e Multiprofissional em Saúde.,CONSTITUIÇÃO E JUSTIÇA,clausula_da,inadmissivel,Não apreciado(a),"III- CONCLUSÃO Pelo exposto, manifestamos voto pela INADMISSIBILIDADE constitucional do Projeto de Lei nº 247/2023 e do Substitutivo aprovado na CESC, restando prejudicada a análise dos demais aspectos pertinentes a esta Comissão.",GAB DEP ROBÉRIO NEGREIROS,304959,2025-07-08T15:43:05.147
2023,Projeto de Lei,260,Dá nova denominação ao Centro Cultural e Desportivo da Ceilândia.,CONSTITUIÇÃO E JUSTIÇA,clausula_da,admissivel,Não apreciado(a),"constitucionais e legais, preenchendo, assim, os requisitos da juridicidade, legalidade, regimentalidade, técnica legislativa e redação, razão pela qual, com fundamento no art. 63, inciso I, do RICLDF, manifesta-se voto pela ADMISSIBILIDADE do PL nº 260/2023, no âmbito desta CCJ.",GAB DEP IOLANDO,123862,2024-06-04T18:51:57.59
2023,Projeto de Lei,264,Institui e inclui no Calendário Oficial de Eventos do Distrito Federal a “Semana de conscientização da importância da Alma”.,CONSTITUIÇÃO E JUSTIÇA,clausula_da,admissivel,Não apreciado(a),"Feitas essas ponderações, manifestamos voto pela ADMISSIBILIDADE do Projeto de Lei nº 264/2023, no âmbito da CCJ.",GAB DEP IOLANDO,276371,2024-11-06T18:39:05.867
2023,Projeto de Lei,268,Institui a Semana da Segurança Digital nas escolas do Distrito Federal. ,CONSTITUIÇÃO E JUSTIÇA,clausula_da,admissivel,Aprovado(a),"III - CONCLUSÃO Pelo exposto, nosso voto é pela ADMISSIBILIDADE do Projeto de Lei nº 268, de 2023, no âmbito da Comissão de Constituição e Justiça.",GAB DEP ROBÉRIO NEGREIROS,323423,2025-12-16T15:10:04.103
2023,Projeto de Lei,276,"Institui no Distrito Federal o Dia do DJ, a ser comemorado anualmente no dia 09 do mês de março.",CONSTITUIÇÃO E JUSTIÇA,clausula_da,admissivel_com_ressalva,Aprovado(a),"Diante do exposto, manifestamos voto pela ADMISSIBILIDADE do Projeto de Lei nº 276/2023, no âmbito da Comissão de Constituição e Justiça, na forma do substitutivo anexo.",GAB DEP ROBÉRIO NEGREIROS,121264,2024-05-15T16:52:25.013
2023,Projeto de Lei,277,"Altera a Lei nº 5.931, de 28 de julho de 2017, que “Dispõe sobre o ingresso do consumidor em salas de cinema e espaços de lazer e de entretenimento cultural ou esportivo que explorem serviços de alimentação em suas dependências, portando produtos alimentícios adquiridos fora desses estabelecimentos”.",CONSTITUIÇÃO E JUSTIÇA,clausula_da,admissivel,Aprovado(a),"III - CONCLUSÕES Nesse sentido, considerando que proposição se alinha à Carta da República, bem como à Lei Maior do Distrito Federal, e se mostra conveniente e oportuna, o nosso voto é pela admissibilidade do Projeto de Lei nº 277/2023, com a emenda de redação em anexo.",GAB DEP THIAGO MANZONI,294407,2025-04-25T10:24:00.527
2023,Projeto de Lei,279,Disciplina a prática e a fiscalização da pesca no Lago Paranoá.,CONSTITUIÇÃO E JUSTIÇA,clausula_da,admissivel_com_ressalva,Aprovado(a),"III – CONCLUSÃO Diante do exposto, no âmbito desta Comissão de Constituição e Justiça, manifestamos voto pela ADMISSIBILIDADE do Projeto de Lei nº 279, de 2023, na forma das emendas modificativas e supressiva anexas, e pela rejeição da Emenda Supressiva nº 1, apresentada no âmbito da CDESCTMAT.",CCJ,103255,2023-11-13T17:34:43.923
2023,Projeto de Lei,281,"Institui a Política de Mobilidade a Pé para o Distrito Federal, e cria o Comitê Técnico da Mobilidade a Pé e dá outras providências. ",CONSTITUIÇÃO E JUSTIÇA,clausula_da,admissivel,Aprovado(a),"Feitas essas considerações, somos pela ADMISSIBILIDADE do Projeto de Lei nº 281, de 2023, com uma emenda aditiva, uma emenda modificativa, uma emenda de redação e uma emenda supressiva em anexo, no âmbito desta Comissão de Constituição e Justiça.",GAB DEP ROBÉRIO NEGREIROS,107407,2023-12-13T10:46:36.397
2023,Projeto de Lei,281,"Institui a Política de Mobilidade a Pé para o Distrito Federal, e cria o Comitê Técnico da Mobilidade a Pé e dá outras providências. ",CONSTITUIÇÃO E JUSTIÇA,clausula_da,admissivel,Não apreciado(a),"Feitas essas considerações, somos pela ADMISSIBILIDADE do Projeto de Lei nº 281, de 2023, com uma emenda modificativa, uma emenda de redação, uma emenda substitutiva, uma emenda aditiva e uma emenda supressiva em anexo, no âmbito desta Comissão de Constituição e Justiça.",GAB DEP ROBÉRIO NEGREIROS,107138,2023-12-12T11:49:10.83
2023,Projeto de Lei,284,Institui o dia do frentista e demais empregados em postos de serviços de combustíveis e derivados de petróleo do Distrito Federal.,CONSTITUIÇÃO E JUSTIÇA,clausula_da,admissivel_com_ressalva,Aprovado(a),"Diante do exposto, manifestamos voto pela ADMISSIBILIDADE do Projeto de Lei nº 284/2023, no âmbito da Comissão de Constituição e Justiça, na forma do Substitutivo anexo.",GAB DEP CHICO VIGILANTE,112081,2024-03-01T11:22:35.203
2023,Projeto de Lei,286,Dispõe sobre a entrada e permanência de animais domésticos nos estabelecimentos comerciais e alimentares do Distrito Federal e dá outras providências.,CONSTITUIÇÃO E JUSTIÇA,clausula_da,admissivel,Não apreciado(a),"III - CONCLUSÕES Dessa maneira, no âmbito desta Comissão de Constituição e Justiça, manifestamos voto pela ADMISSIBILIDADE do Projeto de Lei nº 286, de 2023, nos termos do Substitutivo da Comissão de Defesa do Consumidor, com a Subemenda de Redação apresentada em anexo.",GAB DEP FÁBIO FÉLIX,301664,2025-06-09T14:44:41.723
2023,Projeto de Lei,292,Institui a Campanha Escola Mais Segura no âmbito do Distrito Federal.,CONSTITUIÇÃO E JUSTIÇA,clausula_da,admissivel,Aprovado(a),"Voto, portanto, pela CONSTITUCIONALIDADE, JURIDICIDADE E BOA TÉCNICA LEGISLATIVA da presente proposição.",GAB DEP ROBÉRIO NEGREIROS,284635,2025-02-17T15:28:17.55
2023,Projeto de Lei,292,Institui a Campanha Escola Mais Segura no âmbito do Distrito Federal.,CONSTITUIÇÃO E JUSTIÇA,clausula_da,inadmissivel,Não apreciado(a),"o, e de outro a Constituição Federal, a Lei Orgânica e as normas nacionais e distritais regentes do sistema de ensino público, sem embargo do elevado propósito do ilustre autor, resta-nos somente manifestar entendimento pela INADMISSIBILIDADE CONSTITUCIONAL E JURÍDICA do Projeto de Lei nº 292/2023.",GAB DEP ROBÉRIO NEGREIROS,129421,2024-08-22T11:00:15.19
2023,Projeto de Lei,294," 
Fica incluído no Calendário Oficial de Eventos do Distrito Federal o “80 Km Pedal na Serra”, e dá outras providências.
",CONSTITUIÇÃO E JUSTIÇA,clausula_da,admissivel,Aprovado(a),"Diante do exposto, manifestamos voto pela ADMISSIBILIDADE do Projeto de Lei nº 294/2023, no âmbito da Comissão de Constituição e Justiça, nos termos do Substitutivo anexo.",GAB DEP ROBÉRIO NEGREIROS,85094,2023-08-21T10:56:28.837
2023,Projeto de Lei,296,"Altera a Lei nº 4.883, de 11 de julho de 2012, que dispõe sobre a política de turismo do Distrito Federal, para incluir o turismo religioso como modalidade de turismo na política de turismo do DF.  ",CONSTITUIÇÃO E JUSTIÇA,clausula_da,admissivel_com_ressalva,Aprovado(a),"iante do exposto, com fundamento nos arts. 24, inciso VII, 30, inciso I, 32, §1º, 180, e 217, todos da Constituição Federal, bem como nos arts. 71, 182, 183 e 254, todos da Lei Orgânica do Distrito Federal, nosso voto é pela ADMISSIBILIDADE do Projeto de Lei n.º 296/2023, na forma do substitutivo apresentado e aprovado na CDESCTMAT, com a subemenda em anexo.",GAB DEP IOLANDO,100994,2023-11-01T11:56:25.487
2023,Projeto de Lei,301,"Altera a Lei nº 6.418, de 9 de dezembro de 2019, que estabelece a aplicação de multa administrativa pelo acionamento indevido dos serviços telefônicos de atendimento a emergência e combate a incêndios ou ocorrências policiais, e dá outras providências",CONSTITUIÇÃO E JUSTIÇA,clausula_da,admissivel_com_ressalva,Aprovado(a),"Pelo exposto, manifestamos voto pela ADMISSIBILIDADE constitucional e jurídica do Projeto de Lei n.º 301/2023, na forma do substitutivo em anexo.",GAB DEP ROBÉRIO NEGREIROS,281507,2024-12-16T17:47:03.41
2023,Projeto de Lei,302,Institui a Feira da Capital e dá outras providências.,CONSTITUIÇÃO E JUSTIÇA,clausula_da,inadmissivel,Não apreciado(a),"Diante dessas ponderações, manifestamos voto pela INADMISSIBILIDADE do Projeto de Lei nº 302/2023, no âmbito da CCJ.",GAB DEP FÁBIO FÉLIX,116006,2024-03-27T11:48:16.58
2023,Projeto de Lei,303,Dá nova denominação ao Restaurante Comunitário de Ceilândia.,CONSTITUIÇÃO DE JUSTIÇA,clausula_da,admissivel,Aprovado(a),"constitucionais e legais, preenchendo, assim, os requisitos da juridicidade, legalidade, regimentalidade, técnica legislativa e redação, razão pela qual, com fundamento no art. 63, inciso I, do RICLDF, manifesta-se voto pela ADMISSIBILIDADE do PL nº 303/2023, no âmbito desta CCJ.",GAB DEP THIAGO MANZONI,101192,2023-11-07T09:27:59.323
2023,Projeto de Lei,305,Institui o Programa Reintegra e dá outras providências. ,CONSTITUIÇÃO E JUSTIÇA,clausula_da,admissivel_com_ressalva,Aprovado(a),"Diante do exposto, manifestamos voto pela admissibilidade do Projeto de Lei nº 305/2023, na forma do substitutivo anexo.",GAB DEP IOLANDO,129393,2024-08-21T16:32:55.623
2023,Projeto de Lei,311,Institui  “Semana Distrital de Promoção das Culturas Indígenas nas Escolas” a ser realizada anualmente no mês de abril. ,CONSTITUIÇÃO E JUSTIÇA,clausula_da,admissivel,Não apreciado(a),"Diante do exposto, manifestamos voto pela ADMISSIBILIDADE do Projeto de Lei nº 311/2023, no âmbito da Comissão de Constituição e Justiça.",GAB DEP ROBÉRIO NEGREIROS,98190,2023-10-20T16:09:30.377
2023,Projeto de Lei,316,Institui o Programa Distrital de Incentivo ao Videomonitoramento – PDIV.,CONSTITUIÇÃO E JUSTIÇA,clausula_da,admissivel_com_ressalva,Aprovado(a),"III - CONCLUSÕES Por todo o exposto, manifesta-se voto pela ADMISSIBILIDADE do Projeto de Lei n.º 316/2023, na forma do substitutivo anexo.",GAB DEP THIAGO MANZONI,292241,2025-04-03T12:41:19.99
2023,Projeto de Lei,316,Institui o Programa Distrital de Incentivo ao Videomonitoramento – PDIV.,CONSTITUIÇÃO E JUSTIÇA,clausula_da,inadmissivel,Não apreciado(a),"III - CONCLUSÃO Por todo o exposto, manifesta-se voto pela INADMISSIBILIDADE do Projeto de Lei n.º 316/2023.",GAB DEP THIAGO MANZONI,291768,2025-03-28T18:47:34.197
2023,Projeto de Lei,317,"Inclui no calendário oficial de eventos do Distrito Federal a Peregrinação Franciscana, a ser realizada no mês de abril pela comunidade religiosa da Basílica Santuário São Francisco de Assis.",CONSTITUIÇÃO E JUSTIÇA,clausula_da,admissivel,Aprovado(a),"Diante do exposto, manifestamos voto pela ADMISSIBILIDADE do Projeto de Lei nº 317/2023, no âmbito da Comissão de Constituição e Justiça.",GAB DEP FÁBIO FÉLIX,128910,2024-08-16T16:29:11.423
2023,Projeto de Lei,330,Institui e inclui no Calendário Oficial de Eventos do Distrito Federal a Semana de conscientização e atenção as Doenças Inflamatórias Intestinais e da outras providências.,CONSTITUIÇÃO E JUSTIÇA,clausula_da,admissivel_com_ressalva,Aprovado(a),"Diante do exposto, manifestamos voto pela ADMISSIBILIDADE do Projeto de Lei nº 330/2023, no âmbito da Comissão de Constituição e Justiça, na forma do Substitutivo.",GAB DEP IOLANDO,99086,2023-10-26T10:54:30.213
2023,Projeto de Lei,331,"
Dispõe sobre a criação da Política Distrital de Promoção da Cultura pelo fim da violência em ambiente escolar nas Instituições de Ensino Públicas e Privadas do Distrito Federal e dá outras providências.

",CONSTITUIÇÃO E JUSTIÇA,clausula_da,admissivel,Não apreciado(a),"III - CONCLUSÃO Diante de todo o exposto, manifestamo-nos pela admissibilidade do Projeto de Lei nº 331/23, no âmbito da CCJ com a Emenda Supressiva em anexo.",GAB DEP ROBÉRIO NEGREIROS,324145,2026-01-28T15:22:20.497
2023,Projeto de Lei,332,"Altera o art. 27 da Lei  4.949 de  15 de outubro de 2012 que Estabelece normas gerais para realização de concurso público pela administração direta, autárquica e fundacional do Distrito Federal.",CONSTITUIÇÃO E JUSTIÇA,clausula_da,admissivel,Não apreciado(a),"exposto, com fundamento nos arts. 25, § 1º; 24, XII e XV; e 6º, caput, todos da Constituição Federal e arts. 14; 17, X e XIII; 217, parágrafo único; e 267, caput, todos da Lei Orgânica do Distrito Federal, nosso voto é pela ADMISSIBILIDADEconstitucional e jurídica do Projeto de Lei n.º 332/2023.",GAB DEP CHICO VIGILANTE,291864,2025-03-31T16:34:07.283
2023,Projeto de Lei,338,"Institui o Dia do Pregador e da Pregadora do Evangelho, a ser comemorado anualmente no dia 10 de março. ",CONSTITUÇÃO E JUSTIÇA,clausula_da,admissivel,Aprovado(a),"Diante do exposto, manifestamos voto pela ADMISSIBILIDADE do Projeto de Lei nº 338/2023, no âmbito da Comissão de Constituição e Justiça, nos termos do Substitutivo anexo.",GAB DEP IOLANDO,114291,2024-03-14T14:42:34.223
2023,Projeto de Lei,339,"Institui a Política Distrital de Segurança das Escolas Públicas. 
",CONSTITUIÇÃO E JUSTIÇA,clausula_da,admissivel_com_ressalva,Não apreciado(a),"Diante do exposto, tendo em vista que a proposição observa todas as exigências formais e matérias do ordenamento jurídico, no âmbito desta COMISSÃO DE CONSTITUIÇÃO E JUSTIÇA, manifestamos voto pela ADMISSIBILIDADE do Projeto de Lei nº 339/2023, em tramitação conjunta com o Projeto de Lei nº 938/2024, do Poder Executivo na forma da Emenda Substitutiva nº 1.",GAB DEP IOLANDO,129773,2024-08-27T17:44:46.857
2023,Projeto de Lei,344,"Institui o Sistema Distrital de Informações da Primeira Infância (SiDIPI) e cria o relatório Orçamento da Primeira Infância (OPI), como instrumento de controle social e fiscalização do orçamento público na área da Primeira Infância. 
",CONSTITUIÇÃO DE JUSTIÇA,clausula_da,admissivel_com_ressalva,Aprovado(a),"e Lei, tendo em vista que a abrangência territorial das informações a serem prestadas, que deve corresponder apenas ao Distrito Federal, razão pela qual, com fundamento no art. 63, inciso I, do RICLDF, manifesta-se voto pela ADMISSIBILIDADE do PL nº 344/2023, no âmbito desta CCJ, na forma da Emenda anexa.",CCJ,101780,2023-11-10T09:34:34.043
2023,Projeto de Lei,350,"Acrescenta o artigo 8-A à Lei Distrital nº 7.155, de  10 de junho de  2022, para destinar o valor de 5% da arrecadação de cada sorteio do serviço público de loteria do Distrito Federal para financiar programas de combate à violência contra a mulher no âmbito do Distrito Federal.",CONSTITUIÇÃO E JUSTIÇA,clausula_da,inadmissivel,Não apreciado(a),"Por todo o exposto, nosso voto é pela INADMISSIBILIDADE do Projeto de Lei n.º 350, de 2023, haja vista a ocorrência de inconstitucionalidade formal, nos termos do art. 149 da Lei Orgânica do Distrito Federal.",GAB DEP ROBÉRIO NEGREIROS,103983,2023-11-21T11:43:58.833
2023,Projeto de Lei,351,"Institui e inclui no Calendário Oficial de Eventos do Distrito Federal o Dia do Churrasqueiro e do Parrilero.
",CONSTITUIÇÃO E JUSTIÇA,clausula_da,admissivel,Aprovado(a),"Diante do exposto, manifestamos voto pela ADMISSIBILIDADE do Projeto de Lei nº 351/2023, no âmbito da Comissão de Constituição e Justiça, com o acolhimento da emenda modificativa anexa.",GAB DEP IOLANDO,276372,2024-11-06T18:43:39.7
2023,Projeto de Lei,359,"Inclui, no Calendário Oficial de Eventos do Distrito Federal, o dia 17 de agosto como o Dia da Mulher Empresária no âmbito do Distrito Federal.",CONSTITUIÇÃO E JUSTIÇA,clausula_da,admissivel,Aprovado(a),"Diante do exposto, manifestamos voto pela ADMISSIBILIDADE do Projeto de Lei nº 359 de 2023, no âmbito da Comissão de Constituição e Justiça.",GAB DEP IOLANDO,123400,2024-05-29T14:54:36.607
2023,Projeto de Lei,36,"Institui a Política Distrital do Hidrogênio Verde e dá outras providências. 
",CONSTITUIÇÃO E JUSTIÇA,clausula_da,admissivel,Aprovado(a),", com fundamento nos arts. 23, inciso VI, 24, inciso VI, e 225, todos da Constituição Federal, bem como nos arts. 17, inciso VI, 71, 279, incisos VI e XVII, e 288, todos da Lei Orgânica do Distrito Federal, nosso voto é pela ADMISSIBILIDADE do Projeto de Lei n.º 36, de 2023, com a emenda aditiva anexa.",GAB DEP ROBÉRIO NEGREIROS,104034,2023-11-21T12:12:39.947
2023,Projeto de Lei,360,Dispõe sobre o reconhecimento da profissão de instrutor de artes marciais no Distrito Federal.,CONSTITUIÇÃO E JUSTIÇA,clausula_da,inadmissivel,Aprovado(a),".n.) Sendo assim, em face da inconstitucionalidade por usurpação da competência legislativa privativa da União para legislar sobre direito do trabalho e sobre condições para o exercício de profissões, só nos resta votar pela INADMISSIBILIDADE CONSTITUCIONAL E JURÍDICA do Projeto de Lei nº 360/2023, com fundamento no art. 22, incisos I e XVI, e parágrafo único, da Constituição Federal.",GAB DEP CHICO VIGILANTE,111015,2024-02-22T10:16:22.577
2023,Projeto de Lei,362,Cria o Fundo Distrital de Transporte Público e Mobilidade Urbana — FDTPMU.,CONSTITUIÇÃO E JUSTIÇA,clausula_da,inadmissivel,Não apreciado(a),"Diante do exposto, com fundamento nos arts. 71, § 1º, inciso IV, 100, inciso X, 149, inciso III, e art. 151, § 4º, todos da Lei Orgânica do Distrito Federal, nosso voto é pela INADMISSIBILIDADE do Projeto de Lei n.º 362, de 2023.",GAB DEP ROBÉRIO NEGREIROS,107121,2023-12-12T11:13:57.527
2023,Projeto de Lei,369,Institui as diretrizes para a Política Distrital de Atenção Integral às Imunodeficiências Primárias.,CONSTITUIÇÃO E JUSTIÇA,clausula_da,admissivel,Não apreciado(a),"III - CONCLUSÃO Por esses motivos, com fundamento nos arts. 22, I; 24, XII e XIV; e 196 da Constituição Federal e nos arts. 71 e 204 da Lei Orgânica do Distrito Federal, nosso voto é pela ADMISSIBILIDADE do Projeto de Lei nº 369/2023.",GAB DEP FÁBIO FÉLIX,300412,2025-05-27T16:48:01.797
2023,Projeto de Lei,372,"Institui o Estatuto de Defesa dos Usuários dos Órgãos de Trânsito do Distrito Federal. 


",CONSTITUIÇÃO E JUSTIÇA,clausula_da,admissivel,Aprovado(a),"elecidos pela Lei Complementar nº 13/1995. III - CONCLUSÕES Nesse sentido, considerando que proposição se alinha à Carta da República e à Lei Maior do Distrito Federal, e se mostra conveniente e oportuna, o nosso voto é pela ADMISSIBILIDADE do Projeto de Lei nº 372/2023.",GAB DEP IOLANDO,288763,2025-03-06T18:46:27.487
2023,Projeto de Lei,376,"Institui e inclui no Calendário Oficial de Eventos do Distrito Federal o Festival de Cervejas Artesanais de Brasília - Artesanal Beer Festival Brasília, realizado no mês de setembro na Região Administrativa VI - Planaltina.",CONSTITUIÇÃO E JUSTIÇA,clausula_da,admissivel,Aprovado(a),"Diante do exposto, manifestamos voto pela ADMISSIBILIDADE do Projeto de Lei nº 376/2023, no âmbito da Comissão de Constituição e Justiça.",GAB DEP CHICO VIGILANTE,112076,2024-03-01T11:00:41.15
2023,Projeto de Lei,377,Institui e inclui no Calendário Oficial de Eventos do Distrito Federal a “Caminhada da Memória”.,CONSTITUIÇÃO E JUSTIÇA,clausula_da,admissivel,Aprovado(a),"Diante do exposto, manifestamos voto pela ADMISSIBILIDADE do Projeto de Lei nº 377/2023, no âmbito da Comissão de Constituição e Justiça, com o acolhimento da emenda modificativa anexa.",GAB DEP FÁBIO FÉLIX,108906,2024-01-15T17:56:16.163
2023,Projeto de Lei,383,"Altera a Lei nº 1.355 de 30 de dezembro de 1996, que dispõe sobre o regime de substituição tributária relativo ao Imposto sobre Serviços - ISS e dá outras providências.",CONSTITUIÇÃO E JUSTIÇA,clausula_da,admissivel,Aprovado(a),"Por todo o exposto, vota-se, no âmbito da CCJ, pela admissibilidade do PL nº 383/2023, nos termos do art. 63, I, do RICLDF.",GAB DEP THIAGO MANZONI,93205,2023-09-28T12:36:30.783
2023,Projeto de Lei,388,Institui o Código de Direitos e Bem-Estar Animal do Distrito Federal.,CONSTITUIÇÃO E JUSTIÇA,clausula_da,admissivel_com_ressalva,Não apreciado(a),"III - CONCLUSÃO Diante do exposto, no âmbito desta Comissão de Constituição e Justiça, votamos pela ADMISSIBILIDADE do Projeto de Lei nº 388, de 2023, e de seu substitutivo (CDESCTMAT), na forma da subemenda substitutiva anexa.",GAB DEP FÁBIO FÉLIX,314788,2025-10-22T18:14:00.117
2023,Projeto de Lei,391,Obriga as concessionárias de telefonia fixa e móvel a cancelarem multa contratual de fidelidade na forma que menciona.,CONSTITUIÇÃO E JUSTIÇA,clausula_da,admissivel,Não apreciado(a),"ROSA WEBER, Tribunal Pleno, julgado em 11/04/2019, PROCESSO ELETRÔNICO DJe-092 DIVULG 03-05-2019 PUBLIC 06-05-2019)” III - CONCLUSÕES Diante de todo o exposto, manifestamo-nos pela admissibilidade do Projeto de Lei nº 391/2023, no âmbito da CCJ.",GAB DEP ROBÉRIO NEGREIROS,305010,2025-07-14T16:48:32.367
2023,Projeto de Lei,393,"Altera a Lei nº 3.299, de 19 de janeiro de 2004, para instituir a “Semana Escolar de Combate à Violência contra a Mulher”.",CONSTITUIÇÃO E JUSTIÇA,clausula_da,admissivel_com_ressalva,Aprovado(a),"Diante do exposto, manifestamos voto pela ADMISSIBILIDADE do Projeto de Lei nº 393/2023, no âmbito da Comissão de Constituição e Justiça, na forma do substitutivo aprovado pela Comissão de Defesa dos Direitos Humanos, Cidadania, Ética e Decoro Parlamentar e com o acolhimento da emenda supressiva anexa.",GAB DEP ROBÉRIO NEGREIROS,115803,2024-03-25T15:35:49.533
2023,Projeto de Lei,397,"Altera a Lei nº 4.738, de 29 de dezembro de 2011, que “Dispõe sobre a realização do Carnaval do Distrito Federal e dá outras providências”, para dispor sobre participação da sociedade civil nas definições, planejamento e execução do carnaval do Distrito Federal.",CONSTITUIÇÃO E JUSTIÇA,clausula_da,admissivel,Não apreciado(a),"Em vista do exposto, com fundamento nos arts. 24, VII e IX, 30, I e 32, § 1º, 37, §3º e 193 da CF/88, bem como nos arts. 17, VII e IX, 19 e 71, I da Lei Orgânica do Distrito Federal, nosso voto é pela ADMISSIBILIDADE do Projeto de Lei nº 397/2023.",GAB DEP ROBÉRIO NEGREIROS,98877,2023-10-25T17:47:22.137
2023,Projeto de Lei,398,Estabelece diretrizes para a garantia do direito humano à alimentação adequada das pessoas privadas de liberdade no âmbito do Distrito Federal.,CONSTITUIÇÃO E JUSTIÇA,clausula_da,admissivel,Não apreciado(a),"III - CONCLUSÃO Diante de todo o exposto, manifestamo-nos pela admissibilidade do Projeto de Lei nº 398/23, no âmbito da CCJ com as emendas aprovadas na CDDHCLP e a Emenda Modificativa em anexo.",GAB DEP ROBÉRIO NEGREIROS,326408,2026-03-09T17:47:56.247
2023,Projeto de Lei,4,"Dispõe sobre a autenticação de copias de documentos por advogados, em processos administrativos, no âmbito da Administração Pública, direta e indireta, do Distrito Federal.",CONSTITUIÇÃO E JUSTIÇA,clausula_da,admissivel,Aprovado(a),"Por todo o exposto, nosso voto é pela ADMISSIBILIDADE do Projeto de Lei nº 4, de 2023.",GAB DEP THIAGO MANZONI,64381,2023-03-22T15:28:34.573
2023,Projeto de Lei,40,Dispõe sobre a implementação do diploma digital no âmbito do distrito federal e dá outras providências.,CONSTITUIÇÃO DE JUSTIÇA,clausula_da,admissivel_com_ressalva,Aprovado(a),"III - CONCLUSÃO Assim, com fundamento no art. 63, inciso I, do RICLDF, manifesta-se voto pela ADMISSIBILIDADE do PL nº 40/2023 na forma da Emenda n.1 (Substitutivo) aprovado no âmbito da CESC.",CCJ,121059,2024-05-13T12:12:33.847
2023,Projeto de Lei,401,"Altera a Lei nº 5.080, de 11 de março de 2013, que “Inclui, no calendário oficial de eventos e no calendário escolar do Distrito Federal, o Dia do Patrimônio Cultural e institui as Jornadas de Brasília Patrimônio Cultural da Humanidade”.",CONSTITUIÇÃO E JUSTIÇA,clausula_da,admissivel_com_ressalva,Aprovado(a),"É nítido assim que a proposição atende aos constitucionalidade, juridicidade, legalidade, regimentalidade, técnica legislativa e redação, motivo pelo que somos pela ADMISSIBILIDADE da proposição, na forma do Substitutivo desta Comissão.",GAB DEP FÁBIO FÉLIX,99751,2023-10-30T17:37:48.98
2023,Projeto de Lei,401,"Altera a Lei nº 5.080, de 11 de março de 2013, que “Inclui, no calendário oficial de eventos e no calendário escolar do Distrito Federal, o Dia do Patrimônio Cultural e institui as Jornadas de Brasília Patrimônio Cultural da Humanidade”.",CONSTITUIÇÃO E JUSTIÇA,clausula_da,admissivel_com_ressalva,Não apreciado(a),"É nítido assim que a proposição atende aos constitucionalidade, juridicidade, legalidade, regimentalidade, técnica legislativa e redação, motivo pelo que somos pela ADMISSIBILIDADE da proposição, na forma da emenda apresentada nesta Comissão.",GAB DEP FÁBIO FÉLIX,98828,2023-10-25T14:43:41.253
2023,Projeto de Lei,405,"Proíbe a promoção, a intermediação e/ou a facilitação do turismo sexual, por parte dos prestadores de serviços turísticos, no âmbito do Distrito Federal, e dá outras providências. ",CONSTITUIÇÃO E JUSTIÇA,clausula_da,admissivel_com_ressalva,Aprovado(a),"Diante do exposto, com fundamento nos arts. 30, I, 32, § 1° e 180 da Constituição Federal, bem como nos 182 e 183, VIII, da Lei Orgânica do Distrito Federal, nosso voto é pela ADMISSIBILIDADE do Projeto de Lei n.º 405/2023, na forma do substitutivo anexo.",GAB DEP CHICO VIGILANTE,97518,2023-10-17T11:14:42.367
2023,Projeto de Lei,408,Dispõe sobre a concessão de direito real de uso para ocupação de áreas públicas contíguas aos lotes destinados ao uso residencial localizados nas Regiões Administrativas do Lago Sul e do Lago Norte e dá outras providências.,CONSTITUIÇÃO E JUSTIÇA,clausula_da,admissivel,Aprovado(a),"Por todo o exposto, no âmbito desta Comissão de Constituição e Justiça, manifestamos voto pela ADMISSIBILIDADE do Projeto de Lei nº 408, de 2023, das Emendas Aditivas 1 e 4 e das Emendas Modificativas 2 e 3, todas apresentadas na CAF, com a apresentação das subemendas de redação em anexo.",GAB DEP THIAGO MANZONI,89319,2023-09-05T18:28:22.647
2023,Projeto de Lei,421,"Altera a Lei n° 7.155, de 10 de junho de 2022, que dispõe sobre o Serviço Público de Loteria do Distrito Federal e dá outras providências, para destinar recursos visando à promoção da prática desportiva de crianças e adolescentes.",CONSTITUIÇÃO JUSTIÇÃO,clausula_da,inadmissivel,Não apreciado(a),"III – CONCLUSÃO Por todo exposto, com fundamento nos arts. 100 e 149 da Lei Orgânica do Distrito Federal, manifestamo-nos pela INADMISSIBILIDADE FORMAL do Projeto de Lei nº 421/2023 nesta Comissão de Constituição e Justiça.",GAB DEP ROBÉRIO NEGREIROS,301860,2025-06-11T17:04:26.33
2023,Projeto de Lei,436,"Institui o Sistema Distrital de Ambientes de Inovação – SDAI-DF e dá outras providências.
",CONSTITUIÇÃO E JUSTIÇA,clausula_da,sem_clausula,Não apreciado(a),,GAB DEP IOLANDO,107071,2023-12-11T20:12:30.16
2023,Projeto de Lei,440,"Dispõe sobre a adesão da Administração Pública distrital à campanha de doação de órgãos e tecidos, empreendida no âmbito do Programa DOAR É LEGAL, e dá outras providências.",CONSTITUIÇÃO E JUSTIÇA,clausula_da,admissivel,Aprovado(a),"Por isso, voto pela admissibilidade do Projeto de Lei nº 440/2023, com a emenda de redação anexa.",GAB DEP CHICO VIGILANTE,290163,2025-03-19T15:16:55.917
2023,Projeto de Lei,449,Estabelece as diretrizes para a implantação do sistema de jardins filtrantes no Distrito Federal.,CONSTITUIÇÃO E JUSTIÇA,clausula_da,admissivel,Aprovado(a),"Dessa maneira, no âmbito desta Comissão de Constituição e Justiça, manifestamos voto pela ADMISSIBILIDADE do Projeto de Lei nº 449, de 2023, nos termos do Substitutivo anexo.",GAB DEP ROBÉRIO NEGREIROS,281560,2024-12-17T13:28:39.103
2023,Projeto de Lei,451,"Dispõe sobre a cooperação, implementação e execução de ações entre a Administração Pública distrital e os serviços sociais autônomos na forma que especifica.",CONSTITUIÇÃO E JUSTIÇA,clausula_da,admissivel,Aprovado(a),"Diante do exposto, nosso voto é pela ADMISSIBILIDADE do Projeto de Lei nº 451/2023.",GAB DEP THIAGO MANZONI,89321,2023-09-05T18:35:44.973
2023,Projeto de Lei,452,"Altera a Lei nº 3.877, de 26 de junho de 2006, que dispõe sobre a política habitacional do Distrito Federal.
",CONSTITUIÇÃO E JUSTIÇA,clausula_da,admissivel_com_ressalva,Aprovado(a),"Diante do exposto, no âmbito desta Comissão de Constituição e Justiça, manifestamos voto pela ADMISSIBILIDADE do Projeto de Lei nº 452, de 2023, e das Emendas 4, 6, 7, 8, 9, 10, 11, 16, 17, 19, 24, 26 e da Subemenda 15, na forma do Substitutivo em anexo, e pela INADMISSIBILIDADE das Emendas 1, 2, 3, 5, 18, 20, 22, 23, 25 e das subemendas 14 e 27.",GAB DEP THIAGO MANZONI,106297,2023-12-05T09:28:51.283
2023,Projeto de Lei,453,"Altera a Lei nº 6.138, de 26 de abril de 2018, que institui o Código de Obras e Edificações do Distrito Federal - COE.",CONSTITUIÇÃO E JUSTIÇA,clausula_da,admissivel,Aprovado(a),"nciamento de obras e edificações destinadas ao atendimento de programas habitacionais de interesse social serão objeto de regulamentação específica por ato do chefe do Poder Executivo.” Feitas essas considerações, somos pela ADMISSIBILIDADE do Projeto de Lei nº 453, de 2023, com a Emenda de Redação, em anexo, nesta Comissão de Constituição e Justiça.",GAB DEP THIAGO MANZONI,89324,2023-09-05T18:43:00.51
2023,Projeto de Lei,454,"Altera a Lei nº 4.858, de 29 de junho de 2012, que regulamenta, no Poder Executivo, o art. 19, inciso V, da Lei Orgânica do Distrito Federal, e dá outras providências.",CONSTITUIÇÃO E JUSTIÇA,clausula_da,admissivel,Não apreciado(a),"Por esses motivos, no âmbito da Comissão de Constituição e Justiça, nos manifestamos pela ADMISSIBILIDADE ao Projeto de Lei nº 454/2023, de autoria do Poder Executivo.",GAB DEP ROBÉRIO NEGREIROS,91201,2023-09-19T09:57:59.197
2023,Projeto de Lei,459,"Altera a Lei nº 6.390, de 25 de setembro de 2019, que cria o Programa Cidade Segura – PCS e dá outras providências, para dispor sobre videomonitoramento de segurança em praças públicas.",CONSTITUIÇÃO E JUSTIÇA,clausula_da,admissivel,Aprovado(a),"lativa; II – ao Governador; III – aos cidadãos; IV – ao Tribunal de Contas, nas matérias do art. 84, IV, e do art. 86; V – à Defensoria Pública, nas matérias do art. 114, § 4º.” Diante de todo o exposto, manifestamo-nos pela admissibilidade do Projeto de Lei nº 459/2023, no âmbito da CCJ.",GAB DEP THIAGO MANZONI,291769,2025-03-28T18:55:33.3
2023,Projeto de Lei,462,"Altera a Lei nº 7.431, de 17 de dezembro de 1985, que institui no Distrito Federal o imposto sobre a propriedade de veículos automotores, e a Lei nº 3.830, de 14 de março de 2006, que dispõe quanto ao Imposto sobre a Transmissão ""Inter Vivos"" de Bens Imóveis e de Direitos a eles Relativos - ITBI.",CONSTITUIÇÃO E JUSTIÇA,clausula_da,admissivel,Aprovado(a),"Por todo o exposto, vota-se, no âmbito da CCJ, pela ADMISSIBILIDADE do PL nº 462/2023.",GAB DEP THIAGO MANZONI,93169,2023-09-28T11:12:11.987
2023,Projeto de Lei,468,"Altera a Lei nº 1.254, de 8 de novembro de 1996, que dispõe quanto ao Imposto sobre Operações Relativas à Circulação de Mercadorias e sobre Prestações de Serviços de Transporte Interestadual e Intermunicipal e de Comunicação - ICMS.",CONSTITUIÇÃO E JUSTIÇA,clausula_da,admissivel,Aprovado(a),"Seção II (Das Alterações na Legislação Tributária e das Demais Receitas) do Capítulo VIII da Lei de Diretrizes Orçamentária vigente, Lei nº 7.171, de 1º de agosto de 2022. Por todo o exposto, vota-se, no âmbito da CCJ, pela admissibilidade do PL nº 468/2023 e da Emenda Modificativa apresentada no âmbito da CEOF.",GAB DEP THIAGO MANZONI,93165,2023-09-28T10:56:56.237
2023,Projeto de Lei,469,"Altera a Lei nº 7.042, de 29 de dezembro de 2021, que autoriza o Poder Executivo a contratar operações de crédito com o Banco Nacional de Desenvolvimento Econômico e Social – BNDES e dá outras providências.",CONSTITUIÇÃO E JUSTIÇA,clausula_da,admissivel,Aprovado(a),"Por todo o exposto, vota-se, no âmbito da CCJ, pela admissibilidade do PL nº 469/2023, nos termos do art. 63, I, do RICLDF.",GAB DEP THIAGO MANZONI,93198,2023-09-28T12:18:59.403
2023,Projeto de Lei,470,"Altera a Lei nº 5.105, de 03 de maio de 2013, que ""reestrutura a carreira Magistério Público do Distrito Federal e dá outras providências"" e dá outras providências.",CONSTITUIÇÃO E JUSTIÇA,clausula_da,admissivel_com_ressalva,Aprovado(a),"paro a ser empreendido, concluímos que o Projeto de Lei ora analisado está de acordo com a constitucionalidade, juridicidade, legalidade, regimentalidade, técnica legislativa e redação, razão pela qual se manifesta voto pela ADMISSIBILIDADE do Projeto de Lei nº 470/2023, na forma da Subemenda de redação, apresentada nesta Comissão, à Emenda nº 1, apresentada na CEOF.",GAB DEP THIAGO MANZONI,84097,2023-08-14T11:57:17.447
2023,Projeto de Lei,476,"Altera a Lei nº 6.190, de 20 de julho de 2018, que dispõe sobre a regulamentação da atividade de comércio ou prestação de serviços ambulantes em vias, ônibus, metrô, estacionamentos e logradouros públicos do Distrito Federal, para acrescentar medidas protetivas e assecuratórias em caso de autuação de ambulantes.
",CONSTITUIÇÃO E JUSTIÇA,clausula_da,admissivel_com_ressalva,Não apreciado(a),"III – CONCLUSÃO Por todo o exposto, com fundamento nos arts. 1º, III; 25, § 1º; 30, I; e 32, § 1º, todos da CF e nos arts. 2º, III; 3º, I; ambos da LODF, nosso voto é pela ADMISSIBILIDADE constitucional do Projeto de Lei nº 476/2023, na forma do substitutivo (CAS) e das duas subemendas (CEOF).",GAB DEP ROBÉRIO NEGREIROS,306798,2025-08-21T17:27:12.933
2023,Projeto de Lei,480,"Proíbe ações de telemarketing via ligação telefônica realizada por bots, robôs ou qualquer programa de software que execute tarefas automatizadas, repetitivas e pré-definidas, no âmbito do Distrito Federal.",CONSTITUIÇÃO E JUSTIÇA,clausula_da,admissivel_com_ressalva,Aprovado(a),"exposto, com fundamento nos artigos 5°, incisos X e LXXIX, 24, inciso V, 170, inciso V, da Constituição Federal, bem como nos artigos 17, inciso V, e art. 158, inciso V, da Lei Orgânica do Distrito Federal, nosso voto é pela ADMISSIBILIDADE do Projeto de Lei n.º 480, de 2023, na forma do substitutivo da Comissão de Defesa do Consumidor.",GAB DEP CHICO VIGILANTE,113472,2024-03-07T10:42:00.183
2023,Projeto de Lei,489,"Dispõe sobre a proibição da cobrança pelo serviço de fornecimento de cópias de prontuários nos hospitais públicos e privados do Distrito Federal, e dá outras providências.",CONSTITUIÇÃO E JUSTIÇA,clausula_da,admissivel,Não apreciado(a),"..) (g.n.) Lei nº 8.078/1990 Art. 72. Impedir ou dificultar o acesso do consumidor às informações que sobre ele constem em cadastros, banco de dados, fichas e registros: (…) III - CONCLUSÕES Ante o exposto, nosso voto é pela ADMISSIBILIDADE constitucional e jurídica do Projeto de Lei nº 489/2023.",GAB DEP CHICO VIGILANTE,291867,2025-03-31T16:48:13.68
2023,Projeto de Lei,50,"Institui a Política Distrital de Apadrinhamento Afetivo de Crianças e Adolescentes, e dá outras providências.
",CONSTITUIÇÃO DE JUSTIÇA,clausula_da,admissivel,Aprovado(a),"paro a ser empreendido, concluímos que o Projeto de Lei ora analisado está de acordo com a constitucionalidade, juridicidade, legalidade, regimentalidade, técnica legislativa e redação, razão pela qual se manifesta voto pela ADMISSIBILIDADE do Projeto de Lei nº 50/2023.",GAB DEP THIAGO MANZONI,85146,2023-08-21T18:41:02.003
2023,Projeto de Lei,500,"Altera a LEI Nº 5.607, DE 07 DE JANEIRO DE 2016 que “Dispõe sobre a doação dos produtos apreendidos que especifica a instituições filantrópicas e de caridade no Distrito Federal"".",CONSTITUIÇÃO E JUSTIÇA,clausula_da,admissivel_com_ressalva,Não apreciado(a),"ir uma aplicação mais eficaz, as alterações necessárias para aprimorar a técnica legislativa levaram à apresentação de um substitutivo que revogará expressamente a Lei nº 5.607/2016. Diante do exposto, manifestamos voto pela ADMISSIBILIDADE do Projeto de Lei nº 500/2023, na forma do SUBSTITUTIVO anexo.",GAB DEP ROBÉRIO NEGREIROS,138900,2024-10-22T17:39:16.413
2023,Projeto de Lei,501,"Altera a Lei 3.830, de 14 de março de 2006, para reduzir a alíquota do Imposto sobre a Transmissão “Inter Vivos” de Bens Imóveis e de Direitos a eles Relativos – ITBI.",CONSTITUIÇÃO E JUSTIÇA,clausula_da,admissivel_com_ressalva,Aprovado(a),"fundamento no art. 63, inciso I, do RICLDF, tendo em vista que a proposição observa todas as exigências formais e materiais do ordenamento jurídico, no âmbito desta COMISSÃO DE CONSTITUIÇÃO E JUSTIÇA, manifestamos voto pela ADMISSIBILIDADE do Projeto de Lei nº 501/2023 e do Projeto de Lei nº 1445/2024, na forma da Emenda Substitutiva apresentada por este relator.",GAB DEP ROBÉRIO NEGREIROS,279433,2024-12-02T15:16:56.687
2023,Projeto de Lei,502,"Altera a Lei nº 6.466, de 27 de dezembro de 2019, para prorrogar, até 31 de dezembro de 2025,  os benefícios fiscais do Imposto sobre a Propriedade Predial e Territorial Urbana - IPTU, do Imposto sobre a Transmissão Causa Mortis e Doação de Quaisquer Bens ou Direitos - ITCD, do Imposto sobre a Transmissão Inter Vivos de Bens Imóveis e de Direitos a eles Relativos - ITBI e da Taxa de Limpeza Pública – TLP previstos na Lei mencionada.",CONSTITUIÇÃO E JUSTIÇA,clausula_da,admissivel_com_ressalva,Aprovado(a),"Ante o exposto, manifesta-se voto pela ADMISSIBILIDADE do PL nº 502/2023 e do PL nº 794/2022, na forma do Substitutivo, acatando a subemenda n°2 aditiva apresentada.",GAB DEP IOLANDO,107066,2023-12-11T18:33:40.047
2023,Projeto de Lei,502,"Altera a Lei nº 6.466, de 27 de dezembro de 2019, para prorrogar, até 31 de dezembro de 2025,  os benefícios fiscais do Imposto sobre a Propriedade Predial e Territorial Urbana - IPTU, do Imposto sobre a Transmissão Causa Mortis e Doação de Quaisquer Bens ou Direitos - ITCD, do Imposto sobre a Transmissão Inter Vivos de Bens Imóveis e de Direitos a eles Relativos - ITBI e da Taxa de Limpeza Pública – TLP previstos na Lei mencionada.",CONSTITUIÇÃO E JUSTIÇA,clausula_da,admissivel_com_ressalva,Não apreciado(a),"Ante o exposto, manifesta-se voto pela ADMISSIBILIDADE do PL nº 502/2023 e do PL nº 794/2022, na forma do Substitutivo do Relator.",GAB DEP IOLANDO,107028,2023-12-11T14:42:12.42
2023,Projeto de Lei,503,"Altera a Lei nº 5.686, de 1° de agosto de 2016, que “Institui a Campanha Permanente de Informação, Prevenção e Combate à Depressão no âmbito do Distrito Federal e dá outras providências”.

",CONSTITUIÇÃO E JUSTIÇA,clausula_da,admissivel,Aprovado(a),"Diante do exposto, manifestamos voto pela ADMISSIBILIDADE do Projeto de Lei nº 503/2023, no âmbito da Comissão de Constituição e Justiça.",GAB DEP FÁBIO FÉLIX,101166,2023-11-06T18:18:20.097
2023,Projeto de Lei,506,"
Altera a Lei 1.695, de 24 de setembro de 1997, que concede anistia às entidades sindicais representativas dos servidores públicos da administração direta, indireta, autárquica e fundacional, por atos individuais ou coletivos decorrentes de paralisação da administração pública do Distrito Federal, e dá outras providências.
",CONSTITUIÇÃO E JUSTIÇA,clausula_da,admissivel,Não apreciado(a),"III - CONCLUSÃO Pelo exposto, manifestamos voto pela ADMISSIBILIDADE do Projeto de Lei nº 506/2023, nos termos do art. 63, I, do RICLDF.",GAB DEP ROBÉRIO NEGREIROS,298387,2025-05-20T14:32:17.553
2023,Projeto de Lei,51,"Institui a Semana Distrital de Combate à Vulnerabilidade Social da População em Situação de Rua, no âmbito do Distrito Federal. ",CONSTITUIÇÃO E JUSTIÇA,clausula_da,admissivel,Não apreciado(a),"Diante do exposto, manifestamos voto pela ADMISSIBILIDADE do Projeto de Lei nº 51/2023, no âmbito da Comissão de Constituição e Justiça, nos termos do Substitutivo anexo.",GAB DEP FÁBIO FÉLIX,91660,2023-09-20T14:25:53.777
2023,Projeto de Lei,512,"
Dispõe sobre a proibição às instituições de ensino de impor aos alunos formandos a contratação exclusiva de empresa de fotografia e filmagem por elas indicadas para registro de formaturas realizadas no âmbito do Distrito Federal.
",CONSTITUIÇÃO E JUSTIÇA,clausula_da,admissivel_com_ressalva,Aprovado(a),"Por todo o exposto, considerando a viabilidade de correção dos vícios identificados, nosso voto é pela ADMISSIBILIDADE do Projeto de Lei nº 512/2023, na forma do substitutivo anexo.",GAB DEP ROBÉRIO NEGREIROS,281649,2024-12-19T14:36:38.403
2023,Projeto de Lei,519,"Institui o Mês de Conscientização e Prevenção do Diabetes no Distrito Federal, denominado Novembro Azul, e dá outras providências.",CONSTITUIÇÃO E JUSTIÇA,clausula_da,admissivel_com_ressalva,Aprovado(a),"III – CONCLUSÃO Diante do exposto, manifestamos voto pela ADMISSIBILIDADE do Projeto de Lei nº 519/2023, no âmbito da Comissão de Constituição e Justiça, na forma do Substitutivo anexo.",GAB DEP ROBÉRIO NEGREIROS,291836,2025-03-31T13:29:54.127
2023,Projeto de Lei,520,"Altera a Lei nº 7.163, de 4 de julho de 2022, que “Institui o Mês Maio Furta-Cor, dedicado às ações de conscientização, incentivo ao cuidado e promoção da saúde mental materna no Distrito Federal”, para incluir o dia 13 de maio como Dia da Conscientização e Atenção à Saúde Mental Materna, e dá outras providências.",CONSTITUIÇÃO E JUSTIÇA,clausula_da,admissivel,Aprovado(a),"Diante do exposto, manifestamos voto pela ADMISSIBILIDADE do Projeto de Lei nº 520/2023, no âmbito da Comissão de Constituição e Justiça, com o acolhimento da emenda modificativa e da emenda supressiva anexas.",GAB DEP FÁBIO FÉLIX,111447,2024-02-26T11:52:08.987
2023,Projeto de Lei,521,"Institui e inclui no Calendário Oficial de Eventos do Distrito Federal o “Dia Distrital da Regeneração e do Plantio de Árvores”, celebrado, anualmente, no primeiro domingo de dezembro.",CONSTITUIÇÃO E JUSTIÇA,clausula_da,admissivel,Aprovado(a),"Diante do exposto, manifestamos voto pela ADMISSIBILIDADE do Projeto de Lei nº 521/2023, no âmbito da Comissão de Constituição e Justiça, com o acolhimento da emenda supressiva anexa.",GAB DEP CHICO VIGILANTE,116475,2024-04-03T14:09:36.857
2023,Projeto de Lei,526,Institui e inclui no Calendário Oficial de Eventos do Distrito Federal o Dia do Rock Brasiliense.,CONSTITUIÇÃO E JUSTIÇA,clausula_da,admissivel,Aprovado(a),"Por essas razões, voto pela ADMISSIBILIDADE do Projeto de Lei nº 526/2023.",GAB DEP CHICO VIGILANTE,103381,2023-11-14T11:57:15.633
2023,Projeto de Lei,532,"Fica instituído o Programa Cozinha Solidária, que dispõe sobre a distribuição de alimentação gratuita preferencialmente à população em situação de vulnerabilidade e risco social, incluindo a população em situação de rua, visando a promoção de políticas de segurança alimentar e nutricional, de assistência social, efetivação de direitos sociais, dignidade humana, resgate social e melhoria da qualidade de vida.",CONSTITUIÇÃO E JUSTIÇA,clausula_da,admissivel,Não apreciado(a),"(ADI 2005 00 2 011064-0)” III - CONCLUSÕES Diante de todo o exposto, manifestamo-nos pela admissibilidade do Projeto de Lei nº 532/23, no âmbito da CCJ.",GAB DEP CHICO VIGILANTE,294487,2025-04-28T10:16:59.633
2023,Projeto de Lei,533,"Altera a Lei nº 4.462/2010, que dispõe sobre o Passe Livre Estudantil nas modalidades de transporte público coletivo, a fim de incluir a previsão de passe livre para os estudantes de cursinhos pré-vestibulares comunitários e populares ou privados, desde que provenientes de escolas públicas.",CONSTITUIÇÃO E JUSTIÇA,clausula_da,inadmissivel,Não apreciado(a),"III - CONCLUSÃO Pelo exposto, com fundamento no art. 2º da Constituição Federal e arts. 53; 71, § 1º, inciso IV, e § 2º; 100, incisos VI e X; e 336, todos da Lei Orgânica do Distrito Federal, nosso voto é pela INADMISSIBILIDADE do Projeto de Lei n.º 533/2023 e da Emenda nº 1 (Substitutivo) da CTMU.",GAB DEP ROBÉRIO NEGREIROS,294740,2025-04-30T14:33:45.587
2023,Projeto de Lei,534,Institui e inclui no Calendário Oficial do Distrito Federal o “Dia da Cultura Surda”.,CONSTITUIÇÃO E JUSTIÇA,clausula_da,admissivel,Aprovado(a),"Por essa razão, propõe-se emenda modificativa para alterar a redação da ementa e do art. 1º. Diante do exposto, manifestamos voto pela ADMISSIBILIDADE do Projeto de Lei nº 534/2023, no âmbito da Comissão de Constituição e Justiça, com o acolhimento da emenda modificativa anexa.",GAB DEP IOLANDO,103515,2023-11-14T19:23:00.48
2023,Projeto de Lei,536,"Altera a Lei nº 4.060, de 18 de dezembro de 2007, que ""Define sanções a serem aplicadas pela prática de maus-tratos a animais e dá outras providências"", para dispor sobre o conceito de maus tratos a animais e a obrigatoriedade de estabelecimentos que prestem assistência ao animal em comunicar indícios de maus tratos.",CONSTITUIÇÃO E JUSTIÇA,clausula_da,inadmissivel,Não apreciado(a),"III – CONCLUSÃO Diante do exposto, no âmbito desta Comissão de Constituição e Justiça, manifestamos voto pela ADMISSIBILIDADE do Projeto de Lei nº 536, de 2023, na forma do substitutivo em anexo, e pela INADMISSIBILIDADE do substitutivo apresentado pela CDESTMAT.",GAB DEP CHICO VIGILANTE,112071,2024-03-01T10:29:18.287
2023,Projeto de Lei,54,Institui o Plano Distrital de Juventude no âmbito do Distrito Federal.,CONSTITUIÇÃO E JUSTIÇA,clausula_da,admissivel,Aprovado(a),"III – CONCLUSÃO Diante de todo o exposto, manifestamo-nos pela admissibilidade do Projeto de Lei nº 54/2023, no âmbito desta CCJ.",CCJ,103364,2023-11-14T11:07:57.087
2023,Projeto de Lei,546,"Institui o Programa “Elas no trânsito"", destinado à promoção e fortalecimento de motoristas e usuárias mulheres no STIP/DF.",CONSTITUIÇÃO E JUSTIÇA,clausula_da,admissivel,Não apreciado(a),"III - CONCLUSÃO Por todo o exposto, manifestamos voto pela ADMISSIBILIDADE do Projeto de Lei nº 546/23, com as emendas supressiva e modificativa em anexo e com a Subemenda à Emenda nº 1 (modificativa), apresentada e aprovada na CAS.",GAB DEP IOLANDO,334024,2026-05-26T13:45:18.187
2023,Projeto de Lei,547,Inclui no calendário oficial de eventos do Distrito Federal o evento denominado Corrida Prevencionista e Caminhada da Prevenção.,CONSTITUIÇÃO E JUSTIÇA,clausula_da,admissivel,Aprovado(a),"Diante do exposto, manifestamos voto pela ADMISSIBILIDADE do Projeto de Lei nº 547/2023, no âmbito da Comissão de Constituição e Justiça.",GAB DEP ROBÉRIO NEGREIROS,130024,2024-08-29T18:31:31.303
2023,Projeto de Lei,564,"Altera a Lei  nº 7.062, de 11 de janeiro de 2022 que “Dispõe sobre o direito de toda mulher a ter acompanhante, pessoa de sua livre escolha, nas consultas e exames, inclusive os ginecológicos nos estabelecimentos públicos e privados de saúde do Distrito Federal”.",CONSTITUIÇÃO E JUSTIÇA,clausula_da,admissivel_com_ressalva,Não apreciado(a),"Diante do exposto, considerando a possibilidade de correção dos vícios identificados, nosso voto é pela ADMISSIBILIDADE do Projeto de Lei nº 564/2023, na forma do SUBSTITUTIVO anexo.",GAB DEP ROBÉRIO NEGREIROS,305013,2025-07-14T17:01:00.127
2023,Projeto de Lei,565,"Institui a Região Administrativa da Fercal, como Patrimônio  Distrital do Ecoturismo, no âmbito do Distrito Federal. ",CONSTITUIÇÃO E JUSTIÇA,clausula_da,admissivel,Aprovado(a),"Diante do exposto, manifestamos voto pela ADMISSIBILIDADE do Projeto de Lei nº 565/2023, no âmbito da CCJ.",GAB DEP FÁBIO FÉLIX,129918,2024-08-28T16:57:45.143
2023,Projeto de Lei,567,"Dispõe sobre a Política Distrital de proteção e direito de matrícula de crianças migrantes, refugiadas, apátridas e solicitantes de refúgio de 06 meses à 06  anos de idade, nas redes públicas de educação básica no âmbito do Distrito Federal.",CONSTITUIÇÃO E JUSTIÇA,clausula_da,admissivel,Aprovado(a),"Por fim, manifestamos voto pela ADMISSIBILIDADE do Projeto de Lei n° 567/2023, no âmbito desta Comissão de Constituição e Justiça.",GAB DEP FÁBIO FÉLIX,101159,2023-11-06T18:00:49.343
2023,Projeto de Lei,572,Institui a campanha “Novembro Verde” com o objetivo de trazer conscientização e sensibilização sobre a ostomia.,CONSTITUIÇÃO E JUSTIÇA,clausula_da,admissivel_com_ressalva,Aprovado(a),"Diante do exposto, manifestamos voto pela ADMISSIBILIDADE do Projeto de Lei nº 572/2023, no âmbito da Comissão de Constituição e Justiça, na forma do substitutivo anexo.",GAB DEP ROBÉRIO NEGREIROS,122235,2024-05-23T11:33:31.693
2023,Projeto de Lei,576,"Institui a Semana Distrital de Prevenção e Combate ao Feminicídio.

 ",CONSTITUIÇÃO E JUSTIÇA,clausula_da,admissivel,Aprovado(a),"Diante do exposto, no âmbito da Comissão de Constituição e Justiça, manifestamos voto pela ADMISSIBILIDADE do Projeto de Lei nº 576/2023, acatada a emenda modificativa nº 1, da CDDHCEDP.",GAB DEP FÁBIO FÉLIX,120730,2024-05-08T14:50:08.023
2023,Projeto de Lei,576,"Institui a Semana Distrital de Prevenção e Combate ao Feminicídio.

 ",CONSTITUIÇÃO E JUSTIÇA,clausula_da,admissivel,Não apreciado(a),"Diante do exposto, manifestamos voto pela ADMISSIBILIDADE do Projeto de Lei nº 576/2023, no âmbito da Comissão de Constituição e Justiça.",GAB DEP FÁBIO FÉLIX,117616,2024-04-11T17:30:45.313
2023,Projeto de Lei,577,Institui o Programa de Auxílio e Benefício Assistência Social – PABAS denominado Cartão Cidadania Inclusiva e dá outras providências.,CONSTITUIÇÃO E JUSTIÇA,clausula_da,inadmissivel,Não apreciado(a),"III - CONCLUSÃO Por esses motivos, com fundamento nos arts. 53, 71, § 1º, IV, e 100, X, da Lei Orgânica do Distrito Federal, nosso voto é pela INADMISSIBILIDADE do Projeto de Lei nº 577/2023",GAB DEP IOLANDO,315920,2025-10-29T13:29:34.73
2023,Projeto de Lei,583,"Altera a Lei n° 640, de 10 de janeiro de 1994, que  ""Assegura o fornecimento de material e medicamentos para diabéticos e dá outras providências.""",CONSTITUIÇÃO E JUSTIÇA,clausula_da,admissivel_com_ressalva,Não apreciado(a),"exposto, com fundamento nos arts. 6º, 23, inciso II, 24, inciso XII e § 2º, 196 e 198 da Constituição; na Lei federal nº 8.080/1990; e nos arts. 71, inciso I, e 207 da Lei Orgânica do Distrito Federal, manifesta-se voto pela ADMISSIBILIDADEconstitucional e jurídica do Projeto de Lei nº 583/2023 na forma da Emenda nº 3 (substitutivo) da Comissão de Assuntos Sociais, que incorporou as Emendas nºs 1 e 2 da Comissão de Educação, Saúde e Cultura.",GAB DEP ROBÉRIO NEGREIROS,301747,2025-06-10T17:38:08.633
2023,Projeto de Lei,585,Dispõe sobre abordagem intersetorial do Poder Público para situação de acumulação indevida de objetos ou animais no Distrito Federal.,CONSTITUIÇÃO E JUSTIÇA,clausula_da,admissivel,Aprovado(a),"Em face de todo o exposto, manifestamos nosso voto pela ADMISSIBILIDADE do Projeto de Lei nº 585, de 2023, no âmbito desta Comissão de Constituição e Justiça, com a emenda supressiva anexa.",GAB DEP ROBÉRIO NEGREIROS,104839,2023-11-24T16:37:58.737
2023,Projeto de Lei,587,"Reconhece a vocação temática de logradouros do Plano Piloto como de relevante interesse cultural, social e econômico para o Distrito Federal",CONSTITUIÇÃO E JUSTIÇA,clausula_da,admissivel_com_ressalva,Aprovado(a),"Destarte, com fundamento no art. 63, inciso I, do RICLDF, manifesta-se voto pela ADMISSIBILIDADE do PL nº 587/2023, no âmbito desta CCJ, na forma do Substitutivo anexo.",GAB DEP IOLANDO,106209,2023-12-04T19:08:13.223
2023,Projeto de Lei,588,"Altera a Lei nº 1.254, de 8 de novembro de 1996, que dispõe quanto ao Imposto sobre Operações Relativas à Circulação de Mercadorias e sobre Prestações de Serviços de Transporte Interestadual e Intermunicipal e de Comunicação – ICMS e dá outras providências.",CONSTITUIÇÃO E JUSTIÇA,clausula_da,admissivel,Aprovado(a),"Diante de todo o exposto e com fundamento no art. 63, inciso I, do RICLDF, vota-se nesta CCJ pela admissibilidade do Projeto de Lei nº 588/2023.",GAB DEP ROBÉRIO NEGREIROS,93773,2023-10-02T14:42:10.89
2023,Projeto de Lei,589,Veda a prática de comercialização de combustível com o repasse antecipado do reajuste do preço aos consumidores.,CONSTITUIÇÃO E JUSTIÇA,clausula_da,admissivel_com_ressalva,Não apreciado(a),"III – CONCLUSÃO Ante todo o exposto, considerando a viabilidade de correção dos defeitos identificados, nosso voto é pela ADMISSIBILIDADE do Projeto de Lei nº 589/2023, na forma do substitutivo anexo, o qual já incorpora os aprimoramentos promovidos pelo Substitutivo nº 01, aprovado na CDC.",GAB DEP ROBÉRIO NEGREIROS,298376,2025-05-20T14:19:00.49
2023,Projeto de Lei,590,Inclui no calendário oficial de eventos do Distrito Federal o evento denominado Festival Medieval Brasil.,CONSTITUIÇÃO E JUSTIÇA,clausula_da,admissivel,Aprovado(a),"Diante do exposto, manifestamos voto pela ADMISSIBILIDADE do Projeto de Lei nº 590/2023, no âmbito da Comissão de Constituição e Justiça.",GAB DEP FÁBIO FÉLIX,126783,2024-07-02T17:51:38.423
2023,Projeto de Lei,608,"Altera a Lei nº 6.242, de 20 de dezembro de 2018, que cria o Fundo de Segurança Pública do Distrito Federal - FUSPDF e dá outras providências.",CONSTITUIÇÃO E JUSTIÇA,clausula_da,admissivel,Aprovado(a),"ANTE O EXPOSTO, manifesta-se voto pela ADMISSIBILIDADE DO PROJETO DE LEI Nº 608/2023, com a emenda anexa.",GAB DEP ROBÉRIO NEGREIROS,131365,2024-09-05T14:55:49.027
2023,Projeto de Lei,611,Inclui no Calendário Oficial de Eventos do Distrito Federal os Festejos do Seu Estrelo e o Fuá do Terreiro,CONSTITUIÇÃO E JUSTIÇA,clausula_da,admissivel,Não apreciado(a),"Diante do exposto, manifestamos voto pela ADMISSIBILIDADE do Projeto de Lei nº 611/2023, no âmbito da Comissão de Constituição e Justiça.",GAB DEP CHICO VIGILANTE,128354,2024-08-12T12:17:07.82
2023,Projeto de Lei,615,Dispõe sobre a obrigatoriedade de Podium adaptado nas competições esportivas que possuírem pessoas com deficiência participando dos eventos no Distrito Federal.,CONSTITUIÇÃO E JUSTIÇA,clausula_da,admissivel_com_ressalva,Aprovado(a),"Em relação à técnica legislativa, são necessários ajustes para atender às normas de boa técnica e corrigir erros de redação, conforme disposto na Lei Complementar Distrital nº 13/1996. Diante do exposto, nosso voto é pela ADMISSIBILIDADE do Projeto de Lei nº 615/2023, na forma do SUBSTITUTIVO anexo.",GAB DEP ROBÉRIO NEGREIROS,274745,2024-10-30T15:31:33.433
2023,Projeto de Lei,622,"Institui a Política Distrital do Cuidado, para pessoas idosas e pessoas com deficiência em situação de dependência, e dá outras providências.",CONSTITUIÇÃO E JUSTIÇA,clausula_da,admissivel,Não apreciado(a),"III - CONCLUSÃO Pelo exposto, manifestamos voto pela ADMISSIBILIDADE do Projeto de Lei nº 622/2023, em sua forma original.",GAB DEP CHICO VIGILANTE,334970,2026-06-02T11:05:46.883
2023,Projeto de Lei,624,"DISPÕE SOBRE A PREVENÇÃO, DETECÇÃO E ENCAMINHAMENTO PARA TRATAMENTO DA ESCOLIOSE EM CRIANÇAS E ADOLESCENTES, NO ÂMBITO DA REDE PÚBLICA DE ENSINO DO DISTRITO FEDERAL, NO ENSINO FUNDAMENTAL E MÉDIO, E DÁ OUTRAS PROVIDÊNCIAS.",CONSTITUIÇÃO E JUSTIÇA,clausula_da,sem_clausula,Não apreciado(a),,GAB DEP CHICO VIGILANTE,335055,2026-06-02T18:33:48.297
2023,Projeto de Lei,625,"DISPÕE SOBRE A DISPONIBILIZAÇÃO, POR LOCADORAS DE VEÍCULOS, DE CADEIRINHA AUXILIAR E ASSENTO ELEVADO PARA CRIANÇAS, E DÁ OUTRAS PROVIDÊNCIAS.",CONSTITUIÇÃO E JUSTIÇA,clausula_da,admissivel_com_ressalva,Não apreciado(a),"com fundamento nos artigos 1º, inciso IV, 5º, inciso XXXIII, 22, inciso I, 24, incisos V, VIII e XV e 170, todos da Constituição Federal, e artigos 71, 263 e 267, todos da Lei Orgânica do Distrito Federal, nosso voto é pela ADMISSIBILIDADE do Projeto de Lei n.º 625/2023, na forma do Substitutivo n.º 1, apresentado e aprovado na CDC, e das subemendas anexas – uma modificativa e uma aditiva.",GAB DEP FÁBIO FÉLIX,126777,2024-07-02T16:35:04.673
2023,Projeto de Lei,627,"Altera a Lei nº 4.611, de 09 de agosto de 2022 que regulamenta no Distrito Federal o tratamento favorecido, diferenciado e simplificado para microempresas, empresas de pequeno porte e microempreendedores individuais de que trata a Lei Complementar federal nº 123, de 14 de dezembro de 2006, as Leis Complementares nº 127, de 14 de agosto de 2007, e nº 128, de 19 de dezembro de 2008, e dá outras providências.",CONSTITUIÇÃO E JUSTIÇA,clausula_da,inadmissivel,Não apreciado(a),"III- CONCLUSÃO Por esses motivos, com fundamento nos arts. 37, caput, e inciso XXI, da Constituição Federal, e nos arts. 19, caput, e 47 da Lei Orgânica do Distrito Federal nosso voto é pela INADMISSIBILIDADE do Projeto de Lei nº 627/2023.",GAB DEP ROBÉRIO NEGREIROS,300731,2025-05-28T15:34:14.797
2023,Projeto de Lei,628,"Institui e inclui no Calendário Oficial de Eventos do Distrito Federal o Dia Mãe Bernadete, em memória da luta e resistência das mulheres negras e de todos povos quilombolas e de matriz africana, a ser celebrado no dia 17 de agosto. ",CONSTITUIÇÃO E JUSTIÇA,clausula_da,admissivel,Não apreciado(a),"Diante do exposto, manifestamos voto pela ADMISSIBILIDADE do Projeto de Lei nº 628/2023, no âmbito da Comissão de Constituição e Justiça.",GAB DEP CHICO VIGILANTE,112079,2024-03-01T11:12:32.88
2023,Projeto de Lei,631,"Altera a Lei nº 6.357, de 7 de agosto de 2019, que institui a Semana Distrital de Promoção ao Empreendedorismo.",CONSTITUIÇÃO DE JUSTIÇA,clausula_da,admissivel,Aprovado(a),"III – CONCLUSÃO Diante do exposto, manifestamos voto pela ADMISSIBILIDADE do Projeto de Lei nº 631/2023, no âmbito da Comissão de Constituição e Justiça, com o acolhimento do substitutivo anexo.",CCJ,109514,2024-02-06T09:45:43.77
2023,Projeto de Lei,632,"Dispõe sobre a obrigatoriedade dos estabelecimentos que oferecem serviços de podologia no Distrito Federal de possuírem profissionais habilitados e dá outras providências.

",CONSTITUIÇÃO E JUSTIÇA,clausula_da,admissivel,Não apreciado(a),"III - CONCLUSÃO Ante o exposto, vota-se pela ADMISSIBILIDADE do Projeto de Lei nº 632/2023, nos termos do art. 64, I, do RICLDF.",GAB DEP ROBÉRIO NEGREIROS,312316,2025-09-24T16:59:55.33
2023,Projeto de Lei,634,"Dispõe sobre a participação dos Ouvidores dos órgãos e entidades da Administração Pública do Distrito Federal na formulação, implementação e avaliação de políticas públicas e dá outras providências.",CONSTITUIÇÃO E JUSTIÇA,clausula_da,inadmissivel,Não apreciado(a),"III- CONCLUSÃO Pelo exposto, manifestamos voto pela INADMISSIBILIDADE do Projeto de Lei n.º 634/2023, restando prejudicada a análise dos demais aspectos pertinentes a esta Comissão.",GAB DEP ROBÉRIO NEGREIROS,298412,2025-05-20T14:51:42.397
2023,Projeto de Lei,650,"Altera a Lei 7.306, de 25 de julho de 2023, que “Institui o método Wolbachia como diretriz complementar de controle biológico de combate ao mosquito denominado Aedes aegypti, transmissor da dengue e de outras doenças”.",CONSTITUIÇÃO E JUSTIÇA,clausula_da,admissivel,Aprovado(a),"Pelo exposto, manifesto voto pela ADMISSIBILIDADE do Projeto de Lei n.º 650/2023.",GAB DEP FÁBIO FÉLIX,290161,2025-03-19T15:10:10.74
2023,Projeto de Lei,657,"Institui e inclui no Calendário Oficial de Eventos do Distrito Federal o Dia em homenagem aos Parlamentares Constituintes do Distrito Federal, a ser celebrado no dia 05 de outubro. ",CONSTITUIÇÃO E JUSTIÇA,clausula_da,admissivel,Aprovado(a),"Diante do exposto, manifestamos voto pela ADMISSIBILIDADE do Projeto de Lei nº 657/2023, no âmbito da Comissão de Constituição e Justiça, com o acolhimento do Substitutivo anexo.",GAB DEP FÁBIO FÉLIX,282034,2025-01-31T16:35:42.96
2023,Projeto de Lei,660,"Altera o §3º do  Art. 1º da Lei nº 4.585, de 13 de Julho de 2011, que “Dispõe sobre a participação de servidor, empregado público ou membro da sociedade nos órgãos de deliberação coletiva da administração direta, autárquica e fundacional, e dá outras providências.”",CONSTITUIÇÃO E JUSTIÇA,clausula_da,admissivel,Não apreciado(a),"la lei complementar n.º 13/1996, que “Regulamenta o art. 69 da Lei Orgânica, dispondo sobre a elaboração, redação, alteração e consolidação das leis do Distrito Federal.” III - CONCLUSÕES Pelo exposto, manifestamos voto pela ADMISSIBILIDADE do Projeto de Lei n.º 660/2023, no âmbito da Comissão de Constituição e Justiça.",GAB DEP CHICO VIGILANTE,294488,2025-04-28T10:34:18.003
2023,Projeto de Lei,666,"Reconhece o Esporte de Surdos (Surdodesporto) como de relevante interesse desportivo e social, no âmbito Distrito Federal.",CONSTITUIÇÃO E JUSTIÇA,clausula_da,inadmissivel,Não apreciado(a),"III - CONCLUSÃO Por todo o exposto, nosso voto é pela INADMISSIBILIDADE do Projeto de Lei nº 666/2023, no âmbito da Comissão de Constituição e Justiça.",GAB DEP IOLANDO,326945,2026-03-17T13:14:15.547
2023,Projeto de Lei,668,"Institui diretrizes para o incentivo aos ""Grupos Reflexivos de combate à violência contra a pessoa idosa”, e dá outras providências.",CONSTITUIÇÃO E JUSTIÇA,clausula_da,admissivel,Aprovado(a),"III - CONCLUSÕES Pelo exposto, nosso voto é pela ADMISSIBILIDADE do Projeto de Lei nº 668/2023 e das emendas 01 e 02 apresentadas.",GAB DEP IOLANDO,312142,2025-09-23T12:32:42.187
2023,Projeto de Lei,668,"Institui diretrizes para o incentivo aos ""Grupos Reflexivos de combate à violência contra a pessoa idosa”, e dá outras providências.",CONSTITUIÇÃO E JUSTIÇA,clausula_da,admissivel,Não apreciado(a),"III - CONCLUSÕES Pelo exposto, nosso voto é pela ADMISSIBILIDADE do Projeto de Lei nº 668/2023 com a emenda anexa.",GAB DEP IOLANDO,312069,2025-09-22T16:29:22.037
2023,Projeto de Lei,669,"Institui e inclui, no Calendário Oficial de Eventos do Distrito Federal, o “Dia do Contador”.",CONSTITUIÇÃO E JUSTIÇA,clausula_da,admissivel,Aprovado(a),"III - CONCLUSÕES Diante do exposto, manifestamos voto pela ADMISSIBILIDADE do Projeto de Lei nº 669/2023, no âmbito da Comissão de Constituição e Justiça.",GAB DEP CHICO VIGILANTE,297300,2025-05-15T15:40:13.143
2023,Projeto de Lei,677,"Dispõe sobre a política de incentivo a pet shops que realizam o acolhimento de cães e gatos em situação de abandono ou de maus-tratos e dá outras providências.
",CONSTITUIÇÃO E JUSTIÇA,clausula_da,inadmissivel,Não apreciado(a),"Diante do exposto, manifestamos voto pela INADMISSIBILIDADE do Projeto de Lei nº 677, de 2023, no âmbito desta Comissão de Constituição e Justiça",GAB DEP FÁBIO FÉLIX,108873,2024-01-12T15:12:11.02
2023,Projeto de Lei,679,"Altera a Lei n.º 5.323, de 17 de março de 2014, que ""Dispõe sobre a prestação do serviço de táxi no Distrito Federal e dá outras providências"" para aumentar a idade máxima dos veículos que podem ser usados no serviço de táxi.",CONSTITUIÇÃO E JUSTIÇA,clausula_da,admissivel,Aprovado(a),"Com essas considerações, manifesta-se voto pela ADMISSIBILIDADE CONSTITUCIONAL E JURÍDICA do Projeto de Lei nº 679/2023, com as duas emendas de redação anexas.",GAB DEP IOLANDO,129076,2024-08-20T13:00:04.137
2023,Projeto de Lei,680,"Institui e inclui o Dia da Maratona do Correio Braziliense, 21 de abril, no Calendário Oficial de Eventos do Distrito Federal.  ",CONSTITUIÇÃO DE JUSTIÇA,clausula_da,admissivel,Aprovado(a),"CONCLUSÃO Assim, com fundamento no art. 63, inciso I, do RICLDF, manifesta-se voto pela ADMISSIBILIDADE do PL nº 680/2023, no âmbito desta CCJ.",CCJ,115817,2024-03-25T16:25:32.597
2023,Projeto de Lei,69,"Institui a Política de Estímulo ao Empreendedorismo na Terceira Idade, no âmbito do Distrito Federal e dá outras providências.",CONSTITUIÇÃO DE JUSTIÇA,clausula_da,admissivel,Aprovado(a),"III - CONCLUSÃO Diante do exposto, manifesta-se voto pela ADMISSIBILIDADE do Projeto de Lei nº 69/2023, no âmbito desta Comissão de Constituição e Justiça.",CCJ,109762,2024-02-07T12:25:15.99
2023,Projeto de Lei,690,"Altera a Lei nº 4.568, de 16 de maio de 2011, que institui a obrigatoriedade de o Poder Executivo proporcionar tratamento especializado, educação e assistência específicas a todos os autistas, independentemente de idade, no âmbito do Distrito Federal, para assegurar o direito de uso das vagas especiais de estacionamento o condutor que conduzir a pessoa com Síndrome de Down.",CONSTITUIÇÃO E JUSTIÇA,clausula_da,admissivel_com_ressalva,Não apreciado(a),"III - CONCLUSÕES Pelo exposto, considerando a possibilidade de correção dos vícios identificados, nosso voto é pela ADMISSIBILIDADE do Projeto de Lei nº 690/2023, na forma do SUBSTITUTIVO anexo.",GAB DEP FÁBIO FÉLIX,300403,2025-05-27T15:44:18.573
2023,Projeto de Lei,691,Institui a Semana da Maternidade e da Paternidade Atípica e dá outras providências.,CONSTITUIÇÃO E JUSTIÇA,clausula_da,admissivel,Não apreciado(a),"Diante do exposto, manifestamos voto pela ADMISSIBILIDADE do Projeto de Lei nº 691/2023, no âmbito da Comissão de Constituição e Justiça, com acolhimento da subemenda supressiva anexa.",GAB DEP IOLANDO,129343,2024-08-21T14:28:12.207
2023,Projeto de Lei,691,Institui a Semana da Maternidade e da Paternidade Atípica e dá outras providências.,CONSTITUIÇÃO E JUSTIÇA,clausula_da,admissivel_com_ressalva,Aprovado(a),"Diante do exposto, manifestamos voto pela ADMISSIBILIDADE do Projeto de Lei nº 691/2023, na forma do substitutivo apresentado pela CEC, com acolhimento da subemenda supressiva anexa.",GAB DEP IOLANDO,129390,2024-08-21T16:02:54.683
2023,Projeto de Lei,698,"Altera a Lei nº 5.547, de 06 de outubro de 2015, que dispõe sobre as autorizações para localização e funcionamento de atividades econômicas e auxiliares.",CONSTITUIÇÃO E JUSTIÇA,clausula_da,admissivel_com_ressalva,Aprovado(a),"III - CONCLUSÃO Ante o exposto, manifestamos voto pela ADMISSIBILIDADE do Projeto de Lei nº 698/2023 e da Emenda n.1, na forma da subemenda apresentada.",GAB DEP THIAGO MANZONI,106230,2023-12-04T23:17:46.527
2023,Projeto de Lei,710,"Altera a Lei nº 4.285, de 26 de dezembro de 2008, que reestrutura a Agência Reguladora de Águas e Saneamento do Distrito Federal – ADASA/DF, dispõe sobre recursos hídricos e serviços públicos no Distrito Federal, e a Lei nº 5.418, de 24 de novembro de 2014, que dispõe sobre a Política Distrital de Resíduos Sólidos, e dá outras providências.",CONSTITUIÇÃO E JUSTIÇA,clausula_da,admissivel,Aprovado(a),"Por todo o exposto, nosso voto é pela ADMISSIBILIDADE constitucional e jurídica do Projeto de Lei nº 710, de 2023, com a emenda de redação anexa.",GAB DEP ROBÉRIO NEGREIROS,104841,2023-11-24T16:50:35.55
2023,Projeto de Lei,716,"Altera a Lei nº 5.078, de 11 de março de 2013, que “Inclui, no calendário oficial de eventos do Distrito Federal, o Dia do Autismo.”",CONSTITUIÇÃO E JUSTIÇA,clausula_da,admissivel,Aprovado(a),"III - CONCLUSÕES Diante do exposto, manifestamos voto pela ADMISSIBILIDADE do Projeto de Lei nº 716/2023, no âmbito desta Comissão de Constituição e Justiça.",GAB DEP IOLANDO,288745,2025-03-06T15:51:10.023
2023,Projeto de Lei,718,"Institui o Programa de Incentivo, Proteção e Respeito aos Ciclistas no âmbito do Distrito Federal, e dá outras providências.",CONSTITUIÇÃO E JUSTIÇA,clausula_da,admissivel_com_ressalva,Aprovado(a),"I, 21, X, 23, 24, IX, 32, § 1º, 30, I, e 217, da Constituição Federal assim como nos arts. 3º, III e IV, 16, XII, 17, IX, e 254, da Lei Orgânica do Distrito Federal, esta Comissão de Constituição e Justiça se manifesta pela ADMISSIBILIDADE do Projeto de Lei nº 718/2023, na forma do Substitutivo apresentado pela CTMU, com o acatamento das emendas nº 2, 3 e 4, em anexo.",GAB DEP ROBÉRIO NEGREIROS,282721,2025-02-07T10:11:16.723
2023,Projeto de Lei,718,"Institui o Programa de Incentivo, Proteção e Respeito aos Ciclistas no âmbito do Distrito Federal, e dá outras providências.",CONSTITUIÇÃO E JUSTIÇA,clausula_da,admissivel_com_ressalva,Não apreciado(a),"I, 21, X, 23, 24, IX, 32, § 1º, 30, I, e 217, da Constituição Federal assim como nos arts. 3º, III e IV, 16, XII, 17, IX, e 254, da Lei Orgânica do Distrito Federal, esta Comissão de Constituição e Justiça se manifesta pela ADMISSIBILIDADE do Projeto de Lei nº 718/2023, na forma do Substitutivo apresentado pela CTMU, desde que acatadas as subemendas supressivas nos 1 e 2 e a subemenda modificativa nº 3, em anexo.",GAB DEP ROBÉRIO NEGREIROS,277832,2024-11-18T15:48:58.253
2023,Projeto de Lei,722,Institui multas por descumprimento de obrigações acessórias relativas à Declaração Eletrônica de Serviços das Instituições Financeiras e demais entidades - DES-IF.,CONSTITUIÇÃO E JUSTIÇA,clausula_da,admissivel,Aprovado(a),"Assim, no âmbito da CCJ, vota-se pela ADMISSIBILIDADE do PL nº 722/2023, nos termos do art. 63, I, do RICLDF e aprovação das emendas nº 2 e 3 anexas.",GAB DEP ROBÉRIO NEGREIROS,107126,2023-12-12T11:25:56.093
2023,Projeto de Lei,722,Institui multas por descumprimento de obrigações acessórias relativas à Declaração Eletrônica de Serviços das Instituições Financeiras e demais entidades - DES-IF.,CONSTITUIÇÃO E JUSTIÇA,clausula_da,admissivel,Retirado(a),"Assim, no âmbito da CCJ, vota-se pela ADMISSIBILIDADE do PL nº 722/2023, nos termos do art. 63, I, do RICLDF e das emendas anexas.",GAB DEP ROBÉRIO NEGREIROS,106841,2023-12-07T17:41:23.727
2023,Projeto de Lei,724,"Concede remissão, anistia e isenção do Imposto sobre a Propriedade Predial e Territorial Urbana - IPTU, do Imposto sobre a Transmissão Causa Mortis e Doação de Quaisquer Bens ou Direitos - ITCD, do Imposto sobre a Transmissão Inter Vivos de Bens Imóveis por Natureza ou Acessão Física e de Direitos Reais sobre Imóveis - ITBI e da Taxa de Limpeza Pública - TLP relativos aos imóveis pertencentes ao Fundo Garantidor de Parcerias Público-Privadas do Distrito Federal - FGP-DF, instituído pela Lei nº 5.004, de 21 de dezembro de 2012.",CONSTITUIÇÃO E JUSTIÇA,clausula_da,admissivel,Aprovado(a),"Assim, com fundamento no art. 63, inciso I, do RICLDF, manifesta-se voto pela ADMISSIBILIDADE do PL nº 724/2023, no âmbito desta CCJ.",GAB DEP THIAGO MANZONI,106229,2023-12-04T23:03:11.36
2023,Projeto de Lei,726,"Estabelece a pauta de valores venais de veículos automotores usados registrados e licenciados no Distrito Federal para efeito de lançamento do Imposto sobre a Propriedade de Veículos Automotores - IPVA, relativamente ao exercício de 2024, e dá outras providências.",CCJ,sigla_cabecalho,admissivel,Aprovado(a),"Diante do exposto, vota-se, no âmbito da CCJ, pela ADMISSIBILIDADE do PL nº 726/2023, nos termos do art. 63, I, do RICLDF.",GAB DEP ROBÉRIO NEGREIROS,106159,2023-12-04T15:19:43.74
2023,Projeto de Lei,729,Institui o “Dia da Bondade” no âmbito do Distrito Federal.,CONSTITUIÇÃO E JUSTIÇÃO,clausula_da,admissivel,Aprovado(a),"Diante do exposto, manifestamos voto pela ADMISSIBILIDADE do Substitutivo ao Projeto de Lei nº 729/2023, no âmbito da Comissão de Constituição e Justiça.",GAB DEP ROBÉRIO NEGREIROS,129463,2024-08-22T17:14:08.783
2023,Projeto de Lei,73,"""Dispõe sobre o abandono material e afetivo da pessoa idosa no âmbito do Distrito Federal e dá outras providências."" ",CONSTITUIÇÃO E JUSTIÇA,clausula_da,admissivel,Aprovado(a),"iretrizes e Bases da Educação”: Diante do exposto, tendo em vista que a proposição observa as exigências formais e materiais do ordenamento jurídico, no âmbito desta COMISSÃO DE CONSTITUIÇÃO E JUSTIÇA, manifestamos voto pela ADMISSIBILIDADE do Projeto de Lei nº 73, de 2023.",GAB DEP CHICO VIGILANTE,101217,2023-11-07T10:51:33.933
2023,Projeto de Lei,732,"Estabelece a pauta de valores venais de terrenos e edificações do Distrito Federal para efeito de lançamento do Imposto sobre a Propriedade Predial e Territorial Urbana - IPTU, relativamente ao exercício de 2024, e dá outras providências.",CONSTITUIÇÃO E JUSTIÇA,clausula_da,admissivel,Aprovado(a),"dentifica óbices à continuidade da tramitação, uma vez que atende as exigências da Lei Complementar n° 13, de 03 de setembro de 1996. Por todo o exposto, com fundamento no art. 63, inciso I, do RICLDF, vota-se nesta CCJ pela ADMISSIBILIDADE do PL nº 732/2023.",GAB DEP ROBÉRIO NEGREIROS,106170,2023-12-04T16:21:17.727
2023,Projeto de Lei,733,Inclui no Calendário Oficial de eventos do Distrito Federal o dia do Podólogo.,CONSTITUIÇÃO E JUSTIÇA,clausula_da,admissivel_com_ressalva,Aprovado(a),"Diante do exposto, manifestamos voto pela ADMISSIBILIDADE do Projeto de Lei nº 733/2023, na forma do substitutivo proposto, no âmbito da Comissão de Constituição e Justiça.",GAB DEP FÁBIO FÉLIX,282030,2025-01-31T16:29:58.673
2023,Projeto de Lei,74,"Altera a Lei nº 6.619, de 10 de junho de 2020, que “Determina a instalação de sistema de monitoramento em asilos, casas de repouso ou clínicas de repouso que abriguem idosos, e em creches públicas ou privadas no Distrito Federal e dá outras providências. ”",CONSTITUIÇÃO E JUSTIÇA,clausula_da,admissivel_com_ressalva,Aprovado(a),"6º, 24, inciso XV, 25, § 1º, 30, inciso I, 32, § 1º, 227 e 230, todos da Constituição Federal, bem como nos arts. 3º, inciso XII, 58, inciso III, 71, 267, 270 e 272, todos da Lei Orgânica do Distrito Federal, entendemos pela ADMISSIBILIDADE do Projeto de Lei n.º 74/2023, na forma do substitutivo em anexo.",GAB DEP ROBÉRIO NEGREIROS,132207,2024-09-11T15:18:36.853
2023,Projeto de Lei,749,Dispõe sobre o licenciamento para a realização de eventos e dá outras providências.,CONSTITUIÇÃO E JUSTIÇA,clausula_da,admissivel,Não apreciado(a),"Por todo o exposto, nosso voto é pela ADMISSIBILIDADE constitucional e jurídica do Projeto de Lei n.º 749, de 2023.",GAB DEP ROBÉRIO NEGREIROS,116606,2024-04-04T11:18:49.777
2023,Projeto de Lei,749,Dispõe sobre o licenciamento para a realização de eventos e dá outras providências.,CONSTITUIÇÃO E JUSTIÇA,clausula_da,admissivel_com_ressalva,Aprovado(a),"Por todo o exposto, nosso voto é pela ADMISSIBILIDADE constitucional e jurídica do Projeto de Lei n.º 749, de 2023, bem como, o acatamento das Emendas nº 01, nº 02 e nº 12 na forma da subemenda aglutinativa nº 17, nº 03, nº 04 na forma da Submemenda nº 20, nº 05, nº 6, nº 08, nº 09, nº 10 na forma da Subemenda n",GAB DEP ROBÉRIO NEGREIROS,119573,2024-04-22T15:28:55.423
2023,Projeto de Lei,75,"Assegura aos recém-nascidos, nas unidades integrantes do sistema de saúde do Distrito Federal, o direito ao exame clínico-ortopédico para diagnóstico do Pé Torto Congênito (PTC) e dá outras providências.",CONSTITUIÇÃO E JUSTIÇA,clausula_da,admissivel,Aprovado(a),"Por todo o exposto, nosso voto é pela ADMISSIBILIDADE do Projeto de Lei nº 75/2023, no âmbito da Comissão de Constituição e Justiça.",GAB DEP FÁBIO FÉLIX,292150,2025-04-02T16:17:37.113
2023,Projeto de Lei,755,"Altera a LEI Nº 4.237, DE 30 DE OUTUBRO DE 2008, de autoria do Deputado Leonardo Prudente, que “Inclui os eventos que especifica no calendário oficial de eventos do Distrito Federal""",CONSTITUIÇÃO E JUSTIÇA,clausula_da,admissivel,Não apreciado(a),"III - CONCLUSÃO Diante do exposto, manifestamos voto pela ADMISSIBILIDADE do Projeto de Lei nº 755/2023, no âmbito da Comissão de Constituição e Justiça, com o acolhimento da subemenda modificativa anexa.",GAB DEP FÁBIO FÉLIX,325745,2026-02-26T11:34:40.6
2023,Projeto de Lei,755,"Altera a LEI Nº 4.237, DE 30 DE OUTUBRO DE 2008, de autoria do Deputado Leonardo Prudente, que “Inclui os eventos que especifica no calendário oficial de eventos do Distrito Federal""",CONSTITUIÇÃO E JUSTIÇA,clausula_da,admissivel,Não apreciado(a),"III - CONCLUSÃO Diante do exposto, manifestamos voto pela ADMISSIBILIDADE do Projeto de Lei nº 755/2023, no âmbito da Comissão de Constituição e Justiça, nos termos do Substitutivo da CEC, com o acolhimento da subemenda modificativa anexa.",GAB DEP FÁBIO FÉLIX,325906,2026-03-02T14:39:05.077
2023,Projeto de Lei,763,"Dispõe sobre a prestação de serviços por profissional de educação física diretamente ao consumidor, de modo itinerante, utilizando veículo automotor ou rebocável adaptado, denominado ""fit truck"".",CONSTITUIÇÃO E JUSTIÇA,clausula_da,admissivel_com_ressalva,Aprovado(a),"Quanto à técnica legislativa e à redação, há a necessidade de correção de erro de numeração no art. 4º, do qual constam 2 dispositivos numerados como § 1º. Por todo o exposto, manifesta-se voto pela ADMISSIBILIDADE constitucional e jurídica do Projeto de Lei nº 763/2023 na forma da emenda substitutiva apresentada pelo relator.",GAB DEP ROBÉRIO NEGREIROS,131438,2024-09-05T17:43:13.493
2023,Projeto de Lei,77,Institui o Programa Adote uma Unidade Básica de Saúde - UBS no Distrito Federal.,CONSTITUIÇÃO E JUSTIÇA,clausula_da,admissivel,Aprovado(a),"o art. 23 e no inciso XII do art. 24, no art. 196 e no inciso I do art. 198 da Constituição Federal, bem como no caput do art. 71, no art. 204 e no inciso II do art. 205 da Lei Orgânica do Distrito Federal, nosso voto é pela ADMISSIBILIDADE do Projeto de Lei nº 77/2023, nesta Comissão de Constituição e Justiça, com a emenda substitutiva anexa.",GAB DEP ROBÉRIO NEGREIROS,104001,2023-11-21T11:59:37.477
2023,Projeto de Lei,771,"Dispõe sobre a repartição dos emolumentos arrecadados pelos serviços notariais e de registro com a Defensoria Pública do Distrito Federal em razão do protesto de títulos e documentos e dá outras providências.
",CONSTITUIÇÃO E JUSTIÇA,clausula_da,inadmissivel,Aprovado(a),"III – CONCLUSÃO Diante das razões expostas, manifesta-se pela INADMISSIBILIDADE do Projeto de Lei nº 771/2023, por afrontar a competência legislativa da União e a iniciativa reservada da matéria pelo Poder Judiciário da União.",GAB DEP THIAGO MANZONI,300320,2025-05-27T10:00:53.313
2023,Projeto de Lei,771,"Dispõe sobre a repartição dos emolumentos arrecadados pelos serviços notariais e de registro com a Defensoria Pública do Distrito Federal em razão do protesto de títulos e documentos e dá outras providências.
",CONSTITUIÇÃO E JUSTIÇA,clausula_da,inadmissivel,Não apreciado(a),"III – CONCLUSÃO Diante das razões expostas, manifesta-se pela INADMISSIBILIDADE do Projeto de Lei nº 771/2023, por afrontar a competência legislativa da União e a iniciativa reservada da matéria pelo Poder Judiciário da União.",GAB DEP THIAGO MANZONI,300152,2025-05-26T15:49:47.513
2023,Projeto de Lei,771,"Dispõe sobre a repartição dos emolumentos arrecadados pelos serviços notariais e de registro com a Defensoria Pública do Distrito Federal em razão do protesto de títulos e documentos e dá outras providências.
",CONSTITUIÇÃO E JUSTIÇA,clausula_da,inadmissivel,Não apreciado(a),"III – CONCLUSÃO Diante das razões expostas, manifesta-se pela INADMISSIBILIDADE do Projeto de Lei nº 771/2023, por padecer de vício de iniciativa e afronta ao princípio constitucional da separação e independência dos poderes, nos termos dos artigos 21, inciso XII, 96, inciso II, alínea “b”, e 236, §2º, todos da Constituição Federal de 19",GAB DEP THIAGO MANZONI,291896,2025-03-31T18:16:53.177
2023,Projeto de Lei,775,Dispõe sobre a obrigatoriedade de estruturas acessíveis a pessoas com deficiência em inaugurações públicas no âmbito do Distrito Federal e dá outras providências.,CONSTITUIÇÃO E JUSTIÇA,clausula_da,admissivel_com_ressalva,Aprovado(a),"Em vista do exposto, com fundamento nos arts. 227, § 2º e 244 da Constituição Federal; e nos arts. 71; 255, IV; 273; e 274 da Lei Orgânica do Distrito Federal, nosso voto nesta Comissão de Constituição e Justiça é pela ADMISSIBILIDADE do Projeto de Lei nº 775/2023, na forma do Substitutivo em anexo.",GAB DEP ROBÉRIO NEGREIROS,137784,2024-10-17T12:02:34.597
2023,Projeto de Lei,780,Institui o Dia do Profissional da Música e o inclui no calendário oficial de eventos do Distrito Federal.,CONSTITUIÇÃO E JUSTIÇA,clausula_da,admissivel_com_ressalva,Aprovado(a),"Nesse sentido, manifestamos voto pela ADMISSIBILIDADE do Projeto de Lei nº 780/2023, no âmbito da Comissão de Constituição e Justiça, na forma do substitutivo anexo.",GAB DEP FÁBIO FÉLIX,280738,2024-12-09T16:44:43.967
2023,Projeto de Lei,781,"INSTITUI O DIA 20 DE SETEMBRO COMO O ""DIA DE CELEBRAÇÃO DO MOVIMENTO ELESPORELAS""",CONSTITUIÇÃO E JUSTIÇA,clausula_da,admissivel_com_ressalva,Não apreciado(a),"III - CONCLUSÕES Diante do exposto, manifestamos voto pela ADMISSIBILIDADE do Projeto de Lei nº 781/2023, no âmbito da Comissão de Constituição e Justiça, na forma do substitutivo anexo.",GAB DEP FÁBIO FÉLIX,295342,2025-05-07T16:49:40.113
2023,Projeto de Lei,784,"Altera a Lei nº 6.421, de 16 de dezembro de 2019, que ""dispõe sobre a redução da base de cálculo do Imposto sobre Operações Relativas à Circulação de Mercadorias e sobre Prestações de Serviços de Transporte Interestadual e Intermunicipal e de Comunicação - ICMS nas operações com a cesta básica de alimentos"".",CONSTITUIÇÃO E JUSTIÇA,clausula_da,admissivel,Aprovado(a),"III – CONCLUSÃO Ante o exposto, com fundamento no art. 63, inciso I e § 1º, do Regimento Interno, no âmbito desta Comissão de Constituição e Justiça manifesta-se voto pela ADMISSIBILIDADE do Projeto de Lei nº 784/2023.",GAB DEP THIAGO MANZONI,107022,2023-12-11T13:58:28.713
2023,Projeto de Lei,79,"Estabelece diretrizes para a criação de programa de descentralização de recursos para ações de saúde na rede pública do Distrito Federal.
",CONSTITUIÇÃO E JUSTIÇA,clausula_da,admissivel,Não apreciado(a),"a nº 44, de 2005.)[5] (...) III - CONCLUSÃO Por esses motivos, com fundamento nos arts. 30, I; 32, § 1º; e 37, caput, da Constituição Federal e no art. 71, I, e § 1º,IV, da Lei Orgânica do Distrito Federal, nosso voto é pela ADMISSIBILIDADE do Projeto de Lei nº 79/2023.",GAB DEP ROBÉRIO NEGREIROS,328681,2026-03-27T15:58:17.927
2023,Projeto de Lei,793,"Altera a Lei nº 1.170, de 24 de julho de 1996, que ""institui o instrumento jurídico da outorga onerosa do direito de construir no Distrito Federal"".",CONSTITUIÇÃO E JUSTIÇA,clausula_da,admissivel_com_ressalva,Aprovado(a),"Em razão do exposto, manifesta-se voto pela ADMISSIBILIDADE do Projeto de Lei nº 793, de 2023, na forma do substitutivo em anexo.",GAB DEP THIAGO MANZONI,119591,2024-04-22T17:55:00.793
2023,Projeto de Lei,80,"Institui no calendário oficial do Distrito Federal o ""Dia do Técnico em Saúde Bucal - TSB e do Auxiliar em Saúde Bucal - ASB” a ser celebrado, anualmente, no dia 12 de dezembro.",CONSTITUIÇÃO E JUSTIÇA,clausula_da,admissivel_com_ressalva,Aprovado(a),"Diante do exposto, manifestamos voto pela ADMISSIBILIDADE do Projeto de Lei nº 80/2023, no âmbito da Comissão de Constituição e Justiça, na forma do Substitutivo anexo.",GAB DEP FÁBIO FÉLIX,67127,2023-04-05T14:54:27.353
2023,Projeto de Lei,801,"Proíbe a produção de mudas, a distribuição e o plantio da Spathodea campanulata no Distrito Federal e dá outras providências.",CONSTITUIÇÃO E JUSTIÇA,clausula_da,admissivel_com_ressalva,Aprovado(a),"III – CONCLUSÃO Diante do exposto, no âmbito desta Comissão de Constituição e Justiça, manifestamos voto pela ADMISSIBILIDADE do Projeto de Lei nº 801, de 2023, na forma do substitutivo apresentado em anexo neste parecer.",GAB DEP FÁBIO FÉLIX,120563,2024-05-07T12:10:05.987
2023,Projeto de Lei,802,"Institui e inclui no Calendário Oficial de Eventos do Distrito Federal o Dia do Atendente de Farmácia-Balconista. 
",CONSTITUIÇÃO E JUSTIÇA,clausula_da,admissivel,Aprovado(a),"ga a anterior, princípio esse consagrado no art. 2º, §1º, da Lei de Introdução às Normas do Direito Brasileiro e no art. 101, §1º, I, da Lei Complementar nº 13/1996. III - CONCLUSÕES Diante do exposto, manifestamos voto pela ADMISSIBILIDADE do Projeto de Lei nº 802/2023, no âmbito da Comissão de Constituição e Justiça, com o acolhimento da emenda supressiva anexa.",GAB DEP FÁBIO FÉLIX,301660,2025-06-09T14:25:05.04
2023,Projeto de Lei,811,"Institui e integra, no Calendário Oficial de Eventos do Distrito Federal, o Dia da Advocacia Trabalhista.",CONSTITUIÇÃO E JUSTIÇA,clausula_da,admissivel,Aprovado(a),"Diante do exposto, manifestamos voto pela ADMISSIBILIDADE do Projeto de Lei nº 811/2023, no âmbito da Comissão de Constituição e Justiça.",GAB DEP CHICO VIGILANTE,120734,2024-05-08T15:12:06.11
2023,Projeto de Lei,812,Institui a Semana de Conscientização contra a violência praticada em meio virtual no âmbito das unidades escolares da Rede Pública de Ensino do Distrito Federal e dá outras providências.,CONSTITUIÇÃO E JUSTIÇA,clausula_da,admissivel,Não apreciado(a),"III - CONCLUSÃO Diante do exposto, manifestamos voto pela ADMISSIBILIDADE do Projeto de Lei nº 812/2023, no âmbito da Comissão de Constituição e Justiça.",GAB DEP CHICO VIGILANTE,316001,2025-10-30T11:18:45.273
2023,Projeto de Lei,833,"Institui e inclui no Calendário Oficial de Eventos do Distrito Federal, o “Dia da  Felicidade”.

 ",CONSTITUIÇÃO E JUSTIÇA,clausula_da,admissivel,Aprovado(a),"III - CONCLUSÕES Diante do exposto, manifestamos voto pela ADMISSIBILIDADE do Projeto de Lei nº 833/2023, no âmbito da Comissão de Constituição e Justiça.",GAB DEP IOLANDO,307704,2025-09-02T12:20:16.41
2023,Projeto de Lei,837,"Dispõe sobre diretrizes de medidas de estímulo ao desenvolvimento de startups e às atividades de ciência, tecnologia e inovação no Distrito Federal. 

 ",CONSTITUIÇÃO E JUSTIÇA,clausula_da,admissivel_com_ressalva,Aprovado(a),"s, a saber os arts. 4º ao 20 do Projeto de Lei nº 837/2023. III - CONCLUSÕES Por esses motivos, com fundamento no art. 24, IX, e § 1º da Constituição Federal e no art. 11, § 1º, da Lei Complementar 13/1996, nosso voto é pela ADMISSIBILIDADE do Projeto de Lei nº 837/2023, na forma da emenda supressiva em anexo.",GAB DEP THIAGO MANZONI,292078,2025-04-02T10:29:11.683
2023,Projeto de Lei,839,Estabelece diretrizes para a transparência dos dados relacionados aos serviços de saúde no âmbito do Distrito Federal.,CONSTITUIÇÃO E JUSTIÇA,clausula_da,admissivel,Não apreciado(a),"III-CONCLUSÃO Diante de todo o exposto, manifestamo-nos pela admissibilidade do Projeto de Lei nº 839/23, no âmbito da CCJ.",GAB DEP ROBÉRIO NEGREIROS,333036,2026-05-12T15:41:26.397
2023,Projeto de Lei,86,"Prevê a abordagem, retorno à família ou acolhimento de crianças ou adolescentes em situação de rua, que não estejam acompanhados de pelo menos um de seus pais ou responsáveis.",CONSTITUIÇÃO E JUSTIÇA,clausula_da,admissivel,Aprovado(a),"XV do art. 24, no inciso II do art. 203 e no caput do art. 227 da Constituição Federal, bem como no caput do art. 71, na alínea d do inciso II do art. 218 e no art. 227 da Lei Orgânica do Distrito Federal, nosso voto é pela ADMISSIBILIDADE do Projeto de Lei nº 86/2023, nesta Comissão de Constituição e Justiça, com o acolhimento das emendas 1 a 4 da CDDHCLP.",GAB DEP FÁBIO FÉLIX,128432,2024-08-13T11:07:33.153
2023,Projeto de Lei,86,"Prevê a abordagem, retorno à família ou acolhimento de crianças ou adolescentes em situação de rua, que não estejam acompanhados de pelo menos um de seus pais ou responsáveis.",CONSTITUIÇÃO E JUSTIÇA,clausula_da,admissivel,Não apreciado(a),"XV do art. 24, no inciso II do art. 203 e no caput do art. 227 da Constituição Federal, bem como no caput do art. 71, na alínea d do inciso II do art. 218 e no art. 227 da Lei Orgânica do Distrito Federal, nosso voto é pela ADMISSIBILIDADE do Projeto de Lei nº 86/2023, nesta Comissão de Constituição e Justiça.",GAB DEP FÁBIO FÉLIX,108876,2024-01-12T15:49:07.707
2023,Projeto de Lei,87,"Institui o mês de agosto como o “Mês da Primeira Infância"", no âmbito do Distrito Federal.",CONSTITUIÇÃO E JUSTIÇA,clausula_da,admissivel,Aprovado(a),"Feitas essas ponderações, manifestamos voto pela ADMISSIBILIDADE do Projeto de Lei nº 87/2023, no âmbito da CCJ.",GAB DEP THIAGO MANZONI,78662,2023-06-14T18:56:24.423
2023,Projeto de Lei,88,"Dispõe sobre a regulamentação da prática esportiva eletrônica, os e-sports, no âmbito do Distrito Federal.",CONSTITUIÇÃO E JUSTIÇA,clausula_da,admissivel,Aprovado(a),"Pelo exposto, nosso voto é pela ADMISSIBILIDADE do Projeto de Lei n.º 88, de 2023, com as emendas anexas.",GAB DEP ROBÉRIO NEGREIROS,74018,2023-05-22T16:47:54.503
2023,Projeto de Lei,90,"Altera a Lei nº 5.991, de 31 de agosto de 2017, que dispõe sobre alimentação diferenciada a crianças e adolescentes portadores de intolerância a lactose na merenda escolar em instituições da rede pública de ensino, para ampliar o rol de beneficiários da alimentação escolar diferenciada.",CONSTITUIÇÃO E E JUSTIÇA,clausula_da,admissivel_com_ressalva,Aprovado(a),"III – CONCLUSÃO Considerando todo o exposto, nosso voto é pela ADMISSIBILIDADE do Projeto de Lei nº 90/2023, na forma do Substitutivo nº 1, no âmbito desta Comissão de Constituição e Justiça.",GAB DEP ROBÉRIO NEGREIROS,304953,2025-07-08T14:24:31.913
2023,Projeto de Lei,97,Declara o Hip Hop como patrimônio cultural do Distrito Federal e dá outras providências. ,CONSTITUIÇÃO E JUSTIÇA,clausula_da,admissivel_com_ressalva,Não apreciado(a),"Diante do exposto, o parecer da Comissão de Constituição e Justiça é pela ADMISSIBILIDADE do Projeto de Lei nº 97/2023, na forma do Substitutivo da CESC, com a subemenda ora apresentada.",GAB DEP FÁBIO FÉLIX,79373,2023-06-20T15:50:12.177
2023,Projeto de Lei,98,"Institui e inclui no Calendário Oficial de Eventos do Distrito Federal o Dia Distrital da Gentileza Urbana, a ser comemorado anualmente no dia 5 de maio.
",CONSTITUIÇÃO E JUSTIÇA,clausula_da,admissivel,Aprovado(a),"Diante do exposto, manifestamos voto pela ADMISSIBILIDADE do Projeto de Lei nº 98/2023, no âmbito da CCJ.",GAB DEP FÁBIO FÉLIX,108901,2024-01-15T17:15:27.147
2023,Projeto de Lei Complementar,15,Institui a consignação de aluguéis residenciais em folha de pagamento dos servidores públicos do Distrito Federal.,CONSTITUIÇÃO E JUSTIÇA,clausula_da,inadmissivel,Não apreciado(a),"III - CONCLUSÕES Pelo exposto, manifestamos voto pela INADMISSIBILIDADE constitucional do Projeto de Lei Complementar n.º 15/2023, conforme art. 2º da CF e arts. 53, 71, § 1º, inciso II, e 100, inciso X, todos da LODF, restando prejudicada a análise dos demais aspectos pertinentes a esta Comissão.",GAB DEP ROBÉRIO NEGREIROS,294515,2025-04-28T14:43:47.923
2023,Projeto de Lei Complementar,22,"Adequa a legislação referente à pessoa idosa para atendimento da Lei federal nº 14.423, de 22 de julho de 2022.",CONSTITUIÇÃO E JUSTIÇA,clausula_da,admissivel,Não apreciado(a),"a-se que o Projeto de Lei Complementar n.º 22/2023 atende aos requisitos de constitucionalidade formal e material, juridicidade e compatibilidade com os princípios e normas da técnica legislativa, portanto, nosso voto é pela ADMISSIBILIDADE no âmbito da Comissão de Constituição e Justiça.",GAB DEP CHICO VIGILANTE,295839,2025-05-12T16:49:15.223
2023,Projeto de Lei Complementar,23,"Altera o Decreto-Lei nº 82, de 26 de dezembro de 1996, que regula o Sistema Tributário do Distrito Federal.",CONSTITUIÇÃO E JUSTIÇA,clausula_da,admissivel,Aprovado(a),"paro a ser empreendido, concluímos que o Projeto de Lei ora analisado está de acordo com a constitucionalidade, juridicidade, legalidade, regimentalidade, técnica legislativa e redação, razão pela qual se manifesta voto pela ADMISSIBILIDADE do Projeto de Lei Complementar nº 23/2023.",GAB DEP THIAGO MANZONI,85175,2023-08-22T10:09:05.83
2023,Projeto de Lei Complementar,25,Dispõe sobre o parcelamento do solo urbano no Distrito Federal e dá outras providências.,CONSTITUIÇÃO E JUSTIÇA,clausula_da,admissivel,Aprovado(a),"Por todo o exposto, nosso voto é pela ADMISSIBILIDADE do Projeto de Lei Complementar nº 25, de 2023, no âmbito desta Comissão de Constituição e Justiça, bem como das Emendas nº 1, nº 2, nº 3, nº 4, nº 5, nº 6, nº 7, nº 8, nº 9, nº 10, nº 11, nº 15, nº 16, nº 17, nº 18, nº 19, nº 22, nº 23, nº 24, nº 26, nº 27, n",GAB DEP THIAGO MANZONI,96511,2023-10-09T14:10:22.35
2023,Projeto de Lei Complementar,25,Dispõe sobre o parcelamento do solo urbano no Distrito Federal e dá outras providências.,CONSTITUIÇÃO E JUSTIÇA,clausula_da,admissivel,Não apreciado(a),"Por todo o exporto, nosso voto é pela ADMISSIBILIDADE do Projeto de Lei Complementar nº 25, de 2023, no âmbito desta Comissão de Constituição e Justiça, bem como das Emendas nº 1, nº 2, nº 3, nº 4, nº 5, nº 6, nº 7, nº 8, nº 9, nº 10, nº 11, nº 13, nº 14, nº 15, nº 16, nº 17, nº 18, nº 19, nº 22, nº 23, nº 24, n",GAB DEP THIAGO MANZONI,94251,2023-10-03T19:35:07.2
2023,Projeto de Lei Complementar,25,Dispõe sobre o parcelamento do solo urbano no Distrito Federal e dá outras providências.,CONSTITUIÇÃO E JUSTIÇA,clausula_da,admissivel,Não apreciado(a),"Por todo o exposto, nosso voto é pela ADMISSIBILIDADE do Projeto de Lei Complementar nº 25, de 2023, no âmbito desta Comissão de Constituição e Justiça, bem como das Emendas nº 1, nº 2, nº 3, nº 4, nº 5, nº 6, nº 7, nº 8, nº 9, nº 10, nº 11, nº 13, nº 14, nº 15, nº 16, nº 17, nº 18, nº 19, nº 22, nº 23, nº 24, n",GAB DEP THIAGO MANZONI,94784,2023-10-04T15:48:56.76
2023,Projeto de Lei Complementar,26,"Desafeta e afeta área próxima à DF 480 e lindeira aos Lotes 01 e 02 e Área Especial nº 03, na Região Administrativa do Gama - RA II.
",CONSTITUIÇÃO E JUSTIÇA,clausula_da,admissivel_com_ressalva,Não apreciado(a),"Diante do exposto, somos pela ADMISSIBILIDADE do Projeto de Lei Complementar nº 26, de 2022, na forma do SUBSTITUTIVO, no âmbito desta Comissão de Constituição e Justiça.",GAB DEP ROBÉRIO NEGREIROS,89929,2023-09-13T11:08:58.027
2023,Projeto de Lei Complementar,27,"Altera a Lei Complementar nº 925, de 28 de junho de 2017, que dispõe sobre a reversão ao Tesouro do Distrito Federal do superávit financeiro de órgãos e entidades da administração direta e indireta integrantes dos orçamentos fiscal e da seguridade social do Distrito Federal e dá outras providências.",CONSTITUIÇÃO E JUSTIÇA,clausula_da,admissivel,Aprovado(a),"Por todo o exposto, vota-se, no âmbito da CCJ, pela admissibilidade do PLC nº 27/2023, nos termos do art. 63, I, do RICLDF.",GAB DEP THIAGO MANZONI,93201,2023-09-28T12:25:57.447
2023,Projeto de Lei Complementar,3,"Altera o art. 61 da Lei Complementar nº 840, de 23 de dezembro de 2011, que “Dispõe sobre o regime jurídico dos servidores públicos civis do Distrito Federal, das autarquias e das fundações públicas distritais”.",CONSTITUIÇÃO E JUSTIÇA,clausula_da,admissivel,Não apreciado(a),"Dessa forma, com fundamento nos arts. 15, inciso XIII, e 24, inciso XVI, da Constituição Federal, manifestamos voto pela ADMISSIBILIDADE constitucional e jurídica do Projeto de Lei Complementar n.º 3/2023.",GAB DEP FÁBIO FÉLIX,282299,2025-02-04T13:53:13.363
2023,Projeto de Lei Complementar,31,"Homologa o Convênio ICMS 116, de 04 de agosto de 2023, que autoriza o Distrito Federal a instituir programa de remissão parcial de débitos fiscais e de anistia parcial de suas multas e juros relativos ao ICMS na forma que especifica; e institui o Programa de Incentivo à Regularização Fiscal do Distrito Federal – REFIS-DF 2023.",CONSTITUIÇÃO E JUSTIÇA,clausula_da,admissivel,Aprovado(a),"Por fim, não havendo ressalvas quanto à técnica legislativa ou à regimentalidade, manifestamos nosso voto pela ADMISSIBILIDADE do Projeto de Lei Complementar nº 31/2023 no âmbito desta Comissão de Constituição e Justiça.",GAB DEP THIAGO MANZONI,94022,2023-10-03T09:57:15.727
2023,Projeto de Lei Complementar,33,"Altera a Lei Complementar nº 840, de 23 de dezembro de 2011, que “Dispõe sobre a dispõe sobre o regime jurídico dos servidores públicos civis do Distrito Federal, das autarquias e das fundações públicas distritais.”
",CONSTITUIÇÃO E JUSTIÇA,clausula_da,inadmissivel,Não apreciado(a),"III – CONCLUSÃO Ante o exposto, com fundamento nos arts. 53, 71, § 1º, inciso II, da Lei Orgânica do Distrito Federal, concluímos pela INADMISSIBILIDADE constitucional e jurídica do Projeto de Lei Complementar nº 33/2023, no âmbito da Comissão de Constituição e Justiça.",GAB DEP ROBÉRIO NEGREIROS,298368,2025-05-20T14:06:59.447
2023,Projeto de Lei Complementar,6,"Altera o Anexo Único da Lei Complementar nº 958, de 20 de dezembro de 2019, que define os limites físicos das regiões administrativas do Distrito Federal e dá outras providências.",CONSTITUIÇÃO E JUSTIÇA,clausula_da,admissivel_com_ressalva,Aprovado(a),"Diante do exposto, somos pela ADMISSIBILIDADE do Projeto de Lei Complementar nº 6/2023, no âmbito desta Comissão de Constituição e Justiça, na forma da Emenda N. 1, da CAF, que retifica os mapas das Regiões Administrativas, conforme o Ofício nº 2631/2023-SEDUH-GAB.",GAB DEP THIAGO MANZONI,97775,2023-10-18T13:14:26.823
2023,Projeto de Lei Complementar,8,"Altera a Lei Complementar nº 925, de 28 de junho de 2017, que “Dispõe sobre a reversão ao Tesouro do Distrito Federal do superávit financeiro de órgãos e entidades da administração direta e indireta integrantes dos orçamentos fiscal e da seguridade social do Distrito Federal e dá outras providências. ” e revoga dispositivo da Lei Complementar nº 704, de 18 de janeiro de 2005, que “Cria o Fundo para a Geração de Emprego e Renda do Distrito Federal, altera o § nº 2º do art. 25 da Lei 3.196, de 29 de setembro de 2003 e dá outras providências.”

",CONSTITUIÇÃO E JUSTIÇA,clausula_da,admissivel,Não apreciado(a),"Feitas essas ponderações, manifestamos voto pela ADMISSIBILIDADE do PLC nº 8/2023, no âmbito da CCJ, nos termos da emenda substitutiva em anexo.",GAB DEP ROBÉRIO NEGREIROS,92419,2023-09-26T14:30:56.757
2023,Projeto de Lei Complementar,8,"Altera a Lei Complementar nº 925, de 28 de junho de 2017, que “Dispõe sobre a reversão ao Tesouro do Distrito Federal do superávit financeiro de órgãos e entidades da administração direta e indireta integrantes dos orçamentos fiscal e da seguridade social do Distrito Federal e dá outras providências. ” e revoga dispositivo da Lei Complementar nº 704, de 18 de janeiro de 2005, que “Cria o Fundo para a Geração de Emprego e Renda do Distrito Federal, altera o § nº 2º do art. 25 da Lei 3.196, de 29 de setembro de 2003 e dá outras providências.”

",CONSTITUIÇÃO E JUSTIÇA,clausula_da,admissivel_com_ressalva,Aprovado(a),"Feitas essas ponderações, manifestamos voto pela ADMISSIBILIDADE do PLC nº 8/2023, no âmbito da CCJ, com acatamento da emenda de redação apresentada na CEOF, na forma da emenda substitutiva em anexo.",GAB DEP ROBÉRIO NEGREIROS,93685,2023-10-02T10:38:31.12
2023,Projeto de Lei Complementar,9,"Altera a Lei Complementar nº 840, de 23 de dezembro de 2011, que “Dispõe sobre o regime jurídico dos servidores públicos civis do Distrito Federal, das autarquias e das fundações públicas distritais”.",CONSTITUIÇÃO E JUSTIÇA,clausula_da,inadmissivel,Não apreciado(a),"III – CONCLUSÃO Diante do exposto, com fundamento nos arts. 53, 71, § 1º, inciso II, da Lei Orgânica do Distrito Federal, a Comissão de Constituição e Justiça conclui pela INADMISSIBILIDADE constitucional e jurídica do Projeto de Lei Complementar nº 09/2023, do Projeto de Lei Complementar nº 10/2023, bem como do Substitutivo aprovado no âmbito da Comissão de Assuntos Sociais.",GAB DEP ROBÉRIO NEGREIROS,300734,2025-05-28T15:45:50.717
2023,Projeto de Resolução,1,"Cria a Procuradoria Especial de Promoção e Defesa dos Direitos da Criança e do Adolescente, acrescentando os arts. 98-G, 98-H, 98-I e 98-J, alterando o Regimento Interno da Câmara Legislativa do Distrito Federal, aprovado pela Resolução nº000 e dá outras providências.",CONSTITUIÇÃO E JUSTIÇA,clausula_da,admissivel_com_ressalva,Não apreciado(a),"Ante o exposto, manifestamo-nos pela ADMISSIBILIDADE do Projeto de Resolução nº 1/2023, na forma do substitutivo em anexo.",GAB DEP THIAGO MANZONI,91095,2023-09-18T11:49:10.59
2023,Projeto de Resolução,11,"
Altera a Resolução nº 167, de 2000, que “institui o novo Regimento Interno da Câmara Legislativa do Distrito Federal e dá outras providências”, consolidada pela Resolução n° 218, de 2005, para alterar a Subseção XII, que trata da Comissão de Desenvolvimento Econômico Sustentável, Ciência, Tecnologia, Meio Ambiente e Turismo.",CONSTITUIÇÃO E JUSTIÇA,clausula_da,admissivel,Não apreciado(a),"alteração seja veiculada também por meio de emenda àquela proposição, o que sugerimos desde logo ao nobre relator do Projeto de Resolução nº 24/2023. Ante o exposto, esta Comissão de Constituição e Justiça se manifesta pela ADMISSIBILIDADE do Projeto de Resolução nº 11/2023 com a anexa subemenda à emenda aprovada pela Mesa Diretora.",GAB DEP FÁBIO FÉLIX,127324,2024-07-30T15:15:47.477
2023,Projeto de Resolução,11,"
Altera a Resolução nº 167, de 2000, que “institui o novo Regimento Interno da Câmara Legislativa do Distrito Federal e dá outras providências”, consolidada pela Resolução n° 218, de 2005, para alterar a Subseção XII, que trata da Comissão de Desenvolvimento Econômico Sustentável, Ciência, Tecnologia, Meio Ambiente e Turismo.",CONSTITUIÇÃO E JUSTIÇA,clausula_da,admissivel_com_ressalva,Não apreciado(a),"alteração seja veiculada também por meio de emenda àquela proposição, o que sugerimos desde logo ao nobre relator do Projeto de Resolução nº 24/2023. Ante o exposto, esta Comissão de Constituição e Justiça se manifesta pela ADMISSIBILIDADE do Projeto de Resolução nº 11/2023, com o acatamento da emenda nº 1 da MD, na forma da subemenda apresentada pelo relator.",GAB DEP FÁBIO FÉLIX,128687,2024-08-15T16:41:07.643
2023,Projeto de Resolução,12,"Altera a Resolução nº 257, de 2012, para ampliar o rol de beneficiários do Projeto Cidadania para Todos, no âmbito do Programa Conhecendo o Parlamento.",CONSTITUIÇÃO E JUSTIÇA,clausula_da,admissivel,Aprovado(a),"Diante do exposto, manifestamos voto pela ADMISSIBILIDADE do Projeto de Resolução nº 12/2023, no âmbito da Comissão de Constituição e Justiça.",GAB DEP IOLANDO,125421,2024-06-20T15:48:51.073
2023,Projeto de Resolução,16,"Institui a padronização da iluminação da Câmara Legislativa do Distrito Federal durante o mês de agosto na cor lilás, em referência ao “Agosto Lilás” conforme estabelecido pela Lei Distrital nº 7.238 de 2023, concernente à proteção da mulher e conscientização pelo fim da violência.",CONSTITUIÇÃO E JUSTIÇA,clausula_da,admissivel,Aprovado(a),"Por todo o exposto, nosso voto é pela ADMISSIBILIDADE constitucional e jurídica do Projeto de Resolução n.º 16, de 2023.",GAB DEP ROBÉRIO NEGREIROS,118839,2024-04-17T14:37:44.773
2023,Projeto de Resolução,17,"ALTERA A RESOLUÇÃO Nº 305 DE 2019, que “Dispõe sobre a adesão institucional da Câmara Legislativa ao movimento ElesporElas, da Organização das Nações Unidas – ONU”.",CONSTITUIÇÃO E JUSTIÇA,clausula_da,admissivel_com_ressalva,Aprovado(a),"Por todo o exposto, nosso voto é pela ADMISSIBILIDADE constitucional e jurídica do Projeto de Resolução n.º 17, de 2023, na forma do substitutivo em anexo.",GAB DEP ROBÉRIO NEGREIROS,116257,2024-04-02T11:42:55.963
2023,Projeto de Resolução,19,"Denomina o refeitório da Câmara Legislativa do Distrito Federal de ""José Rodrigues Oliveira"".",CONSTITUIÇÃO E JUSTIÇA,clausula_da,admissivel,Aprovado(a),"Ante o exposto, manifestamo-nos pela ADMISSIBILIDADE do Projeto de Resolução nº 19/2023 no âmbito desta Comissão de Constituição e Justiça.",GAB DEP CHICO VIGILANTE,113469,2024-03-07T10:35:23.137
2023,Projeto de Resolução,22,"Dispõe sobre a Consultoria Legislativa - CONLEGIS e a Consultoria Técnico-Legislativa de Fiscalização, Controle, Acompanhamento de Políticas e Contas Públicas e Execução Orçamentária - CONOFIS da Câmara Legislativa do Distrito Federal e dá outras providências.",CONSTITUIÇÃO E JUSTIÇA,clausula_da,admissivel_com_ressalva,Aprovado(a),"Ante o exposto, manifestamos nosso voto pela ADMISSIBILIDADE do PR 22/2023, na forma das Emendas de Relator n.º 2, n.º3, n.º5, n.º6, n.º7 e n.º8.",GAB DEP THIAGO MANZONI,103688,2023-11-17T10:30:07.263
2023,Projeto de Resolução,23,Institui o Programa de Recuperação de Créditos do Fundo de Assistência à Saúde dos Deputados Distritais e Servidores da Câmara Legislativa do Distrito Federal – FASCAL.,CONSTITUIÇÃO E JUSTIÇA,clausula_da,admissivel,Não apreciado(a),"Diante do exposto, manifestamo-nos pela ADMISSIBILIDADE e APROVAÇÃO do Projeto de Resolução nº 23/2023, no âmbito da Comissão de Constituição e Justiça.",GAB DEP ROBÉRIO NEGREIROS,107239,2023-12-12T15:01:13.197
2023,Projeto de Resolução,23,Institui o Programa de Recuperação de Créditos do Fundo de Assistência à Saúde dos Deputados Distritais e Servidores da Câmara Legislativa do Distrito Federal – FASCAL.,CONSTITUIÇÃO E JUSTIÇA,clausula_da,admissivel_com_ressalva,Aprovado(a),"Diante do exposto, manifestamo-nos pela ADMISSIBILIDADE e APROVAÇÃO do Projeto de Resolução nº 23/2023, na forma da Emenda Substitutiva apresentada no âmbito da Comissão de Constituição e Justiça.",GAB DEP ROBÉRIO NEGREIROS,111522,2024-02-27T10:19:49.837
2023,Projeto de Resolução,24,Institui o Regimento Interno da Câmara Legislativa do Distrito Federal e dá outras providências.,CONSTITUIÇÃO E JUSTIÇA,clausula_da,admissivel_com_ressalva,Aprovado(a),"III - CONCLUSÃO Pelas razões expostas, nosso voto é pela ADMISSIBILIDADE do Projeto de Resolução n.º 24/2023 e das emendas 1, 2, 3, 4 e 5, na forma do substitutivo do relator.",GAB DEP THIAGO MANZONI,134486,2024-09-26T10:57:08.127
2023,Projeto de Resolução,4,Cria a Procuradoria Especial da Defesa dos Direitos da Juventude no âmbito da Câmara Legislativa do Distrito Federal e dá outras providências,CONSTITUIÇÃO E JUSTIÇA,clausula_da,admissivel,Aprovado(a),"Ante o exposto, manifestamo-nos pela ADMISSIBILIDADE do Projeto de Resolução nº 4/2023 com a emenda de redação anexa. _______________________ ¹“Art. 66. A fórmula de promulgação contém: I – a denominação do órgão ou do cargo da autoridade que promulgar a lei; II – a designação de que a lei foi aprovada pela Câm",GAB DEP FÁBIO FÉLIX,83916,2023-08-11T17:00:41.163
2023,Projeto de Resolução,5,"Inclui e altera dispositivos da Resolução nº 167, de 2000, que “institui o novo Regimento Interno da Câmara Legislativa do Distrito Federal e dá outras providências”, consolidada pela Resolução n° 218, de 2005 e dá outras providências.",CONSTITUIÇÃO JUSTIÇA,clausula_da,admissivel,Aprovado(a),"Ante o exposto, esta Comissão de Constituição e Justiça se manifesta pela ADMISSIBILIDADE do Projeto de Resolução nº 05/2023 com a emenda aprovada pela Mesa Diretora e com as emendas de redação anexas.",GAB DEP ROBÉRIO NEGREIROS,84276,2023-08-14T16:21:06.617
2023,Projeto de Resolução,6,"Altera a Resolução nº 167, de 2000, que “institui o novo Regimento Interno da Câmara Legislativa do Distrito Federal e dá outras providências”, consolidada pela Resolução n° 218, de 2005, para alterar o art. 69-C, que trata das competências regimentais da Comissão de Fiscalização, Governança, Transparência e Controle, a forma que especifica.",CONSTITUIÇÃO E JUSTIÇA,clausula_da,admissivel,Não apreciado(a),"emenda àquela proposição, o que sugerimos desde logo ao nobre relator do Projeto de Resolução nº 24/2023. Por esses motivos, com fundamento nos arts. 19, caput, e 60, II, da Lei Orgânica do Distrito Federal nosso voto é pela ADMISSIBILIDADE do Projeto de Resolução nº 6/2023.",GAB DEP CHICO VIGILANTE,115582,2024-03-22T10:51:06.953
2023,Proposta de Emenda à Lei Orgânica,1,Altera o caput do art. 66 da Lei Orgânica do Distrito Federal.,CONSTITUIÇÃO E JUSTIÇA,clausula_da,admissivel,Aprovado(a),"III – CONCLUSÃO Ante o exposto, com fundamento no art. 63, inciso I, § 1º e art. 210, ambos do Regimento Interno, no âmbito desta Comissão de Constituição e Justiça manifesta-se voto pela ADMISSIBILIDADE da Proposta de Emenda à Lei Orgânica n° 1/2023, com a Emenda Aditiva do Relator.",GAB DEP THIAGO MANZONI,66760,2023-04-03T15:43:46.977
2023,Proposta de Emenda à Lei Orgânica,10,"Altera o Artigo 269-A, da Lei Orgânica do Distrito Federal, para garantir aplicação mínima da receita do Fundo dos Direitos da Criança e do Adolescente do Distrito Federal.

",CONSTITUIÇÃO E JUSTIÇA,clausula_da,inadmissivel,Não apreciado(a),"mento no inciso I e no §1º do art. 24, no inciso I do art. 22, e nos §§ 9º a 20 do art. 166 da Constituição Federal, bem como no art. 130, II, do Regimento Interno da Câmara Legislativa do Distrito Federal, nosso voto é pela INADMISSIBILIDADE da Proposta de Emenda à Lei Orgânica nº 10/2023.",GAB DEP ROBÉRIO NEGREIROS,82268,2023-07-13T17:06:15.01
2023,Proposta de Emenda à Lei Orgânica,2,"Altera a Lei Orgânica do Distrito Federal para dispor sobre a fixação do subsídio dos agentes públicos que especifica, em compatibilidade com a Emenda à Constituição nº 19, de 4 de junho de 1998, e para fixar a data de posse dos Deputados Distritais, do Governador e do Vice-Governador do Distrito Federal no 6 de janeiro, em compatibilidade com a Emenda à Constituição nº 111, de 28 de setembro de 2021, bem como para fixar o quórum de aprovação de Propostas de Emenda à Lei Orgânica do Distrito Federal e dá outras providências.",CCJ,sigla_cabecalho,admissivel,Aprovado(a),"Por esses motivos, com fundamento nos arts. 27, 28 e 32 da Constituição Federal e nos incisos I e II do art. 130 do Regimento Interno da Câmara Legislativa do Distrito Federal, nosso voto é pela ADMISSIBILIDADE do Projeto de Lei nº 2/2023, com as emendas supressivas apresentadas em anexo.",GAB DEP IOLANDO,77547,2023-06-07T13:16:32.523
2023,Proposta de Emenda à Lei Orgânica,3,Altera o art. 207 da Lei Orgânica do Distrito Federal para incluir atribuição ao Sistema Único de Saúde do Distrito Federal.,CONSTITUIÇÃO E JUSTIÇA,clausula_da,admissivel_com_ressalva,Aprovado(a),"Pelo exposto, manifestamo-nos pela ADMISSIBILIDADE da Proposta de Emenda à Lei Orgânica n.º 3/2023 nesta Comissão de Constituição e Justiça, na forma das emendas em anexo.",GAB DEP ROBÉRIO NEGREIROS,64107,2023-03-21T19:07:41.193
2023,Proposta de Emenda à Lei Orgânica,5,Dá nova redação aos §§ 15 e 16 e acrescenta o § 16-A ao art. 150 da Lei Orgânica do Distrito Federal.,CONSTITUIÇÃO E JUSTIÇA,clausula_da,admissivel,Aprovado(a),"m havendo óbices quanto à juridicidade, legalidade e regimentalidade da proposta, entendemos que não há nada que possa obstar a admissão da presente peça legislativa no âmbito deste Colegiado Por todo o exposto, votamos pela ADMISSIBILIDADE da Proposta de Emenda à Lei Orgânica nº 5/2023.",GAB DEP THIAGO MANZONI,70097,2023-05-02T15:56:19.55
2023,Proposta de Emenda à Lei Orgânica,7,"Dá nova redação ao art. 173 da Lei Orgânica do Distrito Federal.

",CONSTITUIÇÃO E JUSTIÇA,clausula_da,admissivel,Aprovado(a),"Pelo exposto, manifestamo-nos pela ADMISSIBILIDADE da PELO nº 07/2023, pela sua constitucionalidade e regimentalidade.",GAB DEP THIAGO MANZONI,78963,2023-06-19T10:28:58.747
2024,Projeto de Decreto Legislativo,101,Concede Título de Cidadão Honorário de Brasília ao Sr.Valdecy Vieira da Silva .,CONSTITUIÇÃO DE JUSTIÇA,clausula_da,admissivel,Aprovado(a),"primeiro subscritor na sessão legislativa de 2024. III - CONCLUSÃO Em razão do exposto, e nada havendo qualquer reparo a apontar quanto aos aspectos de juridicidade, legalidade, regimentalidade, manifestamos nosso voto pela ADMISSIBILIDADE do Projeto de Decreto Legislativo nº 101/2024 no âmbito desta Comissão de Constituição e Justiça.",CCJ,125453,2024-06-20T16:33:48.683
2024,Projeto de Decreto Legislativo,103,Concede o título de Cidadão Honorário de Brasília ao senhor Jorge Arruda Filho.,CONSTITUIÇÃO DE JUSTIÇA,clausula_da,admissivel,Aprovado(a),"primeiro subscritor na sessão legislativa de 2024. III - CONCLUSÃO Em razão do exposto, e nada havendo qualquer reparo a apontar quanto aos aspectos de juridicidade, legalidade, regimentalidade, manifestamos nosso voto pela ADMISSIBILIDADE do Projeto de Decreto Legislativo nº 103/2024 no âmbito desta Comissão de Constituição e Justiça.",CCJ,137342,2024-10-16T11:51:00.827
2024,Projeto de Decreto Legislativo,107,Concede o Título de Cidadão Honorário de Brasília a Antônio Hora Filho.,CONSTITUIÇÃO E JUSTIÇA,clausula_da,admissivel,Aprovado(a),"III - CONCLUSÕES Pelo exposto, manifestamos voto pela ADMISSIBILIDADE do Projeto de Decreto Legislativo nº 107/2024 no âmbito da CCJ, com o acolhimento da emenda modificativa de redação anexa.",GAB DEP IOLANDO,294370,2025-04-24T18:02:10.963
2024,Projeto de Decreto Legislativo,108,Concede o Título de Cidadão Honorário de Brasília a Ricardo Quirino dos Santos.,CONSTITUIÇÃO E JUSTIÇA,clausula_da,admissivel,Aprovado(a),"no enfatiza a importância do esporte como um agente de transformação social e coordena a Frente Parlamentar em Defesa do Esporte, promovendo iniciativas para o desenvolvimento esportivo no estado Por esses motivos, voto pela ADMISSIBILIDADE do Projeto de Decreto Legislativo nº 108/2024.",GAB DEP IOLANDO,137893,2024-10-17T14:29:07.077
2024,Projeto de Decreto Legislativo,110,Concede o título de Cidadão Honorário de Brasília ao senhor Fernando dos Santos Andrade Cavalcanti.,CONSTITUIÇÃO E JUSTIÇA,clausula_da,admissivel,Aprovado(a),"1º do art. 2º da Resolução nº 334/2023. Consulta ao sistema PLe nos informa que foi o terceiro PDL congênere apresentado pelo autor, na condição de primeiro ou único subscritor, em 2024. Pelo exposto, manifestamos voto pela ADMISSIBILIDADE do Projeto de Decreto Legislativo nº 110/2024 no âmbito da Comissão de Constituição e Justiça.",GAB DEP THIAGO MANZONI,128379,2024-08-12T17:53:19.487
2024,Projeto de Decreto Legislativo,112,Concede o Título de Cidadão Honorário de Brasília ao senhor Ney Ferraz Júnior. ,CONSTITUIÇÃO DE JUSTIÇA,clausula_da,admissivel,Aprovado(a),"CONCLUSÃO Pelo exposto, manifestamos voto pela ADMISSIBILIDADE do Projeto de Decreto Legislativo nº 112/2024 no âmbito da CCJ.",CCJ,133196,2024-09-18T16:21:06.763
2024,Projeto de Decreto Legislativo,132,Concede o Título de Cidadão Honorário de Brasília ao Senhor José Ribamar Oliveira Lima Junior.,CONSTITUIÇÃO DE JUSTIÇA,clausula_da,admissivel,Aprovado(a),"III – CONCLUSÃO Em razão do exposto, manifestamos nosso voto pela ADMISSIBILIDADE do Projeto de Decreto Legislativo nº 132/2024 no âmbito desta Comissão de Constituição e Justiça, com o acolhimento da emenda supressiva deste relator.",CCJ,137452,2024-10-16T14:52:05.75
2024,Projeto de Decreto Legislativo,137,Concede o título de Cidadã Benemérita de Brasília a cantora Ellen Gomes de Oléria.,CONSTITUIÇÃO E JUSTIÇA,clausula_da,admissivel,Não apreciado(a),"III - CONCLUSÃO Pelo exposto, manifestamos voto pela ADMISSIBILIDADE do Projeto de Decreto Legislativo nº 137/2024 no âmbito da CCJ.",GAB DEP CHICO VIGILANTE,291861,2025-03-31T16:10:36.937
2024,Projeto de Decreto Legislativo,140,Concede o Título de Cidadã Honorária de Brasília à Juíza de Direito Leila Cury do Tribunal de Justiça do Distrito Federal e dos Territórios.,CONSTITUIÇÃO DE JUSTIÇA,clausula_da,admissivel_com_ressalva,Aprovado(a),"III – CONCLUSÃO Em razão do exposto, manifestamos nosso voto pela ADMISSIBILIDADE do Projeto de Decreto Legislativo nº 140/2024 no âmbito desta Comissão de Constituição e Justiça, na forma do substitutivo deste Relator.",CCJ,137627,2024-10-16T16:49:17.99
2024,Projeto de Decreto Legislativo,165,Concede Título de Cidadã Benemérita de Brasília a Gabrielle Jordão Portilho,CONSTITUIÇÃO E JUSTIÇA,clausula_da,admissivel,Aprovado(a),"o PDL nº 165/2024 e o PDL nº 168/2024 estão em conformidade com o limite quantitativo de oito proposituras por sessão legislativa, veiculado pelo § 1º do art. 2º da Resolução nº 334/2023. Pelo exposto, manifestamos voto pela ADMISSIBILIDADE do Projeto de Decreto Legislativo nº 165/2024 e do do Projeto de Decreto Legislativo nº 168/2024, no âmbito da CCJ, com o acatamento da Emenda Substitutiva nº 1 da CAS.",GAB DEP FÁBIO FÉLIX,301153,2025-06-03T10:30:39.2
2024,Projeto de Decreto Legislativo,173,"Concede o Título de Cidadão Honorário de Brasília ao senhor Ricardo Piai Carmona, Comandante Militar do Planalto.",CONSTITUIÇÃO E JUSTIÇA,clausula_da,admissivel,Aprovado(a),"III - CONCLUSÕES Pelo exposto, manifestamos voto pela ADMISSIBILIDADE do Projeto de Decreto Legislativo nº 173/2024 no âmbito da CCJ.",GAB DEP ROBÉRIO NEGREIROS,311287,2025-09-17T11:30:12.98
2024,Projeto de Decreto Legislativo,190,Concede o Título de Cidadão Honorário de Brasília a Celestino Chupel.,CONSTITUIÇÃO E JUSTIÇA,clausula_da,admissivel,Aprovado(a),"III - CONCLUSÃO Pelo exposto, manifestamos voto pela ADMISSIBILIDADE do Projeto de Decreto Legislativo nº 190/2024 no âmbito da CCJ.",GAB DEP FÁBIO FÉLIX,310954,2025-09-16T14:55:53.683
2024,Projeto de Decreto Legislativo,191,Concede o Título de Cidadão Honorário de Brasília a Stéfano Borges Pedroso.,CONSTITUIÇÃO E JUSTIÇA,clausula_da,admissivel,Aprovado(a),"III - CONCLUSÕES Pelo exposto, manifestamos voto pela ADMISSIBILIDADE do Projeto de Decreto Legislativo nº 191/2024 no âmbito da CCJ.",GAB DEP CHICO VIGILANTE,306778,2025-08-21T15:01:44.443
2024,Projeto de Decreto Legislativo,192,Concede o Título de Cidadão Honorário de Brasília a Fabrício Rodrigues de Sousa. ,CONSTITUIÇÃO E JUSTIÇA,clausula_da,admissivel,Aprovado(a),"III - CONCLUSÕES Pelo exposto, manifestamos voto pela ADMISSIBILIDADE do Projeto de Decreto Legislativo nº 192/2024 no âmbito da CCJ.",GAB DEP CHICO VIGILANTE,306780,2025-08-21T15:23:32.247
2024,Projeto de Decreto Legislativo,194,Concede o título de Cidadão Honorário do Distrito Federal ao Senhor Desembargador Angelo Canducci Passareli,CONSTITUIÇÃO DE JUSTIÇA,clausula_da,admissivel,Aprovado(a),"Pelo exposto, manifestamos voto pela ADMISSIBILIDADE do Projeto de Decreto Legislativo nº 194/2024 no âmbito da CCJ.",GAB DEP THIAGO MANZONI,292096,2025-04-02T11:04:01.797
2024,Projeto de Decreto Legislativo,209,"Homologa os Convênios ICMS nº 132/21, nº 101/2023 e nº 146/2023.",CONSTITUIÇÃO E JUSTIÇA,clausula_da,admissivel,Aprovado(a),"Em razão do exposto, manifesta-se voto pela ADMISSIBILIDADE do Projeto de Decreto Legislativo nº 209, de 2024, que homologa os convênios ICMS nº 132/21, nº 101/2023 e nº 146/2023, no âmbito desta Comissão de Constituição e Justiça.",GAB DEP THIAGO MANZONI,291767,2025-03-28T18:41:28.583
2024,Projeto de Decreto Legislativo,231,Concede o Título de Cidadão Honorário de Brasília a  Leonardo Henrique Mundim Moraes Oliveira.,CONSTITUIÇÃO E JUSTIÇA,clausula_da,admissivel,Não apreciado(a),"III - CONCLUSÕES Ante o exposto, VOTO PELA ADMISSIBILIDADE do Projeto de Decreto Legislativo nº 231/2024, por não apresentar óbices de natureza constitucional, legal ou regimental.",GAB DEP ROBÉRIO NEGREIROS,310341,2025-09-15T14:51:19.803
2024,Projeto de Decreto Legislativo,233,"Concede o Título de Cidadão Benemérito de Brasília ao Senhor Cristiano Mangueira de Sousa.

",CONSTITUIÇÃO E JUSTIÇA,clausula_da,admissivel,Aprovado(a),"III - CONCLUSÕES Assim, VOTO pela ADMISSIBILIDADE do Projeto de Decreto Legislativo nº 233/2024, recomendando sua tramitação às demais comissões competentes e posterior apreciação pelo Plenário desta Casa Legislativa.",GAB DEP ROBÉRIO NEGREIROS,312071,2025-09-22T16:39:10.57
2024,Projeto de Decreto Legislativo,240,Concede o Título de Cidadão Honorário de Brasília a Victor Renato Junqueira Lacerda.,CONSTITUIÇÃO E JUSTIÇA,clausula_da,admissivel,Aprovado(a),"III - CONCLUSÃO Pelo exposto, manifestamos voto pela ADMISSIBILIDADE do Projeto de Decreto Legislativo nº 240/2024 no âmbito da CCJ.",GAB DEP ROBÉRIO NEGREIROS,294510,2025-04-28T14:22:35.11
2024,Projeto de Decreto Legislativo,77,Concede o Título de Cidadã Honorária de Brasília a Damares Regina Alves.,CONSTITUIÇÃO DE JUSTIÇA,clausula_da,admissivel_com_ressalva,Não apreciado(a),"Pelo exposto, manifestamos voto pela ADMISSIBILIDADE do Projeto de Decreto Legislativo nº 77/2024 no âmbito da CCJ, na forma do substitutivo anexo.",GAB DEP THIAGO MANZONI,291711,2025-03-28T17:16:12.443
2024,Projeto de Decreto Legislativo,84,"
Concede o Título de Cidadão Honorário de Brasília ao senhor Darlan de Lima Barbosa.
",CONSTITUIÇÃO E JUSTIÇA,clausula_da,admissivel,Aprovado(a),"1º do art. 2º da Resolução nº 334/2023. Consulta ao sistema PLe nos informa que foi o terceiro PDL congênere apresentado pelo autor, na condição de primeiro ou único subscritor, em 2024. Pelo exposto, manifestamos voto pela ADMISSIBILIDADE do Projeto de Decreto Legislativo nº 84/2024 no âmbito da CCJ.",GAB DEP FÁBIO FÉLIX,127332,2024-07-30T17:56:54.52
2024,Projeto de Decreto Legislativo,86,Concede Título de Cidadão Benemérito de Brasília a Marco Aurélio Meneghetti.,CONSTITUIÇÃO E JUSTIÇA,clausula_da,admissivel,Aprovado(a),"Por esses motivos, somos pela ADMISSIBILIDADE do projeto de Decreto Legislativo n° 86/2024.",GAB DEP IOLANDO,137901,2024-10-17T14:44:46.687
2024,Projeto de Decreto Legislativo,89,Concede o Título de Cidadã Honorária de Brasília a senhora Laura de Oliveira Vieira.,CONSTITUIÇÃO DE JUSTIÇA,clausula_da,admissivel,Aprovado(a),"primeiro subscritor na sessão legislativa de 2024. III - CONCLUSÃO Em razão do exposto, e nada havendo qualquer reparo a apontar quanto aos aspectos de juridicidade, legalidade, regimentalidade, manifestamos nosso voto pela ADMISSIBILIDADE do Projeto de Decreto Legislativo nº 89/2024 no âmbito desta Comissão de Constituição e Justiça.",CCJ,137287,2024-10-16T11:26:23.577
2024,Projeto de Decreto Legislativo,98,Concede o título de cidadão honorário de Brasília ao músico Alok Achkar Peres Petrillo.,CONSTITUIÇÃO E JUSTIÇA,clausula_da,admissivel,Aprovado(a),"Resolução nº 334/2023. Consulta ao sistema PLe nos informa que foi o primeiro PDL congênere apresentado pelo autor, na condição de primeiro ou único subscritor, em 2024. III - CONCLUSÕES Pelo exposto, manifestamos voto pela ADMISSIBILIDADE do Projeto de Decreto Legislativo nº 98/2024 no âmbito da CCJ.",GAB DEP CHICO VIGILANTE,289516,2025-03-12T14:36:05.153
2024,Projeto de Lei,1003,Dispõe sobre a transformação de cargos na Carreira Atividades do Meio Ambiente e dá outras providências.,CONSTITUIÇÃO E JUSTIÇA,clausula_da,admissivel,Aprovado(a),"vista que a proposição observa todas as exigências formais e matérias do ordenamento jurídico e favorece o desenvolvimento da atuação governamental, no âmbito desta COMISSÃO DE CONSTITUIÇÃO E JUSTIÇA, manifestamos voto pela ADMISSIBILIDADE do Projeto de Lei nº 1.003, de 2024, do Poder Executivo.",GAB DEP IOLANDO,116894,2024-04-08T17:14:50.77
2024,Projeto de Lei,1003,Dispõe sobre a transformação de cargos na Carreira Atividades do Meio Ambiente e dá outras providências.,CONSTITUIÇÃO E JUSTIÇA,clausula_da,admissivel,Não apreciado(a),"vista que a proposição observa todas as exigências formais e matérias do ordenamento jurídico e favorece o desenvolvimento da atuação governamental, no âmbito desta COMISSÃO DE CONSTITUIÇÃO E JUSTIÇA, manifestamos voto pela ADMISSIBILIDADE do Projeto de Lei nº 1.003, de 2024, do Poder Executivo.",GAB DEP IOLANDO,116889,2024-04-08T16:38:02.317
2024,Projeto de Lei,1004,"Dispõe sobre a alteração da estrutura administrativa e de cargos do Departamento de Estradas de Rodagem do Distrito Federal – DER/DF, e dá outras providências.",CONSTITUIÇÃO DE JUSTIÇA,clausula_da,admissivel_com_ressalva,Aprovado(a),"CONCLUSÃO Assim, com fundamento no art. 63, inciso I, do RICLDF, manifesta-se voto pela ADMISSIBILIDADE do PL nº 1.004/2024, no âmbito desta CCJ, na forma da emenda modificativa do Relator.",CCJ,116868,2024-04-08T14:14:29.573
2024,Projeto de Lei,1022,"Inclui no Calendário Oficial de eventos do Distrito Federal o dia do Krav Magá.

",CONSTITUIÇÃO E JUSTIÇA,clausula_da,admissivel,Aprovado(a),"Diante do exposto, manifestamos voto pela ADMISSIBILIDADE do Projeto de Lei nº 1.022/2024, no âmbito da Comissão de Constituição e Justiça, com o acolhimento do Substitutivo anexo.",GAB DEP FÁBIO FÉLIX,127326,2024-07-30T15:32:04.723
2024,Projeto de Lei,1028,"Reconhece como de relevante interesse cultural, social e econômico do Distrito Federal a Escola de Música de Brasília.

 ",CONSTITUIÇÃO E JUSTIÇA,clausula_da,inadmissivel,Não apreciado(a),"III - CONCLUSÃO Pelo exposto, com fundamento no art. 2º da Constituição Federal, arts. 53 e 100, XXVI, da Lei Orgânica do Distrito Federal, e artigo 8º da Lei Complementar n.º 13/1996, nosso voto é pela INADMISSIBILIDADE do Projeto de Lei n.º 1.028/2024.",GAB DEP IOLANDO,333979,2026-05-25T15:16:49.52
2024,Projeto de Lei,1031,"Institui o “Dia dos Rolimistas”, o qual passa a integrar o calendário oficial de eventos do Distrito Federal.",CONSTITUIÇÃO E JUSTIÇA,clausula_da,admissivel,Aprovado(a),"III - CONCLUSÃO Diante do exposto, manifestamos voto pela ADMISSIBILIDADE do Substitutivo da CEC ao Projeto de Lei nº 1.031/2024, no âmbito da Comissão de Constituição e Justiça.",GAB DEP FÁBIO FÉLIX,325735,2026-02-26T11:11:00.12
2024,Projeto de Lei,1035,"Dispõe sobre a obrigatoriedade de treinamento em primeiros socorros, prevenção contra incêndios e técnicas de resgate para os funcionários de condomínios no âmbito do Distrito Federal.",CONSTITUIÇÃO E JUSTIÇA,clausula_da,admissivel_com_ressalva,Não apreciado(a),"Por todo o exposto, considerando a viabilidade de correção dos vícios identificados, nosso voto é pela ADMISSIBILIDADE do Projeto de Lei nº 1.035/2024, na forma do substitutivo anexo.",GAB DEP FÁBIO FÉLIX,282038,2025-01-31T16:45:23.907
2024,Projeto de Lei,1039,Institui o Dia Distrital de Conscientização contra o Etarismo e dá outras providências. ,CONSTITUIÇÃO E JUSTIÇA,clausula_da,admissivel_com_ressalva,Aprovado(a),"III - CONCLUSÕES Diante do exposto, manifestamos voto pela ADMISSIBILIDADE do Projeto de Lei nº 1.039/2024, no âmbito da Comissão de Constituição e Justiça, na forma do Substitutivo anexo.",GAB DEP FÁBIO FÉLIX,295324,2025-05-07T15:47:53.227
2024,Projeto de Lei,1045,"Dispõe sobre direitos de cães e gatos – domésticos, comunitários ou abandonados –, sobre direitos e deveres de seus responsáveis, tutores e cuidadores, com o propósito de preservar o bem-estar dos animais, e evitar maus tratos por parte de vizinhos, condôminos e administrações de condomínios no Distrito Federal.",CONSTITUIÇÃO E JUSTIÇA,clausula_da,admissivel,Não apreciado(a),"erá ser submetida à apreciação da Comissão de Economia, Orçamento e Finanças, conforme exigido pelo art. 64, II, ""c"", do Regimento Interno, em razão da previsão de isenção tributária no art. 4º, § 2º. Pelo exposto, voto pela ADMISSIBILIDADE, nos termos do substitutivo aprovado pela CDESCTMAT.",GAB DEP FÁBIO FÉLIX,297235,2025-05-15T15:15:43.47
2024,Projeto de Lei,1051,"Institui e Inclui no Calendário Oficial do Distrito Federal, o Dia do Faxineiro(a) a ser comemorado anualmente no dia 16 de maio.",CONSTITUIÇÃO E JUSTIÇA,clausula_da,admissivel,Aprovado(a),"Diante do exposto, manifestamos voto pela ADMISSIBILIDADE do Projeto de Lei nº 1.051/2024, no âmbito da Comissão de Constituição e Justiça, com o acolhimento do Substitutivo anexo.",GAB DEP FÁBIO FÉLIX,275141,2024-10-31T11:44:20.327
2024,Projeto de Lei,1069,Institui e inclui no Calendário Oficial de Eventos do Distrito Federal a Semana de Valorização e Conscientização a Maternidade Atípica.,CONSTITUIÇÃO E JUSTIÇA,clausula_da,admissivel_com_ressalva,Não apreciado(a),"III - CONCLUSÕES Diante do exposto, manifestamos voto pela ADMISSIBILIDADE do Projeto de Lei nº 1.069/2024, no âmbito da Comissão de Constituição e Justiça, na forma do Substitutivo anexo.",GAB DEP FÁBIO FÉLIX,295336,2025-05-07T16:28:31.643
2024,Projeto de Lei,1071,"Altera a Lei nº 4.949, de 15 de outubro de 2012, que ""estabelece normas gerais para realização de concurso público pela administração direta, autárquica e fundacional do Distrito Federal"".",CONSTITUIÇÃO E JUSTIÇA,clausula_da,admissivel_com_ressalva,Não apreciado(a),"III - CONCLUSÕES Pelo exposto, nosso voto, no âmbito da Comissão de Constituição e Justiça, é pela ADMISSIBILIDADE do Projeto de Lei nº 1.071/2024 na forma do SUBSTITUTIVO aprovado pela CAS.",GAB DEP CHICO VIGILANTE,291859,2025-03-31T16:00:30.79
2024,Projeto de Lei,1072,Institui o “Dia Distrital contra o Fascismo e o Antissemitismo ”. ,CONSTITUIÇÃO E JUSTIÇA,clausula_da,admissivel,Não apreciado(a),"II – CONCLUSÃO Diante do exposto, manifestamos voto pela ADMISSIBILIDADE do Projeto de Lei nº 1.072/2024, no âmbito da Comissão de Constituição e Justiça.",GAB DEP ROBÉRIO NEGREIROS,300739,2025-05-28T15:54:27.523
2024,Projeto de Lei,1082,"Institui e Inclui no Calendário Oficial do Distrito Federal, o Dia do Monitor Educacional, a ser comemorado anualmente no dia 31 de julho.",CONSTITUIÇÃO E JUSTIÇA,clausula_da,admissivel_com_ressalva,Aprovado(a),"Diante do exposto, manifestamos voto pela ADMISSIBILIDADE do Projeto de Lei nº 1082/2024, no âmbito da Comissão de Constituição e Justiça, na forma do substitutivo anexo.",GAB DEP FÁBIO FÉLIX,275144,2024-10-31T11:50:53.41
2024,Projeto de Lei,1085,"Institui e inclui no calendário oficial do Distrito Federal o dia da Marcha pelo parto Humanizado, a ser comemorado no dia 17 de junho de cada ano.",CONSTITUIÇÃO E JUSTIÇA,clausula_da,admissivel,Não apreciado(a),"III – CONCLUSÃO Diante do exposto, manifestamos voto pela ADMISSIBILIDADE do Projeto de Lei nº 1.085/2024, no âmbito da Comissão de Constituição e Justiça, com o acolhimento da emenda modificativa anexa.",GAB DEP CHICO VIGILANTE,318666,2025-11-14T09:20:11.12
2024,Projeto de Lei,1111,"Dispõe sobre a transformação das parcelas remuneratórias decorrentes do Plano Bresser (26,06%), Plano Verão/URP-89 (26,05%) e Planos Bresser/Verão (58,90%) em Vantagem Pessoal Nominalmente Identificável.",CONSTITUIÇÃO E JUSTIÇA,clausula_da,admissivel,Aprovado(a),"Considerando todo o exposto, nosso voto é pela ADMISSIBILIDADE do Projeto de Lei nº 1.111/2024, no âmbito da Comissão de Constituição e Justiça.",GAB DEP ROBÉRIO NEGREIROS,282519,2025-02-05T16:40:01.577
2024,Projeto de Lei,1119,"Fica autorizada a Defensoria Pública do Distrito Federal a transferir, anualmente, o valor de R$ 50.000,00 (cinquenta mil reais) para custeio do Conselho Nacional das Defensoras e Defensores Públicos-Gerais -
CONDEGE",CONSTITUIÇÃO E JUSTIÇA,clausula_da,admissivel,Não apreciado(a),"III- CONCLUSÃO Por esses motivos, nosso voto é pela ADMISSIBILIDADE do Projeto de Lei nº 1.119/2024.",GAB DEP ROBÉRIO NEGREIROS,298124,2025-05-19T16:45:31.503
2024,Projeto de Lei,1119,"Fica autorizada a Defensoria Pública do Distrito Federal a transferir, anualmente, o valor de R$ 50.000,00 (cinquenta mil reais) para custeio do Conselho Nacional das Defensoras e Defensores Públicos-Gerais -
CONDEGE",CONSTITUIÇÃO E JUSTIÇA,clausula_da,admissivel_com_ressalva,Aprovado(a),"III- CONCLUSÃO Por esses motivos, nosso voto é pela ADMISSIBILIDADE do Projeto de Lei nº 1.119/2024, na forma do Substitutivo apresentado na Comissão de Assuntos Sociais.",GAB DEP ROBÉRIO NEGREIROS,306759,2025-08-21T11:43:38.053
2024,Projeto de Lei,1131,Institui Datas Distritais de Conscientização e Enfrentamento do Parto Prematuro. ,CONSTITUIÇÃO E JUSTIÇA,clausula_da,admissivel,Aprovado(a),"III - CONCLUSÕES Diante do exposto, manifestamos voto pela ADMISSIBILIDADE do Projeto de Lei nº 1.131/2024, no âmbito da Comissão de Constituição e Justiça, com o acatamento da emenda nº 1 (Substitutivo), da CSA, com a subemenda modificativa anexa.",GAB DEP FÁBIO FÉLIX,298312,2025-05-20T11:17:08.023
2024,Projeto de Lei,1131,Institui Datas Distritais de Conscientização e Enfrentamento do Parto Prematuro. ,CONSTITUIÇÃO E JUSTIÇA,clausula_da,admissivel,Não apreciado(a),"III - CONCLUSÕES Diante do exposto, manifestamos voto pela ADMISSIBILIDADE do Projeto de Lei nº 1.185/2024, no âmbito da Comissão de Constituição e Justiça, com a aprovação da subemenda modificativa anexa.",GAB DEP FÁBIO FÉLIX,295339,2025-05-07T16:36:12.593
2024,Projeto de Lei,1139,"Institui e inclui no Calendário Oficial de Eventos do Distrito Federal o Dia de Enfrentamento ao Racismo Ambiental e Defesa da Justiça Climática.
",CONSTITUIÇÃO E JUSTIÇA,clausula_da,admissivel_com_ressalva,Não apreciado(a),"Diante do exposto, manifestamos voto pela ADMISSIBILIDADE do Projeto de Lei nº 1.139/2024, no âmbito da Comissão de Constituição e Justiça, na forma do substitutivo anexo.",GAB DEP FÁBIO FÉLIX,282521,2025-02-05T16:41:18.503
2024,Projeto de Lei,1148,DISPÕE SOBRE O CONTROLE E MANEJO DE ESPÉCIES INVASORAS NO DISTRITO FEDERAL E DÁ OUTRAS PROVIDÊNCIAS.,CONSTITUIÇÃO E JUSTIÇA,clausula_da,admissivel_com_ressalva,Não apreciado(a),"III - CONCLUSÃO Diante do exposto, no âmbito desta Comissão de Constituição e Justiça, manifestamos voto pela ADMISSIBILIDADE do Projeto de Lei nº 1.148, de 2024, e pela ADMISSIBILIDADE da emenda nº 1 da CDESCTMAT, na forma da subemenda substitutiva apresentada em anexo.",GAB DEP FÁBIO FÉLIX,335956,2026-06-10T14:09:59.433
2024,Projeto de Lei,1150,"Institui e Inclui no Calendário Oficial do Distrito Federal o evento Innova Summit a ser  celebrado anualmente no mês de junho.

 
 ",CONSTITUIÇÃO E JUSTIÇA,clausula_da,admissivel,Aprovado(a),"II – CONCLUSÃO Diante do exposto, manifestamos voto pela ADMISSIBILIDADE do Projeto de Lei nº 1.150/2024, no âmbito da Comissão de Constituição e Justiça.",GAB DEP ROBÉRIO NEGREIROS,303994,2025-06-23T16:44:53.593
2024,Projeto de Lei,1150,"Institui e Inclui no Calendário Oficial do Distrito Federal o evento Innova Summit a ser  celebrado anualmente no mês de junho.

 
 ",CONSTITUIÇÃO E JUSTIÇA,clausula_da,admissivel_com_ressalva,Não apreciado(a),"II – CONCLUSÃO Diante do exposto, manifestamos voto pela ADMISSIBILIDADE do Projeto de Lei nº 1.150/2024, no âmbito da Comissão de Constituição e Justiça, na forma do substitutivo anexo.",GAB DEP ROBÉRIO NEGREIROS,298432,2025-05-20T15:01:48.767
2024,Projeto de Lei,1154,"Inclui no Calendário Oficial de eventos do Distrito Federal o dia da Câmara de Dirigentes lojistas do Distrito Federal.

 ",CONSTITUIÇÃO DE JUSTIÇA,clausula_da,admissivel_com_ressalva,Não apreciado(a),"CONCLUSÃO Diante do exposto, manifestamos voto pela ADMISSIBILIDADE do Projeto de Lei nº 1154/2024, no âmbito da Comissão de Constituição e Justiça, na forma do substitutivo anexo.",CCJ,138529,2024-10-21T17:20:39.697
2024,Projeto de Lei,1155,"Cria Banco de Currículos para Mulheres em condições de vulnerabilidade social, e incentivo à contratação destas mulheres por empresas no Distrito Federal. ",CONSTITUIÇÃO E JUSTIÇA,clausula_da,admissivel_com_ressalva,Não apreciado(a),"III- CONCLUSÃO Diante de todo o exposto, manifestamo-nos pela admissibilidade do Projeto de Lei nº 1155/2024, no âmbito da CCJ, na forma do Substitutivo aprovado na Comissão de Assuntos Sociais.",GAB DEP ROBÉRIO NEGREIROS,341581,2026-08-21T16:45:11.323
2024,Projeto de Lei,1167,Dispõe sobre a criação do Certificado Escola Amiga do Autista no âmbito do Distrito Federal.,CONSTITUIÇÃO E JUSTIÇA,clausula_da,admissivel,Aprovado(a),"III - CONCLUSÕES Ante o exposto, vota-se, no âmbito da CCJ, pela ADMISSIBILIDADE do PL nº 1167/2024, com o SUBSTITUTIVO em anexo, nos termos do art. 63, I, do RICLDF.",GAB DEP ROBÉRIO NEGREIROS,294727,2025-04-30T14:18:05.957
2024,Projeto de Lei,1168,Cria o Instituto de Pesos e Medidas do Distrito Federal (IPEM-DF) e dá outras providências.,CONSTITUIÇÃO E JUSTIÇA,clausula_da,admissivel,Não apreciado(a),"III - CONCLUSÕES Diante do exposto, no âmbito desta Comissão de Constituição e Justiça, manifestamos voto pela ADMISSIBILIDADE do Projeto de Lei nº 1.168, de 2024.",GAB DEP IOLANDO,294016,2025-04-22T15:07:34.537
2024,Projeto de Lei,1169,Dispõe sobre a implementação de protocolo de segurança nas maternidades e dá outras providências.,CONSTITUIÇÃO E JUSTIÇA,clausula_da,admissivel,Não apreciado(a),"vista que a proposição observa todas as exigências formais e matérias do ordenamento jurídico e favorece o desenvolvimento da atuação governamental, no âmbito desta COMISSÃO DE CONSTITUIÇÃO E JUSTIÇA, manifestamos voto pela ADMISSIBILIDADE do Projeto de Lei nº 1.169, de 2024, do Poder Executivo.",GAB DEP IOLANDO,129031,2024-08-19T15:37:31.2
2024,Projeto de Lei,1170,"Altera a Lei nº 6.466, de 27 de dezembro de 2019, que dispõe sobre os benefícios fiscais do Imposto sobre a Propriedade de Veículos Automotores - IPVA, do Imposto sobre a Propriedade Predial e Territorial Urbana - IPTU, do Imposto sobre a transmissão Causa Mortis e Doação de Quaisquer Bens ou Direitos - ITCD, do Imposto sobre a Transmissão Inter Vivos de Bens Imóveis e de Direitos a eles Relativos - ITBI e da Taxa de Limpeza Pública - TLP.",CONSTITUIÇÃO E JUSTIÇA,clausula_da,admissivel,Aprovado(a),"vista que a proposição observa todas as exigências formais e matérias do ordenamento jurídico e favorece o desenvolvimento da atuação governamental, no âmbito desta COMISSÃO DE CONSTITUIÇÃO E JUSTIÇA, manifestamos voto pela ADMISSIBILIDADE do Projeto de Lei nº 1.170, de 2024, do Poder Executivo.",GAB DEP IOLANDO,131811,2024-09-10T13:31:00.827
2024,Projeto de Lei,1178,Institui e inclui no Calendário Oficial de Eventos do Distrito Federal o Dia da Corrida e Caminhada pela Inclusão Olga Kos em homenagem ao Dia da Pessoa com Deficiência.,CONSTITUIÇÃO E JUSTIÇA,clausula_da,admissivel,Aprovado(a),"III - CONCLUSÕES Diante do exposto, manifestamos voto pela ADMISSIBILIDADE do Projeto de Lei nº 1.178/2024, no âmbito da Comissão de Constituição e Justiça, com o acolhimento da emenda modificativa anexa.",GAB DEP IOLANDO,305265,2025-07-29T13:52:21.947
2024,Projeto de Lei,1185,Inclui no Calendário Oficial de eventos do Distrito Federal o Dia da Pipa.,CONSTITUIÇÃO E JUSTIÇA,clausula_da,admissivel_com_ressalva,Aprovado(a),"evocatória que não se aplica ao caso, visto que se trata de matéria não disciplinada anteriormente, conforme dispõe o art. 97, §2º da Lei complementar nº 13, de 1996. III - CONCLUSÃO Diante do exposto, manifestamos voto pela ADMISSIBILIDADE do Projeto de Lei nº 1185/2024, no âmbito da Comissão de Constituição e Justiça, na forma do substitutivo anexo.",GAB DEP FÁBIO FÉLIX,300425,2025-05-27T17:34:54.14
2024,Projeto de Lei,1194,Institui e inclui no Calendário Oficial de Eventos do Distrito Federal a Semana Distrital de Incentivo a Participação da Mulher na Política.,CONSTITUIÇÃO E JUSTIÇA,clausula_da,admissivel,Não apreciado(a),"Para corrigir esses pequenos problemas formais III - CONCLUSÃO Diante do exposto, manifestamos voto pela ADMISSIBILIDADE do Projeto de Lei nº 1.194/2024, no âmbito da Comissão de Constituição e Justiça, com o acolhimento da emenda modificativa anexa.",GAB DEP ROBÉRIO NEGREIROS,325010,2026-02-12T14:47:07.707
2024,Projeto de Lei,1205,"Altera o art. 1º da Lei 4.835, de 17 de maio de 2012, que dispõe sobre a inclusão do exame que especifica na coleta de sangue de doadores voluntários.",CONSTITUIÇÃO E JUSTIÇA,clausula_da,inadmissivel,Não apreciado(a),"III - CONCLUSÃO Por todo o exposto, com fundamento nos arts. 22, incisos I e VII, da Constituição e no art. 71, § 1º, inciso IV, da Lei Orgânica do Distrito Federal, resta tão só manifestar voto pela INADMISSIBILIDADE constitucional e jurídica do Projeto de Lei nº 1.205/2024.",GAB DEP ROBÉRIO NEGREIROS,301854,2025-06-11T16:25:33.48
2024,Projeto de Lei,1212,Cria o programa de incentivo à prática esportiva parkour no âmbito do Distrito Federal.,CONSTITUIÇÃO E JUSTIÇA,clausula_da,admissivel,Aprovado(a),"III- CONCLUSÃO Diante de todo o exposto, manifestamo-nos pela admissibilidade do Projeto de Lei nº 1212/24, no âmbito da CCJ com a Emenda Modificativa em anexo.",GAB DEP ROBÉRIO NEGREIROS,293668,2025-04-14T16:33:55.863
2024,Projeto de Lei,1223,"Dispõe sobre a desafetação de área pública, caracterizada de uso comum do povo no Setor de Desenvolvimento Econômico – SDE, Região Administrativa de Planaltina - RA VI.",CONSTITUIÇÃO E JUSTIÇA,clausula_da,admissivel,Aprovado(a),"III - CONCLUSÕES Diante do exposto, no âmbito desta Comissão de Constituição e Justiça, manifestamos pela ADMISSIBILIDADE do Projeto de Lei nº 1.223, de 2024.",GAB DEP THIAGO MANZONI,291766,2025-03-28T18:28:21.45
2024,Projeto de Lei,1224,Institui o dia 20 de março como o Dia do Profissional de Coberturas Lonadas.,CONSTITUIÇÃO E JUSTIÇA,clausula_da,admissivel_com_ressalva,Aprovado(a),"Nesse sentido, manifestamos voto pela ADMISSIBILIDADE do Projeto de Lei nº 1224/2024, no âmbito da Comissão de Constituição e Justiça, na forma do substitutivo anexo.",GAB DEP FÁBIO FÉLIX,300183,2025-05-26T17:55:08.463
2024,Projeto de Lei,1235,Dispõe sobre a comercialização de calçados para pessoas com deficiência nos membros inferiores.,CONSTITUIÇÃO E JUSTIÇA,clausula_da,inadmissivel,Não apreciado(a),"III- CONCLUSÃO Por esses motivos, com fundamento no art. 1º, IV e art. 170, caput, da Constituição Federal, nosso voto é pela INADMISSIBILIDADE do Projeto de Lei nº 1.235/2024.",GAB DEP ROBÉRIO NEGREIROS,304956,2025-07-08T14:56:02.667
2024,Projeto de Lei,1238,"Altera a Lei nº 4.567, de 09 de maio de 2011, que ""dispõe sobre o processo administrativo fiscal, contencioso e voluntário, no âmbito do Distrito Federal, e dá outras providências"".",CONSTITUIÇÃO E JUSTIÇA,clausula_da,admissivel,Aprovado(a),"Ante o exposto, manifesta-se voto pela ADMISSIBILIDADE CONSTITUCIONAL E JURÍDICA DO PROJETO DE LEI Nº 1.238/2024, com a emenda de relator anexa (de redação) e com as Emendas de Plenário nºs 3 e 4.",GAB DEP ROBÉRIO NEGREIROS,139558,2024-10-24T14:31:50.9
2024,Projeto de Lei,1238,"Altera a Lei nº 4.567, de 09 de maio de 2011, que ""dispõe sobre o processo administrativo fiscal, contencioso e voluntário, no âmbito do Distrito Federal, e dá outras providências"".",CONSTITUIÇÃO E JUSTIÇA,clausula_da,admissivel,Não apreciado(a),"4. (...) (...) § 2º No caso de inadmissibilidade de impugnação contra o lançamento: I – o interessado será cientificado na forma do art. 11; II – caberá o recurso previsto no art. 110.” ANTE O EXPOSTO, manifesta-se voto pela ADMISSIBILIDADE CONSTITUCIONAL E JURÍDICA DO PROJETO DE LEI Nº 1.238/2024, com a emenda de relator anexa (de redação) e com as Emendas de Plenário nºs 3 e 4.",GAB DEP ROBÉRIO NEGREIROS,139374,2024-10-23T17:17:02.167
2024,Projeto de Lei,1279,"Institui e inclui no Calendário Oficial de Eventos do Distrito Federal o ""Dia do Moto Clube Bodes do Asfalto"".",CONSTITUIÇÃO E JUSTIÇA,clausula_da,admissivel,Aprovado(a),"III - CONCLUSÕES Diante do exposto, manifestamos voto pela ADMISSIBILIDADE do Projeto de Lei nº 1.279/2024, no âmbito da Comissão de Constituição e Justiça, com o acolhimento da emenda modificativa anexa.",GAB DEP FÁBIO FÉLIX,298572,2025-05-20T18:00:56.223
2024,Projeto de Lei,1289,"Altera a Lei nº 4.757, de 14 de fevereiro de 2012, que dispõe sobre a instituição do Eixão do Lazer na Região Administrativa de Brasília – RA I.",CONSTITUIÇÃO E JUSTIÇA,clausula_da,sem_clausula,Não apreciado(a),,GAB DEP ROBÉRIO NEGREIROS,333630,2026-05-20T12:00:08.627
2024,Projeto de Lei,1295,"Altera a Lei nº 6.155, de 25 de junho de 2018, que ""dispõe sobre a Lei de Incentivo ao Esporte do Distrito Federal - LIEDF e dá outras providências"".",CONSTITUIÇÃO E JUSTIÇA,clausula_da,admissivel,Não apreciado(a),"Diante do exposto, vota-se, no âmbito da CCJ, pela ADMISSIBILIDADE do PL nº 1295/2024, nos termos do art. 63, I, do RICLDF.",GAB DEP IOLANDO,280843,2024-12-10T14:35:44.953
2024,Projeto de Lei,1303,"Altera a Lei nº 41, de 13 de setembro de 1989, que “Dispõe sobre a Política Ambiental do Distrito Federal e dá outras providências.”",CONSTITUIÇÃO E JUSTIÇA,clausula_da,admissivel,Aprovado(a),"III - CONCLUSÃO Diante do exposto, no âmbito desta Comissão de Constituição e Justiça, votamos pela ADMISSIBILIDADE do Projeto de Lei nº 1.303, de 2024.",GAB DEP CHICO VIGILANTE,281464,2024-12-16T16:16:22.65
2024,Projeto de Lei,1306,"Institui e Inclui no Calendário Oficial do Distrito Federal, o aniversário da Região Administrativa de Água Quente - RA XXXV a ser comemorado anualmente no dia 21 de Dezembro.",CONSTITUIÇÃO E JUSTIÇA,clausula_da,admissivel,Aprovado(a),"III - CONCLUSÃO Diante do exposto, manifestamos voto pela ADMISSIBILIDADE do Projeto de Lei nº 1.306/2024, no âmbito da Comissão de Constituição e Justiça, acatada a Emenda nº 1 da CEC.",GAB DEP FÁBIO FÉLIX,302234,2025-06-16T11:41:04.1
2024,Projeto de Lei,1311,"Dispõe sobre a não obrigatoriedade do reconhecimento facial em pessoas com deficiência, com transtorno do espectro autista (TEA), transtorno do déficit de atenção e hiperatividade (TDAH), síndrome de down e dá outras providências. ",CONSTITUIÇÃO E JUSTIÇA,clausula_da,admissivel_com_ressalva,Não apreciado(a),"m fundamento nos arts. 23, incisos II e V, e 24, incisos IX e XIV, da Constituição, nos arts. 2 e 24 da Convenção sobre os Direitos das Pessoas com Deficiência e no art. 71, inciso II, da Lei Orgânica, manifesta-se voto pela ADMISSIBILIDADE constitucional e jurídica do Projeto de Lei nº 1.311/2024 na forma da Emenda nº 1 (substitutivo) da Comissão de Segurança.",GAB DEP ROBÉRIO NEGREIROS,333618,2026-05-20T11:07:40.543
2024,Projeto de Lei,1313,"Altera a Lei nº 5.649, de 31 de março de 2016 que Cria o Programa de Incentivo ao Esporte Amador do Distrito Federal - Boleiros e dá outras providências.
",CONSTITUIÇÃO E JUSTIÇA,clausula_da,admissivel,Aprovado(a),"III - CONCLUSÕES Pelo exposto, manifestamos voto pela ADMISSIBILIDADE do Projeto de Lei n.º 1.313/2024, no âmbito da Comissão de Constituição e Justiça.",GAB DEP CHICO VIGILANTE,294497,2025-04-28T10:51:11.743
2024,Projeto de Lei,1334,Institui e inclui no Calendário Oficial de Eventos do Distrito Federal o Dia do Psicopedagogo e dá outras providências.,CONSTITUIÇÃO E JUSTIÇA,clausula_da,admissivel_com_ressalva,Não apreciado(a),"III - CONCLUSÕES Diante do exposto, manifestamos voto pela ADMISSIBILIDADE do Projeto de Lei nº 1.334/2024 no âmbito da Comissão de Constituição e Justiça, na forma do substitutivo aprovado na Comissão de Educação e Cultura - CEC.",GAB DEP CHICO VIGILANTE,309186,2025-09-10T09:11:34.733
2024,Projeto de Lei,1336,"Altera a Lei nº 7.404, de 16 de janeiro de 2024, que “Institui a Política Distrital do Hidrogênio Verde e dá outras providências.”.",CONSTITUIÇÃO E JUSTIÇA,clausula_da,admissivel,Aprovado(a),"III – CONCLUSÃO Diante do exposto, no âmbito desta Comissão de Constituição e Justiça, votamos pela ADMISSIBILIDADE do Projeto de Lei nº 1.336, de 2024.",GAB DEP ROBÉRIO NEGREIROS,310939,2025-09-16T14:42:26.503
2024,Projeto de Lei,1344,"Institui e inclui no Calendário Oficial de Eventos do Distrito Federal, a Corrida do Policial Civil do DF.",CONSTITUIÇÃO E JUSTIÇA,clausula_da,admissivel,Aprovado(a),"III - CONCLUSÕES Diante do exposto, manifestamos voto pela ADMISSIBILIDADE do Projeto de Lei nº 1.344/2024, no âmbito da Comissão de Constituição e Justiça, com o acatamento da emenda nº 1 (Substitutivo), da CS, com a subemenda supressiva anexa.",GAB DEP FÁBIO FÉLIX,298317,2025-05-20T11:29:04.313
2024,Projeto de Lei,1344,"Institui e inclui no Calendário Oficial de Eventos do Distrito Federal, a Corrida do Policial Civil do DF.",CONSTITUIÇÃO E JUSTIÇA,clausula_da,admissivel,Não apreciado(a),"Diante do exposto, manifestamos voto pela ADMISSIBILIDADE do Projeto de Lei nº 1.344/2024, no âmbito da Comissão de Constituição e Justiça, com a aprovação da subemenda supressiva anexa.",GAB DEP FÁBIO FÉLIX,293852,2025-04-16T16:27:21.097
2024,Projeto de Lei,1363,"Inclui no Calendário Oficial de eventos do Distrito Federal o dia “S” de valorização e reconhecimento do Serviço Nacional do Comércio (SESC) e do Serviço Nacional de Aprendizagem Comercial (SENAC).

",CONSTITUIÇÃO E JUSTIÇA,clausula_da,admissivel,Aprovado(a),"Ante o exposto, vota-se, no âmbito da CCJ, pela ADMISSIBILIDADE do PL nº 1363/2024, nos termos do art. 63, I, do RICLDF.",GAB DEP THIAGO MANZONI,291330,2025-03-27T13:33:12.053
2024,Projeto de Lei,1364,Inclui no Calendário Oficial de eventos do Distrito Federal a semana da moda do Distrito Federal,CONSTITUIÇÃO E JUSTIÇA,clausula_da,admissivel,Aprovado(a),"III - CONCLUSÃO Diante do exposto, manifestamos voto pela ADMISSIBILIDADE do Projeto de Lei nº 1.364/2024, no âmbito da Comissão de Constituição e Justiça, com o acolhimento da Emenda Modificativa da CEC.",GAB DEP FÁBIO FÉLIX,325910,2026-03-02T15:19:56.65
2024,Projeto de Lei,1364,Inclui no Calendário Oficial de eventos do Distrito Federal a semana da moda do Distrito Federal,CONSTITUIÇÃO E JUSTIÇA,clausula_da,admissivel,Não apreciado(a),"III - CONCLUSÃO Diante do exposto, manifestamos voto pela ADMISSIBILIDADE do Projeto de Lei nº 1.364/2024, no âmbito da Comissão de Constituição e Justiça.",GAB DEP FÁBIO FÉLIX,325740,2026-02-26T11:23:54.613
2024,Projeto de Lei,1382,"Institui e inclui no Calendário Oficial de Eventos do Distrito Federal o ""Dia do Insanos Moto Clube"" divisão Distrito Federal, a ser celebrado no dia 11 de janeiro de cada ano. ",CONSTITUIÇÃO E JUSTIÇA,clausula_da,admissivel,Aprovado(a),"III - CONCLUSÃO Diante do exposto, manifestamos voto pela ADMISSIBILIDADE do Projeto de Lei nº 1.382/2024, no âmbito da Comissão de Constituição e Justiça, com o acolhimento da emenda supressiva da CEC e da emenda modificativa anexa.",GAB DEP FÁBIO FÉLIX,325908,2026-03-02T14:44:48.767
2024,Projeto de Lei,1382,"Institui e inclui no Calendário Oficial de Eventos do Distrito Federal o ""Dia do Insanos Moto Clube"" divisão Distrito Federal, a ser celebrado no dia 11 de janeiro de cada ano. ",CONSTITUIÇÃO E JUSTIÇA,clausula_da,admissivel,Não apreciado(a),"III - CONCLUSÃO Diante do exposto, manifestamos voto pela ADMISSIBILIDADE do Projeto de Lei nº 1.382/2024, no âmbito da Comissão de Constituição e Justiça, com o acolhimento da emenda modificativa anexa.",GAB DEP FÁBIO FÉLIX,325736,2026-02-26T11:18:09.177
2024,Projeto de Lei,1386,"Estabelece a pauta de valores venais de veículos automotores usados registrados e licenciados no Distrito Federal para efeito de lançamento do Imposto sobre a Propriedade de Veículos Automotores - IPVA, relativamente ao exercício de 2025, e dá outras providências.
",CONSTITUIÇÃO E JUSTIÇA,clausula_da,admissivel,Não apreciado(a),"Diante do exposto, vota-se, no âmbito da CCJ, pela ADMISSIBILIDADE do PL nº 1386/2024, nos termos do art. 63, I, do RICLDF.",GAB DEP ROBÉRIO NEGREIROS,277382,2024-11-12T15:24:26.693
2024,Projeto de Lei,1387,"Estabelece a pauta de valores venais de terrenos e edificações do Distrito Federal para efeito de lançamento do Imposto sobre a Propriedade Predial e Territorial Urbana - IPTU, relativamente ao exercício de 2025, e dá outras providências.",CONSTITUIÇÃO E JUSTIÇA,clausula_da,admissivel,Não apreciado(a),"dentifica óbices à continuidade da tramitação, uma vez que atende as exigências da Lei Complementar n° 13, de 03 de setembro de 1996. Por todo o exposto, com fundamento no art. 63, inciso I, do RICLDF, vota-se nesta CCJ pela ADMISSIBILIDADE do PL nº 1387/2024.",GAB DEP ROBÉRIO NEGREIROS,277383,2024-11-12T15:30:28.503
2024,Projeto de Lei,1390,Institui e inclui no Calendário Oficial de Eventos do Distrito Federal o “Encontro da Arte”.,CONSTITUIÇÃO E JUSTIÇA,clausula_da,admissivel,Não apreciado(a),"III - CONCLUSÕES Diante do exposto, manifestamos voto pela ADMISSIBILIDADE do Projeto de Lei nº 1.390/2024, no âmbito da Comissão de Constituição e Justiça.",GAB DEP CHICO VIGILANTE,294485,2025-04-28T10:03:28.16
2024,Projeto de Lei,1403,"Inclui, no Calendário de Eventos do Distrito Federal, o Festival Taguá Rock.",CONSTITUIÇÃO E JUSTIÇA,clausula_da,admissivel,Aprovado(a),"III - CONCLUSÃO Diante do exposto, manifestamos voto pela ADMISSIBILIDADE do Projeto de Lei nº 1.403/2024, no âmbito da Comissão de Constituição e Justiça.",GAB DEP FÁBIO FÉLIX,319000,2025-11-17T15:08:19.883
2024,Projeto de Lei,1430,"Inclui no calendário de eventos oficiais do Distrito Federal o ""Dia do Escritor Brasiliense"", a ser comemorado anualmente no dia 17 de novembro.",CONSTITUIÇÃO E JUSTIÇA,clausula_da,admissivel_com_ressalva,Não apreciado(a),"III - CONCLUSÃO Diante do exposto, manifestamos voto pela ADMISSIBILIDADE do Projeto de Lei nº 1.430/2024, no âmbito da Comissão de Constituição e Justiça, na forma do substitutivo anexo.",GAB DEP FÁBIO FÉLIX,307224,2025-08-27T17:19:22.957
2024,Projeto de Lei,1466,"Autoriza o Poder Executivo a proceder a alienação por venda de imóvel que especifica, pertencente ao patrimônio do Distrito Federal, e dá outras providências.",CONSTITUIÇÃO E JUSTIÇA,clausula_da,admissivel,Aprovado(a),"III – CONCLUSÃO Diante do exposto, no âmbito desta Comissão de Constituição e Justiça, manifestamos voto pela ADMISSIBILIDADE do Projeto de Lei nº 1.466, de 2024.",GAB DEP IOLANDO,301944,2025-06-12T14:55:12.847
2024,Projeto de Lei,1473,"Institui o Dia da Corrida de Rua no Distrito Federal e dá outras providências.
",CONSTITUIÇÃO E JUSTIÇA,clausula_da,admissivel_com_ressalva,Aprovado(a),"III - CONCLUSÃO Diante do exposto, manifestamos voto pela ADMISSIBILIDADE do Projeto de Lei nº 1.473/2024, no âmbito da Comissão de Constituição e Justiça, na forma do substitutivo anexo.",GAB DEP FÁBIO FÉLIX,307226,2025-08-27T17:24:57.393
2024,Projeto de Lei,845,"Autoriza o Poder Executivo a proceder a alienação por venda de imóvel que especifica, pertencente ao patrimônio do Distrito Federal, e dá outras providências.
",CONSTITUIÇÃO E JUSTIÇA,clausula_da,admissivel,Aprovado(a),"vista que a proposição observa todas as exigências formais e matérias do ordenamento jurídico e favorece o desenvolvimento da atuação governamental, no âmbito desta COMISSÃO DE CONSTITUIÇÃO E JUSTIÇA, manifestamos voto pela ADMISSIBILIDADE do Projeto de Lei nº 845, de 2024, do Poder Executivo.",GAB DEP IOLANDO,129775,2024-08-27T17:52:45.83
2024,Projeto de Lei,848,"Altera a Lei nº 3.322, de 18 de fevereiro de 2004, ""que reestrutura a carreira de Enfermeiro, do quadro de pessoal do Distrito Federal, fixa seus vencimentos e dá outras providências.""",CONSTITUIÇÃO E JUSTIÇA,clausula_da,admissivel,Aprovado(a),"la Lei distrital nº 2.638/2000 e reestruturada pela Lei distrital nº 3.322/2004. Por esses motivos, com fundamento nos artigos 71, § 1º, incisos II e 100, inciso X, todos da Lei Orgânica do Distrito Federal nosso voto é pela ADMISSIBILIDADE do Projeto de Lei nº 848/2024. [1] Texto original: Art. 71. A iniciativa das leis complementares e ordinárias cabe a qualquer membro ou comissão da Câmara Legislativa, ao Governador do Distrito Federal e, nos termos do art. 84, IV, ao Tribunal de Contas do Di",GAB DEP IOLANDO,115292,2024-03-20T17:33:10.583
2024,Projeto de Lei,858,Obriga a Instalação de Iluminação Sustentável em Todas as Passarelas do Distrito Federal.,CONSTITUIÇÃO E JUSTIÇA,clausula_da,admissivel,Não apreciado(a),"Voto, portanto, pela ADMISSIBILIDADE do Projeto de Lei nº 858/2024, no âmbito da Comissão de Constituição e Justiça, com a emenda nº 1 da CEOF.",GAB DEP FÁBIO FÉLIX,326596,2026-03-11T11:45:43.6
2024,Projeto de Lei,858,Obriga a Instalação de Iluminação Sustentável em Todas as Passarelas do Distrito Federal.,CONSTITUIÇÃO E JUSTIÇA,clausula_da,admissivel,Não apreciado(a),"Voto, portanto, pela ADMISSIBILIDADE do Projeto de Lei nº 858/2024, no âmbito da Comissão de Constituição e Justiça.",GAB DEP FÁBIO FÉLIX,324295,2026-02-03T17:05:39.91
2024,Projeto de Lei,870,"Reconhece, no âmbito do Distrito Federal, a pesca esportiva, como modalidade desportiva.",CONSTITUIÇÃO E JUSTIÇA,clausula_da,admissivel,Aprovado(a),"Do exposto, manifestamos voto pela ADMISSIBILIDADE do Projeto de Lei nº 870/2024, com a emenda supressiva anexa.",GAB DEP ROBÉRIO NEGREIROS,126888,2024-07-08T17:48:06.087
2024,Projeto de Lei,885,"Altera a Lei 3.830, de 14 de março de 2006, para definir a base de cálculo do Imposto sobre a Transmissão “Inter Vivos” de Bens Imóveis e de Direitos a eles Relativos - ITBI. 

",CONSTITUIÇÃO E JUSTICA,clausula_da,admissivel,Aprovado(a),"Por todo o exposto, vota-se, no âmbito da CCJ, pela admissibilidade do PL nº 885/2024, nos termos do art. 63, I, do RICLDF.",GAB DEP IOLANDO,121488,2024-05-17T10:05:22.21
2024,Projeto de Lei,888,Institui e inclui no calendário oficial de eventos do Distrito Federal a semana de prevenção e controle da osteoporose e dá outras providências.,CONSTITUIÇÃO E JUSTIÇA,clausula_da,admissivel_com_ressalva,Aprovado(a),"III - CONCLUSÕES Diante do exposto, manifestamos voto pela ADMISSIBILIDADE do Projeto de Lei nº 888/2024, no âmbito da Comissão de Constituição e Justiça, na forma do substitutivo anexo.",GAB DEP CHICO VIGILANTE,305633,2025-08-06T16:50:41.887
2024,Projeto de Lei,890,Institui os Conselhos Regionais de Juventude - CRJ's e o Conselho de Juventude do Distrito Federal – CONJUVE-DF.,CONSTITUIÇÃO DE JUSTIÇA,clausula_da,admissivel,Aprovado(a),"CONCLUSÃO Assim, com fundamento no art. 63, inciso I, do RICLDF, manifesta-se voto pela ADMISSIBILIDADE do PL nº 890/2024, no âmbito desta CCJ, com o acolhimento das emendas aditiva e modificativa, apresentadas no âmbito da CAS, e da subemenda e emenda modificativa, ambas deste Relator.",CCJ,115597,2024-03-22T11:10:37.983
2024,Projeto de Lei,904,Institui e inclui no Calendário Oficial de Eventos do Distrito Federal o Dia do Atleta Paralímpico.,CONSTITUIÇÃO E JUSTIÇA,clausula_da,admissivel,Aprovado(a),"Diante do exposto, manifestamos voto pela ADMISSIBILIDADE do Projeto de Lei nº 904/2024, no âmbito da Comissão de Constituição e Justiça, com a emenda supressiva anexa.",GAB DEP IOLANDO,129396,2024-08-21T16:56:28.17
2024,Projeto de Lei,912,Dispõe sobre o direito de reembolso de valores pagos em duplicidade nas faturas de energia elétrica e estabelece procedimentos para sua efetivação.,CONSTITUIÇÃO E JUSTIÇA,clausula_da,admissivel,Aprovado(a),"III – CONCLUSÃO Pelo exposto, manifestamos voto pela ADMISSIBILIDADE constitucional e jurídica do Projeto de Lei n.º 912, de 2024, com a emenda modificativa anexa.",GAB DEP ROBÉRIO NEGREIROS,289891,2025-03-17T17:55:29.59
2024,Projeto de Lei,914,Estabelece diretrizes para a promoção da inclusão e suporte a estudantes com deficiência nas instituições de ensino superior do Distrito Federal.,CONSTITUIÇÃO E JUSTIÇA,clausula_da,admissivel,Aprovado(a),"Diante de todo o exposto, manifestamo-nos pela admissibilidade do Projeto de Lei nº 914/24, no âmbito da CCJ com a Emenda Modificativa aprovada na CESC.",GAB DEP ROBÉRIO NEGREIROS,139687,2024-10-25T11:15:07.383
2024,Projeto de Lei,919,"Institui a ""Semana Distrital de Competições de Robótica""",CONSTITUIÇÃO E JUSTIÇA,clausula_da,admissivel,Aprovado(a),"Diante do exposto, manifestamos voto pela ADMISSIBILIDADE do Projeto de Lei nº 919/2024, no âmbito da Comissão de Constituição e Justiça, com o acolhimento do Substitutivo anexo.",GAB DEP ROBÉRIO NEGREIROS,274906,2024-10-30T17:21:48.653
2024,Projeto de Lei,920,"Institui a “Semana em Prol da Saúde Mental Policial”, no âmbito do Distrito Federal.",CONSTITUIÇÃO E JUSTIÇA,clausula_da,admissivel,Aprovado(a),"III - CONCLUSÕES Diante do exposto, manifestamos voto pela ADMISSIBILIDADE do Projeto de Lei nº 920/2024, no âmbito da Comissão de Constituição e Justiça.",GAB DEP CHICO VIGILANTE,295832,2025-05-12T16:22:19.973
2024,Projeto de Lei,922,"Institui a “Semana de Conscientização sobre a Esquizofrenia, no âmbito do Distrito Federal”.",CONSTITUIÇÃO E JUSTIÇA,clausula_da,admissivel_com_ressalva,Aprovado(a),"Diante do exposto, manifestamos voto pela ADMISSIBILIDADE do Projeto de Lei nº 922/2024, no âmbito da Comissão de Constituição e Justiça, na forma do substitutivo anexo.",GAB DEP FÁBIO FÉLIX,126744,2024-07-02T14:55:41.117
2024,Projeto de Lei,924,"Dispõe sobre a instituição do ""Mês do Bem-Estar e Qualidade de Vida no Ambiente de Trabalho"" no Distrito Federal, e dá outras providências.",CONSTITUIÇÃO E JUSTIÇA,clausula_da,admissivel_com_ressalva,Aprovado(a),"II – CONCLUSÃO Diante do exposto, manifestamos voto pela ADMISSIBILIDADE do Projeto de Lei nº 924/2024, no âmbito da Comissão de Constituição e Justiça, na forma do substitutivo anexo.",GAB DEP ROBÉRIO NEGREIROS,307234,2025-08-27T17:47:02.92
2024,Projeto de Lei,925,Institui o Dia das Igrejas Evangélicas no Distrito Federal e dá outras providências.,CONSTITUÇÃO DE CONSTITUIÇÃO E JUSTIÇA,clausula_da,admissivel,Aprovado(a),"III - CONCLUSÃO Diante do exposto, manifestamos voto pela ADMISSIBILIDADE do substitutivo ao Projeto de Lei nº 925/2024, no âmbito da Comissão de Constituição e Justiça.",GAB DEP ROBÉRIO NEGREIROS,297854,2025-05-16T16:54:03.873
2024,Projeto de Lei,930,Veda a nomeação de bens e logradouros públicos com nome de pessoas condenadas por crimes de violência contra a mulher no âmbito do Distrito Federal,CONSTITUIÇÃO E JUSTIÇA,clausula_da,admissivel,Não apreciado(a),"Diante do exposto, somos pela ADMISSIBILIDADE do Projeto de Lei nº 930/2024, no âmbito da Comissão de Constituição e Justiça.",GAB DEP CHICO VIGILANTE,133004,2024-09-17T12:12:31.567
2024,Projeto de Lei,930,Veda a nomeação de bens e logradouros públicos com nome de pessoas condenadas por crimes de violência contra a mulher no âmbito do Distrito Federal,CONSTITUIÇÃO E JUSTIÇA,clausula_da,admissivel_com_ressalva,Aprovado(a),"Diante do exposto, somos pela ADMISSIBILIDADE do Projeto de Lei nº 930/2024, no âmbito da Comissão de Constituição e Justiça na forma do substitutivo aprovado na Comissão de Segurança.",GAB DEP CHICO VIGILANTE,133568,2024-09-20T11:36:53.397
2024,Projeto de Lei,954,Institui a Semana da Inteligência Artificial (IA) no âmbito do Distrito Federal e dá outras providências. ,CONSTITUIÇÃO E JUSTIÇA,clausula_da,admissivel_com_ressalva,Aprovado(a),"Diante do exposto, manifestamos voto pela ADMISSIBILIDADE do Projeto de Lei nº 954/2024, no âmbito da Comissão de Constituição e Justiça, na forma do Substitutivo anexo.",GAB DEP ROBÉRIO NEGREIROS,131341,2024-09-05T14:33:54.967
2024,Projeto de Lei,955,"Altera a Lei no 1.479, de 17 de junho de 1997, que ""Institui o Dia do Idoso no Distrito Federal""",CONSTITUIÇÃO E JUSTIÇA,clausula_da,admissivel_com_ressalva,Aprovado(a),"Nesse sentido, manifestamos voto pela ADMISSIBILIDADE do Projeto de Lei nº 955/2024, no âmbito da Comissão de Constituição e Justiça, na forma do substitutivo anexo.",GAB DEP ROBÉRIO NEGREIROS,281628,2024-12-18T16:40:40.17
2024,Projeto de Lei,965,"Inclui no Calendário Oficial de eventos do Distrito Federal o dia do Agente de Proteção da criança e adolescente do Distrito Federal .

 ",CONSTITUIÇÃO DE JUSTIÇA,clausula_da,admissivel_com_ressalva,Aprovado(a),"CONCLUSÃO Assim, com fundamento no art. 63, inciso I, do RICLDF, manifesta-se voto pela ADMISSIBILIDADE do PL nº 965/2024, no âmbito desta CCJ, na forma do Substitutivo da CDDHCLP.",CCJ,129400,2024-08-21T17:56:38.527
2024,Projeto de Lei,994,"Institui e inclui no Calendário Oficial de Eventos do Distrito Federal o Dia da Piscicultura.
.
",CONSTITUIÇÃO E JUSTIÇA,clausula_da,admissivel,Aprovado(a),"Diante do exposto, manifestamos voto pela ADMISSIBILIDADE do Projeto de Lei nº 994/2024, no âmbito da Comissão de Constituição e Justiça, com o acolhimento do Substitutivo anexo.",GAB DEP FÁBIO FÉLIX,274265,2024-10-29T15:10:20.783
2024,Projeto de Lei Complementar,40,"Altera a Lei Complementar nº 326, de 4 de outubro de 2000, que dispõe sobre a criação do Programa de Apoio ao Esporte – PAE e dá outras providências.",CONSTITUIÇÃO E JUSTIÇA,clausula_da,admissivel,Aprovado(a),"Por todo o exposto, nosso voto é pela ADMISSIBILIDADE constitucional e jurídica do Projeto de Lei Complementar n.º 40, de 2024.",GAB DEP IOLANDO,115278,2024-03-20T16:07:28.473
2024,Projeto de Lei Complementar,51,"Altera a Lei Complementar nº 833, de 27 de maio de 2011, que dispõe sobre o parcelamento dos créditos de natureza tributária e não tributária de titularidade do Distrito Federal.",CONSTITUIÇÃO DE JUSTIÇA,clausula_da,admissivel,Aprovado(a),"CONCLUSÃO Assim, com fundamento no art. 63, inciso I, do RICLDF, manifesta-se voto pela ADMISSIBILIDADE do PLC nº 51/2024, no âmbito desta CCJ.",CCJ,133425,2024-09-19T09:48:24.883
2024,Projeto de Resolução,42,Institui solenidade anual em homenagem a servidores no âmbito da Câmara Legislativa do Distrito Federal,CONSTITUIÇÃO E JUSTIÇA,clausula_da,admissivel,Aprovado(a),"III - CONCLUSÃO Diante do exposto, manifestamos voto pela ADMISSIBILIDADE do Projeto de Resolução nº 42/2024, com o Substitutivo do GMD, no âmbito da Comissão de Constituição e Justiça.",GAB DEP FÁBIO FÉLIX,301352,2025-06-04T11:49:36.117
2024,Proposta de Emenda à Lei Orgânica,12,Acrescenta o inciso XV ao artigo 3º da Lei Orgânica do Distrito Federal.,CONSTITUIÇÃO E JUSTIÇA,clausula_da,admissivel,Aprovado(a),"Em vista do exposto, com fundamento no inciso I do art. 3º e no caput do art. 6º da Constituição Federal, bem como no inciso V do art. 58 da Lei Orgânica do Distrito Federal, manifestamos voto pela ADMISSIBILIDADE da Proposta de Emenda à Lei Orgânica nº 12/2024, com a emenda anexa, destinada ao aprimoramento da técnica legislativa e da redação da propositura.",GAB DEP CHICO VIGILANTE,133000,2024-09-17T11:44:00.933
2024,Proposta de Emenda à Lei Orgânica,13,"Acresce o art. 278-A à Lei Orgânica do Distrito Federal, que determina ao Poder Executivo a manutenção do Fundo Único do Meio Ambiente do Distrito Federal – Funam-DF, destinado a apoiar a política ambiental no DF, atribuindo-lhe dotação mínima percentual da Receita Tributária Líquida do Distrito Federal.",CONSTITUIÇÃO E JUSTIÇA,clausula_da,inadmissivel,Não apreciado(a),"Por esses motivos, com fundamento no art. 165 da Constituição Federal e nos arts. 100, VI; 149 e 151 da Lei Orgânica do Distrito Federal, nosso voto é pela INADMISSIBILIDADE da Proposta de Emenda à Lei Orgânica nº 13/2024.",GAB DEP ROBÉRIO NEGREIROS,290743,2025-03-24T17:14:20.123
2024,Proposta de Emenda à Lei Orgânica,15,Acrescenta o Inciso XXIV ao artigo 19º da Lei Orgânica do Distrito Federal. ,CONSTITUIÇÃO E JUSTIÇA,clausula_da,admissivel,Não apreciado(a),"III - CONCLUSÃO Ante o exposto, nosso voto é pela ADMISSIBILIDADE da Proposta de Emenda à Lei Orgânica nº 15/2024, no âmbito desta Comissão de Constituição e Justiça, a fim de que a matéria possa ser devidamente apreciada pela Comissão Especial (CEPELO) quanto ao seu mérito.",GAB DEP ROBÉRIO NEGREIROS,329907,2026-04-09T11:57:54.363
2025,Projeto de Decreto Legislativo,266,Concede o título de Cidadão Honorário de Brasília ao Senhor Selton Mello.,CONSTITUIÇÃO E JUSTIÇA,clausula_da,admissivel,Não apreciado(a),"III - CONCLUSÃO Pelo exposto, manifestamos voto pela ADMISSIBILIDADE do Projeto de Decreto Legislativo nº 266/2025 no âmbito da CCJ.",GAB DEP FÁBIO FÉLIX,324916,2026-02-11T15:54:36.48
2025,Projeto de Decreto Legislativo,302,Concede o Título de Cidadão Honorário de Brasília a Márcio Del Fiore.,CONSTITUIÇÃO E JUSTIÇA,clausula_da,admissivel,Não apreciado(a),"III – CONCLUSÃO Por todo o exposto, manifestamos voto pela ADMISSIBILIDADE do Projeto de Decreto Legislativo nº 302/2025 no âmbito da CCJ, com o acolhimento da emenda de redação anexa.",GAB DEP ROBÉRIO NEGREIROS,333041,2026-05-12T16:23:50.783
2025,Projeto de Decreto Legislativo,321,"Aprova minuta de Proposta de Emenda à Constituição que altera os arts. 22 e 24 da Constituição Federal, para tornar competências legislativas privativas da União em concorrente com os Estados e o Distrito Federal e para delimitar o sentido das normas gerais na competência legislativa concorrente.",CONSTITUIÇÃO E JUSTIÇA,clausula_da,admissivel,Aprovado(a),"III - CONCLUSÕES Pelo exposto, manifestamos voto pela ADMISSIBILIDADE e APROVAÇÃO do Projeto de Decreto Legislativo nº 321/2025.",GAB DEP THIAGO MANZONI,306598,2025-08-19T15:30:27.85
2025,Projeto de Decreto Legislativo,337,"Susta os efeitos do Decreto nº 47.386, de 25 de Junho de 2025, que dispõe sobre medidas de racionalização de despesas públicas no âmbito do Governo do Distrito Federal e dá outras providências. ",CONSTITUIÇÃO E JUSTIÇA,clausula_da,inadmissivel,Não apreciado(a),"III- CONCLUSÃO Por esses motivos, com fundamento no art. 60, inciso VI, da Lei Orgânica do Distrito Federal e no art. 64, I, do Regimento Interno da Câmara Legislativa do Distrito Federal, nosso voto é pela INADMISSIBILIDADE do Projeto de Decreto Legislativo nº 337/2025.",GAB DEP ROBÉRIO NEGREIROS,306947,2025-08-25T17:28:36.527
2025,Projeto de Decreto Legislativo,396, Concede o título de cidadão honorário de Brasília ao Professor Pedro Rodrigues de Sousa,CONSTITUIÇÃO E JUSTIÇA,clausula_da,admissivel,Não apreciado(a),"III - CONCLUSÃO Pelo exposto, no âmbito da Comissão de Constituição e Justiça, o voto é pela ADMISSIBILIDADE do Projeto de Decreto Legislativo nº 396/2025. DEPUTADO FÁBIO FELIX Relator",GAB DEP FÁBIO FÉLIX,337796,2026-06-19T14:39:48.553
2025,Projeto de Decreto Legislativo,402,"Homologa o Convênio ICMS nº 96, de 4 de julho de 2025.",CONSTITUIÇÃO E JUSTIÇA,clausula_da,admissivel,Aprovado(a),"III - CONCLUSÃO Por todo o exposto, no âmbito da CCJ e com fundamento no art. 64, I, RICLDF, vota-se pela ADMISSIBILIDADE do PDL nº 402/2025.",GAB DEP ROBÉRIO NEGREIROS,325185,2026-02-20T13:50:15.127
2025,Projeto de Lei,1501,Inclui no Calendário Oficial de Eventos do Distrito Federal o Festival de Inverno do Distrito Federal.,CONSTITUIÇÃO E JUSTIÇA,clausula_da,admissivel_com_ressalva,Aprovado(a),"III - CONCLUSÃO Diante do exposto, manifestamos voto pela ADMISSIBILIDADE do Projeto de Lei nº 1.501/2025, no âmbito da Comissão de Constituição e Justiça, na forma do substitutivo anexo.",GAB DEP FÁBIO FÉLIX,325742,2026-02-26T11:29:13.463
2025,Projeto de Lei,1532,"Institui e inclui no Calendário Oficial de Eventos do Distrito Federal o ""Dia do Produtor de mudas, sementes, plantas e flores.”",CONSTITUIÇÃO E JUSTIÇA,clausula_da,admissivel,Aprovado(a),"III - CONCLUSÃO Diante do exposto, manifestamos voto pela ADMISSIBILIDADE do Substitutivo da CPRA ao Projeto de Lei nº 1.532/2025, no âmbito da Comissão de Constituição e Justiça.",GAB DEP FÁBIO FÉLIX,314908,2025-10-23T15:40:20.173
2025,Projeto de Lei,1541,"Institui o Selo “Empresa Promotora da Saúde e da Segurança do Trabalhador”, destinado às empresas de qualquer tipo, ramo e porte que promovam ações e iniciativas internas de reconhecimento e valorização do trabalhador no ambiente de trabalho, no âmbito do Distrito Federal.",CONSTITUIÇÃO E JUSTIÇA,clausula_da,admissivel,Não apreciado(a),"III – CONCLUSÃO Por todo o exposto, nosso voto é pela ADMISSIBILIDADE do Projeto de Lei n. 1.541/2025, com as emendas em anexo, no âmbito da Comissão de Constituição e Justiça.",GAB DEP ROBÉRIO NEGREIROS,331085,2026-04-24T17:33:34.347
2025,Projeto de Lei,1561,Institui e inclui no Calendário Oficial de Eventos do Distrito Federal o Dia do Samba.,CONSTITUIÇÃO E JUSTIÇA,clausula_da,admissivel,Aprovado(a),"III - CONCLUSÃO Diante do exposto, manifestamos voto pela ADMISSIBILIDADE do Projeto de Lei nº 1561/2025, no âmbito da Comissão de Constituição e Justiça.",GAB DEP CHICO VIGILANTE,315996,2025-10-30T11:06:49.94
2025,Projeto de Lei,1572,"Altera a Lei nº 41, de 13 de setembro de 1989, que “Dispõe sobre a Política Ambiental do Distrito Federal e dá outras providências”.",CONSTITUIÇÃO E JUSTIÇA,clausula_da,admissivel_com_ressalva,Não apreciado(a),"III - CONCLUSÃO Diante do exposto, no âmbito desta Comissão de Constituição e Justiça, votamos pela ADMISSIBILIDADE do Projeto de Lei nº 1.572, de 2025, na forma do SUBSTITUTIVO anexo a este Parecer.",GAB DEP ROBÉRIO NEGREIROS,314772,2025-10-22T15:35:26.767
2025,Projeto de Lei,1572,"Altera a Lei nº 41, de 13 de setembro de 1989, que “Dispõe sobre a Política Ambiental do Distrito Federal e dá outras providências”.",CONSTITUIÇÃO E JUSTIÇA,clausula_da,admissivel_com_ressalva,Não apreciado(a),"III - CONCLUSÃO Diante do exposto, no âmbito desta Comissão de Constituição e Justiça, votamos pela ADMISSIBILIDADE do Projeto de Lei nº 1.572, de 2025, na forma do Substitutivo anexo a este Parecer",GAB DEP ROBÉRIO NEGREIROS,341847,2026-08-27T15:29:39.12
2025,Projeto de Lei,1572,"Altera a Lei nº 41, de 13 de setembro de 1989, que “Dispõe sobre a Política Ambiental do Distrito Federal e dá outras providências”.",CONSTITUIÇÃO E JUSTIÇA,clausula_da,admissivel_com_ressalva,Não apreciado(a),"V – CONCLUSÃO Diante do exposto, no âmbito desta Comissão de Constituição e Justiça, votamos pela ADMISSIBILIDADE do Projeto de Lei nº 1.572, de 2025, na forma da Emenda de Redação da Comissão de Desenvolvimento Econômico Sustentável, Ciência, Tecnologia, Meio Ambiente e Turismo – CDESCTMAT, com a Emenda Modificativa anexa.",GAB DEP ROBÉRIO NEGREIROS,304965,2025-07-08T17:01:26.577
2025,Projeto de Lei,1583,Institui pontos de apoio para o combate ao assédio e violência no período de festas de rua e demais eventos públicos e dá outras providencias.,CONSTITUIÇÃO E JUSTIÇA,clausula_da,sem_clausula,Não apreciado(a),,GAB DEP ROBÉRIO NEGREIROS,326477,2026-03-10T10:25:10.583
2025,Projeto de Lei,1602,Dispõe sobre a instituição do Protocolo Distrital de Enfrentamento para prevenção e combate ao tráfico de pessoas  no âmbito do Distrito Federal.,CONSTITUIÇÃO E JUSTIÇA,clausula_da,admissivel_com_ressalva,Não apreciado(a),"ento nos arts. 1º, inciso III, 5º, caput, 30, inciso I, e 32, § 1º, todos da Constituição Federal; nos arts. 2º, inciso III, 3º, incisos I e IV, 71, inciso I, todos da Lei Orgânica do Distrito Federal; manifestamos voto pela ADMISSIBILIDADE constitucional e jurídica do Projeto de Lei nº 1.602/2025, na forma da Emenda nº 1 (Substitutivo) apresentado na Comissão de Segurança, com a subemenda em anexo.",GAB DEP ROBÉRIO NEGREIROS,333644,2026-05-20T15:35:18.117
2025,Projeto de Lei,1616,"Determina o fornecimento de passagens, no Serviço de Transporte Público Coletivo, às pessoas que especifica e dá outras providências.",CONSTITUIÇÃO E JUSTIÇA,clausula_da,inadmissivel,Não apreciado(a),"uição Federal, art. 113 do Ato das Disposições Constitucionais Transitórias, e nos arts. 53; 71, § 1º, incisos IV e V, e § 2º; e 100, inciso X, todos da Lei Orgânica do Distrito Federal; resta-nos tão só manifestar voto pela INADMISSIBILIDADE constitucional e jurídica do Projeto de Lei nº 1.616/2025.",GAB DEP ROBÉRIO NEGREIROS,328687,2026-03-27T16:40:50.343
2025,Projeto de Lei,1617,"Dispõe sobre o direito do consumidor de obter informações sobre natureza, procedência e qualidade dos produtos combustíveis comercializados nos postos de situados no Distrito Federal e dá outras providências.",CONSTITUIÇÃO E JUSTIÇA,clausula_da,admissivel_com_ressalva,Não apreciado(a),"III – CONCLUSÃO Ante o exposto, nosso voto é pela ADMISSIBILIDADE constitucional do Projeto de Lei nº 1.617, de 2025, na forma das cinco emendas anexas.",GAB DEP ROBÉRIO NEGREIROS,329473,2026-04-06T16:18:16.153
2025,Projeto de Lei,1637,Garante simplificação e credibilidade nas relações entre a pessoa interessada e a Administração Pública do Distrito Federal e dá outras providências.,CONSTITUIÇÃO E JUSTIÇA,clausula_da,admissivel_com_ressalva,Aprovado(a),"Assim, será apresentado substitutivo para promover essas correções, alinhando o texto aos requisitos da Lei Complementar nº 13, de 1996. III - CONCLUSÕES Ante o exposto, nosso voto é pela ADMISSIBILIDADE do Projeto de Lei nº 1.637, de 2025, na forma do substitutivo anexo.",GAB DEP THIAGO MANZONI,306621,2025-08-19T19:22:47.367
2025,Projeto de Lei,1655,Institui e inclui no Calendário Oficial de Eventos do Distrito Federal o Dia dos Cuidados Paliativos.,CONSTITUIÇÃO E JUSTIÇA,clausula_da,admissivel,Aprovado(a),"III - CONCLUSÃO Diante do exposto, manifestamos voto pela ADMISSIBILIDADE do Projeto de Lei nº 1655/2025, no âmbito da Comissão de Constituição e Justiça.",GAB DEP CHICO VIGILANTE,316260,2025-11-03T14:20:29.547
2025,Projeto de Lei,1655,Institui e inclui no Calendário Oficial de Eventos do Distrito Federal o Dia dos Cuidados Paliativos.,CONSTITUIÇÃO E JUSTIÇA,clausula_da,admissivel,Não apreciado(a),"III - CONCLUSÃO Diante do exposto, manifestamos voto pela ADMISSIBILIDADE do Projeto de Lei nº 1561/2025, no âmbito da Comissão de Constituição e Justiça.",GAB DEP CHICO VIGILANTE,315998,2025-10-30T11:12:44.953
2025,Projeto de Lei,1668,"Dispõe sobre a obrigatoriedade das empresas prestadoras de serviços públicos de abastecimento de água, saneamento básico e distribuição de energia elétrica agendarem o atendimento aos usuários e dá outras providências",CONSTITUIÇÃO E JUSTIÇA,clausula_da,admissivel_com_ressalva,Não apreciado(a),"III- CONCLUSÃO Por esses motivos, com fundamento nos incisos XXXII do art. 5º, V do art. 24 e V do art. 170, todos da Constituição Federal, e no art. 71 da Lei Orgânica do Distrito Federal, nosso voto é pela ADMISSIBILIDADE do Projeto de Lei nº 1.668/2025. É admitida, também, a emenda modificativa CDC nº 2, na forma da subemenda em anexo, a emenda modificativa CDC nº 1, bem como a emenda de redação que faz parte deste parecer.",GAB DEP ROBÉRIO NEGREIROS,324715,2026-02-06T14:44:16.437
2025,Projeto de Lei,1695,"Institui e inclui no Calendário Oficial de Eventos do Distrito Federal o Dia dos Carros Antigos, também denominado Dia do Antigomobilismo.",CONSTITUIÇÃO E JUSTIÇA,clausula_da,admissivel_com_ressalva,Não apreciado(a),"III - CONCLUSÃO Ante o exposto, examinados os aspectos de constitucionalidade, juridicidade, legalidade, regimentalidade, técnica legislativa e redação, manifesto-me pela ADMISSIBILIDADE do Projeto de Lei nº 1695, de 2025, na forma do substitutivo apresentado, estando ambos em condições de prosseguir em sua tramitação para apreciação pelo Plenário desta Casa.",GAB DEP THIAGO MANZONI,333190,2026-05-13T16:00:02.39
2025,Projeto de Lei,1775,"Altera a Lei nº 3.976, de 29 de março de 2007, para incluir obrigatoriedade de oferta de alimentação adequada a  pessoas com doença celíaca e dermatite herpetiforme nos hospitais públicos e privados do Distrito Federal.",CONSTITUIÇÃO E JUSTIÇA,clausula_da,admissivel,Não apreciado(a),"XII e § 2º, 196 e 198 da Constituição; nas Leis federais nºs 8.080/1990 e 11.346/2006; no art. 71, inciso I, da Lei Orgânica do Distrito Federal; e no art. 109 da Lei Complementar distrital nº 13/1996, manifesta-se voto pela ADMISSIBILIDADE constitucional e jurídica do Projeto de Lei nº 1.775/2025 com emenda de redação anexa.",GAB DEP ROBÉRIO NEGREIROS,340990,2026-08-13T14:24:58.963
2025,Projeto de Lei,1780,"Altera a Lei nº 5.005, de 21 de dezembro de 2012, que ""instituiu as condições e os procedimentos de apuração do Imposto sobre Operações relativas à Circulação de Mercadorias e sobre Prestações de Serviços de Transporte Interestadual e Intermunicipal e de Comunicação - ICMS aos contribuintes industriais, atacadistas ou distribuidores"".",CONSTITUIÇÃO E JUSTIÇA,clausula_da,admissivel,Não apreciado(a),"III - CONCLUSÕES Diante do exposto, no âmbito desta Comissão de Constituição e Justiça, manifestamos voto pela ADMISSIBILIDADE do Projeto de Lei nº 1780/2025.",GAB DEP IOLANDO,303807,2025-06-23T14:09:22.903
2025,Projeto de Lei,1789,Institui  e inclui no Calendário Oficial de Eventos do Distrito Federal o evento Brasília Auto Indoor a ser celebrado no mês de agosto de cada ano.,CONSTITUIÇÃO E JUSTIÇA,clausula_da,admissivel_com_ressalva,Não apreciado(a),"III - CONCLUSÃO Diante do exposto, manifestamos voto pela ADMISSIBILIDADE do Projeto de Lei nº 1.789/2025, no âmbito da Comissão de Constituição e Justiça, na forma do substitutivo anexo.",GAB DEP FÁBIO FÉLIX,314898,2025-10-23T14:57:53.093
2025,Projeto de Lei,1819,"Garante a proteção do nome, da imagem e da honra de mulheres vítimas de violência doméstica e de feminicídio, no âmbito do Distrito Federal.",CONSTITUIÇÃO E JUSTIÇA,clausula_da,admissivel,Aprovado(a),"819/2025 não invade competência privativa da União ou do Poder Executivo, e que trata de medidas administrativas e de proteção social compatíveis com a competência legislativa e suplementar do Distrito Federal, o voto é pela ADMISSIBILIDADE no âmbito da Comissão de Constituição e Justiça, com a Emenda Modificativa acrescentada pelo relator por sugestão do Presidente da CCJ.",GAB DEP CHICO VIGILANTE,319849,2025-11-25T12:20:58.597
2025,Projeto de Lei,1819,"Garante a proteção do nome, da imagem e da honra de mulheres vítimas de violência doméstica e de feminicídio, no âmbito do Distrito Federal.",CONSTITUIÇÃO E JUSTIÇA,clausula_da,admissivel,Não apreciado(a),"819/2025 não invade competência privativa da União ou do Poder Executivo, e que trata de medidas administrativas e de proteção social compatíveis com a competência legislativa e suplementar do Distrito Federal, o voto é pela ADMISSIBILIDADE no âmbito da Comissão de Constituição e Justiça.",GAB DEP CHICO VIGILANTE,315992,2025-10-30T10:51:16.413
2025,Projeto de Lei,1864,"Dispõe sobre as restrições à confecção, distribuição e comercialização de peças de uniformes, distintivos ou insígnias da Polícia Civil, Polícia Militar, Corpo de Bombeiros Militar, Departamento de Trânsito e Polícia Penal do Distrito Federal, e dá outras providências.",CCJ,sigla_cabecalho,admissivel,Não apreciado(a),"III- CONCLUSÃO Por esses motivos, com fundamento nos arts. 30, I, e 32, § 1º da Constituição Federal; e no arts. 71, II, e 100 da Lei Orgânica do Distrito Federal, nosso voto é pela ADMISSIBILIDADE do Projeto de Lei nº 1.864/2025.",GAB DEP ROBÉRIO NEGREIROS,333638,2026-05-20T14:39:40.29
2025,Projeto de Lei,1894,"Autoriza o Poder Executivo a proceder à alienação, por venda, dos imóveis que especifica, pertencentes ao patrimônio do Distrito Federal, e dá outras providências.",CONSTITUIÇÃO E JUSTIÇA,clausula_da,admissivel,Aprovado(a),"III - CONCLUSÕES Diante do exposto, no âmbito desta Comissão de Constituição e Justiça, manifestamos voto pela ADMISSIBILIDADE do Projeto de Lei nº 1894, de 2025.",GAB DEP IOLANDO,312127,2025-09-23T11:03:48.743
2025,Projeto de Lei,1910,"Inclui no Calendário Oficial de eventos do Distrito Federal o dia de Portugal, de Camões e das Comunidades Portuguesas no Distrito Federal",CONSTITUIÇÃO E JUSTIÇA,clausula_da,admissivel,Não apreciado(a),", juridicidade, legalidade, regimentalidade, técnica legislativa e redação, e considerando que a Emenda Modificativa nº 1 aperfeiçoa a proposição original ao sanar a ambiguidade quanto à data da celebração, manifesto-me pela ADMISSIBILIDADE do Projeto de Lei nº 1910, de 2025, e da Emenda Modificativa nº 1, da CEC, ambos em condições de prosseguirem em sua tramitação para apreciação do mérito pelo Plenário desta Casa.",GAB DEP THIAGO MANZONI,333187,2026-05-13T14:46:20.667
2025,Projeto de Lei Complementar,67,"Altera a Lei Complementar nº 948, de 16 de janeiro de 2019, que ""aprova a Lei de Uso e Ocupação do Solo do Distrito Federal – Luos, nos termos dos arts. 316 e 318 da Lei Orgânica do Distrito Federal, e dá outras providências"", e dá outras providências.",CONSTITUIÇÃO E JUSTIÇA,clausula_da,admissivel,Aprovado(a),"III - CONCLUSÕES Diante do exposto, voto pela ADMISSIBILIDADE do Projeto de Lei Complementar nº 67/2025. Somos pela admissibilidade das emendas 01, 02, 04, 05, 06 e 08 e pela inadmissibilidade das emendas 03, 07 e 09.",GAB DEP IOLANDO,300306,2025-05-27T09:30:03.32
2025,Projeto de Lei Complementar,67,"Altera a Lei Complementar nº 948, de 16 de janeiro de 2019, que ""aprova a Lei de Uso e Ocupação do Solo do Distrito Federal – Luos, nos termos dos arts. 316 e 318 da Lei Orgânica do Distrito Federal, e dá outras providências"", e dá outras providências.",CONSTITUIÇÃO E JUSTIÇA,clausula_da,admissivel,Não apreciado(a),"III - CONCLUSÕES Diante do exposto, voto pela ADMISSIBILIDADE do Projeto de Lei Complementar nº 67/2025.",GAB DEP IOLANDO,300182,2025-05-26T16:45:14.173
2025,Projeto de Lei Complementar,71,"Altera a Lei Complementar nº 840, de 23 de dezembro de 2011, que “Dispõe sobre o regime jurídico dos servidores públicos civis do Distrito Federal, das autarquias e das fundações públicas distritais”",CONSTITUIÇÃO E JUSTIÇA,clausula_da,sem_clausula,Não apreciado(a),,GAB DEP ROBÉRIO NEGREIROS,325757,2026-02-26T15:07:39.85
2025,Projeto de Lei Complementar,78,Aprova o Plano Diretor de Ordenamento Territorial do Distrito Federal – PDOT e dá outras providências.,CONSTITUIÇÃO E JUSTIÇA,clausula_da,admissivel,Aprovado(a),"III – Voto Por todo o exposto, considerado o disposto nos Anexos I e II do presente Parecer, somos pela ADMISSIBILIDADE do Projeto de Lei Complementar nº 78, de 2025: Sendo pela ADMISSIBILIADE as seguintes emendas: 02, 03, 58, 59, 60, 62, 65, 67, 69, 73, 76, 80, 86, 90, 92, 93, 97, 101, 106, 107, 108, 113, 114, 115, 117, 118, 121,125, 131, 132, 135, 136, 137, 138, 139, 142, 14",GAB DEP ROBÉRIO NEGREIROS,319777,2025-11-24T20:29:22.22
2025,Projeto de Lei Complementar,81,"Altera a Lei Complementar nº 1.038, de 16 de julho de 2024, que ""institui o Programa de Incentivo de Regularização de Débitos Não Tributários do Distrito Federal – Refis-N e isenta o pagamento da Outorga Onerosa da Alteração de Uso - ONALT, nas formas e condições específicas, e dá outras providências"".

",CONSTITUIÇÃO E JUSTIÇA,clausula_da,admissivel,Não apreciado(a),"III – CONCLUSÃO Diante do exposto, considerando que a proposição atende aos pressupostos de constitucionalidade, legalidade, juridicidade, regimentalidade e técnica legislativa, o voto é pela ADMISSIBILIDADE do Projeto de Lei Complementar nº 81, de 2025.",GAB DEP ROBÉRIO NEGREIROS,313151,2025-10-06T15:14:48.943
2025,Projeto de Lei Complementar,81,"Altera a Lei Complementar nº 1.038, de 16 de julho de 2024, que ""institui o Programa de Incentivo de Regularização de Débitos Não Tributários do Distrito Federal – Refis-N e isenta o pagamento da Outorga Onerosa da Alteração de Uso - ONALT, nas formas e condições específicas, e dá outras providências"".

",CONSTITUIÇÃO E JUSTIÇA,clausula_da,admissivel_com_ressalva,Não apreciado(a),"III – CONCLUSÃO Diante do exposto, considerando que a proposição atende aos pressupostos de constitucionalidade, legalidade, juridicidade, regimentalidade e técnica legislativa, o voto é pela ADMISSIBILIDADE do Projeto de Lei Complementar nº 81, de 2025, na forma do Substitutivo apresentado.",GAB DEP ROBÉRIO NEGREIROS,312916,2025-10-01T16:06:49.157
2025,Projeto de Resolução,56,Dispõe sobre a formação e a capacitação dos servidores e parlamentares da Câmara Legislativa do Distrito Federal em relação aos direitos da pessoa idosa,CONSTITUIÇÃO E JUSTIÇA,clausula_da,admissivel,Não apreciado(a),"III - CONCLUSÃO Considerando todo o exposto, nosso voto é pela ADMISSIBILIDADE do Projeto de Resolução nº 56/2025, no âmbito da Comissão de Constituição e Justiça.",GAB DEP IOLANDO,316267,2025-11-03T15:15:52.063
2025,Projeto de Resolução,64,"Institui o Prêmio Isaac Roitman, destinado a reconhecer produções acadêmicas e científicas de pesquisadores e pesquisadoras cujos trabalhos tenham contribuído de forma relevante para o desenvolvimento social, cultural, científico, tecnológico ou econômico do Distrito Federal.",CONSTITUIÇÃO E JUSTIÇA,clausula_da,admissivel,Não apreciado(a),"III – CONCLUSÃO Ante o exposto, no âmbito da Comissão de Constituição e Justiça, manifestamo-nos pela ADMISSIBILIDADE do Projeto de Resolução nº 64/2025, de autoria do Deputado Rogério Morro da Cruz, que ""institui o Prêmio Isaac Roitman, destinado a reconhecer produções acadêmicas e científicas de pesquisadores e pesquisadoras cujos trabalhos tenham contribuído de forma rele",GAB DEP ROBÉRIO NEGREIROS,312707,2025-09-30T16:25:47.387
2025,Projeto de Resolução,64,"Institui o Prêmio Isaac Roitman, destinado a reconhecer produções acadêmicas e científicas de pesquisadores e pesquisadoras cujos trabalhos tenham contribuído de forma relevante para o desenvolvimento social, cultural, científico, tecnológico ou econômico do Distrito Federal.",CONSTITUIÇÃO E JUSTIÇA,clausula_da,admissivel,Não apreciado(a),"III – CONCLUSÃO Ante o exposto, no âmbito da Comissão de Constituição e Justiça, manifestamo-nos pela ADMISSIBILIDADE do Projeto de Resolução nº 64/2025, de autoria do Deputado Rogério Morro da Cruz, que ""institui o Prêmio Isaac Roitman, destinado a reconhecer produções acadêmicas e científicas de pesquisadores e pesquisadoras cujos trabalhos tenham contribuído de forma rele",GAB DEP ROBÉRIO NEGREIROS,312913,2025-10-01T15:44:14.313
2025,Proposta de Emenda à Lei Orgânica,16,Acrescenta o art. 226-A à Lei Orgânica do Distrito Federal para garantir a liberdade educacional no Distrito Federal.,CONSTITUIÇÃO E JUSTIÇA,clausula_da,admissivel,Não apreciado(a),"III - CONCLUSÕES Nesse sentido, considerando que proposição se alinha à Carta da República e à Lei Maior do Distrito Federal, e se mostra conveniente e oportuna, o nosso voto é pela Admissibilidade da Proposta de Emenda à Lei Orgânica 16/2025, com a emenda de redação em anexo.",GAB DEP IOLANDO,295068,2025-05-06T11:56:14.747
2025,Proposta de Emenda à Lei Orgânica,16,Acrescenta o art. 226-A à Lei Orgânica do Distrito Federal para garantir a liberdade educacional no Distrito Federal.,CONSTITUIÇÃO E JUSTIÇA,clausula_da,admissivel,Não apreciado(a),"III - CONCLUSÕES Nesse sentido, considerando que proposição se alinha à Carta da República e à Lei Maior do Distrito Federal, e se mostra conveniente e oportuna, o nosso voto é pela Aprovação no mérito e pela Admissibilidade da Proposta de Emenda à Lei Orgânica 16/2025, com a emenda de redação em anexo.",GAB DEP IOLANDO,307722,2025-09-02T13:07:37.817
2026,Projeto de Decreto Legislativo,431,"Susta os efeitos de ato administrativo que autoriza pagamento de verbas indenizatórias a diretores de empresas públicas do Distrito Federal após exoneração, e dá outras providências.",CONSTITUIÇÃO E JUSTIÇA,clausula_da,sem_clausula,Não apreciado(a),,GAB DEP IOLANDO,334358,2026-05-28T14:22:04.783
2026,Projeto de Lei,2363,"Altera a Lei nº 7.845, de 10 de março de 2026, que “dispõe sobre as medidas a serem adotadas pelo Distrito Federal, na condição de acionista controlador, para o restabelecimento e fortalecimento das condições econômico-financeiras do Banco de Brasília S.A. – BRB”, ratifica os termos do acordo homologado pelo Supremo Tribunal Federal na Ação Cível Originária nº 3755, autoriza o Poder Executivo do Distrito Federal a celebrar operação de crédito com o Fundo Garantidor de Créditos - FGC, prestar contragarantias e dá outras providências.",CONSTITUIÇÃO E JUSTIÇA,clausula_da,sem_clausula,Rejeitado(a),,GAB DEP CHICO VIGILANTE,335871,2026-06-09T18:59:38.52
