competencia,tipo_tabela,item,classe,padrao,campo,valor,fonte_legal,as_of
2022-04,Cargos Comissionados,CL-01,,,55% do Vencimento,"1.455,99",,2025-07-21T17:59:14.584679
2022-04,Cargos Comissionados,CL-01,,,Remuneração Integral,"4.235,62",,2025-07-21T17:59:14.584679
2022-04,Cargos Comissionados,CL-01,,,Remuneração com Efetivo,"3.044,35",,2025-07-21T17:59:14.584679
2022-04,Cargos Comissionados,CL-01,,,Representação,"1.588,36",,2025-07-21T17:59:14.584679
2022-04,Cargos Comissionados,CL-01,,,Vencimento,"2.647,26",,2025-07-21T17:59:14.584679
2022-04,Cargos Comissionados,CL-02,,,55% do Vencimento,"1.617,77",,2025-07-21T17:59:14.584679
2022-04,Cargos Comissionados,CL-02,,,Remuneração Integral,"4.706,24",,2025-07-21T17:59:14.584679
2022-04,Cargos Comissionados,CL-02,,,Remuneração com Efetivo,"3.382,61",,2025-07-21T17:59:14.584679
2022-04,Cargos Comissionados,CL-02,,,Representação,"1.764,84",,2025-07-21T17:59:14.584679
2022-04,Cargos Comissionados,CL-02,,,Vencimento,"2.941,40",,2025-07-21T17:59:14.584679
2022-04,Cargos Comissionados,CL-03,,,55% do Vencimento,"1.797,52",,2025-07-21T17:59:14.584679
2022-04,Cargos Comissionados,CL-03,,,Remuneração Integral,"5.229,15",,2025-07-21T17:59:14.584679
2022-04,Cargos Comissionados,CL-03,,,Remuneração com Efetivo,"3.758,45",,2025-07-21T17:59:14.584679
2022-04,Cargos Comissionados,CL-03,,,Representação,"1.960,93",,2025-07-21T17:59:14.584679
2022-04,Cargos Comissionados,CL-03,,,Vencimento,"3.268,22",,2025-07-21T17:59:14.584679
2022-04,Cargos Comissionados,CL-04,,,55% do Vencimento,"1.997,25",,2025-07-21T17:59:14.584679
2022-04,Cargos Comissionados,CL-04,,,Remuneração Integral,"5.810,18",,2025-07-21T17:59:14.584679
2022-04,Cargos Comissionados,CL-04,,,Remuneração com Efetivo,"4.176,06",,2025-07-21T17:59:14.584679
2022-04,Cargos Comissionados,CL-04,,,Representação,"2.178,81",,2025-07-21T17:59:14.584679
2022-04,Cargos Comissionados,CL-04,,,Vencimento,"3.631,36",,2025-07-21T17:59:14.584679
2022-04,Cargos Comissionados,CL-05,,,55% do Vencimento,"2.219,16",,2025-07-21T17:59:14.584679
2022-04,Cargos Comissionados,CL-05,,,Remuneração Integral,"6.455,77",,2025-07-21T17:59:14.584679
2022-04,Cargos Comissionados,CL-05,,,Remuneração com Efetivo,"4.640,08",,2025-07-21T17:59:14.584679
2022-04,Cargos Comissionados,CL-05,,,Representação,"2.420,91",,2025-07-21T17:59:14.584679
2022-04,Cargos Comissionados,CL-05,,,Vencimento,"4.034,86",,2025-07-21T17:59:14.584679
2022-04,Cargos Comissionados,CL-06,,,55% do Vencimento,"2.465,75",,2025-07-21T17:59:14.584679
2022-04,Cargos Comissionados,CL-06,,,Remuneração Integral,"7.173,09",,2025-07-21T17:59:14.584679
2022-04,Cargos Comissionados,CL-06,,,Remuneração com Efetivo,"5.155,66",,2025-07-21T17:59:14.584679
2022-04,Cargos Comissionados,CL-06,,,Representação,"2.689,91",,2025-07-21T17:59:14.584679
2022-04,Cargos Comissionados,CL-06,,,Vencimento,"4.483,18",,2025-07-21T17:59:14.584679
2022-04,Cargos Comissionados,CL-07,,,55% do Vencimento,"2.739,72",,2025-07-21T17:59:14.584679
2022-04,Cargos Comissionados,CL-07,,,Remuneração Integral,"7.970,11",,2025-07-21T17:59:14.584679
2022-04,Cargos Comissionados,CL-07,,,Remuneração com Efetivo,"5.728,50",,2025-07-21T17:59:14.584679
2022-04,Cargos Comissionados,CL-07,,,Representação,"2.988,79",,2025-07-21T17:59:14.584679
2022-04,Cargos Comissionados,CL-07,,,Vencimento,"4.981,32",,2025-07-21T17:59:14.584679
2022-04,Cargos Comissionados,CL-08,,,55% do Vencimento,"3.044,14",,2025-07-21T17:59:14.584679
2022-04,Cargos Comissionados,CL-08,,,Remuneração Integral,"8.855,68",,2025-07-21T17:59:14.584679
2022-04,Cargos Comissionados,CL-08,,,Remuneração com Efetivo,"6.365,02",,2025-07-21T17:59:14.584679
2022-04,Cargos Comissionados,CL-08,,,Representação,"3.320,88",,2025-07-21T17:59:14.584679
2022-04,Cargos Comissionados,CL-08,,,Vencimento,"5.534,80",,2025-07-21T17:59:14.584679
2022-04,Cargos Comissionados,CL-09,,,55% do Vencimento,"3.382,38",,2025-07-21T17:59:14.584679
2022-04,Cargos Comissionados,CL-09,,,Remuneração Integral,"9.839,67",,2025-07-21T17:59:14.584679
2022-04,Cargos Comissionados,CL-09,,,Remuneração com Efetivo,"7.072,25",,2025-07-21T17:59:14.584679
2022-04,Cargos Comissionados,CL-09,,,Representação,"3.689,87",,2025-07-21T17:59:14.584679
2022-04,Cargos Comissionados,CL-09,,,Vencimento,"6.149,79",,2025-07-21T17:59:14.584679
2022-04,Cargos Comissionados,CL-10,,,55% do Vencimento,"3.758,21",,2025-07-21T17:59:14.584679
2022-04,Cargos Comissionados,CL-10,,,Remuneração Integral,"10.932,98",,2025-07-21T17:59:14.584679
2022-04,Cargos Comissionados,CL-10,,,Remuneração com Efetivo,"7.858,07",,2025-07-21T17:59:14.584679
2022-04,Cargos Comissionados,CL-10,,,Representação,"4.099,87",,2025-07-21T17:59:14.584679
2022-04,Cargos Comissionados,CL-10,,,Vencimento,"6.833,11",,2025-07-21T17:59:14.584679
2022-04,Cargos Comissionados,CL-11,,,55% do Vencimento,"4.175,79",,2025-07-21T17:59:14.584679
2022-04,Cargos Comissionados,CL-11,,,Remuneração Integral,"12.147,76",,2025-07-21T17:59:14.584679
2022-04,Cargos Comissionados,CL-11,,,Remuneração com Efetivo,"8.731,20",,2025-07-21T17:59:14.584679
2022-04,Cargos Comissionados,CL-11,,,Representação,"4.555,41",,2025-07-21T17:59:14.584679
2022-04,Cargos Comissionados,CL-11,,,Vencimento,"7.592,35",,2025-07-21T17:59:14.584679
2022-04,Cargos Comissionados,CL-12,,,55% do Vencimento,"4.639,77",,2025-07-21T17:59:14.584679
2022-04,Cargos Comissionados,CL-12,,,Remuneração Integral,"13.497,53",,2025-07-21T17:59:14.584679
2022-04,Cargos Comissionados,CL-12,,,Remuneração com Efetivo,"9.701,34",,2025-07-21T17:59:14.584679
2022-04,Cargos Comissionados,CL-12,,,Representação,"5.061,57",,2025-07-21T17:59:14.584679
2022-04,Cargos Comissionados,CL-12,,,Vencimento,"8.435,96",,2025-07-21T17:59:14.584679
2022-04,Cargos Comissionados,CL-13,,,55% do Vencimento,"5.155,30",,2025-07-21T17:59:14.584679
2022-04,Cargos Comissionados,CL-13,,,Remuneração Integral,"14.997,26",,2025-07-21T17:59:14.584679
2022-04,Cargos Comissionados,CL-13,,,Remuneração com Efetivo,"10.779,27",,2025-07-21T17:59:14.584679
2022-04,Cargos Comissionados,CL-13,,,Representação,"5.623,97",,2025-07-21T17:59:14.584679
2022-04,Cargos Comissionados,CL-13,,,Vencimento,"9.373,29",,2025-07-21T17:59:14.584679
2022-04,Cargos Comissionados,CL-14,,,55% do Vencimento,"5.728,12",,2025-07-21T17:59:14.584679
2022-04,Cargos Comissionados,CL-14,,,Remuneração Integral,"16.663,63",,2025-07-21T17:59:14.584679
2022-04,Cargos Comissionados,CL-14,,,Remuneração com Efetivo,"11.976,98",,2025-07-21T17:59:14.584679
2022-04,Cargos Comissionados,CL-14,,,Representação,"6.248,86",,2025-07-21T17:59:14.584679
2022-04,Cargos Comissionados,CL-14,,,Vencimento,"10.414,77",,2025-07-21T17:59:14.584679
2022-04,Cargos Comissionados,CL-15,,,55% do Vencimento,"6.364,58",,2025-07-21T17:59:14.584679
2022-04,Cargos Comissionados,CL-15,,,Remuneração Integral,"18.515,17",,2025-07-21T17:59:14.584679
2022-04,Cargos Comissionados,CL-15,,,Remuneração com Efetivo,"13.307,77",,2025-07-21T17:59:14.584679
2022-04,Cargos Comissionados,CL-15,,,Representação,"6.943,19",,2025-07-21T17:59:14.584679
2022-04,Cargos Comissionados,CL-15,,,Vencimento,"11.571,98",,2025-07-21T17:59:14.584679
2022-04,Cargos Comissionados,CNE-01,,,55% do Vencimento,"7.472,42",,2025-07-21T17:59:14.584679
2022-04,Cargos Comissionados,CNE-01,,,Remuneração Integral,"21.737,95",,2025-07-21T17:59:14.584679
2022-04,Cargos Comissionados,CNE-01,,,Remuneração com Efetivo,"15.624,15",,2025-07-21T17:59:14.584679
2022-04,Cargos Comissionados,CNE-01,,,Representação,"8.151,73",,2025-07-21T17:59:14.584679
2022-04,Cargos Comissionados,CNE-01,,,Vencimento,"13.586,22",,2025-07-21T17:59:14.584679
2022-04,Cargos Comissionados,CNE-02,,,55% do Vencimento,"7.970,56",,2025-07-21T17:59:14.584679
2022-04,Cargos Comissionados,CNE-02,,,Remuneração Integral,"23.187,10",,2025-07-21T17:59:14.584679
2022-04,Cargos Comissionados,CNE-02,,,Remuneração com Efetivo,"16.665,72",,2025-07-21T17:59:14.584679
2022-04,Cargos Comissionados,CNE-02,,,Representação,"8.695,16",,2025-07-21T17:59:14.584679
2022-04,Cargos Comissionados,CNE-02,,,Vencimento,"14.491,94",,2025-07-21T17:59:14.584679
2022-04,Cargos Comissionados,SP-01,,,55% do Vencimento,"417,43",,2025-07-21T17:59:14.584679
2022-04,Cargos Comissionados,SP-01,,,Remuneração Integral,"1.214,35",,2025-07-21T17:59:14.584679
2022-04,Cargos Comissionados,SP-01,,,Remuneração com Efetivo,"872,81",,2025-07-21T17:59:14.584679
2022-04,Cargos Comissionados,SP-01,,,Representação,"455,38",,2025-07-21T17:59:14.584679
2022-04,Cargos Comissionados,SP-01,,,Vencimento,"758,97",,2025-07-21T17:59:14.584679
2022-04,Cargos Comissionados,SP-02,,,55% do Vencimento,"521,83",,2025-07-21T17:59:14.584679
2022-04,Cargos Comissionados,SP-02,,,Remuneração Integral,"1.518,04",,2025-07-21T17:59:14.584679
2022-04,Cargos Comissionados,SP-02,,,Remuneração com Efetivo,"1.091,09",,2025-07-21T17:59:14.584679
2022-04,Cargos Comissionados,SP-02,,,Representação,"569,26",,2025-07-21T17:59:14.584679
2022-04,Cargos Comissionados,SP-02,,,Vencimento,"948,78",,2025-07-21T17:59:14.584679
2022-04,Cargos Comissionados,SP-03,,,55% do Vencimento,"652,28",,2025-07-21T17:59:14.584679
2022-04,Cargos Comissionados,SP-03,,,Remuneração Integral,"1.897,56",,2025-07-21T17:59:14.584679
2022-04,Cargos Comissionados,SP-03,,,Remuneração com Efetivo,"1.363,86",,2025-07-21T17:59:14.584679
2022-04,Cargos Comissionados,SP-03,,,Representação,"711,58",,2025-07-21T17:59:14.584679
2022-04,Cargos Comissionados,SP-03,,,Vencimento,"1.185,98",,2025-07-21T17:59:14.584679
2022-04,Cargos Comissionados,SP-04,,,55% do Vencimento,"815,34",,2025-07-21T17:59:14.584679
2022-04,Cargos Comissionados,SP-04,,,Remuneração Integral,"2.371,93",,2025-07-21T17:59:14.584679
2022-04,Cargos Comissionados,SP-04,,,Remuneração com Efetivo,"1.704,81",,2025-07-21T17:59:14.584679
2022-04,Cargos Comissionados,SP-04,,,Representação,"889,47",,2025-07-21T17:59:14.584679
2022-04,Cargos Comissionados,SP-04,,,Vencimento,"1.482,46",,2025-07-21T17:59:14.584679
2022-04,Cargos Comissionados,SP-05,,,55% do Vencimento,"1.019,18",,2025-07-21T17:59:14.584679
2022-04,Cargos Comissionados,SP-05,,,Remuneração Integral,"2.964,90",,2025-07-21T17:59:14.584679
2022-04,Cargos Comissionados,SP-05,,,Remuneração com Efetivo,"2.131,02",,2025-07-21T17:59:14.584679
2022-04,Cargos Comissionados,SP-05,,,Representação,"1.111,84",,2025-07-21T17:59:14.584679
2022-04,Cargos Comissionados,SP-05,,,Vencimento,"1.853,06",,2025-07-21T17:59:14.584679
2022-04,Cargos Efetivos,Assistente Legislativo,A,16,Classe,A,,2025-07-21T18:00:31.106903
2022-04,Cargos Efetivos,Assistente Legislativo,A,17,Classe,A,,2025-07-21T18:00:31.106903
2022-04,Cargos Efetivos,Assistente Legislativo,A,18,Classe,A,,2025-07-21T18:00:31.106903
2022-04,Cargos Efetivos,Assistente Legislativo,A,19,Classe,A,,2025-07-21T18:00:31.106903
2022-04,Cargos Efetivos,Assistente Legislativo,A,20,Classe,A,,2025-07-21T18:00:31.106903
2022-04,Cargos Efetivos,Assistente Legislativo,A,21,Classe,A,,2025-07-21T18:00:31.106903
2022-04,Cargos Efetivos,Assistente Legislativo,B,22,Classe,B,,2025-07-21T18:00:31.106903
2022-04,Cargos Efetivos,Assistente Legislativo,B,23,Classe,B,,2025-07-21T18:00:31.106903
2022-04,Cargos Efetivos,Assistente Legislativo,B,24,Classe,B,,2025-07-21T18:00:31.106903
2022-04,Cargos Efetivos,Assistente Legislativo,B,25,Classe,B,,2025-07-21T18:00:31.106903
2022-04,Cargos Efetivos,Assistente Legislativo,B,26,Classe,B,,2025-07-21T18:00:31.106903
2022-04,Cargos Efetivos,Assistente Legislativo,B,27,Classe,B,,2025-07-21T18:00:31.106903
2022-04,Cargos Efetivos,Assistente Legislativo,C,28,Classe,C,,2025-07-21T18:00:31.106903
2022-04,Cargos Efetivos,Assistente Legislativo,C,29,Classe,C,,2025-07-21T18:00:31.106903
2022-04,Cargos Efetivos,Assistente Legislativo,C,30,Classe,C,,2025-07-21T18:00:31.106903
2022-04,Cargos Efetivos,Assistente Legislativo,C,31,Classe,C,,2025-07-21T18:00:31.106903
2022-04,Cargos Efetivos,Assistente Legislativo,C,32,Classe,C,,2025-07-21T18:00:31.106903
2022-04,Cargos Efetivos,Assistente Legislativo,C,33,Classe,C,,2025-07-21T18:00:31.106903
2022-04,Cargos Efetivos,Assistente Legislativo,ESPECIAL,34-E,Classe,ESPECIAL,,2025-07-21T18:00:31.106903
2022-04,Cargos Efetivos,Assistente Legislativo,ESPECIAL,35-E,Classe,ESPECIAL,,2025-07-21T18:00:31.106903
2022-04,Cargos Efetivos,Assistente Legislativo,ESPECIAL,36-E,Classe,ESPECIAL,,2025-07-21T18:00:31.106903
2022-04,Cargos Efetivos,Assistente Legislativo,ESPECIAL,37-E,Classe,ESPECIAL,,2025-07-21T18:00:31.106903
2022-04,Cargos Efetivos,Assistente Legislativo,ESPECIAL,38-E,Classe,ESPECIAL,,2025-07-21T18:00:31.106903
2022-04,Cargos Efetivos,Assistente Legislativo,ESPECIAL,39-E,Classe,ESPECIAL,,2025-07-21T18:00:31.106903
2022-04,Cargos Efetivos,Assistente Legislativo,A,16,GAL,"240,3",,2025-07-21T18:00:31.106903
2022-04,Cargos Efetivos,Assistente Legislativo,A,17,GAL,"246,3",,2025-07-21T18:00:31.106903
2022-04,Cargos Efetivos,Assistente Legislativo,A,18,GAL,"252,46",,2025-07-21T18:00:31.106903
2022-04,Cargos Efetivos,Assistente Legislativo,A,19,GAL,"258,78",,2025-07-21T18:00:31.106903
2022-04,Cargos Efetivos,Assistente Legislativo,A,20,GAL,"265,24",,2025-07-21T18:00:31.106903
2022-04,Cargos Efetivos,Assistente Legislativo,A,21,GAL,"271,88",,2025-07-21T18:00:31.106903
2022-04,Cargos Efetivos,Assistente Legislativo,B,22,GAL,"282,74",,2025-07-21T18:00:31.106903
2022-04,Cargos Efetivos,Assistente Legislativo,B,23,GAL,"289,82",,2025-07-21T18:00:31.106903
2022-04,Cargos Efetivos,Assistente Legislativo,B,24,GAL,"297,07",,2025-07-21T18:00:31.106903
2022-04,Cargos Efetivos,Assistente Legislativo,B,25,GAL,"304,49",,2025-07-21T18:00:31.106903
2022-04,Cargos Efetivos,Assistente Legislativo,B,26,GAL,"312,1",,2025-07-21T18:00:31.106903
2022-04,Cargos Efetivos,Assistente Legislativo,B,27,GAL,"319,9",,2025-07-21T18:00:31.106903
2022-04,Cargos Efetivos,Assistente Legislativo,C,28,GAL,"332,7",,2025-07-21T18:00:31.106903
2022-04,Cargos Efetivos,Assistente Legislativo,C,29,GAL,"341,01",,2025-07-21T18:00:31.106903
2022-04,Cargos Efetivos,Assistente Legislativo,C,30,GAL,"349,55",,2025-07-21T18:00:31.106903
2022-04,Cargos Efetivos,Assistente Legislativo,C,31,GAL,"358,28",,2025-07-21T18:00:31.106903
2022-04,Cargos Efetivos,Assistente Legislativo,C,32,GAL,"367,24",,2025-07-21T18:00:31.106903
2022-04,Cargos Efetivos,Assistente Legislativo,C,33,GAL,"376,42",,2025-07-21T18:00:31.106903
2022-04,Cargos Efetivos,Assistente Legislativo,ESPECIAL,34-E,GAL,"391,48",,2025-07-21T18:00:31.106903
2022-04,Cargos Efetivos,Assistente Legislativo,ESPECIAL,35-E,GAL,"401,26",,2025-07-21T18:00:31.106903
2022-04,Cargos Efetivos,Assistente Legislativo,ESPECIAL,36-E,GAL,"411,29",,2025-07-21T18:00:31.106903
2022-04,Cargos Efetivos,Assistente Legislativo,ESPECIAL,37-E,GAL,"421,58",,2025-07-21T18:00:31.106903
2022-04,Cargos Efetivos,Assistente Legislativo,ESPECIAL,38-E,GAL,"432,11",,2025-07-21T18:00:31.106903
2022-04,Cargos Efetivos,Assistente Legislativo,ESPECIAL,39-E,GAL,"442,92",,2025-07-21T18:00:31.106903
2022-04,Cargos Efetivos,Assistente Legislativo,A,16,Padrao,16,,2025-07-21T18:00:31.106903
2022-04,Cargos Efetivos,Assistente Legislativo,A,17,Padrao,17,,2025-07-21T18:00:31.106903
2022-04,Cargos Efetivos,Assistente Legislativo,A,18,Padrao,18,,2025-07-21T18:00:31.106903
2022-04,Cargos Efetivos,Assistente Legislativo,A,19,Padrao,19,,2025-07-21T18:00:31.106903
2022-04,Cargos Efetivos,Assistente Legislativo,A,20,Padrao,20,,2025-07-21T18:00:31.106903
2022-04,Cargos Efetivos,Assistente Legislativo,A,21,Padrao,21,,2025-07-21T18:00:31.106903
2022-04,Cargos Efetivos,Assistente Legislativo,B,22,Padrao,22,,2025-07-21T18:00:31.106903
2022-04,Cargos Efetivos,Assistente Legislativo,B,23,Padrao,23,,2025-07-21T18:00:31.106903
2022-04,Cargos Efetivos,Assistente Legislativo,B,24,Padrao,24,,2025-07-21T18:00:31.106903
2022-04,Cargos Efetivos,Assistente Legislativo,B,25,Padrao,25,,2025-07-21T18:00:31.106903
2022-04,Cargos Efetivos,Assistente Legislativo,B,26,Padrao,26,,2025-07-21T18:00:31.106903
2022-04,Cargos Efetivos,Assistente Legislativo,B,27,Padrao,27,,2025-07-21T18:00:31.106903
2022-04,Cargos Efetivos,Assistente Legislativo,C,28,Padrao,28,,2025-07-21T18:00:31.106903
2022-04,Cargos Efetivos,Assistente Legislativo,C,29,Padrao,29,,2025-07-21T18:00:31.106903
2022-04,Cargos Efetivos,Assistente Legislativo,C,30,Padrao,30,,2025-07-21T18:00:31.106903
2022-04,Cargos Efetivos,Assistente Legislativo,C,31,Padrao,31,,2025-07-21T18:00:31.106903
2022-04,Cargos Efetivos,Assistente Legislativo,C,32,Padrao,32,,2025-07-21T18:00:31.106903
2022-04,Cargos Efetivos,Assistente Legislativo,C,33,Padrao,33,,2025-07-21T18:00:31.106903
2022-04,Cargos Efetivos,Assistente Legislativo,ESPECIAL,34-E,Padrao,34-E,,2025-07-21T18:00:31.106903
2022-04,Cargos Efetivos,Assistente Legislativo,ESPECIAL,35-E,Padrao,35-E,,2025-07-21T18:00:31.106903
2022-04,Cargos Efetivos,Assistente Legislativo,ESPECIAL,36-E,Padrao,36-E,,2025-07-21T18:00:31.106903
2022-04,Cargos Efetivos,Assistente Legislativo,ESPECIAL,37-E,Padrao,37-E,,2025-07-21T18:00:31.106903
2022-04,Cargos Efetivos,Assistente Legislativo,ESPECIAL,38-E,Padrao,38-E,,2025-07-21T18:00:31.106903
2022-04,Cargos Efetivos,Assistente Legislativo,ESPECIAL,39-E,Padrao,39-E,,2025-07-21T18:00:31.106903
2022-04,Cargos Efetivos,Assistente Legislativo,A,16,Total,"8.250,17",,2025-07-21T18:00:31.106903
2022-04,Cargos Efetivos,Assistente Legislativo,A,17,Total,"8.456,42",,2025-07-21T18:00:31.106903
2022-04,Cargos Efetivos,Assistente Legislativo,A,18,Total,"8.667,82",,2025-07-21T18:00:31.106903
2022-04,Cargos Efetivos,Assistente Legislativo,A,19,Total,"8.884,52",,2025-07-21T18:00:31.106903
2022-04,Cargos Efetivos,Assistente Legislativo,A,20,Total,"9.106,64",,2025-07-21T18:00:31.106903
2022-04,Cargos Efetivos,Assistente Legislativo,A,21,Total,"9.334,30",,2025-07-21T18:00:31.106903
2022-04,Cargos Efetivos,Assistente Legislativo,B,22,Total,"9.707,67",,2025-07-21T18:00:31.106903
2022-04,Cargos Efetivos,Assistente Legislativo,B,23,Total,"9.950,36",,2025-07-21T18:00:31.106903
2022-04,Cargos Efetivos,Assistente Legislativo,B,24,Total,"10.199,12",,2025-07-21T18:00:31.106903
2022-04,Cargos Efetivos,Assistente Legislativo,B,25,Total,"10.454,10",,2025-07-21T18:00:31.106903
2022-04,Cargos Efetivos,Assistente Legislativo,B,26,Total,"10.715,45",,2025-07-21T18:00:31.106903
2022-04,Cargos Efetivos,Assistente Legislativo,B,27,Total,"10.983,34",,2025-07-21T18:00:31.106903
2022-04,Cargos Efetivos,Assistente Legislativo,C,28,Total,"11.422,66",,2025-07-21T18:00:31.106903
2022-04,Cargos Efetivos,Assistente Legislativo,C,29,Total,"11.708,22",,2025-07-21T18:00:31.106903
2022-04,Cargos Efetivos,Assistente Legislativo,C,30,Total,"12.000,95",,2025-07-21T18:00:31.106903
2022-04,Cargos Efetivos,Assistente Legislativo,C,31,Total,"12.300,96",,2025-07-21T18:00:31.106903
2022-04,Cargos Efetivos,Assistente Legislativo,C,32,Total,"12.608,48",,2025-07-21T18:00:31.106903
2022-04,Cargos Efetivos,Assistente Legislativo,C,33,Total,"12.923,69",,2025-07-21T18:00:31.106903
2022-04,Cargos Efetivos,Assistente Legislativo,ESPECIAL,34-E,Total,"13.440,64",,2025-07-21T18:00:31.106903
2022-04,Cargos Efetivos,Assistente Legislativo,ESPECIAL,35-E,Total,"13.776,64",,2025-07-21T18:00:31.106903
2022-04,Cargos Efetivos,Assistente Legislativo,ESPECIAL,36-E,Total,"14.121,06",,2025-07-21T18:00:31.106903
2022-04,Cargos Efetivos,Assistente Legislativo,ESPECIAL,37-E,Total,"14.474,10",,2025-07-21T18:00:31.106903
2022-04,Cargos Efetivos,Assistente Legislativo,ESPECIAL,38-E,Total,"14.835,95",,2025-07-21T18:00:31.106903
2022-04,Cargos Efetivos,Assistente Legislativo,ESPECIAL,39-E,Total,"15.206,85",,2025-07-21T18:00:31.106903
2022-04,Cargos Efetivos,Assistente Legislativo,A,16,Vencimento,"8.009,87",,2025-07-21T18:00:31.106903
2022-04,Cargos Efetivos,Assistente Legislativo,A,17,Vencimento,"8.210,11",,2025-07-21T18:00:31.106903
2022-04,Cargos Efetivos,Assistente Legislativo,A,18,Vencimento,"8.415,36",,2025-07-21T18:00:31.106903
2022-04,Cargos Efetivos,Assistente Legislativo,A,19,Vencimento,"8.625,75",,2025-07-21T18:00:31.106903
2022-04,Cargos Efetivos,Assistente Legislativo,A,20,Vencimento,"8.841,39",,2025-07-21T18:00:31.106903
2022-04,Cargos Efetivos,Assistente Legislativo,A,21,Vencimento,"9.062,43",,2025-07-21T18:00:31.106903
2022-04,Cargos Efetivos,Assistente Legislativo,B,22,Vencimento,"9.424,92",,2025-07-21T18:00:31.106903
2022-04,Cargos Efetivos,Assistente Legislativo,B,23,Vencimento,"9.660,54",,2025-07-21T18:00:31.106903
2022-04,Cargos Efetivos,Assistente Legislativo,B,24,Vencimento,"9.902,06",,2025-07-21T18:00:31.106903
2022-04,Cargos Efetivos,Assistente Legislativo,B,25,Vencimento,"10.149,61",,2025-07-21T18:00:31.106903
2022-04,Cargos Efetivos,Assistente Legislativo,B,26,Vencimento,"10.403,35",,2025-07-21T18:00:31.106903
2022-04,Cargos Efetivos,Assistente Legislativo,B,27,Vencimento,"10.663,43",,2025-07-21T18:00:31.106903
2022-04,Cargos Efetivos,Assistente Legislativo,C,28,Vencimento,"11.089,97",,2025-07-21T18:00:31.106903
2022-04,Cargos Efetivos,Assistente Legislativo,C,29,Vencimento,"11.367,21",,2025-07-21T18:00:31.106903
2022-04,Cargos Efetivos,Assistente Legislativo,C,30,Vencimento,"11.651,40",,2025-07-21T18:00:31.106903
2022-04,Cargos Efetivos,Assistente Legislativo,C,31,Vencimento,"11.942,68",,2025-07-21T18:00:31.106903
2022-04,Cargos Efetivos,Assistente Legislativo,C,32,Vencimento,"12.241,24",,2025-07-21T18:00:31.106903
2022-04,Cargos Efetivos,Assistente Legislativo,C,33,Vencimento,"12.547,27",,2025-07-21T18:00:31.106903
2022-04,Cargos Efetivos,Assistente Legislativo,ESPECIAL,34-E,Vencimento,"13.049,16",,2025-07-21T18:00:31.106903
2022-04,Cargos Efetivos,Assistente Legislativo,ESPECIAL,35-E,Vencimento,"13.375,38",,2025-07-21T18:00:31.106903
2022-04,Cargos Efetivos,Assistente Legislativo,ESPECIAL,36-E,Vencimento,"13.709,77",,2025-07-21T18:00:31.106903
2022-04,Cargos Efetivos,Assistente Legislativo,ESPECIAL,37-E,Vencimento,"14.052,52",,2025-07-21T18:00:31.106903
2022-04,Cargos Efetivos,Assistente Legislativo,ESPECIAL,38-E,Vencimento,"14.403,84",,2025-07-21T18:00:31.106903
2022-04,Cargos Efetivos,Assistente Legislativo,ESPECIAL,39-E,Vencimento,"14.763,94",,2025-07-21T18:00:31.106903
2022-04,Cargos Efetivos,Auxiliar Legislativo,B,10,Classe,B,,2025-07-21T18:00:31.106903
2022-04,Cargos Efetivos,Auxiliar Legislativo,B,11,Classe,B,,2025-07-21T18:00:31.106903
2022-04,Cargos Efetivos,Auxiliar Legislativo,B,12,Classe,B,,2025-07-21T18:00:31.106903
2022-04,Cargos Efetivos,Auxiliar Legislativo,C,13,Classe,C,,2025-07-21T18:00:31.106903
2022-04,Cargos Efetivos,Auxiliar Legislativo,C,14,Classe,C,,2025-07-21T18:00:31.106903
2022-04,Cargos Efetivos,Auxiliar Legislativo,C,15,Classe,C,,2025-07-21T18:00:31.106903
2022-04,Cargos Efetivos,Auxiliar Legislativo,C,16,Classe,C,,2025-07-21T18:00:31.106903
2022-04,Cargos Efetivos,Auxiliar Legislativo,C,17,Classe,C,,2025-07-21T18:00:31.106903
2022-04,Cargos Efetivos,Auxiliar Legislativo,C,18,Classe,C,,2025-07-21T18:00:31.106903
2022-04,Cargos Efetivos,Auxiliar Legislativo,ESPECIAL,19-E,Classe,ESPECIAL,,2025-07-21T18:00:31.106903
2022-04,Cargos Efetivos,Auxiliar Legislativo,A,1,Classe,A,,2025-07-21T18:00:31.106903
2022-04,Cargos Efetivos,Auxiliar Legislativo,ESPECIAL,20-E,Classe,ESPECIAL,,2025-07-21T18:00:31.106903
2022-04,Cargos Efetivos,Auxiliar Legislativo,ESPECIAL,21-E,Classe,ESPECIAL,,2025-07-21T18:00:31.106903
2022-04,Cargos Efetivos,Auxiliar Legislativo,ESPECIAL,22-E,Classe,ESPECIAL,,2025-07-21T18:00:31.106903
2022-04,Cargos Efetivos,Auxiliar Legislativo,ESPECIAL,23-E,Classe,ESPECIAL,,2025-07-21T18:00:31.106903
2022-04,Cargos Efetivos,Auxiliar Legislativo,ESPECIAL,24-E,Classe,ESPECIAL,,2025-07-21T18:00:31.106903
2022-04,Cargos Efetivos,Auxiliar Legislativo,A,2,Classe,A,,2025-07-21T18:00:31.106903
2022-04,Cargos Efetivos,Auxiliar Legislativo,A,3,Classe,A,,2025-07-21T18:00:31.106903
2022-04,Cargos Efetivos,Auxiliar Legislativo,A,4,Classe,A,,2025-07-21T18:00:31.106903
2022-04,Cargos Efetivos,Auxiliar Legislativo,A,5,Classe,A,,2025-07-21T18:00:31.106903
2022-04,Cargos Efetivos,Auxiliar Legislativo,A,6,Classe,A,,2025-07-21T18:00:31.106903
2022-04,Cargos Efetivos,Auxiliar Legislativo,B,7,Classe,B,,2025-07-21T18:00:31.106903
2022-04,Cargos Efetivos,Auxiliar Legislativo,B,8,Classe,B,,2025-07-21T18:00:31.106903
2022-04,Cargos Efetivos,Auxiliar Legislativo,B,9,Classe,B,,2025-07-21T18:00:31.106903
2022-04,Cargos Efetivos,Auxiliar Legislativo,B,10,GAL,"204,22",,2025-07-21T18:00:31.106903
2022-04,Cargos Efetivos,Auxiliar Legislativo,B,11,GAL,"209,32",,2025-07-21T18:00:31.106903
2022-04,Cargos Efetivos,Auxiliar Legislativo,B,12,GAL,"214,56",,2025-07-21T18:00:31.106903
2022-04,Cargos Efetivos,Auxiliar Legislativo,C,13,GAL,"223,14",,2025-07-21T18:00:31.106903
2022-04,Cargos Efetivos,Auxiliar Legislativo,C,14,GAL,"228,71",,2025-07-21T18:00:31.106903
2022-04,Cargos Efetivos,Auxiliar Legislativo,C,15,GAL,"234,43",,2025-07-21T18:00:31.106903
2022-04,Cargos Efetivos,Auxiliar Legislativo,C,16,GAL,"240,3",,2025-07-21T18:00:31.106903
2022-04,Cargos Efetivos,Auxiliar Legislativo,C,17,GAL,"246,3",,2025-07-21T18:00:31.106903
2022-04,Cargos Efetivos,Auxiliar Legislativo,C,18,GAL,"252,46",,2025-07-21T18:00:31.106903
2022-04,Cargos Efetivos,Auxiliar Legislativo,ESPECIAL,19-E,GAL,"262,56",,2025-07-21T18:00:31.106903
2022-04,Cargos Efetivos,Auxiliar Legislativo,A,1,GAL,"161,16",,2025-07-21T18:00:31.106903
2022-04,Cargos Efetivos,Auxiliar Legislativo,ESPECIAL,20-E,GAL,"269,13",,2025-07-21T18:00:31.106903
2022-04,Cargos Efetivos,Auxiliar Legislativo,ESPECIAL,21-E,GAL,"275,85",,2025-07-21T18:00:31.106903
2022-04,Cargos Efetivos,Auxiliar Legislativo,ESPECIAL,22-E,GAL,"282,74",,2025-07-21T18:00:31.106903
2022-04,Cargos Efetivos,Auxiliar Legislativo,ESPECIAL,23-E,GAL,"289,82",,2025-07-21T18:00:31.106903
2022-04,Cargos Efetivos,Auxiliar Legislativo,ESPECIAL,24-E,GAL,"297,07",,2025-07-21T18:00:31.106903
2022-04,Cargos Efetivos,Auxiliar Legislativo,A,2,GAL,"165,2",,2025-07-21T18:00:31.106903
2022-04,Cargos Efetivos,Auxiliar Legislativo,A,3,GAL,"169,32",,2025-07-21T18:00:31.106903
2022-04,Cargos Efetivos,Auxiliar Legislativo,A,4,GAL,"173,56",,2025-07-21T18:00:31.106903
2022-04,Cargos Efetivos,Auxiliar Legislativo,A,5,GAL,"177,89",,2025-07-21T18:00:31.106903
2022-04,Cargos Efetivos,Auxiliar Legislativo,A,6,GAL,"182,35",,2025-07-21T18:00:31.106903
2022-04,Cargos Efetivos,Auxiliar Legislativo,B,7,GAL,"189,64",,2025-07-21T18:00:31.106903
2022-04,Cargos Efetivos,Auxiliar Legislativo,B,8,GAL,"194,38",,2025-07-21T18:00:31.106903
2022-04,Cargos Efetivos,Auxiliar Legislativo,B,9,GAL,"199,23",,2025-07-21T18:00:31.106903
2022-04,Cargos Efetivos,Auxiliar Legislativo,B,10,Padrao,10,,2025-07-21T18:00:31.106903
2022-04,Cargos Efetivos,Auxiliar Legislativo,B,11,Padrao,11,,2025-07-21T18:00:31.106903
2022-04,Cargos Efetivos,Auxiliar Legislativo,B,12,Padrao,12,,2025-07-21T18:00:31.106903
2022-04,Cargos Efetivos,Auxiliar Legislativo,C,13,Padrao,13,,2025-07-21T18:00:31.106903
2022-04,Cargos Efetivos,Auxiliar Legislativo,C,14,Padrao,14,,2025-07-21T18:00:31.106903
2022-04,Cargos Efetivos,Auxiliar Legislativo,C,15,Padrao,15,,2025-07-21T18:00:31.106903
2022-04,Cargos Efetivos,Auxiliar Legislativo,C,16,Padrao,16,,2025-07-21T18:00:31.106903
2022-04,Cargos Efetivos,Auxiliar Legislativo,C,17,Padrao,17,,2025-07-21T18:00:31.106903
2022-04,Cargos Efetivos,Auxiliar Legislativo,C,18,Padrao,18,,2025-07-21T18:00:31.106903
2022-04,Cargos Efetivos,Auxiliar Legislativo,ESPECIAL,19-E,Padrao,19-E,,2025-07-21T18:00:31.106903
2022-04,Cargos Efetivos,Auxiliar Legislativo,A,1,Padrao,1,,2025-07-21T18:00:31.106903
2022-04,Cargos Efetivos,Auxiliar Legislativo,ESPECIAL,20-E,Padrao,20-E,,2025-07-21T18:00:31.106903
2022-04,Cargos Efetivos,Auxiliar Legislativo,ESPECIAL,21-E,Padrao,21-E,,2025-07-21T18:00:31.106903
2022-04,Cargos Efetivos,Auxiliar Legislativo,ESPECIAL,22-E,Padrao,22-E,,2025-07-21T18:00:31.106903
2022-04,Cargos Efetivos,Auxiliar Legislativo,ESPECIAL,23-E,Padrao,23-E,,2025-07-21T18:00:31.106903
2022-04,Cargos Efetivos,Auxiliar Legislativo,ESPECIAL,24-E,Padrao,24-E,,2025-07-21T18:00:31.106903
2022-04,Cargos Efetivos,Auxiliar Legislativo,A,2,Padrao,2,,2025-07-21T18:00:31.106903
2022-04,Cargos Efetivos,Auxiliar Legislativo,A,3,Padrao,3,,2025-07-21T18:00:31.106903
2022-04,Cargos Efetivos,Auxiliar Legislativo,A,4,Padrao,4,,2025-07-21T18:00:31.106903
2022-04,Cargos Efetivos,Auxiliar Legislativo,A,5,Padrao,5,,2025-07-21T18:00:31.106903
2022-04,Cargos Efetivos,Auxiliar Legislativo,A,6,Padrao,6,,2025-07-21T18:00:31.106903
2022-04,Cargos Efetivos,Auxiliar Legislativo,B,7,Padrao,7,,2025-07-21T18:00:31.106903
2022-04,Cargos Efetivos,Auxiliar Legislativo,B,8,Padrao,8,,2025-07-21T18:00:31.106903
2022-04,Cargos Efetivos,Auxiliar Legislativo,B,9,Padrao,9,,2025-07-21T18:00:31.106903
2022-04,Cargos Efetivos,Auxiliar Legislativo,B,10,Total,"7.011,49",,2025-07-21T18:00:31.106903
2022-04,Cargos Efetivos,Auxiliar Legislativo,B,11,Total,"7.186,77",,2025-07-21T18:00:31.106903
2022-04,Cargos Efetivos,Auxiliar Legislativo,B,12,Total,"7.366,45",,2025-07-21T18:00:31.106903
2022-04,Cargos Efetivos,Auxiliar Legislativo,C,13,Total,"7.661,10",,2025-07-21T18:00:31.106903
2022-04,Cargos Efetivos,Auxiliar Legislativo,C,14,Total,"7.852,63",,2025-07-21T18:00:31.106903
2022-04,Cargos Efetivos,Auxiliar Legislativo,C,15,Total,"8.048,94",,2025-07-21T18:00:31.106903
2022-04,Cargos Efetivos,Auxiliar Legislativo,C,16,Total,"8.250,17",,2025-07-21T18:00:31.106903
2022-04,Cargos Efetivos,Auxiliar Legislativo,C,17,Total,"8.456,42",,2025-07-21T18:00:31.106903
2022-04,Cargos Efetivos,Auxiliar Legislativo,C,18,Total,"8.667,82",,2025-07-21T18:00:31.106903
2022-04,Cargos Efetivos,Auxiliar Legislativo,ESPECIAL,19-E,Total,"9.014,53",,2025-07-21T18:00:31.106903
2022-04,Cargos Efetivos,Auxiliar Legislativo,A,1,Total,"5.533,32",,2025-07-21T18:00:31.106903
2022-04,Cargos Efetivos,Auxiliar Legislativo,ESPECIAL,20-E,Total,"9.239,90",,2025-07-21T18:00:31.106903
2022-04,Cargos Efetivos,Auxiliar Legislativo,ESPECIAL,21-E,Total,"9.470,89",,2025-07-21T18:00:31.106903
2022-04,Cargos Efetivos,Auxiliar Legislativo,ESPECIAL,22-E,Total,"9.707,67",,2025-07-21T18:00:31.106903
2022-04,Cargos Efetivos,Auxiliar Legislativo,ESPECIAL,23-E,Total,"9.950,36",,2025-07-21T18:00:31.106903
2022-04,Cargos Efetivos,Auxiliar Legislativo,ESPECIAL,24-E,Total,"10.199,12",,2025-07-21T18:00:31.106903
2022-04,Cargos Efetivos,Auxiliar Legislativo,A,2,Total,"5.671,66",,2025-07-21T18:00:31.106903
2022-04,Cargos Efetivos,Auxiliar Legislativo,A,3,Total,"5.813,45",,2025-07-21T18:00:31.106903
2022-04,Cargos Efetivos,Auxiliar Legislativo,A,4,Total,"5.958,79",,2025-07-21T18:00:31.106903
2022-04,Cargos Efetivos,Auxiliar Legislativo,A,5,Total,"6.107,75",,2025-07-21T18:00:31.106903
2022-04,Cargos Efetivos,Auxiliar Legislativo,A,6,Total,"6.260,45",,2025-07-21T18:00:31.106903
2022-04,Cargos Efetivos,Auxiliar Legislativo,B,7,Total,"6.510,87",,2025-07-21T18:00:31.106903
2022-04,Cargos Efetivos,Auxiliar Legislativo,B,8,Total,"6.673,63",,2025-07-21T18:00:31.106903
2022-04,Cargos Efetivos,Auxiliar Legislativo,B,9,Total,"6.840,47",,2025-07-21T18:00:31.106903
2022-04,Cargos Efetivos,Auxiliar Legislativo,B,10,Vencimento,"6.807,27",,2025-07-21T18:00:31.106903
2022-04,Cargos Efetivos,Auxiliar Legislativo,B,11,Vencimento,"6.977,45",,2025-07-21T18:00:31.106903
2022-04,Cargos Efetivos,Auxiliar Legislativo,B,12,Vencimento,"7.151,89",,2025-07-21T18:00:31.106903
2022-04,Cargos Efetivos,Auxiliar Legislativo,C,13,Vencimento,"7.437,97",,2025-07-21T18:00:31.106903
2022-04,Cargos Efetivos,Auxiliar Legislativo,C,14,Vencimento,"7.623,91",,2025-07-21T18:00:31.106903
2022-04,Cargos Efetivos,Auxiliar Legislativo,C,15,Vencimento,"7.814,51",,2025-07-21T18:00:31.106903
2022-04,Cargos Efetivos,Auxiliar Legislativo,C,16,Vencimento,"8.009,87",,2025-07-21T18:00:31.106903
2022-04,Cargos Efetivos,Auxiliar Legislativo,C,17,Vencimento,"8.210,11",,2025-07-21T18:00:31.106903
2022-04,Cargos Efetivos,Auxiliar Legislativo,C,18,Vencimento,"8.415,36",,2025-07-21T18:00:31.106903
2022-04,Cargos Efetivos,Auxiliar Legislativo,ESPECIAL,19-E,Vencimento,"8.751,97",,2025-07-21T18:00:31.106903
2022-04,Cargos Efetivos,Auxiliar Legislativo,A,1,Vencimento,"5.372,16",,2025-07-21T18:00:31.106903
2022-04,Cargos Efetivos,Auxiliar Legislativo,ESPECIAL,20-E,Vencimento,"8.970,78",,2025-07-21T18:00:31.106903
2022-04,Cargos Efetivos,Auxiliar Legislativo,ESPECIAL,21-E,Vencimento,"9.195,04",,2025-07-21T18:00:31.106903
2022-04,Cargos Efetivos,Auxiliar Legislativo,ESPECIAL,22-E,Vencimento,"9.424,92",,2025-07-21T18:00:31.106903
2022-04,Cargos Efetivos,Auxiliar Legislativo,ESPECIAL,23-E,Vencimento,"9.660,54",,2025-07-21T18:00:31.106903
2022-04,Cargos Efetivos,Auxiliar Legislativo,ESPECIAL,24-E,Vencimento,"9.902,06",,2025-07-21T18:00:31.106903
2022-04,Cargos Efetivos,Auxiliar Legislativo,A,2,Vencimento,"5.506,46",,2025-07-21T18:00:31.106903
2022-04,Cargos Efetivos,Auxiliar Legislativo,A,3,Vencimento,"5.644,12",,2025-07-21T18:00:31.106903
2022-04,Cargos Efetivos,Auxiliar Legislativo,A,4,Vencimento,"5.785,23",,2025-07-21T18:00:31.106903
2022-04,Cargos Efetivos,Auxiliar Legislativo,A,5,Vencimento,"5.929,86",,2025-07-21T18:00:31.106903
2022-04,Cargos Efetivos,Auxiliar Legislativo,A,6,Vencimento,"6.078,11",,2025-07-21T18:00:31.106903
2022-04,Cargos Efetivos,Auxiliar Legislativo,B,7,Vencimento,"6.321,23",,2025-07-21T18:00:31.106903
2022-04,Cargos Efetivos,Auxiliar Legislativo,B,8,Vencimento,"6.479,25",,2025-07-21T18:00:31.106903
2022-04,Cargos Efetivos,Auxiliar Legislativo,B,9,Vencimento,"6.641,24",,2025-07-21T18:00:31.106903
2022-04,Cargos Efetivos,Consultor Legislativo e Consultor Tcnico Legislativo,A,46,Classe,A,,2025-07-21T18:00:31.106903
2022-04,Cargos Efetivos,Consultor Legislativo e Consultor Tcnico Legislativo,A,47,Classe,A,,2025-07-21T18:00:31.106903
2022-04,Cargos Efetivos,Consultor Legislativo e Consultor Tcnico Legislativo,A,48,Classe,A,,2025-07-21T18:00:31.106903
2022-04,Cargos Efetivos,Consultor Legislativo e Consultor Tcnico Legislativo,A,49,Classe,A,,2025-07-21T18:00:31.106903
2022-04,Cargos Efetivos,Consultor Legislativo e Consultor Tcnico Legislativo,A,50,Classe,A,,2025-07-21T18:00:31.106903
2022-04,Cargos Efetivos,Consultor Legislativo e Consultor Tcnico Legislativo,A,51,Classe,A,,2025-07-21T18:00:31.106903
2022-04,Cargos Efetivos,Consultor Legislativo e Consultor Tcnico Legislativo,B,52,Classe,B,,2025-07-21T18:00:31.106903
2022-04,Cargos Efetivos,Consultor Legislativo e Consultor Tcnico Legislativo,B,53,Classe,B,,2025-07-21T18:00:31.106903
2022-04,Cargos Efetivos,Consultor Legislativo e Consultor Tcnico Legislativo,B,54,Classe,B,,2025-07-21T18:00:31.106903
2022-04,Cargos Efetivos,Consultor Legislativo e Consultor Tcnico Legislativo,B,55,Classe,B,,2025-07-21T18:00:31.106903
2022-04,Cargos Efetivos,Consultor Legislativo e Consultor Tcnico Legislativo,B,56,Classe,B,,2025-07-21T18:00:31.106903
2022-04,Cargos Efetivos,Consultor Legislativo e Consultor Tcnico Legislativo,B,57,Classe,B,,2025-07-21T18:00:31.106903
2022-04,Cargos Efetivos,Consultor Legislativo e Consultor Tcnico Legislativo,C,58,Classe,C,,2025-07-21T18:00:31.106903
2022-04,Cargos Efetivos,Consultor Legislativo e Consultor Tcnico Legislativo,C,59,Classe,C,,2025-07-21T18:00:31.106903
2022-04,Cargos Efetivos,Consultor Legislativo e Consultor Tcnico Legislativo,C,60,Classe,C,,2025-07-21T18:00:31.106903
2022-04,Cargos Efetivos,Consultor Legislativo e Consultor Tcnico Legislativo,C,61,Classe,C,,2025-07-21T18:00:31.106903
2022-04,Cargos Efetivos,Consultor Legislativo e Consultor Tcnico Legislativo,C,62,Classe,C,,2025-07-21T18:00:31.106903
2022-04,Cargos Efetivos,Consultor Legislativo e Consultor Tcnico Legislativo,C,63,Classe,C,,2025-07-21T18:00:31.106903
2022-04,Cargos Efetivos,Consultor Legislativo e Consultor Tcnico Legislativo,ESPECIAL,64-E,Classe,ESPECIAL,,2025-07-21T18:00:31.106903
2022-04,Cargos Efetivos,Consultor Legislativo e Consultor Tcnico Legislativo,ESPECIAL,65-E,Classe,ESPECIAL,,2025-07-21T18:00:31.106903
2022-04,Cargos Efetivos,Consultor Legislativo e Consultor Tcnico Legislativo,ESPECIAL,66-E,Classe,ESPECIAL,,2025-07-21T18:00:31.106903
2022-04,Cargos Efetivos,Consultor Legislativo e Consultor Tcnico Legislativo,ESPECIAL,67-E,Classe,ESPECIAL,,2025-07-21T18:00:31.106903
2022-04,Cargos Efetivos,Consultor Legislativo e Consultor Tcnico Legislativo,ESPECIAL,68-E,Classe,ESPECIAL,,2025-07-21T18:00:31.106903
2022-04,Cargos Efetivos,Consultor Legislativo e Consultor Tcnico Legislativo,ESPECIAL,69-E,Classe,ESPECIAL,,2025-07-21T18:00:31.106903
2022-04,Cargos Efetivos,Consultor Legislativo e Consultor Tcnico Legislativo,A,46,GAL,"534,19",,2025-07-21T18:00:31.106903
2022-04,Cargos Efetivos,Consultor Legislativo e Consultor Tcnico Legislativo,A,47,GAL,"547,55",,2025-07-21T18:00:31.106903
2022-04,Cargos Efetivos,Consultor Legislativo e Consultor Tcnico Legislativo,A,48,GAL,"561,24",,2025-07-21T18:00:31.106903
2022-04,Cargos Efetivos,Consultor Legislativo e Consultor Tcnico Legislativo,A,49,GAL,"575,27",,2025-07-21T18:00:31.106903
2022-04,Cargos Efetivos,Consultor Legislativo e Consultor Tcnico Legislativo,A,50,GAL,"589,66",,2025-07-21T18:00:31.106903
2022-04,Cargos Efetivos,Consultor Legislativo e Consultor Tcnico Legislativo,A,51,GAL,"604,4",,2025-07-21T18:00:31.106903
2022-04,Cargos Efetivos,Consultor Legislativo e Consultor Tcnico Legislativo,B,52,GAL,"628,57",,2025-07-21T18:00:31.106903
2022-04,Cargos Efetivos,Consultor Legislativo e Consultor Tcnico Legislativo,B,53,GAL,"644,28",,2025-07-21T18:00:31.106903
2022-04,Cargos Efetivos,Consultor Legislativo e Consultor Tcnico Legislativo,B,54,GAL,"660,39",,2025-07-21T18:00:31.106903
2022-04,Cargos Efetivos,Consultor Legislativo e Consultor Tcnico Legislativo,B,55,GAL,"676,9",,2025-07-21T18:00:31.106903
2022-04,Cargos Efetivos,Consultor Legislativo e Consultor Tcnico Legislativo,B,56,GAL,"693,83",,2025-07-21T18:00:31.106903
2022-04,Cargos Efetivos,Consultor Legislativo e Consultor Tcnico Legislativo,B,57,GAL,"711,17",,2025-07-21T18:00:31.106903
2022-04,Cargos Efetivos,Consultor Legislativo e Consultor Tcnico Legislativo,C,58,GAL,"739,62",,2025-07-21T18:00:31.106903
2022-04,Cargos Efetivos,Consultor Legislativo e Consultor Tcnico Legislativo,C,59,GAL,"758,1",,2025-07-21T18:00:31.106903
2022-04,Cargos Efetivos,Consultor Legislativo e Consultor Tcnico Legislativo,C,60,GAL,"777,05",,2025-07-21T18:00:31.106903
2022-04,Cargos Efetivos,Consultor Legislativo e Consultor Tcnico Legislativo,C,61,GAL,"796,48",,2025-07-21T18:00:31.106903
2022-04,Cargos Efetivos,Consultor Legislativo e Consultor Tcnico Legislativo,C,62,GAL,"816,4",,2025-07-21T18:00:31.106903
2022-04,Cargos Efetivos,Consultor Legislativo e Consultor Tcnico Legislativo,C,63,GAL,"836,8",,2025-07-21T18:00:31.106903
2022-04,Cargos Efetivos,Consultor Legislativo e Consultor Tcnico Legislativo,ESPECIAL,64-E,GAL,"870,28",,2025-07-21T18:00:31.106903
2022-04,Cargos Efetivos,Consultor Legislativo e Consultor Tcnico Legislativo,ESPECIAL,65-E,GAL,"892,03",,2025-07-21T18:00:31.106903
2022-04,Cargos Efetivos,Consultor Legislativo e Consultor Tcnico Legislativo,ESPECIAL,66-E,GAL,"914,33",,2025-07-21T18:00:31.106903
2022-04,Cargos Efetivos,Consultor Legislativo e Consultor Tcnico Legislativo,ESPECIAL,67-E,GAL,"937,19",,2025-07-21T18:00:31.106903
2022-04,Cargos Efetivos,Consultor Legislativo e Consultor Tcnico Legislativo,ESPECIAL,68-E,GAL,"960,62",,2025-07-21T18:00:31.106903
2022-04,Cargos Efetivos,Consultor Legislativo e Consultor Tcnico Legislativo,ESPECIAL,69-E,GAL,"984,64",,2025-07-21T18:00:31.106903
2022-04,Cargos Efetivos,Consultor Legislativo e Consultor Tcnico Legislativo,A,46,Padrao,46,,2025-07-21T18:00:31.106903
2022-04,Cargos Efetivos,Consultor Legislativo e Consultor Tcnico Legislativo,A,47,Padrao,47,,2025-07-21T18:00:31.106903
2022-04,Cargos Efetivos,Consultor Legislativo e Consultor Tcnico Legislativo,A,48,Padrao,48,,2025-07-21T18:00:31.106903
2022-04,Cargos Efetivos,Consultor Legislativo e Consultor Tcnico Legislativo,A,49,Padrao,49,,2025-07-21T18:00:31.106903
2022-04,Cargos Efetivos,Consultor Legislativo e Consultor Tcnico Legislativo,A,50,Padrao,50,,2025-07-21T18:00:31.106903
2022-04,Cargos Efetivos,Consultor Legislativo e Consultor Tcnico Legislativo,A,51,Padrao,51,,2025-07-21T18:00:31.106903
2022-04,Cargos Efetivos,Consultor Legislativo e Consultor Tcnico Legislativo,B,52,Padrao,52,,2025-07-21T18:00:31.106903
2022-04,Cargos Efetivos,Consultor Legislativo e Consultor Tcnico Legislativo,B,53,Padrao,53,,2025-07-21T18:00:31.106903
2022-04,Cargos Efetivos,Consultor Legislativo e Consultor Tcnico Legislativo,B,54,Padrao,54,,2025-07-21T18:00:31.106903
2022-04,Cargos Efetivos,Consultor Legislativo e Consultor Tcnico Legislativo,B,55,Padrao,55,,2025-07-21T18:00:31.106903
2022-04,Cargos Efetivos,Consultor Legislativo e Consultor Tcnico Legislativo,B,56,Padrao,56,,2025-07-21T18:00:31.106903
2022-04,Cargos Efetivos,Consultor Legislativo e Consultor Tcnico Legislativo,B,57,Padrao,57,,2025-07-21T18:00:31.106903
2022-04,Cargos Efetivos,Consultor Legislativo e Consultor Tcnico Legislativo,C,58,Padrao,58,,2025-07-21T18:00:31.106903
2022-04,Cargos Efetivos,Consultor Legislativo e Consultor Tcnico Legislativo,C,59,Padrao,59,,2025-07-21T18:00:31.106903
2022-04,Cargos Efetivos,Consultor Legislativo e Consultor Tcnico Legislativo,C,60,Padrao,60,,2025-07-21T18:00:31.106903
2022-04,Cargos Efetivos,Consultor Legislativo e Consultor Tcnico Legislativo,C,61,Padrao,61,,2025-07-21T18:00:31.106903
2022-04,Cargos Efetivos,Consultor Legislativo e Consultor Tcnico Legislativo,C,62,Padrao,62,,2025-07-21T18:00:31.106903
2022-04,Cargos Efetivos,Consultor Legislativo e Consultor Tcnico Legislativo,C,63,Padrao,63,,2025-07-21T18:00:31.106903
2022-04,Cargos Efetivos,Consultor Legislativo e Consultor Tcnico Legislativo,ESPECIAL,64-E,Padrao,64-E,,2025-07-21T18:00:31.106903
2022-04,Cargos Efetivos,Consultor Legislativo e Consultor Tcnico Legislativo,ESPECIAL,65-E,Padrao,65-E,,2025-07-21T18:00:31.106903
2022-04,Cargos Efetivos,Consultor Legislativo e Consultor Tcnico Legislativo,ESPECIAL,66-E,Padrao,66-E,,2025-07-21T18:00:31.106903
2022-04,Cargos Efetivos,Consultor Legislativo e Consultor Tcnico Legislativo,ESPECIAL,67-E,Padrao,67-E,,2025-07-21T18:00:31.106903
2022-04,Cargos Efetivos,Consultor Legislativo e Consultor Tcnico Legislativo,ESPECIAL,68-E,Padrao,68-E,,2025-07-21T18:00:31.106903
2022-04,Cargos Efetivos,Consultor Legislativo e Consultor Tcnico Legislativo,ESPECIAL,69-E,Padrao,69-E,,2025-07-21T18:00:31.106903
2022-04,Cargos Efetivos,Consultor Legislativo e Consultor Tcnico Legislativo,A,46,Total,"18.340,69",,2025-07-21T18:00:31.106903
2022-04,Cargos Efetivos,Consultor Legislativo e Consultor Tcnico Legislativo,A,47,Total,"18.799,20",,2025-07-21T18:00:31.106903
2022-04,Cargos Efetivos,Consultor Legislativo e Consultor Tcnico Legislativo,A,48,Total,"19.269,18",,2025-07-21T18:00:31.106903
2022-04,Cargos Efetivos,Consultor Legislativo e Consultor Tcnico Legislativo,A,49,Total,"19.750,91",,2025-07-21T18:00:31.106903
2022-04,Cargos Efetivos,Consultor Legislativo e Consultor Tcnico Legislativo,A,50,Total,"20.244,69",,2025-07-21T18:00:31.106903
2022-04,Cargos Efetivos,Consultor Legislativo e Consultor Tcnico Legislativo,A,51,Total,"20.750,81",,2025-07-21T18:00:31.106903
2022-04,Cargos Efetivos,Consultor Legislativo e Consultor Tcnico Legislativo,B,52,Total,"21.580,83",,2025-07-21T18:00:31.106903
2022-04,Cargos Efetivos,Consultor Legislativo e Consultor Tcnico Legislativo,B,53,Total,"22.120,35",,2025-07-21T18:00:31.106903
2022-04,Cargos Efetivos,Consultor Legislativo e Consultor Tcnico Legislativo,B,54,Total,"22.673,35",,2025-07-21T18:00:31.106903
2022-04,Cargos Efetivos,Consultor Legislativo e Consultor Tcnico Legislativo,B,55,Total,"23.240,18",,2025-07-21T18:00:31.106903
2022-04,Cargos Efetivos,Consultor Legislativo e Consultor Tcnico Legislativo,B,56,Total,"23.821,19",,2025-07-21T18:00:31.106903
2022-04,Cargos Efetivos,Consultor Legislativo e Consultor Tcnico Legislativo,B,57,Total,"24.416,72",,2025-07-21T18:00:31.106903
2022-04,Cargos Efetivos,Consultor Legislativo e Consultor Tcnico Legislativo,C,58,Total,"25.393,39",,2025-07-21T18:00:31.106903
2022-04,Cargos Efetivos,Consultor Legislativo e Consultor Tcnico Legislativo,C,59,Total,"26.028,21",,2025-07-21T18:00:31.106903
2022-04,Cargos Efetivos,Consultor Legislativo e Consultor Tcnico Legislativo,C,60,Total,"26.678,92",,2025-07-21T18:00:31.106903
2022-04,Cargos Efetivos,Consultor Legislativo e Consultor Tcnico Legislativo,C,61,Total,"27.345,89",,2025-07-21T18:00:31.106903
2022-04,Cargos Efetivos,Consultor Legislativo e Consultor Tcnico Legislativo,C,62,Total,"28.029,55",,2025-07-21T18:00:31.106903
2022-04,Cargos Efetivos,Consultor Legislativo e Consultor Tcnico Legislativo,C,63,Total,"28.730,28",,2025-07-21T18:00:31.106903
2022-04,Cargos Efetivos,Consultor Legislativo e Consultor Tcnico Legislativo,ESPECIAL,64-E,Total,"29.879,50",,2025-07-21T18:00:31.106903
2022-04,Cargos Efetivos,Consultor Legislativo e Consultor Tcnico Legislativo,ESPECIAL,65-E,Total,"30.626,49",,2025-07-21T18:00:31.106903
2022-04,Cargos Efetivos,Consultor Legislativo e Consultor Tcnico Legislativo,ESPECIAL,66-E,Total,"31.392,14",,2025-07-21T18:00:31.106903
2022-04,Cargos Efetivos,Consultor Legislativo e Consultor Tcnico Legislativo,ESPECIAL,67-E,Total,"32.176,95",,2025-07-21T18:00:31.106903
2022-04,Cargos Efetivos,Consultor Legislativo e Consultor Tcnico Legislativo,ESPECIAL,68-E,Total,"32.981,37",,2025-07-21T18:00:31.106903
2022-04,Cargos Efetivos,Consultor Legislativo e Consultor Tcnico Legislativo,ESPECIAL,69-E,Total,"33.805,90",,2025-07-21T18:00:31.106903
2022-04,Cargos Efetivos,Consultor Legislativo e Consultor Tcnico Legislativo,A,46,Vencimento,"17.806,49",,2025-07-21T18:00:31.106903
2022-04,Cargos Efetivos,Consultor Legislativo e Consultor Tcnico Legislativo,A,47,Vencimento,"18.251,65",,2025-07-21T18:00:31.106903
2022-04,Cargos Efetivos,Consultor Legislativo e Consultor Tcnico Legislativo,A,48,Vencimento,"18.707,94",,2025-07-21T18:00:31.106903
2022-04,Cargos Efetivos,Consultor Legislativo e Consultor Tcnico Legislativo,A,49,Vencimento,"19.175,64",,2025-07-21T18:00:31.106903
2022-04,Cargos Efetivos,Consultor Legislativo e Consultor Tcnico Legislativo,A,50,Vencimento,"19.655,03",,2025-07-21T18:00:31.106903
2022-04,Cargos Efetivos,Consultor Legislativo e Consultor Tcnico Legislativo,A,51,Vencimento,"20.146,41",,2025-07-21T18:00:31.106903
2022-04,Cargos Efetivos,Consultor Legislativo e Consultor Tcnico Legislativo,B,52,Vencimento,"20.952,26",,2025-07-21T18:00:31.106903
2022-04,Cargos Efetivos,Consultor Legislativo e Consultor Tcnico Legislativo,B,53,Vencimento,"21.476,07",,2025-07-21T18:00:31.106903
2022-04,Cargos Efetivos,Consultor Legislativo e Consultor Tcnico Legislativo,B,54,Vencimento,"22.012,97",,2025-07-21T18:00:31.106903
2022-04,Cargos Efetivos,Consultor Legislativo e Consultor Tcnico Legislativo,B,55,Vencimento,"22.563,29",,2025-07-21T18:00:31.106903
2022-04,Cargos Efetivos,Consultor Legislativo e Consultor Tcnico Legislativo,B,56,Vencimento,"23.127,37",,2025-07-21T18:00:31.106903
2022-04,Cargos Efetivos,Consultor Legislativo e Consultor Tcnico Legislativo,B,57,Vencimento,"23.705,55",,2025-07-21T18:00:31.106903
2022-04,Cargos Efetivos,Consultor Legislativo e Consultor Tcnico Legislativo,C,58,Vencimento,"24.653,77",,2025-07-21T18:00:31.106903
2022-04,Cargos Efetivos,Consultor Legislativo e Consultor Tcnico Legislativo,C,59,Vencimento,"25.270,11",,2025-07-21T18:00:31.106903
2022-04,Cargos Efetivos,Consultor Legislativo e Consultor Tcnico Legislativo,C,60,Vencimento,"25.901,87",,2025-07-21T18:00:31.106903
2022-04,Cargos Efetivos,Consultor Legislativo e Consultor Tcnico Legislativo,C,61,Vencimento,"26.549,41",,2025-07-21T18:00:31.106903
2022-04,Cargos Efetivos,Consultor Legislativo e Consultor Tcnico Legislativo,C,62,Vencimento,"27.213,15",,2025-07-21T18:00:31.106903
2022-04,Cargos Efetivos,Consultor Legislativo e Consultor Tcnico Legislativo,C,63,Vencimento,"27.893,48",,2025-07-21T18:00:31.106903
2022-04,Cargos Efetivos,Consultor Legislativo e Consultor Tcnico Legislativo,ESPECIAL,64-E,Vencimento,"29.009,22",,2025-07-21T18:00:31.106903
2022-04,Cargos Efetivos,Consultor Legislativo e Consultor Tcnico Legislativo,ESPECIAL,65-E,Vencimento,"29.734,45",,2025-07-21T18:00:31.106903
2022-04,Cargos Efetivos,Consultor Legislativo e Consultor Tcnico Legislativo,ESPECIAL,66-E,Vencimento,"30.477,81",,2025-07-21T18:00:31.106903
2022-04,Cargos Efetivos,Consultor Legislativo e Consultor Tcnico Legislativo,ESPECIAL,67-E,Vencimento,"31.239,76",,2025-07-21T18:00:31.106903
2022-04,Cargos Efetivos,Consultor Legislativo e Consultor Tcnico Legislativo,ESPECIAL,68-E,Vencimento,"32.020,75",,2025-07-21T18:00:31.106903
2022-04,Cargos Efetivos,Consultor Legislativo e Consultor Tcnico Legislativo,ESPECIAL,69-E,Vencimento,"32.821,26",,2025-07-21T18:00:31.106903
2022-04,Cargos Efetivos,Procurador,A,49,Classe,A,,2025-07-21T18:00:31.106903
2022-04,Cargos Efetivos,Procurador,A,50,Classe,A,,2025-07-21T18:00:31.106903
2022-04,Cargos Efetivos,Procurador,A,51,Classe,A,,2025-07-21T18:00:31.106903
2022-04,Cargos Efetivos,Procurador,B,52,Classe,B,,2025-07-21T18:00:31.106903
2022-04,Cargos Efetivos,Procurador,B,53,Classe,B,,2025-07-21T18:00:31.106903
2022-04,Cargos Efetivos,Procurador,B,54,Classe,B,,2025-07-21T18:00:31.106903
2022-04,Cargos Efetivos,Procurador,B,55,Classe,B,,2025-07-21T18:00:31.106903
2022-04,Cargos Efetivos,Procurador,B,56,Classe,B,,2025-07-21T18:00:31.106903
2022-04,Cargos Efetivos,Procurador,B,57,Classe,B,,2025-07-21T18:00:31.106903
2022-04,Cargos Efetivos,Procurador,C,58,Classe,C,,2025-07-21T18:00:31.106903
2022-04,Cargos Efetivos,Procurador,C,59,Classe,C,,2025-07-21T18:00:31.106903
2022-04,Cargos Efetivos,Procurador,C,60,Classe,C,,2025-07-21T18:00:31.106903
2022-04,Cargos Efetivos,Procurador,C,61,Classe,C,,2025-07-21T18:00:31.106903
2022-04,Cargos Efetivos,Procurador,C,62,Classe,C,,2025-07-21T18:00:31.106903
2022-04,Cargos Efetivos,Procurador,C,63,Classe,C,,2025-07-21T18:00:31.106903
2022-04,Cargos Efetivos,Procurador,ESPECIAL,64-E,Classe,ESPECIAL,,2025-07-21T18:00:31.106903
2022-04,Cargos Efetivos,Procurador,ESPECIAL,65-E,Classe,ESPECIAL,,2025-07-21T18:00:31.106903
2022-04,Cargos Efetivos,Procurador,ESPECIAL,66-E,Classe,ESPECIAL,,2025-07-21T18:00:31.106903
2022-04,Cargos Efetivos,Procurador,ESPECIAL,67-E,Classe,ESPECIAL,,2025-07-21T18:00:31.106903
2022-04,Cargos Efetivos,Procurador,ESPECIAL,68-E,Classe,ESPECIAL,,2025-07-21T18:00:31.106903
2022-04,Cargos Efetivos,Procurador,ESPECIAL,69-E,Classe,ESPECIAL,,2025-07-21T18:00:31.106903
2022-04,Cargos Efetivos,Procurador,A,46,Classe,A,,2025-07-21T18:00:31.106903
2022-04,Cargos Efetivos,Procurador,A,47,Classe,A,,2025-07-21T18:00:31.106903
2022-04,Cargos Efetivos,Procurador,A,48,Classe,A,,2025-07-21T18:00:31.106903
2022-04,Cargos Efetivos,Procurador,A,49,GAL,"575,27",,2025-07-21T18:00:31.106903
2022-04,Cargos Efetivos,Procurador,A,50,GAL,"589,66",,2025-07-21T18:00:31.106903
2022-04,Cargos Efetivos,Procurador,A,51,GAL,"604,4",,2025-07-21T18:00:31.106903
2022-04,Cargos Efetivos,Procurador,B,52,GAL,"628,57",,2025-07-21T18:00:31.106903
2022-04,Cargos Efetivos,Procurador,B,53,GAL,"644,28",,2025-07-21T18:00:31.106903
2022-04,Cargos Efetivos,Procurador,B,54,GAL,"660,39",,2025-07-21T18:00:31.106903
2022-04,Cargos Efetivos,Procurador,B,55,GAL,"676,9",,2025-07-21T18:00:31.106903
2022-04,Cargos Efetivos,Procurador,B,56,GAL,"693,83",,2025-07-21T18:00:31.106903
2022-04,Cargos Efetivos,Procurador,B,57,GAL,"711,17",,2025-07-21T18:00:31.106903
2022-04,Cargos Efetivos,Procurador,C,58,GAL,"739,62",,2025-07-21T18:00:31.106903
2022-04,Cargos Efetivos,Procurador,C,59,GAL,"758,1",,2025-07-21T18:00:31.106903
2022-04,Cargos Efetivos,Procurador,C,60,GAL,"777,05",,2025-07-21T18:00:31.106903
2022-04,Cargos Efetivos,Procurador,C,61,GAL,"796,48",,2025-07-21T18:00:31.106903
2022-04,Cargos Efetivos,Procurador,C,62,GAL,"816,4",,2025-07-21T18:00:31.106903
2022-04,Cargos Efetivos,Procurador,C,63,GAL,"836,8",,2025-07-21T18:00:31.106903
2022-04,Cargos Efetivos,Procurador,ESPECIAL,64-E,GAL,"870,28",,2025-07-21T18:00:31.106903
2022-04,Cargos Efetivos,Procurador,ESPECIAL,65-E,GAL,"892,03",,2025-07-21T18:00:31.106903
2022-04,Cargos Efetivos,Procurador,ESPECIAL,66-E,GAL,"914,33",,2025-07-21T18:00:31.106903
2022-04,Cargos Efetivos,Procurador,ESPECIAL,67-E,GAL,"937,19",,2025-07-21T18:00:31.106903
2022-04,Cargos Efetivos,Procurador,ESPECIAL,68-E,GAL,"960,62",,2025-07-21T18:00:31.106903
2022-04,Cargos Efetivos,Procurador,ESPECIAL,69-E,GAL,"984,64",,2025-07-21T18:00:31.106903
2022-04,Cargos Efetivos,Procurador,A,46,GAL,"534,19",,2025-07-21T18:00:31.106903
2022-04,Cargos Efetivos,Procurador,A,47,GAL,"547,55",,2025-07-21T18:00:31.106903
2022-04,Cargos Efetivos,Procurador,A,48,GAL,"561,24",,2025-07-21T18:00:31.106903
2022-04,Cargos Efetivos,Procurador,A,49,Padrao,49,,2025-07-21T18:00:31.106903
2022-04,Cargos Efetivos,Procurador,A,50,Padrao,50,,2025-07-21T18:00:31.106903
2022-04,Cargos Efetivos,Procurador,A,51,Padrao,51,,2025-07-21T18:00:31.106903
2022-04,Cargos Efetivos,Procurador,B,52,Padrao,52,,2025-07-21T18:00:31.106903
2022-04,Cargos Efetivos,Procurador,B,53,Padrao,53,,2025-07-21T18:00:31.106903
2022-04,Cargos Efetivos,Procurador,B,54,Padrao,54,,2025-07-21T18:00:31.106903
2022-04,Cargos Efetivos,Procurador,B,55,Padrao,55,,2025-07-21T18:00:31.106903
2022-04,Cargos Efetivos,Procurador,B,56,Padrao,56,,2025-07-21T18:00:31.106903
2022-04,Cargos Efetivos,Procurador,B,57,Padrao,57,,2025-07-21T18:00:31.106903
2022-04,Cargos Efetivos,Procurador,C,58,Padrao,58,,2025-07-21T18:00:31.106903
2022-04,Cargos Efetivos,Procurador,C,59,Padrao,59,,2025-07-21T18:00:31.106903
2022-04,Cargos Efetivos,Procurador,C,60,Padrao,60,,2025-07-21T18:00:31.106903
2022-04,Cargos Efetivos,Procurador,C,61,Padrao,61,,2025-07-21T18:00:31.106903
2022-04,Cargos Efetivos,Procurador,C,62,Padrao,62,,2025-07-21T18:00:31.106903
2022-04,Cargos Efetivos,Procurador,C,63,Padrao,63,,2025-07-21T18:00:31.106903
2022-04,Cargos Efetivos,Procurador,ESPECIAL,64-E,Padrao,64-E,,2025-07-21T18:00:31.106903
2022-04,Cargos Efetivos,Procurador,ESPECIAL,65-E,Padrao,65-E,,2025-07-21T18:00:31.106903
2022-04,Cargos Efetivos,Procurador,ESPECIAL,66-E,Padrao,66-E,,2025-07-21T18:00:31.106903
2022-04,Cargos Efetivos,Procurador,ESPECIAL,67-E,Padrao,67-E,,2025-07-21T18:00:31.106903
2022-04,Cargos Efetivos,Procurador,ESPECIAL,68-E,Padrao,68-E,,2025-07-21T18:00:31.106903
2022-04,Cargos Efetivos,Procurador,ESPECIAL,69-E,Padrao,69-E,,2025-07-21T18:00:31.106903
2022-04,Cargos Efetivos,Procurador,A,46,Padrao,46,,2025-07-21T18:00:31.106903
2022-04,Cargos Efetivos,Procurador,A,47,Padrao,47,,2025-07-21T18:00:31.106903
2022-04,Cargos Efetivos,Procurador,A,48,Padrao,48,,2025-07-21T18:00:31.106903
2022-04,Cargos Efetivos,Procurador,A,49,Total,"19.750,91",,2025-07-21T18:00:31.106903
2022-04,Cargos Efetivos,Procurador,A,50,Total,"20.244,69",,2025-07-21T18:00:31.106903
2022-04,Cargos Efetivos,Procurador,A,51,Total,"20.750,81",,2025-07-21T18:00:31.106903
2022-04,Cargos Efetivos,Procurador,B,52,Total,"21.580,83",,2025-07-21T18:00:31.106903
2022-04,Cargos Efetivos,Procurador,B,53,Total,"22.120,35",,2025-07-21T18:00:31.106903
2022-04,Cargos Efetivos,Procurador,B,54,Total,"22.673,35",,2025-07-21T18:00:31.106903
2022-04,Cargos Efetivos,Procurador,B,55,Total,"23.240,18",,2025-07-21T18:00:31.106903
2022-04,Cargos Efetivos,Procurador,B,56,Total,"23.821,19",,2025-07-21T18:00:31.106903
2022-04,Cargos Efetivos,Procurador,B,57,Total,"24.416,72",,2025-07-21T18:00:31.106903
2022-04,Cargos Efetivos,Procurador,C,58,Total,"25.393,39",,2025-07-21T18:00:31.106903
2022-04,Cargos Efetivos,Procurador,C,59,Total,"26.028,21",,2025-07-21T18:00:31.106903
2022-04,Cargos Efetivos,Procurador,C,60,Total,"26.678,92",,2025-07-21T18:00:31.106903
2022-04,Cargos Efetivos,Procurador,C,61,Total,"27.345,89",,2025-07-21T18:00:31.106903
2022-04,Cargos Efetivos,Procurador,C,62,Total,"28.029,55",,2025-07-21T18:00:31.106903
2022-04,Cargos Efetivos,Procurador,C,63,Total,"28.730,28",,2025-07-21T18:00:31.106903
2022-04,Cargos Efetivos,Procurador,ESPECIAL,64-E,Total,"29.879,50",,2025-07-21T18:00:31.106903
2022-04,Cargos Efetivos,Procurador,ESPECIAL,65-E,Total,"30.626,49",,2025-07-21T18:00:31.106903
2022-04,Cargos Efetivos,Procurador,ESPECIAL,66-E,Total,"31.392,14",,2025-07-21T18:00:31.106903
2022-04,Cargos Efetivos,Procurador,ESPECIAL,67-E,Total,"32.176,95",,2025-07-21T18:00:31.106903
2022-04,Cargos Efetivos,Procurador,ESPECIAL,68-E,Total,"32.981,37",,2025-07-21T18:00:31.106903
2022-04,Cargos Efetivos,Procurador,ESPECIAL,69-E,Total,"33.805,90",,2025-07-21T18:00:31.106903
2022-04,Cargos Efetivos,Procurador,A,46,Total,"18.340,69",,2025-07-21T18:00:31.106903
2022-04,Cargos Efetivos,Procurador,A,47,Total,"18.799,20",,2025-07-21T18:00:31.106903
2022-04,Cargos Efetivos,Procurador,A,48,Total,"19.269,18",,2025-07-21T18:00:31.106903
2022-04,Cargos Efetivos,Procurador,A,49,Vencimento,"19.175,64",,2025-07-21T18:00:31.106903
2022-04,Cargos Efetivos,Procurador,A,50,Vencimento,"19.655,03",,2025-07-21T18:00:31.106903
2022-04,Cargos Efetivos,Procurador,A,51,Vencimento,"20.146,41",,2025-07-21T18:00:31.106903
2022-04,Cargos Efetivos,Procurador,B,52,Vencimento,"20.952,26",,2025-07-21T18:00:31.106903
2022-04,Cargos Efetivos,Procurador,B,53,Vencimento,"21.476,07",,2025-07-21T18:00:31.106903
2022-04,Cargos Efetivos,Procurador,B,54,Vencimento,"22.012,97",,2025-07-21T18:00:31.106903
2022-04,Cargos Efetivos,Procurador,B,55,Vencimento,"22.563,29",,2025-07-21T18:00:31.106903
2022-04,Cargos Efetivos,Procurador,B,56,Vencimento,"23.127,37",,2025-07-21T18:00:31.106903
2022-04,Cargos Efetivos,Procurador,B,57,Vencimento,"23.705,55",,2025-07-21T18:00:31.106903
2022-04,Cargos Efetivos,Procurador,C,58,Vencimento,"24.653,77",,2025-07-21T18:00:31.106903
2022-04,Cargos Efetivos,Procurador,C,59,Vencimento,"25.270,11",,2025-07-21T18:00:31.106903
2022-04,Cargos Efetivos,Procurador,C,60,Vencimento,"25.901,87",,2025-07-21T18:00:31.106903
2022-04,Cargos Efetivos,Procurador,C,61,Vencimento,"26.549,41",,2025-07-21T18:00:31.106903
2022-04,Cargos Efetivos,Procurador,C,62,Vencimento,"27.213,15",,2025-07-21T18:00:31.106903
2022-04,Cargos Efetivos,Procurador,C,63,Vencimento,"27.893,48",,2025-07-21T18:00:31.106903
2022-04,Cargos Efetivos,Procurador,ESPECIAL,64-E,Vencimento,"29.009,22",,2025-07-21T18:00:31.106903
2022-04,Cargos Efetivos,Procurador,ESPECIAL,65-E,Vencimento,"29.734,45",,2025-07-21T18:00:31.106903
2022-04,Cargos Efetivos,Procurador,ESPECIAL,66-E,Vencimento,"30.477,81",,2025-07-21T18:00:31.106903
2022-04,Cargos Efetivos,Procurador,ESPECIAL,67-E,Vencimento,"31.239,76",,2025-07-21T18:00:31.106903
2022-04,Cargos Efetivos,Procurador,ESPECIAL,68-E,Vencimento,"32.020,75",,2025-07-21T18:00:31.106903
2022-04,Cargos Efetivos,Procurador,ESPECIAL,69-E,Vencimento,"32.821,26",,2025-07-21T18:00:31.106903
2022-04,Cargos Efetivos,Procurador,A,46,Vencimento,"17.806,49",,2025-07-21T18:00:31.106903
2022-04,Cargos Efetivos,Procurador,A,47,Vencimento,"18.251,65",,2025-07-21T18:00:31.106903
2022-04,Cargos Efetivos,Procurador,A,48,Vencimento,"18.707,94",,2025-07-21T18:00:31.106903
2022-04,Cargos Efetivos,Tcnico Legislativo,A,31,Classe,A,,2025-07-21T18:00:31.106903
2022-04,Cargos Efetivos,Tcnico Legislativo,A,32,Classe,A,,2025-07-21T18:00:31.106903
2022-04,Cargos Efetivos,Tcnico Legislativo,A,33,Classe,A,,2025-07-21T18:00:31.106903
2022-04,Cargos Efetivos,Tcnico Legislativo,A,34,Classe,A,,2025-07-21T18:00:31.106903
2022-04,Cargos Efetivos,Tcnico Legislativo,A,35,Classe,A,,2025-07-21T18:00:31.106903
2022-04,Cargos Efetivos,Tcnico Legislativo,A,36,Classe,A,,2025-07-21T18:00:31.106903
2022-04,Cargos Efetivos,Tcnico Legislativo,B,37,Classe,B,,2025-07-21T18:00:31.106903
2022-04,Cargos Efetivos,Tcnico Legislativo,B,38,Classe,B,,2025-07-21T18:00:31.106903
2022-04,Cargos Efetivos,Tcnico Legislativo,B,39,Classe,B,,2025-07-21T18:00:31.106903
2022-04,Cargos Efetivos,Tcnico Legislativo,B,40,Classe,B,,2025-07-21T18:00:31.106903
2022-04,Cargos Efetivos,Tcnico Legislativo,B,41,Classe,B,,2025-07-21T18:00:31.106903
2022-04,Cargos Efetivos,Tcnico Legislativo,B,42,Classe,B,,2025-07-21T18:00:31.106903
2022-04,Cargos Efetivos,Tcnico Legislativo,C,43,Classe,C,,2025-07-21T18:00:31.106903
2022-04,Cargos Efetivos,Tcnico Legislativo,C,44,Classe,C,,2025-07-21T18:00:31.106903
2022-04,Cargos Efetivos,Tcnico Legislativo,C,45,Classe,C,,2025-07-21T18:00:31.106903
2022-04,Cargos Efetivos,Tcnico Legislativo,C,46,Classe,C,,2025-07-21T18:00:31.106903
2022-04,Cargos Efetivos,Tcnico Legislativo,C,47,Classe,C,,2025-07-21T18:00:31.106903
2022-04,Cargos Efetivos,Tcnico Legislativo,C,48,Classe,C,,2025-07-21T18:00:31.106903
2022-04,Cargos Efetivos,Tcnico Legislativo,ESPECIAL,49-E,Classe,ESPECIAL,,2025-07-21T18:00:31.106903
2022-04,Cargos Efetivos,Tcnico Legislativo,ESPECIAL,50-E,Classe,ESPECIAL,,2025-07-21T18:00:31.106903
2022-04,Cargos Efetivos,Tcnico Legislativo,ESPECIAL,51-E,Classe,ESPECIAL,,2025-07-21T18:00:31.106903
2022-04,Cargos Efetivos,Tcnico Legislativo,ESPECIAL,52-E,Classe,ESPECIAL,,2025-07-21T18:00:31.106903
2022-04,Cargos Efetivos,Tcnico Legislativo,ESPECIAL,53-E,Classe,ESPECIAL,,2025-07-21T18:00:31.106903
2022-04,Cargos Efetivos,Tcnico Legislativo,ESPECIAL,54-E,Classe,ESPECIAL,,2025-07-21T18:00:31.106903
2022-04,Cargos Efetivos,Tcnico Legislativo,A,31,GAL,"358,28",,2025-07-21T18:00:31.106903
2022-04,Cargos Efetivos,Tcnico Legislativo,A,32,GAL,"367,24",,2025-07-21T18:00:31.106903
2022-04,Cargos Efetivos,Tcnico Legislativo,A,33,GAL,"376,42",,2025-07-21T18:00:31.106903
2022-04,Cargos Efetivos,Tcnico Legislativo,A,34,GAL,"385,83",,2025-07-21T18:00:31.106903
2022-04,Cargos Efetivos,Tcnico Legislativo,A,35,GAL,"395,47",,2025-07-21T18:00:31.106903
2022-04,Cargos Efetivos,Tcnico Legislativo,A,36,GAL,"405,36",,2025-07-21T18:00:31.106903
2022-04,Cargos Efetivos,Tcnico Legislativo,B,37,GAL,"421,58",,2025-07-21T18:00:31.106903
2022-04,Cargos Efetivos,Tcnico Legislativo,B,38,GAL,"432,11",,2025-07-21T18:00:31.106903
2022-04,Cargos Efetivos,Tcnico Legislativo,B,39,GAL,"442,92",,2025-07-21T18:00:31.106903
2022-04,Cargos Efetivos,Tcnico Legislativo,B,40,GAL,"453,99",,2025-07-21T18:00:31.106903
2022-04,Cargos Efetivos,Tcnico Legislativo,B,41,GAL,"465,34",,2025-07-21T18:00:31.106903
2022-04,Cargos Efetivos,Tcnico Legislativo,B,42,GAL,"476,97",,2025-07-21T18:00:31.106903
2022-04,Cargos Efetivos,Tcnico Legislativo,C,43,GAL,"496,06",,2025-07-21T18:00:31.106903
2022-04,Cargos Efetivos,Tcnico Legislativo,C,44,GAL,"508,45",,2025-07-21T18:00:31.106903
2022-04,Cargos Efetivos,Tcnico Legislativo,C,45,GAL,"521,17",,2025-07-21T18:00:31.106903
2022-04,Cargos Efetivos,Tcnico Legislativo,C,46,GAL,"534,19",,2025-07-21T18:00:31.106903
2022-04,Cargos Efetivos,Tcnico Legislativo,C,47,GAL,"547,55",,2025-07-21T18:00:31.106903
2022-04,Cargos Efetivos,Tcnico Legislativo,C,48,GAL,"561,24",,2025-07-21T18:00:31.106903
2022-04,Cargos Efetivos,Tcnico Legislativo,ESPECIAL,49-E,GAL,"583,69",,2025-07-21T18:00:31.106903
2022-04,Cargos Efetivos,Tcnico Legislativo,ESPECIAL,50-E,GAL,"598,28",,2025-07-21T18:00:31.106903
2022-04,Cargos Efetivos,Tcnico Legislativo,ESPECIAL,51-E,GAL,"613,24",,2025-07-21T18:00:31.106903
2022-04,Cargos Efetivos,Tcnico Legislativo,ESPECIAL,52-E,GAL,"628,57",,2025-07-21T18:00:31.106903
2022-04,Cargos Efetivos,Tcnico Legislativo,ESPECIAL,53-E,GAL,"644,28",,2025-07-21T18:00:31.106903
2022-04,Cargos Efetivos,Tcnico Legislativo,ESPECIAL,54-E,GAL,"660,39",,2025-07-21T18:00:31.106903
2022-04,Cargos Efetivos,Tcnico Legislativo,A,31,Padrao,31,,2025-07-21T18:00:31.106903
2022-04,Cargos Efetivos,Tcnico Legislativo,A,32,Padrao,32,,2025-07-21T18:00:31.106903
2022-04,Cargos Efetivos,Tcnico Legislativo,A,33,Padrao,33,,2025-07-21T18:00:31.106903
2022-04,Cargos Efetivos,Tcnico Legislativo,A,34,Padrao,34,,2025-07-21T18:00:31.106903
2022-04,Cargos Efetivos,Tcnico Legislativo,A,35,Padrao,35,,2025-07-21T18:00:31.106903
2022-04,Cargos Efetivos,Tcnico Legislativo,A,36,Padrao,36,,2025-07-21T18:00:31.106903
2022-04,Cargos Efetivos,Tcnico Legislativo,B,37,Padrao,37,,2025-07-21T18:00:31.106903
2022-04,Cargos Efetivos,Tcnico Legislativo,B,38,Padrao,38,,2025-07-21T18:00:31.106903
2022-04,Cargos Efetivos,Tcnico Legislativo,B,39,Padrao,39,,2025-07-21T18:00:31.106903
2022-04,Cargos Efetivos,Tcnico Legislativo,B,40,Padrao,40,,2025-07-21T18:00:31.106903
2022-04,Cargos Efetivos,Tcnico Legislativo,B,41,Padrao,41,,2025-07-21T18:00:31.106903
2022-04,Cargos Efetivos,Tcnico Legislativo,B,42,Padrao,42,,2025-07-21T18:00:31.106903
2022-04,Cargos Efetivos,Tcnico Legislativo,C,43,Padrao,43,,2025-07-21T18:00:31.106903
2022-04,Cargos Efetivos,Tcnico Legislativo,C,44,Padrao,44,,2025-07-21T18:00:31.106903
2022-04,Cargos Efetivos,Tcnico Legislativo,C,45,Padrao,45,,2025-07-21T18:00:31.106903
2022-04,Cargos Efetivos,Tcnico Legislativo,C,46,Padrao,46,,2025-07-21T18:00:31.106903
2022-04,Cargos Efetivos,Tcnico Legislativo,C,47,Padrao,47,,2025-07-21T18:00:31.106903
2022-04,Cargos Efetivos,Tcnico Legislativo,C,48,Padrao,48,,2025-07-21T18:00:31.106903
2022-04,Cargos Efetivos,Tcnico Legislativo,ESPECIAL,49-E,Padrao,49-E,,2025-07-21T18:00:31.106903
2022-04,Cargos Efetivos,Tcnico Legislativo,ESPECIAL,50-E,Padrao,50-E,,2025-07-21T18:00:31.106903
2022-04,Cargos Efetivos,Tcnico Legislativo,ESPECIAL,51-E,Padrao,51-E,,2025-07-21T18:00:31.106903
2022-04,Cargos Efetivos,Tcnico Legislativo,ESPECIAL,52-E,Padrao,52-E,,2025-07-21T18:00:31.106903
2022-04,Cargos Efetivos,Tcnico Legislativo,ESPECIAL,53-E,Padrao,53-E,,2025-07-21T18:00:31.106903
2022-04,Cargos Efetivos,Tcnico Legislativo,ESPECIAL,54-E,Padrao,54-E,,2025-07-21T18:00:31.106903
2022-04,Cargos Efetivos,Tcnico Legislativo,A,31,Total,"12.300,96",,2025-07-21T18:00:31.106903
2022-04,Cargos Efetivos,Tcnico Legislativo,A,32,Total,"12.608,48",,2025-07-21T18:00:31.106903
2022-04,Cargos Efetivos,Tcnico Legislativo,A,33,Total,"12.923,69",,2025-07-21T18:00:31.106903
2022-04,Cargos Efetivos,Tcnico Legislativo,A,34,Total,"13.246,78",,2025-07-21T18:00:31.106903
2022-04,Cargos Efetivos,Tcnico Legislativo,A,35,Total,"13.577,95",,2025-07-21T18:00:31.106903
2022-04,Cargos Efetivos,Tcnico Legislativo,A,36,Total,"13.917,40",,2025-07-21T18:00:31.106903
2022-04,Cargos Efetivos,Tcnico Legislativo,B,37,Total,"14.474,10",,2025-07-21T18:00:31.106903
2022-04,Cargos Efetivos,Tcnico Legislativo,B,38,Total,"14.835,95",,2025-07-21T18:00:31.106903
2022-04,Cargos Efetivos,Tcnico Legislativo,B,39,Total,"15.206,85",,2025-07-21T18:00:31.106903
2022-04,Cargos Efetivos,Tcnico Legislativo,B,40,Total,"15.587,02",,2025-07-21T18:00:31.106903
2022-04,Cargos Efetivos,Tcnico Legislativo,B,41,Total,"15.976,70",,2025-07-21T18:00:31.106903
2022-04,Cargos Efetivos,Tcnico Legislativo,B,42,Total,"16.376,11",,2025-07-21T18:00:31.106903
2022-04,Cargos Efetivos,Tcnico Legislativo,C,43,Total,"17.031,16",,2025-07-21T18:00:31.106903
2022-04,Cargos Efetivos,Tcnico Legislativo,C,44,Total,"17.456,93",,2025-07-21T18:00:31.106903
2022-04,Cargos Efetivos,Tcnico Legislativo,C,45,Total,"17.893,36",,2025-07-21T18:00:31.106903
2022-04,Cargos Efetivos,Tcnico Legislativo,C,46,Total,"18.340,69",,2025-07-21T18:00:31.106903
2022-04,Cargos Efetivos,Tcnico Legislativo,C,47,Total,"18.799,20",,2025-07-21T18:00:31.106903
2022-04,Cargos Efetivos,Tcnico Legislativo,C,48,Total,"19.269,18",,2025-07-21T18:00:31.106903
2022-04,Cargos Efetivos,Tcnico Legislativo,ESPECIAL,49-E,Total,"20.039,95",,2025-07-21T18:00:31.106903
2022-04,Cargos Efetivos,Tcnico Legislativo,ESPECIAL,50-E,Total,"20.540,95",,2025-07-21T18:00:31.106903
2022-04,Cargos Efetivos,Tcnico Legislativo,ESPECIAL,51-E,Total,"21.054,47",,2025-07-21T18:00:31.106903
2022-04,Cargos Efetivos,Tcnico Legislativo,ESPECIAL,52-E,Total,"21.580,83",,2025-07-21T18:00:31.106903
2022-04,Cargos Efetivos,Tcnico Legislativo,ESPECIAL,53-E,Total,"22.120,35",,2025-07-21T18:00:31.106903
2022-04,Cargos Efetivos,Tcnico Legislativo,ESPECIAL,54-E,Total,"22.673,35",,2025-07-21T18:00:31.106903
2022-04,Cargos Efetivos,Tcnico Legislativo,A,31,Vencimento,"11.942,68",,2025-07-21T18:00:31.106903
2022-04,Cargos Efetivos,Tcnico Legislativo,A,32,Vencimento,"12.241,24",,2025-07-21T18:00:31.106903
2022-04,Cargos Efetivos,Tcnico Legislativo,A,33,Vencimento,"12.547,27",,2025-07-21T18:00:31.106903
2022-04,Cargos Efetivos,Tcnico Legislativo,A,34,Vencimento,"12.860,96",,2025-07-21T18:00:31.106903
2022-04,Cargos Efetivos,Tcnico Legislativo,A,35,Vencimento,"13.182,48",,2025-07-21T18:00:31.106903
2022-04,Cargos Efetivos,Tcnico Legislativo,A,36,Vencimento,"13.512,04",,2025-07-21T18:00:31.106903
2022-04,Cargos Efetivos,Tcnico Legislativo,B,37,Vencimento,"14.052,52",,2025-07-21T18:00:31.106903
2022-04,Cargos Efetivos,Tcnico Legislativo,B,38,Vencimento,"14.403,84",,2025-07-21T18:00:31.106903
2022-04,Cargos Efetivos,Tcnico Legislativo,B,39,Vencimento,"14.763,94",,2025-07-21T18:00:31.106903
2022-04,Cargos Efetivos,Tcnico Legislativo,B,40,Vencimento,"15.133,03",,2025-07-21T18:00:31.106903
2022-04,Cargos Efetivos,Tcnico Legislativo,B,41,Vencimento,"15.511,35",,2025-07-21T18:00:31.106903
2022-04,Cargos Efetivos,Tcnico Legislativo,B,42,Vencimento,"15.899,14",,2025-07-21T18:00:31.106903
2022-04,Cargos Efetivos,Tcnico Legislativo,C,43,Vencimento,"16.535,10",,2025-07-21T18:00:31.106903
2022-04,Cargos Efetivos,Tcnico Legislativo,C,44,Vencimento,"16.948,48",,2025-07-21T18:00:31.106903
2022-04,Cargos Efetivos,Tcnico Legislativo,C,45,Vencimento,"17.372,19",,2025-07-21T18:00:31.106903
2022-04,Cargos Efetivos,Tcnico Legislativo,C,46,Vencimento,"17.806,49",,2025-07-21T18:00:31.106903
2022-04,Cargos Efetivos,Tcnico Legislativo,C,47,Vencimento,"18.251,65",,2025-07-21T18:00:31.106903
2022-04,Cargos Efetivos,Tcnico Legislativo,C,48,Vencimento,"18.707,94",,2025-07-21T18:00:31.106903
2022-04,Cargos Efetivos,Tcnico Legislativo,ESPECIAL,49-E,Vencimento,"19.456,26",,2025-07-21T18:00:31.106903
2022-04,Cargos Efetivos,Tcnico Legislativo,ESPECIAL,50-E,Vencimento,"19.942,67",,2025-07-21T18:00:31.106903
2022-04,Cargos Efetivos,Tcnico Legislativo,ESPECIAL,51-E,Vencimento,"20.441,23",,2025-07-21T18:00:31.106903
2022-04,Cargos Efetivos,Tcnico Legislativo,ESPECIAL,52-E,Vencimento,"20.952,26",,2025-07-21T18:00:31.106903
2022-04,Cargos Efetivos,Tcnico Legislativo,ESPECIAL,53-E,Vencimento,"21.476,07",,2025-07-21T18:00:31.106903
2022-04,Cargos Efetivos,Tcnico Legislativo,ESPECIAL,54-E,Vencimento,"22.012,97",,2025-07-21T18:00:31.106903
2022-04,Subsídio e benefícios,Auxílio Alimentação,,,Fonte Legal,Ato da Mesa Diretora nº 17/2022 – DCL de 10.02.2022,Ato da Mesa Diretora nº 17/2022 – DCL de 10.02.2022,2025-07-21T18:02:42.839545
2022-04,Subsídio e benefícios,Auxílio Alimentação,,,Valor,"1532,74",Ato da Mesa Diretora nº 17/2022 – DCL de 10.02.2022,2025-07-21T18:02:42.839545
2022-04,Subsídio e benefícios,Auxílio Natalidade,,,Fonte Legal,Lei Complementar nº 840/2011,Lei Complementar nº 840/2011,2025-07-21T18:02:42.839545
2022-04,Subsídio e benefícios,Auxílio Natalidade,,,Valor,"1212,00",Lei Complementar nº 840/2011,2025-07-21T18:02:42.839545
2022-04,Subsídio e benefícios,Auxílio Pré-escolar,,,Fonte Legal,Ato da Mesa Diretora nº 17/2022 – DCL de 10.02.2022,Ato da Mesa Diretora nº 17/2022 – DCL de 10.02.2022,2025-07-21T18:02:42.839545
2022-04,Subsídio e benefícios,Auxílio Pré-escolar,,,Valor,"974,92",Ato da Mesa Diretora nº 17/2022 – DCL de 10.02.2022,2025-07-21T18:02:42.839545
2022-04,Subsídio e benefícios,Subsídio de Deputado,,,Fonte Legal,Decreto Legislativo nº 2.035/2015,Decreto Legislativo nº 2.035/2015,2025-07-21T18:02:42.839545
2022-04,Subsídio e benefícios,Subsídio de Deputado,,,Valor,"25322,25",Decreto Legislativo nº 2.035/2015,2025-07-21T18:02:42.839545
2022-04,Subsídio e benefícios,Verba Indenizatória,,,Fonte Legal,Decreto Legislativo nº 996/2002,Decreto Legislativo nº 996/2002,2025-07-21T18:02:42.839545
2022-04,Subsídio e benefícios,Verba Indenizatória,,,Valor,"15193,35",Decreto Legislativo nº 996/2002,2025-07-21T18:02:42.839545
2023-04,Cargos Comissionados,CL-01,,,55% do Vencimento,"1527,05",,2025-07-18T21:13:29.885250
2023-04,Cargos Comissionados,CL-01,,,Remuneração Integral,"4442,35",,2025-07-18T21:13:29.885250
2023-04,Cargos Comissionados,CL-01,,,Remuneração com Efetivo,"3192,93",,2025-07-18T21:13:29.885250
2023-04,Cargos Comissionados,CL-01,,,Representação,"1665,88",,2025-07-18T21:13:29.885250
2023-04,Cargos Comissionados,CL-01,,,Vencimento,"2776,47",,2025-07-18T21:13:29.885250
2023-04,Cargos Comissionados,CL-02,,,55% do Vencimento,"1696,72",,2025-07-18T21:13:29.885250
2023-04,Cargos Comissionados,CL-02,,,Remuneração Integral,"4935,94",,2025-07-18T21:13:29.885250
2023-04,Cargos Comissionados,CL-02,,,Remuneração com Efetivo,"3547,70",,2025-07-18T21:13:29.885250
2023-04,Cargos Comissionados,CL-02,,,Representação,"1850,98",,2025-07-18T21:13:29.885250
2023-04,Cargos Comissionados,CL-02,,,Vencimento,"3084,96",,2025-07-18T21:13:29.885250
2023-04,Cargos Comissionados,CL-03,,,55% do Vencimento,"1885,25",,2025-07-18T21:13:29.885250
2023-04,Cargos Comissionados,CL-03,,,Remuneração Integral,"5484,37",,2025-07-18T21:13:29.885250
2023-04,Cargos Comissionados,CL-03,,,Remuneração com Efetivo,"3941,89",,2025-07-18T21:13:29.885250
2023-04,Cargos Comissionados,CL-03,,,Representação,"2056,64",,2025-07-18T21:13:29.885250
2023-04,Cargos Comissionados,CL-03,,,Vencimento,"3427,73",,2025-07-18T21:13:29.885250
2023-04,Cargos Comissionados,CL-04,,,55% do Vencimento,"2094,73",,2025-07-18T21:13:29.885250
2023-04,Cargos Comissionados,CL-04,,,Remuneração Integral,"6093,76",,2025-07-18T21:13:29.885250
2023-04,Cargos Comissionados,CL-04,,,Remuneração com Efetivo,"4379,89",,2025-07-18T21:13:29.885250
2023-04,Cargos Comissionados,CL-04,,,Representação,"2285,16",,2025-07-18T21:13:29.885250
2023-04,Cargos Comissionados,CL-04,,,Vencimento,"3808,60",,2025-07-18T21:13:29.885250
2023-04,Cargos Comissionados,CL-05,,,55% do Vencimento,"2327,48",,2025-07-18T21:13:29.885250
2023-04,Cargos Comissionados,CL-05,,,Remuneração Integral,"6770,86",,2025-07-18T21:13:29.885250
2023-04,Cargos Comissionados,CL-05,,,Remuneração com Efetivo,"4866,55",,2025-07-18T21:13:29.885250
2023-04,Cargos Comissionados,CL-05,,,Representação,"2539,07",,2025-07-18T21:13:29.885250
2023-04,Cargos Comissionados,CL-05,,,Vencimento,"4231,79",,2025-07-18T21:13:29.885250
2023-04,Cargos Comissionados,CL-06,,,55% do Vencimento,"2586,09",,2025-07-18T21:13:29.885250
2023-04,Cargos Comissionados,CL-06,,,Remuneração Integral,"7523,18",,2025-07-18T21:13:29.885250
2023-04,Cargos Comissionados,CL-06,,,Remuneração com Efetivo,"5407,28",,2025-07-18T21:13:29.885250
2023-04,Cargos Comissionados,CL-06,,,Representação,"2821,19",,2025-07-18T21:13:29.885250
2023-04,Cargos Comissionados,CL-06,,,Vencimento,"4701,99",,2025-07-18T21:13:29.885250
2023-04,Cargos Comissionados,CL-07,,,55% do Vencimento,"2873,44",,2025-07-18T21:13:29.885250
2023-04,Cargos Comissionados,CL-07,,,Remuneração Integral,"8359,12",,2025-07-18T21:13:29.885250
2023-04,Cargos Comissionados,CL-07,,,Remuneração com Efetivo,"6008,11",,2025-07-18T21:13:29.885250
2023-04,Cargos Comissionados,CL-07,,,Representação,"3134,67",,2025-07-18T21:13:29.885250
2023-04,Cargos Comissionados,CL-07,,,Vencimento,"5224,45",,2025-07-18T21:13:29.885250
2023-04,Cargos Comissionados,CL-08,,,55% do Vencimento,"3192,71",,2025-07-18T21:13:29.885250
2023-04,Cargos Comissionados,CL-08,,,Remuneração Integral,"9287,90",,2025-07-18T21:13:29.885250
2023-04,Cargos Comissionados,CL-08,,,Remuneração com Efetivo,"6675,67",,2025-07-18T21:13:29.885250
2023-04,Cargos Comissionados,CL-08,,,Representação,"3482,96",,2025-07-18T21:13:29.885250
2023-04,Cargos Comissionados,CL-08,,,Vencimento,"5804,94",,2025-07-18T21:13:29.885250
2023-04,Cargos Comissionados,CL-09,,,55% do Vencimento,"3547,47",,2025-07-18T21:13:29.885250
2023-04,Cargos Comissionados,CL-09,,,Remuneração Integral,"10319,92",,2025-07-18T21:13:29.885250
2023-04,Cargos Comissionados,CL-09,,,Remuneração com Efetivo,"7417,44",,2025-07-18T21:13:29.885250
2023-04,Cargos Comissionados,CL-09,,,Representação,"3869,97",,2025-07-18T21:13:29.885250
2023-04,Cargos Comissionados,CL-09,,,Vencimento,"6449,95",,2025-07-18T21:13:29.885250
2023-04,Cargos Comissionados,CL-10,,,55% do Vencimento,"3941,64",,2025-07-18T21:13:29.885250
2023-04,Cargos Comissionados,CL-10,,,Remuneração Integral,"11466,59",,2025-07-18T21:13:29.885250
2023-04,Cargos Comissionados,CL-10,,,Remuneração com Efetivo,"8241,61",,2025-07-18T21:13:29.885250
2023-04,Cargos Comissionados,CL-10,,,Representação,"4299,97",,2025-07-18T21:13:29.885250
2023-04,Cargos Comissionados,CL-10,,,Vencimento,"7166,62",,2025-07-18T21:13:29.885250
2023-04,Cargos Comissionados,CL-11,,,55% do Vencimento,"4379,60",,2025-07-18T21:13:29.885250
2023-04,Cargos Comissionados,CL-11,,,Remuneração Integral,"12740,67",,2025-07-18T21:13:29.885250
2023-04,Cargos Comissionados,CL-11,,,Remuneração com Efetivo,"9157,35",,2025-07-18T21:13:29.885250
2023-04,Cargos Comissionados,CL-11,,,Representação,"4777,75",,2025-07-18T21:13:29.885250
2023-04,Cargos Comissionados,CL-11,,,Vencimento,"7962,92",,2025-07-18T21:13:29.885250
2023-04,Cargos Comissionados,CL-12,,,55% do Vencimento,"4866,24",,2025-07-18T21:13:29.885250
2023-04,Cargos Comissionados,CL-12,,,Remuneração Integral,"14156,34",,2025-07-18T21:13:29.885250
2023-04,Cargos Comissionados,CL-12,,,Remuneração com Efetivo,"10174,87",,2025-07-18T21:13:29.885250
2023-04,Cargos Comissionados,CL-12,,,Representação,"5308,63",,2025-07-18T21:13:29.885250
2023-04,Cargos Comissionados,CL-12,,,Vencimento,"8847,71",,2025-07-18T21:13:29.885250
2023-04,Cargos Comissionados,CL-13,,,55% do Vencimento,"5406,93",,2025-07-18T21:13:29.885250
2023-04,Cargos Comissionados,CL-13,,,Remuneração Integral,"15729,26",,2025-07-18T21:13:29.885250
2023-04,Cargos Comissionados,CL-13,,,Remuneração com Efetivo,"11305,40",,2025-07-18T21:13:29.885250
2023-04,Cargos Comissionados,CL-13,,,Representação,"5898,47",,2025-07-18T21:13:29.885250
2023-04,Cargos Comissionados,CL-13,,,Vencimento,"9830,79",,2025-07-18T21:13:29.885250
2023-04,Cargos Comissionados,CL-14,,,55% do Vencimento,"6007,70",,2025-07-18T21:13:29.885250
2023-04,Cargos Comissionados,CL-14,,,Remuneração Integral,"17476,96",,2025-07-18T21:13:29.885250
2023-04,Cargos Comissionados,CL-14,,,Remuneração com Efetivo,"12561,56",,2025-07-18T21:13:29.885250
2023-04,Cargos Comissionados,CL-14,,,Representação,"6553,86",,2025-07-18T21:13:29.885250
2023-04,Cargos Comissionados,CL-14,,,Vencimento,"10923,10",,2025-07-18T21:13:29.885250
2023-04,Cargos Comissionados,CL-15,,,55% do Vencimento,"6675,23",,2025-07-18T21:13:29.885250
2023-04,Cargos Comissionados,CL-15,,,Remuneração Integral,"19418,86",,2025-07-18T21:13:29.885250
2023-04,Cargos Comissionados,CL-15,,,Remuneração com Efetivo,"13957,30",,2025-07-18T21:13:29.885250
2023-04,Cargos Comissionados,CL-15,,,Representação,"7282,07",,2025-07-18T21:13:29.885250
2023-04,Cargos Comissionados,CL-15,,,Vencimento,"12136,79",,2025-07-18T21:13:29.885250
2023-04,Cargos Comissionados,CNE-01,,,55% do Vencimento,"7837,13",,2025-07-18T21:13:29.885250
2023-04,Cargos Comissionados,CNE-01,,,Remuneração Integral,"22798,94",,2025-07-18T21:13:29.885250
2023-04,Cargos Comissionados,CNE-01,,,Remuneração com Efetivo,"16386,73",,2025-07-18T21:13:29.885250
2023-04,Cargos Comissionados,CNE-01,,,Representação,"8549,60",,2025-07-18T21:13:29.885250
2023-04,Cargos Comissionados,CNE-01,,,Vencimento,"14249,34",,2025-07-18T21:13:29.885250
2023-04,Cargos Comissionados,CNE-02,,,55% do Vencimento,"8359,59",,2025-07-18T21:13:29.885250
2023-04,Cargos Comissionados,CNE-02,,,Remuneração Integral,"24318,83",,2025-07-18T21:13:29.885250
2023-04,Cargos Comissionados,CNE-02,,,Remuneração com Efetivo,"17479,15",,2025-07-18T21:13:29.885250
2023-04,Cargos Comissionados,CNE-02,,,Representação,"9119,56",,2025-07-18T21:13:29.885250
2023-04,Cargos Comissionados,CNE-02,,,Vencimento,"15199,27",,2025-07-18T21:13:29.885250
2023-04,Cargos Comissionados,SP-01,,,55% do Vencimento,"437,80",,2025-07-18T21:13:29.885250
2023-04,Cargos Comissionados,SP-01,,,Remuneração Integral,"1273,61",,2025-07-18T21:13:29.885250
2023-04,Cargos Comissionados,SP-01,,,Remuneração com Efetivo,"915,40",,2025-07-18T21:13:29.885250
2023-04,Cargos Comissionados,SP-01,,,Representação,"477,60",,2025-07-18T21:13:29.885250
2023-04,Cargos Comissionados,SP-01,,,Vencimento,"796,01",,2025-07-18T21:13:29.885250
2023-04,Cargos Comissionados,SP-02,,,55% do Vencimento,"547,29",,2025-07-18T21:13:29.885250
2023-04,Cargos Comissionados,SP-02,,,Remuneração Integral,"1592,12",,2025-07-18T21:13:29.885250
2023-04,Cargos Comissionados,SP-02,,,Remuneração com Efetivo,"1144,33",,2025-07-18T21:13:29.885250
2023-04,Cargos Comissionados,SP-02,,,Representação,"597,04",,2025-07-18T21:13:29.885250
2023-04,Cargos Comissionados,SP-02,,,Vencimento,"995,08",,2025-07-18T21:13:29.885250
2023-04,Cargos Comissionados,SP-03,,,55% do Vencimento,"684,12",,2025-07-18T21:13:29.885250
2023-04,Cargos Comissionados,SP-03,,,Remuneração Integral,"1990,17",,2025-07-18T21:13:29.885250
2023-04,Cargos Comissionados,SP-03,,,Remuneração com Efetivo,"1430,43",,2025-07-18T21:13:29.885250
2023-04,Cargos Comissionados,SP-03,,,Representação,"746,31",,2025-07-18T21:13:29.885250
2023-04,Cargos Comissionados,SP-03,,,Vencimento,"1243,86",,2025-07-18T21:13:29.885250
2023-04,Cargos Comissionados,SP-04,,,55% do Vencimento,"855,14",,2025-07-18T21:13:29.885250
2023-04,Cargos Comissionados,SP-04,,,Remuneração Integral,"2487,69",,2025-07-18T21:13:29.885250
2023-04,Cargos Comissionados,SP-04,,,Remuneração com Efetivo,"1788,02",,2025-07-18T21:13:29.885250
2023-04,Cargos Comissionados,SP-04,,,Representação,"932,88",,2025-07-18T21:13:29.885250
2023-04,Cargos Comissionados,SP-04,,,Vencimento,"1554,81",,2025-07-18T21:13:29.885250
2023-04,Cargos Comissionados,SP-05,,,55% do Vencimento,"1068,92",,2025-07-18T21:13:29.885250
2023-04,Cargos Comissionados,SP-05,,,Remuneração Integral,"3109,60",,2025-07-18T21:13:29.885250
2023-04,Cargos Comissionados,SP-05,,,Remuneração com Efetivo,"2235,02",,2025-07-18T21:13:29.885250
2023-04,Cargos Comissionados,SP-05,,,Representação,"1166,10",,2025-07-18T21:13:29.885250
2023-04,Cargos Comissionados,SP-05,,,Vencimento,"1943,50",,2025-07-18T21:13:29.885250
2023-04,Cargos Efetivos,Analista Legislativo,A,31,Classe,A,,2025-07-18T21:12:21.190493
2023-04,Cargos Efetivos,Analista Legislativo,A,32,Classe,A,,2025-07-18T21:12:21.190493
2023-04,Cargos Efetivos,Analista Legislativo,A,33,Classe,A,,2025-07-18T21:12:21.190493
2023-04,Cargos Efetivos,Analista Legislativo,A,34,Classe,A,,2025-07-18T21:12:21.190493
2023-04,Cargos Efetivos,Analista Legislativo,A,35,Classe,A,,2025-07-18T21:12:21.190493
2023-04,Cargos Efetivos,Analista Legislativo,A,36,Classe,A,,2025-07-18T21:12:21.190493
2023-04,Cargos Efetivos,Analista Legislativo,B,37,Classe,B,,2025-07-18T21:12:21.190493
2023-04,Cargos Efetivos,Analista Legislativo,B,38,Classe,B,,2025-07-18T21:12:21.190493
2023-04,Cargos Efetivos,Analista Legislativo,B,39,Classe,B,,2025-07-18T21:12:21.190493
2023-04,Cargos Efetivos,Analista Legislativo,B,40,Classe,B,,2025-07-18T21:12:21.190493
2023-04,Cargos Efetivos,Analista Legislativo,B,41,Classe,B,,2025-07-18T21:12:21.190493
2023-04,Cargos Efetivos,Analista Legislativo,B,42,Classe,B,,2025-07-18T21:12:21.190493
2023-04,Cargos Efetivos,Analista Legislativo,C,43,Classe,C,,2025-07-18T21:12:21.190493
2023-04,Cargos Efetivos,Analista Legislativo,C,44,Classe,C,,2025-07-18T21:12:21.190493
2023-04,Cargos Efetivos,Analista Legislativo,C,45,Classe,C,,2025-07-18T21:12:21.190493
2023-04,Cargos Efetivos,Analista Legislativo,C,46,Classe,C,,2025-07-18T21:12:21.190493
2023-04,Cargos Efetivos,Analista Legislativo,C,47,Classe,C,,2025-07-18T21:12:21.190493
2023-04,Cargos Efetivos,Analista Legislativo,C,48,Classe,C,,2025-07-18T21:12:21.190493
2023-04,Cargos Efetivos,Analista Legislativo,ESPECIAL,49-E,Classe,ESPECIAL,,2025-07-18T21:12:21.190493
2023-04,Cargos Efetivos,Analista Legislativo,ESPECIAL,50-E,Classe,ESPECIAL,,2025-07-18T21:12:21.190493
2023-04,Cargos Efetivos,Analista Legislativo,ESPECIAL,51-E,Classe,ESPECIAL,,2025-07-18T21:12:21.190493
2023-04,Cargos Efetivos,Analista Legislativo,ESPECIAL,52-E,Classe,ESPECIAL,,2025-07-18T21:12:21.190493
2023-04,Cargos Efetivos,Analista Legislativo,ESPECIAL,53-E,Classe,ESPECIAL,,2025-07-18T21:12:21.190493
2023-04,Cargos Efetivos,Analista Legislativo,ESPECIAL,54-E,Classe,ESPECIAL,,2025-07-18T21:12:21.190493
2023-04,Cargos Efetivos,Analista Legislativo,A,31,GAL,"375,77",,2025-07-18T21:12:21.190493
2023-04,Cargos Efetivos,Analista Legislativo,A,32,GAL,"385,16",,2025-07-18T21:12:21.190493
2023-04,Cargos Efetivos,Analista Legislativo,A,33,GAL,"394,79",,2025-07-18T21:12:21.190493
2023-04,Cargos Efetivos,Analista Legislativo,A,34,GAL,"404,66",,2025-07-18T21:12:21.190493
2023-04,Cargos Efetivos,Analista Legislativo,A,35,GAL,"414,78",,2025-07-18T21:12:21.190493
2023-04,Cargos Efetivos,Analista Legislativo,A,36,GAL,"425,15",,2025-07-18T21:12:21.190493
2023-04,Cargos Efetivos,Analista Legislativo,B,37,GAL,"442,15",,2025-07-18T21:12:21.190493
2023-04,Cargos Efetivos,Analista Legislativo,B,38,GAL,"453,21",,2025-07-18T21:12:21.190493
2023-04,Cargos Efetivos,Analista Legislativo,B,39,GAL,"464,54",,2025-07-18T21:12:21.190493
2023-04,Cargos Efetivos,Analista Legislativo,B,40,GAL,"476,15",,2025-07-18T21:12:21.190493
2023-04,Cargos Efetivos,Analista Legislativo,B,41,GAL,"488,05",,2025-07-18T21:12:21.190493
2023-04,Cargos Efetivos,Analista Legislativo,B,42,GAL,"500,25",,2025-07-18T21:12:21.190493
2023-04,Cargos Efetivos,Analista Legislativo,C,43,GAL,"520,26",,2025-07-18T21:12:21.190493
2023-04,Cargos Efetivos,Analista Legislativo,C,44,GAL,"533,27",,2025-07-18T21:12:21.190493
2023-04,Cargos Efetivos,Analista Legislativo,C,45,GAL,"546,60",,2025-07-18T21:12:21.190493
2023-04,Cargos Efetivos,Analista Legislativo,C,46,GAL,"560,27",,2025-07-18T21:12:21.190493
2023-04,Cargos Efetivos,Analista Legislativo,C,47,GAL,"574,27",,2025-07-18T21:12:21.190493
2023-04,Cargos Efetivos,Analista Legislativo,C,48,GAL,"588,63",,2025-07-18T21:12:21.190493
2023-04,Cargos Efetivos,Analista Legislativo,ESPECIAL,49-E,GAL,"612,18",,2025-07-18T21:12:21.190493
2023-04,Cargos Efetivos,Analista Legislativo,ESPECIAL,50-E,GAL,"627,48",,2025-07-18T21:12:21.190493
2023-04,Cargos Efetivos,Analista Legislativo,ESPECIAL,51-E,GAL,"643,17",,2025-07-18T21:12:21.190493
2023-04,Cargos Efetivos,Analista Legislativo,ESPECIAL,52-E,GAL,"659,25",,2025-07-18T21:12:21.190493
2023-04,Cargos Efetivos,Analista Legislativo,ESPECIAL,53-E,GAL,"675,73",,2025-07-18T21:12:21.190493
2023-04,Cargos Efetivos,Analista Legislativo,ESPECIAL,54-E,GAL,"692,62",,2025-07-18T21:12:21.190493
2023-04,Cargos Efetivos,Analista Legislativo,A,31,Padrao,31,,2025-07-18T21:12:21.190493
2023-04,Cargos Efetivos,Analista Legislativo,A,32,Padrao,32,,2025-07-18T21:12:21.190493
2023-04,Cargos Efetivos,Analista Legislativo,A,33,Padrao,33,,2025-07-18T21:12:21.190493
2023-04,Cargos Efetivos,Analista Legislativo,A,34,Padrao,34,,2025-07-18T21:12:21.190493
2023-04,Cargos Efetivos,Analista Legislativo,A,35,Padrao,35,,2025-07-18T21:12:21.190493
2023-04,Cargos Efetivos,Analista Legislativo,A,36,Padrao,36,,2025-07-18T21:12:21.190493
2023-04,Cargos Efetivos,Analista Legislativo,B,37,Padrao,37,,2025-07-18T21:12:21.190493
2023-04,Cargos Efetivos,Analista Legislativo,B,38,Padrao,38,,2025-07-18T21:12:21.190493
2023-04,Cargos Efetivos,Analista Legislativo,B,39,Padrao,39,,2025-07-18T21:12:21.190493
2023-04,Cargos Efetivos,Analista Legislativo,B,40,Padrao,40,,2025-07-18T21:12:21.190493
2023-04,Cargos Efetivos,Analista Legislativo,B,41,Padrao,41,,2025-07-18T21:12:21.190493
2023-04,Cargos Efetivos,Analista Legislativo,B,42,Padrao,42,,2025-07-18T21:12:21.190493
2023-04,Cargos Efetivos,Analista Legislativo,C,43,Padrao,43,,2025-07-18T21:12:21.190493
2023-04,Cargos Efetivos,Analista Legislativo,C,44,Padrao,44,,2025-07-18T21:12:21.190493
2023-04,Cargos Efetivos,Analista Legislativo,C,45,Padrao,45,,2025-07-18T21:12:21.190493
2023-04,Cargos Efetivos,Analista Legislativo,C,46,Padrao,46,,2025-07-18T21:12:21.190493
2023-04,Cargos Efetivos,Analista Legislativo,C,47,Padrao,47,,2025-07-18T21:12:21.190493
2023-04,Cargos Efetivos,Analista Legislativo,C,48,Padrao,48,,2025-07-18T21:12:21.190493
2023-04,Cargos Efetivos,Analista Legislativo,ESPECIAL,49-E,Padrao,49-E,,2025-07-18T21:12:21.190493
2023-04,Cargos Efetivos,Analista Legislativo,ESPECIAL,50-E,Padrao,50-E,,2025-07-18T21:12:21.190493
2023-04,Cargos Efetivos,Analista Legislativo,ESPECIAL,51-E,Padrao,51-E,,2025-07-18T21:12:21.190493
2023-04,Cargos Efetivos,Analista Legislativo,ESPECIAL,52-E,Padrao,52-E,,2025-07-18T21:12:21.190493
2023-04,Cargos Efetivos,Analista Legislativo,ESPECIAL,53-E,Padrao,53-E,,2025-07-18T21:12:21.190493
2023-04,Cargos Efetivos,Analista Legislativo,ESPECIAL,54-E,Padrao,54-E,,2025-07-18T21:12:21.190493
2023-04,Cargos Efetivos,Analista Legislativo,A,31,Total,"12.901,34",,2025-07-18T21:12:21.190493
2023-04,Cargos Efetivos,Analista Legislativo,A,32,Total,"13.223,87",,2025-07-18T21:12:21.190493
2023-04,Cargos Efetivos,Analista Legislativo,A,33,Total,"13.554,47",,2025-07-18T21:12:21.190493
2023-04,Cargos Efetivos,Analista Legislativo,A,34,Total,"13.893,33",,2025-07-18T21:12:21.190493
2023-04,Cargos Efetivos,Analista Legislativo,A,35,Total,"14.240,67",,2025-07-18T21:12:21.190493
2023-04,Cargos Efetivos,Analista Legislativo,A,36,Total,"14.596,69",,2025-07-18T21:12:21.190493
2023-04,Cargos Efetivos,Analista Legislativo,B,37,Total,"15.180,55",,2025-07-18T21:12:21.190493
2023-04,Cargos Efetivos,Analista Legislativo,B,38,Total,"15.560,07",,2025-07-18T21:12:21.190493
2023-04,Cargos Efetivos,Analista Legislativo,B,39,Total,"15.949,07",,2025-07-18T21:12:21.190493
2023-04,Cargos Efetivos,Analista Legislativo,B,40,Total,"16.347,79",,2025-07-18T21:12:21.190493
2023-04,Cargos Efetivos,Analista Legislativo,B,41,Total,"16.756,48",,2025-07-18T21:12:21.190493
2023-04,Cargos Efetivos,Analista Legislativo,B,42,Total,"17.175,39",,2025-07-18T21:12:21.190493
2023-04,Cargos Efetivos,Analista Legislativo,C,43,Total,"17.862,41",,2025-07-18T21:12:21.190493
2023-04,Cargos Efetivos,Analista Legislativo,C,44,Total,"18.308,97",,2025-07-18T21:12:21.190493
2023-04,Cargos Efetivos,Analista Legislativo,C,45,Total,"18.766,69",,2025-07-18T21:12:21.190493
2023-04,Cargos Efetivos,Analista Legislativo,C,46,Total,"19.235,86",,2025-07-18T21:12:21.190493
2023-04,Cargos Efetivos,Analista Legislativo,C,47,Total,"19.716,75",,2025-07-18T21:12:21.190493
2023-04,Cargos Efetivos,Analista Legislativo,C,48,Total,"20.209,67",,2025-07-18T21:12:21.190493
2023-04,Cargos Efetivos,Analista Legislativo,ESPECIAL,49-E,Total,"21.018,06",,2025-07-18T21:12:21.190493
2023-04,Cargos Efetivos,Analista Legislativo,ESPECIAL,50-E,Total,"21.543,51",,2025-07-18T21:12:21.190493
2023-04,Cargos Efetivos,Analista Legislativo,ESPECIAL,51-E,Total,"22.082,10",,2025-07-18T21:12:21.190493
2023-04,Cargos Efetivos,Analista Legislativo,ESPECIAL,52-E,Total,"22.634,15",,2025-07-18T21:12:21.190493
2023-04,Cargos Efetivos,Analista Legislativo,ESPECIAL,53-E,Total,"23.200,00",,2025-07-18T21:12:21.190493
2023-04,Cargos Efetivos,Analista Legislativo,ESPECIAL,54-E,Total,"23.780,00",,2025-07-18T21:12:21.190493
2023-04,Cargos Efetivos,Analista Legislativo,A,31,Vencimento,"12.525,57",,2025-07-18T21:12:21.190493
2023-04,Cargos Efetivos,Analista Legislativo,A,32,Vencimento,"12.838,71",,2025-07-18T21:12:21.190493
2023-04,Cargos Efetivos,Analista Legislativo,A,33,Vencimento,"13.159,68",,2025-07-18T21:12:21.190493
2023-04,Cargos Efetivos,Analista Legislativo,A,34,Vencimento,"13.488,67",,2025-07-18T21:12:21.190493
2023-04,Cargos Efetivos,Analista Legislativo,A,35,Vencimento,"13.825,89",,2025-07-18T21:12:21.190493
2023-04,Cargos Efetivos,Analista Legislativo,A,36,Vencimento,"14.171,54",,2025-07-18T21:12:21.190493
2023-04,Cargos Efetivos,Analista Legislativo,B,37,Vencimento,"14.738,40",,2025-07-18T21:12:21.190493
2023-04,Cargos Efetivos,Analista Legislativo,B,38,Vencimento,"15.106,86",,2025-07-18T21:12:21.190493
2023-04,Cargos Efetivos,Analista Legislativo,B,39,Vencimento,"15.484,53",,2025-07-18T21:12:21.190493
2023-04,Cargos Efetivos,Analista Legislativo,B,40,Vencimento,"15.871,64",,2025-07-18T21:12:21.190493
2023-04,Cargos Efetivos,Analista Legislativo,B,41,Vencimento,"16.268,43",,2025-07-18T21:12:21.190493
2023-04,Cargos Efetivos,Analista Legislativo,B,42,Vencimento,"16.675,14",,2025-07-18T21:12:21.190493
2023-04,Cargos Efetivos,Analista Legislativo,C,43,Vencimento,"17.342,15",,2025-07-18T21:12:21.190493
2023-04,Cargos Efetivos,Analista Legislativo,C,44,Vencimento,"17.775,70",,2025-07-18T21:12:21.190493
2023-04,Cargos Efetivos,Analista Legislativo,C,45,Vencimento,"18.220,09",,2025-07-18T21:12:21.190493
2023-04,Cargos Efetivos,Analista Legislativo,C,46,Vencimento,"18.675,59",,2025-07-18T21:12:21.190493
2023-04,Cargos Efetivos,Analista Legislativo,C,47,Vencimento,"19.142,48",,2025-07-18T21:12:21.190493
2023-04,Cargos Efetivos,Analista Legislativo,C,48,Vencimento,"19.621,04",,2025-07-18T21:12:21.190493
2023-04,Cargos Efetivos,Analista Legislativo,ESPECIAL,49-E,Vencimento,"20.405,88",,2025-07-18T21:12:21.190493
2023-04,Cargos Efetivos,Analista Legislativo,ESPECIAL,50-E,Vencimento,"20.916,03",,2025-07-18T21:12:21.190493
2023-04,Cargos Efetivos,Analista Legislativo,ESPECIAL,51-E,Vencimento,"21.438,93",,2025-07-18T21:12:21.190493
2023-04,Cargos Efetivos,Analista Legislativo,ESPECIAL,52-E,Vencimento,"21.974,90",,2025-07-18T21:12:21.190493
2023-04,Cargos Efetivos,Analista Legislativo,ESPECIAL,53-E,Vencimento,"22.524,27",,2025-07-18T21:12:21.190493
2023-04,Cargos Efetivos,Analista Legislativo,ESPECIAL,54-E,Vencimento,"23.087,38",,2025-07-18T21:12:21.190493
2023-04,Cargos Efetivos,Assistente Técnico,B,10,Classe,B,,2025-07-18T21:12:21.190493
2023-04,Cargos Efetivos,Assistente Técnico,B,11,Classe,B,,2025-07-18T21:12:21.190493
2023-04,Cargos Efetivos,Assistente Técnico,B,12,Classe,B,,2025-07-18T21:12:21.190493
2023-04,Cargos Efetivos,Assistente Técnico,C,13,Classe,C,,2025-07-18T21:12:21.190493
2023-04,Cargos Efetivos,Assistente Técnico,C,14,Classe,C,,2025-07-18T21:12:21.190493
2023-04,Cargos Efetivos,Assistente Técnico,C,15,Classe,C,,2025-07-18T21:12:21.190493
2023-04,Cargos Efetivos,Assistente Técnico,C,16,Classe,C,,2025-07-18T21:12:21.190493
2023-04,Cargos Efetivos,Assistente Técnico,C,17,Classe,C,,2025-07-18T21:12:21.190493
2023-04,Cargos Efetivos,Assistente Técnico,C,18,Classe,C,,2025-07-18T21:12:21.190493
2023-04,Cargos Efetivos,Assistente Técnico,ESPECIAL,19-E,Classe,ESPECIAL,,2025-07-18T21:12:21.190493
2023-04,Cargos Efetivos,Assistente Técnico,A,1,Classe,A,,2025-07-18T21:12:21.190493
2023-04,Cargos Efetivos,Assistente Técnico,ESPECIAL,20-E,Classe,ESPECIAL,,2025-07-18T21:12:21.190493
2023-04,Cargos Efetivos,Assistente Técnico,ESPECIAL,21-E,Classe,ESPECIAL,,2025-07-18T21:12:21.190493
2023-04,Cargos Efetivos,Assistente Técnico,ESPECIAL,22-E,Classe,ESPECIAL,,2025-07-18T21:12:21.190493
2023-04,Cargos Efetivos,Assistente Técnico,ESPECIAL,23-E,Classe,ESPECIAL,,2025-07-18T21:12:21.190493
2023-04,Cargos Efetivos,Assistente Técnico,ESPECIAL,24-E,Classe,ESPECIAL,,2025-07-18T21:12:21.190493
2023-04,Cargos Efetivos,Assistente Técnico,A,2,Classe,A,,2025-07-18T21:12:21.190493
2023-04,Cargos Efetivos,Assistente Técnico,A,3,Classe,A,,2025-07-18T21:12:21.190493
2023-04,Cargos Efetivos,Assistente Técnico,A,4,Classe,A,,2025-07-18T21:12:21.190493
2023-04,Cargos Efetivos,Assistente Técnico,A,5,Classe,A,,2025-07-18T21:12:21.190493
2023-04,Cargos Efetivos,Assistente Técnico,A,6,Classe,A,,2025-07-18T21:12:21.190493
2023-04,Cargos Efetivos,Assistente Técnico,B,7,Classe,B,,2025-07-18T21:12:21.190493
2023-04,Cargos Efetivos,Assistente Técnico,B,8,Classe,B,,2025-07-18T21:12:21.190493
2023-04,Cargos Efetivos,Assistente Técnico,B,9,Classe,B,,2025-07-18T21:12:21.190493
2023-04,Cargos Efetivos,Assistente Técnico,B,10,GAL,"214,19",,2025-07-18T21:12:21.190493
2023-04,Cargos Efetivos,Assistente Técnico,B,11,GAL,"219,54",,2025-07-18T21:12:21.190493
2023-04,Cargos Efetivos,Assistente Técnico,B,12,GAL,"225,03",,2025-07-18T21:12:21.190493
2023-04,Cargos Efetivos,Assistente Técnico,C,13,GAL,"234,03",,2025-07-18T21:12:21.190493
2023-04,Cargos Efetivos,Assistente Técnico,C,14,GAL,"239,88",,2025-07-18T21:12:21.190493
2023-04,Cargos Efetivos,Assistente Técnico,C,15,GAL,"245,88",,2025-07-18T21:12:21.190493
2023-04,Cargos Efetivos,Assistente Técnico,C,16,GAL,"252,02",,2025-07-18T21:12:21.190493
2023-04,Cargos Efetivos,Assistente Técnico,C,17,GAL,"258,32",,2025-07-18T21:12:21.190493
2023-04,Cargos Efetivos,Assistente Técnico,C,18,GAL,"264,78",,2025-07-18T21:12:21.190493
2023-04,Cargos Efetivos,Assistente Técnico,ESPECIAL,19-E,GAL,"275,37",,2025-07-18T21:12:21.190493
2023-04,Cargos Efetivos,Assistente Técnico,A,1,GAL,"169,03",,2025-07-18T21:12:21.190493
2023-04,Cargos Efetivos,Assistente Técnico,ESPECIAL,20-E,GAL,"282,26",,2025-07-18T21:12:21.190493
2023-04,Cargos Efetivos,Assistente Técnico,ESPECIAL,21-E,GAL,"289,32",,2025-07-18T21:12:21.190493
2023-04,Cargos Efetivos,Assistente Técnico,ESPECIAL,22-E,GAL,"296,55",,2025-07-18T21:12:21.190493
2023-04,Cargos Efetivos,Assistente Técnico,ESPECIAL,23-E,GAL,"303,96",,2025-07-18T21:12:21.190493
2023-04,Cargos Efetivos,Assistente Técnico,ESPECIAL,24-E,GAL,"311,56",,2025-07-18T21:12:21.190493
2023-04,Cargos Efetivos,Assistente Técnico,A,2,GAL,"173,26",,2025-07-18T21:12:21.190493
2023-04,Cargos Efetivos,Assistente Técnico,A,3,GAL,"177,59",,2025-07-18T21:12:21.190493
2023-04,Cargos Efetivos,Assistente Técnico,A,4,GAL,"182,03",,2025-07-18T21:12:21.190493
2023-04,Cargos Efetivos,Assistente Técnico,A,5,GAL,"186,58",,2025-07-18T21:12:21.190493
2023-04,Cargos Efetivos,Assistente Técnico,A,6,GAL,"191,24",,2025-07-18T21:12:21.190493
2023-04,Cargos Efetivos,Assistente Técnico,B,7,GAL,"198,89",,2025-07-18T21:12:21.190493
2023-04,Cargos Efetivos,Assistente Técnico,B,8,GAL,"203,86",,2025-07-18T21:12:21.190493
2023-04,Cargos Efetivos,Assistente Técnico,B,9,GAL,"208,96",,2025-07-18T21:12:21.190493
2023-04,Cargos Efetivos,Assistente Técnico,B,10,Padrao,10,,2025-07-18T21:12:21.190493
2023-04,Cargos Efetivos,Assistente Técnico,B,11,Padrao,11,,2025-07-18T21:12:21.190493
2023-04,Cargos Efetivos,Assistente Técnico,B,12,Padrao,12,,2025-07-18T21:12:21.190493
2023-04,Cargos Efetivos,Assistente Técnico,C,13,Padrao,13,,2025-07-18T21:12:21.190493
2023-04,Cargos Efetivos,Assistente Técnico,C,14,Padrao,14,,2025-07-18T21:12:21.190493
2023-04,Cargos Efetivos,Assistente Técnico,C,15,Padrao,15,,2025-07-18T21:12:21.190493
2023-04,Cargos Efetivos,Assistente Técnico,C,16,Padrao,16,,2025-07-18T21:12:21.190493
2023-04,Cargos Efetivos,Assistente Técnico,C,17,Padrao,17,,2025-07-18T21:12:21.190493
2023-04,Cargos Efetivos,Assistente Técnico,C,18,Padrao,18,,2025-07-18T21:12:21.190493
2023-04,Cargos Efetivos,Assistente Técnico,ESPECIAL,19-E,Padrao,19-E,,2025-07-18T21:12:21.190493
2023-04,Cargos Efetivos,Assistente Técnico,A,1,Padrao,1,,2025-07-18T21:12:21.190493
2023-04,Cargos Efetivos,Assistente Técnico,ESPECIAL,20-E,Padrao,20-E,,2025-07-18T21:12:21.190493
2023-04,Cargos Efetivos,Assistente Técnico,ESPECIAL,21-E,Padrao,21-E,,2025-07-18T21:12:21.190493
2023-04,Cargos Efetivos,Assistente Técnico,ESPECIAL,22-E,Padrao,22-E,,2025-07-18T21:12:21.190493
2023-04,Cargos Efetivos,Assistente Técnico,ESPECIAL,23-E,Padrao,23-E,,2025-07-18T21:12:21.190493
2023-04,Cargos Efetivos,Assistente Técnico,ESPECIAL,24-E,Padrao,24-E,,2025-07-18T21:12:21.190493
2023-04,Cargos Efetivos,Assistente Técnico,A,2,Padrao,2,,2025-07-18T21:12:21.190493
2023-04,Cargos Efetivos,Assistente Técnico,A,3,Padrao,3,,2025-07-18T21:12:21.190493
2023-04,Cargos Efetivos,Assistente Técnico,A,4,Padrao,4,,2025-07-18T21:12:21.190493
2023-04,Cargos Efetivos,Assistente Técnico,A,5,Padrao,5,,2025-07-18T21:12:21.190493
2023-04,Cargos Efetivos,Assistente Técnico,A,6,Padrao,6,,2025-07-18T21:12:21.190493
2023-04,Cargos Efetivos,Assistente Técnico,B,7,Padrao,7,,2025-07-18T21:12:21.190493
2023-04,Cargos Efetivos,Assistente Técnico,B,8,Padrao,8,,2025-07-18T21:12:21.190493
2023-04,Cargos Efetivos,Assistente Técnico,B,9,Padrao,9,,2025-07-18T21:12:21.190493
2023-04,Cargos Efetivos,Assistente Técnico,B,10,Total,"7.353,70",,2025-07-18T21:12:21.190493
2023-04,Cargos Efetivos,Assistente Técnico,B,11,Total,"7.537,54",,2025-07-18T21:12:21.190493
2023-04,Cargos Efetivos,Assistente Técnico,B,12,Total,"7.725,98",,2025-07-18T21:12:21.190493
2023-04,Cargos Efetivos,Assistente Técnico,C,13,Total,"8.035,02",,2025-07-18T21:12:21.190493
2023-04,Cargos Efetivos,Assistente Técnico,C,14,Total,"8.235,89",,2025-07-18T21:12:21.190493
2023-04,Cargos Efetivos,Assistente Técnico,C,15,Total,"8.441,79",,2025-07-18T21:12:21.190493
2023-04,Cargos Efetivos,Assistente Técnico,C,16,Total,"8.652,83",,2025-07-18T21:12:21.190493
2023-04,Cargos Efetivos,Assistente Técnico,C,17,Total,"8.869,15",,2025-07-18T21:12:21.190493
2023-04,Cargos Efetivos,Assistente Técnico,C,18,Total,"9.090,88",,2025-07-18T21:12:21.190493
2023-04,Cargos Efetivos,Assistente Técnico,ESPECIAL,19-E,Total,"9.454,51",,2025-07-18T21:12:21.190493
2023-04,Cargos Efetivos,Assistente Técnico,A,1,Total,"5.803,39",,2025-07-18T21:12:21.190493
2023-04,Cargos Efetivos,Assistente Técnico,ESPECIAL,20-E,Total,"9.690,88",,2025-07-18T21:12:21.190493
2023-04,Cargos Efetivos,Assistente Técnico,ESPECIAL,21-E,Total,"9.933,16",,2025-07-18T21:12:21.190493
2023-04,Cargos Efetivos,Assistente Técnico,ESPECIAL,22-E,Total,"10.181,49",,2025-07-18T21:12:21.190493
2023-04,Cargos Efetivos,Assistente Técnico,ESPECIAL,23-E,Total,"10.436,02",,2025-07-18T21:12:21.190493
2023-04,Cargos Efetivos,Assistente Técnico,ESPECIAL,24-E,Total,"10.696,92",,2025-07-18T21:12:21.190493
2023-04,Cargos Efetivos,Assistente Técnico,A,2,Total,"5.948,48",,2025-07-18T21:12:21.190493
2023-04,Cargos Efetivos,Assistente Técnico,A,3,Total,"6.097,19",,2025-07-18T21:12:21.190493
2023-04,Cargos Efetivos,Assistente Técnico,A,4,Total,"6.249,62",,2025-07-18T21:12:21.190493
2023-04,Cargos Efetivos,Assistente Técnico,A,5,Total,"6.405,86",,2025-07-18T21:12:21.190493
2023-04,Cargos Efetivos,Assistente Técnico,A,6,Total,"6.566,00",,2025-07-18T21:12:21.190493
2023-04,Cargos Efetivos,Assistente Técnico,B,7,Total,"6.828,64",,2025-07-18T21:12:21.190493
2023-04,Cargos Efetivos,Assistente Técnico,B,8,Total,"6.999,35",,2025-07-18T21:12:21.190493
2023-04,Cargos Efetivos,Assistente Técnico,B,9,Total,"7.174,34",,2025-07-18T21:12:21.190493
2023-04,Cargos Efetivos,Assistente Técnico,B,10,Vencimento,"7.139,51",,2025-07-18T21:12:21.190493
2023-04,Cargos Efetivos,Assistente Técnico,B,11,Vencimento,"7.318,00",,2025-07-18T21:12:21.190493
2023-04,Cargos Efetivos,Assistente Técnico,B,12,Vencimento,"7.500,95",,2025-07-18T21:12:21.190493
2023-04,Cargos Efetivos,Assistente Técnico,C,13,Vencimento,"7.800,99",,2025-07-18T21:12:21.190493
2023-04,Cargos Efetivos,Assistente Técnico,C,14,Vencimento,"7.996,01",,2025-07-18T21:12:21.190493
2023-04,Cargos Efetivos,Assistente Técnico,C,15,Vencimento,"8.195,91",,2025-07-18T21:12:21.190493
2023-04,Cargos Efetivos,Assistente Técnico,C,16,Vencimento,"8.400,81",,2025-07-18T21:12:21.190493
2023-04,Cargos Efetivos,Assistente Técnico,C,17,Vencimento,"8.610,83",,2025-07-18T21:12:21.190493
2023-04,Cargos Efetivos,Assistente Técnico,C,18,Vencimento,"8.826,10",,2025-07-18T21:12:21.190493
2023-04,Cargos Efetivos,Assistente Técnico,ESPECIAL,19-E,Vencimento,"9.179,14",,2025-07-18T21:12:21.190493
2023-04,Cargos Efetivos,Assistente Técnico,A,1,Vencimento,"5.634,36",,2025-07-18T21:12:21.190493
2023-04,Cargos Efetivos,Assistente Técnico,ESPECIAL,20-E,Vencimento,"9.408,62",,2025-07-18T21:12:21.190493
2023-04,Cargos Efetivos,Assistente Técnico,ESPECIAL,21-E,Vencimento,"9.643,84",,2025-07-18T21:12:21.190493
2023-04,Cargos Efetivos,Assistente Técnico,ESPECIAL,22-E,Vencimento,"9.884,94",,2025-07-18T21:12:21.190493
2023-04,Cargos Efetivos,Assistente Técnico,ESPECIAL,23-E,Vencimento,"10.132,06",,2025-07-18T21:12:21.190493
2023-04,Cargos Efetivos,Assistente Técnico,ESPECIAL,24-E,Vencimento,"10.385,36",,2025-07-18T21:12:21.190493
2023-04,Cargos Efetivos,Assistente Técnico,A,2,Vencimento,"5.775,22",,2025-07-18T21:12:21.190493
2023-04,Cargos Efetivos,Assistente Técnico,A,3,Vencimento,"5.919,60",,2025-07-18T21:12:21.190493
2023-04,Cargos Efetivos,Assistente Técnico,A,4,Vencimento,"6.067,59",,2025-07-18T21:12:21.190493
2023-04,Cargos Efetivos,Assistente Técnico,A,5,Vencimento,"6.219,28",,2025-07-18T21:12:21.190493
2023-04,Cargos Efetivos,Assistente Técnico,A,6,Vencimento,"6.374,76",,2025-07-18T21:12:21.190493
2023-04,Cargos Efetivos,Assistente Técnico,B,7,Vencimento,"6.629,75",,2025-07-18T21:12:21.190493
2023-04,Cargos Efetivos,Assistente Técnico,B,8,Vencimento,"6.795,49",,2025-07-18T21:12:21.190493
2023-04,Cargos Efetivos,Assistente Técnico,B,9,Vencimento,"6.965,38",,2025-07-18T21:12:21.190493
2023-04,Cargos Efetivos,Consultor Legislativo e Consultor Técnico Legislativo,A,46,Classe,A,,2025-07-18T21:12:21.190493
2023-04,Cargos Efetivos,Consultor Legislativo e Consultor Técnico Legislativo,A,47,Classe,A,,2025-07-18T21:12:21.190493
2023-04,Cargos Efetivos,Consultor Legislativo e Consultor Técnico Legislativo,A,48,Classe,A,,2025-07-18T21:12:21.190493
2023-04,Cargos Efetivos,Consultor Legislativo e Consultor Técnico Legislativo,A,49,Classe,A,,2025-07-18T21:12:21.190493
2023-04,Cargos Efetivos,Consultor Legislativo e Consultor Técnico Legislativo,A,50,Classe,A,,2025-07-18T21:12:21.190493
2023-04,Cargos Efetivos,Consultor Legislativo e Consultor Técnico Legislativo,A,51,Classe,A,,2025-07-18T21:12:21.190493
2023-04,Cargos Efetivos,Consultor Legislativo e Consultor Técnico Legislativo,B,52,Classe,B,,2025-07-18T21:12:21.190493
2023-04,Cargos Efetivos,Consultor Legislativo e Consultor Técnico Legislativo,B,53,Classe,B,,2025-07-18T21:12:21.190493
2023-04,Cargos Efetivos,Consultor Legislativo e Consultor Técnico Legislativo,B,54,Classe,B,,2025-07-18T21:12:21.190493
2023-04,Cargos Efetivos,Consultor Legislativo e Consultor Técnico Legislativo,B,55,Classe,B,,2025-07-18T21:12:21.190493
2023-04,Cargos Efetivos,Consultor Legislativo e Consultor Técnico Legislativo,B,56,Classe,B,,2025-07-18T21:12:21.190493
2023-04,Cargos Efetivos,Consultor Legislativo e Consultor Técnico Legislativo,B,57,Classe,B,,2025-07-18T21:12:21.190493
2023-04,Cargos Efetivos,Consultor Legislativo e Consultor Técnico Legislativo,C,58,Classe,C,,2025-07-18T21:12:21.190493
2023-04,Cargos Efetivos,Consultor Legislativo e Consultor Técnico Legislativo,C,59,Classe,C,,2025-07-18T21:12:21.190493
2023-04,Cargos Efetivos,Consultor Legislativo e Consultor Técnico Legislativo,C,60,Classe,C,,2025-07-18T21:12:21.190493
2023-04,Cargos Efetivos,Consultor Legislativo e Consultor Técnico Legislativo,C,61,Classe,C,,2025-07-18T21:12:21.190493
2023-04,Cargos Efetivos,Consultor Legislativo e Consultor Técnico Legislativo,C,62,Classe,C,,2025-07-18T21:12:21.190493
2023-04,Cargos Efetivos,Consultor Legislativo e Consultor Técnico Legislativo,C,63,Classe,C,,2025-07-18T21:12:21.190493
2023-04,Cargos Efetivos,Consultor Legislativo e Consultor Técnico Legislativo,ESPECIAL,64-E,Classe,ESPECIAL,,2025-07-18T21:12:21.190493
2023-04,Cargos Efetivos,Consultor Legislativo e Consultor Técnico Legislativo,ESPECIAL,65-E,Classe,ESPECIAL,,2025-07-18T21:12:21.190493
2023-04,Cargos Efetivos,Consultor Legislativo e Consultor Técnico Legislativo,ESPECIAL,66-E,Classe,ESPECIAL,,2025-07-18T21:12:21.190493
2023-04,Cargos Efetivos,Consultor Legislativo e Consultor Técnico Legislativo,ESPECIAL,67-E,Classe,ESPECIAL,,2025-07-18T21:12:21.190493
2023-04,Cargos Efetivos,Consultor Legislativo e Consultor Técnico Legislativo,ESPECIAL,68-E,Classe,ESPECIAL,,2025-07-18T21:12:21.190493
2023-04,Cargos Efetivos,Consultor Legislativo e Consultor Técnico Legislativo,ESPECIAL,69-E,Classe,ESPECIAL,,2025-07-18T21:12:21.190493
2023-04,Cargos Efetivos,Consultor Legislativo e Consultor Técnico Legislativo,A,46,GAL,"560,27",,2025-07-18T21:12:21.190493
2023-04,Cargos Efetivos,Consultor Legislativo e Consultor Técnico Legislativo,A,47,GAL,"574,27",,2025-07-18T21:12:21.190493
2023-04,Cargos Efetivos,Consultor Legislativo e Consultor Técnico Legislativo,A,48,GAL,"588,63",,2025-07-18T21:12:21.190493
2023-04,Cargos Efetivos,Consultor Legislativo e Consultor Técnico Legislativo,A,49,GAL,"603,35",,2025-07-18T21:12:21.190493
2023-04,Cargos Efetivos,Consultor Legislativo e Consultor Técnico Legislativo,A,50,GAL,"618,43",,2025-07-18T21:12:21.190493
2023-04,Cargos Efetivos,Consultor Legislativo e Consultor Técnico Legislativo,A,51,GAL,"633,89",,2025-07-18T21:12:21.190493
2023-04,Cargos Efetivos,Consultor Legislativo e Consultor Técnico Legislativo,B,52,GAL,"659,25",,2025-07-18T21:12:21.190493
2023-04,Cargos Efetivos,Consultor Legislativo e Consultor Técnico Legislativo,B,53,GAL,"675,73",,2025-07-18T21:12:21.190493
2023-04,Cargos Efetivos,Consultor Legislativo e Consultor Técnico Legislativo,B,54,GAL,"692,62",,2025-07-18T21:12:21.190493
2023-04,Cargos Efetivos,Consultor Legislativo e Consultor Técnico Legislativo,B,55,GAL,"709,94",,2025-07-18T21:12:21.190493
2023-04,Cargos Efetivos,Consultor Legislativo e Consultor Técnico Legislativo,B,56,GAL,"727,69",,2025-07-18T21:12:21.190493
2023-04,Cargos Efetivos,Consultor Legislativo e Consultor Técnico Legislativo,B,57,GAL,"745,88",,2025-07-18T21:12:21.190493
2023-04,Cargos Efetivos,Consultor Legislativo e Consultor Técnico Legislativo,C,58,GAL,"775,71",,2025-07-18T21:12:21.190493
2023-04,Cargos Efetivos,Consultor Legislativo e Consultor Técnico Legislativo,C,59,GAL,"795,11",,2025-07-18T21:12:21.190493
2023-04,Cargos Efetivos,Consultor Legislativo e Consultor Técnico Legislativo,C,60,GAL,"814,98",,2025-07-18T21:12:21.190493
2023-04,Cargos Efetivos,Consultor Legislativo e Consultor Técnico Legislativo,C,61,GAL,"835,36",,2025-07-18T21:12:21.190493
2023-04,Cargos Efetivos,Consultor Legislativo e Consultor Técnico Legislativo,C,62,GAL,"856,24",,2025-07-18T21:12:21.190493
2023-04,Cargos Efetivos,Consultor Legislativo e Consultor Técnico Legislativo,C,63,GAL,"877,65",,2025-07-18T21:12:21.190493
2023-04,Cargos Efetivos,Consultor Legislativo e Consultor Técnico Legislativo,ESPECIAL,64-E,GAL,"912,75",,2025-07-18T21:12:21.190493
2023-04,Cargos Efetivos,Consultor Legislativo e Consultor Técnico Legislativo,ESPECIAL,65-E,GAL,"935,57",,2025-07-18T21:12:21.190493
2023-04,Cargos Efetivos,Consultor Legislativo e Consultor Técnico Legislativo,ESPECIAL,66-E,GAL,"958,96",,2025-07-18T21:12:21.190493
2023-04,Cargos Efetivos,Consultor Legislativo e Consultor Técnico Legislativo,ESPECIAL,67-E,GAL,"982,94",,2025-07-18T21:12:21.190493
2023-04,Cargos Efetivos,Consultor Legislativo e Consultor Técnico Legislativo,ESPECIAL,68-E,GAL,"1.007,51",,2025-07-18T21:12:21.190493
2023-04,Cargos Efetivos,Consultor Legislativo e Consultor Técnico Legislativo,ESPECIAL,69-E,GAL,"1.032,70",,2025-07-18T21:12:21.190493
2023-04,Cargos Efetivos,Consultor Legislativo e Consultor Técnico Legislativo,A,46,Padrao,46,,2025-07-18T21:12:21.190493
2023-04,Cargos Efetivos,Consultor Legislativo e Consultor Técnico Legislativo,A,47,Padrao,47,,2025-07-18T21:12:21.190493
2023-04,Cargos Efetivos,Consultor Legislativo e Consultor Técnico Legislativo,A,48,Padrao,48,,2025-07-18T21:12:21.190493
2023-04,Cargos Efetivos,Consultor Legislativo e Consultor Técnico Legislativo,A,49,Padrao,49,,2025-07-18T21:12:21.190493
2023-04,Cargos Efetivos,Consultor Legislativo e Consultor Técnico Legislativo,A,50,Padrao,50,,2025-07-18T21:12:21.190493
2023-04,Cargos Efetivos,Consultor Legislativo e Consultor Técnico Legislativo,A,51,Padrao,51,,2025-07-18T21:12:21.190493
2023-04,Cargos Efetivos,Consultor Legislativo e Consultor Técnico Legislativo,B,52,Padrao,52,,2025-07-18T21:12:21.190493
2023-04,Cargos Efetivos,Consultor Legislativo e Consultor Técnico Legislativo,B,53,Padrao,53,,2025-07-18T21:12:21.190493
2023-04,Cargos Efetivos,Consultor Legislativo e Consultor Técnico Legislativo,B,54,Padrao,54,,2025-07-18T21:12:21.190493
2023-04,Cargos Efetivos,Consultor Legislativo e Consultor Técnico Legislativo,B,55,Padrao,55,,2025-07-18T21:12:21.190493
2023-04,Cargos Efetivos,Consultor Legislativo e Consultor Técnico Legislativo,B,56,Padrao,56,,2025-07-18T21:12:21.190493
2023-04,Cargos Efetivos,Consultor Legislativo e Consultor Técnico Legislativo,B,57,Padrao,57,,2025-07-18T21:12:21.190493
2023-04,Cargos Efetivos,Consultor Legislativo e Consultor Técnico Legislativo,C,58,Padrao,58,,2025-07-18T21:12:21.190493
2023-04,Cargos Efetivos,Consultor Legislativo e Consultor Técnico Legislativo,C,59,Padrao,59,,2025-07-18T21:12:21.190493
2023-04,Cargos Efetivos,Consultor Legislativo e Consultor Técnico Legislativo,C,60,Padrao,60,,2025-07-18T21:12:21.190493
2023-04,Cargos Efetivos,Consultor Legislativo e Consultor Técnico Legislativo,C,61,Padrao,61,,2025-07-18T21:12:21.190493
2023-04,Cargos Efetivos,Consultor Legislativo e Consultor Técnico Legislativo,C,62,Padrao,62,,2025-07-18T21:12:21.190493
2023-04,Cargos Efetivos,Consultor Legislativo e Consultor Técnico Legislativo,C,63,Padrao,63,,2025-07-18T21:12:21.190493
2023-04,Cargos Efetivos,Consultor Legislativo e Consultor Técnico Legislativo,ESPECIAL,64-E,Padrao,64-E,,2025-07-18T21:12:21.190493
2023-04,Cargos Efetivos,Consultor Legislativo e Consultor Técnico Legislativo,ESPECIAL,65-E,Padrao,65-E,,2025-07-18T21:12:21.190493
2023-04,Cargos Efetivos,Consultor Legislativo e Consultor Técnico Legislativo,ESPECIAL,66-E,Padrao,66-E,,2025-07-18T21:12:21.190493
2023-04,Cargos Efetivos,Consultor Legislativo e Consultor Técnico Legislativo,ESPECIAL,67-E,Padrao,67-E,,2025-07-18T21:12:21.190493
2023-04,Cargos Efetivos,Consultor Legislativo e Consultor Técnico Legislativo,ESPECIAL,68-E,Padrao,68-E,,2025-07-18T21:12:21.190493
2023-04,Cargos Efetivos,Consultor Legislativo e Consultor Técnico Legislativo,ESPECIAL,69-E,Padrao,69-E,,2025-07-18T21:12:21.190493
2023-04,Cargos Efetivos,Consultor Legislativo e Consultor Técnico Legislativo,A,46,Total,"19.235,86",,2025-07-18T21:12:21.190493
2023-04,Cargos Efetivos,Consultor Legislativo e Consultor Técnico Legislativo,A,47,Total,"19.716,75",,2025-07-18T21:12:21.190493
2023-04,Cargos Efetivos,Consultor Legislativo e Consultor Técnico Legislativo,A,48,Total,"20.209,67",,2025-07-18T21:12:21.190493
2023-04,Cargos Efetivos,Consultor Legislativo e Consultor Técnico Legislativo,A,49,Total,"20.714,92",,2025-07-18T21:12:21.190493
2023-04,Cargos Efetivos,Consultor Legislativo e Consultor Técnico Legislativo,A,50,Total,"21.232,79",,2025-07-18T21:12:21.190493
2023-04,Cargos Efetivos,Consultor Legislativo e Consultor Técnico Legislativo,A,51,Total,"21.763,61",,2025-07-18T21:12:21.190493
2023-04,Cargos Efetivos,Consultor Legislativo e Consultor Técnico Legislativo,B,52,Total,"22.634,16",,2025-07-18T21:12:21.190493
2023-04,Cargos Efetivos,Consultor Legislativo e Consultor Técnico Legislativo,B,53,Total,"23.200,01",,2025-07-18T21:12:21.190493
2023-04,Cargos Efetivos,Consultor Legislativo e Consultor Técnico Legislativo,B,54,Total,"23.780,01",,2025-07-18T21:12:21.190493
2023-04,Cargos Efetivos,Consultor Legislativo e Consultor Técnico Legislativo,B,55,Total,"24.374,51",,2025-07-18T21:12:21.190493
2023-04,Cargos Efetivos,Consultor Legislativo e Consultor Técnico Legislativo,B,56,Total,"24.983,87",,2025-07-18T21:12:21.190493
2023-04,Cargos Efetivos,Consultor Legislativo e Consultor Técnico Legislativo,B,57,Total,"25.608,46",,2025-07-18T21:12:21.190493
2023-04,Cargos Efetivos,Consultor Legislativo e Consultor Técnico Legislativo,C,58,Total,"26.632,79",,2025-07-18T21:12:21.190493
2023-04,Cargos Efetivos,Consultor Legislativo e Consultor Técnico Legislativo,C,59,Total,"27.298,62",,2025-07-18T21:12:21.190493
2023-04,Cargos Efetivos,Consultor Legislativo e Consultor Técnico Legislativo,C,60,Total,"27.981,08",,2025-07-18T21:12:21.190493
2023-04,Cargos Efetivos,Consultor Legislativo e Consultor Técnico Legislativo,C,61,Total,"28.680,61",,2025-07-18T21:12:21.190493
2023-04,Cargos Efetivos,Consultor Legislativo e Consultor Técnico Legislativo,C,62,Total,"29.397,62",,2025-07-18T21:12:21.190493
2023-04,Cargos Efetivos,Consultor Legislativo e Consultor Técnico Legislativo,C,63,Total,"30.132,56",,2025-07-18T21:12:21.190493
2023-04,Cargos Efetivos,Consultor Legislativo e Consultor Técnico Legislativo,ESPECIAL,64-E,Total,"31.337,86",,2025-07-18T21:12:21.190493
2023-04,Cargos Efetivos,Consultor Legislativo e Consultor Técnico Legislativo,ESPECIAL,65-E,Total,"32.121,31",,2025-07-18T21:12:21.190493
2023-04,Cargos Efetivos,Consultor Legislativo e Consultor Técnico Legislativo,ESPECIAL,66-E,Total,"32.924,34",,2025-07-18T21:12:21.190493
2023-04,Cargos Efetivos,Consultor Legislativo e Consultor Técnico Legislativo,ESPECIAL,67-E,Total,"33.747,45",,2025-07-18T21:12:21.190493
2023-04,Cargos Efetivos,Consultor Legislativo e Consultor Técnico Legislativo,ESPECIAL,68-E,Total,"34.591,13",,2025-07-18T21:12:21.190493
2023-04,Cargos Efetivos,Consultor Legislativo e Consultor Técnico Legislativo,ESPECIAL,69-E,Total,"35.455,91",,2025-07-18T21:12:21.190493
2023-04,Cargos Efetivos,Consultor Legislativo e Consultor Técnico Legislativo,A,46,Vencimento,"18.675,59",,2025-07-18T21:12:21.190493
2023-04,Cargos Efetivos,Consultor Legislativo e Consultor Técnico Legislativo,A,47,Vencimento,"19.142,48",,2025-07-18T21:12:21.190493
2023-04,Cargos Efetivos,Consultor Legislativo e Consultor Técnico Legislativo,A,48,Vencimento,"19.621,04",,2025-07-18T21:12:21.190493
2023-04,Cargos Efetivos,Consultor Legislativo e Consultor Técnico Legislativo,A,49,Vencimento,"20.111,57",,2025-07-18T21:12:21.190493
2023-04,Cargos Efetivos,Consultor Legislativo e Consultor Técnico Legislativo,A,50,Vencimento,"20.614,36",,2025-07-18T21:12:21.190493
2023-04,Cargos Efetivos,Consultor Legislativo e Consultor Técnico Legislativo,A,51,Vencimento,"21.129,72",,2025-07-18T21:12:21.190493
2023-04,Cargos Efetivos,Consultor Legislativo e Consultor Técnico Legislativo,B,52,Vencimento,"21.974,91",,2025-07-18T21:12:21.190493
2023-04,Cargos Efetivos,Consultor Legislativo e Consultor Técnico Legislativo,B,53,Vencimento,"22.524,28",,2025-07-18T21:12:21.190493
2023-04,Cargos Efetivos,Consultor Legislativo e Consultor Técnico Legislativo,B,54,Vencimento,"23.087,39",,2025-07-18T21:12:21.190493
2023-04,Cargos Efetivos,Consultor Legislativo e Consultor Técnico Legislativo,B,55,Vencimento,"23.664,57",,2025-07-18T21:12:21.190493
2023-04,Cargos Efetivos,Consultor Legislativo e Consultor Técnico Legislativo,B,56,Vencimento,"24.256,18",,2025-07-18T21:12:21.190493
2023-04,Cargos Efetivos,Consultor Legislativo e Consultor Técnico Legislativo,B,57,Vencimento,"24.862,58",,2025-07-18T21:12:21.190493
2023-04,Cargos Efetivos,Consultor Legislativo e Consultor Técnico Legislativo,C,58,Vencimento,"25.857,08",,2025-07-18T21:12:21.190493
2023-04,Cargos Efetivos,Consultor Legislativo e Consultor Técnico Legislativo,C,59,Vencimento,"26.503,51",,2025-07-18T21:12:21.190493
2023-04,Cargos Efetivos,Consultor Legislativo e Consultor Técnico Legislativo,C,60,Vencimento,"27.166,10",,2025-07-18T21:12:21.190493
2023-04,Cargos Efetivos,Consultor Legislativo e Consultor Técnico Legislativo,C,61,Vencimento,"27.845,25",,2025-07-18T21:12:21.190493
2023-04,Cargos Efetivos,Consultor Legislativo e Consultor Técnico Legislativo,C,62,Vencimento,"28.541,38",,2025-07-18T21:12:21.190493
2023-04,Cargos Efetivos,Consultor Legislativo e Consultor Técnico Legislativo,C,63,Vencimento,"29.254,91",,2025-07-18T21:12:21.190493
2023-04,Cargos Efetivos,Consultor Legislativo e Consultor Técnico Legislativo,ESPECIAL,64-E,Vencimento,"30.425,11",,2025-07-18T21:12:21.190493
2023-04,Cargos Efetivos,Consultor Legislativo e Consultor Técnico Legislativo,ESPECIAL,65-E,Vencimento,"31.185,74",,2025-07-18T21:12:21.190493
2023-04,Cargos Efetivos,Consultor Legislativo e Consultor Técnico Legislativo,ESPECIAL,66-E,Vencimento,"31.965,38",,2025-07-18T21:12:21.190493
2023-04,Cargos Efetivos,Consultor Legislativo e Consultor Técnico Legislativo,ESPECIAL,67-E,Vencimento,"32.764,51",,2025-07-18T21:12:21.190493
2023-04,Cargos Efetivos,Consultor Legislativo e Consultor Técnico Legislativo,ESPECIAL,68-E,Vencimento,"33.583,62",,2025-07-18T21:12:21.190493
2023-04,Cargos Efetivos,Consultor Legislativo e Consultor Técnico Legislativo,ESPECIAL,69-E,Vencimento,"34.423,21",,2025-07-18T21:12:21.190493
2023-04,Cargos Efetivos,Procurador,A,49,Classe,A,,2025-07-18T21:12:21.190493
2023-04,Cargos Efetivos,Procurador,A,50,Classe,A,,2025-07-18T21:12:21.190493
2023-04,Cargos Efetivos,Procurador,A,51,Classe,A,,2025-07-18T21:12:21.190493
2023-04,Cargos Efetivos,Procurador,B,52,Classe,B,,2025-07-18T21:12:21.190493
2023-04,Cargos Efetivos,Procurador,B,53,Classe,B,,2025-07-18T21:12:21.190493
2023-04,Cargos Efetivos,Procurador,B,54,Classe,B,,2025-07-18T21:12:21.190493
2023-04,Cargos Efetivos,Procurador,B,55,Classe,B,,2025-07-18T21:12:21.190493
2023-04,Cargos Efetivos,Procurador,B,56,Classe,B,,2025-07-18T21:12:21.190493
2023-04,Cargos Efetivos,Procurador,B,57,Classe,B,,2025-07-18T21:12:21.190493
2023-04,Cargos Efetivos,Procurador,C,58,Classe,C,,2025-07-18T21:12:21.190493
2023-04,Cargos Efetivos,Procurador,C,59,Classe,C,,2025-07-18T21:12:21.190493
2023-04,Cargos Efetivos,Procurador,C,60,Classe,C,,2025-07-18T21:12:21.190493
2023-04,Cargos Efetivos,Procurador,C,61,Classe,C,,2025-07-18T21:12:21.190493
2023-04,Cargos Efetivos,Procurador,C,62,Classe,C,,2025-07-18T21:12:21.190493
2023-04,Cargos Efetivos,Procurador,C,63,Classe,C,,2025-07-18T21:12:21.190493
2023-04,Cargos Efetivos,Procurador,ESPECIAL,64-E,Classe,ESPECIAL,,2025-07-18T21:12:21.190493
2023-04,Cargos Efetivos,Procurador,ESPECIAL,65-E,Classe,ESPECIAL,,2025-07-18T21:12:21.190493
2023-04,Cargos Efetivos,Procurador,ESPECIAL,66-E,Classe,ESPECIAL,,2025-07-18T21:12:21.190493
2023-04,Cargos Efetivos,Procurador,ESPECIAL,67-E,Classe,ESPECIAL,,2025-07-18T21:12:21.190493
2023-04,Cargos Efetivos,Procurador,ESPECIAL,68-E,Classe,ESPECIAL,,2025-07-18T21:12:21.190493
2023-04,Cargos Efetivos,Procurador,ESPECIAL,69-E,Classe,ESPECIAL,,2025-07-18T21:12:21.190493
2023-04,Cargos Efetivos,Procurador,A,46,Classe,A,,2025-07-18T21:12:21.190493
2023-04,Cargos Efetivos,Procurador,A,47,Classe,A,,2025-07-18T21:12:21.190493
2023-04,Cargos Efetivos,Procurador,A,48,Classe,A,,2025-07-18T21:12:21.190493
2023-04,Cargos Efetivos,Procurador,A,49,GAL,"603,35",,2025-07-18T21:12:21.190493
2023-04,Cargos Efetivos,Procurador,A,50,GAL,"618,43",,2025-07-18T21:12:21.190493
2023-04,Cargos Efetivos,Procurador,A,51,GAL,"633,89",,2025-07-18T21:12:21.190493
2023-04,Cargos Efetivos,Procurador,B,52,GAL,"659,25",,2025-07-18T21:12:21.190493
2023-04,Cargos Efetivos,Procurador,B,53,GAL,"675,73",,2025-07-18T21:12:21.190493
2023-04,Cargos Efetivos,Procurador,B,54,GAL,"692,62",,2025-07-18T21:12:21.190493
2023-04,Cargos Efetivos,Procurador,B,55,GAL,"709,94",,2025-07-18T21:12:21.190493
2023-04,Cargos Efetivos,Procurador,B,56,GAL,"727,69",,2025-07-18T21:12:21.190493
2023-04,Cargos Efetivos,Procurador,B,57,GAL,"745,88",,2025-07-18T21:12:21.190493
2023-04,Cargos Efetivos,Procurador,C,58,GAL,"775,71",,2025-07-18T21:12:21.190493
2023-04,Cargos Efetivos,Procurador,C,59,GAL,"795,11",,2025-07-18T21:12:21.190493
2023-04,Cargos Efetivos,Procurador,C,60,GAL,"814,98",,2025-07-18T21:12:21.190493
2023-04,Cargos Efetivos,Procurador,C,61,GAL,"835,36",,2025-07-18T21:12:21.190493
2023-04,Cargos Efetivos,Procurador,C,62,GAL,"856,24",,2025-07-18T21:12:21.190493
2023-04,Cargos Efetivos,Procurador,C,63,GAL,"877,65",,2025-07-18T21:12:21.190493
2023-04,Cargos Efetivos,Procurador,ESPECIAL,64-E,GAL,"912,75",,2025-07-18T21:12:21.190493
2023-04,Cargos Efetivos,Procurador,ESPECIAL,65-E,GAL,"935,57",,2025-07-18T21:12:21.190493
2023-04,Cargos Efetivos,Procurador,ESPECIAL,66-E,GAL,"958,96",,2025-07-18T21:12:21.190493
2023-04,Cargos Efetivos,Procurador,ESPECIAL,67-E,GAL,"982,94",,2025-07-18T21:12:21.190493
2023-04,Cargos Efetivos,Procurador,ESPECIAL,68-E,GAL,"1.007,51",,2025-07-18T21:12:21.190493
2023-04,Cargos Efetivos,Procurador,ESPECIAL,69-E,GAL,"1.032,70",,2025-07-18T21:12:21.190493
2023-04,Cargos Efetivos,Procurador,A,46,GAL,"560,27",,2025-07-18T21:12:21.190493
2023-04,Cargos Efetivos,Procurador,A,47,GAL,"574,27",,2025-07-18T21:12:21.190493
2023-04,Cargos Efetivos,Procurador,A,48,GAL,"588,63",,2025-07-18T21:12:21.190493
2023-04,Cargos Efetivos,Procurador,A,49,Padrao,49,,2025-07-18T21:12:21.190493
2023-04,Cargos Efetivos,Procurador,A,50,Padrao,50,,2025-07-18T21:12:21.190493
2023-04,Cargos Efetivos,Procurador,A,51,Padrao,51,,2025-07-18T21:12:21.190493
2023-04,Cargos Efetivos,Procurador,B,52,Padrao,52,,2025-07-18T21:12:21.190493
2023-04,Cargos Efetivos,Procurador,B,53,Padrao,53,,2025-07-18T21:12:21.190493
2023-04,Cargos Efetivos,Procurador,B,54,Padrao,54,,2025-07-18T21:12:21.190493
2023-04,Cargos Efetivos,Procurador,B,55,Padrao,55,,2025-07-18T21:12:21.190493
2023-04,Cargos Efetivos,Procurador,B,56,Padrao,56,,2025-07-18T21:12:21.190493
2023-04,Cargos Efetivos,Procurador,B,57,Padrao,57,,2025-07-18T21:12:21.190493
2023-04,Cargos Efetivos,Procurador,C,58,Padrao,58,,2025-07-18T21:12:21.190493
2023-04,Cargos Efetivos,Procurador,C,59,Padrao,59,,2025-07-18T21:12:21.190493
2023-04,Cargos Efetivos,Procurador,C,60,Padrao,60,,2025-07-18T21:12:21.190493
2023-04,Cargos Efetivos,Procurador,C,61,Padrao,61,,2025-07-18T21:12:21.190493
2023-04,Cargos Efetivos,Procurador,C,62,Padrao,62,,2025-07-18T21:12:21.190493
2023-04,Cargos Efetivos,Procurador,C,63,Padrao,63,,2025-07-18T21:12:21.190493
2023-04,Cargos Efetivos,Procurador,ESPECIAL,64-E,Padrao,64-E,,2025-07-18T21:12:21.190493
2023-04,Cargos Efetivos,Procurador,ESPECIAL,65-E,Padrao,65-E,,2025-07-18T21:12:21.190493
2023-04,Cargos Efetivos,Procurador,ESPECIAL,66-E,Padrao,66-E,,2025-07-18T21:12:21.190493
2023-04,Cargos Efetivos,Procurador,ESPECIAL,67-E,Padrao,67-E,,2025-07-18T21:12:21.190493
2023-04,Cargos Efetivos,Procurador,ESPECIAL,68-E,Padrao,68-E,,2025-07-18T21:12:21.190493
2023-04,Cargos Efetivos,Procurador,ESPECIAL,69-E,Padrao,69-E,,2025-07-18T21:12:21.190493
2023-04,Cargos Efetivos,Procurador,A,46,Padrao,46,,2025-07-18T21:12:21.190493
2023-04,Cargos Efetivos,Procurador,A,47,Padrao,47,,2025-07-18T21:12:21.190493
2023-04,Cargos Efetivos,Procurador,A,48,Padrao,48,,2025-07-18T21:12:21.190493
2023-04,Cargos Efetivos,Procurador,A,49,Total,"20.714,92",,2025-07-18T21:12:21.190493
2023-04,Cargos Efetivos,Procurador,A,50,Total,"21.232,79",,2025-07-18T21:12:21.190493
2023-04,Cargos Efetivos,Procurador,A,51,Total,"21.763,61",,2025-07-18T21:12:21.190493
2023-04,Cargos Efetivos,Procurador,B,52,Total,"22.634,16",,2025-07-18T21:12:21.190493
2023-04,Cargos Efetivos,Procurador,B,53,Total,"23.200,01",,2025-07-18T21:12:21.190493
2023-04,Cargos Efetivos,Procurador,B,54,Total,"23.780,01",,2025-07-18T21:12:21.190493
2023-04,Cargos Efetivos,Procurador,B,55,Total,"24.374,51",,2025-07-18T21:12:21.190493
2023-04,Cargos Efetivos,Procurador,B,56,Total,"24.983,87",,2025-07-18T21:12:21.190493
2023-04,Cargos Efetivos,Procurador,B,57,Total,"25.608,46",,2025-07-18T21:12:21.190493
2023-04,Cargos Efetivos,Procurador,C,58,Total,"26.632,79",,2025-07-18T21:12:21.190493
2023-04,Cargos Efetivos,Procurador,C,59,Total,"27.298,62",,2025-07-18T21:12:21.190493
2023-04,Cargos Efetivos,Procurador,C,60,Total,"27.981,08",,2025-07-18T21:12:21.190493
2023-04,Cargos Efetivos,Procurador,C,61,Total,"28.680,61",,2025-07-18T21:12:21.190493
2023-04,Cargos Efetivos,Procurador,C,62,Total,"29.397,62",,2025-07-18T21:12:21.190493
2023-04,Cargos Efetivos,Procurador,C,63,Total,"30.132,56",,2025-07-18T21:12:21.190493
2023-04,Cargos Efetivos,Procurador,ESPECIAL,64-E,Total,"31.337,86",,2025-07-18T21:12:21.190493
2023-04,Cargos Efetivos,Procurador,ESPECIAL,65-E,Total,"32.121,31",,2025-07-18T21:12:21.190493
2023-04,Cargos Efetivos,Procurador,ESPECIAL,66-E,Total,"32.924,34",,2025-07-18T21:12:21.190493
2023-04,Cargos Efetivos,Procurador,ESPECIAL,67-E,Total,"33.747,45",,2025-07-18T21:12:21.190493
2023-04,Cargos Efetivos,Procurador,ESPECIAL,68-E,Total,"34.591,13",,2025-07-18T21:12:21.190493
2023-04,Cargos Efetivos,Procurador,ESPECIAL,69-E,Total,"35.455,91",,2025-07-18T21:12:21.190493
2023-04,Cargos Efetivos,Procurador,A,46,Total,"19.235,86",,2025-07-18T21:12:21.190493
2023-04,Cargos Efetivos,Procurador,A,47,Total,"19.716,75",,2025-07-18T21:12:21.190493
2023-04,Cargos Efetivos,Procurador,A,48,Total,"20.209,67",,2025-07-18T21:12:21.190493
2023-04,Cargos Efetivos,Procurador,A,49,Vencimento,"20.111,57",,2025-07-18T21:12:21.190493
2023-04,Cargos Efetivos,Procurador,A,50,Vencimento,"20.614,36",,2025-07-18T21:12:21.190493
2023-04,Cargos Efetivos,Procurador,A,51,Vencimento,"21.129,72",,2025-07-18T21:12:21.190493
2023-04,Cargos Efetivos,Procurador,B,52,Vencimento,"21.974,91",,2025-07-18T21:12:21.190493
2023-04,Cargos Efetivos,Procurador,B,53,Vencimento,"22.524,28",,2025-07-18T21:12:21.190493
2023-04,Cargos Efetivos,Procurador,B,54,Vencimento,"23.087,39",,2025-07-18T21:12:21.190493
2023-04,Cargos Efetivos,Procurador,B,55,Vencimento,"23.664,57",,2025-07-18T21:12:21.190493
2023-04,Cargos Efetivos,Procurador,B,56,Vencimento,"24.256,18",,2025-07-18T21:12:21.190493
2023-04,Cargos Efetivos,Procurador,B,57,Vencimento,"24.862,58",,2025-07-18T21:12:21.190493
2023-04,Cargos Efetivos,Procurador,C,58,Vencimento,"25.857,08",,2025-07-18T21:12:21.190493
2023-04,Cargos Efetivos,Procurador,C,59,Vencimento,"26.503,51",,2025-07-18T21:12:21.190493
2023-04,Cargos Efetivos,Procurador,C,60,Vencimento,"27.166,10",,2025-07-18T21:12:21.190493
2023-04,Cargos Efetivos,Procurador,C,61,Vencimento,"27.845,25",,2025-07-18T21:12:21.190493
2023-04,Cargos Efetivos,Procurador,C,62,Vencimento,"28.541,38",,2025-07-18T21:12:21.190493
2023-04,Cargos Efetivos,Procurador,C,63,Vencimento,"29.254,91",,2025-07-18T21:12:21.190493
2023-04,Cargos Efetivos,Procurador,ESPECIAL,64-E,Vencimento,"30.425,11",,2025-07-18T21:12:21.190493
2023-04,Cargos Efetivos,Procurador,ESPECIAL,65-E,Vencimento,"31.185,74",,2025-07-18T21:12:21.190493
2023-04,Cargos Efetivos,Procurador,ESPECIAL,66-E,Vencimento,"31.965,38",,2025-07-18T21:12:21.190493
2023-04,Cargos Efetivos,Procurador,ESPECIAL,67-E,Vencimento,"32.764,51",,2025-07-18T21:12:21.190493
2023-04,Cargos Efetivos,Procurador,ESPECIAL,68-E,Vencimento,"33.583,62",,2025-07-18T21:12:21.190493
2023-04,Cargos Efetivos,Procurador,ESPECIAL,69-E,Vencimento,"34.423,21",,2025-07-18T21:12:21.190493
2023-04,Cargos Efetivos,Procurador,A,46,Vencimento,"18.675,59",,2025-07-18T21:12:21.190493
2023-04,Cargos Efetivos,Procurador,A,47,Vencimento,"19.142,48",,2025-07-18T21:12:21.190493
2023-04,Cargos Efetivos,Procurador,A,48,Vencimento,"19.621,04",,2025-07-18T21:12:21.190493
2023-04,Cargos Efetivos,Técnico Administrativo,A,16,Classe,A,,2025-07-18T21:12:21.190493
2023-04,Cargos Efetivos,Técnico Administrativo,A,17,Classe,A,,2025-07-18T21:12:21.190493
2023-04,Cargos Efetivos,Técnico Administrativo,A,18,Classe,A,,2025-07-18T21:12:21.190493
2023-04,Cargos Efetivos,Técnico Administrativo,A,19,Classe,A,,2025-07-18T21:12:21.190493
2023-04,Cargos Efetivos,Técnico Administrativo,A,20,Classe,A,,2025-07-18T21:12:21.190493
2023-04,Cargos Efetivos,Técnico Administrativo,A,21,Classe,A,,2025-07-18T21:12:21.190493
2023-04,Cargos Efetivos,Técnico Administrativo,B,22,Classe,B,,2025-07-18T21:12:21.190493
2023-04,Cargos Efetivos,Técnico Administrativo,B,23,Classe,B,,2025-07-18T21:12:21.190493
2023-04,Cargos Efetivos,Técnico Administrativo,B,24,Classe,B,,2025-07-18T21:12:21.190493
2023-04,Cargos Efetivos,Técnico Administrativo,B,25,Classe,B,,2025-07-18T21:12:21.190493
2023-04,Cargos Efetivos,Técnico Administrativo,B,26,Classe,B,,2025-07-18T21:12:21.190493
2023-04,Cargos Efetivos,Técnico Administrativo,B,27,Classe,B,,2025-07-18T21:12:21.190493
2023-04,Cargos Efetivos,Técnico Administrativo,C,28,Classe,C,,2025-07-18T21:12:21.190493
2023-04,Cargos Efetivos,Técnico Administrativo,C,29,Classe,C,,2025-07-18T21:12:21.190493
2023-04,Cargos Efetivos,Técnico Administrativo,C,30,Classe,C,,2025-07-18T21:12:21.190493
2023-04,Cargos Efetivos,Técnico Administrativo,C,31,Classe,C,,2025-07-18T21:12:21.190493
2023-04,Cargos Efetivos,Técnico Administrativo,C,32,Classe,C,,2025-07-18T21:12:21.190493
2023-04,Cargos Efetivos,Técnico Administrativo,C,33,Classe,C,,2025-07-18T21:12:21.190493
2023-04,Cargos Efetivos,Técnico Administrativo,ESPECIAL,34-E,Classe,ESPECIAL,,2025-07-18T21:12:21.190493
2023-04,Cargos Efetivos,Técnico Administrativo,ESPECIAL,35-E,Classe,ESPECIAL,,2025-07-18T21:12:21.190493
2023-04,Cargos Efetivos,Técnico Administrativo,ESPECIAL,36-E,Classe,ESPECIAL,,2025-07-18T21:12:21.190493
2023-04,Cargos Efetivos,Técnico Administrativo,ESPECIAL,37-E,Classe,ESPECIAL,,2025-07-18T21:12:21.190493
2023-04,Cargos Efetivos,Técnico Administrativo,ESPECIAL,38-E,Classe,ESPECIAL,,2025-07-18T21:12:21.190493
2023-04,Cargos Efetivos,Técnico Administrativo,ESPECIAL,39-E,Classe,ESPECIAL,,2025-07-18T21:12:21.190493
2023-04,Cargos Efetivos,Técnico Administrativo,A,16,GAL,"252,02",,2025-07-18T21:12:21.190493
2023-04,Cargos Efetivos,Técnico Administrativo,A,17,GAL,"258,32",,2025-07-18T21:12:21.190493
2023-04,Cargos Efetivos,Técnico Administrativo,A,18,GAL,"264,78",,2025-07-18T21:12:21.190493
2023-04,Cargos Efetivos,Técnico Administrativo,A,19,GAL,"271,40",,2025-07-18T21:12:21.190493
2023-04,Cargos Efetivos,Técnico Administrativo,A,20,GAL,"278,19",,2025-07-18T21:12:21.190493
2023-04,Cargos Efetivos,Técnico Administrativo,A,21,GAL,"285,14",,2025-07-18T21:12:21.190493
2023-04,Cargos Efetivos,Técnico Administrativo,B,22,GAL,"296,55",,2025-07-18T21:12:21.190493
2023-04,Cargos Efetivos,Técnico Administrativo,B,23,GAL,"303,96",,2025-07-18T21:12:21.190493
2023-04,Cargos Efetivos,Técnico Administrativo,B,24,GAL,"311,56",,2025-07-18T21:12:21.190493
2023-04,Cargos Efetivos,Técnico Administrativo,B,25,GAL,"319,35",,2025-07-18T21:12:21.190493
2023-04,Cargos Efetivos,Técnico Administrativo,B,26,GAL,"327,33",,2025-07-18T21:12:21.190493
2023-04,Cargos Efetivos,Técnico Administrativo,B,27,GAL,"335,52",,2025-07-18T21:12:21.190493
2023-04,Cargos Efetivos,Técnico Administrativo,C,28,GAL,"348,94",,2025-07-18T21:12:21.190493
2023-04,Cargos Efetivos,Técnico Administrativo,C,29,GAL,"357,66",,2025-07-18T21:12:21.190493
2023-04,Cargos Efetivos,Técnico Administrativo,C,30,GAL,"366,60",,2025-07-18T21:12:21.190493
2023-04,Cargos Efetivos,Técnico Administrativo,C,31,GAL,"375,77",,2025-07-18T21:12:21.190493
2023-04,Cargos Efetivos,Técnico Administrativo,C,32,GAL,"385,16",,2025-07-18T21:12:21.190493
2023-04,Cargos Efetivos,Técnico Administrativo,C,33,GAL,"394,79",,2025-07-18T21:12:21.190493
2023-04,Cargos Efetivos,Técnico Administrativo,ESPECIAL,34-E,GAL,"410,58",,2025-07-18T21:12:21.190493
2023-04,Cargos Efetivos,Técnico Administrativo,ESPECIAL,35-E,GAL,"420,85",,2025-07-18T21:12:21.190493
2023-04,Cargos Efetivos,Técnico Administrativo,ESPECIAL,36-E,GAL,"431,37",,2025-07-18T21:12:21.190493
2023-04,Cargos Efetivos,Técnico Administrativo,ESPECIAL,37-E,GAL,"442,15",,2025-07-18T21:12:21.190493
2023-04,Cargos Efetivos,Técnico Administrativo,ESPECIAL,38-E,GAL,"453,21",,2025-07-18T21:12:21.190493
2023-04,Cargos Efetivos,Técnico Administrativo,ESPECIAL,39-E,GAL,"464,54",,2025-07-18T21:12:21.190493
2023-04,Cargos Efetivos,Técnico Administrativo,A,16,Padrao,16,,2025-07-18T21:12:21.190493
2023-04,Cargos Efetivos,Técnico Administrativo,A,17,Padrao,17,,2025-07-18T21:12:21.190493
2023-04,Cargos Efetivos,Técnico Administrativo,A,18,Padrao,18,,2025-07-18T21:12:21.190493
2023-04,Cargos Efetivos,Técnico Administrativo,A,19,Padrao,19,,2025-07-18T21:12:21.190493
2023-04,Cargos Efetivos,Técnico Administrativo,A,20,Padrao,20,,2025-07-18T21:12:21.190493
2023-04,Cargos Efetivos,Técnico Administrativo,A,21,Padrao,21,,2025-07-18T21:12:21.190493
2023-04,Cargos Efetivos,Técnico Administrativo,B,22,Padrao,22,,2025-07-18T21:12:21.190493
2023-04,Cargos Efetivos,Técnico Administrativo,B,23,Padrao,23,,2025-07-18T21:12:21.190493
2023-04,Cargos Efetivos,Técnico Administrativo,B,24,Padrao,24,,2025-07-18T21:12:21.190493
2023-04,Cargos Efetivos,Técnico Administrativo,B,25,Padrao,25,,2025-07-18T21:12:21.190493
2023-04,Cargos Efetivos,Técnico Administrativo,B,26,Padrao,26,,2025-07-18T21:12:21.190493
2023-04,Cargos Efetivos,Técnico Administrativo,B,27,Padrao,27,,2025-07-18T21:12:21.190493
2023-04,Cargos Efetivos,Técnico Administrativo,C,28,Padrao,28,,2025-07-18T21:12:21.190493
2023-04,Cargos Efetivos,Técnico Administrativo,C,29,Padrao,29,,2025-07-18T21:12:21.190493
2023-04,Cargos Efetivos,Técnico Administrativo,C,30,Padrao,30,,2025-07-18T21:12:21.190493
2023-04,Cargos Efetivos,Técnico Administrativo,C,31,Padrao,31,,2025-07-18T21:12:21.190493
2023-04,Cargos Efetivos,Técnico Administrativo,C,32,Padrao,32,,2025-07-18T21:12:21.190493
2023-04,Cargos Efetivos,Técnico Administrativo,C,33,Padrao,33,,2025-07-18T21:12:21.190493
2023-04,Cargos Efetivos,Técnico Administrativo,ESPECIAL,34-E,Padrao,34-E,,2025-07-18T21:12:21.190493
2023-04,Cargos Efetivos,Técnico Administrativo,ESPECIAL,35-E,Padrao,35-E,,2025-07-18T21:12:21.190493
2023-04,Cargos Efetivos,Técnico Administrativo,ESPECIAL,36-E,Padrao,36-E,,2025-07-18T21:12:21.190493
2023-04,Cargos Efetivos,Técnico Administrativo,ESPECIAL,37-E,Padrao,37-E,,2025-07-18T21:12:21.190493
2023-04,Cargos Efetivos,Técnico Administrativo,ESPECIAL,38-E,Padrao,38-E,,2025-07-18T21:12:21.190493
2023-04,Cargos Efetivos,Técnico Administrativo,ESPECIAL,39-E,Padrao,39-E,,2025-07-18T21:12:21.190493
2023-04,Cargos Efetivos,Técnico Administrativo,A,16,Total,"8.652,83",,2025-07-18T21:12:21.190493
2023-04,Cargos Efetivos,Técnico Administrativo,A,17,Total,"8.869,15",,2025-07-18T21:12:21.190493
2023-04,Cargos Efetivos,Técnico Administrativo,A,18,Total,"9.090,88",,2025-07-18T21:12:21.190493
2023-04,Cargos Efetivos,Técnico Administrativo,A,19,Total,"9.318,15",,2025-07-18T21:12:21.190493
2023-04,Cargos Efetivos,Técnico Administrativo,A,20,Total,"9.551,11",,2025-07-18T21:12:21.190493
2023-04,Cargos Efetivos,Técnico Administrativo,A,21,Total,"9.789,88",,2025-07-18T21:12:21.190493
2023-04,Cargos Efetivos,Técnico Administrativo,B,22,Total,"10.181,48",,2025-07-18T21:12:21.190493
2023-04,Cargos Efetivos,Técnico Administrativo,B,23,Total,"10.436,01",,2025-07-18T21:12:21.190493
2023-04,Cargos Efetivos,Técnico Administrativo,B,24,Total,"10.696,91",,2025-07-18T21:12:21.190493
2023-04,Cargos Efetivos,Técnico Administrativo,B,25,Total,"10.964,33",,2025-07-18T21:12:21.190493
2023-04,Cargos Efetivos,Técnico Administrativo,B,26,Total,"11.238,43",,2025-07-18T21:12:21.190493
2023-04,Cargos Efetivos,Técnico Administrativo,B,27,Total,"11.519,40",,2025-07-18T21:12:21.190493
2023-04,Cargos Efetivos,Técnico Administrativo,C,28,Total,"11.980,18",,2025-07-18T21:12:21.190493
2023-04,Cargos Efetivos,Técnico Administrativo,C,29,Total,"12.279,68",,2025-07-18T21:12:21.190493
2023-04,Cargos Efetivos,Técnico Administrativo,C,30,Total,"12.586,67",,2025-07-18T21:12:21.190493
2023-04,Cargos Efetivos,Técnico Administrativo,C,31,Total,"12.901,34",,2025-07-18T21:12:21.190493
2023-04,Cargos Efetivos,Técnico Administrativo,C,32,Total,"13.223,87",,2025-07-18T21:12:21.190493
2023-04,Cargos Efetivos,Técnico Administrativo,C,33,Total,"13.554,47",,2025-07-18T21:12:21.190493
2023-04,Cargos Efetivos,Técnico Administrativo,ESPECIAL,34-E,Total,"14.096,65",,2025-07-18T21:12:21.190493
2023-04,Cargos Efetivos,Técnico Administrativo,ESPECIAL,35-E,Total,"14.449,07",,2025-07-18T21:12:21.190493
2023-04,Cargos Efetivos,Técnico Administrativo,ESPECIAL,36-E,Total,"14.810,30",,2025-07-18T21:12:21.190493
2023-04,Cargos Efetivos,Técnico Administrativo,ESPECIAL,37-E,Total,"15.180,55",,2025-07-18T21:12:21.190493
2023-04,Cargos Efetivos,Técnico Administrativo,ESPECIAL,38-E,Total,"15.560,07",,2025-07-18T21:12:21.190493
2023-04,Cargos Efetivos,Técnico Administrativo,ESPECIAL,39-E,Total,"15.949,07",,2025-07-18T21:12:21.190493
2023-04,Cargos Efetivos,Técnico Administrativo,A,16,Vencimento,"8.400,81",,2025-07-18T21:12:21.190493
2023-04,Cargos Efetivos,Técnico Administrativo,A,17,Vencimento,"8.610,83",,2025-07-18T21:12:21.190493
2023-04,Cargos Efetivos,Técnico Administrativo,A,18,Vencimento,"8.826,10",,2025-07-18T21:12:21.190493
2023-04,Cargos Efetivos,Técnico Administrativo,A,19,Vencimento,"9.046,75",,2025-07-18T21:12:21.190493
2023-04,Cargos Efetivos,Técnico Administrativo,A,20,Vencimento,"9.272,92",,2025-07-18T21:12:21.190493
2023-04,Cargos Efetivos,Técnico Administrativo,A,21,Vencimento,"9.504,74",,2025-07-18T21:12:21.190493
2023-04,Cargos Efetivos,Técnico Administrativo,B,22,Vencimento,"9.884,93",,2025-07-18T21:12:21.190493
2023-04,Cargos Efetivos,Técnico Administrativo,B,23,Vencimento,"10.132,05",,2025-07-18T21:12:21.190493
2023-04,Cargos Efetivos,Técnico Administrativo,B,24,Vencimento,"10.385,35",,2025-07-18T21:12:21.190493
2023-04,Cargos Efetivos,Técnico Administrativo,B,25,Vencimento,"10.644,98",,2025-07-18T21:12:21.190493
2023-04,Cargos Efetivos,Técnico Administrativo,B,26,Vencimento,"10.911,10",,2025-07-18T21:12:21.190493
2023-04,Cargos Efetivos,Técnico Administrativo,B,27,Vencimento,"11.183,88",,2025-07-18T21:12:21.190493
2023-04,Cargos Efetivos,Técnico Administrativo,C,28,Vencimento,"11.631,24",,2025-07-18T21:12:21.190493
2023-04,Cargos Efetivos,Técnico Administrativo,C,29,Vencimento,"11.922,02",,2025-07-18T21:12:21.190493
2023-04,Cargos Efetivos,Técnico Administrativo,C,30,Vencimento,"12.220,07",,2025-07-18T21:12:21.190493
2023-04,Cargos Efetivos,Técnico Administrativo,C,31,Vencimento,"12.525,57",,2025-07-18T21:12:21.190493
2023-04,Cargos Efetivos,Técnico Administrativo,C,32,Vencimento,"12.838,71",,2025-07-18T21:12:21.190493
2023-04,Cargos Efetivos,Técnico Administrativo,C,33,Vencimento,"13.159,68",,2025-07-18T21:12:21.190493
2023-04,Cargos Efetivos,Técnico Administrativo,ESPECIAL,34-E,Vencimento,"13.686,07",,2025-07-18T21:12:21.190493
2023-04,Cargos Efetivos,Técnico Administrativo,ESPECIAL,35-E,Vencimento,"14.028,22",,2025-07-18T21:12:21.190493
2023-04,Cargos Efetivos,Técnico Administrativo,ESPECIAL,36-E,Vencimento,"14.378,93",,2025-07-18T21:12:21.190493
2023-04,Cargos Efetivos,Técnico Administrativo,ESPECIAL,37-E,Vencimento,"14.738,40",,2025-07-18T21:12:21.190493
2023-04,Cargos Efetivos,Técnico Administrativo,ESPECIAL,38-E,Vencimento,"15.106,86",,2025-07-18T21:12:21.190493
2023-04,Cargos Efetivos,Técnico Administrativo,ESPECIAL,39-E,Vencimento,"15.484,53",,2025-07-18T21:12:21.190493
2023-04,Subsídio e benefícios,Auxílio Alimentação,,,Fonte Legal,Ato da Mesa Diretora nº 5/2023 – DCL de 16/1/2023,Ato da Mesa Diretora nº 5/2023 – DCL de 16/1/2023,2025-07-18T21:14:20.732598
2023-04,Subsídio e benefícios,Auxílio Alimentação,,,Valor,"1623,60",Ato da Mesa Diretora nº 5/2023 – DCL de 16/1/2023,2025-07-18T21:14:20.732598
2023-04,Subsídio e benefícios,Auxílio Natalidade,,,Fonte Legal,Lei Complementar nº 840/2011,Lei Complementar nº 840/2011,2025-07-18T21:14:20.732598
2023-04,Subsídio e benefícios,Auxílio Natalidade,,,Valor,"1302,00",Lei Complementar nº 840/2011,2025-07-18T21:14:20.732598
2023-04,Subsídio e benefícios,Auxílio Pré-escolar,,,Fonte Legal,Ato da Mesa Diretora nº 5/2023 – DCL de 16/1/2023,Ato da Mesa Diretora nº 5/2023 – DCL de 16/1/2023,2025-07-18T21:14:20.732598
2023-04,Subsídio e benefícios,Auxílio Pré-escolar,,,Valor,"1032,73",Ato da Mesa Diretora nº 5/2023 – DCL de 16/1/2023,2025-07-18T21:14:20.732598
2023-04,Subsídio e benefícios,Subsídio de Deputado,,,Fonte Legal,Decreto Legislativo nº 2.382/2022,Decreto Legislativo nº 2.382/2022,2025-07-18T21:14:20.732598
2023-04,Subsídio e benefícios,Subsídio de Deputado,,,Valor,"31238,19",Decreto Legislativo nº 2.382/2022,2025-07-18T21:14:20.732598
2023-04,Subsídio e benefícios,Verba Indenizatória,,,Fonte Legal,Decreto Legislativo nº 996/2002,Decreto Legislativo nº 996/2002,2025-07-18T21:14:20.732598
2023-04,Subsídio e benefícios,Verba Indenizatória,,,Valor,"18742,91",Decreto Legislativo nº 996/2002,2025-07-18T21:14:20.732598
2023-09,Cargos Comissionados,CL-01,,,55% do Vencimento,"1601,58",,2025-07-18T21:27:33.912242
2023-09,Cargos Comissionados,CL-01,,,Remuneração Integral,"4659,17",,2025-07-18T21:27:33.912242
2023-09,Cargos Comissionados,CL-01,,,Remuneração com Efetivo,"3.348,77",,2025-07-18T21:27:33.912242
2023-09,Cargos Comissionados,CL-01,,,Representação,"1747,19",,2025-07-18T21:27:33.912242
2023-09,Cargos Comissionados,CL-01,,,Vencimento,"2911,98",,2025-07-18T21:27:33.912242
2023-09,Cargos Comissionados,CL-02,,,55% do Vencimento,"1779,54",,2025-07-18T21:27:33.912242
2023-09,Cargos Comissionados,CL-02,,,Remuneração Integral,"5176,85",,2025-07-18T21:27:33.912242
2023-09,Cargos Comissionados,CL-02,,,Remuneração com Efetivo,"3.720,86",,2025-07-18T21:27:33.912242
2023-09,Cargos Comissionados,CL-02,,,Representação,"1941,32",,2025-07-18T21:27:33.912242
2023-09,Cargos Comissionados,CL-02,,,Vencimento,"3235,53",,2025-07-18T21:27:33.912242
2023-09,Cargos Comissionados,CL-03,,,55% do Vencimento,"1977,26",,2025-07-18T21:27:33.912242
2023-09,Cargos Comissionados,CL-03,,,Remuneração Integral,"5752,05",,2025-07-18T21:27:33.912242
2023-09,Cargos Comissionados,CL-03,,,Remuneração com Efetivo,"4.134,28",,2025-07-18T21:27:33.912242
2023-09,Cargos Comissionados,CL-03,,,Representação,"2157,02",,2025-07-18T21:27:33.912242
2023-09,Cargos Comissionados,CL-03,,,Vencimento,"3595,03",,2025-07-18T21:27:33.912242
2023-09,Cargos Comissionados,CL-04,,,55% do Vencimento,"2196,96",,2025-07-18T21:27:33.912242
2023-09,Cargos Comissionados,CL-04,,,Remuneração Integral,"6391,18",,2025-07-18T21:27:33.912242
2023-09,Cargos Comissionados,CL-04,,,Remuneração com Efetivo,"4.593,65",,2025-07-18T21:27:33.912242
2023-09,Cargos Comissionados,CL-04,,,Representação,"2396,69",,2025-07-18T21:27:33.912242
2023-09,Cargos Comissionados,CL-04,,,Vencimento,"3994,49",,2025-07-18T21:27:33.912242
2023-09,Cargos Comissionados,CL-05,,,55% do Vencimento,"2441,08",,2025-07-18T21:27:33.912242
2023-09,Cargos Comissionados,CL-05,,,Remuneração Integral,"7101,33",,2025-07-18T21:27:33.912242
2023-09,Cargos Comissionados,CL-05,,,Remuneração com Efetivo,"5.104,08",,2025-07-18T21:27:33.912242
2023-09,Cargos Comissionados,CL-05,,,Representação,"2663,00",,2025-07-18T21:27:33.912242
2023-09,Cargos Comissionados,CL-05,,,Vencimento,"4438,33",,2025-07-18T21:27:33.912242
2023-09,Cargos Comissionados,CL-06,,,55% do Vencimento,"2712,31",,2025-07-18T21:27:33.912242
2023-09,Cargos Comissionados,CL-06,,,Remuneração Integral,"7890,37",,2025-07-18T21:27:33.912242
2023-09,Cargos Comissionados,CL-06,,,Remuneração com Efetivo,"5.671,20",,2025-07-18T21:27:33.912242
2023-09,Cargos Comissionados,CL-06,,,Representação,"2958,89",,2025-07-18T21:27:33.912242
2023-09,Cargos Comissionados,CL-06,,,Vencimento,"4931,48",,2025-07-18T21:27:33.912242
2023-09,Cargos Comissionados,CL-07,,,55% do Vencimento,"3013,69",,2025-07-18T21:27:33.912242
2023-09,Cargos Comissionados,CL-07,,,Remuneração Integral,"8767,12",,2025-07-18T21:27:33.912242
2023-09,Cargos Comissionados,CL-07,,,Remuneração com Efetivo,"6.301,36",,2025-07-18T21:27:33.912242
2023-09,Cargos Comissionados,CL-07,,,Representação,"3287,67",,2025-07-18T21:27:33.912242
2023-09,Cargos Comissionados,CL-07,,,Vencimento,"5479,45",,2025-07-18T21:27:33.912242
2023-09,Cargos Comissionados,CL-08,,,55% do Vencimento,"3348,54",,2025-07-18T21:27:33.912242
2023-09,Cargos Comissionados,CL-08,,,Remuneração Integral,"9741,23",,2025-07-18T21:27:33.912242
2023-09,Cargos Comissionados,CL-08,,,Remuneração com Efetivo,"7.001,50",,2025-07-18T21:27:33.912242
2023-09,Cargos Comissionados,CL-08,,,Representação,"3652,96",,2025-07-18T21:27:33.912242
2023-09,Cargos Comissionados,CL-08,,,Vencimento,"6088,27",,2025-07-18T21:27:33.912242
2023-09,Cargos Comissionados,CL-09,,,55% do Vencimento,"3720,61",,2025-07-18T21:27:33.912242
2023-09,Cargos Comissionados,CL-09,,,Remuneração Integral,"10823,62",,2025-07-18T21:27:33.912242
2023-09,Cargos Comissionados,CL-09,,,Remuneração com Efetivo,"7.779,47",,2025-07-18T21:27:33.912242
2023-09,Cargos Comissionados,CL-09,,,Representação,"4058,86",,2025-07-18T21:27:33.912242
2023-09,Cargos Comissionados,CL-09,,,Vencimento,"6764,76",,2025-07-18T21:27:33.912242
2023-09,Cargos Comissionados,CL-10,,,55% do Vencimento,"4134,02",,2025-07-18T21:27:33.912242
2023-09,Cargos Comissionados,CL-10,,,Remuneração Integral,"12026,26",,2025-07-18T21:27:33.912242
2023-09,Cargos Comissionados,CL-10,,,Remuneração com Efetivo,"8.643,87",,2025-07-18T21:27:33.912242
2023-09,Cargos Comissionados,CL-10,,,Representação,"4509,85",,2025-07-18T21:27:33.912242
2023-09,Cargos Comissionados,CL-10,,,Vencimento,"7516,41",,2025-07-18T21:27:33.912242
2023-09,Cargos Comissionados,CL-11,,,55% do Vencimento,"4593,36",,2025-07-18T21:27:33.912242
2023-09,Cargos Comissionados,CL-11,,,Remuneração Integral,"13362,53",,2025-07-18T21:27:33.912242
2023-09,Cargos Comissionados,CL-11,,,Remuneração com Efetivo,"9.604,31",,2025-07-18T21:27:33.912242
2023-09,Cargos Comissionados,CL-11,,,Representação,"5010,95",,2025-07-18T21:27:33.912242
2023-09,Cargos Comissionados,CL-11,,,Vencimento,"8351,58",,2025-07-18T21:27:33.912242
2023-09,Cargos Comissionados,CL-12,,,55% do Vencimento,"5103,75",,2025-07-18T21:27:33.912242
2023-09,Cargos Comissionados,CL-12,,,Remuneração Integral,"14847,28",,2025-07-18T21:27:33.912242
2023-09,Cargos Comissionados,CL-12,,,Remuneração com Efetivo,"10.671,48",,2025-07-18T21:27:33.912242
2023-09,Cargos Comissionados,CL-12,,,Representação,"5567,73",,2025-07-18T21:27:33.912242
2023-09,Cargos Comissionados,CL-12,,,Vencimento,"9279,55",,2025-07-18T21:27:33.912242
2023-09,Cargos Comissionados,CL-13,,,55% do Vencimento,"5670,84",,2025-07-18T21:27:33.912242
2023-09,Cargos Comissionados,CL-13,,,Remuneração Integral,"16496,99",,2025-07-18T21:27:33.912242
2023-09,Cargos Comissionados,CL-13,,,Remuneração com Efetivo,"11.857,21",,2025-07-18T21:27:33.912242
2023-09,Cargos Comissionados,CL-13,,,Representação,"6186,37",,2025-07-18T21:27:33.912242
2023-09,Cargos Comissionados,CL-13,,,Vencimento,"10310,62",,2025-07-18T21:27:33.912242
2023-09,Cargos Comissionados,CL-14,,,55% do Vencimento,"6300,93",,2025-07-18T21:27:33.912242
2023-09,Cargos Comissionados,CL-14,,,Remuneração Integral,"18329,98",,2025-07-18T21:27:33.912242
2023-09,Cargos Comissionados,CL-14,,,Remuneração com Efetivo,"13.174,67",,2025-07-18T21:27:33.912242
2023-09,Cargos Comissionados,CL-14,,,Representação,"6873,74",,2025-07-18T21:27:33.912242
2023-09,Cargos Comissionados,CL-14,,,Vencimento,"11456,24",,2025-07-18T21:27:33.912242
2023-09,Cargos Comissionados,CL-15,,,55% do Vencimento,"7001,04",,2025-07-18T21:27:33.912242
2023-09,Cargos Comissionados,CL-15,,,Remuneração Integral,"20366,67",,2025-07-18T21:27:33.912242
2023-09,Cargos Comissionados,CL-15,,,Remuneração com Efetivo,"14.638,54",,2025-07-18T21:27:33.912242
2023-09,Cargos Comissionados,CL-15,,,Representação,"7637,50",,2025-07-18T21:27:33.912242
2023-09,Cargos Comissionados,CL-15,,,Vencimento,"12729,17",,2025-07-18T21:27:33.912242
2023-09,Cargos Comissionados,CNE-01,,,55% do Vencimento,"8219,65",,2025-07-18T21:27:33.912242
2023-09,Cargos Comissionados,CNE-01,,,Remuneração Integral,"23911,72",,2025-07-18T21:27:33.912242
2023-09,Cargos Comissionados,CNE-01,,,Remuneração com Efetivo,"17.186,54",,2025-07-18T21:27:33.912242
2023-09,Cargos Comissionados,CNE-01,,,Representação,"8966,89",,2025-07-18T21:27:33.912242
2023-09,Cargos Comissionados,CNE-01,,,Vencimento,"14944,83",,2025-07-18T21:27:33.912242
2023-09,Cargos Comissionados,CNE-02,,,55% do Vencimento,"8767,62",,2025-07-18T21:27:33.912242
2023-09,Cargos Comissionados,CNE-02,,,Remuneração Integral,"25505,80",,2025-07-18T21:27:33.912242
2023-09,Cargos Comissionados,CNE-02,,,Remuneração com Efetivo,"18.332,29",,2025-07-18T21:27:33.912242
2023-09,Cargos Comissionados,CNE-02,,,Representação,"9564,67",,2025-07-18T21:27:33.912242
2023-09,Cargos Comissionados,CNE-02,,,Vencimento,"15941,13",,2025-07-18T21:27:33.912242
2023-09,Cargos Comissionados,SP-01,,,55% do Vencimento,"459,17",,2025-07-18T21:27:33.912242
2023-09,Cargos Comissionados,SP-01,,,Remuneração Integral,"1335,77",,2025-07-18T21:27:33.912242
2023-09,Cargos Comissionados,SP-01,,,Remuneração com Efetivo,"960,08",,2025-07-18T21:27:33.912242
2023-09,Cargos Comissionados,SP-01,,,Representação,"500,91",,2025-07-18T21:27:33.912242
2023-09,Cargos Comissionados,SP-01,,,Vencimento,"834,86",,2025-07-18T21:27:33.912242
2023-09,Cargos Comissionados,SP-02,,,55% do Vencimento,"574,00",,2025-07-18T21:27:33.912242
2023-09,Cargos Comissionados,SP-02,,,Remuneração Integral,"1669,82",,2025-07-18T21:27:33.912242
2023-09,Cargos Comissionados,SP-02,,,Remuneração com Efetivo,"1.200,18",,2025-07-18T21:27:33.912242
2023-09,Cargos Comissionados,SP-02,,,Representação,"626,18",,2025-07-18T21:27:33.912242
2023-09,Cargos Comissionados,SP-02,,,Vencimento,"1043,64",,2025-07-18T21:27:33.912242
2023-09,Cargos Comissionados,SP-03,,,55% do Vencimento,"717,51",,2025-07-18T21:27:33.912242
2023-09,Cargos Comissionados,SP-03,,,Remuneração Integral,"2087,31",,2025-07-18T21:27:33.912242
2023-09,Cargos Comissionados,SP-03,,,Remuneração com Efetivo,"1.500,25",,2025-07-18T21:27:33.912242
2023-09,Cargos Comissionados,SP-03,,,Representação,"782,74",,2025-07-18T21:27:33.912242
2023-09,Cargos Comissionados,SP-03,,,Vencimento,"1304,57",,2025-07-18T21:27:33.912242
2023-09,Cargos Comissionados,SP-04,,,55% do Vencimento,"896,87",,2025-07-18T21:27:33.912242
2023-09,Cargos Comissionados,SP-04,,,Remuneração Integral,"2609,10",,2025-07-18T21:27:33.912242
2023-09,Cargos Comissionados,SP-04,,,Remuneração com Efetivo,"1.875,28",,2025-07-18T21:27:33.912242
2023-09,Cargos Comissionados,SP-04,,,Representação,"978,41",,2025-07-18T21:27:33.912242
2023-09,Cargos Comissionados,SP-04,,,Vencimento,"1630,69",,2025-07-18T21:27:33.912242
2023-09,Cargos Comissionados,SP-05,,,55% do Vencimento,"1121,09",,2025-07-18T21:27:33.912242
2023-09,Cargos Comissionados,SP-05,,,Remuneração Integral,"3261,37",,2025-07-18T21:27:33.912242
2023-09,Cargos Comissionados,SP-05,,,Remuneração com Efetivo,"2.344,10",,2025-07-18T21:27:33.912242
2023-09,Cargos Comissionados,SP-05,,,Representação,"1223,01",,2025-07-18T21:27:33.912242
2023-09,Cargos Comissionados,SP-05,,,Vencimento,"2038,36",,2025-07-18T21:27:33.912242
2023-09,Cargos Efetivos,Analista Legislativo,A,31,Classe,A,,2025-07-18T21:27:14.757165
2023-09,Cargos Efetivos,Analista Legislativo,A,32,Classe,A,,2025-07-18T21:27:14.757165
2023-09,Cargos Efetivos,Analista Legislativo,A,33,Classe,A,,2025-07-18T21:27:14.757165
2023-09,Cargos Efetivos,Analista Legislativo,A,34,Classe,A,,2025-07-18T21:27:14.757165
2023-09,Cargos Efetivos,Analista Legislativo,A,35,Classe,A,,2025-07-18T21:27:14.757165
2023-09,Cargos Efetivos,Analista Legislativo,A,36,Classe,A,,2025-07-18T21:27:14.757165
2023-09,Cargos Efetivos,Analista Legislativo,B,37,Classe,B,,2025-07-18T21:27:14.757165
2023-09,Cargos Efetivos,Analista Legislativo,B,38,Classe,B,,2025-07-18T21:27:14.757165
2023-09,Cargos Efetivos,Analista Legislativo,B,39,Classe,B,,2025-07-18T21:27:14.757165
2023-09,Cargos Efetivos,Analista Legislativo,B,40,Classe,B,,2025-07-18T21:27:14.757165
2023-09,Cargos Efetivos,Analista Legislativo,B,41,Classe,B,,2025-07-18T21:27:14.757165
2023-09,Cargos Efetivos,Analista Legislativo,B,42,Classe,B,,2025-07-18T21:27:14.757165
2023-09,Cargos Efetivos,Analista Legislativo,C,43,Classe,C,,2025-07-18T21:27:14.757165
2023-09,Cargos Efetivos,Analista Legislativo,C,44,Classe,C,,2025-07-18T21:27:14.757165
2023-09,Cargos Efetivos,Analista Legislativo,C,45,Classe,C,,2025-07-18T21:27:14.757165
2023-09,Cargos Efetivos,Analista Legislativo,C,46,Classe,C,,2025-07-18T21:27:14.757165
2023-09,Cargos Efetivos,Analista Legislativo,C,47,Classe,C,,2025-07-18T21:27:14.757165
2023-09,Cargos Efetivos,Analista Legislativo,C,48,Classe,C,,2025-07-18T21:27:14.757165
2023-09,Cargos Efetivos,Analista Legislativo,ESPECIAL,49-E,Classe,ESPECIAL,,2025-07-18T21:27:14.757165
2023-09,Cargos Efetivos,Analista Legislativo,ESPECIAL,50-E,Classe,ESPECIAL,,2025-07-18T21:27:14.757165
2023-09,Cargos Efetivos,Analista Legislativo,ESPECIAL,51-E,Classe,ESPECIAL,,2025-07-18T21:27:14.757165
2023-09,Cargos Efetivos,Analista Legislativo,ESPECIAL,52-E,Classe,ESPECIAL,,2025-07-18T21:27:14.757165
2023-09,Cargos Efetivos,Analista Legislativo,ESPECIAL,53-E,Classe,ESPECIAL,,2025-07-18T21:27:14.757165
2023-09,Cargos Efetivos,Analista Legislativo,ESPECIAL,54-E,Classe,ESPECIAL,,2025-07-18T21:27:14.757165
2023-09,Cargos Efetivos,Analista Legislativo,A,31,GAL,"394,11",,2025-07-18T21:27:14.757165
2023-09,Cargos Efetivos,Analista Legislativo,A,32,GAL,"403,96",,2025-07-18T21:27:14.757165
2023-09,Cargos Efetivos,Analista Legislativo,A,33,GAL,"414,06",,2025-07-18T21:27:14.757165
2023-09,Cargos Efetivos,Analista Legislativo,A,34,GAL,"424,41",,2025-07-18T21:27:14.757165
2023-09,Cargos Efetivos,Analista Legislativo,A,35,GAL,"435,02",,2025-07-18T21:27:14.757165
2023-09,Cargos Efetivos,Analista Legislativo,A,36,GAL,"445,90",,2025-07-18T21:27:14.757165
2023-09,Cargos Efetivos,Analista Legislativo,B,37,GAL,"463,73",,2025-07-18T21:27:14.757165
2023-09,Cargos Efetivos,Analista Legislativo,B,38,GAL,"475,33",,2025-07-18T21:27:14.757165
2023-09,Cargos Efetivos,Analista Legislativo,B,39,GAL,"487,21",,2025-07-18T21:27:14.757165
2023-09,Cargos Efetivos,Analista Legislativo,B,40,GAL,"499,39",,2025-07-18T21:27:14.757165
2023-09,Cargos Efetivos,Analista Legislativo,B,41,GAL,"511,88",,2025-07-18T21:27:14.757165
2023-09,Cargos Efetivos,Analista Legislativo,B,42,GAL,"524,67",,2025-07-18T21:27:14.757165
2023-09,Cargos Efetivos,Analista Legislativo,C,43,GAL,"545,66",,2025-07-18T21:27:14.757165
2023-09,Cargos Efetivos,Analista Legislativo,C,44,GAL,"559,30",,2025-07-18T21:27:14.757165
2023-09,Cargos Efetivos,Analista Legislativo,C,45,GAL,"573,28",,2025-07-18T21:27:14.757165
2023-09,Cargos Efetivos,Analista Legislativo,C,46,GAL,"587,61",,2025-07-18T21:27:14.757165
2023-09,Cargos Efetivos,Analista Legislativo,C,47,GAL,"602,31",,2025-07-18T21:27:14.757165
2023-09,Cargos Efetivos,Analista Legislativo,C,48,GAL,"617,36",,2025-07-18T21:27:14.757165
2023-09,Cargos Efetivos,Analista Legislativo,ESPECIAL,49-E,GAL,"642,06",,2025-07-18T21:27:14.757165
2023-09,Cargos Efetivos,Analista Legislativo,ESPECIAL,50-E,GAL,"658,11",,2025-07-18T21:27:14.757165
2023-09,Cargos Efetivos,Analista Legislativo,ESPECIAL,51-E,GAL,"674,56",,2025-07-18T21:27:14.757165
2023-09,Cargos Efetivos,Analista Legislativo,ESPECIAL,52-E,GAL,"691,43",,2025-07-18T21:27:14.757165
2023-09,Cargos Efetivos,Analista Legislativo,ESPECIAL,53-E,GAL,"708,71",,2025-07-18T21:27:14.757165
2023-09,Cargos Efetivos,Analista Legislativo,ESPECIAL,54-E,GAL,"726,43",,2025-07-18T21:27:14.757165
2023-09,Cargos Efetivos,Analista Legislativo,A,31,Padrao,31,,2025-07-18T21:27:14.757165
2023-09,Cargos Efetivos,Analista Legislativo,A,32,Padrao,32,,2025-07-18T21:27:14.757165
2023-09,Cargos Efetivos,Analista Legislativo,A,33,Padrao,33,,2025-07-18T21:27:14.757165
2023-09,Cargos Efetivos,Analista Legislativo,A,34,Padrao,34,,2025-07-18T21:27:14.757165
2023-09,Cargos Efetivos,Analista Legislativo,A,35,Padrao,35,,2025-07-18T21:27:14.757165
2023-09,Cargos Efetivos,Analista Legislativo,A,36,Padrao,36,,2025-07-18T21:27:14.757165
2023-09,Cargos Efetivos,Analista Legislativo,B,37,Padrao,37,,2025-07-18T21:27:14.757165
2023-09,Cargos Efetivos,Analista Legislativo,B,38,Padrao,38,,2025-07-18T21:27:14.757165
2023-09,Cargos Efetivos,Analista Legislativo,B,39,Padrao,39,,2025-07-18T21:27:14.757165
2023-09,Cargos Efetivos,Analista Legislativo,B,40,Padrao,40,,2025-07-18T21:27:14.757165
2023-09,Cargos Efetivos,Analista Legislativo,B,41,Padrao,41,,2025-07-18T21:27:14.757165
2023-09,Cargos Efetivos,Analista Legislativo,B,42,Padrao,42,,2025-07-18T21:27:14.757165
2023-09,Cargos Efetivos,Analista Legislativo,C,43,Padrao,43,,2025-07-18T21:27:14.757165
2023-09,Cargos Efetivos,Analista Legislativo,C,44,Padrao,44,,2025-07-18T21:27:14.757165
2023-09,Cargos Efetivos,Analista Legislativo,C,45,Padrao,45,,2025-07-18T21:27:14.757165
2023-09,Cargos Efetivos,Analista Legislativo,C,46,Padrao,46,,2025-07-18T21:27:14.757165
2023-09,Cargos Efetivos,Analista Legislativo,C,47,Padrao,47,,2025-07-18T21:27:14.757165
2023-09,Cargos Efetivos,Analista Legislativo,C,48,Padrao,48,,2025-07-18T21:27:14.757165
2023-09,Cargos Efetivos,Analista Legislativo,ESPECIAL,49-E,Padrao,49-E,,2025-07-18T21:27:14.757165
2023-09,Cargos Efetivos,Analista Legislativo,ESPECIAL,50-E,Padrao,50-E,,2025-07-18T21:27:14.757165
2023-09,Cargos Efetivos,Analista Legislativo,ESPECIAL,51-E,Padrao,51-E,,2025-07-18T21:27:14.757165
2023-09,Cargos Efetivos,Analista Legislativo,ESPECIAL,52-E,Padrao,52-E,,2025-07-18T21:27:14.757165
2023-09,Cargos Efetivos,Analista Legislativo,ESPECIAL,53-E,Padrao,53-E,,2025-07-18T21:27:14.757165
2023-09,Cargos Efetivos,Analista Legislativo,ESPECIAL,54-E,Padrao,54-E,,2025-07-18T21:27:14.757165
2023-09,Cargos Efetivos,Analista Legislativo,A,31,Total,"13531,06",,2025-07-18T21:27:14.757165
2023-09,Cargos Efetivos,Analista Legislativo,A,32,Total,"13869,33",,2025-07-18T21:27:14.757165
2023-09,Cargos Efetivos,Analista Legislativo,A,33,Total,"14216,06",,2025-07-18T21:27:14.757165
2023-09,Cargos Efetivos,Analista Legislativo,A,34,Total,"14571,46",,2025-07-18T21:27:14.757165
2023-09,Cargos Efetivos,Analista Legislativo,A,35,Total,"14935,75",,2025-07-18T21:27:14.757165
2023-09,Cargos Efetivos,Analista Legislativo,A,36,Total,"15309,15",,2025-07-18T21:27:14.757165
2023-09,Cargos Efetivos,Analista Legislativo,B,37,Total,"15921,51",,2025-07-18T21:27:14.757165
2023-09,Cargos Efetivos,Analista Legislativo,B,38,Total,"16319,55",,2025-07-18T21:27:14.757165
2023-09,Cargos Efetivos,Analista Legislativo,B,39,Total,"16727,54",,2025-07-18T21:27:14.757165
2023-09,Cargos Efetivos,Analista Legislativo,B,40,Total,"17145,73",,2025-07-18T21:27:14.757165
2023-09,Cargos Efetivos,Analista Legislativo,B,41,Total,"17574,38",,2025-07-18T21:27:14.757165
2023-09,Cargos Efetivos,Analista Legislativo,B,42,Total,"18013,73",,2025-07-18T21:27:14.757165
2023-09,Cargos Efetivos,Analista Legislativo,C,43,Total,"18734,28",,2025-07-18T21:27:14.757165
2023-09,Cargos Efetivos,Analista Legislativo,C,44,Total,"19202,64",,2025-07-18T21:27:14.757165
2023-09,Cargos Efetivos,Analista Legislativo,C,45,Total,"19682,70",,2025-07-18T21:27:14.757165
2023-09,Cargos Efetivos,Analista Legislativo,C,46,Total,"20174,77",,2025-07-18T21:27:14.757165
2023-09,Cargos Efetivos,Analista Legislativo,C,47,Total,"20679,15",,2025-07-18T21:27:14.757165
2023-09,Cargos Efetivos,Analista Legislativo,C,48,Total,"21196,12",,2025-07-18T21:27:14.757165
2023-09,Cargos Efetivos,Analista Legislativo,ESPECIAL,49-E,Total,"22043,97",,2025-07-18T21:27:14.757165
2023-09,Cargos Efetivos,Analista Legislativo,ESPECIAL,50-E,Total,"22595,07",,2025-07-18T21:27:14.757165
2023-09,Cargos Efetivos,Analista Legislativo,ESPECIAL,51-E,Total,"23159,94",,2025-07-18T21:27:14.757165
2023-09,Cargos Efetivos,Analista Legislativo,ESPECIAL,52-E,Total,"23738,94",,2025-07-18T21:27:14.757165
2023-09,Cargos Efetivos,Analista Legislativo,ESPECIAL,53-E,Total,"24332,41",,2025-07-18T21:27:14.757165
2023-09,Cargos Efetivos,Analista Legislativo,ESPECIAL,54-E,Total,"24940,72",,2025-07-18T21:27:14.757165
2023-09,Cargos Efetivos,Analista Legislativo,A,31,Vencimento,"13136,95",,2025-07-18T21:27:14.757165
2023-09,Cargos Efetivos,Analista Legislativo,A,32,Vencimento,"13465,37",,2025-07-18T21:27:14.757165
2023-09,Cargos Efetivos,Analista Legislativo,A,33,Vencimento,"13802,00",,2025-07-18T21:27:14.757165
2023-09,Cargos Efetivos,Analista Legislativo,A,34,Vencimento,"14147,05",,2025-07-18T21:27:14.757165
2023-09,Cargos Efetivos,Analista Legislativo,A,35,Vencimento,"14500,73",,2025-07-18T21:27:14.757165
2023-09,Cargos Efetivos,Analista Legislativo,A,36,Vencimento,"14863,25",,2025-07-18T21:27:14.757165
2023-09,Cargos Efetivos,Analista Legislativo,B,37,Vencimento,"15457,78",,2025-07-18T21:27:14.757165
2023-09,Cargos Efetivos,Analista Legislativo,B,38,Vencimento,"15844,22",,2025-07-18T21:27:14.757165
2023-09,Cargos Efetivos,Analista Legislativo,B,39,Vencimento,"16240,33",,2025-07-18T21:27:14.757165
2023-09,Cargos Efetivos,Analista Legislativo,B,40,Vencimento,"16646,34",,2025-07-18T21:27:14.757165
2023-09,Cargos Efetivos,Analista Legislativo,B,41,Vencimento,"17062,50",,2025-07-18T21:27:14.757165
2023-09,Cargos Efetivos,Analista Legislativo,B,42,Vencimento,"17489,06",,2025-07-18T21:27:14.757165
2023-09,Cargos Efetivos,Analista Legislativo,C,43,Vencimento,"18188,62",,2025-07-18T21:27:14.757165
2023-09,Cargos Efetivos,Analista Legislativo,C,44,Vencimento,"18643,34",,2025-07-18T21:27:14.757165
2023-09,Cargos Efetivos,Analista Legislativo,C,45,Vencimento,"19109,42",,2025-07-18T21:27:14.757165
2023-09,Cargos Efetivos,Analista Legislativo,C,46,Vencimento,"19587,16",,2025-07-18T21:27:14.757165
2023-09,Cargos Efetivos,Analista Legislativo,C,47,Vencimento,"20076,84",,2025-07-18T21:27:14.757165
2023-09,Cargos Efetivos,Analista Legislativo,C,48,Vencimento,"20578,76",,2025-07-18T21:27:14.757165
2023-09,Cargos Efetivos,Analista Legislativo,ESPECIAL,49-E,Vencimento,"21401,91",,2025-07-18T21:27:14.757165
2023-09,Cargos Efetivos,Analista Legislativo,ESPECIAL,50-E,Vencimento,"21936,96",,2025-07-18T21:27:14.757165
2023-09,Cargos Efetivos,Analista Legislativo,ESPECIAL,51-E,Vencimento,"22485,38",,2025-07-18T21:27:14.757165
2023-09,Cargos Efetivos,Analista Legislativo,ESPECIAL,52-E,Vencimento,"23047,51",,2025-07-18T21:27:14.757165
2023-09,Cargos Efetivos,Analista Legislativo,ESPECIAL,53-E,Vencimento,"23623,70",,2025-07-18T21:27:14.757165
2023-09,Cargos Efetivos,Analista Legislativo,ESPECIAL,54-E,Vencimento,"24214,29",,2025-07-18T21:27:14.757165
2023-09,Cargos Efetivos,Assistente Técnico,B,10,Classe,B,,2025-07-18T21:27:14.757165
2023-09,Cargos Efetivos,Assistente Técnico,B,11,Classe,B,,2025-07-18T21:27:14.757165
2023-09,Cargos Efetivos,Assistente Técnico,B,12,Classe,B,,2025-07-18T21:27:14.757165
2023-09,Cargos Efetivos,Assistente Técnico,C,13,Classe,C,,2025-07-18T21:27:14.757165
2023-09,Cargos Efetivos,Assistente Técnico,C,14,Classe,C,,2025-07-18T21:27:14.757165
2023-09,Cargos Efetivos,Assistente Técnico,C,15,Classe,C,,2025-07-18T21:27:14.757165
2023-09,Cargos Efetivos,Assistente Técnico,C,16,Classe,C,,2025-07-18T21:27:14.757165
2023-09,Cargos Efetivos,Assistente Técnico,C,17,Classe,C,,2025-07-18T21:27:14.757165
2023-09,Cargos Efetivos,Assistente Técnico,C,18,Classe,C,,2025-07-18T21:27:14.757165
2023-09,Cargos Efetivos,Assistente Técnico,ESPECIAL,19-E,Classe,ESPECIAL,,2025-07-18T21:27:14.757165
2023-09,Cargos Efetivos,Assistente Técnico,A,1,Classe,A,,2025-07-18T21:27:14.757165
2023-09,Cargos Efetivos,Assistente Técnico,ESPECIAL,20-E,Classe,ESPECIAL,,2025-07-18T21:27:14.757165
2023-09,Cargos Efetivos,Assistente Técnico,ESPECIAL,21-E,Classe,ESPECIAL,,2025-07-18T21:27:14.757165
2023-09,Cargos Efetivos,Assistente Técnico,ESPECIAL,22-E,Classe,ESPECIAL,,2025-07-18T21:27:14.757165
2023-09,Cargos Efetivos,Assistente Técnico,ESPECIAL,23-E,Classe,ESPECIAL,,2025-07-18T21:27:14.757165
2023-09,Cargos Efetivos,Assistente Técnico,ESPECIAL,24-E,Classe,ESPECIAL,,2025-07-18T21:27:14.757165
2023-09,Cargos Efetivos,Assistente Técnico,A,2,Classe,A,,2025-07-18T21:27:14.757165
2023-09,Cargos Efetivos,Assistente Técnico,A,3,Classe,A,,2025-07-18T21:27:14.757165
2023-09,Cargos Efetivos,Assistente Técnico,A,4,Classe,A,,2025-07-18T21:27:14.757165
2023-09,Cargos Efetivos,Assistente Técnico,A,5,Classe,A,,2025-07-18T21:27:14.757165
2023-09,Cargos Efetivos,Assistente Técnico,A,6,Classe,A,,2025-07-18T21:27:14.757165
2023-09,Cargos Efetivos,Assistente Técnico,B,7,Classe,B,,2025-07-18T21:27:14.757165
2023-09,Cargos Efetivos,Assistente Técnico,B,8,Classe,B,,2025-07-18T21:27:14.757165
2023-09,Cargos Efetivos,Assistente Técnico,B,9,Classe,B,,2025-07-18T21:27:14.757165
2023-09,Cargos Efetivos,Assistente Técnico,B,10,GAL,"224,64",,2025-07-18T21:27:14.757165
2023-09,Cargos Efetivos,Assistente Técnico,B,11,GAL,"230,26",,2025-07-18T21:27:14.757165
2023-09,Cargos Efetivos,Assistente Técnico,B,12,GAL,"236,01",,2025-07-18T21:27:14.757165
2023-09,Cargos Efetivos,Assistente Técnico,C,13,GAL,"245,45",,2025-07-18T21:27:14.757165
2023-09,Cargos Efetivos,Assistente Técnico,C,14,GAL,"251,59",,2025-07-18T21:27:14.757165
2023-09,Cargos Efetivos,Assistente Técnico,C,15,GAL,"257,88",,2025-07-18T21:27:14.757165
2023-09,Cargos Efetivos,Assistente Técnico,C,16,GAL,"264,33",,2025-07-18T21:27:14.757165
2023-09,Cargos Efetivos,Assistente Técnico,C,17,GAL,"270,93",,2025-07-18T21:27:14.757165
2023-09,Cargos Efetivos,Assistente Técnico,C,18,GAL,"277,71",,2025-07-18T21:27:14.757165
2023-09,Cargos Efetivos,Assistente Técnico,ESPECIAL,19-E,GAL,"288,82",,2025-07-18T21:27:14.757165
2023-09,Cargos Efetivos,Assistente Técnico,A,1,GAL,"177,28",,2025-07-18T21:27:14.757165
2023-09,Cargos Efetivos,Assistente Técnico,ESPECIAL,20-E,GAL,"296,04",,2025-07-18T21:27:14.757165
2023-09,Cargos Efetivos,Assistente Técnico,ESPECIAL,21-E,GAL,"303,44",,2025-07-18T21:27:14.757165
2023-09,Cargos Efetivos,Assistente Técnico,ESPECIAL,22-E,GAL,"311,02",,2025-07-18T21:27:14.757165
2023-09,Cargos Efetivos,Assistente Técnico,ESPECIAL,23-E,GAL,"318,80",,2025-07-18T21:27:14.757165
2023-09,Cargos Efetivos,Assistente Técnico,ESPECIAL,24-E,GAL,"326,77",,2025-07-18T21:27:14.757165
2023-09,Cargos Efetivos,Assistente Técnico,A,2,GAL,"181,71",,2025-07-18T21:27:14.757165
2023-09,Cargos Efetivos,Assistente Técnico,A,3,GAL,"186,26",,2025-07-18T21:27:14.757165
2023-09,Cargos Efetivos,Assistente Técnico,A,4,GAL,"190,91",,2025-07-18T21:27:14.757165
2023-09,Cargos Efetivos,Assistente Técnico,A,5,GAL,"195,68",,2025-07-18T21:27:14.757165
2023-09,Cargos Efetivos,Assistente Técnico,A,6,GAL,"200,58",,2025-07-18T21:27:14.757165
2023-09,Cargos Efetivos,Assistente Técnico,B,7,GAL,"208,60",,2025-07-18T21:27:14.757165
2023-09,Cargos Efetivos,Assistente Técnico,B,8,GAL,"213,82",,2025-07-18T21:27:14.757165
2023-09,Cargos Efetivos,Assistente Técnico,B,9,GAL,"219,16",,2025-07-18T21:27:14.757165
2023-09,Cargos Efetivos,Assistente Técnico,B,10,Padrao,10,,2025-07-18T21:27:14.757165
2023-09,Cargos Efetivos,Assistente Técnico,B,11,Padrao,11,,2025-07-18T21:27:14.757165
2023-09,Cargos Efetivos,Assistente Técnico,B,12,Padrao,12,,2025-07-18T21:27:14.757165
2023-09,Cargos Efetivos,Assistente Técnico,C,13,Padrao,13,,2025-07-18T21:27:14.757165
2023-09,Cargos Efetivos,Assistente Técnico,C,14,Padrao,14,,2025-07-18T21:27:14.757165
2023-09,Cargos Efetivos,Assistente Técnico,C,15,Padrao,15,,2025-07-18T21:27:14.757165
2023-09,Cargos Efetivos,Assistente Técnico,C,16,Padrao,16,,2025-07-18T21:27:14.757165
2023-09,Cargos Efetivos,Assistente Técnico,C,17,Padrao,17,,2025-07-18T21:27:14.757165
2023-09,Cargos Efetivos,Assistente Técnico,C,18,Padrao,18,,2025-07-18T21:27:14.757165
2023-09,Cargos Efetivos,Assistente Técnico,ESPECIAL,19-E,Padrao,19-E,,2025-07-18T21:27:14.757165
2023-09,Cargos Efetivos,Assistente Técnico,A,1,Padrao,1,,2025-07-18T21:27:14.757165
2023-09,Cargos Efetivos,Assistente Técnico,ESPECIAL,20-E,Padrao,20-E,,2025-07-18T21:27:14.757165
2023-09,Cargos Efetivos,Assistente Técnico,ESPECIAL,21-E,Padrao,21-E,,2025-07-18T21:27:14.757165
2023-09,Cargos Efetivos,Assistente Técnico,ESPECIAL,22-E,Padrao,22-E,,2025-07-18T21:27:14.757165
2023-09,Cargos Efetivos,Assistente Técnico,ESPECIAL,23-E,Padrao,23-E,,2025-07-18T21:27:14.757165
2023-09,Cargos Efetivos,Assistente Técnico,ESPECIAL,24-E,Padrao,24-E,,2025-07-18T21:27:14.757165
2023-09,Cargos Efetivos,Assistente Técnico,A,2,Padrao,2,,2025-07-18T21:27:14.757165
2023-09,Cargos Efetivos,Assistente Técnico,A,3,Padrao,3,,2025-07-18T21:27:14.757165
2023-09,Cargos Efetivos,Assistente Técnico,A,4,Padrao,4,,2025-07-18T21:27:14.757165
2023-09,Cargos Efetivos,Assistente Técnico,A,5,Padrao,5,,2025-07-18T21:27:14.757165
2023-09,Cargos Efetivos,Assistente Técnico,A,6,Padrao,6,,2025-07-18T21:27:14.757165
2023-09,Cargos Efetivos,Assistente Técnico,B,7,Padrao,7,,2025-07-18T21:27:14.757165
2023-09,Cargos Efetivos,Assistente Técnico,B,8,Padrao,8,,2025-07-18T21:27:14.757165
2023-09,Cargos Efetivos,Assistente Técnico,B,9,Padrao,9,,2025-07-18T21:27:14.757165
2023-09,Cargos Efetivos,Assistente Técnico,B,10,Total,"7712,62",,2025-07-18T21:27:14.757165
2023-09,Cargos Efetivos,Assistente Técnico,B,11,Total,"7905,44",,2025-07-18T21:27:14.757165
2023-09,Cargos Efetivos,Assistente Técnico,B,12,Total,"8103,07",,2025-07-18T21:27:14.757165
2023-09,Cargos Efetivos,Assistente Técnico,C,13,Total,"8427,19",,2025-07-18T21:27:14.757165
2023-09,Cargos Efetivos,Assistente Técnico,C,14,Total,"8637,87",,2025-07-18T21:27:14.757165
2023-09,Cargos Efetivos,Assistente Técnico,C,15,Total,"8853,82",,2025-07-18T21:27:14.757165
2023-09,Cargos Efetivos,Assistente Técnico,C,16,Total,"9075,17",,2025-07-18T21:27:14.757165
2023-09,Cargos Efetivos,Assistente Técnico,C,17,Total,"9302,04",,2025-07-18T21:27:14.757165
2023-09,Cargos Efetivos,Assistente Técnico,C,18,Total,"9534,60",,2025-07-18T21:27:14.757165
2023-09,Cargos Efetivos,Assistente Técnico,ESPECIAL,19-E,Total,"9915,99",,2025-07-18T21:27:14.757165
2023-09,Cargos Efetivos,Assistente Técnico,A,1,Total,"6086,65",,2025-07-18T21:27:14.757165
2023-09,Cargos Efetivos,Assistente Técnico,ESPECIAL,20-E,Total,"10163,89",,2025-07-18T21:27:14.757165
2023-09,Cargos Efetivos,Assistente Técnico,ESPECIAL,21-E,Total,"10417,99",,2025-07-18T21:27:14.757165
2023-09,Cargos Efetivos,Assistente Técnico,ESPECIAL,22-E,Total,"10678,43",,2025-07-18T21:27:14.757165
2023-09,Cargos Efetivos,Assistente Técnico,ESPECIAL,23-E,Total,"10945,40",,2025-07-18T21:27:14.757165
2023-09,Cargos Efetivos,Assistente Técnico,ESPECIAL,24-E,Total,"11219,04",,2025-07-18T21:27:14.757165
2023-09,Cargos Efetivos,Assistente Técnico,A,2,Total,"6238,81",,2025-07-18T21:27:14.757165
2023-09,Cargos Efetivos,Assistente Técnico,A,3,Total,"6394,79",,2025-07-18T21:27:14.757165
2023-09,Cargos Efetivos,Assistente Técnico,A,4,Total,"6554,65",,2025-07-18T21:27:14.757165
2023-09,Cargos Efetivos,Assistente Técnico,A,5,Total,"6718,51",,2025-07-18T21:27:14.757165
2023-09,Cargos Efetivos,Assistente Técnico,A,6,Total,"6886,48",,2025-07-18T21:27:14.757165
2023-09,Cargos Efetivos,Assistente Técnico,B,7,Total,"7161,94",,2025-07-18T21:27:14.757165
2023-09,Cargos Efetivos,Assistente Técnico,B,8,Total,"7340,99",,2025-07-18T21:27:14.757165
2023-09,Cargos Efetivos,Assistente Técnico,B,9,Total,"7524,51",,2025-07-18T21:27:14.757165
2023-09,Cargos Efetivos,Assistente Técnico,B,10,Vencimento,"7487,98",,2025-07-18T21:27:14.757165
2023-09,Cargos Efetivos,Assistente Técnico,B,11,Vencimento,"7675,18",,2025-07-18T21:27:14.757165
2023-09,Cargos Efetivos,Assistente Técnico,B,12,Vencimento,"7867,06",,2025-07-18T21:27:14.757165
2023-09,Cargos Efetivos,Assistente Técnico,C,13,Vencimento,"8181,74",,2025-07-18T21:27:14.757165
2023-09,Cargos Efetivos,Assistente Técnico,C,14,Vencimento,"8386,28",,2025-07-18T21:27:14.757165
2023-09,Cargos Efetivos,Assistente Técnico,C,15,Vencimento,"8595,94",,2025-07-18T21:27:14.757165
2023-09,Cargos Efetivos,Assistente Técnico,C,16,Vencimento,"8810,84",,2025-07-18T21:27:14.757165
2023-09,Cargos Efetivos,Assistente Técnico,C,17,Vencimento,"9031,11",,2025-07-18T21:27:14.757165
2023-09,Cargos Efetivos,Assistente Técnico,C,18,Vencimento,"9256,89",,2025-07-18T21:27:14.757165
2023-09,Cargos Efetivos,Assistente Técnico,ESPECIAL,19-E,Vencimento,"9627,17",,2025-07-18T21:27:14.757165
2023-09,Cargos Efetivos,Assistente Técnico,A,1,Vencimento,"5909,37",,2025-07-18T21:27:14.757165
2023-09,Cargos Efetivos,Assistente Técnico,ESPECIAL,20-E,Vencimento,"9867,85",,2025-07-18T21:27:14.757165
2023-09,Cargos Efetivos,Assistente Técnico,ESPECIAL,21-E,Vencimento,"10114,55",,2025-07-18T21:27:14.757165
2023-09,Cargos Efetivos,Assistente Técnico,ESPECIAL,22-E,Vencimento,"10367,41",,2025-07-18T21:27:14.757165
2023-09,Cargos Efetivos,Assistente Técnico,ESPECIAL,23-E,Vencimento,"10626,60",,2025-07-18T21:27:14.757165
2023-09,Cargos Efetivos,Assistente Técnico,ESPECIAL,24-E,Vencimento,"10892,27",,2025-07-18T21:27:14.757165
2023-09,Cargos Efetivos,Assistente Técnico,A,2,Vencimento,"6057,10",,2025-07-18T21:27:14.757165
2023-09,Cargos Efetivos,Assistente Técnico,A,3,Vencimento,"6208,53",,2025-07-18T21:27:14.757165
2023-09,Cargos Efetivos,Assistente Técnico,A,4,Vencimento,"6363,74",,2025-07-18T21:27:14.757165
2023-09,Cargos Efetivos,Assistente Técnico,A,5,Vencimento,"6522,83",,2025-07-18T21:27:14.757165
2023-09,Cargos Efetivos,Assistente Técnico,A,6,Vencimento,"6685,90",,2025-07-18T21:27:14.757165
2023-09,Cargos Efetivos,Assistente Técnico,B,7,Vencimento,"6953,34",,2025-07-18T21:27:14.757165
2023-09,Cargos Efetivos,Assistente Técnico,B,8,Vencimento,"7127,17",,2025-07-18T21:27:14.757165
2023-09,Cargos Efetivos,Assistente Técnico,B,9,Vencimento,"7305,35",,2025-07-18T21:27:14.757165
2023-09,Cargos Efetivos,Consultor Legislativo e Consultor Técnico Legislativo,A,46,Classe,A,,2025-07-18T21:27:14.757165
2023-09,Cargos Efetivos,Consultor Legislativo e Consultor Técnico Legislativo,A,47,Classe,A,,2025-07-18T21:27:14.757165
2023-09,Cargos Efetivos,Consultor Legislativo e Consultor Técnico Legislativo,A,48,Classe,A,,2025-07-18T21:27:14.757165
2023-09,Cargos Efetivos,Consultor Legislativo e Consultor Técnico Legislativo,A,49,Classe,A,,2025-07-18T21:27:14.757165
2023-09,Cargos Efetivos,Consultor Legislativo e Consultor Técnico Legislativo,A,50,Classe,A,,2025-07-18T21:27:14.757165
2023-09,Cargos Efetivos,Consultor Legislativo e Consultor Técnico Legislativo,A,51,Classe,A,,2025-07-18T21:27:14.757165
2023-09,Cargos Efetivos,Consultor Legislativo e Consultor Técnico Legislativo,B,52,Classe,B,,2025-07-18T21:27:14.757165
2023-09,Cargos Efetivos,Consultor Legislativo e Consultor Técnico Legislativo,B,53,Classe,B,,2025-07-18T21:27:14.757165
2023-09,Cargos Efetivos,Consultor Legislativo e Consultor Técnico Legislativo,B,54,Classe,B,,2025-07-18T21:27:14.757165
2023-09,Cargos Efetivos,Consultor Legislativo e Consultor Técnico Legislativo,B,55,Classe,B,,2025-07-18T21:27:14.757165
2023-09,Cargos Efetivos,Consultor Legislativo e Consultor Técnico Legislativo,B,56,Classe,B,,2025-07-18T21:27:14.757165
2023-09,Cargos Efetivos,Consultor Legislativo e Consultor Técnico Legislativo,B,57,Classe,B,,2025-07-18T21:27:14.757165
2023-09,Cargos Efetivos,Consultor Legislativo e Consultor Técnico Legislativo,C,58,Classe,C,,2025-07-18T21:27:14.757165
2023-09,Cargos Efetivos,Consultor Legislativo e Consultor Técnico Legislativo,C,59,Classe,C,,2025-07-18T21:27:14.757165
2023-09,Cargos Efetivos,Consultor Legislativo e Consultor Técnico Legislativo,C,60,Classe,C,,2025-07-18T21:27:14.757165
2023-09,Cargos Efetivos,Consultor Legislativo e Consultor Técnico Legislativo,C,61,Classe,C,,2025-07-18T21:27:14.757165
2023-09,Cargos Efetivos,Consultor Legislativo e Consultor Técnico Legislativo,C,62,Classe,C,,2025-07-18T21:27:14.757165
2023-09,Cargos Efetivos,Consultor Legislativo e Consultor Técnico Legislativo,C,63,Classe,C,,2025-07-18T21:27:14.757165
2023-09,Cargos Efetivos,Consultor Legislativo e Consultor Técnico Legislativo,ESPECIAL,64-E,Classe,ESPECIAL,,2025-07-18T21:27:14.757165
2023-09,Cargos Efetivos,Consultor Legislativo e Consultor Técnico Legislativo,ESPECIAL,65-E,Classe,ESPECIAL,,2025-07-18T21:27:14.757165
2023-09,Cargos Efetivos,Consultor Legislativo e Consultor Técnico Legislativo,ESPECIAL,66-E,Classe,ESPECIAL,,2025-07-18T21:27:14.757165
2023-09,Cargos Efetivos,Consultor Legislativo e Consultor Técnico Legislativo,ESPECIAL,67-E,Classe,ESPECIAL,,2025-07-18T21:27:14.757165
2023-09,Cargos Efetivos,Consultor Legislativo e Consultor Técnico Legislativo,ESPECIAL,68-E,Classe,ESPECIAL,,2025-07-18T21:27:14.757165
2023-09,Cargos Efetivos,Consultor Legislativo e Consultor Técnico Legislativo,ESPECIAL,69-E,Classe,ESPECIAL,,2025-07-18T21:27:14.757165
2023-09,Cargos Efetivos,Consultor Legislativo e Consultor Técnico Legislativo,A,46,GAL,"587,61",,2025-07-18T21:27:14.757165
2023-09,Cargos Efetivos,Consultor Legislativo e Consultor Técnico Legislativo,A,47,GAL,"602,31",,2025-07-18T21:27:14.757165
2023-09,Cargos Efetivos,Consultor Legislativo e Consultor Técnico Legislativo,A,48,GAL,"617,36",,2025-07-18T21:27:14.757165
2023-09,Cargos Efetivos,Consultor Legislativo e Consultor Técnico Legislativo,A,49,GAL,"632,80",,2025-07-18T21:27:14.757165
2023-09,Cargos Efetivos,Consultor Legislativo e Consultor Técnico Legislativo,A,50,GAL,"648,62",,2025-07-18T21:27:14.757165
2023-09,Cargos Efetivos,Consultor Legislativo e Consultor Técnico Legislativo,A,51,GAL,"664,83",,2025-07-18T21:27:14.757165
2023-09,Cargos Efetivos,Consultor Legislativo e Consultor Técnico Legislativo,B,52,GAL,"691,43",,2025-07-18T21:27:14.757165
2023-09,Cargos Efetivos,Consultor Legislativo e Consultor Técnico Legislativo,B,53,GAL,"708,71",,2025-07-18T21:27:14.757165
2023-09,Cargos Efetivos,Consultor Legislativo e Consultor Técnico Legislativo,B,54,GAL,"726,43",,2025-07-18T21:27:14.757165
2023-09,Cargos Efetivos,Consultor Legislativo e Consultor Técnico Legislativo,B,55,GAL,"744,59",,2025-07-18T21:27:14.757165
2023-09,Cargos Efetivos,Consultor Legislativo e Consultor Técnico Legislativo,B,56,GAL,"763,20",,2025-07-18T21:27:14.757165
2023-09,Cargos Efetivos,Consultor Legislativo e Consultor Técnico Legislativo,B,57,GAL,"782,28",,2025-07-18T21:27:14.757165
2023-09,Cargos Efetivos,Consultor Legislativo e Consultor Técnico Legislativo,C,58,GAL,"813,58",,2025-07-18T21:27:14.757165
2023-09,Cargos Efetivos,Consultor Legislativo e Consultor Técnico Legislativo,C,59,GAL,"833,92",,2025-07-18T21:27:14.757165
2023-09,Cargos Efetivos,Consultor Legislativo e Consultor Técnico Legislativo,C,60,GAL,"854,76",,2025-07-18T21:27:14.757165
2023-09,Cargos Efetivos,Consultor Legislativo e Consultor Técnico Legislativo,C,61,GAL,"876,13",,2025-07-18T21:27:14.757165
2023-09,Cargos Efetivos,Consultor Legislativo e Consultor Técnico Legislativo,C,62,GAL,"898,04",,2025-07-18T21:27:14.757165
2023-09,Cargos Efetivos,Consultor Legislativo e Consultor Técnico Legislativo,C,63,GAL,"920,49",,2025-07-18T21:27:14.757165
2023-09,Cargos Efetivos,Consultor Legislativo e Consultor Técnico Legislativo,ESPECIAL,64-E,GAL,"957,31",,2025-07-18T21:27:14.757165
2023-09,Cargos Efetivos,Consultor Legislativo e Consultor Técnico Legislativo,ESPECIAL,65-E,GAL,"981,24",,2025-07-18T21:27:14.757165
2023-09,Cargos Efetivos,Consultor Legislativo e Consultor Técnico Legislativo,ESPECIAL,66-E,GAL,"1005,77",,2025-07-18T21:27:14.757165
2023-09,Cargos Efetivos,Consultor Legislativo e Consultor Técnico Legislativo,ESPECIAL,67-E,GAL,"1030,91",,2025-07-18T21:27:14.757165
2023-09,Cargos Efetivos,Consultor Legislativo e Consultor Técnico Legislativo,ESPECIAL,68-E,GAL,"1056,69",,2025-07-18T21:27:14.757165
2023-09,Cargos Efetivos,Consultor Legislativo e Consultor Técnico Legislativo,ESPECIAL,69-E,GAL,"1083,10",,2025-07-18T21:27:14.757165
2023-09,Cargos Efetivos,Consultor Legislativo e Consultor Técnico Legislativo,A,46,Padrao,46,,2025-07-18T21:27:14.757165
2023-09,Cargos Efetivos,Consultor Legislativo e Consultor Técnico Legislativo,A,47,Padrao,47,,2025-07-18T21:27:14.757165
2023-09,Cargos Efetivos,Consultor Legislativo e Consultor Técnico Legislativo,A,48,Padrao,48,,2025-07-18T21:27:14.757165
2023-09,Cargos Efetivos,Consultor Legislativo e Consultor Técnico Legislativo,A,49,Padrao,49,,2025-07-18T21:27:14.757165
2023-09,Cargos Efetivos,Consultor Legislativo e Consultor Técnico Legislativo,A,50,Padrao,50,,2025-07-18T21:27:14.757165
2023-09,Cargos Efetivos,Consultor Legislativo e Consultor Técnico Legislativo,A,51,Padrao,51,,2025-07-18T21:27:14.757165
2023-09,Cargos Efetivos,Consultor Legislativo e Consultor Técnico Legislativo,B,52,Padrao,52,,2025-07-18T21:27:14.757165
2023-09,Cargos Efetivos,Consultor Legislativo e Consultor Técnico Legislativo,B,53,Padrao,53,,2025-07-18T21:27:14.757165
2023-09,Cargos Efetivos,Consultor Legislativo e Consultor Técnico Legislativo,B,54,Padrao,54,,2025-07-18T21:27:14.757165
2023-09,Cargos Efetivos,Consultor Legislativo e Consultor Técnico Legislativo,B,55,Padrao,55,,2025-07-18T21:27:14.757165
2023-09,Cargos Efetivos,Consultor Legislativo e Consultor Técnico Legislativo,B,56,Padrao,56,,2025-07-18T21:27:14.757165
2023-09,Cargos Efetivos,Consultor Legislativo e Consultor Técnico Legislativo,B,57,Padrao,57,,2025-07-18T21:27:14.757165
2023-09,Cargos Efetivos,Consultor Legislativo e Consultor Técnico Legislativo,C,58,Padrao,58,,2025-07-18T21:27:14.757165
2023-09,Cargos Efetivos,Consultor Legislativo e Consultor Técnico Legislativo,C,59,Padrao,59,,2025-07-18T21:27:14.757165
2023-09,Cargos Efetivos,Consultor Legislativo e Consultor Técnico Legislativo,C,60,Padrao,60,,2025-07-18T21:27:14.757165
2023-09,Cargos Efetivos,Consultor Legislativo e Consultor Técnico Legislativo,C,61,Padrao,61,,2025-07-18T21:27:14.757165
2023-09,Cargos Efetivos,Consultor Legislativo e Consultor Técnico Legislativo,C,62,Padrao,62,,2025-07-18T21:27:14.757165
2023-09,Cargos Efetivos,Consultor Legislativo e Consultor Técnico Legislativo,C,63,Padrao,63,,2025-07-18T21:27:14.757165
2023-09,Cargos Efetivos,Consultor Legislativo e Consultor Técnico Legislativo,ESPECIAL,64-E,Padrao,64-E,,2025-07-18T21:27:14.757165
2023-09,Cargos Efetivos,Consultor Legislativo e Consultor Técnico Legislativo,ESPECIAL,65-E,Padrao,65-E,,2025-07-18T21:27:14.757165
2023-09,Cargos Efetivos,Consultor Legislativo e Consultor Técnico Legislativo,ESPECIAL,66-E,Padrao,66-E,,2025-07-18T21:27:14.757165
2023-09,Cargos Efetivos,Consultor Legislativo e Consultor Técnico Legislativo,ESPECIAL,67-E,Padrao,67-E,,2025-07-18T21:27:14.757165
2023-09,Cargos Efetivos,Consultor Legislativo e Consultor Técnico Legislativo,ESPECIAL,68-E,Padrao,68-E,,2025-07-18T21:27:14.757165
2023-09,Cargos Efetivos,Consultor Legislativo e Consultor Técnico Legislativo,ESPECIAL,69-E,Padrao,69-E,,2025-07-18T21:27:14.757165
2023-09,Cargos Efetivos,Consultor Legislativo e Consultor Técnico Legislativo,A,46,Total,"20174,77",,2025-07-18T21:27:14.757165
2023-09,Cargos Efetivos,Consultor Legislativo e Consultor Técnico Legislativo,A,47,Total,"20679,15",,2025-07-18T21:27:14.757165
2023-09,Cargos Efetivos,Consultor Legislativo e Consultor Técnico Legislativo,A,48,Total,"21196,12",,2025-07-18T21:27:14.757165
2023-09,Cargos Efetivos,Consultor Legislativo e Consultor Técnico Legislativo,A,49,Total,"21726,03",,2025-07-18T21:27:14.757165
2023-09,Cargos Efetivos,Consultor Legislativo e Consultor Técnico Legislativo,A,50,Total,"22269,18",,2025-07-18T21:27:14.757165
2023-09,Cargos Efetivos,Consultor Legislativo e Consultor Técnico Legislativo,A,51,Total,"22825,90",,2025-07-18T21:27:14.757165
2023-09,Cargos Efetivos,Consultor Legislativo e Consultor Técnico Legislativo,B,52,Total,"23738,94",,2025-07-18T21:27:14.757165
2023-09,Cargos Efetivos,Consultor Legislativo e Consultor Técnico Legislativo,B,53,Total,"24332,41",,2025-07-18T21:27:14.757165
2023-09,Cargos Efetivos,Consultor Legislativo e Consultor Técnico Legislativo,B,54,Total,"24940,72",,2025-07-18T21:27:14.757165
2023-09,Cargos Efetivos,Consultor Legislativo e Consultor Técnico Legislativo,B,55,Total,"25564,24",,2025-07-18T21:27:14.757165
2023-09,Cargos Efetivos,Consultor Legislativo e Consultor Técnico Legislativo,B,56,Total,"26203,34",,2025-07-18T21:27:14.757165
2023-09,Cargos Efetivos,Consultor Legislativo e Consultor Técnico Legislativo,B,57,Total,"26858,42",,2025-07-18T21:27:14.757165
2023-09,Cargos Efetivos,Consultor Legislativo e Consultor Técnico Legislativo,C,58,Total,"27932,77",,2025-07-18T21:27:14.757165
2023-09,Cargos Efetivos,Consultor Legislativo e Consultor Técnico Legislativo,C,59,Total,"28631,09",,2025-07-18T21:27:14.757165
2023-09,Cargos Efetivos,Consultor Legislativo e Consultor Técnico Legislativo,C,60,Total,"29346,86",,2025-07-18T21:27:14.757165
2023-09,Cargos Efetivos,Consultor Legislativo e Consultor Técnico Legislativo,C,61,Total,"30080,53",,2025-07-18T21:27:14.757165
2023-09,Cargos Efetivos,Consultor Legislativo e Consultor Técnico Legislativo,C,62,Total,"30832,55",,2025-07-18T21:27:14.757165
2023-09,Cargos Efetivos,Consultor Legislativo e Consultor Técnico Legislativo,C,63,Total,"31603,36",,2025-07-18T21:27:14.757165
2023-09,Cargos Efetivos,Consultor Legislativo e Consultor Técnico Legislativo,ESPECIAL,64-E,Total,"32867,49",,2025-07-18T21:27:14.757165
2023-09,Cargos Efetivos,Consultor Legislativo e Consultor Técnico Legislativo,ESPECIAL,65-E,Total,"33689,17",,2025-07-18T21:27:14.757165
2023-09,Cargos Efetivos,Consultor Legislativo e Consultor Técnico Legislativo,ESPECIAL,66-E,Total,"34531,40",,2025-07-18T21:27:14.757165
2023-09,Cargos Efetivos,Consultor Legislativo e Consultor Técnico Legislativo,ESPECIAL,67-E,Total,"35394,68",,2025-07-18T21:27:14.757165
2023-09,Cargos Efetivos,Consultor Legislativo e Consultor Técnico Legislativo,ESPECIAL,68-E,Total,"36279,55",,2025-07-18T21:27:14.757165
2023-09,Cargos Efetivos,Consultor Legislativo e Consultor Técnico Legislativo,ESPECIAL,69-E,Total,"37186,53",,2025-07-18T21:27:14.757165
2023-09,Cargos Efetivos,Consultor Legislativo e Consultor Técnico Legislativo,A,46,Vencimento,"19587,16",,2025-07-18T21:27:14.757165
2023-09,Cargos Efetivos,Consultor Legislativo e Consultor Técnico Legislativo,A,47,Vencimento,"20076,84",,2025-07-18T21:27:14.757165
2023-09,Cargos Efetivos,Consultor Legislativo e Consultor Técnico Legislativo,A,48,Vencimento,"20578,76",,2025-07-18T21:27:14.757165
2023-09,Cargos Efetivos,Consultor Legislativo e Consultor Técnico Legislativo,A,49,Vencimento,"21093,23",,2025-07-18T21:27:14.757165
2023-09,Cargos Efetivos,Consultor Legislativo e Consultor Técnico Legislativo,A,50,Vencimento,"21620,56",,2025-07-18T21:27:14.757165
2023-09,Cargos Efetivos,Consultor Legislativo e Consultor Técnico Legislativo,A,51,Vencimento,"22161,07",,2025-07-18T21:27:14.757165
2023-09,Cargos Efetivos,Consultor Legislativo e Consultor Técnico Legislativo,B,52,Vencimento,"23047,51",,2025-07-18T21:27:14.757165
2023-09,Cargos Efetivos,Consultor Legislativo e Consultor Técnico Legislativo,B,53,Vencimento,"23623,70",,2025-07-18T21:27:14.757165
2023-09,Cargos Efetivos,Consultor Legislativo e Consultor Técnico Legislativo,B,54,Vencimento,"24214,29",,2025-07-18T21:27:14.757165
2023-09,Cargos Efetivos,Consultor Legislativo e Consultor Técnico Legislativo,B,55,Vencimento,"24819,65",,2025-07-18T21:27:14.757165
2023-09,Cargos Efetivos,Consultor Legislativo e Consultor Técnico Legislativo,B,56,Vencimento,"25440,14",,2025-07-18T21:27:14.757165
2023-09,Cargos Efetivos,Consultor Legislativo e Consultor Técnico Legislativo,B,57,Vencimento,"26076,14",,2025-07-18T21:27:14.757165
2023-09,Cargos Efetivos,Consultor Legislativo e Consultor Técnico Legislativo,C,58,Vencimento,"27119,19",,2025-07-18T21:27:14.757165
2023-09,Cargos Efetivos,Consultor Legislativo e Consultor Técnico Legislativo,C,59,Vencimento,"27797,17",,2025-07-18T21:27:14.757165
2023-09,Cargos Efetivos,Consultor Legislativo e Consultor Técnico Legislativo,C,60,Vencimento,"28492,10",,2025-07-18T21:27:14.757165
2023-09,Cargos Efetivos,Consultor Legislativo e Consultor Técnico Legislativo,C,61,Vencimento,"29204,40",,2025-07-18T21:27:14.757165
2023-09,Cargos Efetivos,Consultor Legislativo e Consultor Técnico Legislativo,C,62,Vencimento,"29934,51",,2025-07-18T21:27:14.757165
2023-09,Cargos Efetivos,Consultor Legislativo e Consultor Técnico Legislativo,C,63,Vencimento,"30682,87",,2025-07-18T21:27:14.757165
2023-09,Cargos Efetivos,Consultor Legislativo e Consultor Técnico Legislativo,ESPECIAL,64-E,Vencimento,"31910,18",,2025-07-18T21:27:14.757165
2023-09,Cargos Efetivos,Consultor Legislativo e Consultor Técnico Legislativo,ESPECIAL,65-E,Vencimento,"32707,93",,2025-07-18T21:27:14.757165
2023-09,Cargos Efetivos,Consultor Legislativo e Consultor Técnico Legislativo,ESPECIAL,66-E,Vencimento,"33525,63",,2025-07-18T21:27:14.757165
2023-09,Cargos Efetivos,Consultor Legislativo e Consultor Técnico Legislativo,ESPECIAL,67-E,Vencimento,"34363,77",,2025-07-18T21:27:14.757165
2023-09,Cargos Efetivos,Consultor Legislativo e Consultor Técnico Legislativo,ESPECIAL,68-E,Vencimento,"35222,86",,2025-07-18T21:27:14.757165
2023-09,Cargos Efetivos,Consultor Legislativo e Consultor Técnico Legislativo,ESPECIAL,69-E,Vencimento,"36103,43",,2025-07-18T21:27:14.757165
2023-09,Cargos Efetivos,Procurador,A,49,Classe,A,,2025-07-18T21:27:14.757165
2023-09,Cargos Efetivos,Procurador,A,50,Classe,A,,2025-07-18T21:27:14.757165
2023-09,Cargos Efetivos,Procurador,A,51,Classe,A,,2025-07-18T21:27:14.757165
2023-09,Cargos Efetivos,Procurador,B,52,Classe,B,,2025-07-18T21:27:14.757165
2023-09,Cargos Efetivos,Procurador,B,53,Classe,B,,2025-07-18T21:27:14.757165
2023-09,Cargos Efetivos,Procurador,B,54,Classe,B,,2025-07-18T21:27:14.757165
2023-09,Cargos Efetivos,Procurador,B,55,Classe,B,,2025-07-18T21:27:14.757165
2023-09,Cargos Efetivos,Procurador,B,56,Classe,B,,2025-07-18T21:27:14.757165
2023-09,Cargos Efetivos,Procurador,B,57,Classe,B,,2025-07-18T21:27:14.757165
2023-09,Cargos Efetivos,Procurador,C,58,Classe,C,,2025-07-18T21:27:14.757165
2023-09,Cargos Efetivos,Procurador,C,59,Classe,C,,2025-07-18T21:27:14.757165
2023-09,Cargos Efetivos,Procurador,C,60,Classe,C,,2025-07-18T21:27:14.757165
2023-09,Cargos Efetivos,Procurador,C,61,Classe,C,,2025-07-18T21:27:14.757165
2023-09,Cargos Efetivos,Procurador,C,62,Classe,C,,2025-07-18T21:27:14.757165
2023-09,Cargos Efetivos,Procurador,C,63,Classe,C,,2025-07-18T21:27:14.757165
2023-09,Cargos Efetivos,Procurador,ESPECIAL,64-E,Classe,ESPECIAL,,2025-07-18T21:27:14.757165
2023-09,Cargos Efetivos,Procurador,ESPECIAL,65-E,Classe,ESPECIAL,,2025-07-18T21:27:14.757165
2023-09,Cargos Efetivos,Procurador,ESPECIAL,66-E,Classe,ESPECIAL,,2025-07-18T21:27:14.757165
2023-09,Cargos Efetivos,Procurador,ESPECIAL,67-E,Classe,ESPECIAL,,2025-07-18T21:27:14.757165
2023-09,Cargos Efetivos,Procurador,ESPECIAL,68-E,Classe,ESPECIAL,,2025-07-18T21:27:14.757165
2023-09,Cargos Efetivos,Procurador,ESPECIAL,69-E,Classe,ESPECIAL,,2025-07-18T21:27:14.757165
2023-09,Cargos Efetivos,Procurador,A,46,Classe,A,,2025-07-18T21:27:14.757165
2023-09,Cargos Efetivos,Procurador,A,47,Classe,A,,2025-07-18T21:27:14.757165
2023-09,Cargos Efetivos,Procurador,A,48,Classe,A,,2025-07-18T21:27:14.757165
2023-09,Cargos Efetivos,Procurador,A,49,GAL,"632,80",,2025-07-18T21:27:14.757165
2023-09,Cargos Efetivos,Procurador,A,50,GAL,"648,62",,2025-07-18T21:27:14.757165
2023-09,Cargos Efetivos,Procurador,A,51,GAL,"664,83",,2025-07-18T21:27:14.757165
2023-09,Cargos Efetivos,Procurador,B,52,GAL,"691,43",,2025-07-18T21:27:14.757165
2023-09,Cargos Efetivos,Procurador,B,53,GAL,"708,71",,2025-07-18T21:27:14.757165
2023-09,Cargos Efetivos,Procurador,B,54,GAL,"726,43",,2025-07-18T21:27:14.757165
2023-09,Cargos Efetivos,Procurador,B,55,GAL,"744,59",,2025-07-18T21:27:14.757165
2023-09,Cargos Efetivos,Procurador,B,56,GAL,"763,20",,2025-07-18T21:27:14.757165
2023-09,Cargos Efetivos,Procurador,B,57,GAL,"782,28",,2025-07-18T21:27:14.757165
2023-09,Cargos Efetivos,Procurador,C,58,GAL,"813,58",,2025-07-18T21:27:14.757165
2023-09,Cargos Efetivos,Procurador,C,59,GAL,"833,92",,2025-07-18T21:27:14.757165
2023-09,Cargos Efetivos,Procurador,C,60,GAL,"854,76",,2025-07-18T21:27:14.757165
2023-09,Cargos Efetivos,Procurador,C,61,GAL,"876,13",,2025-07-18T21:27:14.757165
2023-09,Cargos Efetivos,Procurador,C,62,GAL,"898,04",,2025-07-18T21:27:14.757165
2023-09,Cargos Efetivos,Procurador,C,63,GAL,"920,49",,2025-07-18T21:27:14.757165
2023-09,Cargos Efetivos,Procurador,ESPECIAL,64-E,GAL,"957,31",,2025-07-18T21:27:14.757165
2023-09,Cargos Efetivos,Procurador,ESPECIAL,65-E,GAL,"981,24",,2025-07-18T21:27:14.757165
2023-09,Cargos Efetivos,Procurador,ESPECIAL,66-E,GAL,"1005,77",,2025-07-18T21:27:14.757165
2023-09,Cargos Efetivos,Procurador,ESPECIAL,67-E,GAL,"1030,91",,2025-07-18T21:27:14.757165
2023-09,Cargos Efetivos,Procurador,ESPECIAL,68-E,GAL,"1056,69",,2025-07-18T21:27:14.757165
2023-09,Cargos Efetivos,Procurador,ESPECIAL,69-E,GAL,"1083,10",,2025-07-18T21:27:14.757165
2023-09,Cargos Efetivos,Procurador,A,46,GAL,"587,61",,2025-07-18T21:27:14.757165
2023-09,Cargos Efetivos,Procurador,A,47,GAL,"602,31",,2025-07-18T21:27:14.757165
2023-09,Cargos Efetivos,Procurador,A,48,GAL,"617,36",,2025-07-18T21:27:14.757165
2023-09,Cargos Efetivos,Procurador,A,49,Padrao,49,,2025-07-18T21:27:14.757165
2023-09,Cargos Efetivos,Procurador,A,50,Padrao,50,,2025-07-18T21:27:14.757165
2023-09,Cargos Efetivos,Procurador,A,51,Padrao,51,,2025-07-18T21:27:14.757165
2023-09,Cargos Efetivos,Procurador,B,52,Padrao,52,,2025-07-18T21:27:14.757165
2023-09,Cargos Efetivos,Procurador,B,53,Padrao,53,,2025-07-18T21:27:14.757165
2023-09,Cargos Efetivos,Procurador,B,54,Padrao,54,,2025-07-18T21:27:14.757165
2023-09,Cargos Efetivos,Procurador,B,55,Padrao,55,,2025-07-18T21:27:14.757165
2023-09,Cargos Efetivos,Procurador,B,56,Padrao,56,,2025-07-18T21:27:14.757165
2023-09,Cargos Efetivos,Procurador,B,57,Padrao,57,,2025-07-18T21:27:14.757165
2023-09,Cargos Efetivos,Procurador,C,58,Padrao,58,,2025-07-18T21:27:14.757165
2023-09,Cargos Efetivos,Procurador,C,59,Padrao,59,,2025-07-18T21:27:14.757165
2023-09,Cargos Efetivos,Procurador,C,60,Padrao,60,,2025-07-18T21:27:14.757165
2023-09,Cargos Efetivos,Procurador,C,61,Padrao,61,,2025-07-18T21:27:14.757165
2023-09,Cargos Efetivos,Procurador,C,62,Padrao,62,,2025-07-18T21:27:14.757165
2023-09,Cargos Efetivos,Procurador,C,63,Padrao,63,,2025-07-18T21:27:14.757165
2023-09,Cargos Efetivos,Procurador,ESPECIAL,64-E,Padrao,64-E,,2025-07-18T21:27:14.757165
2023-09,Cargos Efetivos,Procurador,ESPECIAL,65-E,Padrao,65-E,,2025-07-18T21:27:14.757165
2023-09,Cargos Efetivos,Procurador,ESPECIAL,66-E,Padrao,66-E,,2025-07-18T21:27:14.757165
2023-09,Cargos Efetivos,Procurador,ESPECIAL,67-E,Padrao,67-E,,2025-07-18T21:27:14.757165
2023-09,Cargos Efetivos,Procurador,ESPECIAL,68-E,Padrao,68-E,,2025-07-18T21:27:14.757165
2023-09,Cargos Efetivos,Procurador,ESPECIAL,69-E,Padrao,69-E,,2025-07-18T21:27:14.757165
2023-09,Cargos Efetivos,Procurador,A,46,Padrao,46,,2025-07-18T21:27:14.757165
2023-09,Cargos Efetivos,Procurador,A,47,Padrao,47,,2025-07-18T21:27:14.757165
2023-09,Cargos Efetivos,Procurador,A,48,Padrao,48,,2025-07-18T21:27:14.757165
2023-09,Cargos Efetivos,Procurador,A,49,Total,"21726,03",,2025-07-18T21:27:14.757165
2023-09,Cargos Efetivos,Procurador,A,50,Total,"22269,18",,2025-07-18T21:27:14.757165
2023-09,Cargos Efetivos,Procurador,A,51,Total,"22825,90",,2025-07-18T21:27:14.757165
2023-09,Cargos Efetivos,Procurador,B,52,Total,"23738,94",,2025-07-18T21:27:14.757165
2023-09,Cargos Efetivos,Procurador,B,53,Total,"24332,41",,2025-07-18T21:27:14.757165
2023-09,Cargos Efetivos,Procurador,B,54,Total,"24940,72",,2025-07-18T21:27:14.757165
2023-09,Cargos Efetivos,Procurador,B,55,Total,"25564,24",,2025-07-18T21:27:14.757165
2023-09,Cargos Efetivos,Procurador,B,56,Total,"26203,34",,2025-07-18T21:27:14.757165
2023-09,Cargos Efetivos,Procurador,B,57,Total,"26858,42",,2025-07-18T21:27:14.757165
2023-09,Cargos Efetivos,Procurador,C,58,Total,"27932,77",,2025-07-18T21:27:14.757165
2023-09,Cargos Efetivos,Procurador,C,59,Total,"28631,09",,2025-07-18T21:27:14.757165
2023-09,Cargos Efetivos,Procurador,C,60,Total,"29346,86",,2025-07-18T21:27:14.757165
2023-09,Cargos Efetivos,Procurador,C,61,Total,"30080,53",,2025-07-18T21:27:14.757165
2023-09,Cargos Efetivos,Procurador,C,62,Total,"30832,55",,2025-07-18T21:27:14.757165
2023-09,Cargos Efetivos,Procurador,C,63,Total,"31603,36",,2025-07-18T21:27:14.757165
2023-09,Cargos Efetivos,Procurador,ESPECIAL,64-E,Total,"32867,49",,2025-07-18T21:27:14.757165
2023-09,Cargos Efetivos,Procurador,ESPECIAL,65-E,Total,"33689,17",,2025-07-18T21:27:14.757165
2023-09,Cargos Efetivos,Procurador,ESPECIAL,66-E,Total,"34531,40",,2025-07-18T21:27:14.757165
2023-09,Cargos Efetivos,Procurador,ESPECIAL,67-E,Total,"35394,68",,2025-07-18T21:27:14.757165
2023-09,Cargos Efetivos,Procurador,ESPECIAL,68-E,Total,"36279,55",,2025-07-18T21:27:14.757165
2023-09,Cargos Efetivos,Procurador,ESPECIAL,69-E,Total,"37186,53",,2025-07-18T21:27:14.757165
2023-09,Cargos Efetivos,Procurador,A,46,Total,"20174,77",,2025-07-18T21:27:14.757165
2023-09,Cargos Efetivos,Procurador,A,47,Total,"20679,15",,2025-07-18T21:27:14.757165
2023-09,Cargos Efetivos,Procurador,A,48,Total,"21196,12",,2025-07-18T21:27:14.757165
2023-09,Cargos Efetivos,Procurador,A,49,Vencimento,"21093,23",,2025-07-18T21:27:14.757165
2023-09,Cargos Efetivos,Procurador,A,50,Vencimento,"21620,56",,2025-07-18T21:27:14.757165
2023-09,Cargos Efetivos,Procurador,A,51,Vencimento,"22161,07",,2025-07-18T21:27:14.757165
2023-09,Cargos Efetivos,Procurador,B,52,Vencimento,"23047,51",,2025-07-18T21:27:14.757165
2023-09,Cargos Efetivos,Procurador,B,53,Vencimento,"23623,70",,2025-07-18T21:27:14.757165
2023-09,Cargos Efetivos,Procurador,B,54,Vencimento,"24214,29",,2025-07-18T21:27:14.757165
2023-09,Cargos Efetivos,Procurador,B,55,Vencimento,"24819,65",,2025-07-18T21:27:14.757165
2023-09,Cargos Efetivos,Procurador,B,56,Vencimento,"25440,14",,2025-07-18T21:27:14.757165
2023-09,Cargos Efetivos,Procurador,B,57,Vencimento,"26076,14",,2025-07-18T21:27:14.757165
2023-09,Cargos Efetivos,Procurador,C,58,Vencimento,"27119,19",,2025-07-18T21:27:14.757165
2023-09,Cargos Efetivos,Procurador,C,59,Vencimento,"27797,17",,2025-07-18T21:27:14.757165
2023-09,Cargos Efetivos,Procurador,C,60,Vencimento,"28492,10",,2025-07-18T21:27:14.757165
2023-09,Cargos Efetivos,Procurador,C,61,Vencimento,"29204,40",,2025-07-18T21:27:14.757165
2023-09,Cargos Efetivos,Procurador,C,62,Vencimento,"29934,51",,2025-07-18T21:27:14.757165
2023-09,Cargos Efetivos,Procurador,C,63,Vencimento,"30682,87",,2025-07-18T21:27:14.757165
2023-09,Cargos Efetivos,Procurador,ESPECIAL,64-E,Vencimento,"31910,18",,2025-07-18T21:27:14.757165
2023-09,Cargos Efetivos,Procurador,ESPECIAL,65-E,Vencimento,"32707,93",,2025-07-18T21:27:14.757165
2023-09,Cargos Efetivos,Procurador,ESPECIAL,66-E,Vencimento,"33525,63",,2025-07-18T21:27:14.757165
2023-09,Cargos Efetivos,Procurador,ESPECIAL,67-E,Vencimento,"34363,77",,2025-07-18T21:27:14.757165
2023-09,Cargos Efetivos,Procurador,ESPECIAL,68-E,Vencimento,"35222,86",,2025-07-18T21:27:14.757165
2023-09,Cargos Efetivos,Procurador,ESPECIAL,69-E,Vencimento,"36103,43",,2025-07-18T21:27:14.757165
2023-09,Cargos Efetivos,Procurador,A,46,Vencimento,"19587,16",,2025-07-18T21:27:14.757165
2023-09,Cargos Efetivos,Procurador,A,47,Vencimento,"20076,84",,2025-07-18T21:27:14.757165
2023-09,Cargos Efetivos,Procurador,A,48,Vencimento,"20578,76",,2025-07-18T21:27:14.757165
2023-09,Cargos Efetivos,Técnico Administrativo,A,16,Classe,A,,2025-07-18T21:27:14.757165
2023-09,Cargos Efetivos,Técnico Administrativo,A,17,Classe,A,,2025-07-18T21:27:14.757165
2023-09,Cargos Efetivos,Técnico Administrativo,A,18,Classe,A,,2025-07-18T21:27:14.757165
2023-09,Cargos Efetivos,Técnico Administrativo,A,19,Classe,A,,2025-07-18T21:27:14.757165
2023-09,Cargos Efetivos,Técnico Administrativo,A,20,Classe,A,,2025-07-18T21:27:14.757165
2023-09,Cargos Efetivos,Técnico Administrativo,A,21,Classe,A,,2025-07-18T21:27:14.757165
2023-09,Cargos Efetivos,Técnico Administrativo,B,22,Classe,B,,2025-07-18T21:27:14.757165
2023-09,Cargos Efetivos,Técnico Administrativo,B,23,Classe,B,,2025-07-18T21:27:14.757165
2023-09,Cargos Efetivos,Técnico Administrativo,B,24,Classe,B,,2025-07-18T21:27:14.757165
2023-09,Cargos Efetivos,Técnico Administrativo,B,25,Classe,B,,2025-07-18T21:27:14.757165
2023-09,Cargos Efetivos,Técnico Administrativo,B,26,Classe,B,,2025-07-18T21:27:14.757165
2023-09,Cargos Efetivos,Técnico Administrativo,B,27,Classe,B,,2025-07-18T21:27:14.757165
2023-09,Cargos Efetivos,Técnico Administrativo,C,28,Classe,C,,2025-07-18T21:27:14.757165
2023-09,Cargos Efetivos,Técnico Administrativo,C,29,Classe,C,,2025-07-18T21:27:14.757165
2023-09,Cargos Efetivos,Técnico Administrativo,C,30,Classe,C,,2025-07-18T21:27:14.757165
2023-09,Cargos Efetivos,Técnico Administrativo,C,31,Classe,C,,2025-07-18T21:27:14.757165
2023-09,Cargos Efetivos,Técnico Administrativo,C,32,Classe,C,,2025-07-18T21:27:14.757165
2023-09,Cargos Efetivos,Técnico Administrativo,C,33,Classe,C,,2025-07-18T21:27:14.757165
2023-09,Cargos Efetivos,Técnico Administrativo,ESPECIAL,34-E,Classe,ESPECIAL,,2025-07-18T21:27:14.757165
2023-09,Cargos Efetivos,Técnico Administrativo,ESPECIAL,35-E,Classe,ESPECIAL,,2025-07-18T21:27:14.757165
2023-09,Cargos Efetivos,Técnico Administrativo,ESPECIAL,36-E,Classe,ESPECIAL,,2025-07-18T21:27:14.757165
2023-09,Cargos Efetivos,Técnico Administrativo,ESPECIAL,37-E,Classe,ESPECIAL,,2025-07-18T21:27:14.757165
2023-09,Cargos Efetivos,Técnico Administrativo,ESPECIAL,38-E,Classe,ESPECIAL,,2025-07-18T21:27:14.757165
2023-09,Cargos Efetivos,Técnico Administrativo,ESPECIAL,39-E,Classe,ESPECIAL,,2025-07-18T21:27:14.757165
2023-09,Cargos Efetivos,Técnico Administrativo,A,16,GAL,"264,33",,2025-07-18T21:27:14.757165
2023-09,Cargos Efetivos,Técnico Administrativo,A,17,GAL,"270,93",,2025-07-18T21:27:14.757165
2023-09,Cargos Efetivos,Técnico Administrativo,A,18,GAL,"277,71",,2025-07-18T21:27:14.757165
2023-09,Cargos Efetivos,Técnico Administrativo,A,19,GAL,"284,65",,2025-07-18T21:27:14.757165
2023-09,Cargos Efetivos,Técnico Administrativo,A,20,GAL,"291,77",,2025-07-18T21:27:14.757165
2023-09,Cargos Efetivos,Técnico Administrativo,A,21,GAL,"299,06",,2025-07-18T21:27:14.757165
2023-09,Cargos Efetivos,Técnico Administrativo,B,22,GAL,"311,02",,2025-07-18T21:27:14.757165
2023-09,Cargos Efetivos,Técnico Administrativo,B,23,GAL,"318,80",,2025-07-18T21:27:14.757165
2023-09,Cargos Efetivos,Técnico Administrativo,B,24,GAL,"326,77",,2025-07-18T21:27:14.757165
2023-09,Cargos Efetivos,Técnico Administrativo,B,25,GAL,"334,94",,2025-07-18T21:27:14.757165
2023-09,Cargos Efetivos,Técnico Administrativo,B,26,GAL,"343,31",,2025-07-18T21:27:14.757165
2023-09,Cargos Efetivos,Técnico Administrativo,B,27,GAL,"351,89",,2025-07-18T21:27:14.757165
2023-09,Cargos Efetivos,Técnico Administrativo,C,28,GAL,"365,97",,2025-07-18T21:27:14.757165
2023-09,Cargos Efetivos,Técnico Administrativo,C,29,GAL,"375,12",,2025-07-18T21:27:14.757165
2023-09,Cargos Efetivos,Técnico Administrativo,C,30,GAL,"384,50",,2025-07-18T21:27:14.757165
2023-09,Cargos Efetivos,Técnico Administrativo,C,31,GAL,"394,11",,2025-07-18T21:27:14.757165
2023-09,Cargos Efetivos,Técnico Administrativo,C,32,GAL,"403,96",,2025-07-18T21:27:14.757165
2023-09,Cargos Efetivos,Técnico Administrativo,C,33,GAL,"414,06",,2025-07-18T21:27:14.757165
2023-09,Cargos Efetivos,Técnico Administrativo,ESPECIAL,34-E,GAL,"430,62",,2025-07-18T21:27:14.757165
2023-09,Cargos Efetivos,Técnico Administrativo,ESPECIAL,35-E,GAL,"441,39",,2025-07-18T21:27:14.757165
2023-09,Cargos Efetivos,Técnico Administrativo,ESPECIAL,36-E,GAL,"452,42",,2025-07-18T21:27:14.757165
2023-09,Cargos Efetivos,Técnico Administrativo,ESPECIAL,37-E,GAL,"463,73",,2025-07-18T21:27:14.757165
2023-09,Cargos Efetivos,Técnico Administrativo,ESPECIAL,38-E,GAL,"475,33",,2025-07-18T21:27:14.757165
2023-09,Cargos Efetivos,Técnico Administrativo,ESPECIAL,39-E,GAL,"487,21",,2025-07-18T21:27:14.757165
2023-09,Cargos Efetivos,Técnico Administrativo,A,16,Padrao,16,,2025-07-18T21:27:14.757165
2023-09,Cargos Efetivos,Técnico Administrativo,A,17,Padrao,17,,2025-07-18T21:27:14.757165
2023-09,Cargos Efetivos,Técnico Administrativo,A,18,Padrao,18,,2025-07-18T21:27:14.757165
2023-09,Cargos Efetivos,Técnico Administrativo,A,19,Padrao,19,,2025-07-18T21:27:14.757165
2023-09,Cargos Efetivos,Técnico Administrativo,A,20,Padrao,20,,2025-07-18T21:27:14.757165
2023-09,Cargos Efetivos,Técnico Administrativo,A,21,Padrao,21,,2025-07-18T21:27:14.757165
2023-09,Cargos Efetivos,Técnico Administrativo,B,22,Padrao,22,,2025-07-18T21:27:14.757165
2023-09,Cargos Efetivos,Técnico Administrativo,B,23,Padrao,23,,2025-07-18T21:27:14.757165
2023-09,Cargos Efetivos,Técnico Administrativo,B,24,Padrao,24,,2025-07-18T21:27:14.757165
2023-09,Cargos Efetivos,Técnico Administrativo,B,25,Padrao,25,,2025-07-18T21:27:14.757165
2023-09,Cargos Efetivos,Técnico Administrativo,B,26,Padrao,26,,2025-07-18T21:27:14.757165
2023-09,Cargos Efetivos,Técnico Administrativo,B,27,Padrao,27,,2025-07-18T21:27:14.757165
2023-09,Cargos Efetivos,Técnico Administrativo,C,28,Padrao,28,,2025-07-18T21:27:14.757165
2023-09,Cargos Efetivos,Técnico Administrativo,C,29,Padrao,29,,2025-07-18T21:27:14.757165
2023-09,Cargos Efetivos,Técnico Administrativo,C,30,Padrao,30,,2025-07-18T21:27:14.757165
2023-09,Cargos Efetivos,Técnico Administrativo,C,31,Padrao,31,,2025-07-18T21:27:14.757165
2023-09,Cargos Efetivos,Técnico Administrativo,C,32,Padrao,32,,2025-07-18T21:27:14.757165
2023-09,Cargos Efetivos,Técnico Administrativo,C,33,Padrao,33,,2025-07-18T21:27:14.757165
2023-09,Cargos Efetivos,Técnico Administrativo,ESPECIAL,34-E,Padrao,34-E,,2025-07-18T21:27:14.757165
2023-09,Cargos Efetivos,Técnico Administrativo,ESPECIAL,35-E,Padrao,35-E,,2025-07-18T21:27:14.757165
2023-09,Cargos Efetivos,Técnico Administrativo,ESPECIAL,36-E,Padrao,36-E,,2025-07-18T21:27:14.757165
2023-09,Cargos Efetivos,Técnico Administrativo,ESPECIAL,37-E,Padrao,37-E,,2025-07-18T21:27:14.757165
2023-09,Cargos Efetivos,Técnico Administrativo,ESPECIAL,38-E,Padrao,38-E,,2025-07-18T21:27:14.757165
2023-09,Cargos Efetivos,Técnico Administrativo,ESPECIAL,39-E,Padrao,39-E,,2025-07-18T21:27:14.757165
2023-09,Cargos Efetivos,Técnico Administrativo,A,16,Total,"9075,17",,2025-07-18T21:27:14.757165
2023-09,Cargos Efetivos,Técnico Administrativo,A,17,Total,"9302,04",,2025-07-18T21:27:14.757165
2023-09,Cargos Efetivos,Técnico Administrativo,A,18,Total,"9534,60",,2025-07-18T21:27:14.757165
2023-09,Cargos Efetivos,Técnico Administrativo,A,19,Total,"9772,96",,2025-07-18T21:27:14.757165
2023-09,Cargos Efetivos,Técnico Administrativo,A,20,Total,"10017,29",,2025-07-18T21:27:14.757165
2023-09,Cargos Efetivos,Técnico Administrativo,A,21,Total,"10267,72",,2025-07-18T21:27:14.757165
2023-09,Cargos Efetivos,Técnico Administrativo,B,22,Total,"10678,43",,2025-07-18T21:27:14.757165
2023-09,Cargos Efetivos,Técnico Administrativo,B,23,Total,"10945,40",,2025-07-18T21:27:14.757165
2023-09,Cargos Efetivos,Técnico Administrativo,B,24,Total,"11219,04",,2025-07-18T21:27:14.757165
2023-09,Cargos Efetivos,Técnico Administrativo,B,25,Total,"11499,52",,2025-07-18T21:27:14.757165
2023-09,Cargos Efetivos,Técnico Administrativo,B,26,Total,"11787,00",,2025-07-18T21:27:14.757165
2023-09,Cargos Efetivos,Técnico Administrativo,B,27,Total,"12081,67",,2025-07-18T21:27:14.757165
2023-09,Cargos Efetivos,Técnico Administrativo,C,28,Total,"12564,94",,2025-07-18T21:27:14.757165
2023-09,Cargos Efetivos,Técnico Administrativo,C,29,Total,"12879,06",,2025-07-18T21:27:14.757165
2023-09,Cargos Efetivos,Técnico Administrativo,C,30,Total,"13201,04",,2025-07-18T21:27:14.757165
2023-09,Cargos Efetivos,Técnico Administrativo,C,31,Total,"13531,06",,2025-07-18T21:27:14.757165
2023-09,Cargos Efetivos,Técnico Administrativo,C,32,Total,"13869,33",,2025-07-18T21:27:14.757165
2023-09,Cargos Efetivos,Técnico Administrativo,C,33,Total,"14216,06",,2025-07-18T21:27:14.757165
2023-09,Cargos Efetivos,Técnico Administrativo,ESPECIAL,34-E,Total,"14784,70",,2025-07-18T21:27:14.757165
2023-09,Cargos Efetivos,Técnico Administrativo,ESPECIAL,35-E,Total,"15154,32",,2025-07-18T21:27:14.757165
2023-09,Cargos Efetivos,Técnico Administrativo,ESPECIAL,36-E,Total,"15533,17",,2025-07-18T21:27:14.757165
2023-09,Cargos Efetivos,Técnico Administrativo,ESPECIAL,37-E,Total,"15921,50",,2025-07-18T21:27:14.757165
2023-09,Cargos Efetivos,Técnico Administrativo,ESPECIAL,38-E,Total,"16319,54",,2025-07-18T21:27:14.757165
2023-09,Cargos Efetivos,Técnico Administrativo,ESPECIAL,39-E,Total,"16727,53",,2025-07-18T21:27:14.757165
2023-09,Cargos Efetivos,Técnico Administrativo,A,16,Vencimento,"8810,84",,2025-07-18T21:27:14.757165
2023-09,Cargos Efetivos,Técnico Administrativo,A,17,Vencimento,"9031,11",,2025-07-18T21:27:14.757165
2023-09,Cargos Efetivos,Técnico Administrativo,A,18,Vencimento,"9256,89",,2025-07-18T21:27:14.757165
2023-09,Cargos Efetivos,Técnico Administrativo,A,19,Vencimento,"9488,31",,2025-07-18T21:27:14.757165
2023-09,Cargos Efetivos,Técnico Administrativo,A,20,Vencimento,"9725,52",,2025-07-18T21:27:14.757165
2023-09,Cargos Efetivos,Técnico Administrativo,A,21,Vencimento,"9968,66",,2025-07-18T21:27:14.757165
2023-09,Cargos Efetivos,Técnico Administrativo,B,22,Vencimento,"10367,41",,2025-07-18T21:27:14.757165
2023-09,Cargos Efetivos,Técnico Administrativo,B,23,Vencimento,"10626,60",,2025-07-18T21:27:14.757165
2023-09,Cargos Efetivos,Técnico Administrativo,B,24,Vencimento,"10892,27",,2025-07-18T21:27:14.757165
2023-09,Cargos Efetivos,Técnico Administrativo,B,25,Vencimento,"11164,58",,2025-07-18T21:27:14.757165
2023-09,Cargos Efetivos,Técnico Administrativo,B,26,Vencimento,"11443,69",,2025-07-18T21:27:14.757165
2023-09,Cargos Efetivos,Técnico Administrativo,B,27,Vencimento,"11729,78",,2025-07-18T21:27:14.757165
2023-09,Cargos Efetivos,Técnico Administrativo,C,28,Vencimento,"12198,97",,2025-07-18T21:27:14.757165
2023-09,Cargos Efetivos,Técnico Administrativo,C,29,Vencimento,"12503,94",,2025-07-18T21:27:14.757165
2023-09,Cargos Efetivos,Técnico Administrativo,C,30,Vencimento,"12816,54",,2025-07-18T21:27:14.757165
2023-09,Cargos Efetivos,Técnico Administrativo,C,31,Vencimento,"13136,95",,2025-07-18T21:27:14.757165
2023-09,Cargos Efetivos,Técnico Administrativo,C,32,Vencimento,"13465,37",,2025-07-18T21:27:14.757165
2023-09,Cargos Efetivos,Técnico Administrativo,C,33,Vencimento,"13802,00",,2025-07-18T21:27:14.757165
2023-09,Cargos Efetivos,Técnico Administrativo,ESPECIAL,34-E,Vencimento,"14354,08",,2025-07-18T21:27:14.757165
2023-09,Cargos Efetivos,Técnico Administrativo,ESPECIAL,35-E,Vencimento,"14712,93",,2025-07-18T21:27:14.757165
2023-09,Cargos Efetivos,Técnico Administrativo,ESPECIAL,36-E,Vencimento,"15080,75",,2025-07-18T21:27:14.757165
2023-09,Cargos Efetivos,Técnico Administrativo,ESPECIAL,37-E,Vencimento,"15457,77",,2025-07-18T21:27:14.757165
2023-09,Cargos Efetivos,Técnico Administrativo,ESPECIAL,38-E,Vencimento,"15844,21",,2025-07-18T21:27:14.757165
2023-09,Cargos Efetivos,Técnico Administrativo,ESPECIAL,39-E,Vencimento,"16240,32",,2025-07-18T21:27:14.757165
2023-09,Subsídio e benefícios,Auxílio Alimentação,,,Fonte Legal,Ato da Mesa Diretora nº 5/2023 – DCL de 16/1/2023,Ato da Mesa Diretora nº 5/2023 – DCL de 16/1/2023,2025-07-18T21:27:48.947986
2023-09,Subsídio e benefícios,Auxílio Alimentação,,,Valor,"1623,60",Ato da Mesa Diretora nº 5/2023 – DCL de 16/1/2023,2025-07-18T21:27:48.947986
2023-09,Subsídio e benefícios,Auxílio Natalidade,,,Fonte Legal,Lei Complementar nº 840/2011,Lei Complementar nº 840/2011,2025-07-18T21:27:48.947986
2023-09,Subsídio e benefícios,Auxílio Natalidade,,,Valor,"1302,00",Lei Complementar nº 840/2011,2025-07-18T21:27:48.947986
2023-09,Subsídio e benefícios,Auxílio Pré-escolar,,,Fonte Legal,Ato da Mesa Diretora nº 5/2023 – DCL de 16/1/2023,Ato da Mesa Diretora nº 5/2023 – DCL de 16/1/2023,2025-07-18T21:27:48.947986
2023-09,Subsídio e benefícios,Auxílio Pré-escolar,,,Valor,"1032,73",Ato da Mesa Diretora nº 5/2023 – DCL de 16/1/2023,2025-07-18T21:27:48.947986
2023-09,Subsídio e benefícios,Subsídio de Deputado,,,Fonte Legal,Decreto Legislativo nº 2.382/2022,Decreto Legislativo nº 2.382/2022,2025-07-18T21:27:48.947986
2023-09,Subsídio e benefícios,Subsídio de Deputado,,,Valor,"31238,19",Decreto Legislativo nº 2.382/2022,2025-07-18T21:27:48.947986
2023-09,Subsídio e benefícios,Verba Indenizatória,,,Fonte Legal,Decreto Legislativo nº 996/2002,Decreto Legislativo nº 996/2002,2025-07-18T21:27:48.947986
2023-09,Subsídio e benefícios,Verba Indenizatória,,,Valor,"18742,91",Decreto Legislativo nº 996/2002,2025-07-18T21:27:48.947986
2024-02,Cargos Comissionados,CL-01,,,55% do Vencimento,"1601,58",,2025-07-18T20:08:30.200284
2024-02,Cargos Comissionados,CL-01,,,Remuneração Integral,"4659,17",,2025-07-18T20:08:30.200284
2024-02,Cargos Comissionados,CL-01,,,Remuneração com Efetivo,"3348,77",,2025-07-18T20:08:30.200284
2024-02,Cargos Comissionados,CL-01,,,Representação,"1747,19",,2025-07-18T20:08:30.200284
2024-02,Cargos Comissionados,CL-01,,,Vencimento,"2911,98",,2025-07-18T20:08:30.200284
2024-02,Cargos Comissionados,CL-02,,,55% do Vencimento,"1779,54",,2025-07-18T20:08:30.200284
2024-02,Cargos Comissionados,CL-02,,,Remuneração Integral,"5176,85",,2025-07-18T20:08:30.200284
2024-02,Cargos Comissionados,CL-02,,,Remuneração com Efetivo,"3720,86",,2025-07-18T20:08:30.200284
2024-02,Cargos Comissionados,CL-02,,,Representação,"1941,32",,2025-07-18T20:08:30.200284
2024-02,Cargos Comissionados,CL-02,,,Vencimento,"3235,53",,2025-07-18T20:08:30.200284
2024-02,Cargos Comissionados,CL-03,,,55% do Vencimento,"1977,26",,2025-07-18T20:08:30.200284
2024-02,Cargos Comissionados,CL-03,,,Remuneração Integral,"5752,05",,2025-07-18T20:08:30.200284
2024-02,Cargos Comissionados,CL-03,,,Remuneração com Efetivo,"4134,28",,2025-07-18T20:08:30.200284
2024-02,Cargos Comissionados,CL-03,,,Representação,"2157,02",,2025-07-18T20:08:30.200284
2024-02,Cargos Comissionados,CL-03,,,Vencimento,"3595,03",,2025-07-18T20:08:30.200284
2024-02,Cargos Comissionados,CL-04,,,55% do Vencimento,"2196,96",,2025-07-18T20:08:30.200284
2024-02,Cargos Comissionados,CL-04,,,Remuneração Integral,"6391,18",,2025-07-18T20:08:30.200284
2024-02,Cargos Comissionados,CL-04,,,Remuneração com Efetivo,"4593,65",,2025-07-18T20:08:30.200284
2024-02,Cargos Comissionados,CL-04,,,Representação,"2396,69",,2025-07-18T20:08:30.200284
2024-02,Cargos Comissionados,CL-04,,,Vencimento,"3994,49",,2025-07-18T20:08:30.200284
2024-02,Cargos Comissionados,CL-05,,,55% do Vencimento,"2441,08",,2025-07-18T20:08:30.200284
2024-02,Cargos Comissionados,CL-05,,,Remuneração Integral,"7101,33",,2025-07-18T20:08:30.200284
2024-02,Cargos Comissionados,CL-05,,,Remuneração com Efetivo,"5104,08",,2025-07-18T20:08:30.200284
2024-02,Cargos Comissionados,CL-05,,,Representação,2663,,2025-07-18T20:08:30.200284
2024-02,Cargos Comissionados,CL-05,,,Vencimento,"4438,33",,2025-07-18T20:08:30.200284
2024-02,Cargos Comissionados,CL-06,,,55% do Vencimento,"2712,31",,2025-07-18T20:08:30.200284
2024-02,Cargos Comissionados,CL-06,,,Remuneração Integral,"7890,37",,2025-07-18T20:08:30.200284
2024-02,Cargos Comissionados,CL-06,,,Remuneração com Efetivo,"5671,2",,2025-07-18T20:08:30.200284
2024-02,Cargos Comissionados,CL-06,,,Representação,"2958,89",,2025-07-18T20:08:30.200284
2024-02,Cargos Comissionados,CL-06,,,Vencimento,"4931,48",,2025-07-18T20:08:30.200284
2024-02,Cargos Comissionados,CL-07,,,55% do Vencimento,"3013,69",,2025-07-18T20:08:30.200284
2024-02,Cargos Comissionados,CL-07,,,Remuneração Integral,"8767,12",,2025-07-18T20:08:30.200284
2024-02,Cargos Comissionados,CL-07,,,Remuneração com Efetivo,"6301,36",,2025-07-18T20:08:30.200284
2024-02,Cargos Comissionados,CL-07,,,Representação,"3287,67",,2025-07-18T20:08:30.200284
2024-02,Cargos Comissionados,CL-07,,,Vencimento,"5479,45",,2025-07-18T20:08:30.200284
2024-02,Cargos Comissionados,CL-08,,,55% do Vencimento,"3348,54",,2025-07-18T20:08:30.200284
2024-02,Cargos Comissionados,CL-08,,,Remuneração Integral,"9741,23",,2025-07-18T20:08:30.200284
2024-02,Cargos Comissionados,CL-08,,,Remuneração com Efetivo,"7001,5",,2025-07-18T20:08:30.200284
2024-02,Cargos Comissionados,CL-08,,,Representação,"3652,96",,2025-07-18T20:08:30.200284
2024-02,Cargos Comissionados,CL-08,,,Vencimento,"6088,27",,2025-07-18T20:08:30.200284
2024-02,Cargos Comissionados,CL-09,,,55% do Vencimento,"3720,61",,2025-07-18T20:08:30.200284
2024-02,Cargos Comissionados,CL-09,,,Remuneração Integral,"10823,62",,2025-07-18T20:08:30.200284
2024-02,Cargos Comissionados,CL-09,,,Remuneração com Efetivo,"7779,47",,2025-07-18T20:08:30.200284
2024-02,Cargos Comissionados,CL-09,,,Representação,"4058,86",,2025-07-18T20:08:30.200284
2024-02,Cargos Comissionados,CL-09,,,Vencimento,"6764,76",,2025-07-18T20:08:30.200284
2024-02,Cargos Comissionados,CL-10,,,55% do Vencimento,"4134,02",,2025-07-18T20:08:30.200284
2024-02,Cargos Comissionados,CL-10,,,Remuneração Integral,"12026,26",,2025-07-18T20:08:30.200284
2024-02,Cargos Comissionados,CL-10,,,Remuneração com Efetivo,"8643,87",,2025-07-18T20:08:30.200284
2024-02,Cargos Comissionados,CL-10,,,Representação,"4509,85",,2025-07-18T20:08:30.200284
2024-02,Cargos Comissionados,CL-10,,,Vencimento,"7516,41",,2025-07-18T20:08:30.200284
2024-02,Cargos Comissionados,CL-11,,,55% do Vencimento,"4593,36",,2025-07-18T20:08:30.200284
2024-02,Cargos Comissionados,CL-11,,,Remuneração Integral,"13362,53",,2025-07-18T20:08:30.200284
2024-02,Cargos Comissionados,CL-11,,,Remuneração com Efetivo,"9604,31",,2025-07-18T20:08:30.200284
2024-02,Cargos Comissionados,CL-11,,,Representação,"5010,95",,2025-07-18T20:08:30.200284
2024-02,Cargos Comissionados,CL-11,,,Vencimento,"8351,58",,2025-07-18T20:08:30.200284
2024-02,Cargos Comissionados,CL-12,,,55% do Vencimento,"5103,75",,2025-07-18T20:08:30.200284
2024-02,Cargos Comissionados,CL-12,,,Remuneração Integral,"14847,28",,2025-07-18T20:08:30.200284
2024-02,Cargos Comissionados,CL-12,,,Remuneração com Efetivo,"10671,48",,2025-07-18T20:08:30.200284
2024-02,Cargos Comissionados,CL-12,,,Representação,"5567,73",,2025-07-18T20:08:30.200284
2024-02,Cargos Comissionados,CL-12,,,Vencimento,"9279,55",,2025-07-18T20:08:30.200284
2024-02,Cargos Comissionados,CL-13,,,55% do Vencimento,"5670,84",,2025-07-18T20:08:30.200284
2024-02,Cargos Comissionados,CL-13,,,Remuneração Integral,"16496,99",,2025-07-18T20:08:30.200284
2024-02,Cargos Comissionados,CL-13,,,Remuneração com Efetivo,"11857,21",,2025-07-18T20:08:30.200284
2024-02,Cargos Comissionados,CL-13,,,Representação,"6186,37",,2025-07-18T20:08:30.200284
2024-02,Cargos Comissionados,CL-13,,,Vencimento,"10310,62",,2025-07-18T20:08:30.200284
2024-02,Cargos Comissionados,CL-14,,,55% do Vencimento,"6300,93",,2025-07-18T20:08:30.200284
2024-02,Cargos Comissionados,CL-14,,,Remuneração Integral,"18329,98",,2025-07-18T20:08:30.200284
2024-02,Cargos Comissionados,CL-14,,,Remuneração com Efetivo,"13174,67",,2025-07-18T20:08:30.200284
2024-02,Cargos Comissionados,CL-14,,,Representação,"6873,74",,2025-07-18T20:08:30.200284
2024-02,Cargos Comissionados,CL-14,,,Vencimento,"11456,24",,2025-07-18T20:08:30.200284
2024-02,Cargos Comissionados,CL-15,,,55% do Vencimento,"7001,04",,2025-07-18T20:08:30.200284
2024-02,Cargos Comissionados,CL-15,,,Remuneração Integral,"20366,67",,2025-07-18T20:08:30.200284
2024-02,Cargos Comissionados,CL-15,,,Remuneração com Efetivo,"14638,54",,2025-07-18T20:08:30.200284
2024-02,Cargos Comissionados,CL-15,,,Representação,"7637,5",,2025-07-18T20:08:30.200284
2024-02,Cargos Comissionados,CL-15,,,Vencimento,"12729,17",,2025-07-18T20:08:30.200284
2024-02,Cargos Comissionados,CNE-01,,,55% do Vencimento,"8219,65",,2025-07-18T20:08:30.200284
2024-02,Cargos Comissionados,CNE-01,,,Remuneração Integral,"23911,72",,2025-07-18T20:08:30.200284
2024-02,Cargos Comissionados,CNE-01,,,Remuneração com Efetivo,"17186,54",,2025-07-18T20:08:30.200284
2024-02,Cargos Comissionados,CNE-01,,,Representação,"8966,89",,2025-07-18T20:08:30.200284
2024-02,Cargos Comissionados,CNE-01,,,Vencimento,"14944,83",,2025-07-18T20:08:30.200284
2024-02,Cargos Comissionados,CNE-02,,,55% do Vencimento,"8767,62",,2025-07-18T20:08:30.200284
2024-02,Cargos Comissionados,CNE-02,,,Remuneração Integral,"25505,8",,2025-07-18T20:08:30.200284
2024-02,Cargos Comissionados,CNE-02,,,Remuneração com Efetivo,"18332,29",,2025-07-18T20:08:30.200284
2024-02,Cargos Comissionados,CNE-02,,,Representação,"9564,67",,2025-07-18T20:08:30.200284
2024-02,Cargos Comissionados,CNE-02,,,Vencimento,"15941,13",,2025-07-18T20:08:30.200284
2024-02,Cargos Comissionados,SP-01,,,55% do Vencimento,"459,17",,2025-07-18T20:08:30.200284
2024-02,Cargos Comissionados,SP-01,,,Remuneração Integral,"1335,77",,2025-07-18T20:08:30.200284
2024-02,Cargos Comissionados,SP-01,,,Remuneração com Efetivo,"960,08",,2025-07-18T20:08:30.200284
2024-02,Cargos Comissionados,SP-01,,,Representação,"500,91",,2025-07-18T20:08:30.200284
2024-02,Cargos Comissionados,SP-01,,,Vencimento,"834,86",,2025-07-18T20:08:30.200284
2024-02,Cargos Comissionados,SP-02,,,55% do Vencimento,"574,00",,2025-07-18T20:08:30.200284
2024-02,Cargos Comissionados,SP-02,,,Remuneração Integral,"1669,82",,2025-07-18T20:08:30.200284
2024-02,Cargos Comissionados,SP-02,,,Remuneração com Efetivo,"1200,18",,2025-07-18T20:08:30.200284
2024-02,Cargos Comissionados,SP-02,,,Representação,"626,18",,2025-07-18T20:08:30.200284
2024-02,Cargos Comissionados,SP-02,,,Vencimento,"1043,64",,2025-07-18T20:08:30.200284
2024-02,Cargos Comissionados,SP-03,,,55% do Vencimento,"717,51",,2025-07-18T20:08:30.200284
2024-02,Cargos Comissionados,SP-03,,,Remuneração Integral,"2087,31",,2025-07-18T20:08:30.200284
2024-02,Cargos Comissionados,SP-03,,,Remuneração com Efetivo,"1500,25",,2025-07-18T20:08:30.200284
2024-02,Cargos Comissionados,SP-03,,,Representação,"782,74",,2025-07-18T20:08:30.200284
2024-02,Cargos Comissionados,SP-03,,,Vencimento,"1304,57",,2025-07-18T20:08:30.200284
2024-02,Cargos Comissionados,SP-04,,,55% do Vencimento,"896,87",,2025-07-18T20:08:30.200284
2024-02,Cargos Comissionados,SP-04,,,Remuneração Integral,"2609,1",,2025-07-18T20:08:30.200284
2024-02,Cargos Comissionados,SP-04,,,Remuneração com Efetivo,"1875,28",,2025-07-18T20:08:30.200284
2024-02,Cargos Comissionados,SP-04,,,Representação,"978,41",,2025-07-18T20:08:30.200284
2024-02,Cargos Comissionados,SP-04,,,Vencimento,"1630,69",,2025-07-18T20:08:30.200284
2024-02,Cargos Comissionados,SP-05,,,55% do Vencimento,"1121,09",,2025-07-18T20:08:30.200284
2024-02,Cargos Comissionados,SP-05,,,Remuneração Integral,"3261,37",,2025-07-18T20:08:30.200284
2024-02,Cargos Comissionados,SP-05,,,Remuneração com Efetivo,"2344,1",,2025-07-18T20:08:30.200284
2024-02,Cargos Comissionados,SP-05,,,Representação,"1223,01",,2025-07-18T20:08:30.200284
2024-02,Cargos Comissionados,SP-05,,,Vencimento,"2038,36",,2025-07-18T20:08:30.200284
2024-02,Cargos Efetivos,Analista Legislativo,A,31,Classe,A,,2025-07-18T20:07:28.986747
2024-02,Cargos Efetivos,Analista Legislativo,A,32,Classe,A,,2025-07-18T20:07:28.986747
2024-02,Cargos Efetivos,Analista Legislativo,A,33,Classe,A,,2025-07-18T20:07:28.986747
2024-02,Cargos Efetivos,Analista Legislativo,A,34,Classe,A,,2025-07-18T20:07:28.986747
2024-02,Cargos Efetivos,Analista Legislativo,A,35,Classe,A,,2025-07-18T20:07:28.986747
2024-02,Cargos Efetivos,Analista Legislativo,A,36,Classe,A,,2025-07-18T20:07:28.986747
2024-02,Cargos Efetivos,Analista Legislativo,B,37,Classe,B,,2025-07-18T20:07:28.986747
2024-02,Cargos Efetivos,Analista Legislativo,B,38,Classe,B,,2025-07-18T20:07:28.986747
2024-02,Cargos Efetivos,Analista Legislativo,B,39,Classe,B,,2025-07-18T20:07:28.986747
2024-02,Cargos Efetivos,Analista Legislativo,B,40,Classe,B,,2025-07-18T20:07:28.986747
2024-02,Cargos Efetivos,Analista Legislativo,B,41,Classe,B,,2025-07-18T20:07:28.986747
2024-02,Cargos Efetivos,Analista Legislativo,B,42,Classe,B,,2025-07-18T20:07:28.986747
2024-02,Cargos Efetivos,Analista Legislativo,C,43,Classe,C,,2025-07-18T20:07:28.986747
2024-02,Cargos Efetivos,Analista Legislativo,C,44,Classe,C,,2025-07-18T20:07:28.986747
2024-02,Cargos Efetivos,Analista Legislativo,C,45,Classe,C,,2025-07-18T20:07:28.986747
2024-02,Cargos Efetivos,Analista Legislativo,C,46,Classe,C,,2025-07-18T20:07:28.986747
2024-02,Cargos Efetivos,Analista Legislativo,C,47,Classe,C,,2025-07-18T20:07:28.986747
2024-02,Cargos Efetivos,Analista Legislativo,C,48,Classe,C,,2025-07-18T20:07:28.986747
2024-02,Cargos Efetivos,Analista Legislativo,ESPECIAL,49-E,Classe,ESPECIAL,,2025-07-18T20:07:28.986747
2024-02,Cargos Efetivos,Analista Legislativo,ESPECIAL,50-E,Classe,ESPECIAL,,2025-07-18T20:07:28.986747
2024-02,Cargos Efetivos,Analista Legislativo,ESPECIAL,51-E,Classe,ESPECIAL,,2025-07-18T20:07:28.986747
2024-02,Cargos Efetivos,Analista Legislativo,ESPECIAL,52-E,Classe,ESPECIAL,,2025-07-18T20:07:28.986747
2024-02,Cargos Efetivos,Analista Legislativo,ESPECIAL,53-E,Classe,ESPECIAL,,2025-07-18T20:07:28.986747
2024-02,Cargos Efetivos,Analista Legislativo,ESPECIAL,54-E,Classe,ESPECIAL,,2025-07-18T20:07:28.986747
2024-02,Cargos Efetivos,Analista Legislativo,A,31,GAL,"394,11",,2025-07-18T20:07:28.986747
2024-02,Cargos Efetivos,Analista Legislativo,A,32,GAL,"403,96",,2025-07-18T20:07:28.986747
2024-02,Cargos Efetivos,Analista Legislativo,A,33,GAL,"414,06",,2025-07-18T20:07:28.986747
2024-02,Cargos Efetivos,Analista Legislativo,A,34,GAL,"424,41",,2025-07-18T20:07:28.986747
2024-02,Cargos Efetivos,Analista Legislativo,A,35,GAL,"435,02",,2025-07-18T20:07:28.986747
2024-02,Cargos Efetivos,Analista Legislativo,A,36,GAL,"445,9",,2025-07-18T20:07:28.986747
2024-02,Cargos Efetivos,Analista Legislativo,B,37,GAL,"463,73",,2025-07-18T20:07:28.986747
2024-02,Cargos Efetivos,Analista Legislativo,B,38,GAL,"475,33",,2025-07-18T20:07:28.986747
2024-02,Cargos Efetivos,Analista Legislativo,B,39,GAL,"487,21",,2025-07-18T20:07:28.986747
2024-02,Cargos Efetivos,Analista Legislativo,B,40,GAL,"499,39",,2025-07-18T20:07:28.986747
2024-02,Cargos Efetivos,Analista Legislativo,B,41,GAL,"511,88",,2025-07-18T20:07:28.986747
2024-02,Cargos Efetivos,Analista Legislativo,B,42,GAL,"524,67",,2025-07-18T20:07:28.986747
2024-02,Cargos Efetivos,Analista Legislativo,C,43,GAL,"545,66",,2025-07-18T20:07:28.986747
2024-02,Cargos Efetivos,Analista Legislativo,C,44,GAL,"559,3",,2025-07-18T20:07:28.986747
2024-02,Cargos Efetivos,Analista Legislativo,C,45,GAL,"573,28",,2025-07-18T20:07:28.986747
2024-02,Cargos Efetivos,Analista Legislativo,C,46,GAL,"587,61",,2025-07-18T20:07:28.986747
2024-02,Cargos Efetivos,Analista Legislativo,C,47,GAL,"602,31",,2025-07-18T20:07:28.986747
2024-02,Cargos Efetivos,Analista Legislativo,C,48,GAL,"617,36",,2025-07-18T20:07:28.986747
2024-02,Cargos Efetivos,Analista Legislativo,ESPECIAL,49-E,GAL,"642,06",,2025-07-18T20:07:28.986747
2024-02,Cargos Efetivos,Analista Legislativo,ESPECIAL,50-E,GAL,"658,11",,2025-07-18T20:07:28.986747
2024-02,Cargos Efetivos,Analista Legislativo,ESPECIAL,51-E,GAL,"674,56",,2025-07-18T20:07:28.986747
2024-02,Cargos Efetivos,Analista Legislativo,ESPECIAL,52-E,GAL,"691,43",,2025-07-18T20:07:28.986747
2024-02,Cargos Efetivos,Analista Legislativo,ESPECIAL,53-E,GAL,"708,71",,2025-07-18T20:07:28.986747
2024-02,Cargos Efetivos,Analista Legislativo,ESPECIAL,54-E,GAL,"726,43",,2025-07-18T20:07:28.986747
2024-02,Cargos Efetivos,Analista Legislativo,A,31,Padrao,31,,2025-07-18T20:07:28.986747
2024-02,Cargos Efetivos,Analista Legislativo,A,32,Padrao,32,,2025-07-18T20:07:28.986747
2024-02,Cargos Efetivos,Analista Legislativo,A,33,Padrao,33,,2025-07-18T20:07:28.986747
2024-02,Cargos Efetivos,Analista Legislativo,A,34,Padrao,34,,2025-07-18T20:07:28.986747
2024-02,Cargos Efetivos,Analista Legislativo,A,35,Padrao,35,,2025-07-18T20:07:28.986747
2024-02,Cargos Efetivos,Analista Legislativo,A,36,Padrao,36,,2025-07-18T20:07:28.986747
2024-02,Cargos Efetivos,Analista Legislativo,B,37,Padrao,37,,2025-07-18T20:07:28.986747
2024-02,Cargos Efetivos,Analista Legislativo,B,38,Padrao,38,,2025-07-18T20:07:28.986747
2024-02,Cargos Efetivos,Analista Legislativo,B,39,Padrao,39,,2025-07-18T20:07:28.986747
2024-02,Cargos Efetivos,Analista Legislativo,B,40,Padrao,40,,2025-07-18T20:07:28.986747
2024-02,Cargos Efetivos,Analista Legislativo,B,41,Padrao,41,,2025-07-18T20:07:28.986747
2024-02,Cargos Efetivos,Analista Legislativo,B,42,Padrao,42,,2025-07-18T20:07:28.986747
2024-02,Cargos Efetivos,Analista Legislativo,C,43,Padrao,43,,2025-07-18T20:07:28.986747
2024-02,Cargos Efetivos,Analista Legislativo,C,44,Padrao,44,,2025-07-18T20:07:28.986747
2024-02,Cargos Efetivos,Analista Legislativo,C,45,Padrao,45,,2025-07-18T20:07:28.986747
2024-02,Cargos Efetivos,Analista Legislativo,C,46,Padrao,46,,2025-07-18T20:07:28.986747
2024-02,Cargos Efetivos,Analista Legislativo,C,47,Padrao,47,,2025-07-18T20:07:28.986747
2024-02,Cargos Efetivos,Analista Legislativo,C,48,Padrao,48,,2025-07-18T20:07:28.986747
2024-02,Cargos Efetivos,Analista Legislativo,ESPECIAL,49-E,Padrao,49-E,,2025-07-18T20:07:28.986747
2024-02,Cargos Efetivos,Analista Legislativo,ESPECIAL,50-E,Padrao,50-E,,2025-07-18T20:07:28.986747
2024-02,Cargos Efetivos,Analista Legislativo,ESPECIAL,51-E,Padrao,51-E,,2025-07-18T20:07:28.986747
2024-02,Cargos Efetivos,Analista Legislativo,ESPECIAL,52-E,Padrao,52-E,,2025-07-18T20:07:28.986747
2024-02,Cargos Efetivos,Analista Legislativo,ESPECIAL,53-E,Padrao,53-E,,2025-07-18T20:07:28.986747
2024-02,Cargos Efetivos,Analista Legislativo,ESPECIAL,54-E,Padrao,54-E,,2025-07-18T20:07:28.986747
2024-02,Cargos Efetivos,Analista Legislativo,A,31,Total,"13531,06",,2025-07-18T20:07:28.986747
2024-02,Cargos Efetivos,Analista Legislativo,A,32,Total,"13869,33",,2025-07-18T20:07:28.986747
2024-02,Cargos Efetivos,Analista Legislativo,A,33,Total,"14216,06",,2025-07-18T20:07:28.986747
2024-02,Cargos Efetivos,Analista Legislativo,A,34,Total,"14571,46",,2025-07-18T20:07:28.986747
2024-02,Cargos Efetivos,Analista Legislativo,A,35,Total,"14935,75",,2025-07-18T20:07:28.986747
2024-02,Cargos Efetivos,Analista Legislativo,A,36,Total,"15309,15",,2025-07-18T20:07:28.986747
2024-02,Cargos Efetivos,Analista Legislativo,B,37,Total,"15921,51",,2025-07-18T20:07:28.986747
2024-02,Cargos Efetivos,Analista Legislativo,B,38,Total,"16319,55",,2025-07-18T20:07:28.986747
2024-02,Cargos Efetivos,Analista Legislativo,B,39,Total,"16727,54",,2025-07-18T20:07:28.986747
2024-02,Cargos Efetivos,Analista Legislativo,B,40,Total,"17145,73",,2025-07-18T20:07:28.986747
2024-02,Cargos Efetivos,Analista Legislativo,B,41,Total,"17574,38",,2025-07-18T20:07:28.986747
2024-02,Cargos Efetivos,Analista Legislativo,B,42,Total,"18013,73",,2025-07-18T20:07:28.986747
2024-02,Cargos Efetivos,Analista Legislativo,C,43,Total,"18734,28",,2025-07-18T20:07:28.986747
2024-02,Cargos Efetivos,Analista Legislativo,C,44,Total,"19202,64",,2025-07-18T20:07:28.986747
2024-02,Cargos Efetivos,Analista Legislativo,C,45,Total,"19682,7",,2025-07-18T20:07:28.986747
2024-02,Cargos Efetivos,Analista Legislativo,C,46,Total,"20174,77",,2025-07-18T20:07:28.986747
2024-02,Cargos Efetivos,Analista Legislativo,C,47,Total,"20679,15",,2025-07-18T20:07:28.986747
2024-02,Cargos Efetivos,Analista Legislativo,C,48,Total,"21196,12",,2025-07-18T20:07:28.986747
2024-02,Cargos Efetivos,Analista Legislativo,ESPECIAL,49-E,Total,"22043,97",,2025-07-18T20:07:28.986747
2024-02,Cargos Efetivos,Analista Legislativo,ESPECIAL,50-E,Total,"22595,07",,2025-07-18T20:07:28.986747
2024-02,Cargos Efetivos,Analista Legislativo,ESPECIAL,51-E,Total,"23159,94",,2025-07-18T20:07:28.986747
2024-02,Cargos Efetivos,Analista Legislativo,ESPECIAL,52-E,Total,"23738,94",,2025-07-18T20:07:28.986747
2024-02,Cargos Efetivos,Analista Legislativo,ESPECIAL,53-E,Total,"24332,41",,2025-07-18T20:07:28.986747
2024-02,Cargos Efetivos,Analista Legislativo,ESPECIAL,54-E,Total,"24940,72",,2025-07-18T20:07:28.986747
2024-02,Cargos Efetivos,Analista Legislativo,A,31,Vencimento,"13136,95",,2025-07-18T20:07:28.986747
2024-02,Cargos Efetivos,Analista Legislativo,A,32,Vencimento,"13465,37",,2025-07-18T20:07:28.986747
2024-02,Cargos Efetivos,Analista Legislativo,A,33,Vencimento,13802,,2025-07-18T20:07:28.986747
2024-02,Cargos Efetivos,Analista Legislativo,A,34,Vencimento,"14147,05",,2025-07-18T20:07:28.986747
2024-02,Cargos Efetivos,Analista Legislativo,A,35,Vencimento,"14500,73",,2025-07-18T20:07:28.986747
2024-02,Cargos Efetivos,Analista Legislativo,A,36,Vencimento,"14863,25",,2025-07-18T20:07:28.986747
2024-02,Cargos Efetivos,Analista Legislativo,B,37,Vencimento,"15457,78",,2025-07-18T20:07:28.986747
2024-02,Cargos Efetivos,Analista Legislativo,B,38,Vencimento,"15844,22",,2025-07-18T20:07:28.986747
2024-02,Cargos Efetivos,Analista Legislativo,B,39,Vencimento,"16240,33",,2025-07-18T20:07:28.986747
2024-02,Cargos Efetivos,Analista Legislativo,B,40,Vencimento,"16646,34",,2025-07-18T20:07:28.986747
2024-02,Cargos Efetivos,Analista Legislativo,B,41,Vencimento,"17062,5",,2025-07-18T20:07:28.986747
2024-02,Cargos Efetivos,Analista Legislativo,B,42,Vencimento,"17489,06",,2025-07-18T20:07:28.986747
2024-02,Cargos Efetivos,Analista Legislativo,C,43,Vencimento,"18188,62",,2025-07-18T20:07:28.986747
2024-02,Cargos Efetivos,Analista Legislativo,C,44,Vencimento,"18643,34",,2025-07-18T20:07:28.986747
2024-02,Cargos Efetivos,Analista Legislativo,C,45,Vencimento,"19109,42",,2025-07-18T20:07:28.986747
2024-02,Cargos Efetivos,Analista Legislativo,C,46,Vencimento,"19587,16",,2025-07-18T20:07:28.986747
2024-02,Cargos Efetivos,Analista Legislativo,C,47,Vencimento,"20076,84",,2025-07-18T20:07:28.986747
2024-02,Cargos Efetivos,Analista Legislativo,C,48,Vencimento,"20578,76",,2025-07-18T20:07:28.986747
2024-02,Cargos Efetivos,Analista Legislativo,ESPECIAL,49-E,Vencimento,"21401,91",,2025-07-18T20:07:28.986747
2024-02,Cargos Efetivos,Analista Legislativo,ESPECIAL,50-E,Vencimento,"21936,96",,2025-07-18T20:07:28.986747
2024-02,Cargos Efetivos,Analista Legislativo,ESPECIAL,51-E,Vencimento,"22485,38",,2025-07-18T20:07:28.986747
2024-02,Cargos Efetivos,Analista Legislativo,ESPECIAL,52-E,Vencimento,"23047,51",,2025-07-18T20:07:28.986747
2024-02,Cargos Efetivos,Analista Legislativo,ESPECIAL,53-E,Vencimento,"23623,7",,2025-07-18T20:07:28.986747
2024-02,Cargos Efetivos,Analista Legislativo,ESPECIAL,54-E,Vencimento,"24214,29",,2025-07-18T20:07:28.986747
2024-02,Cargos Efetivos,Assistente Técnico,B,10,Classe,B,,2025-07-18T20:07:28.986747
2024-02,Cargos Efetivos,Assistente Técnico,B,11,Classe,B,,2025-07-18T20:07:28.986747
2024-02,Cargos Efetivos,Assistente Técnico,B,12,Classe,B,,2025-07-18T20:07:28.986747
2024-02,Cargos Efetivos,Assistente Técnico,C,13,Classe,C,,2025-07-18T20:07:28.986747
2024-02,Cargos Efetivos,Assistente Técnico,C,14,Classe,C,,2025-07-18T20:07:28.986747
2024-02,Cargos Efetivos,Assistente Técnico,C,15,Classe,C,,2025-07-18T20:07:28.986747
2024-02,Cargos Efetivos,Assistente Técnico,C,16,Classe,C,,2025-07-18T20:07:28.986747
2024-02,Cargos Efetivos,Assistente Técnico,C,17,Classe,C,,2025-07-18T20:07:28.986747
2024-02,Cargos Efetivos,Assistente Técnico,C,18,Classe,C,,2025-07-18T20:07:28.986747
2024-02,Cargos Efetivos,Assistente Técnico,ESPECIAL,19-E,Classe,ESPECIAL,,2025-07-18T20:07:28.986747
2024-02,Cargos Efetivos,Assistente Técnico,A,1,Classe,A,,2025-07-18T20:07:28.986747
2024-02,Cargos Efetivos,Assistente Técnico,ESPECIAL,20-E,Classe,ESPECIAL,,2025-07-18T20:07:28.986747
2024-02,Cargos Efetivos,Assistente Técnico,ESPECIAL,21-E,Classe,ESPECIAL,,2025-07-18T20:07:28.986747
2024-02,Cargos Efetivos,Assistente Técnico,ESPECIAL,22-E,Classe,ESPECIAL,,2025-07-18T20:07:28.986747
2024-02,Cargos Efetivos,Assistente Técnico,ESPECIAL,23-E,Classe,ESPECIAL,,2025-07-18T20:07:28.986747
2024-02,Cargos Efetivos,Assistente Técnico,ESPECIAL,24-E,Classe,ESPECIAL,,2025-07-18T20:07:28.986747
2024-02,Cargos Efetivos,Assistente Técnico,A,2,Classe,A,,2025-07-18T20:07:28.986747
2024-02,Cargos Efetivos,Assistente Técnico,A,3,Classe,A,,2025-07-18T20:07:28.986747
2024-02,Cargos Efetivos,Assistente Técnico,A,4,Classe,A,,2025-07-18T20:07:28.986747
2024-02,Cargos Efetivos,Assistente Técnico,A,5,Classe,A,,2025-07-18T20:07:28.986747
2024-02,Cargos Efetivos,Assistente Técnico,A,6,Classe,A,,2025-07-18T20:07:28.986747
2024-02,Cargos Efetivos,Assistente Técnico,B,7,Classe,B,,2025-07-18T20:07:28.986747
2024-02,Cargos Efetivos,Assistente Técnico,B,8,Classe,B,,2025-07-18T20:07:28.986747
2024-02,Cargos Efetivos,Assistente Técnico,B,9,Classe,B,,2025-07-18T20:07:28.986747
2024-02,Cargos Efetivos,Assistente Técnico,B,10,GAL,"224,64",,2025-07-18T20:07:28.986747
2024-02,Cargos Efetivos,Assistente Técnico,B,11,GAL,"230,26",,2025-07-18T20:07:28.986747
2024-02,Cargos Efetivos,Assistente Técnico,B,12,GAL,"236,01",,2025-07-18T20:07:28.986747
2024-02,Cargos Efetivos,Assistente Técnico,C,13,GAL,"245,45",,2025-07-18T20:07:28.986747
2024-02,Cargos Efetivos,Assistente Técnico,C,14,GAL,"251,59",,2025-07-18T20:07:28.986747
2024-02,Cargos Efetivos,Assistente Técnico,C,15,GAL,"257,88",,2025-07-18T20:07:28.986747
2024-02,Cargos Efetivos,Assistente Técnico,C,16,GAL,"264,33",,2025-07-18T20:07:28.986747
2024-02,Cargos Efetivos,Assistente Técnico,C,17,GAL,"270,93",,2025-07-18T20:07:28.986747
2024-02,Cargos Efetivos,Assistente Técnico,C,18,GAL,"277,71",,2025-07-18T20:07:28.986747
2024-02,Cargos Efetivos,Assistente Técnico,ESPECIAL,19-E,GAL,"288,82",,2025-07-18T20:07:28.986747
2024-02,Cargos Efetivos,Assistente Técnico,A,1,GAL,"177,28",,2025-07-18T20:07:28.986747
2024-02,Cargos Efetivos,Assistente Técnico,ESPECIAL,20-E,GAL,"296,04",,2025-07-18T20:07:28.986747
2024-02,Cargos Efetivos,Assistente Técnico,ESPECIAL,21-E,GAL,"303,44",,2025-07-18T20:07:28.986747
2024-02,Cargos Efetivos,Assistente Técnico,ESPECIAL,22-E,GAL,"311,02",,2025-07-18T20:07:28.986747
2024-02,Cargos Efetivos,Assistente Técnico,ESPECIAL,23-E,GAL,"318,8",,2025-07-18T20:07:28.986747
2024-02,Cargos Efetivos,Assistente Técnico,ESPECIAL,24-E,GAL,"326,77",,2025-07-18T20:07:28.986747
2024-02,Cargos Efetivos,Assistente Técnico,A,2,GAL,"181,71",,2025-07-18T20:07:28.986747
2024-02,Cargos Efetivos,Assistente Técnico,A,3,GAL,"186,26",,2025-07-18T20:07:28.986747
2024-02,Cargos Efetivos,Assistente Técnico,A,4,GAL,"190,91",,2025-07-18T20:07:28.986747
2024-02,Cargos Efetivos,Assistente Técnico,A,5,GAL,"195,68",,2025-07-18T20:07:28.986747
2024-02,Cargos Efetivos,Assistente Técnico,A,6,GAL,"200,58",,2025-07-18T20:07:28.986747
2024-02,Cargos Efetivos,Assistente Técnico,B,7,GAL,"208,6",,2025-07-18T20:07:28.986747
2024-02,Cargos Efetivos,Assistente Técnico,B,8,GAL,"213,82",,2025-07-18T20:07:28.986747
2024-02,Cargos Efetivos,Assistente Técnico,B,9,GAL,"219,16",,2025-07-18T20:07:28.986747
2024-02,Cargos Efetivos,Assistente Técnico,B,10,Padrao,10,,2025-07-18T20:07:28.986747
2024-02,Cargos Efetivos,Assistente Técnico,B,11,Padrao,11,,2025-07-18T20:07:28.986747
2024-02,Cargos Efetivos,Assistente Técnico,B,12,Padrao,12,,2025-07-18T20:07:28.986747
2024-02,Cargos Efetivos,Assistente Técnico,C,13,Padrao,13,,2025-07-18T20:07:28.986747
2024-02,Cargos Efetivos,Assistente Técnico,C,14,Padrao,14,,2025-07-18T20:07:28.986747
2024-02,Cargos Efetivos,Assistente Técnico,C,15,Padrao,15,,2025-07-18T20:07:28.986747
2024-02,Cargos Efetivos,Assistente Técnico,C,16,Padrao,16,,2025-07-18T20:07:28.986747
2024-02,Cargos Efetivos,Assistente Técnico,C,17,Padrao,17,,2025-07-18T20:07:28.986747
2024-02,Cargos Efetivos,Assistente Técnico,C,18,Padrao,18,,2025-07-18T20:07:28.986747
2024-02,Cargos Efetivos,Assistente Técnico,ESPECIAL,19-E,Padrao,19-E,,2025-07-18T20:07:28.986747
2024-02,Cargos Efetivos,Assistente Técnico,A,1,Padrao,1,,2025-07-18T20:07:28.986747
2024-02,Cargos Efetivos,Assistente Técnico,ESPECIAL,20-E,Padrao,20-E,,2025-07-18T20:07:28.986747
2024-02,Cargos Efetivos,Assistente Técnico,ESPECIAL,21-E,Padrao,21-E,,2025-07-18T20:07:28.986747
2024-02,Cargos Efetivos,Assistente Técnico,ESPECIAL,22-E,Padrao,22-E,,2025-07-18T20:07:28.986747
2024-02,Cargos Efetivos,Assistente Técnico,ESPECIAL,23-E,Padrao,23-E,,2025-07-18T20:07:28.986747
2024-02,Cargos Efetivos,Assistente Técnico,ESPECIAL,24-E,Padrao,24-E,,2025-07-18T20:07:28.986747
2024-02,Cargos Efetivos,Assistente Técnico,A,2,Padrao,2,,2025-07-18T20:07:28.986747
2024-02,Cargos Efetivos,Assistente Técnico,A,3,Padrao,3,,2025-07-18T20:07:28.986747
2024-02,Cargos Efetivos,Assistente Técnico,A,4,Padrao,4,,2025-07-18T20:07:28.986747
2024-02,Cargos Efetivos,Assistente Técnico,A,5,Padrao,5,,2025-07-18T20:07:28.986747
2024-02,Cargos Efetivos,Assistente Técnico,A,6,Padrao,6,,2025-07-18T20:07:28.986747
2024-02,Cargos Efetivos,Assistente Técnico,B,7,Padrao,7,,2025-07-18T20:07:28.986747
2024-02,Cargos Efetivos,Assistente Técnico,B,8,Padrao,8,,2025-07-18T20:07:28.986747
2024-02,Cargos Efetivos,Assistente Técnico,B,9,Padrao,9,,2025-07-18T20:07:28.986747
2024-02,Cargos Efetivos,Assistente Técnico,B,10,Total,"7712,62",,2025-07-18T20:07:28.986747
2024-02,Cargos Efetivos,Assistente Técnico,B,11,Total,"7905,44",,2025-07-18T20:07:28.986747
2024-02,Cargos Efetivos,Assistente Técnico,B,12,Total,"8103,07",,2025-07-18T20:07:28.986747
2024-02,Cargos Efetivos,Assistente Técnico,C,13,Total,"8427,19",,2025-07-18T20:07:28.986747
2024-02,Cargos Efetivos,Assistente Técnico,C,14,Total,"8637,87",,2025-07-18T20:07:28.986747
2024-02,Cargos Efetivos,Assistente Técnico,C,15,Total,"8853,82",,2025-07-18T20:07:28.986747
2024-02,Cargos Efetivos,Assistente Técnico,C,16,Total,"9075,17",,2025-07-18T20:07:28.986747
2024-02,Cargos Efetivos,Assistente Técnico,C,17,Total,"9302,04",,2025-07-18T20:07:28.986747
2024-02,Cargos Efetivos,Assistente Técnico,C,18,Total,"9534,6",,2025-07-18T20:07:28.986747
2024-02,Cargos Efetivos,Assistente Técnico,ESPECIAL,19-E,Total,"9915,99",,2025-07-18T20:07:28.986747
2024-02,Cargos Efetivos,Assistente Técnico,A,1,Total,"6086,65",,2025-07-18T20:07:28.986747
2024-02,Cargos Efetivos,Assistente Técnico,ESPECIAL,20-E,Total,"10163,89",,2025-07-18T20:07:28.986747
2024-02,Cargos Efetivos,Assistente Técnico,ESPECIAL,21-E,Total,"10417,99",,2025-07-18T20:07:28.986747
2024-02,Cargos Efetivos,Assistente Técnico,ESPECIAL,22-E,Total,"10678,43",,2025-07-18T20:07:28.986747
2024-02,Cargos Efetivos,Assistente Técnico,ESPECIAL,23-E,Total,"10945,4",,2025-07-18T20:07:28.986747
2024-02,Cargos Efetivos,Assistente Técnico,ESPECIAL,24-E,Total,"11219,04",,2025-07-18T20:07:28.986747
2024-02,Cargos Efetivos,Assistente Técnico,A,2,Total,"6238,81",,2025-07-18T20:07:28.986747
2024-02,Cargos Efetivos,Assistente Técnico,A,3,Total,"6394,79",,2025-07-18T20:07:28.986747
2024-02,Cargos Efetivos,Assistente Técnico,A,4,Total,"6554,65",,2025-07-18T20:07:28.986747
2024-02,Cargos Efetivos,Assistente Técnico,A,5,Total,"6718,51",,2025-07-18T20:07:28.986747
2024-02,Cargos Efetivos,Assistente Técnico,A,6,Total,"6886,48",,2025-07-18T20:07:28.986747
2024-02,Cargos Efetivos,Assistente Técnico,B,7,Total,"7161,94",,2025-07-18T20:07:28.986747
2024-02,Cargos Efetivos,Assistente Técnico,B,8,Total,"7340,99",,2025-07-18T20:07:28.986747
2024-02,Cargos Efetivos,Assistente Técnico,B,9,Total,"7524,51",,2025-07-18T20:07:28.986747
2024-02,Cargos Efetivos,Assistente Técnico,B,10,Vencimento,"7487,98",,2025-07-18T20:07:28.986747
2024-02,Cargos Efetivos,Assistente Técnico,B,11,Vencimento,"7675,18",,2025-07-18T20:07:28.986747
2024-02,Cargos Efetivos,Assistente Técnico,B,12,Vencimento,"7867,06",,2025-07-18T20:07:28.986747
2024-02,Cargos Efetivos,Assistente Técnico,C,13,Vencimento,"8181,74",,2025-07-18T20:07:28.986747
2024-02,Cargos Efetivos,Assistente Técnico,C,14,Vencimento,"8386,28",,2025-07-18T20:07:28.986747
2024-02,Cargos Efetivos,Assistente Técnico,C,15,Vencimento,"8595,94",,2025-07-18T20:07:28.986747
2024-02,Cargos Efetivos,Assistente Técnico,C,16,Vencimento,"8810,84",,2025-07-18T20:07:28.986747
2024-02,Cargos Efetivos,Assistente Técnico,C,17,Vencimento,"9031,11",,2025-07-18T20:07:28.986747
2024-02,Cargos Efetivos,Assistente Técnico,C,18,Vencimento,"9256,89",,2025-07-18T20:07:28.986747
2024-02,Cargos Efetivos,Assistente Técnico,ESPECIAL,19-E,Vencimento,"9627,17",,2025-07-18T20:07:28.986747
2024-02,Cargos Efetivos,Assistente Técnico,A,1,Vencimento,"5909,37",,2025-07-18T20:07:28.986747
2024-02,Cargos Efetivos,Assistente Técnico,ESPECIAL,20-E,Vencimento,"9867,85",,2025-07-18T20:07:28.986747
2024-02,Cargos Efetivos,Assistente Técnico,ESPECIAL,21-E,Vencimento,"10114,55",,2025-07-18T20:07:28.986747
2024-02,Cargos Efetivos,Assistente Técnico,ESPECIAL,22-E,Vencimento,"10367,41",,2025-07-18T20:07:28.986747
2024-02,Cargos Efetivos,Assistente Técnico,ESPECIAL,23-E,Vencimento,"10626,6",,2025-07-18T20:07:28.986747
2024-02,Cargos Efetivos,Assistente Técnico,ESPECIAL,24-E,Vencimento,"10892,27",,2025-07-18T20:07:28.986747
2024-02,Cargos Efetivos,Assistente Técnico,A,2,Vencimento,"6057,1",,2025-07-18T20:07:28.986747
2024-02,Cargos Efetivos,Assistente Técnico,A,3,Vencimento,"6208,53",,2025-07-18T20:07:28.986747
2024-02,Cargos Efetivos,Assistente Técnico,A,4,Vencimento,"6363,74",,2025-07-18T20:07:28.986747
2024-02,Cargos Efetivos,Assistente Técnico,A,5,Vencimento,"6522,83",,2025-07-18T20:07:28.986747
2024-02,Cargos Efetivos,Assistente Técnico,A,6,Vencimento,"6685,9",,2025-07-18T20:07:28.986747
2024-02,Cargos Efetivos,Assistente Técnico,B,7,Vencimento,"6953,34",,2025-07-18T20:07:28.986747
2024-02,Cargos Efetivos,Assistente Técnico,B,8,Vencimento,"7127,17",,2025-07-18T20:07:28.986747
2024-02,Cargos Efetivos,Assistente Técnico,B,9,Vencimento,"7305,35",,2025-07-18T20:07:28.986747
2024-02,Cargos Efetivos,Consultor Legislativo e Consultor Técnico Legislativo,A,46,Classe,A,,2025-07-18T20:07:28.986747
2024-02,Cargos Efetivos,Consultor Legislativo e Consultor Técnico Legislativo,A,47,Classe,A,,2025-07-18T20:07:28.986747
2024-02,Cargos Efetivos,Consultor Legislativo e Consultor Técnico Legislativo,A,48,Classe,A,,2025-07-18T20:07:28.986747
2024-02,Cargos Efetivos,Consultor Legislativo e Consultor Técnico Legislativo,A,49,Classe,A,,2025-07-18T20:07:28.986747
2024-02,Cargos Efetivos,Consultor Legislativo e Consultor Técnico Legislativo,A,50,Classe,A,,2025-07-18T20:07:28.986747
2024-02,Cargos Efetivos,Consultor Legislativo e Consultor Técnico Legislativo,A,51,Classe,A,,2025-07-18T20:07:28.986747
2024-02,Cargos Efetivos,Consultor Legislativo e Consultor Técnico Legislativo,B,52,Classe,B,,2025-07-18T20:07:28.986747
2024-02,Cargos Efetivos,Consultor Legislativo e Consultor Técnico Legislativo,B,53,Classe,B,,2025-07-18T20:07:28.986747
2024-02,Cargos Efetivos,Consultor Legislativo e Consultor Técnico Legislativo,B,54,Classe,B,,2025-07-18T20:07:28.986747
2024-02,Cargos Efetivos,Consultor Legislativo e Consultor Técnico Legislativo,B,55,Classe,B,,2025-07-18T20:07:28.986747
2024-02,Cargos Efetivos,Consultor Legislativo e Consultor Técnico Legislativo,B,56,Classe,B,,2025-07-18T20:07:28.986747
2024-02,Cargos Efetivos,Consultor Legislativo e Consultor Técnico Legislativo,B,57,Classe,B,,2025-07-18T20:07:28.986747
2024-02,Cargos Efetivos,Consultor Legislativo e Consultor Técnico Legislativo,C,58,Classe,C,,2025-07-18T20:07:28.986747
2024-02,Cargos Efetivos,Consultor Legislativo e Consultor Técnico Legislativo,C,59,Classe,C,,2025-07-18T20:07:28.986747
2024-02,Cargos Efetivos,Consultor Legislativo e Consultor Técnico Legislativo,C,60,Classe,C,,2025-07-18T20:07:28.986747
2024-02,Cargos Efetivos,Consultor Legislativo e Consultor Técnico Legislativo,C,61,Classe,C,,2025-07-18T20:07:28.986747
2024-02,Cargos Efetivos,Consultor Legislativo e Consultor Técnico Legislativo,C,62,Classe,C,,2025-07-18T20:07:28.986747
2024-02,Cargos Efetivos,Consultor Legislativo e Consultor Técnico Legislativo,C,63,Classe,C,,2025-07-18T20:07:28.986747
2024-02,Cargos Efetivos,Consultor Legislativo e Consultor Técnico Legislativo,ESPECIAL,64-E,Classe,ESPECIAL,,2025-07-18T20:07:28.986747
2024-02,Cargos Efetivos,Consultor Legislativo e Consultor Técnico Legislativo,ESPECIAL,65-E,Classe,ESPECIAL,,2025-07-18T20:07:28.986747
2024-02,Cargos Efetivos,Consultor Legislativo e Consultor Técnico Legislativo,ESPECIAL,66-E,Classe,ESPECIAL,,2025-07-18T20:07:28.986747
2024-02,Cargos Efetivos,Consultor Legislativo e Consultor Técnico Legislativo,ESPECIAL,67-E,Classe,ESPECIAL,,2025-07-18T20:07:28.986747
2024-02,Cargos Efetivos,Consultor Legislativo e Consultor Técnico Legislativo,ESPECIAL,68-E,Classe,ESPECIAL,,2025-07-18T20:07:28.986747
2024-02,Cargos Efetivos,Consultor Legislativo e Consultor Técnico Legislativo,ESPECIAL,69-E,Classe,ESPECIAL,,2025-07-18T20:07:28.986747
2024-02,Cargos Efetivos,Consultor Legislativo e Consultor Técnico Legislativo,A,46,GAL,"587,61",,2025-07-18T20:07:28.986747
2024-02,Cargos Efetivos,Consultor Legislativo e Consultor Técnico Legislativo,A,47,GAL,"602,31",,2025-07-18T20:07:28.986747
2024-02,Cargos Efetivos,Consultor Legislativo e Consultor Técnico Legislativo,A,48,GAL,"617,36",,2025-07-18T20:07:28.986747
2024-02,Cargos Efetivos,Consultor Legislativo e Consultor Técnico Legislativo,A,49,GAL,"632,8",,2025-07-18T20:07:28.986747
2024-02,Cargos Efetivos,Consultor Legislativo e Consultor Técnico Legislativo,A,50,GAL,"648,62",,2025-07-18T20:07:28.986747
2024-02,Cargos Efetivos,Consultor Legislativo e Consultor Técnico Legislativo,A,51,GAL,"664,83",,2025-07-18T20:07:28.986747
2024-02,Cargos Efetivos,Consultor Legislativo e Consultor Técnico Legislativo,B,52,GAL,"691,43",,2025-07-18T20:07:28.986747
2024-02,Cargos Efetivos,Consultor Legislativo e Consultor Técnico Legislativo,B,53,GAL,"708,71",,2025-07-18T20:07:28.986747
2024-02,Cargos Efetivos,Consultor Legislativo e Consultor Técnico Legislativo,B,54,GAL,"726,43",,2025-07-18T20:07:28.986747
2024-02,Cargos Efetivos,Consultor Legislativo e Consultor Técnico Legislativo,B,55,GAL,"744,59",,2025-07-18T20:07:28.986747
2024-02,Cargos Efetivos,Consultor Legislativo e Consultor Técnico Legislativo,B,56,GAL,"763,2",,2025-07-18T20:07:28.986747
2024-02,Cargos Efetivos,Consultor Legislativo e Consultor Técnico Legislativo,B,57,GAL,"782,28",,2025-07-18T20:07:28.986747
2024-02,Cargos Efetivos,Consultor Legislativo e Consultor Técnico Legislativo,C,58,GAL,"813,58",,2025-07-18T20:07:28.986747
2024-02,Cargos Efetivos,Consultor Legislativo e Consultor Técnico Legislativo,C,59,GAL,"833,92",,2025-07-18T20:07:28.986747
2024-02,Cargos Efetivos,Consultor Legislativo e Consultor Técnico Legislativo,C,60,GAL,"854,76",,2025-07-18T20:07:28.986747
2024-02,Cargos Efetivos,Consultor Legislativo e Consultor Técnico Legislativo,C,61,GAL,"876,13",,2025-07-18T20:07:28.986747
2024-02,Cargos Efetivos,Consultor Legislativo e Consultor Técnico Legislativo,C,62,GAL,"898,04",,2025-07-18T20:07:28.986747
2024-02,Cargos Efetivos,Consultor Legislativo e Consultor Técnico Legislativo,C,63,GAL,"920,49",,2025-07-18T20:07:28.986747
2024-02,Cargos Efetivos,Consultor Legislativo e Consultor Técnico Legislativo,ESPECIAL,64-E,GAL,"957,31",,2025-07-18T20:07:28.986747
2024-02,Cargos Efetivos,Consultor Legislativo e Consultor Técnico Legislativo,ESPECIAL,65-E,GAL,"981,24",,2025-07-18T20:07:28.986747
2024-02,Cargos Efetivos,Consultor Legislativo e Consultor Técnico Legislativo,ESPECIAL,66-E,GAL,"1005,77",,2025-07-18T20:07:28.986747
2024-02,Cargos Efetivos,Consultor Legislativo e Consultor Técnico Legislativo,ESPECIAL,67-E,GAL,"1030,91",,2025-07-18T20:07:28.986747
2024-02,Cargos Efetivos,Consultor Legislativo e Consultor Técnico Legislativo,ESPECIAL,68-E,GAL,"1056,69",,2025-07-18T20:07:28.986747
2024-02,Cargos Efetivos,Consultor Legislativo e Consultor Técnico Legislativo,ESPECIAL,69-E,GAL,"1083,1",,2025-07-18T20:07:28.986747
2024-02,Cargos Efetivos,Consultor Legislativo e Consultor Técnico Legislativo,A,46,Padrao,46,,2025-07-18T20:07:28.986747
2024-02,Cargos Efetivos,Consultor Legislativo e Consultor Técnico Legislativo,A,47,Padrao,47,,2025-07-18T20:07:28.986747
2024-02,Cargos Efetivos,Consultor Legislativo e Consultor Técnico Legislativo,A,48,Padrao,48,,2025-07-18T20:07:28.986747
2024-02,Cargos Efetivos,Consultor Legislativo e Consultor Técnico Legislativo,A,49,Padrao,49,,2025-07-18T20:07:28.986747
2024-02,Cargos Efetivos,Consultor Legislativo e Consultor Técnico Legislativo,A,50,Padrao,50,,2025-07-18T20:07:28.986747
2024-02,Cargos Efetivos,Consultor Legislativo e Consultor Técnico Legislativo,A,51,Padrao,51,,2025-07-18T20:07:28.986747
2024-02,Cargos Efetivos,Consultor Legislativo e Consultor Técnico Legislativo,B,52,Padrao,52,,2025-07-18T20:07:28.986747
2024-02,Cargos Efetivos,Consultor Legislativo e Consultor Técnico Legislativo,B,53,Padrao,53,,2025-07-18T20:07:28.986747
2024-02,Cargos Efetivos,Consultor Legislativo e Consultor Técnico Legislativo,B,54,Padrao,54,,2025-07-18T20:07:28.986747
2024-02,Cargos Efetivos,Consultor Legislativo e Consultor Técnico Legislativo,B,55,Padrao,55,,2025-07-18T20:07:28.986747
2024-02,Cargos Efetivos,Consultor Legislativo e Consultor Técnico Legislativo,B,56,Padrao,56,,2025-07-18T20:07:28.986747
2024-02,Cargos Efetivos,Consultor Legislativo e Consultor Técnico Legislativo,B,57,Padrao,57,,2025-07-18T20:07:28.986747
2024-02,Cargos Efetivos,Consultor Legislativo e Consultor Técnico Legislativo,C,58,Padrao,58,,2025-07-18T20:07:28.986747
2024-02,Cargos Efetivos,Consultor Legislativo e Consultor Técnico Legislativo,C,59,Padrao,59,,2025-07-18T20:07:28.986747
2024-02,Cargos Efetivos,Consultor Legislativo e Consultor Técnico Legislativo,C,60,Padrao,60,,2025-07-18T20:07:28.986747
2024-02,Cargos Efetivos,Consultor Legislativo e Consultor Técnico Legislativo,C,61,Padrao,61,,2025-07-18T20:07:28.986747
2024-02,Cargos Efetivos,Consultor Legislativo e Consultor Técnico Legislativo,C,62,Padrao,62,,2025-07-18T20:07:28.986747
2024-02,Cargos Efetivos,Consultor Legislativo e Consultor Técnico Legislativo,C,63,Padrao,63,,2025-07-18T20:07:28.986747
2024-02,Cargos Efetivos,Consultor Legislativo e Consultor Técnico Legislativo,ESPECIAL,64-E,Padrao,64-E,,2025-07-18T20:07:28.986747
2024-02,Cargos Efetivos,Consultor Legislativo e Consultor Técnico Legislativo,ESPECIAL,65-E,Padrao,65-E,,2025-07-18T20:07:28.986747
2024-02,Cargos Efetivos,Consultor Legislativo e Consultor Técnico Legislativo,ESPECIAL,66-E,Padrao,66-E,,2025-07-18T20:07:28.986747
2024-02,Cargos Efetivos,Consultor Legislativo e Consultor Técnico Legislativo,ESPECIAL,67-E,Padrao,67-E,,2025-07-18T20:07:28.986747
2024-02,Cargos Efetivos,Consultor Legislativo e Consultor Técnico Legislativo,ESPECIAL,68-E,Padrao,68-E,,2025-07-18T20:07:28.986747
2024-02,Cargos Efetivos,Consultor Legislativo e Consultor Técnico Legislativo,ESPECIAL,69-E,Padrao,69-E,,2025-07-18T20:07:28.986747
2024-02,Cargos Efetivos,Consultor Legislativo e Consultor Técnico Legislativo,A,46,Total,"20174,77",,2025-07-18T20:07:28.986747
2024-02,Cargos Efetivos,Consultor Legislativo e Consultor Técnico Legislativo,A,47,Total,"20679,15",,2025-07-18T20:07:28.986747
2024-02,Cargos Efetivos,Consultor Legislativo e Consultor Técnico Legislativo,A,48,Total,"21196,12",,2025-07-18T20:07:28.986747
2024-02,Cargos Efetivos,Consultor Legislativo e Consultor Técnico Legislativo,A,49,Total,"21726,03",,2025-07-18T20:07:28.986747
2024-02,Cargos Efetivos,Consultor Legislativo e Consultor Técnico Legislativo,A,50,Total,"22269,18",,2025-07-18T20:07:28.986747
2024-02,Cargos Efetivos,Consultor Legislativo e Consultor Técnico Legislativo,A,51,Total,"22825,9",,2025-07-18T20:07:28.986747
2024-02,Cargos Efetivos,Consultor Legislativo e Consultor Técnico Legislativo,B,52,Total,"23738,94",,2025-07-18T20:07:28.986747
2024-02,Cargos Efetivos,Consultor Legislativo e Consultor Técnico Legislativo,B,53,Total,"24332,41",,2025-07-18T20:07:28.986747
2024-02,Cargos Efetivos,Consultor Legislativo e Consultor Técnico Legislativo,B,54,Total,"24940,72",,2025-07-18T20:07:28.986747
2024-02,Cargos Efetivos,Consultor Legislativo e Consultor Técnico Legislativo,B,55,Total,"25564,24",,2025-07-18T20:07:28.986747
2024-02,Cargos Efetivos,Consultor Legislativo e Consultor Técnico Legislativo,B,56,Total,"26203,34",,2025-07-18T20:07:28.986747
2024-02,Cargos Efetivos,Consultor Legislativo e Consultor Técnico Legislativo,B,57,Total,"26858,42",,2025-07-18T20:07:28.986747
2024-02,Cargos Efetivos,Consultor Legislativo e Consultor Técnico Legislativo,C,58,Total,"27932,77",,2025-07-18T20:07:28.986747
2024-02,Cargos Efetivos,Consultor Legislativo e Consultor Técnico Legislativo,C,59,Total,"28631,09",,2025-07-18T20:07:28.986747
2024-02,Cargos Efetivos,Consultor Legislativo e Consultor Técnico Legislativo,C,60,Total,"29346,86",,2025-07-18T20:07:28.986747
2024-02,Cargos Efetivos,Consultor Legislativo e Consultor Técnico Legislativo,C,61,Total,"30080,53",,2025-07-18T20:07:28.986747
2024-02,Cargos Efetivos,Consultor Legislativo e Consultor Técnico Legislativo,C,62,Total,"30832,55",,2025-07-18T20:07:28.986747
2024-02,Cargos Efetivos,Consultor Legislativo e Consultor Técnico Legislativo,C,63,Total,"31603,36",,2025-07-18T20:07:28.986747
2024-02,Cargos Efetivos,Consultor Legislativo e Consultor Técnico Legislativo,ESPECIAL,64-E,Total,"32867,49",,2025-07-18T20:07:28.986747
2024-02,Cargos Efetivos,Consultor Legislativo e Consultor Técnico Legislativo,ESPECIAL,65-E,Total,"33689,17",,2025-07-18T20:07:28.986747
2024-02,Cargos Efetivos,Consultor Legislativo e Consultor Técnico Legislativo,ESPECIAL,66-E,Total,"34531,4",,2025-07-18T20:07:28.986747
2024-02,Cargos Efetivos,Consultor Legislativo e Consultor Técnico Legislativo,ESPECIAL,67-E,Total,"35394,68",,2025-07-18T20:07:28.986747
2024-02,Cargos Efetivos,Consultor Legislativo e Consultor Técnico Legislativo,ESPECIAL,68-E,Total,"36279,55",,2025-07-18T20:07:28.986747
2024-02,Cargos Efetivos,Consultor Legislativo e Consultor Técnico Legislativo,ESPECIAL,69-E,Total,"37186,53",,2025-07-18T20:07:28.986747
2024-02,Cargos Efetivos,Consultor Legislativo e Consultor Técnico Legislativo,A,46,Vencimento,"19587,16",,2025-07-18T20:07:28.986747
2024-02,Cargos Efetivos,Consultor Legislativo e Consultor Técnico Legislativo,A,47,Vencimento,"20076,84",,2025-07-18T20:07:28.986747
2024-02,Cargos Efetivos,Consultor Legislativo e Consultor Técnico Legislativo,A,48,Vencimento,"20578,76",,2025-07-18T20:07:28.986747
2024-02,Cargos Efetivos,Consultor Legislativo e Consultor Técnico Legislativo,A,49,Vencimento,"21093,23",,2025-07-18T20:07:28.986747
2024-02,Cargos Efetivos,Consultor Legislativo e Consultor Técnico Legislativo,A,50,Vencimento,"21620,56",,2025-07-18T20:07:28.986747
2024-02,Cargos Efetivos,Consultor Legislativo e Consultor Técnico Legislativo,A,51,Vencimento,"22161,07",,2025-07-18T20:07:28.986747
2024-02,Cargos Efetivos,Consultor Legislativo e Consultor Técnico Legislativo,B,52,Vencimento,"23047,51",,2025-07-18T20:07:28.986747
2024-02,Cargos Efetivos,Consultor Legislativo e Consultor Técnico Legislativo,B,53,Vencimento,"23623,7",,2025-07-18T20:07:28.986747
2024-02,Cargos Efetivos,Consultor Legislativo e Consultor Técnico Legislativo,B,54,Vencimento,"24214,29",,2025-07-18T20:07:28.986747
2024-02,Cargos Efetivos,Consultor Legislativo e Consultor Técnico Legislativo,B,55,Vencimento,"24819,65",,2025-07-18T20:07:28.986747
2024-02,Cargos Efetivos,Consultor Legislativo e Consultor Técnico Legislativo,B,56,Vencimento,"25440,14",,2025-07-18T20:07:28.986747
2024-02,Cargos Efetivos,Consultor Legislativo e Consultor Técnico Legislativo,B,57,Vencimento,"26076,14",,2025-07-18T20:07:28.986747
2024-02,Cargos Efetivos,Consultor Legislativo e Consultor Técnico Legislativo,C,58,Vencimento,"27119,19",,2025-07-18T20:07:28.986747
2024-02,Cargos Efetivos,Consultor Legislativo e Consultor Técnico Legislativo,C,59,Vencimento,"27797,17",,2025-07-18T20:07:28.986747
2024-02,Cargos Efetivos,Consultor Legislativo e Consultor Técnico Legislativo,C,60,Vencimento,"28492,1",,2025-07-18T20:07:28.986747
2024-02,Cargos Efetivos,Consultor Legislativo e Consultor Técnico Legislativo,C,61,Vencimento,"29204,4",,2025-07-18T20:07:28.986747
2024-02,Cargos Efetivos,Consultor Legislativo e Consultor Técnico Legislativo,C,62,Vencimento,"29934,51",,2025-07-18T20:07:28.986747
2024-02,Cargos Efetivos,Consultor Legislativo e Consultor Técnico Legislativo,C,63,Vencimento,"30682,87",,2025-07-18T20:07:28.986747
2024-02,Cargos Efetivos,Consultor Legislativo e Consultor Técnico Legislativo,ESPECIAL,64-E,Vencimento,"31910,18",,2025-07-18T20:07:28.986747
2024-02,Cargos Efetivos,Consultor Legislativo e Consultor Técnico Legislativo,ESPECIAL,65-E,Vencimento,"32707,93",,2025-07-18T20:07:28.986747
2024-02,Cargos Efetivos,Consultor Legislativo e Consultor Técnico Legislativo,ESPECIAL,66-E,Vencimento,"33525,63",,2025-07-18T20:07:28.986747
2024-02,Cargos Efetivos,Consultor Legislativo e Consultor Técnico Legislativo,ESPECIAL,67-E,Vencimento,"34363,77",,2025-07-18T20:07:28.986747
2024-02,Cargos Efetivos,Consultor Legislativo e Consultor Técnico Legislativo,ESPECIAL,68-E,Vencimento,"35222,86",,2025-07-18T20:07:28.986747
2024-02,Cargos Efetivos,Consultor Legislativo e Consultor Técnico Legislativo,ESPECIAL,69-E,Vencimento,"36103,43",,2025-07-18T20:07:28.986747
2024-02,Cargos Efetivos,Procurador,A,49,Classe,A,,2025-07-18T20:07:28.986747
2024-02,Cargos Efetivos,Procurador,A,50,Classe,A,,2025-07-18T20:07:28.986747
2024-02,Cargos Efetivos,Procurador,A,51,Classe,A,,2025-07-18T20:07:28.986747
2024-02,Cargos Efetivos,Procurador,B,52,Classe,B,,2025-07-18T20:07:28.986747
2024-02,Cargos Efetivos,Procurador,B,53,Classe,B,,2025-07-18T20:07:28.986747
2024-02,Cargos Efetivos,Procurador,B,54,Classe,B,,2025-07-18T20:07:28.986747
2024-02,Cargos Efetivos,Procurador,B,55,Classe,B,,2025-07-18T20:07:28.986747
2024-02,Cargos Efetivos,Procurador,B,56,Classe,B,,2025-07-18T20:07:28.986747
2024-02,Cargos Efetivos,Procurador,B,57,Classe,B,,2025-07-18T20:07:28.986747
2024-02,Cargos Efetivos,Procurador,C,58,Classe,C,,2025-07-18T20:07:28.986747
2024-02,Cargos Efetivos,Procurador,C,59,Classe,C,,2025-07-18T20:07:28.986747
2024-02,Cargos Efetivos,Procurador,C,60,Classe,C,,2025-07-18T20:07:28.986747
2024-02,Cargos Efetivos,Procurador,C,61,Classe,C,,2025-07-18T20:07:28.986747
2024-02,Cargos Efetivos,Procurador,C,62,Classe,C,,2025-07-18T20:07:28.986747
2024-02,Cargos Efetivos,Procurador,C,63,Classe,C,,2025-07-18T20:07:28.986747
2024-02,Cargos Efetivos,Procurador,ESPECIAL,64-E,Classe,ESPECIAL,,2025-07-18T20:07:28.986747
2024-02,Cargos Efetivos,Procurador,ESPECIAL,65-E,Classe,ESPECIAL,,2025-07-18T20:07:28.986747
2024-02,Cargos Efetivos,Procurador,ESPECIAL,66-E,Classe,ESPECIAL,,2025-07-18T20:07:28.986747
2024-02,Cargos Efetivos,Procurador,ESPECIAL,67-E,Classe,ESPECIAL,,2025-07-18T20:07:28.986747
2024-02,Cargos Efetivos,Procurador,ESPECIAL,68-E,Classe,ESPECIAL,,2025-07-18T20:07:28.986747
2024-02,Cargos Efetivos,Procurador,ESPECIAL,69-E,Classe,ESPECIAL,,2025-07-18T20:07:28.986747
2024-02,Cargos Efetivos,Procurador,A,46,Classe,A,,2025-07-18T20:07:28.986747
2024-02,Cargos Efetivos,Procurador,A,47,Classe,A,,2025-07-18T20:07:28.986747
2024-02,Cargos Efetivos,Procurador,A,48,Classe,A,,2025-07-18T20:07:28.986747
2024-02,Cargos Efetivos,Procurador,A,49,GAL,"632,8",,2025-07-18T20:07:28.986747
2024-02,Cargos Efetivos,Procurador,A,50,GAL,"648,62",,2025-07-18T20:07:28.986747
2024-02,Cargos Efetivos,Procurador,A,51,GAL,"664,83",,2025-07-18T20:07:28.986747
2024-02,Cargos Efetivos,Procurador,B,52,GAL,"691,43",,2025-07-18T20:07:28.986747
2024-02,Cargos Efetivos,Procurador,B,53,GAL,"708,71",,2025-07-18T20:07:28.986747
2024-02,Cargos Efetivos,Procurador,B,54,GAL,"726,43",,2025-07-18T20:07:28.986747
2024-02,Cargos Efetivos,Procurador,B,55,GAL,"744,59",,2025-07-18T20:07:28.986747
2024-02,Cargos Efetivos,Procurador,B,56,GAL,"763,2",,2025-07-18T20:07:28.986747
2024-02,Cargos Efetivos,Procurador,B,57,GAL,"782,28",,2025-07-18T20:07:28.986747
2024-02,Cargos Efetivos,Procurador,C,58,GAL,"813,58",,2025-07-18T20:07:28.986747
2024-02,Cargos Efetivos,Procurador,C,59,GAL,"833,92",,2025-07-18T20:07:28.986747
2024-02,Cargos Efetivos,Procurador,C,60,GAL,"854,76",,2025-07-18T20:07:28.986747
2024-02,Cargos Efetivos,Procurador,C,61,GAL,"876,13",,2025-07-18T20:07:28.986747
2024-02,Cargos Efetivos,Procurador,C,62,GAL,"898,04",,2025-07-18T20:07:28.986747
2024-02,Cargos Efetivos,Procurador,C,63,GAL,"920,49",,2025-07-18T20:07:28.986747
2024-02,Cargos Efetivos,Procurador,ESPECIAL,64-E,GAL,"957,31",,2025-07-18T20:07:28.986747
2024-02,Cargos Efetivos,Procurador,ESPECIAL,65-E,GAL,"981,24",,2025-07-18T20:07:28.986747
2024-02,Cargos Efetivos,Procurador,ESPECIAL,66-E,GAL,"1005,77",,2025-07-18T20:07:28.986747
2024-02,Cargos Efetivos,Procurador,ESPECIAL,67-E,GAL,"1030,91",,2025-07-18T20:07:28.986747
2024-02,Cargos Efetivos,Procurador,ESPECIAL,68-E,GAL,"1056,69",,2025-07-18T20:07:28.986747
2024-02,Cargos Efetivos,Procurador,ESPECIAL,69-E,GAL,"1083,1",,2025-07-18T20:07:28.986747
2024-02,Cargos Efetivos,Procurador,A,46,GAL,"587,61",,2025-07-18T20:07:28.986747
2024-02,Cargos Efetivos,Procurador,A,47,GAL,"602,31",,2025-07-18T20:07:28.986747
2024-02,Cargos Efetivos,Procurador,A,48,GAL,"617,36",,2025-07-18T20:07:28.986747
2024-02,Cargos Efetivos,Procurador,A,49,Padrao,49,,2025-07-18T20:07:28.986747
2024-02,Cargos Efetivos,Procurador,A,50,Padrao,50,,2025-07-18T20:07:28.986747
2024-02,Cargos Efetivos,Procurador,A,51,Padrao,51,,2025-07-18T20:07:28.986747
2024-02,Cargos Efetivos,Procurador,B,52,Padrao,52,,2025-07-18T20:07:28.986747
2024-02,Cargos Efetivos,Procurador,B,53,Padrao,53,,2025-07-18T20:07:28.986747
2024-02,Cargos Efetivos,Procurador,B,54,Padrao,54,,2025-07-18T20:07:28.986747
2024-02,Cargos Efetivos,Procurador,B,55,Padrao,55,,2025-07-18T20:07:28.986747
2024-02,Cargos Efetivos,Procurador,B,56,Padrao,56,,2025-07-18T20:07:28.986747
2024-02,Cargos Efetivos,Procurador,B,57,Padrao,57,,2025-07-18T20:07:28.986747
2024-02,Cargos Efetivos,Procurador,C,58,Padrao,58,,2025-07-18T20:07:28.986747
2024-02,Cargos Efetivos,Procurador,C,59,Padrao,59,,2025-07-18T20:07:28.986747
2024-02,Cargos Efetivos,Procurador,C,60,Padrao,60,,2025-07-18T20:07:28.986747
2024-02,Cargos Efetivos,Procurador,C,61,Padrao,61,,2025-07-18T20:07:28.986747
2024-02,Cargos Efetivos,Procurador,C,62,Padrao,62,,2025-07-18T20:07:28.986747
2024-02,Cargos Efetivos,Procurador,C,63,Padrao,63,,2025-07-18T20:07:28.986747
2024-02,Cargos Efetivos,Procurador,ESPECIAL,64-E,Padrao,64-E,,2025-07-18T20:07:28.986747
2024-02,Cargos Efetivos,Procurador,ESPECIAL,65-E,Padrao,65-E,,2025-07-18T20:07:28.986747
2024-02,Cargos Efetivos,Procurador,ESPECIAL,66-E,Padrao,66-E,,2025-07-18T20:07:28.986747
2024-02,Cargos Efetivos,Procurador,ESPECIAL,67-E,Padrao,67-E,,2025-07-18T20:07:28.986747
2024-02,Cargos Efetivos,Procurador,ESPECIAL,68-E,Padrao,68-E,,2025-07-18T20:07:28.986747
2024-02,Cargos Efetivos,Procurador,ESPECIAL,69-E,Padrao,69-E,,2025-07-18T20:07:28.986747
2024-02,Cargos Efetivos,Procurador,A,46,Padrao,46,,2025-07-18T20:07:28.986747
2024-02,Cargos Efetivos,Procurador,A,47,Padrao,47,,2025-07-18T20:07:28.986747
2024-02,Cargos Efetivos,Procurador,A,48,Padrao,48,,2025-07-18T20:07:28.986747
2024-02,Cargos Efetivos,Procurador,A,49,Total,"21726,03",,2025-07-18T20:07:28.986747
2024-02,Cargos Efetivos,Procurador,A,50,Total,"22269,18",,2025-07-18T20:07:28.986747
2024-02,Cargos Efetivos,Procurador,A,51,Total,"22825,9",,2025-07-18T20:07:28.986747
2024-02,Cargos Efetivos,Procurador,B,52,Total,"23738,94",,2025-07-18T20:07:28.986747
2024-02,Cargos Efetivos,Procurador,B,53,Total,"24332,41",,2025-07-18T20:07:28.986747
2024-02,Cargos Efetivos,Procurador,B,54,Total,"24940,72",,2025-07-18T20:07:28.986747
2024-02,Cargos Efetivos,Procurador,B,55,Total,"25564,24",,2025-07-18T20:07:28.986747
2024-02,Cargos Efetivos,Procurador,B,56,Total,"26203,34",,2025-07-18T20:07:28.986747
2024-02,Cargos Efetivos,Procurador,B,57,Total,"26858,42",,2025-07-18T20:07:28.986747
2024-02,Cargos Efetivos,Procurador,C,58,Total,"27932,77",,2025-07-18T20:07:28.986747
2024-02,Cargos Efetivos,Procurador,C,59,Total,"28631,09",,2025-07-18T20:07:28.986747
2024-02,Cargos Efetivos,Procurador,C,60,Total,"29346,86",,2025-07-18T20:07:28.986747
2024-02,Cargos Efetivos,Procurador,C,61,Total,"30080,53",,2025-07-18T20:07:28.986747
2024-02,Cargos Efetivos,Procurador,C,62,Total,"30832,55",,2025-07-18T20:07:28.986747
2024-02,Cargos Efetivos,Procurador,C,63,Total,"31603,36",,2025-07-18T20:07:28.986747
2024-02,Cargos Efetivos,Procurador,ESPECIAL,64-E,Total,"32867,49",,2025-07-18T20:07:28.986747
2024-02,Cargos Efetivos,Procurador,ESPECIAL,65-E,Total,"33689,17",,2025-07-18T20:07:28.986747
2024-02,Cargos Efetivos,Procurador,ESPECIAL,66-E,Total,"34531,4",,2025-07-18T20:07:28.986747
2024-02,Cargos Efetivos,Procurador,ESPECIAL,67-E,Total,"35394,68",,2025-07-18T20:07:28.986747
2024-02,Cargos Efetivos,Procurador,ESPECIAL,68-E,Total,"36279,55",,2025-07-18T20:07:28.986747
2024-02,Cargos Efetivos,Procurador,ESPECIAL,69-E,Total,"37186,53",,2025-07-18T20:07:28.986747
2024-02,Cargos Efetivos,Procurador,A,46,Total,"20174,77",,2025-07-18T20:07:28.986747
2024-02,Cargos Efetivos,Procurador,A,47,Total,"20679,15",,2025-07-18T20:07:28.986747
2024-02,Cargos Efetivos,Procurador,A,48,Total,"21196,12",,2025-07-18T20:07:28.986747
2024-02,Cargos Efetivos,Procurador,A,49,Vencimento,"21093,23",,2025-07-18T20:07:28.986747
2024-02,Cargos Efetivos,Procurador,A,50,Vencimento,"21620,56",,2025-07-18T20:07:28.986747
2024-02,Cargos Efetivos,Procurador,A,51,Vencimento,"22161,07",,2025-07-18T20:07:28.986747
2024-02,Cargos Efetivos,Procurador,B,52,Vencimento,"23047,51",,2025-07-18T20:07:28.986747
2024-02,Cargos Efetivos,Procurador,B,53,Vencimento,"23623,7",,2025-07-18T20:07:28.986747
2024-02,Cargos Efetivos,Procurador,B,54,Vencimento,"24214,29",,2025-07-18T20:07:28.986747
2024-02,Cargos Efetivos,Procurador,B,55,Vencimento,"24819,65",,2025-07-18T20:07:28.986747
2024-02,Cargos Efetivos,Procurador,B,56,Vencimento,"25440,14",,2025-07-18T20:07:28.986747
2024-02,Cargos Efetivos,Procurador,B,57,Vencimento,"26076,14",,2025-07-18T20:07:28.986747
2024-02,Cargos Efetivos,Procurador,C,58,Vencimento,"27119,19",,2025-07-18T20:07:28.986747
2024-02,Cargos Efetivos,Procurador,C,59,Vencimento,"27797,17",,2025-07-18T20:07:28.986747
2024-02,Cargos Efetivos,Procurador,C,60,Vencimento,"28492,1",,2025-07-18T20:07:28.986747
2024-02,Cargos Efetivos,Procurador,C,61,Vencimento,"29204,4",,2025-07-18T20:07:28.986747
2024-02,Cargos Efetivos,Procurador,C,62,Vencimento,"29934,51",,2025-07-18T20:07:28.986747
2024-02,Cargos Efetivos,Procurador,C,63,Vencimento,"30682,87",,2025-07-18T20:07:28.986747
2024-02,Cargos Efetivos,Procurador,ESPECIAL,64-E,Vencimento,"31910,18",,2025-07-18T20:07:28.986747
2024-02,Cargos Efetivos,Procurador,ESPECIAL,65-E,Vencimento,"32707,93",,2025-07-18T20:07:28.986747
2024-02,Cargos Efetivos,Procurador,ESPECIAL,66-E,Vencimento,"33525,63",,2025-07-18T20:07:28.986747
2024-02,Cargos Efetivos,Procurador,ESPECIAL,67-E,Vencimento,"34363,77",,2025-07-18T20:07:28.986747
2024-02,Cargos Efetivos,Procurador,ESPECIAL,68-E,Vencimento,"35222,86",,2025-07-18T20:07:28.986747
2024-02,Cargos Efetivos,Procurador,ESPECIAL,69-E,Vencimento,"36103,43",,2025-07-18T20:07:28.986747
2024-02,Cargos Efetivos,Procurador,A,46,Vencimento,"19587,16",,2025-07-18T20:07:28.986747
2024-02,Cargos Efetivos,Procurador,A,47,Vencimento,"20076,84",,2025-07-18T20:07:28.986747
2024-02,Cargos Efetivos,Procurador,A,48,Vencimento,"20578,76",,2025-07-18T20:07:28.986747
2024-02,Cargos Efetivos,Técnico Administrativo,A,16,Classe,A,,2025-07-18T20:07:28.986747
2024-02,Cargos Efetivos,Técnico Administrativo,A,17,Classe,A,,2025-07-18T20:07:28.986747
2024-02,Cargos Efetivos,Técnico Administrativo,A,18,Classe,A,,2025-07-18T20:07:28.986747
2024-02,Cargos Efetivos,Técnico Administrativo,A,19,Classe,A,,2025-07-18T20:07:28.986747
2024-02,Cargos Efetivos,Técnico Administrativo,A,20,Classe,A,,2025-07-18T20:07:28.986747
2024-02,Cargos Efetivos,Técnico Administrativo,A,21,Classe,A,,2025-07-18T20:07:28.986747
2024-02,Cargos Efetivos,Técnico Administrativo,B,22,Classe,B,,2025-07-18T20:07:28.986747
2024-02,Cargos Efetivos,Técnico Administrativo,B,23,Classe,B,,2025-07-18T20:07:28.986747
2024-02,Cargos Efetivos,Técnico Administrativo,B,24,Classe,B,,2025-07-18T20:07:28.986747
2024-02,Cargos Efetivos,Técnico Administrativo,B,25,Classe,B,,2025-07-18T20:07:28.986747
2024-02,Cargos Efetivos,Técnico Administrativo,B,26,Classe,B,,2025-07-18T20:07:28.986747
2024-02,Cargos Efetivos,Técnico Administrativo,B,27,Classe,B,,2025-07-18T20:07:28.986747
2024-02,Cargos Efetivos,Técnico Administrativo,C,28,Classe,C,,2025-07-18T20:07:28.986747
2024-02,Cargos Efetivos,Técnico Administrativo,C,29,Classe,C,,2025-07-18T20:07:28.986747
2024-02,Cargos Efetivos,Técnico Administrativo,C,30,Classe,C,,2025-07-18T20:07:28.986747
2024-02,Cargos Efetivos,Técnico Administrativo,C,31,Classe,C,,2025-07-18T20:07:28.986747
2024-02,Cargos Efetivos,Técnico Administrativo,C,32,Classe,C,,2025-07-18T20:07:28.986747
2024-02,Cargos Efetivos,Técnico Administrativo,C,33,Classe,C,,2025-07-18T20:07:28.986747
2024-02,Cargos Efetivos,Técnico Administrativo,ESPECIAL,34-E,Classe,ESPECIAL,,2025-07-18T20:07:28.986747
2024-02,Cargos Efetivos,Técnico Administrativo,ESPECIAL,35-E,Classe,ESPECIAL,,2025-07-18T20:07:28.986747
2024-02,Cargos Efetivos,Técnico Administrativo,ESPECIAL,36-E,Classe,ESPECIAL,,2025-07-18T20:07:28.986747
2024-02,Cargos Efetivos,Técnico Administrativo,ESPECIAL,37-E,Classe,ESPECIAL,,2025-07-18T20:07:28.986747
2024-02,Cargos Efetivos,Técnico Administrativo,ESPECIAL,38-E,Classe,ESPECIAL,,2025-07-18T20:07:28.986747
2024-02,Cargos Efetivos,Técnico Administrativo,ESPECIAL,39-E,Classe,ESPECIAL,,2025-07-18T20:07:28.986747
2024-02,Cargos Efetivos,Técnico Administrativo,A,16,GAL,"264,33",,2025-07-18T20:07:28.986747
2024-02,Cargos Efetivos,Técnico Administrativo,A,17,GAL,"270,93",,2025-07-18T20:07:28.986747
2024-02,Cargos Efetivos,Técnico Administrativo,A,18,GAL,"277,71",,2025-07-18T20:07:28.986747
2024-02,Cargos Efetivos,Técnico Administrativo,A,19,GAL,"284,65",,2025-07-18T20:07:28.986747
2024-02,Cargos Efetivos,Técnico Administrativo,A,20,GAL,"291,77",,2025-07-18T20:07:28.986747
2024-02,Cargos Efetivos,Técnico Administrativo,A,21,GAL,"299,06",,2025-07-18T20:07:28.986747
2024-02,Cargos Efetivos,Técnico Administrativo,B,22,GAL,"311,02",,2025-07-18T20:07:28.986747
2024-02,Cargos Efetivos,Técnico Administrativo,B,23,GAL,"318,8",,2025-07-18T20:07:28.986747
2024-02,Cargos Efetivos,Técnico Administrativo,B,24,GAL,"326,77",,2025-07-18T20:07:28.986747
2024-02,Cargos Efetivos,Técnico Administrativo,B,25,GAL,"334,94",,2025-07-18T20:07:28.986747
2024-02,Cargos Efetivos,Técnico Administrativo,B,26,GAL,"343,31",,2025-07-18T20:07:28.986747
2024-02,Cargos Efetivos,Técnico Administrativo,B,27,GAL,"351,89",,2025-07-18T20:07:28.986747
2024-02,Cargos Efetivos,Técnico Administrativo,C,28,GAL,"365,97",,2025-07-18T20:07:28.986747
2024-02,Cargos Efetivos,Técnico Administrativo,C,29,GAL,"375,12",,2025-07-18T20:07:28.986747
2024-02,Cargos Efetivos,Técnico Administrativo,C,30,GAL,"384,5",,2025-07-18T20:07:28.986747
2024-02,Cargos Efetivos,Técnico Administrativo,C,31,GAL,"394,11",,2025-07-18T20:07:28.986747
2024-02,Cargos Efetivos,Técnico Administrativo,C,32,GAL,"403,96",,2025-07-18T20:07:28.986747
2024-02,Cargos Efetivos,Técnico Administrativo,C,33,GAL,"414,06",,2025-07-18T20:07:28.986747
2024-02,Cargos Efetivos,Técnico Administrativo,ESPECIAL,34-E,GAL,"430,62",,2025-07-18T20:07:28.986747
2024-02,Cargos Efetivos,Técnico Administrativo,ESPECIAL,35-E,GAL,"441,39",,2025-07-18T20:07:28.986747
2024-02,Cargos Efetivos,Técnico Administrativo,ESPECIAL,36-E,GAL,"452,42",,2025-07-18T20:07:28.986747
2024-02,Cargos Efetivos,Técnico Administrativo,ESPECIAL,37-E,GAL,"463,73",,2025-07-18T20:07:28.986747
2024-02,Cargos Efetivos,Técnico Administrativo,ESPECIAL,38-E,GAL,"475,33",,2025-07-18T20:07:28.986747
2024-02,Cargos Efetivos,Técnico Administrativo,ESPECIAL,39-E,GAL,"487,21",,2025-07-18T20:07:28.986747
2024-02,Cargos Efetivos,Técnico Administrativo,A,16,Padrao,16,,2025-07-18T20:07:28.986747
2024-02,Cargos Efetivos,Técnico Administrativo,A,17,Padrao,17,,2025-07-18T20:07:28.986747
2024-02,Cargos Efetivos,Técnico Administrativo,A,18,Padrao,18,,2025-07-18T20:07:28.986747
2024-02,Cargos Efetivos,Técnico Administrativo,A,19,Padrao,19,,2025-07-18T20:07:28.986747
2024-02,Cargos Efetivos,Técnico Administrativo,A,20,Padrao,20,,2025-07-18T20:07:28.986747
2024-02,Cargos Efetivos,Técnico Administrativo,A,21,Padrao,21,,2025-07-18T20:07:28.986747
2024-02,Cargos Efetivos,Técnico Administrativo,B,22,Padrao,22,,2025-07-18T20:07:28.986747
2024-02,Cargos Efetivos,Técnico Administrativo,B,23,Padrao,23,,2025-07-18T20:07:28.986747
2024-02,Cargos Efetivos,Técnico Administrativo,B,24,Padrao,24,,2025-07-18T20:07:28.986747
2024-02,Cargos Efetivos,Técnico Administrativo,B,25,Padrao,25,,2025-07-18T20:07:28.986747
2024-02,Cargos Efetivos,Técnico Administrativo,B,26,Padrao,26,,2025-07-18T20:07:28.986747
2024-02,Cargos Efetivos,Técnico Administrativo,B,27,Padrao,27,,2025-07-18T20:07:28.986747
2024-02,Cargos Efetivos,Técnico Administrativo,C,28,Padrao,28,,2025-07-18T20:07:28.986747
2024-02,Cargos Efetivos,Técnico Administrativo,C,29,Padrao,29,,2025-07-18T20:07:28.986747
2024-02,Cargos Efetivos,Técnico Administrativo,C,30,Padrao,30,,2025-07-18T20:07:28.986747
2024-02,Cargos Efetivos,Técnico Administrativo,C,31,Padrao,31,,2025-07-18T20:07:28.986747
2024-02,Cargos Efetivos,Técnico Administrativo,C,32,Padrao,32,,2025-07-18T20:07:28.986747
2024-02,Cargos Efetivos,Técnico Administrativo,C,33,Padrao,33,,2025-07-18T20:07:28.986747
2024-02,Cargos Efetivos,Técnico Administrativo,ESPECIAL,34-E,Padrao,34-E,,2025-07-18T20:07:28.986747
2024-02,Cargos Efetivos,Técnico Administrativo,ESPECIAL,35-E,Padrao,35-E,,2025-07-18T20:07:28.986747
2024-02,Cargos Efetivos,Técnico Administrativo,ESPECIAL,36-E,Padrao,36-E,,2025-07-18T20:07:28.986747
2024-02,Cargos Efetivos,Técnico Administrativo,ESPECIAL,37-E,Padrao,37-E,,2025-07-18T20:07:28.986747
2024-02,Cargos Efetivos,Técnico Administrativo,ESPECIAL,38-E,Padrao,38-E,,2025-07-18T20:07:28.986747
2024-02,Cargos Efetivos,Técnico Administrativo,ESPECIAL,39-E,Padrao,39-E,,2025-07-18T20:07:28.986747
2024-02,Cargos Efetivos,Técnico Administrativo,A,16,Total,"9075,17",,2025-07-18T20:07:28.986747
2024-02,Cargos Efetivos,Técnico Administrativo,A,17,Total,"9302,04",,2025-07-18T20:07:28.986747
2024-02,Cargos Efetivos,Técnico Administrativo,A,18,Total,"9534,6",,2025-07-18T20:07:28.986747
2024-02,Cargos Efetivos,Técnico Administrativo,A,19,Total,"9772,96",,2025-07-18T20:07:28.986747
2024-02,Cargos Efetivos,Técnico Administrativo,A,20,Total,"10017,29",,2025-07-18T20:07:28.986747
2024-02,Cargos Efetivos,Técnico Administrativo,A,21,Total,"10267,72",,2025-07-18T20:07:28.986747
2024-02,Cargos Efetivos,Técnico Administrativo,B,22,Total,"10678,43",,2025-07-18T20:07:28.986747
2024-02,Cargos Efetivos,Técnico Administrativo,B,23,Total,"10945,4",,2025-07-18T20:07:28.986747
2024-02,Cargos Efetivos,Técnico Administrativo,B,24,Total,"11219,04",,2025-07-18T20:07:28.986747
2024-02,Cargos Efetivos,Técnico Administrativo,B,25,Total,"11499,52",,2025-07-18T20:07:28.986747
2024-02,Cargos Efetivos,Técnico Administrativo,B,26,Total,11787,,2025-07-18T20:07:28.986747
2024-02,Cargos Efetivos,Técnico Administrativo,B,27,Total,"12081,67",,2025-07-18T20:07:28.986747
2024-02,Cargos Efetivos,Técnico Administrativo,C,28,Total,"12564,94",,2025-07-18T20:07:28.986747
2024-02,Cargos Efetivos,Técnico Administrativo,C,29,Total,"12879,06",,2025-07-18T20:07:28.986747
2024-02,Cargos Efetivos,Técnico Administrativo,C,30,Total,"13201,04",,2025-07-18T20:07:28.986747
2024-02,Cargos Efetivos,Técnico Administrativo,C,31,Total,"13531,06",,2025-07-18T20:07:28.986747
2024-02,Cargos Efetivos,Técnico Administrativo,C,32,Total,"13869,33",,2025-07-18T20:07:28.986747
2024-02,Cargos Efetivos,Técnico Administrativo,C,33,Total,"14216,06",,2025-07-18T20:07:28.986747
2024-02,Cargos Efetivos,Técnico Administrativo,ESPECIAL,34-E,Total,"14784,7",,2025-07-18T20:07:28.986747
2024-02,Cargos Efetivos,Técnico Administrativo,ESPECIAL,35-E,Total,"15154,32",,2025-07-18T20:07:28.986747
2024-02,Cargos Efetivos,Técnico Administrativo,ESPECIAL,36-E,Total,"15533,17",,2025-07-18T20:07:28.986747
2024-02,Cargos Efetivos,Técnico Administrativo,ESPECIAL,37-E,Total,"15921,5",,2025-07-18T20:07:28.986747
2024-02,Cargos Efetivos,Técnico Administrativo,ESPECIAL,38-E,Total,"16319,54",,2025-07-18T20:07:28.986747
2024-02,Cargos Efetivos,Técnico Administrativo,ESPECIAL,39-E,Total,"16727,53",,2025-07-18T20:07:28.986747
2024-02,Cargos Efetivos,Técnico Administrativo,A,16,Vencimento,"8810,84",,2025-07-18T20:07:28.986747
2024-02,Cargos Efetivos,Técnico Administrativo,A,17,Vencimento,"9031,11",,2025-07-18T20:07:28.986747
2024-02,Cargos Efetivos,Técnico Administrativo,A,18,Vencimento,"9256,89",,2025-07-18T20:07:28.986747
2024-02,Cargos Efetivos,Técnico Administrativo,A,19,Vencimento,"9488,31",,2025-07-18T20:07:28.986747
2024-02,Cargos Efetivos,Técnico Administrativo,A,20,Vencimento,"9725,52",,2025-07-18T20:07:28.986747
2024-02,Cargos Efetivos,Técnico Administrativo,A,21,Vencimento,"9968,66",,2025-07-18T20:07:28.986747
2024-02,Cargos Efetivos,Técnico Administrativo,B,22,Vencimento,"10367,41",,2025-07-18T20:07:28.986747
2024-02,Cargos Efetivos,Técnico Administrativo,B,23,Vencimento,"10626,6",,2025-07-18T20:07:28.986747
2024-02,Cargos Efetivos,Técnico Administrativo,B,24,Vencimento,"10892,27",,2025-07-18T20:07:28.986747
2024-02,Cargos Efetivos,Técnico Administrativo,B,25,Vencimento,"11164,58",,2025-07-18T20:07:28.986747
2024-02,Cargos Efetivos,Técnico Administrativo,B,26,Vencimento,"11443,69",,2025-07-18T20:07:28.986747
2024-02,Cargos Efetivos,Técnico Administrativo,B,27,Vencimento,"11729,78",,2025-07-18T20:07:28.986747
2024-02,Cargos Efetivos,Técnico Administrativo,C,28,Vencimento,"12198,97",,2025-07-18T20:07:28.986747
2024-02,Cargos Efetivos,Técnico Administrativo,C,29,Vencimento,"12503,94",,2025-07-18T20:07:28.986747
2024-02,Cargos Efetivos,Técnico Administrativo,C,30,Vencimento,"12816,54",,2025-07-18T20:07:28.986747
2024-02,Cargos Efetivos,Técnico Administrativo,C,31,Vencimento,"13136,95",,2025-07-18T20:07:28.986747
2024-02,Cargos Efetivos,Técnico Administrativo,C,32,Vencimento,"13465,37",,2025-07-18T20:07:28.986747
2024-02,Cargos Efetivos,Técnico Administrativo,C,33,Vencimento,13802,,2025-07-18T20:07:28.986747
2024-02,Cargos Efetivos,Técnico Administrativo,ESPECIAL,34-E,Vencimento,"14354,08",,2025-07-18T20:07:28.986747
2024-02,Cargos Efetivos,Técnico Administrativo,ESPECIAL,35-E,Vencimento,"14712,93",,2025-07-18T20:07:28.986747
2024-02,Cargos Efetivos,Técnico Administrativo,ESPECIAL,36-E,Vencimento,"15080,75",,2025-07-18T20:07:28.986747
2024-02,Cargos Efetivos,Técnico Administrativo,ESPECIAL,37-E,Vencimento,"15457,77",,2025-07-18T20:07:28.986747
2024-02,Cargos Efetivos,Técnico Administrativo,ESPECIAL,38-E,Vencimento,"15844,21",,2025-07-18T20:07:28.986747
2024-02,Cargos Efetivos,Técnico Administrativo,ESPECIAL,39-E,Vencimento,"16240,32",,2025-07-18T20:07:28.986747
2024-02,Subsídio e benefícios,Auxílio Alimentação,,,Fonte Legal,Ato da Mesa Diretora nº 13/2024 – DCL de 9/2/2024,Ato da Mesa Diretora nº 13/2024 – DCL de 9/2/2024,2025-07-18T20:09:27.278834
2024-02,Subsídio e benefícios,Auxílio Alimentação,,,Valor,"1683,88",Ato da Mesa Diretora nº 13/2024 – DCL de 9/2/2024,2025-07-18T20:09:27.278834
2024-02,Subsídio e benefícios,Auxílio Natalidade,,,Fonte Legal,Lei Complementar nº 840/2011,Lei Complementar nº 840/2011,2025-07-18T20:09:27.278834
2024-02,Subsídio e benefícios,Auxílio Natalidade,,,Valor,1412,Lei Complementar nº 840/2011,2025-07-18T20:09:27.278834
2024-02,Subsídio e benefícios,Auxílio Pré-escolar,,,Fonte Legal,Ato da Mesa Diretora nº 13/2024 – DCL de 9/2/2024,Ato da Mesa Diretora nº 13/2024 – DCL de 9/2/2024,2025-07-18T20:09:27.278834
2024-02,Subsídio e benefícios,Auxílio Pré-escolar,,,Valor,"1071,04",Ato da Mesa Diretora nº 13/2024 – DCL de 9/2/2024,2025-07-18T20:09:27.278834
2024-02,Subsídio e benefícios,Subsídio de Deputado,,,Fonte Legal,Decreto Legislativo nº 2.382/2022,Decreto Legislativo nº 2.382/2022,2025-07-18T20:09:27.278834
2024-02,Subsídio e benefícios,Subsídio de Deputado,,,Valor,"33006,39",Decreto Legislativo nº 2.382/2022,2025-07-18T20:09:27.278834
2024-02,Subsídio e benefícios,Verba Indenizatória,,,Fonte Legal,Decreto Legislativo nº 996/2002,Decreto Legislativo nº 996/2002,2025-07-18T20:09:27.278834
2024-02,Subsídio e benefícios,Verba Indenizatória,,,Valor,"19803,83",Decreto Legislativo nº 996/2002,2025-07-18T20:09:27.278834
2024-06,Cargos Comissionados,CL-01,,,55% do Vencimento,"1681,67",,2025-07-18T20:18:51.433407
2024-06,Cargos Comissionados,CL-01,,,Remuneração Integral,"4892,13",,2025-07-18T20:18:51.433407
2024-06,Cargos Comissionados,CL-01,,,Remuneração com Efetivo,"3516,22",,2025-07-18T20:18:51.433407
2024-06,Cargos Comissionados,CL-01,,,Representação,"1834,55",,2025-07-18T20:18:51.433407
2024-06,Cargos Comissionados,CL-01,,,Vencimento,"3057,58",,2025-07-18T20:18:51.433407
2024-06,Cargos Comissionados,CL-02,,,55% do Vencimento,"1868,52",,2025-07-18T20:18:51.433407
2024-06,Cargos Comissionados,CL-02,,,Remuneração Integral,"5435,70",,2025-07-18T20:18:51.433407
2024-06,Cargos Comissionados,CL-02,,,Remuneração com Efetivo,"3906,91",,2025-07-18T20:18:51.433407
2024-06,Cargos Comissionados,CL-02,,,Representação,"2038,39",,2025-07-18T20:18:51.433407
2024-06,Cargos Comissionados,CL-02,,,Vencimento,"3397,31",,2025-07-18T20:18:51.433407
2024-06,Cargos Comissionados,CL-03,,,55% do Vencimento,"2076,13",,2025-07-18T20:18:51.433407
2024-06,Cargos Comissionados,CL-03,,,Remuneração Integral,"6039,65",,2025-07-18T20:18:51.433407
2024-06,Cargos Comissionados,CL-03,,,Remuneração com Efetivo,"4341,00",,2025-07-18T20:18:51.433407
2024-06,Cargos Comissionados,CL-03,,,Representação,"2264,87",,2025-07-18T20:18:51.433407
2024-06,Cargos Comissionados,CL-03,,,Vencimento,"3774,78",,2025-07-18T20:18:51.433407
2024-06,Cargos Comissionados,CL-04,,,55% do Vencimento,"2306,82",,2025-07-18T20:18:51.433407
2024-06,Cargos Comissionados,CL-04,,,Remuneração Integral,"6710,73",,2025-07-18T20:18:51.433407
2024-06,Cargos Comissionados,CL-04,,,Remuneração com Efetivo,"4823,34",,2025-07-18T20:18:51.433407
2024-06,Cargos Comissionados,CL-04,,,Representação,"2516,52",,2025-07-18T20:18:51.433407
2024-06,Cargos Comissionados,CL-04,,,Vencimento,"4194,21",,2025-07-18T20:18:51.433407
2024-06,Cargos Comissionados,CL-05,,,55% do Vencimento,"2563,14",,2025-07-18T20:18:51.433407
2024-06,Cargos Comissionados,CL-05,,,Remuneração Integral,"7456,40",,2025-07-18T20:18:51.433407
2024-06,Cargos Comissionados,CL-05,,,Remuneração com Efetivo,"5359,29",,2025-07-18T20:18:51.433407
2024-06,Cargos Comissionados,CL-05,,,Representação,"2796,15",,2025-07-18T20:18:51.433407
2024-06,Cargos Comissionados,CL-05,,,Vencimento,"4660,25",,2025-07-18T20:18:51.433407
2024-06,Cargos Comissionados,CL-06,,,55% do Vencimento,"2847,93",,2025-07-18T20:18:51.433407
2024-06,Cargos Comissionados,CL-06,,,Remuneração Integral,"8284,88",,2025-07-18T20:18:51.433407
2024-06,Cargos Comissionados,CL-06,,,Remuneração com Efetivo,"5954,76",,2025-07-18T20:18:51.433407
2024-06,Cargos Comissionados,CL-06,,,Representação,"3106,83",,2025-07-18T20:18:51.433407
2024-06,Cargos Comissionados,CL-06,,,Vencimento,"5178,05",,2025-07-18T20:18:51.433407
2024-06,Cargos Comissionados,CL-07,,,55% do Vencimento,"3164,38",,2025-07-18T20:18:51.433407
2024-06,Cargos Comissionados,CL-07,,,Remuneração Integral,"9205,47",,2025-07-18T20:18:51.433407
2024-06,Cargos Comissionados,CL-07,,,Remuneração com Efetivo,"6616,43",,2025-07-18T20:18:51.433407
2024-06,Cargos Comissionados,CL-07,,,Representação,"3452,05",,2025-07-18T20:18:51.433407
2024-06,Cargos Comissionados,CL-07,,,Vencimento,"5753,42",,2025-07-18T20:18:51.433407
2024-06,Cargos Comissionados,CL-08,,,55% do Vencimento,"3515,97",,2025-07-18T20:18:51.433407
2024-06,Cargos Comissionados,CL-08,,,Remuneração Integral,"10228,29",,2025-07-18T20:18:51.433407
2024-06,Cargos Comissionados,CL-08,,,Remuneração com Efetivo,"7351,58",,2025-07-18T20:18:51.433407
2024-06,Cargos Comissionados,CL-08,,,Representação,"3835,61",,2025-07-18T20:18:51.433407
2024-06,Cargos Comissionados,CL-08,,,Vencimento,"6392,68",,2025-07-18T20:18:51.433407
2024-06,Cargos Comissionados,CL-09,,,55% do Vencimento,"3906,65",,2025-07-18T20:18:51.433407
2024-06,Cargos Comissionados,CL-09,,,Remuneração Integral,"11364,80",,2025-07-18T20:18:51.433407
2024-06,Cargos Comissionados,CL-09,,,Remuneração com Efetivo,"8168,45",,2025-07-18T20:18:51.433407
2024-06,Cargos Comissionados,CL-09,,,Representação,"4261,80",,2025-07-18T20:18:51.433407
2024-06,Cargos Comissionados,CL-09,,,Vencimento,"7103,00",,2025-07-18T20:18:51.433407
2024-06,Cargos Comissionados,CL-10,,,55% do Vencimento,"4340,73",,2025-07-18T20:18:51.433407
2024-06,Cargos Comissionados,CL-10,,,Remuneração Integral,"12627,57",,2025-07-18T20:18:51.433407
2024-06,Cargos Comissionados,CL-10,,,Remuneração com Efetivo,"9076,07",,2025-07-18T20:18:51.433407
2024-06,Cargos Comissionados,CL-10,,,Representação,"4735,34",,2025-07-18T20:18:51.433407
2024-06,Cargos Comissionados,CL-10,,,Vencimento,"7892,23",,2025-07-18T20:18:51.433407
2024-06,Cargos Comissionados,CL-11,,,55% do Vencimento,"4823,04",,2025-07-18T20:18:51.433407
2024-06,Cargos Comissionados,CL-11,,,Remuneração Integral,"14030,66",,2025-07-18T20:18:51.433407
2024-06,Cargos Comissionados,CL-11,,,Remuneração com Efetivo,"10084,54",,2025-07-18T20:18:51.433407
2024-06,Cargos Comissionados,CL-11,,,Representação,"5261,50",,2025-07-18T20:18:51.433407
2024-06,Cargos Comissionados,CL-11,,,Vencimento,"8769,16",,2025-07-18T20:18:51.433407
2024-06,Cargos Comissionados,CL-12,,,55% do Vencimento,"5358,94",,2025-07-18T20:18:51.433407
2024-06,Cargos Comissionados,CL-12,,,Remuneração Integral,"15589,65",,2025-07-18T20:18:51.433407
2024-06,Cargos Comissionados,CL-12,,,Remuneração com Efetivo,"11205,06",,2025-07-18T20:18:51.433407
2024-06,Cargos Comissionados,CL-12,,,Representação,"5846,12",,2025-07-18T20:18:51.433407
2024-06,Cargos Comissionados,CL-12,,,Vencimento,"9743,53",,2025-07-18T20:18:51.433407
2024-06,Cargos Comissionados,CL-13,,,55% do Vencimento,"5954,38",,2025-07-18T20:18:51.433407
2024-06,Cargos Comissionados,CL-13,,,Remuneração Integral,"17321,84",,2025-07-18T20:18:51.433407
2024-06,Cargos Comissionados,CL-13,,,Remuneração com Efetivo,"12450,07",,2025-07-18T20:18:51.433407
2024-06,Cargos Comissionados,CL-13,,,Representação,"6495,69",,2025-07-18T20:18:51.433407
2024-06,Cargos Comissionados,CL-13,,,Vencimento,"10826,15",,2025-07-18T20:18:51.433407
2024-06,Cargos Comissionados,CL-14,,,55% do Vencimento,"6615,98",,2025-07-18T20:18:51.433407
2024-06,Cargos Comissionados,CL-14,,,Remuneração Integral,"19246,48",,2025-07-18T20:18:51.433407
2024-06,Cargos Comissionados,CL-14,,,Remuneração com Efetivo,"13833,41",,2025-07-18T20:18:51.433407
2024-06,Cargos Comissionados,CL-14,,,Representação,"7217,43",,2025-07-18T20:18:51.433407
2024-06,Cargos Comissionados,CL-14,,,Vencimento,"12029,05",,2025-07-18T20:18:51.433407
2024-06,Cargos Comissionados,CL-15,,,55% do Vencimento,"7351,10",,2025-07-18T20:18:51.433407
2024-06,Cargos Comissionados,CL-15,,,Remuneração Integral,"21385,01",,2025-07-18T20:18:51.433407
2024-06,Cargos Comissionados,CL-15,,,Remuneração com Efetivo,"15370,48",,2025-07-18T20:18:51.433407
2024-06,Cargos Comissionados,CL-15,,,Representação,"8019,38",,2025-07-18T20:18:51.433407
2024-06,Cargos Comissionados,CL-15,,,Vencimento,"13365,63",,2025-07-18T20:18:51.433407
2024-06,Cargos Comissionados,CNE-01,,,55% do Vencimento,"8630,64",,2025-07-18T20:18:51.433407
2024-06,Cargos Comissionados,CNE-01,,,Remuneração Integral,"25107,30",,2025-07-18T20:18:51.433407
2024-06,Cargos Comissionados,CNE-01,,,Remuneração com Efetivo,"18045,87",,2025-07-18T20:18:51.433407
2024-06,Cargos Comissionados,CNE-01,,,Representação,"9415,23",,2025-07-18T20:18:51.433407
2024-06,Cargos Comissionados,CNE-01,,,Vencimento,"15692,07",,2025-07-18T20:18:51.433407
2024-06,Cargos Comissionados,CNE-02,,,55% do Vencimento,"9206,00",,2025-07-18T20:18:51.433407
2024-06,Cargos Comissionados,CNE-02,,,Remuneração Integral,"26781,09",,2025-07-18T20:18:51.433407
2024-06,Cargos Comissionados,CNE-02,,,Remuneração com Efetivo,"19248,90",,2025-07-18T20:18:51.433407
2024-06,Cargos Comissionados,CNE-02,,,Representação,"10042,90",,2025-07-18T20:18:51.433407
2024-06,Cargos Comissionados,CNE-02,,,Vencimento,"16738,19",,2025-07-18T20:18:51.433407
2024-06,Cargos Comissionados,SP-01,,,55% do Vencimento,"482,13",,2025-07-18T20:18:51.433407
2024-06,Cargos Comissionados,SP-01,,,Remuneração Integral,"1402,56",,2025-07-18T20:18:51.433407
2024-06,Cargos Comissionados,SP-01,,,Remuneração com Efetivo,"1008,09",,2025-07-18T20:18:51.433407
2024-06,Cargos Comissionados,SP-01,,,Representação,"525,96",,2025-07-18T20:18:51.433407
2024-06,Cargos Comissionados,SP-01,,,Vencimento,"876,60",,2025-07-18T20:18:51.433407
2024-06,Cargos Comissionados,SP-02,,,55% do Vencimento,"602,70",,2025-07-18T20:18:51.433407
2024-06,Cargos Comissionados,SP-02,,,Remuneração Integral,"1753,31",,2025-07-18T20:18:51.433407
2024-06,Cargos Comissionados,SP-02,,,Remuneração com Efetivo,"1260,19",,2025-07-18T20:18:51.433407
2024-06,Cargos Comissionados,SP-02,,,Representação,"657,49",,2025-07-18T20:18:51.433407
2024-06,Cargos Comissionados,SP-02,,,Vencimento,"1095,82",,2025-07-18T20:18:51.433407
2024-06,Cargos Comissionados,SP-03,,,55% do Vencimento,"753,39",,2025-07-18T20:18:51.433407
2024-06,Cargos Comissionados,SP-03,,,Remuneração Integral,"2191,68",,2025-07-18T20:18:51.433407
2024-06,Cargos Comissionados,SP-03,,,Remuneração com Efetivo,"1575,27",,2025-07-18T20:18:51.433407
2024-06,Cargos Comissionados,SP-03,,,Representação,"821,88",,2025-07-18T20:18:51.433407
2024-06,Cargos Comissionados,SP-03,,,Vencimento,"1369,80",,2025-07-18T20:18:51.433407
2024-06,Cargos Comissionados,SP-04,,,55% do Vencimento,"941,72",,2025-07-18T20:18:51.433407
2024-06,Cargos Comissionados,SP-04,,,Remuneração Integral,"2739,55",,2025-07-18T20:18:51.433407
2024-06,Cargos Comissionados,SP-04,,,Remuneração com Efetivo,"1969,05",,2025-07-18T20:18:51.433407
2024-06,Cargos Comissionados,SP-04,,,Representação,"1027,33",,2025-07-18T20:18:51.433407
2024-06,Cargos Comissionados,SP-04,,,Vencimento,"1712,22",,2025-07-18T20:18:51.433407
2024-06,Cargos Comissionados,SP-05,,,55% do Vencimento,"1177,15",,2025-07-18T20:18:51.433407
2024-06,Cargos Comissionados,SP-05,,,Remuneração Integral,"3424,44",,2025-07-18T20:18:51.433407
2024-06,Cargos Comissionados,SP-05,,,Remuneração com Efetivo,"2461,31",,2025-07-18T20:18:51.433407
2024-06,Cargos Comissionados,SP-05,,,Representação,"1284,16",,2025-07-18T20:18:51.433407
2024-06,Cargos Comissionados,SP-05,,,Vencimento,"2140,28",,2025-07-18T20:18:51.433407
2024-06,Cargos Efetivos,Analista Legislativo,A,31,Classe,A,,2025-07-18T20:15:00.978217
2024-06,Cargos Efetivos,Analista Legislativo,A,32,Classe,A,,2025-07-18T20:15:00.978217
2024-06,Cargos Efetivos,Analista Legislativo,A,33,Classe,A,,2025-07-18T20:15:00.978217
2024-06,Cargos Efetivos,Analista Legislativo,A,34,Classe,A,,2025-07-18T20:15:00.978217
2024-06,Cargos Efetivos,Analista Legislativo,A,35,Classe,A,,2025-07-18T20:15:00.978217
2024-06,Cargos Efetivos,Analista Legislativo,A,36,Classe,A,,2025-07-18T20:15:00.978217
2024-06,Cargos Efetivos,Analista Legislativo,B,37,Classe,B,,2025-07-18T20:15:00.978217
2024-06,Cargos Efetivos,Analista Legislativo,B,38,Classe,B,,2025-07-18T20:15:00.978217
2024-06,Cargos Efetivos,Analista Legislativo,B,39,Classe,B,,2025-07-18T20:15:00.978217
2024-06,Cargos Efetivos,Analista Legislativo,B,40,Classe,B,,2025-07-18T20:15:00.978217
2024-06,Cargos Efetivos,Analista Legislativo,B,41,Classe,B,,2025-07-18T20:15:00.978217
2024-06,Cargos Efetivos,Analista Legislativo,B,42,Classe,B,,2025-07-18T20:15:00.978217
2024-06,Cargos Efetivos,Analista Legislativo,C,43,Classe,C,,2025-07-18T20:15:00.978217
2024-06,Cargos Efetivos,Analista Legislativo,C,44,Classe,C,,2025-07-18T20:15:00.978217
2024-06,Cargos Efetivos,Analista Legislativo,C,45,Classe,C,,2025-07-18T20:15:00.978217
2024-06,Cargos Efetivos,Analista Legislativo,C,46,Classe,C,,2025-07-18T20:15:00.978217
2024-06,Cargos Efetivos,Analista Legislativo,C,47,Classe,C,,2025-07-18T20:15:00.978217
2024-06,Cargos Efetivos,Analista Legislativo,C,48,Classe,C,,2025-07-18T20:15:00.978217
2024-06,Cargos Efetivos,Analista Legislativo,ESPECIAL,49-E,Classe,ESPECIAL,,2025-07-18T20:15:00.978217
2024-06,Cargos Efetivos,Analista Legislativo,ESPECIAL,50-E,Classe,ESPECIAL,,2025-07-18T20:15:00.978217
2024-06,Cargos Efetivos,Analista Legislativo,ESPECIAL,51-E,Classe,ESPECIAL,,2025-07-18T20:15:00.978217
2024-06,Cargos Efetivos,Analista Legislativo,ESPECIAL,52-E,Classe,ESPECIAL,,2025-07-18T20:15:00.978217
2024-06,Cargos Efetivos,Analista Legislativo,ESPECIAL,53-E,Classe,ESPECIAL,,2025-07-18T20:15:00.978217
2024-06,Cargos Efetivos,Analista Legislativo,ESPECIAL,54-E,Classe,ESPECIAL,,2025-07-18T20:15:00.978217
2024-06,Cargos Efetivos,Analista Legislativo,A,31,GAL,"413,81",,2025-07-18T20:15:00.978217
2024-06,Cargos Efetivos,Analista Legislativo,A,32,GAL,"424,16",,2025-07-18T20:15:00.978217
2024-06,Cargos Efetivos,Analista Legislativo,A,33,GAL,"434,76",,2025-07-18T20:15:00.978217
2024-06,Cargos Efetivos,Analista Legislativo,A,34,GAL,"445,63",,2025-07-18T20:15:00.978217
2024-06,Cargos Efetivos,Analista Legislativo,A,35,GAL,"456,77",,2025-07-18T20:15:00.978217
2024-06,Cargos Efetivos,Analista Legislativo,A,36,GAL,"468,19",,2025-07-18T20:15:00.978217
2024-06,Cargos Efetivos,Analista Legislativo,B,37,GAL,"486,92",,2025-07-18T20:15:00.978217
2024-06,Cargos Efetivos,Analista Legislativo,B,38,GAL,"499,09",,2025-07-18T20:15:00.978217
2024-06,Cargos Efetivos,Analista Legislativo,B,39,GAL,"511,57",,2025-07-18T20:15:00.978217
2024-06,Cargos Efetivos,Analista Legislativo,B,40,GAL,"524,36",,2025-07-18T20:15:00.978217
2024-06,Cargos Efetivos,Analista Legislativo,B,41,GAL,"537,47",,2025-07-18T20:15:00.978217
2024-06,Cargos Efetivos,Analista Legislativo,B,42,GAL,"550,91",,2025-07-18T20:15:00.978217
2024-06,Cargos Efetivos,Analista Legislativo,C,43,GAL,"572,94",,2025-07-18T20:15:00.978217
2024-06,Cargos Efetivos,Analista Legislativo,C,44,GAL,"587,27",,2025-07-18T20:15:00.978217
2024-06,Cargos Efetivos,Analista Legislativo,C,45,GAL,"601,95",,2025-07-18T20:15:00.978217
2024-06,Cargos Efetivos,Analista Legislativo,C,46,GAL,"617,00",,2025-07-18T20:15:00.978217
2024-06,Cargos Efetivos,Analista Legislativo,C,47,GAL,"632,42",,2025-07-18T20:15:00.978217
2024-06,Cargos Efetivos,Analista Legislativo,C,48,GAL,"648,23",,2025-07-18T20:15:00.978217
2024-06,Cargos Efetivos,Analista Legislativo,ESPECIAL,49-E,GAL,"674,16",,2025-07-18T20:15:00.978217
2024-06,Cargos Efetivos,Analista Legislativo,ESPECIAL,50-E,GAL,"691,01",,2025-07-18T20:15:00.978217
2024-06,Cargos Efetivos,Analista Legislativo,ESPECIAL,51-E,GAL,"708,29",,2025-07-18T20:15:00.978217
2024-06,Cargos Efetivos,Analista Legislativo,ESPECIAL,52-E,GAL,"726,00",,2025-07-18T20:15:00.978217
2024-06,Cargos Efetivos,Analista Legislativo,ESPECIAL,53-E,GAL,"744,15",,2025-07-18T20:15:00.978217
2024-06,Cargos Efetivos,Analista Legislativo,ESPECIAL,54-E,GAL,"762,75",,2025-07-18T20:15:00.978217
2024-06,Cargos Efetivos,Analista Legislativo,A,31,Padrao,31,,2025-07-18T20:15:00.978217
2024-06,Cargos Efetivos,Analista Legislativo,A,32,Padrao,32,,2025-07-18T20:15:00.978217
2024-06,Cargos Efetivos,Analista Legislativo,A,33,Padrao,33,,2025-07-18T20:15:00.978217
2024-06,Cargos Efetivos,Analista Legislativo,A,34,Padrao,34,,2025-07-18T20:15:00.978217
2024-06,Cargos Efetivos,Analista Legislativo,A,35,Padrao,35,,2025-07-18T20:15:00.978217
2024-06,Cargos Efetivos,Analista Legislativo,A,36,Padrao,36,,2025-07-18T20:15:00.978217
2024-06,Cargos Efetivos,Analista Legislativo,B,37,Padrao,37,,2025-07-18T20:15:00.978217
2024-06,Cargos Efetivos,Analista Legislativo,B,38,Padrao,38,,2025-07-18T20:15:00.978217
2024-06,Cargos Efetivos,Analista Legislativo,B,39,Padrao,39,,2025-07-18T20:15:00.978217
2024-06,Cargos Efetivos,Analista Legislativo,B,40,Padrao,40,,2025-07-18T20:15:00.978217
2024-06,Cargos Efetivos,Analista Legislativo,B,41,Padrao,41,,2025-07-18T20:15:00.978217
2024-06,Cargos Efetivos,Analista Legislativo,B,42,Padrao,42,,2025-07-18T20:15:00.978217
2024-06,Cargos Efetivos,Analista Legislativo,C,43,Padrao,43,,2025-07-18T20:15:00.978217
2024-06,Cargos Efetivos,Analista Legislativo,C,44,Padrao,44,,2025-07-18T20:15:00.978217
2024-06,Cargos Efetivos,Analista Legislativo,C,45,Padrao,45,,2025-07-18T20:15:00.978217
2024-06,Cargos Efetivos,Analista Legislativo,C,46,Padrao,46,,2025-07-18T20:15:00.978217
2024-06,Cargos Efetivos,Analista Legislativo,C,47,Padrao,47,,2025-07-18T20:15:00.978217
2024-06,Cargos Efetivos,Analista Legislativo,C,48,Padrao,48,,2025-07-18T20:15:00.978217
2024-06,Cargos Efetivos,Analista Legislativo,ESPECIAL,49-E,Padrao,49-E,,2025-07-18T20:15:00.978217
2024-06,Cargos Efetivos,Analista Legislativo,ESPECIAL,50-E,Padrao,50-E,,2025-07-18T20:15:00.978217
2024-06,Cargos Efetivos,Analista Legislativo,ESPECIAL,51-E,Padrao,51-E,,2025-07-18T20:15:00.978217
2024-06,Cargos Efetivos,Analista Legislativo,ESPECIAL,52-E,Padrao,52-E,,2025-07-18T20:15:00.978217
2024-06,Cargos Efetivos,Analista Legislativo,ESPECIAL,53-E,Padrao,53-E,,2025-07-18T20:15:00.978217
2024-06,Cargos Efetivos,Analista Legislativo,ESPECIAL,54-E,Padrao,54-E,,2025-07-18T20:15:00.978217
2024-06,Cargos Efetivos,Analista Legislativo,A,31,Total,"14207,61",,2025-07-18T20:15:00.978217
2024-06,Cargos Efetivos,Analista Legislativo,A,32,Total,"14562,80",,2025-07-18T20:15:00.978217
2024-06,Cargos Efetivos,Analista Legislativo,A,33,Total,"14926,86",,2025-07-18T20:15:00.978217
2024-06,Cargos Efetivos,Analista Legislativo,A,34,Total,"15300,03",,2025-07-18T20:15:00.978217
2024-06,Cargos Efetivos,Analista Legislativo,A,35,Total,"15682,54",,2025-07-18T20:15:00.978217
2024-06,Cargos Efetivos,Analista Legislativo,A,36,Total,"16074,60",,2025-07-18T20:15:00.978217
2024-06,Cargos Efetivos,Analista Legislativo,B,37,Total,"16717,59",,2025-07-18T20:15:00.978217
2024-06,Cargos Efetivos,Analista Legislativo,B,38,Total,"17135,52",,2025-07-18T20:15:00.978217
2024-06,Cargos Efetivos,Analista Legislativo,B,39,Total,"17563,92",,2025-07-18T20:15:00.978217
2024-06,Cargos Efetivos,Analista Legislativo,B,40,Total,"18003,02",,2025-07-18T20:15:00.978217
2024-06,Cargos Efetivos,Analista Legislativo,B,41,Total,"18453,10",,2025-07-18T20:15:00.978217
2024-06,Cargos Efetivos,Analista Legislativo,B,42,Total,"18914,42",,2025-07-18T20:15:00.978217
2024-06,Cargos Efetivos,Analista Legislativo,C,43,Total,"19670,99",,2025-07-18T20:15:00.978217
2024-06,Cargos Efetivos,Analista Legislativo,C,44,Total,"20162,78",,2025-07-18T20:15:00.978217
2024-06,Cargos Efetivos,Analista Legislativo,C,45,Total,"20666,84",,2025-07-18T20:15:00.978217
2024-06,Cargos Efetivos,Analista Legislativo,C,46,Total,"21183,52",,2025-07-18T20:15:00.978217
2024-06,Cargos Efetivos,Analista Legislativo,C,47,Total,"21713,10",,2025-07-18T20:15:00.978217
2024-06,Cargos Efetivos,Analista Legislativo,C,48,Total,"22255,93",,2025-07-18T20:15:00.978217
2024-06,Cargos Efetivos,Analista Legislativo,ESPECIAL,49-E,Total,"23146,17",,2025-07-18T20:15:00.978217
2024-06,Cargos Efetivos,Analista Legislativo,ESPECIAL,50-E,Total,"23724,82",,2025-07-18T20:15:00.978217
2024-06,Cargos Efetivos,Analista Legislativo,ESPECIAL,51-E,Total,"24317,94",,2025-07-18T20:15:00.978217
2024-06,Cargos Efetivos,Analista Legislativo,ESPECIAL,52-E,Total,"24925,89",,2025-07-18T20:15:00.978217
2024-06,Cargos Efetivos,Analista Legislativo,ESPECIAL,53-E,Total,"25549,04",,2025-07-18T20:15:00.978217
2024-06,Cargos Efetivos,Analista Legislativo,ESPECIAL,54-E,Total,"26187,75",,2025-07-18T20:15:00.978217
2024-06,Cargos Efetivos,Analista Legislativo,A,31,Vencimento,"13793,80",,2025-07-18T20:15:00.978217
2024-06,Cargos Efetivos,Analista Legislativo,A,32,Vencimento,"14138,64",,2025-07-18T20:15:00.978217
2024-06,Cargos Efetivos,Analista Legislativo,A,33,Vencimento,"14492,10",,2025-07-18T20:15:00.978217
2024-06,Cargos Efetivos,Analista Legislativo,A,34,Vencimento,"14854,40",,2025-07-18T20:15:00.978217
2024-06,Cargos Efetivos,Analista Legislativo,A,35,Vencimento,"15225,77",,2025-07-18T20:15:00.978217
2024-06,Cargos Efetivos,Analista Legislativo,A,36,Vencimento,"15606,41",,2025-07-18T20:15:00.978217
2024-06,Cargos Efetivos,Analista Legislativo,B,37,Vencimento,"16230,67",,2025-07-18T20:15:00.978217
2024-06,Cargos Efetivos,Analista Legislativo,B,38,Vencimento,"16636,43",,2025-07-18T20:15:00.978217
2024-06,Cargos Efetivos,Analista Legislativo,B,39,Vencimento,"17052,35",,2025-07-18T20:15:00.978217
2024-06,Cargos Efetivos,Analista Legislativo,B,40,Vencimento,"17478,66",,2025-07-18T20:15:00.978217
2024-06,Cargos Efetivos,Analista Legislativo,B,41,Vencimento,"17915,63",,2025-07-18T20:15:00.978217
2024-06,Cargos Efetivos,Analista Legislativo,B,42,Vencimento,"18363,51",,2025-07-18T20:15:00.978217
2024-06,Cargos Efetivos,Analista Legislativo,C,43,Vencimento,"19098,05",,2025-07-18T20:15:00.978217
2024-06,Cargos Efetivos,Analista Legislativo,C,44,Vencimento,"19575,51",,2025-07-18T20:15:00.978217
2024-06,Cargos Efetivos,Analista Legislativo,C,45,Vencimento,"20064,89",,2025-07-18T20:15:00.978217
2024-06,Cargos Efetivos,Analista Legislativo,C,46,Vencimento,"20566,52",,2025-07-18T20:15:00.978217
2024-06,Cargos Efetivos,Analista Legislativo,C,47,Vencimento,"21080,68",,2025-07-18T20:15:00.978217
2024-06,Cargos Efetivos,Analista Legislativo,C,48,Vencimento,"21607,70",,2025-07-18T20:15:00.978217
2024-06,Cargos Efetivos,Analista Legislativo,ESPECIAL,49-E,Vencimento,"22472,01",,2025-07-18T20:15:00.978217
2024-06,Cargos Efetivos,Analista Legislativo,ESPECIAL,50-E,Vencimento,"23033,81",,2025-07-18T20:15:00.978217
2024-06,Cargos Efetivos,Analista Legislativo,ESPECIAL,51-E,Vencimento,"23609,65",,2025-07-18T20:15:00.978217
2024-06,Cargos Efetivos,Analista Legislativo,ESPECIAL,52-E,Vencimento,"24199,89",,2025-07-18T20:15:00.978217
2024-06,Cargos Efetivos,Analista Legislativo,ESPECIAL,53-E,Vencimento,"24804,89",,2025-07-18T20:15:00.978217
2024-06,Cargos Efetivos,Analista Legislativo,ESPECIAL,54-E,Vencimento,"25425,00",,2025-07-18T20:15:00.978217
2024-06,Cargos Efetivos,Assistente Técnico,B,10,Classe,B,,2025-07-18T20:15:00.978217
2024-06,Cargos Efetivos,Assistente Técnico,B,11,Classe,B,,2025-07-18T20:15:00.978217
2024-06,Cargos Efetivos,Assistente Técnico,B,12,Classe,B,,2025-07-18T20:15:00.978217
2024-06,Cargos Efetivos,Assistente Técnico,C,13,Classe,C,,2025-07-18T20:15:00.978217
2024-06,Cargos Efetivos,Assistente Técnico,C,14,Classe,C,,2025-07-18T20:15:00.978217
2024-06,Cargos Efetivos,Assistente Técnico,C,15,Classe,C,,2025-07-18T20:15:00.978217
2024-06,Cargos Efetivos,Assistente Técnico,C,16,Classe,C,,2025-07-18T20:15:00.978217
2024-06,Cargos Efetivos,Assistente Técnico,C,17,Classe,C,,2025-07-18T20:15:00.978217
2024-06,Cargos Efetivos,Assistente Técnico,C,18,Classe,C,,2025-07-18T20:15:00.978217
2024-06,Cargos Efetivos,Assistente Técnico,ESPECIAL,19-E,Classe,ESPECIAL,,2025-07-18T20:15:00.978217
2024-06,Cargos Efetivos,Assistente Técnico,A,1,Classe,A,,2025-07-18T20:15:00.978217
2024-06,Cargos Efetivos,Assistente Técnico,ESPECIAL,20-E,Classe,ESPECIAL,,2025-07-18T20:15:00.978217
2024-06,Cargos Efetivos,Assistente Técnico,ESPECIAL,21-E,Classe,ESPECIAL,,2025-07-18T20:15:00.978217
2024-06,Cargos Efetivos,Assistente Técnico,ESPECIAL,22-E,Classe,ESPECIAL,,2025-07-18T20:15:00.978217
2024-06,Cargos Efetivos,Assistente Técnico,ESPECIAL,23-E,Classe,ESPECIAL,,2025-07-18T20:15:00.978217
2024-06,Cargos Efetivos,Assistente Técnico,ESPECIAL,24-E,Classe,ESPECIAL,,2025-07-18T20:15:00.978217
2024-06,Cargos Efetivos,Assistente Técnico,A,2,Classe,A,,2025-07-18T20:15:00.978217
2024-06,Cargos Efetivos,Assistente Técnico,A,3,Classe,A,,2025-07-18T20:15:00.978217
2024-06,Cargos Efetivos,Assistente Técnico,A,4,Classe,A,,2025-07-18T20:15:00.978217
2024-06,Cargos Efetivos,Assistente Técnico,A,5,Classe,A,,2025-07-18T20:15:00.978217
2024-06,Cargos Efetivos,Assistente Técnico,A,6,Classe,A,,2025-07-18T20:15:00.978217
2024-06,Cargos Efetivos,Assistente Técnico,B,7,Classe,B,,2025-07-18T20:15:00.978217
2024-06,Cargos Efetivos,Assistente Técnico,B,8,Classe,B,,2025-07-18T20:15:00.978217
2024-06,Cargos Efetivos,Assistente Técnico,B,9,Classe,B,,2025-07-18T20:15:00.978217
2024-06,Cargos Efetivos,Assistente Técnico,B,10,GAL,"235,87",,2025-07-18T20:15:00.978217
2024-06,Cargos Efetivos,Assistente Técnico,B,11,GAL,"241,77",,2025-07-18T20:15:00.978217
2024-06,Cargos Efetivos,Assistente Técnico,B,12,GAL,"247,81",,2025-07-18T20:15:00.978217
2024-06,Cargos Efetivos,Assistente Técnico,C,13,GAL,"257,72",,2025-07-18T20:15:00.978217
2024-06,Cargos Efetivos,Assistente Técnico,C,14,GAL,"264,17",,2025-07-18T20:15:00.978217
2024-06,Cargos Efetivos,Assistente Técnico,C,15,GAL,"270,77",,2025-07-18T20:15:00.978217
2024-06,Cargos Efetivos,Assistente Técnico,C,16,GAL,"277,54",,2025-07-18T20:15:00.978217
2024-06,Cargos Efetivos,Assistente Técnico,C,17,GAL,"284,48",,2025-07-18T20:15:00.978217
2024-06,Cargos Efetivos,Assistente Técnico,C,18,GAL,"291,59",,2025-07-18T20:15:00.978217
2024-06,Cargos Efetivos,Assistente Técnico,ESPECIAL,19-E,GAL,"303,26",,2025-07-18T20:15:00.978217
2024-06,Cargos Efetivos,Assistente Técnico,A,1,GAL,"186,15",,2025-07-18T20:15:00.978217
2024-06,Cargos Efetivos,Assistente Técnico,ESPECIAL,20-E,GAL,"310,84",,2025-07-18T20:15:00.978217
2024-06,Cargos Efetivos,Assistente Técnico,ESPECIAL,21-E,GAL,"318,61",,2025-07-18T20:15:00.978217
2024-06,Cargos Efetivos,Assistente Técnico,ESPECIAL,22-E,GAL,"326,57",,2025-07-18T20:15:00.978217
2024-06,Cargos Efetivos,Assistente Técnico,ESPECIAL,23-E,GAL,"334,74",,2025-07-18T20:15:00.978217
2024-06,Cargos Efetivos,Assistente Técnico,ESPECIAL,24-E,GAL,"343,11",,2025-07-18T20:15:00.978217
2024-06,Cargos Efetivos,Assistente Técnico,A,2,GAL,"190,80",,2025-07-18T20:15:00.978217
2024-06,Cargos Efetivos,Assistente Técnico,A,3,GAL,"195,57",,2025-07-18T20:15:00.978217
2024-06,Cargos Efetivos,Assistente Técnico,A,4,GAL,"200,46",,2025-07-18T20:15:00.978217
2024-06,Cargos Efetivos,Assistente Técnico,A,5,GAL,"205,47",,2025-07-18T20:15:00.978217
2024-06,Cargos Efetivos,Assistente Técnico,A,6,GAL,"210,61",,2025-07-18T20:15:00.978217
2024-06,Cargos Efetivos,Assistente Técnico,B,7,GAL,"219,03",,2025-07-18T20:15:00.978217
2024-06,Cargos Efetivos,Assistente Técnico,B,8,GAL,"224,51",,2025-07-18T20:15:00.978217
2024-06,Cargos Efetivos,Assistente Técnico,B,9,GAL,"230,12",,2025-07-18T20:15:00.978217
2024-06,Cargos Efetivos,Assistente Técnico,B,10,Padrao,10,,2025-07-18T20:15:00.978217
2024-06,Cargos Efetivos,Assistente Técnico,B,11,Padrao,11,,2025-07-18T20:15:00.978217
2024-06,Cargos Efetivos,Assistente Técnico,B,12,Padrao,12,,2025-07-18T20:15:00.978217
2024-06,Cargos Efetivos,Assistente Técnico,C,13,Padrao,13,,2025-07-18T20:15:00.978217
2024-06,Cargos Efetivos,Assistente Técnico,C,14,Padrao,14,,2025-07-18T20:15:00.978217
2024-06,Cargos Efetivos,Assistente Técnico,C,15,Padrao,15,,2025-07-18T20:15:00.978217
2024-06,Cargos Efetivos,Assistente Técnico,C,16,Padrao,16,,2025-07-18T20:15:00.978217
2024-06,Cargos Efetivos,Assistente Técnico,C,17,Padrao,17,,2025-07-18T20:15:00.978217
2024-06,Cargos Efetivos,Assistente Técnico,C,18,Padrao,18,,2025-07-18T20:15:00.978217
2024-06,Cargos Efetivos,Assistente Técnico,ESPECIAL,19-E,Padrao,19-E,,2025-07-18T20:15:00.978217
2024-06,Cargos Efetivos,Assistente Técnico,A,1,Padrao,1,,2025-07-18T20:15:00.978217
2024-06,Cargos Efetivos,Assistente Técnico,ESPECIAL,20-E,Padrao,20-E,,2025-07-18T20:15:00.978217
2024-06,Cargos Efetivos,Assistente Técnico,ESPECIAL,21-E,Padrao,21-E,,2025-07-18T20:15:00.978217
2024-06,Cargos Efetivos,Assistente Técnico,ESPECIAL,22-E,Padrao,22-E,,2025-07-18T20:15:00.978217
2024-06,Cargos Efetivos,Assistente Técnico,ESPECIAL,23-E,Padrao,23-E,,2025-07-18T20:15:00.978217
2024-06,Cargos Efetivos,Assistente Técnico,ESPECIAL,24-E,Padrao,24-E,,2025-07-18T20:15:00.978217
2024-06,Cargos Efetivos,Assistente Técnico,A,2,Padrao,2,,2025-07-18T20:15:00.978217
2024-06,Cargos Efetivos,Assistente Técnico,A,3,Padrao,3,,2025-07-18T20:15:00.978217
2024-06,Cargos Efetivos,Assistente Técnico,A,4,Padrao,4,,2025-07-18T20:15:00.978217
2024-06,Cargos Efetivos,Assistente Técnico,A,5,Padrao,5,,2025-07-18T20:15:00.978217
2024-06,Cargos Efetivos,Assistente Técnico,A,6,Padrao,6,,2025-07-18T20:15:00.978217
2024-06,Cargos Efetivos,Assistente Técnico,B,7,Padrao,7,,2025-07-18T20:15:00.978217
2024-06,Cargos Efetivos,Assistente Técnico,B,8,Padrao,8,,2025-07-18T20:15:00.978217
2024-06,Cargos Efetivos,Assistente Técnico,B,9,Padrao,9,,2025-07-18T20:15:00.978217
2024-06,Cargos Efetivos,Assistente Técnico,B,10,Total,"8098,25",,2025-07-18T20:15:00.978217
2024-06,Cargos Efetivos,Assistente Técnico,B,11,Total,"8300,71",,2025-07-18T20:15:00.978217
2024-06,Cargos Efetivos,Assistente Técnico,B,12,Total,"8508,22",,2025-07-18T20:15:00.978217
2024-06,Cargos Efetivos,Assistente Técnico,C,13,Total,"8848,55",,2025-07-18T20:15:00.978217
2024-06,Cargos Efetivos,Assistente Técnico,C,14,Total,"9069,76",,2025-07-18T20:15:00.978217
2024-06,Cargos Efetivos,Assistente Técnico,C,15,Total,"9296,51",,2025-07-18T20:15:00.978217
2024-06,Cargos Efetivos,Assistente Técnico,C,16,Total,"9528,92",,2025-07-18T20:15:00.978217
2024-06,Cargos Efetivos,Assistente Técnico,C,17,Total,"9767,15",,2025-07-18T20:15:00.978217
2024-06,Cargos Efetivos,Assistente Técnico,C,18,Total,"10011,32",,2025-07-18T20:15:00.978217
2024-06,Cargos Efetivos,Assistente Técnico,ESPECIAL,19-E,Total,"10411,79",,2025-07-18T20:15:00.978217
2024-06,Cargos Efetivos,Assistente Técnico,A,1,Total,"6390,99",,2025-07-18T20:15:00.978217
2024-06,Cargos Efetivos,Assistente Técnico,ESPECIAL,20-E,Total,"10672,08",,2025-07-18T20:15:00.978217
2024-06,Cargos Efetivos,Assistente Técnico,ESPECIAL,21-E,Total,"10938,89",,2025-07-18T20:15:00.978217
2024-06,Cargos Efetivos,Assistente Técnico,ESPECIAL,22-E,Total,"11212,35",,2025-07-18T20:15:00.978217
2024-06,Cargos Efetivos,Assistente Técnico,ESPECIAL,23-E,Total,"11492,67",,2025-07-18T20:15:00.978217
2024-06,Cargos Efetivos,Assistente Técnico,ESPECIAL,24-E,Total,"11779,99",,2025-07-18T20:15:00.978217
2024-06,Cargos Efetivos,Assistente Técnico,A,2,Total,"6550,76",,2025-07-18T20:15:00.978217
2024-06,Cargos Efetivos,Assistente Técnico,A,3,Total,"6714,53",,2025-07-18T20:15:00.978217
2024-06,Cargos Efetivos,Assistente Técnico,A,4,Total,"6882,39",,2025-07-18T20:15:00.978217
2024-06,Cargos Efetivos,Assistente Técnico,A,5,Total,"7054,44",,2025-07-18T20:15:00.978217
2024-06,Cargos Efetivos,Assistente Técnico,A,6,Total,"7230,81",,2025-07-18T20:15:00.978217
2024-06,Cargos Efetivos,Assistente Técnico,B,7,Total,"7520,04",,2025-07-18T20:15:00.978217
2024-06,Cargos Efetivos,Assistente Técnico,B,8,Total,"7708,04",,2025-07-18T20:15:00.978217
2024-06,Cargos Efetivos,Assistente Técnico,B,9,Total,"7900,74",,2025-07-18T20:15:00.978217
2024-06,Cargos Efetivos,Assistente Técnico,B,10,Vencimento,"7862,38",,2025-07-18T20:15:00.978217
2024-06,Cargos Efetivos,Assistente Técnico,B,11,Vencimento,"8058,94",,2025-07-18T20:15:00.978217
2024-06,Cargos Efetivos,Assistente Técnico,B,12,Vencimento,"8260,41",,2025-07-18T20:15:00.978217
2024-06,Cargos Efetivos,Assistente Técnico,C,13,Vencimento,"8590,83",,2025-07-18T20:15:00.978217
2024-06,Cargos Efetivos,Assistente Técnico,C,14,Vencimento,"8805,59",,2025-07-18T20:15:00.978217
2024-06,Cargos Efetivos,Assistente Técnico,C,15,Vencimento,"9025,74",,2025-07-18T20:15:00.978217
2024-06,Cargos Efetivos,Assistente Técnico,C,16,Vencimento,"9251,38",,2025-07-18T20:15:00.978217
2024-06,Cargos Efetivos,Assistente Técnico,C,17,Vencimento,"9482,67",,2025-07-18T20:15:00.978217
2024-06,Cargos Efetivos,Assistente Técnico,C,18,Vencimento,"9719,73",,2025-07-18T20:15:00.978217
2024-06,Cargos Efetivos,Assistente Técnico,ESPECIAL,19-E,Vencimento,"10108,53",,2025-07-18T20:15:00.978217
2024-06,Cargos Efetivos,Assistente Técnico,A,1,Vencimento,"6204,84",,2025-07-18T20:15:00.978217
2024-06,Cargos Efetivos,Assistente Técnico,ESPECIAL,20-E,Vencimento,"10361,24",,2025-07-18T20:15:00.978217
2024-06,Cargos Efetivos,Assistente Técnico,ESPECIAL,21-E,Vencimento,"10620,28",,2025-07-18T20:15:00.978217
2024-06,Cargos Efetivos,Assistente Técnico,ESPECIAL,22-E,Vencimento,"10885,78",,2025-07-18T20:15:00.978217
2024-06,Cargos Efetivos,Assistente Técnico,ESPECIAL,23-E,Vencimento,"11157,93",,2025-07-18T20:15:00.978217
2024-06,Cargos Efetivos,Assistente Técnico,ESPECIAL,24-E,Vencimento,"11436,88",,2025-07-18T20:15:00.978217
2024-06,Cargos Efetivos,Assistente Técnico,A,2,Vencimento,"6359,96",,2025-07-18T20:15:00.978217
2024-06,Cargos Efetivos,Assistente Técnico,A,3,Vencimento,"6518,96",,2025-07-18T20:15:00.978217
2024-06,Cargos Efetivos,Assistente Técnico,A,4,Vencimento,"6681,93",,2025-07-18T20:15:00.978217
2024-06,Cargos Efetivos,Assistente Técnico,A,5,Vencimento,"6848,97",,2025-07-18T20:15:00.978217
2024-06,Cargos Efetivos,Assistente Técnico,A,6,Vencimento,"7020,20",,2025-07-18T20:15:00.978217
2024-06,Cargos Efetivos,Assistente Técnico,B,7,Vencimento,"7301,01",,2025-07-18T20:15:00.978217
2024-06,Cargos Efetivos,Assistente Técnico,B,8,Vencimento,"7483,53",,2025-07-18T20:15:00.978217
2024-06,Cargos Efetivos,Assistente Técnico,B,9,Vencimento,"7670,62",,2025-07-18T20:15:00.978217
2024-06,Cargos Efetivos,Consultor Legislativo e Consultor Técnico Legislativo,A,46,Classe,A,,2025-07-18T20:15:00.978217
2024-06,Cargos Efetivos,Consultor Legislativo e Consultor Técnico Legislativo,A,47,Classe,A,,2025-07-18T20:15:00.978217
2024-06,Cargos Efetivos,Consultor Legislativo e Consultor Técnico Legislativo,A,48,Classe,A,,2025-07-18T20:15:00.978217
2024-06,Cargos Efetivos,Consultor Legislativo e Consultor Técnico Legislativo,A,49,Classe,A,,2025-07-18T20:15:00.978217
2024-06,Cargos Efetivos,Consultor Legislativo e Consultor Técnico Legislativo,A,50,Classe,A,,2025-07-18T20:15:00.978217
2024-06,Cargos Efetivos,Consultor Legislativo e Consultor Técnico Legislativo,A,51,Classe,A,,2025-07-18T20:15:00.978217
2024-06,Cargos Efetivos,Consultor Legislativo e Consultor Técnico Legislativo,B,52,Classe,B,,2025-07-18T20:15:00.978217
2024-06,Cargos Efetivos,Consultor Legislativo e Consultor Técnico Legislativo,B,53,Classe,B,,2025-07-18T20:15:00.978217
2024-06,Cargos Efetivos,Consultor Legislativo e Consultor Técnico Legislativo,B,54,Classe,B,,2025-07-18T20:15:00.978217
2024-06,Cargos Efetivos,Consultor Legislativo e Consultor Técnico Legislativo,B,55,Classe,B,,2025-07-18T20:15:00.978217
2024-06,Cargos Efetivos,Consultor Legislativo e Consultor Técnico Legislativo,B,56,Classe,B,,2025-07-18T20:15:00.978217
2024-06,Cargos Efetivos,Consultor Legislativo e Consultor Técnico Legislativo,B,57,Classe,B,,2025-07-18T20:15:00.978217
2024-06,Cargos Efetivos,Consultor Legislativo e Consultor Técnico Legislativo,C,58,Classe,C,,2025-07-18T20:15:00.978217
2024-06,Cargos Efetivos,Consultor Legislativo e Consultor Técnico Legislativo,C,59,Classe,C,,2025-07-18T20:15:00.978217
2024-06,Cargos Efetivos,Consultor Legislativo e Consultor Técnico Legislativo,C,60,Classe,C,,2025-07-18T20:15:00.978217
2024-06,Cargos Efetivos,Consultor Legislativo e Consultor Técnico Legislativo,C,61,Classe,C,,2025-07-18T20:15:00.978217
2024-06,Cargos Efetivos,Consultor Legislativo e Consultor Técnico Legislativo,C,62,Classe,C,,2025-07-18T20:15:00.978217
2024-06,Cargos Efetivos,Consultor Legislativo e Consultor Técnico Legislativo,C,63,Classe,C,,2025-07-18T20:15:00.978217
2024-06,Cargos Efetivos,Consultor Legislativo e Consultor Técnico Legislativo,ESPECIAL,64-E,Classe,ESPECIAL,,2025-07-18T20:15:00.978217
2024-06,Cargos Efetivos,Consultor Legislativo e Consultor Técnico Legislativo,ESPECIAL,65-E,Classe,ESPECIAL,,2025-07-18T20:15:00.978217
2024-06,Cargos Efetivos,Consultor Legislativo e Consultor Técnico Legislativo,ESPECIAL,66-E,Classe,ESPECIAL,,2025-07-18T20:15:00.978217
2024-06,Cargos Efetivos,Consultor Legislativo e Consultor Técnico Legislativo,ESPECIAL,67-E,Classe,ESPECIAL,,2025-07-18T20:15:00.978217
2024-06,Cargos Efetivos,Consultor Legislativo e Consultor Técnico Legislativo,ESPECIAL,68-E,Classe,ESPECIAL,,2025-07-18T20:15:00.978217
2024-06,Cargos Efetivos,Consultor Legislativo e Consultor Técnico Legislativo,ESPECIAL,69-E,Classe,ESPECIAL,,2025-07-18T20:15:00.978217
2024-06,Cargos Efetivos,Consultor Legislativo e Consultor Técnico Legislativo,A,46,GAL,"617,00",,2025-07-18T20:15:00.978217
2024-06,Cargos Efetivos,Consultor Legislativo e Consultor Técnico Legislativo,A,47,GAL,"632,42",,2025-07-18T20:15:00.978217
2024-06,Cargos Efetivos,Consultor Legislativo e Consultor Técnico Legislativo,A,48,GAL,"648,23",,2025-07-18T20:15:00.978217
2024-06,Cargos Efetivos,Consultor Legislativo e Consultor Técnico Legislativo,A,49,GAL,"664,44",,2025-07-18T20:15:00.978217
2024-06,Cargos Efetivos,Consultor Legislativo e Consultor Técnico Legislativo,A,50,GAL,"681,05",,2025-07-18T20:15:00.978217
2024-06,Cargos Efetivos,Consultor Legislativo e Consultor Técnico Legislativo,A,51,GAL,"698,07",,2025-07-18T20:15:00.978217
2024-06,Cargos Efetivos,Consultor Legislativo e Consultor Técnico Legislativo,B,52,GAL,"726,00",,2025-07-18T20:15:00.978217
2024-06,Cargos Efetivos,Consultor Legislativo e Consultor Técnico Legislativo,B,53,GAL,"744,15",,2025-07-18T20:15:00.978217
2024-06,Cargos Efetivos,Consultor Legislativo e Consultor Técnico Legislativo,B,54,GAL,"762,75",,2025-07-18T20:15:00.978217
2024-06,Cargos Efetivos,Consultor Legislativo e Consultor Técnico Legislativo,B,55,GAL,"781,82",,2025-07-18T20:15:00.978217
2024-06,Cargos Efetivos,Consultor Legislativo e Consultor Técnico Legislativo,B,56,GAL,"801,36",,2025-07-18T20:15:00.978217
2024-06,Cargos Efetivos,Consultor Legislativo e Consultor Técnico Legislativo,B,57,GAL,"821,40",,2025-07-18T20:15:00.978217
2024-06,Cargos Efetivos,Consultor Legislativo e Consultor Técnico Legislativo,C,58,GAL,"854,25",,2025-07-18T20:15:00.978217
2024-06,Cargos Efetivos,Consultor Legislativo e Consultor Técnico Legislativo,C,59,GAL,"875,61",,2025-07-18T20:15:00.978217
2024-06,Cargos Efetivos,Consultor Legislativo e Consultor Técnico Legislativo,C,60,GAL,"897,50",,2025-07-18T20:15:00.978217
2024-06,Cargos Efetivos,Consultor Legislativo e Consultor Técnico Legislativo,C,61,GAL,"919,94",,2025-07-18T20:15:00.978217
2024-06,Cargos Efetivos,Consultor Legislativo e Consultor Técnico Legislativo,C,62,GAL,"942,94",,2025-07-18T20:15:00.978217
2024-06,Cargos Efetivos,Consultor Legislativo e Consultor Técnico Legislativo,C,63,GAL,"966,51",,2025-07-18T20:15:00.978217
2024-06,Cargos Efetivos,Consultor Legislativo e Consultor Técnico Legislativo,ESPECIAL,64-E,GAL,"1005,17",,2025-07-18T20:15:00.978217
2024-06,Cargos Efetivos,Consultor Legislativo e Consultor Técnico Legislativo,ESPECIAL,65-E,GAL,"1030,30",,2025-07-18T20:15:00.978217
2024-06,Cargos Efetivos,Consultor Legislativo e Consultor Técnico Legislativo,ESPECIAL,66-E,GAL,"1056,06",,2025-07-18T20:15:00.978217
2024-06,Cargos Efetivos,Consultor Legislativo e Consultor Técnico Legislativo,ESPECIAL,67-E,GAL,"1082,46",,2025-07-18T20:15:00.978217
2024-06,Cargos Efetivos,Consultor Legislativo e Consultor Técnico Legislativo,ESPECIAL,68-E,GAL,"1109,52",,2025-07-18T20:15:00.978217
2024-06,Cargos Efetivos,Consultor Legislativo e Consultor Técnico Legislativo,ESPECIAL,69-E,GAL,"1137,26",,2025-07-18T20:15:00.978217
2024-06,Cargos Efetivos,Consultor Legislativo e Consultor Técnico Legislativo,A,46,Padrao,46,,2025-07-18T20:15:00.978217
2024-06,Cargos Efetivos,Consultor Legislativo e Consultor Técnico Legislativo,A,47,Padrao,47,,2025-07-18T20:15:00.978217
2024-06,Cargos Efetivos,Consultor Legislativo e Consultor Técnico Legislativo,A,48,Padrao,48,,2025-07-18T20:15:00.978217
2024-06,Cargos Efetivos,Consultor Legislativo e Consultor Técnico Legislativo,A,49,Padrao,49,,2025-07-18T20:15:00.978217
2024-06,Cargos Efetivos,Consultor Legislativo e Consultor Técnico Legislativo,A,50,Padrao,50,,2025-07-18T20:15:00.978217
2024-06,Cargos Efetivos,Consultor Legislativo e Consultor Técnico Legislativo,A,51,Padrao,51,,2025-07-18T20:15:00.978217
2024-06,Cargos Efetivos,Consultor Legislativo e Consultor Técnico Legislativo,B,52,Padrao,52,,2025-07-18T20:15:00.978217
2024-06,Cargos Efetivos,Consultor Legislativo e Consultor Técnico Legislativo,B,53,Padrao,53,,2025-07-18T20:15:00.978217
2024-06,Cargos Efetivos,Consultor Legislativo e Consultor Técnico Legislativo,B,54,Padrao,54,,2025-07-18T20:15:00.978217
2024-06,Cargos Efetivos,Consultor Legislativo e Consultor Técnico Legislativo,B,55,Padrao,55,,2025-07-18T20:15:00.978217
2024-06,Cargos Efetivos,Consultor Legislativo e Consultor Técnico Legislativo,B,56,Padrao,56,,2025-07-18T20:15:00.978217
2024-06,Cargos Efetivos,Consultor Legislativo e Consultor Técnico Legislativo,B,57,Padrao,57,,2025-07-18T20:15:00.978217
2024-06,Cargos Efetivos,Consultor Legislativo e Consultor Técnico Legislativo,C,58,Padrao,58,,2025-07-18T20:15:00.978217
2024-06,Cargos Efetivos,Consultor Legislativo e Consultor Técnico Legislativo,C,59,Padrao,59,,2025-07-18T20:15:00.978217
2024-06,Cargos Efetivos,Consultor Legislativo e Consultor Técnico Legislativo,C,60,Padrao,60,,2025-07-18T20:15:00.978217
2024-06,Cargos Efetivos,Consultor Legislativo e Consultor Técnico Legislativo,C,61,Padrao,61,,2025-07-18T20:15:00.978217
2024-06,Cargos Efetivos,Consultor Legislativo e Consultor Técnico Legislativo,C,62,Padrao,62,,2025-07-18T20:15:00.978217
2024-06,Cargos Efetivos,Consultor Legislativo e Consultor Técnico Legislativo,C,63,Padrao,63,,2025-07-18T20:15:00.978217
2024-06,Cargos Efetivos,Consultor Legislativo e Consultor Técnico Legislativo,ESPECIAL,64-E,Padrao,64-E,,2025-07-18T20:15:00.978217
2024-06,Cargos Efetivos,Consultor Legislativo e Consultor Técnico Legislativo,ESPECIAL,65-E,Padrao,65-E,,2025-07-18T20:15:00.978217
2024-06,Cargos Efetivos,Consultor Legislativo e Consultor Técnico Legislativo,ESPECIAL,66-E,Padrao,66-E,,2025-07-18T20:15:00.978217
2024-06,Cargos Efetivos,Consultor Legislativo e Consultor Técnico Legislativo,ESPECIAL,67-E,Padrao,67-E,,2025-07-18T20:15:00.978217
2024-06,Cargos Efetivos,Consultor Legislativo e Consultor Técnico Legislativo,ESPECIAL,68-E,Padrao,68-E,,2025-07-18T20:15:00.978217
2024-06,Cargos Efetivos,Consultor Legislativo e Consultor Técnico Legislativo,ESPECIAL,69-E,Padrao,69-E,,2025-07-18T20:15:00.978217
2024-06,Cargos Efetivos,Consultor Legislativo e Consultor Técnico Legislativo,A,46,Total,"21183,52",,2025-07-18T20:15:00.978217
2024-06,Cargos Efetivos,Consultor Legislativo e Consultor Técnico Legislativo,A,47,Total,"21713,10",,2025-07-18T20:15:00.978217
2024-06,Cargos Efetivos,Consultor Legislativo e Consultor Técnico Legislativo,A,48,Total,"22255,93",,2025-07-18T20:15:00.978217
2024-06,Cargos Efetivos,Consultor Legislativo e Consultor Técnico Legislativo,A,49,Total,"22812,33",,2025-07-18T20:15:00.978217
2024-06,Cargos Efetivos,Consultor Legislativo e Consultor Técnico Legislativo,A,50,Total,"23382,64",,2025-07-18T20:15:00.978217
2024-06,Cargos Efetivos,Consultor Legislativo e Consultor Técnico Legislativo,A,51,Total,"23967,19",,2025-07-18T20:15:00.978217
2024-06,Cargos Efetivos,Consultor Legislativo e Consultor Técnico Legislativo,B,52,Total,"24925,89",,2025-07-18T20:15:00.978217
2024-06,Cargos Efetivos,Consultor Legislativo e Consultor Técnico Legislativo,B,53,Total,"25549,04",,2025-07-18T20:15:00.978217
2024-06,Cargos Efetivos,Consultor Legislativo e Consultor Técnico Legislativo,B,54,Total,"26187,75",,2025-07-18T20:15:00.978217
2024-06,Cargos Efetivos,Consultor Legislativo e Consultor Técnico Legislativo,B,55,Total,"26842,45",,2025-07-18T20:15:00.978217
2024-06,Cargos Efetivos,Consultor Legislativo e Consultor Técnico Legislativo,B,56,Total,"27513,51",,2025-07-18T20:15:00.978217
2024-06,Cargos Efetivos,Consultor Legislativo e Consultor Técnico Legislativo,B,57,Total,"28201,35",,2025-07-18T20:15:00.978217
2024-06,Cargos Efetivos,Consultor Legislativo e Consultor Técnico Legislativo,C,58,Total,"29329,40",,2025-07-18T20:15:00.978217
2024-06,Cargos Efetivos,Consultor Legislativo e Consultor Técnico Legislativo,C,59,Total,"30062,64",,2025-07-18T20:15:00.978217
2024-06,Cargos Efetivos,Consultor Legislativo e Consultor Técnico Legislativo,C,60,Total,"30814,21",,2025-07-18T20:15:00.978217
2024-06,Cargos Efetivos,Consultor Legislativo e Consultor Técnico Legislativo,C,61,Total,"31584,56",,2025-07-18T20:15:00.978217
2024-06,Cargos Efetivos,Consultor Legislativo e Consultor Técnico Legislativo,C,62,Total,"32374,18",,2025-07-18T20:15:00.978217
2024-06,Cargos Efetivos,Consultor Legislativo e Consultor Técnico Legislativo,C,63,Total,"33183,52",,2025-07-18T20:15:00.978217
2024-06,Cargos Efetivos,Consultor Legislativo e Consultor Técnico Legislativo,ESPECIAL,64-E,Total,"34510,86",,2025-07-18T20:15:00.978217
2024-06,Cargos Efetivos,Consultor Legislativo e Consultor Técnico Legislativo,ESPECIAL,65-E,Total,"35373,63",,2025-07-18T20:15:00.978217
2024-06,Cargos Efetivos,Consultor Legislativo e Consultor Técnico Legislativo,ESPECIAL,66-E,Total,"36257,97",,2025-07-18T20:15:00.978217
2024-06,Cargos Efetivos,Consultor Legislativo e Consultor Técnico Legislativo,ESPECIAL,67-E,Total,"37164,42",,2025-07-18T20:15:00.978217
2024-06,Cargos Efetivos,Consultor Legislativo e Consultor Técnico Legislativo,ESPECIAL,68-E,Total,"38093,52",,2025-07-18T20:15:00.978217
2024-06,Cargos Efetivos,Consultor Legislativo e Consultor Técnico Legislativo,ESPECIAL,69-E,Total,"39045,86",,2025-07-18T20:15:00.978217
2024-06,Cargos Efetivos,Consultor Legislativo e Consultor Técnico Legislativo,A,46,Vencimento,"20566,52",,2025-07-18T20:15:00.978217
2024-06,Cargos Efetivos,Consultor Legislativo e Consultor Técnico Legislativo,A,47,Vencimento,"21080,68",,2025-07-18T20:15:00.978217
2024-06,Cargos Efetivos,Consultor Legislativo e Consultor Técnico Legislativo,A,48,Vencimento,"21607,70",,2025-07-18T20:15:00.978217
2024-06,Cargos Efetivos,Consultor Legislativo e Consultor Técnico Legislativo,A,49,Vencimento,"22147,89",,2025-07-18T20:15:00.978217
2024-06,Cargos Efetivos,Consultor Legislativo e Consultor Técnico Legislativo,A,50,Vencimento,"22701,59",,2025-07-18T20:15:00.978217
2024-06,Cargos Efetivos,Consultor Legislativo e Consultor Técnico Legislativo,A,51,Vencimento,"23269,12",,2025-07-18T20:15:00.978217
2024-06,Cargos Efetivos,Consultor Legislativo e Consultor Técnico Legislativo,B,52,Vencimento,"24199,89",,2025-07-18T20:15:00.978217
2024-06,Cargos Efetivos,Consultor Legislativo e Consultor Técnico Legislativo,B,53,Vencimento,"24804,89",,2025-07-18T20:15:00.978217
2024-06,Cargos Efetivos,Consultor Legislativo e Consultor Técnico Legislativo,B,54,Vencimento,"25425,00",,2025-07-18T20:15:00.978217
2024-06,Cargos Efetivos,Consultor Legislativo e Consultor Técnico Legislativo,B,55,Vencimento,"26060,63",,2025-07-18T20:15:00.978217
2024-06,Cargos Efetivos,Consultor Legislativo e Consultor Técnico Legislativo,B,56,Vencimento,"26712,15",,2025-07-18T20:15:00.978217
2024-06,Cargos Efetivos,Consultor Legislativo e Consultor Técnico Legislativo,B,57,Vencimento,"27379,95",,2025-07-18T20:15:00.978217
2024-06,Cargos Efetivos,Consultor Legislativo e Consultor Técnico Legislativo,C,58,Vencimento,"28475,15",,2025-07-18T20:15:00.978217
2024-06,Cargos Efetivos,Consultor Legislativo e Consultor Técnico Legislativo,C,59,Vencimento,"29187,03",,2025-07-18T20:15:00.978217
2024-06,Cargos Efetivos,Consultor Legislativo e Consultor Técnico Legislativo,C,60,Vencimento,"29916,71",,2025-07-18T20:15:00.978217
2024-06,Cargos Efetivos,Consultor Legislativo e Consultor Técnico Legislativo,C,61,Vencimento,"30664,62",,2025-07-18T20:15:00.978217
2024-06,Cargos Efetivos,Consultor Legislativo e Consultor Técnico Legislativo,C,62,Vencimento,"31431,24",,2025-07-18T20:15:00.978217
2024-06,Cargos Efetivos,Consultor Legislativo e Consultor Técnico Legislativo,C,63,Vencimento,"32217,01",,2025-07-18T20:15:00.978217
2024-06,Cargos Efetivos,Consultor Legislativo e Consultor Técnico Legislativo,ESPECIAL,64-E,Vencimento,"33505,69",,2025-07-18T20:15:00.978217
2024-06,Cargos Efetivos,Consultor Legislativo e Consultor Técnico Legislativo,ESPECIAL,65-E,Vencimento,"34343,33",,2025-07-18T20:15:00.978217
2024-06,Cargos Efetivos,Consultor Legislativo e Consultor Técnico Legislativo,ESPECIAL,66-E,Vencimento,"35201,91",,2025-07-18T20:15:00.978217
2024-06,Cargos Efetivos,Consultor Legislativo e Consultor Técnico Legislativo,ESPECIAL,67-E,Vencimento,"36081,96",,2025-07-18T20:15:00.978217
2024-06,Cargos Efetivos,Consultor Legislativo e Consultor Técnico Legislativo,ESPECIAL,68-E,Vencimento,"36984,00",,2025-07-18T20:15:00.978217
2024-06,Cargos Efetivos,Consultor Legislativo e Consultor Técnico Legislativo,ESPECIAL,69-E,Vencimento,"37908,60",,2025-07-18T20:15:00.978217
2024-06,Cargos Efetivos,Procurador,A,49,Classe,A,,2025-07-18T20:15:00.978217
2024-06,Cargos Efetivos,Procurador,A,50,Classe,A,,2025-07-18T20:15:00.978217
2024-06,Cargos Efetivos,Procurador,A,51,Classe,A,,2025-07-18T20:15:00.978217
2024-06,Cargos Efetivos,Procurador,B,52,Classe,B,,2025-07-18T20:15:00.978217
2024-06,Cargos Efetivos,Procurador,B,53,Classe,B,,2025-07-18T20:15:00.978217
2024-06,Cargos Efetivos,Procurador,B,54,Classe,B,,2025-07-18T20:15:00.978217
2024-06,Cargos Efetivos,Procurador,B,55,Classe,B,,2025-07-18T20:15:00.978217
2024-06,Cargos Efetivos,Procurador,B,56,Classe,B,,2025-07-18T20:15:00.978217
2024-06,Cargos Efetivos,Procurador,B,57,Classe,B,,2025-07-18T20:15:00.978217
2024-06,Cargos Efetivos,Procurador,C,58,Classe,C,,2025-07-18T20:15:00.978217
2024-06,Cargos Efetivos,Procurador,C,59,Classe,C,,2025-07-18T20:15:00.978217
2024-06,Cargos Efetivos,Procurador,C,60,Classe,C,,2025-07-18T20:15:00.978217
2024-06,Cargos Efetivos,Procurador,C,61,Classe,C,,2025-07-18T20:15:00.978217
2024-06,Cargos Efetivos,Procurador,C,62,Classe,C,,2025-07-18T20:15:00.978217
2024-06,Cargos Efetivos,Procurador,C,63,Classe,C,,2025-07-18T20:15:00.978217
2024-06,Cargos Efetivos,Procurador,ESPECIAL,64-E,Classe,ESPECIAL,,2025-07-18T20:15:00.978217
2024-06,Cargos Efetivos,Procurador,ESPECIAL,65-E,Classe,ESPECIAL,,2025-07-18T20:15:00.978217
2024-06,Cargos Efetivos,Procurador,ESPECIAL,66-E,Classe,ESPECIAL,,2025-07-18T20:15:00.978217
2024-06,Cargos Efetivos,Procurador,ESPECIAL,67-E,Classe,ESPECIAL,,2025-07-18T20:15:00.978217
2024-06,Cargos Efetivos,Procurador,ESPECIAL,68-E,Classe,ESPECIAL,,2025-07-18T20:15:00.978217
2024-06,Cargos Efetivos,Procurador,ESPECIAL,69-E,Classe,ESPECIAL,,2025-07-18T20:15:00.978217
2024-06,Cargos Efetivos,Procurador,A,46,Classe,A,,2025-07-18T20:15:00.978217
2024-06,Cargos Efetivos,Procurador,A,47,Classe,A,,2025-07-18T20:15:00.978217
2024-06,Cargos Efetivos,Procurador,A,48,Classe,A,,2025-07-18T20:15:00.978217
2024-06,Cargos Efetivos,Procurador,A,49,GAL,"664,44",,2025-07-18T20:15:00.978217
2024-06,Cargos Efetivos,Procurador,A,50,GAL,"681,05",,2025-07-18T20:15:00.978217
2024-06,Cargos Efetivos,Procurador,A,51,GAL,"698,07",,2025-07-18T20:15:00.978217
2024-06,Cargos Efetivos,Procurador,B,52,GAL,"726,00",,2025-07-18T20:15:00.978217
2024-06,Cargos Efetivos,Procurador,B,53,GAL,"744,15",,2025-07-18T20:15:00.978217
2024-06,Cargos Efetivos,Procurador,B,54,GAL,"762,75",,2025-07-18T20:15:00.978217
2024-06,Cargos Efetivos,Procurador,B,55,GAL,"781,82",,2025-07-18T20:15:00.978217
2024-06,Cargos Efetivos,Procurador,B,56,GAL,"801,36",,2025-07-18T20:15:00.978217
2024-06,Cargos Efetivos,Procurador,B,57,GAL,"821,40",,2025-07-18T20:15:00.978217
2024-06,Cargos Efetivos,Procurador,C,58,GAL,"854,25",,2025-07-18T20:15:00.978217
2024-06,Cargos Efetivos,Procurador,C,59,GAL,"875,61",,2025-07-18T20:15:00.978217
2024-06,Cargos Efetivos,Procurador,C,60,GAL,"897,50",,2025-07-18T20:15:00.978217
2024-06,Cargos Efetivos,Procurador,C,61,GAL,"919,94",,2025-07-18T20:15:00.978217
2024-06,Cargos Efetivos,Procurador,C,62,GAL,"942,94",,2025-07-18T20:15:00.978217
2024-06,Cargos Efetivos,Procurador,C,63,GAL,"966,51",,2025-07-18T20:15:00.978217
2024-06,Cargos Efetivos,Procurador,ESPECIAL,64-E,GAL,"1005,17",,2025-07-18T20:15:00.978217
2024-06,Cargos Efetivos,Procurador,ESPECIAL,65-E,GAL,"1030,30",,2025-07-18T20:15:00.978217
2024-06,Cargos Efetivos,Procurador,ESPECIAL,66-E,GAL,"1056,06",,2025-07-18T20:15:00.978217
2024-06,Cargos Efetivos,Procurador,ESPECIAL,67-E,GAL,"1082,46",,2025-07-18T20:15:00.978217
2024-06,Cargos Efetivos,Procurador,ESPECIAL,68-E,GAL,"1109,52",,2025-07-18T20:15:00.978217
2024-06,Cargos Efetivos,Procurador,ESPECIAL,69-E,GAL,"1137,26",,2025-07-18T20:15:00.978217
2024-06,Cargos Efetivos,Procurador,A,46,GAL,"617,00",,2025-07-18T20:15:00.978217
2024-06,Cargos Efetivos,Procurador,A,47,GAL,"632,42",,2025-07-18T20:15:00.978217
2024-06,Cargos Efetivos,Procurador,A,48,GAL,"648,23",,2025-07-18T20:15:00.978217
2024-06,Cargos Efetivos,Procurador,A,49,Padrao,49,,2025-07-18T20:15:00.978217
2024-06,Cargos Efetivos,Procurador,A,50,Padrao,50,,2025-07-18T20:15:00.978217
2024-06,Cargos Efetivos,Procurador,A,51,Padrao,51,,2025-07-18T20:15:00.978217
2024-06,Cargos Efetivos,Procurador,B,52,Padrao,52,,2025-07-18T20:15:00.978217
2024-06,Cargos Efetivos,Procurador,B,53,Padrao,53,,2025-07-18T20:15:00.978217
2024-06,Cargos Efetivos,Procurador,B,54,Padrao,54,,2025-07-18T20:15:00.978217
2024-06,Cargos Efetivos,Procurador,B,55,Padrao,55,,2025-07-18T20:15:00.978217
2024-06,Cargos Efetivos,Procurador,B,56,Padrao,56,,2025-07-18T20:15:00.978217
2024-06,Cargos Efetivos,Procurador,B,57,Padrao,57,,2025-07-18T20:15:00.978217
2024-06,Cargos Efetivos,Procurador,C,58,Padrao,58,,2025-07-18T20:15:00.978217
2024-06,Cargos Efetivos,Procurador,C,59,Padrao,59,,2025-07-18T20:15:00.978217
2024-06,Cargos Efetivos,Procurador,C,60,Padrao,60,,2025-07-18T20:15:00.978217
2024-06,Cargos Efetivos,Procurador,C,61,Padrao,61,,2025-07-18T20:15:00.978217
2024-06,Cargos Efetivos,Procurador,C,62,Padrao,62,,2025-07-18T20:15:00.978217
2024-06,Cargos Efetivos,Procurador,C,63,Padrao,63,,2025-07-18T20:15:00.978217
2024-06,Cargos Efetivos,Procurador,ESPECIAL,64-E,Padrao,64-E,,2025-07-18T20:15:00.978217
2024-06,Cargos Efetivos,Procurador,ESPECIAL,65-E,Padrao,65-E,,2025-07-18T20:15:00.978217
2024-06,Cargos Efetivos,Procurador,ESPECIAL,66-E,Padrao,66-E,,2025-07-18T20:15:00.978217
2024-06,Cargos Efetivos,Procurador,ESPECIAL,67-E,Padrao,67-E,,2025-07-18T20:15:00.978217
2024-06,Cargos Efetivos,Procurador,ESPECIAL,68-E,Padrao,68-E,,2025-07-18T20:15:00.978217
2024-06,Cargos Efetivos,Procurador,ESPECIAL,69-E,Padrao,69-E,,2025-07-18T20:15:00.978217
2024-06,Cargos Efetivos,Procurador,A,46,Padrao,46,,2025-07-18T20:15:00.978217
2024-06,Cargos Efetivos,Procurador,A,47,Padrao,47,,2025-07-18T20:15:00.978217
2024-06,Cargos Efetivos,Procurador,A,48,Padrao,48,,2025-07-18T20:15:00.978217
2024-06,Cargos Efetivos,Procurador,A,49,Total,"22812,33",,2025-07-18T20:15:00.978217
2024-06,Cargos Efetivos,Procurador,A,50,Total,"23382,64",,2025-07-18T20:15:00.978217
2024-06,Cargos Efetivos,Procurador,A,51,Total,"23967,19",,2025-07-18T20:15:00.978217
2024-06,Cargos Efetivos,Procurador,B,52,Total,"24925,89",,2025-07-18T20:15:00.978217
2024-06,Cargos Efetivos,Procurador,B,53,Total,"25549,04",,2025-07-18T20:15:00.978217
2024-06,Cargos Efetivos,Procurador,B,54,Total,"26187,75",,2025-07-18T20:15:00.978217
2024-06,Cargos Efetivos,Procurador,B,55,Total,"26842,45",,2025-07-18T20:15:00.978217
2024-06,Cargos Efetivos,Procurador,B,56,Total,"27513,51",,2025-07-18T20:15:00.978217
2024-06,Cargos Efetivos,Procurador,B,57,Total,"28201,35",,2025-07-18T20:15:00.978217
2024-06,Cargos Efetivos,Procurador,C,58,Total,"29329,40",,2025-07-18T20:15:00.978217
2024-06,Cargos Efetivos,Procurador,C,59,Total,"30062,64",,2025-07-18T20:15:00.978217
2024-06,Cargos Efetivos,Procurador,C,60,Total,"30814,21",,2025-07-18T20:15:00.978217
2024-06,Cargos Efetivos,Procurador,C,61,Total,"31584,56",,2025-07-18T20:15:00.978217
2024-06,Cargos Efetivos,Procurador,C,62,Total,"32374,18",,2025-07-18T20:15:00.978217
2024-06,Cargos Efetivos,Procurador,C,63,Total,"33183,52",,2025-07-18T20:15:00.978217
2024-06,Cargos Efetivos,Procurador,ESPECIAL,64-E,Total,"34510,86",,2025-07-18T20:15:00.978217
2024-06,Cargos Efetivos,Procurador,ESPECIAL,65-E,Total,"35373,63",,2025-07-18T20:15:00.978217
2024-06,Cargos Efetivos,Procurador,ESPECIAL,66-E,Total,"36257,97",,2025-07-18T20:15:00.978217
2024-06,Cargos Efetivos,Procurador,ESPECIAL,67-E,Total,"37164,42",,2025-07-18T20:15:00.978217
2024-06,Cargos Efetivos,Procurador,ESPECIAL,68-E,Total,"38093,52",,2025-07-18T20:15:00.978217
2024-06,Cargos Efetivos,Procurador,ESPECIAL,69-E,Total,"39045,86",,2025-07-18T20:15:00.978217
2024-06,Cargos Efetivos,Procurador,A,46,Total,"21183,52",,2025-07-18T20:15:00.978217
2024-06,Cargos Efetivos,Procurador,A,47,Total,"21713,10",,2025-07-18T20:15:00.978217
2024-06,Cargos Efetivos,Procurador,A,48,Total,"22255,93",,2025-07-18T20:15:00.978217
2024-06,Cargos Efetivos,Procurador,A,49,Vencimento,"22147,89",,2025-07-18T20:15:00.978217
2024-06,Cargos Efetivos,Procurador,A,50,Vencimento,"22701,59",,2025-07-18T20:15:00.978217
2024-06,Cargos Efetivos,Procurador,A,51,Vencimento,"23269,12",,2025-07-18T20:15:00.978217
2024-06,Cargos Efetivos,Procurador,B,52,Vencimento,"24199,89",,2025-07-18T20:15:00.978217
2024-06,Cargos Efetivos,Procurador,B,53,Vencimento,"24804,89",,2025-07-18T20:15:00.978217
2024-06,Cargos Efetivos,Procurador,B,54,Vencimento,"25425,00",,2025-07-18T20:15:00.978217
2024-06,Cargos Efetivos,Procurador,B,55,Vencimento,"26060,63",,2025-07-18T20:15:00.978217
2024-06,Cargos Efetivos,Procurador,B,56,Vencimento,"26712,15",,2025-07-18T20:15:00.978217
2024-06,Cargos Efetivos,Procurador,B,57,Vencimento,"27379,95",,2025-07-18T20:15:00.978217
2024-06,Cargos Efetivos,Procurador,C,58,Vencimento,"28475,15",,2025-07-18T20:15:00.978217
2024-06,Cargos Efetivos,Procurador,C,59,Vencimento,"29187,03",,2025-07-18T20:15:00.978217
2024-06,Cargos Efetivos,Procurador,C,60,Vencimento,"29916,71",,2025-07-18T20:15:00.978217
2024-06,Cargos Efetivos,Procurador,C,61,Vencimento,"30664,62",,2025-07-18T20:15:00.978217
2024-06,Cargos Efetivos,Procurador,C,62,Vencimento,"31431,24",,2025-07-18T20:15:00.978217
2024-06,Cargos Efetivos,Procurador,C,63,Vencimento,"32217,01",,2025-07-18T20:15:00.978217
2024-06,Cargos Efetivos,Procurador,ESPECIAL,64-E,Vencimento,"33505,69",,2025-07-18T20:15:00.978217
2024-06,Cargos Efetivos,Procurador,ESPECIAL,65-E,Vencimento,"34343,33",,2025-07-18T20:15:00.978217
2024-06,Cargos Efetivos,Procurador,ESPECIAL,66-E,Vencimento,"35201,91",,2025-07-18T20:15:00.978217
2024-06,Cargos Efetivos,Procurador,ESPECIAL,67-E,Vencimento,"36081,96",,2025-07-18T20:15:00.978217
2024-06,Cargos Efetivos,Procurador,ESPECIAL,68-E,Vencimento,"36984,00",,2025-07-18T20:15:00.978217
2024-06,Cargos Efetivos,Procurador,ESPECIAL,69-E,Vencimento,"37908,60",,2025-07-18T20:15:00.978217
2024-06,Cargos Efetivos,Procurador,A,46,Vencimento,"20566,52",,2025-07-18T20:15:00.978217
2024-06,Cargos Efetivos,Procurador,A,47,Vencimento,"21080,68",,2025-07-18T20:15:00.978217
2024-06,Cargos Efetivos,Procurador,A,48,Vencimento,"21607,70",,2025-07-18T20:15:00.978217
2024-06,Cargos Efetivos,Técnico Administrativo,A,16,Classe,A,,2025-07-18T20:15:00.978217
2024-06,Cargos Efetivos,Técnico Administrativo,A,17,Classe,A,,2025-07-18T20:15:00.978217
2024-06,Cargos Efetivos,Técnico Administrativo,A,18,Classe,A,,2025-07-18T20:15:00.978217
2024-06,Cargos Efetivos,Técnico Administrativo,A,19,Classe,A,,2025-07-18T20:15:00.978217
2024-06,Cargos Efetivos,Técnico Administrativo,A,20,Classe,A,,2025-07-18T20:15:00.978217
2024-06,Cargos Efetivos,Técnico Administrativo,A,21,Classe,A,,2025-07-18T20:15:00.978217
2024-06,Cargos Efetivos,Técnico Administrativo,B,22,Classe,B,,2025-07-18T20:15:00.978217
2024-06,Cargos Efetivos,Técnico Administrativo,B,23,Classe,B,,2025-07-18T20:15:00.978217
2024-06,Cargos Efetivos,Técnico Administrativo,B,24,Classe,B,,2025-07-18T20:15:00.978217
2024-06,Cargos Efetivos,Técnico Administrativo,B,25,Classe,B,,2025-07-18T20:15:00.978217
2024-06,Cargos Efetivos,Técnico Administrativo,B,26,Classe,B,,2025-07-18T20:15:00.978217
2024-06,Cargos Efetivos,Técnico Administrativo,B,27,Classe,B,,2025-07-18T20:15:00.978217
2024-06,Cargos Efetivos,Técnico Administrativo,C,28,Classe,C,,2025-07-18T20:15:00.978217
2024-06,Cargos Efetivos,Técnico Administrativo,C,29,Classe,C,,2025-07-18T20:15:00.978217
2024-06,Cargos Efetivos,Técnico Administrativo,C,30,Classe,C,,2025-07-18T20:15:00.978217
2024-06,Cargos Efetivos,Técnico Administrativo,C,31,Classe,C,,2025-07-18T20:15:00.978217
2024-06,Cargos Efetivos,Técnico Administrativo,C,32,Classe,C,,2025-07-18T20:15:00.978217
2024-06,Cargos Efetivos,Técnico Administrativo,C,33,Classe,C,,2025-07-18T20:15:00.978217
2024-06,Cargos Efetivos,Técnico Administrativo,ESPECIAL,34-E,Classe,ESPECIAL,,2025-07-18T20:15:00.978217
2024-06,Cargos Efetivos,Técnico Administrativo,ESPECIAL,35-E,Classe,ESPECIAL,,2025-07-18T20:15:00.978217
2024-06,Cargos Efetivos,Técnico Administrativo,ESPECIAL,36-E,Classe,ESPECIAL,,2025-07-18T20:15:00.978217
2024-06,Cargos Efetivos,Técnico Administrativo,ESPECIAL,37-E,Classe,ESPECIAL,,2025-07-18T20:15:00.978217
2024-06,Cargos Efetivos,Técnico Administrativo,ESPECIAL,38-E,Classe,ESPECIAL,,2025-07-18T20:15:00.978217
2024-06,Cargos Efetivos,Técnico Administrativo,ESPECIAL,39-E,Classe,ESPECIAL,,2025-07-18T20:15:00.978217
2024-06,Cargos Efetivos,Técnico Administrativo,A,16,GAL,"277,54",,2025-07-18T20:15:00.978217
2024-06,Cargos Efetivos,Técnico Administrativo,A,17,GAL,"284,48",,2025-07-18T20:15:00.978217
2024-06,Cargos Efetivos,Técnico Administrativo,A,18,GAL,"291,59",,2025-07-18T20:15:00.978217
2024-06,Cargos Efetivos,Técnico Administrativo,A,19,GAL,"298,88",,2025-07-18T20:15:00.978217
2024-06,Cargos Efetivos,Técnico Administrativo,A,20,GAL,"306,35",,2025-07-18T20:15:00.978217
2024-06,Cargos Efetivos,Técnico Administrativo,A,21,GAL,"314,01",,2025-07-18T20:15:00.978217
2024-06,Cargos Efetivos,Técnico Administrativo,B,22,GAL,"326,57",,2025-07-18T20:15:00.978217
2024-06,Cargos Efetivos,Técnico Administrativo,B,23,GAL,"334,74",,2025-07-18T20:15:00.978217
2024-06,Cargos Efetivos,Técnico Administrativo,B,24,GAL,"343,11",,2025-07-18T20:15:00.978217
2024-06,Cargos Efetivos,Técnico Administrativo,B,25,GAL,"351,68",,2025-07-18T20:15:00.978217
2024-06,Cargos Efetivos,Técnico Administrativo,B,26,GAL,"360,48",,2025-07-18T20:15:00.978217
2024-06,Cargos Efetivos,Técnico Administrativo,B,27,GAL,"369,49",,2025-07-18T20:15:00.978217
2024-06,Cargos Efetivos,Técnico Administrativo,C,28,GAL,"384,27",,2025-07-18T20:15:00.978217
2024-06,Cargos Efetivos,Técnico Administrativo,C,29,GAL,"393,87",,2025-07-18T20:15:00.978217
2024-06,Cargos Efetivos,Técnico Administrativo,C,30,GAL,"403,72",,2025-07-18T20:15:00.978217
2024-06,Cargos Efetivos,Técnico Administrativo,C,31,GAL,"413,81",,2025-07-18T20:15:00.978217
2024-06,Cargos Efetivos,Técnico Administrativo,C,32,GAL,"424,16",,2025-07-18T20:15:00.978217
2024-06,Cargos Efetivos,Técnico Administrativo,C,33,GAL,"434,76",,2025-07-18T20:15:00.978217
2024-06,Cargos Efetivos,Técnico Administrativo,ESPECIAL,34-E,GAL,"452,15",,2025-07-18T20:15:00.978217
2024-06,Cargos Efetivos,Técnico Administrativo,ESPECIAL,35-E,GAL,"463,46",,2025-07-18T20:15:00.978217
2024-06,Cargos Efetivos,Técnico Administrativo,ESPECIAL,36-E,GAL,"475,04",,2025-07-18T20:15:00.978217
2024-06,Cargos Efetivos,Técnico Administrativo,ESPECIAL,37-E,GAL,"486,92",,2025-07-18T20:15:00.978217
2024-06,Cargos Efetivos,Técnico Administrativo,ESPECIAL,38-E,GAL,"499,09",,2025-07-18T20:15:00.978217
2024-06,Cargos Efetivos,Técnico Administrativo,ESPECIAL,39-E,GAL,"511,57",,2025-07-18T20:15:00.978217
2024-06,Cargos Efetivos,Técnico Administrativo,A,16,Padrao,16,,2025-07-18T20:15:00.978217
2024-06,Cargos Efetivos,Técnico Administrativo,A,17,Padrao,17,,2025-07-18T20:15:00.978217
2024-06,Cargos Efetivos,Técnico Administrativo,A,18,Padrao,18,,2025-07-18T20:15:00.978217
2024-06,Cargos Efetivos,Técnico Administrativo,A,19,Padrao,19,,2025-07-18T20:15:00.978217
2024-06,Cargos Efetivos,Técnico Administrativo,A,20,Padrao,20,,2025-07-18T20:15:00.978217
2024-06,Cargos Efetivos,Técnico Administrativo,A,21,Padrao,21,,2025-07-18T20:15:00.978217
2024-06,Cargos Efetivos,Técnico Administrativo,B,22,Padrao,22,,2025-07-18T20:15:00.978217
2024-06,Cargos Efetivos,Técnico Administrativo,B,23,Padrao,23,,2025-07-18T20:15:00.978217
2024-06,Cargos Efetivos,Técnico Administrativo,B,24,Padrao,24,,2025-07-18T20:15:00.978217
2024-06,Cargos Efetivos,Técnico Administrativo,B,25,Padrao,25,,2025-07-18T20:15:00.978217
2024-06,Cargos Efetivos,Técnico Administrativo,B,26,Padrao,26,,2025-07-18T20:15:00.978217
2024-06,Cargos Efetivos,Técnico Administrativo,B,27,Padrao,27,,2025-07-18T20:15:00.978217
2024-06,Cargos Efetivos,Técnico Administrativo,C,28,Padrao,28,,2025-07-18T20:15:00.978217
2024-06,Cargos Efetivos,Técnico Administrativo,C,29,Padrao,29,,2025-07-18T20:15:00.978217
2024-06,Cargos Efetivos,Técnico Administrativo,C,30,Padrao,30,,2025-07-18T20:15:00.978217
2024-06,Cargos Efetivos,Técnico Administrativo,C,31,Padrao,31,,2025-07-18T20:15:00.978217
2024-06,Cargos Efetivos,Técnico Administrativo,C,32,Padrao,32,,2025-07-18T20:15:00.978217
2024-06,Cargos Efetivos,Técnico Administrativo,C,33,Padrao,33,,2025-07-18T20:15:00.978217
2024-06,Cargos Efetivos,Técnico Administrativo,ESPECIAL,34-E,Padrao,34-E,,2025-07-18T20:15:00.978217
2024-06,Cargos Efetivos,Técnico Administrativo,ESPECIAL,35-E,Padrao,35-E,,2025-07-18T20:15:00.978217
2024-06,Cargos Efetivos,Técnico Administrativo,ESPECIAL,36-E,Padrao,36-E,,2025-07-18T20:15:00.978217
2024-06,Cargos Efetivos,Técnico Administrativo,ESPECIAL,37-E,Padrao,37-E,,2025-07-18T20:15:00.978217
2024-06,Cargos Efetivos,Técnico Administrativo,ESPECIAL,38-E,Padrao,38-E,,2025-07-18T20:15:00.978217
2024-06,Cargos Efetivos,Técnico Administrativo,ESPECIAL,39-E,Padrao,39-E,,2025-07-18T20:15:00.978217
2024-06,Cargos Efetivos,Técnico Administrativo,A,16,Total,"9528,92",,2025-07-18T20:15:00.978217
2024-06,Cargos Efetivos,Técnico Administrativo,A,17,Total,"9767,15",,2025-07-18T20:15:00.978217
2024-06,Cargos Efetivos,Técnico Administrativo,A,18,Total,"10011,32",,2025-07-18T20:15:00.978217
2024-06,Cargos Efetivos,Técnico Administrativo,A,19,Total,"10261,61",,2025-07-18T20:15:00.978217
2024-06,Cargos Efetivos,Técnico Administrativo,A,20,Total,"10518,15",,2025-07-18T20:15:00.978217
2024-06,Cargos Efetivos,Técnico Administrativo,A,21,Total,"10781,10",,2025-07-18T20:15:00.978217
2024-06,Cargos Efetivos,Técnico Administrativo,B,22,Total,"11212,35",,2025-07-18T20:15:00.978217
2024-06,Cargos Efetivos,Técnico Administrativo,B,23,Total,"11492,67",,2025-07-18T20:15:00.978217
2024-06,Cargos Efetivos,Técnico Administrativo,B,24,Total,"11779,99",,2025-07-18T20:15:00.978217
2024-06,Cargos Efetivos,Técnico Administrativo,B,25,Total,"12074,49",,2025-07-18T20:15:00.978217
2024-06,Cargos Efetivos,Técnico Administrativo,B,26,Total,"12376,35",,2025-07-18T20:15:00.978217
2024-06,Cargos Efetivos,Técnico Administrativo,B,27,Total,"12685,76",,2025-07-18T20:15:00.978217
2024-06,Cargos Efetivos,Técnico Administrativo,C,28,Total,"13193,19",,2025-07-18T20:15:00.978217
2024-06,Cargos Efetivos,Técnico Administrativo,C,29,Total,"13523,01",,2025-07-18T20:15:00.978217
2024-06,Cargos Efetivos,Técnico Administrativo,C,30,Total,"13861,09",,2025-07-18T20:15:00.978217
2024-06,Cargos Efetivos,Técnico Administrativo,C,31,Total,"14207,61",,2025-07-18T20:15:00.978217
2024-06,Cargos Efetivos,Técnico Administrativo,C,32,Total,"14562,80",,2025-07-18T20:15:00.978217
2024-06,Cargos Efetivos,Técnico Administrativo,C,33,Total,"14926,86",,2025-07-18T20:15:00.978217
2024-06,Cargos Efetivos,Técnico Administrativo,ESPECIAL,34-E,Total,"15523,93",,2025-07-18T20:15:00.978217
2024-06,Cargos Efetivos,Técnico Administrativo,ESPECIAL,35-E,Total,"15912,04",,2025-07-18T20:15:00.978217
2024-06,Cargos Efetivos,Técnico Administrativo,ESPECIAL,36-E,Total,"16309,83",,2025-07-18T20:15:00.978217
2024-06,Cargos Efetivos,Técnico Administrativo,ESPECIAL,37-E,Total,"16717,58",,2025-07-18T20:15:00.978217
2024-06,Cargos Efetivos,Técnico Administrativo,ESPECIAL,38-E,Total,"17135,51",,2025-07-18T20:15:00.978217
2024-06,Cargos Efetivos,Técnico Administrativo,ESPECIAL,39-E,Total,"17563,91",,2025-07-18T20:15:00.978217
2024-06,Cargos Efetivos,Técnico Administrativo,A,16,Vencimento,"9251,38",,2025-07-18T20:15:00.978217
2024-06,Cargos Efetivos,Técnico Administrativo,A,17,Vencimento,"9482,67",,2025-07-18T20:15:00.978217
2024-06,Cargos Efetivos,Técnico Administrativo,A,18,Vencimento,"9719,73",,2025-07-18T20:15:00.978217
2024-06,Cargos Efetivos,Técnico Administrativo,A,19,Vencimento,"9962,73",,2025-07-18T20:15:00.978217
2024-06,Cargos Efetivos,Técnico Administrativo,A,20,Vencimento,"10211,80",,2025-07-18T20:15:00.978217
2024-06,Cargos Efetivos,Técnico Administrativo,A,21,Vencimento,"10467,09",,2025-07-18T20:15:00.978217
2024-06,Cargos Efetivos,Técnico Administrativo,B,22,Vencimento,"10885,78",,2025-07-18T20:15:00.978217
2024-06,Cargos Efetivos,Técnico Administrativo,B,23,Vencimento,"11157,93",,2025-07-18T20:15:00.978217
2024-06,Cargos Efetivos,Técnico Administrativo,B,24,Vencimento,"11436,88",,2025-07-18T20:15:00.978217
2024-06,Cargos Efetivos,Técnico Administrativo,B,25,Vencimento,"11722,81",,2025-07-18T20:15:00.978217
2024-06,Cargos Efetivos,Técnico Administrativo,B,26,Vencimento,"12015,87",,2025-07-18T20:15:00.978217
2024-06,Cargos Efetivos,Técnico Administrativo,B,27,Vencimento,"12316,27",,2025-07-18T20:15:00.978217
2024-06,Cargos Efetivos,Técnico Administrativo,C,28,Vencimento,"12808,92",,2025-07-18T20:15:00.978217
2024-06,Cargos Efetivos,Técnico Administrativo,C,29,Vencimento,"13129,14",,2025-07-18T20:15:00.978217
2024-06,Cargos Efetivos,Técnico Administrativo,C,30,Vencimento,"13457,37",,2025-07-18T20:15:00.978217
2024-06,Cargos Efetivos,Técnico Administrativo,C,31,Vencimento,"13793,80",,2025-07-18T20:15:00.978217
2024-06,Cargos Efetivos,Técnico Administrativo,C,32,Vencimento,"14138,64",,2025-07-18T20:15:00.978217
2024-06,Cargos Efetivos,Técnico Administrativo,C,33,Vencimento,"14492,10",,2025-07-18T20:15:00.978217
2024-06,Cargos Efetivos,Técnico Administrativo,ESPECIAL,34-E,Vencimento,"15071,78",,2025-07-18T20:15:00.978217
2024-06,Cargos Efetivos,Técnico Administrativo,ESPECIAL,35-E,Vencimento,"15448,58",,2025-07-18T20:15:00.978217
2024-06,Cargos Efetivos,Técnico Administrativo,ESPECIAL,36-E,Vencimento,"15834,79",,2025-07-18T20:15:00.978217
2024-06,Cargos Efetivos,Técnico Administrativo,ESPECIAL,37-E,Vencimento,"16230,66",,2025-07-18T20:15:00.978217
2024-06,Cargos Efetivos,Técnico Administrativo,ESPECIAL,38-E,Vencimento,"16636,42",,2025-07-18T20:15:00.978217
2024-06,Cargos Efetivos,Técnico Administrativo,ESPECIAL,39-E,Vencimento,"17052,34",,2025-07-18T20:15:00.978217
2024-06,Subsídio e benefícios,Auxílio Alimentação,,,Fonte Legal,Ato da Mesa Diretora nº 13/2024 – DCL de 9/2/2024,Ato da Mesa Diretora nº 13/2024 – DCL de 9/2/2024,2025-07-18T20:20:52.594153
2024-06,Subsídio e benefícios,Auxílio Alimentação,,,Valor,"1683,88",Ato da Mesa Diretora nº 13/2024 – DCL de 9/2/2024,2025-07-18T20:20:52.594153
2024-06,Subsídio e benefícios,Auxílio Natalidade,,,Fonte Legal,Lei Complementar nº 840/2011,Lei Complementar nº 840/2011,2025-07-18T20:20:52.594153
2024-06,Subsídio e benefícios,Auxílio Natalidade,,,Valor,"1412,00",Lei Complementar nº 840/2011,2025-07-18T20:20:52.594153
2024-06,Subsídio e benefícios,Auxílio Pré-escolar,,,Fonte Legal,Ato da Mesa Diretora nº 13/2024 – DCL de 9/2/2024,Ato da Mesa Diretora nº 13/2024 – DCL de 9/2/2024,2025-07-18T20:20:52.594153
2024-06,Subsídio e benefícios,Auxílio Pré-escolar,,,Valor,"1071,04",Ato da Mesa Diretora nº 13/2024 – DCL de 9/2/2024,2025-07-18T20:20:52.594153
2024-06,Subsídio e benefícios,Subsídio de Deputado,,,Fonte Legal,Decreto Legislativo nº 2.382/2022,Decreto Legislativo nº 2.382/2022,2025-07-18T20:20:52.594153
2024-06,Subsídio e benefícios,Subsídio de Deputado,,,Valor,"33006,39",Decreto Legislativo nº 2.382/2022,2025-07-18T20:20:52.594153
2024-06,Subsídio e benefícios,Verba Indenizatória,,,Fonte Legal,Decreto Legislativo nº 996/2002,Decreto Legislativo nº 996/2002,2025-07-18T20:20:52.594153
2024-06,Subsídio e benefícios,Verba Indenizatória,,,Valor,"19803,83",Decreto Legislativo nº 996/2002,2025-07-18T20:20:52.594153
2025-02,Subsídio e benefícios,Auxílio Alimentação,,,Fonte Legal,Ato da Mesa Diretora nº 2/2025 –,Ato da Mesa Diretora nº 2/2025 –,2025-07-18T19:36:47.557432
2025-02,Subsídio e benefícios,Auxílio Alimentação,,,Valor,"1764,20",Ato da Mesa Diretora nº 2/2025 –,2025-07-18T19:36:47.557432
2025-02,Subsídio e benefícios,Auxílio Natalidade,,,Fonte Legal,DCL de 24/1/2025,DCL de 24/1/2025,2025-07-18T19:36:47.557432
2025-02,Subsídio e benefícios,Auxílio Natalidade,,,Valor,"1518,00",DCL de 24/1/2025,2025-07-18T19:36:47.557432
2025-02,Subsídio e benefícios,Auxílio Pré-escolar,,,Fonte Legal,Ato da Mesa Diretora nº 2/2025 –,Ato da Mesa Diretora nº 2/2025 –,2025-07-18T19:36:47.557432
2025-02,Subsídio e benefícios,Auxílio Pré-escolar,,,Valor,"1122,13",Ato da Mesa Diretora nº 2/2025 –,2025-07-18T19:36:47.557432
2025-02,Subsídio e benefícios,Subsídio de Deputado,,,Fonte Legal,Decreto Legislativo nº 2.382/2022,Decreto Legislativo nº 2.382/2022,2025-07-18T19:36:47.557432
2025-02,Subsídio e benefícios,Subsídio de Deputado,,,Valor,"34774,64",Decreto Legislativo nº 2.382/2022,2025-07-18T19:36:47.557432
2025-02,Subsídio e benefícios,Verba Indenizatória,,,Fonte Legal,Decreto Legislativo nº 996/2002,Decreto Legislativo nº 996/2002,2025-07-18T19:36:47.557432
2025-02,Subsídio e benefícios,Verba Indenizatória,,,Valor,"20864,78",Decreto Legislativo nº 996/2002,2025-07-18T19:36:47.557432
2025-03,Cargos Comissionados,CL-01,,,55% do Vencimento,"1.681,67",,2025-07-18T19:41:43.957918
2025-03,Cargos Comissionados,CL-01,,,Remuneração Integral,"4.892,13",,2025-07-18T19:41:43.957918
2025-03,Cargos Comissionados,CL-01,,,Remuneração com Efetivo,"3.516,22",,2025-07-18T19:41:43.957918
2025-03,Cargos Comissionados,CL-01,,,Representação,"1.834,55",,2025-07-18T19:41:43.957918
2025-03,Cargos Comissionados,CL-01,,,Vencimento,"3.057,58",,2025-07-18T19:41:43.957918
2025-03,Cargos Comissionados,CL-02,,,55% do Vencimento,"1.868,52",,2025-07-18T19:41:43.957918
2025-03,Cargos Comissionados,CL-02,,,Remuneração Integral,"5.435,70",,2025-07-18T19:41:43.957918
2025-03,Cargos Comissionados,CL-02,,,Remuneração com Efetivo,"3.906,91",,2025-07-18T19:41:43.957918
2025-03,Cargos Comissionados,CL-02,,,Representação,"2.038,39",,2025-07-18T19:41:43.957918
2025-03,Cargos Comissionados,CL-02,,,Vencimento,"3.397,31",,2025-07-18T19:41:43.957918
2025-03,Cargos Comissionados,CL-03,,,55% do Vencimento,"2.076,13",,2025-07-18T19:41:43.957918
2025-03,Cargos Comissionados,CL-03,,,Remuneração Integral,"6.039,65",,2025-07-18T19:41:43.957918
2025-03,Cargos Comissionados,CL-03,,,Remuneração com Efetivo,"4.341,00",,2025-07-18T19:41:43.957918
2025-03,Cargos Comissionados,CL-03,,,Representação,"2.264,87",,2025-07-18T19:41:43.957918
2025-03,Cargos Comissionados,CL-03,,,Vencimento,"3.774,78",,2025-07-18T19:41:43.957918
2025-03,Cargos Comissionados,CL-04,,,55% do Vencimento,"2.306,82",,2025-07-18T19:41:43.957918
2025-03,Cargos Comissionados,CL-04,,,Remuneração Integral,"6.710,73",,2025-07-18T19:41:43.957918
2025-03,Cargos Comissionados,CL-04,,,Remuneração com Efetivo,"4.823,34",,2025-07-18T19:41:43.957918
2025-03,Cargos Comissionados,CL-04,,,Representação,"2.516,52",,2025-07-18T19:41:43.957918
2025-03,Cargos Comissionados,CL-04,,,Vencimento,"4.194,21",,2025-07-18T19:41:43.957918
2025-03,Cargos Comissionados,CL-05,,,55% do Vencimento,"2.563,14",,2025-07-18T19:41:43.957918
2025-03,Cargos Comissionados,CL-05,,,Remuneração Integral,"7.456,40",,2025-07-18T19:41:43.957918
2025-03,Cargos Comissionados,CL-05,,,Remuneração com Efetivo,"5.359,29",,2025-07-18T19:41:43.957918
2025-03,Cargos Comissionados,CL-05,,,Representação,"2.796,15",,2025-07-18T19:41:43.957918
2025-03,Cargos Comissionados,CL-05,,,Vencimento,"4.660,25",,2025-07-18T19:41:43.957918
2025-03,Cargos Comissionados,CL-06,,,55% do Vencimento,"2.847,93",,2025-07-18T19:41:43.957918
2025-03,Cargos Comissionados,CL-06,,,Remuneração Integral,"8.284,88",,2025-07-18T19:41:43.957918
2025-03,Cargos Comissionados,CL-06,,,Remuneração com Efetivo,"5.954,76",,2025-07-18T19:41:43.957918
2025-03,Cargos Comissionados,CL-06,,,Representação,"3.106,83",,2025-07-18T19:41:43.957918
2025-03,Cargos Comissionados,CL-06,,,Vencimento,"5.178,05",,2025-07-18T19:41:43.957918
2025-03,Cargos Comissionados,CL-07,,,55% do Vencimento,"3.164,38",,2025-07-18T19:41:43.957918
2025-03,Cargos Comissionados,CL-07,,,Remuneração Integral,"9.205,47",,2025-07-18T19:41:43.957918
2025-03,Cargos Comissionados,CL-07,,,Remuneração com Efetivo,"6.616,43",,2025-07-18T19:41:43.957918
2025-03,Cargos Comissionados,CL-07,,,Representação,"3.452,05",,2025-07-18T19:41:43.957918
2025-03,Cargos Comissionados,CL-07,,,Vencimento,"5.753,42",,2025-07-18T19:41:43.957918
2025-03,Cargos Comissionados,CL-08,,,55% do Vencimento,"3.515,97",,2025-07-18T19:41:43.957918
2025-03,Cargos Comissionados,CL-08,,,Remuneração Integral,"10.228,29",,2025-07-18T19:41:43.957918
2025-03,Cargos Comissionados,CL-08,,,Remuneração com Efetivo,"7.351,58",,2025-07-18T19:41:43.957918
2025-03,Cargos Comissionados,CL-08,,,Representação,"3.835,61",,2025-07-18T19:41:43.957918
2025-03,Cargos Comissionados,CL-08,,,Vencimento,"6.392,68",,2025-07-18T19:41:43.957918
2025-03,Cargos Comissionados,CL-09,,,55% do Vencimento,"3.906,65",,2025-07-18T19:41:43.957918
2025-03,Cargos Comissionados,CL-09,,,Remuneração Integral,"11.364,80",,2025-07-18T19:41:43.957918
2025-03,Cargos Comissionados,CL-09,,,Remuneração com Efetivo,"8.168,45",,2025-07-18T19:41:43.957918
2025-03,Cargos Comissionados,CL-09,,,Representação,"4.261,80",,2025-07-18T19:41:43.957918
2025-03,Cargos Comissionados,CL-09,,,Vencimento,"7.103,00",,2025-07-18T19:41:43.957918
2025-03,Cargos Comissionados,CL-10,,,55% do Vencimento,"4.340,73",,2025-07-18T19:41:43.957918
2025-03,Cargos Comissionados,CL-10,,,Remuneração Integral,"12.627,57",,2025-07-18T19:41:43.957918
2025-03,Cargos Comissionados,CL-10,,,Remuneração com Efetivo,"9.076,07",,2025-07-18T19:41:43.957918
2025-03,Cargos Comissionados,CL-10,,,Representação,"4.735,34",,2025-07-18T19:41:43.957918
2025-03,Cargos Comissionados,CL-10,,,Vencimento,"7.892,23",,2025-07-18T19:41:43.957918
2025-03,Cargos Comissionados,CL-11,,,55% do Vencimento,"4.823,04",,2025-07-18T19:41:43.957918
2025-03,Cargos Comissionados,CL-11,,,Remuneração Integral,"14.030,66",,2025-07-18T19:41:43.957918
2025-03,Cargos Comissionados,CL-11,,,Remuneração com Efetivo,"10.084,54",,2025-07-18T19:41:43.957918
2025-03,Cargos Comissionados,CL-11,,,Representação,"5.261,50",,2025-07-18T19:41:43.957918
2025-03,Cargos Comissionados,CL-11,,,Vencimento,"8.769,16",,2025-07-18T19:41:43.957918
2025-03,Cargos Comissionados,CL-12,,,55% do Vencimento,"5.358,94",,2025-07-18T19:41:43.957918
2025-03,Cargos Comissionados,CL-12,,,Remuneração Integral,"15.589,65",,2025-07-18T19:41:43.957918
2025-03,Cargos Comissionados,CL-12,,,Remuneração com Efetivo,"11.205,06",,2025-07-18T19:41:43.957918
2025-03,Cargos Comissionados,CL-12,,,Representação,"5.846,12",,2025-07-18T19:41:43.957918
2025-03,Cargos Comissionados,CL-12,,,Vencimento,"9.743,53",,2025-07-18T19:41:43.957918
2025-03,Cargos Comissionados,CL-13,,,55% do Vencimento,"5.954,38",,2025-07-18T19:41:43.957918
2025-03,Cargos Comissionados,CL-13,,,Remuneração Integral,"17.321,84",,2025-07-18T19:41:43.957918
2025-03,Cargos Comissionados,CL-13,,,Remuneração com Efetivo,"12.450,07",,2025-07-18T19:41:43.957918
2025-03,Cargos Comissionados,CL-13,,,Representação,"6.495,69",,2025-07-18T19:41:43.957918
2025-03,Cargos Comissionados,CL-13,,,Vencimento,"10.826,15",,2025-07-18T19:41:43.957918
2025-03,Cargos Comissionados,CL-14,,,55% do Vencimento,"6.615,98",,2025-07-18T19:41:43.957918
2025-03,Cargos Comissionados,CL-14,,,Remuneração Integral,"19.246,48",,2025-07-18T19:41:43.957918
2025-03,Cargos Comissionados,CL-14,,,Remuneração com Efetivo,"13.833,41",,2025-07-18T19:41:43.957918
2025-03,Cargos Comissionados,CL-14,,,Representação,"7.217,43",,2025-07-18T19:41:43.957918
2025-03,Cargos Comissionados,CL-14,,,Vencimento,"12.029,05",,2025-07-18T19:41:43.957918
2025-03,Cargos Comissionados,CL-15,,,55% do Vencimento,"7.351,10",,2025-07-18T19:41:43.957918
2025-03,Cargos Comissionados,CL-15,,,Remuneração Integral,"21.385,01",,2025-07-18T19:41:43.957918
2025-03,Cargos Comissionados,CL-15,,,Remuneração com Efetivo,"15.370,48",,2025-07-18T19:41:43.957918
2025-03,Cargos Comissionados,CL-15,,,Representação,"8.019,38",,2025-07-18T19:41:43.957918
2025-03,Cargos Comissionados,CL-15,,,Vencimento,"13.365,63",,2025-07-18T19:41:43.957918
2025-03,Cargos Comissionados,CNE-01,,,55% do Vencimento,"8.630,64",,2025-07-18T19:41:43.957918
2025-03,Cargos Comissionados,CNE-01,,,Remuneração Integral,"25.107,30",,2025-07-18T19:41:43.957918
2025-03,Cargos Comissionados,CNE-01,,,Remuneração com Efetivo,"18.045,87",,2025-07-18T19:41:43.957918
2025-03,Cargos Comissionados,CNE-01,,,Representação,"9.415,23",,2025-07-18T19:41:43.957918
2025-03,Cargos Comissionados,CNE-01,,,Vencimento,"15.692,07",,2025-07-18T19:41:43.957918
2025-03,Cargos Comissionados,CNE-02,,,55% do Vencimento,"9.206,00",,2025-07-18T19:41:43.957918
2025-03,Cargos Comissionados,CNE-02,,,Remuneração Integral,"26.781,09",,2025-07-18T19:41:43.957918
2025-03,Cargos Comissionados,CNE-02,,,Remuneração com Efetivo,"19.248,90",,2025-07-18T19:41:43.957918
2025-03,Cargos Comissionados,CNE-02,,,Representação,"10.042,90",,2025-07-18T19:41:43.957918
2025-03,Cargos Comissionados,CNE-02,,,Vencimento,"16.738,19",,2025-07-18T19:41:43.957918
2025-03,Cargos Comissionados,SP-01,,,55% do Vencimento,"482,13",,2025-07-18T19:41:43.957918
2025-03,Cargos Comissionados,SP-01,,,Remuneração Integral,"1.402,56",,2025-07-18T19:41:43.957918
2025-03,Cargos Comissionados,SP-01,,,Remuneração com Efetivo,"1.008,09",,2025-07-18T19:41:43.957918
2025-03,Cargos Comissionados,SP-01,,,Representação,"525,96",,2025-07-18T19:41:43.957918
2025-03,Cargos Comissionados,SP-01,,,Vencimento,"876,6",,2025-07-18T19:41:43.957918
2025-03,Cargos Comissionados,SP-02,,,55% do Vencimento,"602,7",,2025-07-18T19:41:43.957918
2025-03,Cargos Comissionados,SP-02,,,Remuneração Integral,"1.753,31",,2025-07-18T19:41:43.957918
2025-03,Cargos Comissionados,SP-02,,,Remuneração com Efetivo,"1.260,19",,2025-07-18T19:41:43.957918
2025-03,Cargos Comissionados,SP-02,,,Representação,"657,49",,2025-07-18T19:41:43.957918
2025-03,Cargos Comissionados,SP-02,,,Vencimento,"1.095,82",,2025-07-18T19:41:43.957918
2025-03,Cargos Comissionados,SP-03,,,55% do Vencimento,"753,39",,2025-07-18T19:41:43.957918
2025-03,Cargos Comissionados,SP-03,,,Remuneração Integral,"2.191,68",,2025-07-18T19:41:43.957918
2025-03,Cargos Comissionados,SP-03,,,Remuneração com Efetivo,"1.575,27",,2025-07-18T19:41:43.957918
2025-03,Cargos Comissionados,SP-03,,,Representação,"821,88",,2025-07-18T19:41:43.957918
2025-03,Cargos Comissionados,SP-03,,,Vencimento,"1.369,80",,2025-07-18T19:41:43.957918
2025-03,Cargos Comissionados,SP-04,,,55% do Vencimento,"941,72",,2025-07-18T19:41:43.957918
2025-03,Cargos Comissionados,SP-04,,,Remuneração Integral,"2.739,55",,2025-07-18T19:41:43.957918
2025-03,Cargos Comissionados,SP-04,,,Remuneração com Efetivo,"1.969,05",,2025-07-18T19:41:43.957918
2025-03,Cargos Comissionados,SP-04,,,Representação,"1.027,33",,2025-07-18T19:41:43.957918
2025-03,Cargos Comissionados,SP-04,,,Vencimento,"1.712,22",,2025-07-18T19:41:43.957918
2025-03,Cargos Comissionados,SP-05,,,55% do Vencimento,"1.177,15",,2025-07-18T19:41:43.957918
2025-03,Cargos Comissionados,SP-05,,,Remuneração Integral,"3.424,44",,2025-07-18T19:41:43.957918
2025-03,Cargos Comissionados,SP-05,,,Remuneração com Efetivo,"2.461,31",,2025-07-18T19:41:43.957918
2025-03,Cargos Comissionados,SP-05,,,Representação,"1.284,16",,2025-07-18T19:41:43.957918
2025-03,Cargos Comissionados,SP-05,,,Vencimento,"2.140,28",,2025-07-18T19:41:43.957918
2025-03,Cargos Efetivos,Analista Legislativo,A,31,Classe,A,,2025-06-16T19:38:13.143548
2025-03,Cargos Efetivos,Analista Legislativo,A,32,Classe,A,,2025-06-16T19:38:13.143548
2025-03,Cargos Efetivos,Analista Legislativo,A,33,Classe,A,,2025-06-16T19:38:13.143548
2025-03,Cargos Efetivos,Analista Legislativo,A,34,Classe,A,,2025-06-16T19:38:13.143548
2025-03,Cargos Efetivos,Analista Legislativo,A,35,Classe,A,,2025-06-16T19:38:13.143548
2025-03,Cargos Efetivos,Analista Legislativo,A,36,Classe,A,,2025-06-16T19:38:13.143548
2025-03,Cargos Efetivos,Analista Legislativo,B,37,Classe,B,,2025-06-16T19:38:13.143548
2025-03,Cargos Efetivos,Analista Legislativo,B,38,Classe,B,,2025-06-16T19:38:13.143548
2025-03,Cargos Efetivos,Analista Legislativo,B,39,Classe,B,,2025-06-16T19:38:13.143548
2025-03,Cargos Efetivos,Analista Legislativo,B,40,Classe,B,,2025-06-16T19:38:13.143548
2025-03,Cargos Efetivos,Analista Legislativo,B,41,Classe,B,,2025-06-16T19:38:13.143548
2025-03,Cargos Efetivos,Analista Legislativo,B,42,Classe,B,,2025-06-16T19:38:13.143548
2025-03,Cargos Efetivos,Analista Legislativo,C,43,Classe,C,,2025-06-16T19:38:13.143548
2025-03,Cargos Efetivos,Analista Legislativo,C,44,Classe,C,,2025-06-16T19:38:13.143548
2025-03,Cargos Efetivos,Analista Legislativo,C,45,Classe,C,,2025-06-16T19:38:13.143548
2025-03,Cargos Efetivos,Analista Legislativo,C,46,Classe,C,,2025-06-16T19:38:13.143548
2025-03,Cargos Efetivos,Analista Legislativo,C,47,Classe,C,,2025-06-16T19:38:13.143548
2025-03,Cargos Efetivos,Analista Legislativo,C,48,Classe,C,,2025-06-16T19:38:13.143548
2025-03,Cargos Efetivos,Analista Legislativo,ESPECIAL,49-E,Classe,ESPECIAL,,2025-06-16T19:38:13.143548
2025-03,Cargos Efetivos,Analista Legislativo,ESPECIAL,50-E,Classe,ESPECIAL,,2025-06-16T19:38:13.143548
2025-03,Cargos Efetivos,Analista Legislativo,ESPECIAL,51-E,Classe,ESPECIAL,,2025-06-16T19:38:13.143548
2025-03,Cargos Efetivos,Analista Legislativo,ESPECIAL,52-E,Classe,ESPECIAL,,2025-06-16T19:38:13.143548
2025-03,Cargos Efetivos,Analista Legislativo,ESPECIAL,53-E,Classe,ESPECIAL,,2025-06-16T19:38:13.143548
2025-03,Cargos Efetivos,Analista Legislativo,ESPECIAL,54-E,Classe,ESPECIAL,,2025-06-16T19:38:13.143548
2025-03,Cargos Efetivos,Analista Legislativo,A,31,GAL,"413,81",,2025-06-16T19:38:13.143548
2025-03,Cargos Efetivos,Analista Legislativo,A,32,GAL,"424,16",,2025-06-16T19:38:13.143548
2025-03,Cargos Efetivos,Analista Legislativo,A,33,GAL,"434,76",,2025-06-16T19:38:13.143548
2025-03,Cargos Efetivos,Analista Legislativo,A,34,GAL,"445,63",,2025-06-16T19:38:13.143548
2025-03,Cargos Efetivos,Analista Legislativo,A,35,GAL,"456,77",,2025-06-16T19:38:13.143548
2025-03,Cargos Efetivos,Analista Legislativo,A,36,GAL,"468,19",,2025-06-16T19:38:13.143548
2025-03,Cargos Efetivos,Analista Legislativo,B,37,GAL,"486,92",,2025-06-16T19:38:13.143548
2025-03,Cargos Efetivos,Analista Legislativo,B,38,GAL,"499,09",,2025-06-16T19:38:13.143548
2025-03,Cargos Efetivos,Analista Legislativo,B,39,GAL,"511,57",,2025-06-16T19:38:13.143548
2025-03,Cargos Efetivos,Analista Legislativo,B,40,GAL,"524,36",,2025-06-16T19:38:13.143548
2025-03,Cargos Efetivos,Analista Legislativo,B,41,GAL,"537,47",,2025-06-16T19:38:13.143548
2025-03,Cargos Efetivos,Analista Legislativo,B,42,GAL,"550,91",,2025-06-16T19:38:13.143548
2025-03,Cargos Efetivos,Analista Legislativo,C,43,GAL,"572,94",,2025-06-16T19:38:13.143548
2025-03,Cargos Efetivos,Analista Legislativo,C,44,GAL,"587,27",,2025-06-16T19:38:13.143548
2025-03,Cargos Efetivos,Analista Legislativo,C,45,GAL,"601,95",,2025-06-16T19:38:13.143548
2025-03,Cargos Efetivos,Analista Legislativo,C,46,GAL,617,,2025-06-16T19:38:13.143548
2025-03,Cargos Efetivos,Analista Legislativo,C,47,GAL,"632,42",,2025-06-16T19:38:13.143548
2025-03,Cargos Efetivos,Analista Legislativo,C,48,GAL,"648,23",,2025-06-16T19:38:13.143548
2025-03,Cargos Efetivos,Analista Legislativo,ESPECIAL,49-E,GAL,"674,16",,2025-06-16T19:38:13.143548
2025-03,Cargos Efetivos,Analista Legislativo,ESPECIAL,50-E,GAL,"691,01",,2025-06-16T19:38:13.143548
2025-03,Cargos Efetivos,Analista Legislativo,ESPECIAL,51-E,GAL,"708,29",,2025-06-16T19:38:13.143548
2025-03,Cargos Efetivos,Analista Legislativo,ESPECIAL,52-E,GAL,726,,2025-06-16T19:38:13.143548
2025-03,Cargos Efetivos,Analista Legislativo,ESPECIAL,53-E,GAL,"744,15",,2025-06-16T19:38:13.143548
2025-03,Cargos Efetivos,Analista Legislativo,ESPECIAL,54-E,GAL,"762,75",,2025-06-16T19:38:13.143548
2025-03,Cargos Efetivos,Analista Legislativo,A,31,Padrao,31,,2025-06-16T19:38:13.143548
2025-03,Cargos Efetivos,Analista Legislativo,A,32,Padrao,32,,2025-06-16T19:38:13.143548
2025-03,Cargos Efetivos,Analista Legislativo,A,33,Padrao,33,,2025-06-16T19:38:13.143548
2025-03,Cargos Efetivos,Analista Legislativo,A,34,Padrao,34,,2025-06-16T19:38:13.143548
2025-03,Cargos Efetivos,Analista Legislativo,A,35,Padrao,35,,2025-06-16T19:38:13.143548
2025-03,Cargos Efetivos,Analista Legislativo,A,36,Padrao,36,,2025-06-16T19:38:13.143548
2025-03,Cargos Efetivos,Analista Legislativo,B,37,Padrao,37,,2025-06-16T19:38:13.143548
2025-03,Cargos Efetivos,Analista Legislativo,B,38,Padrao,38,,2025-06-16T19:38:13.143548
2025-03,Cargos Efetivos,Analista Legislativo,B,39,Padrao,39,,2025-06-16T19:38:13.143548
2025-03,Cargos Efetivos,Analista Legislativo,B,40,Padrao,40,,2025-06-16T19:38:13.143548
2025-03,Cargos Efetivos,Analista Legislativo,B,41,Padrao,41,,2025-06-16T19:38:13.143548
2025-03,Cargos Efetivos,Analista Legislativo,B,42,Padrao,42,,2025-06-16T19:38:13.143548
2025-03,Cargos Efetivos,Analista Legislativo,C,43,Padrao,43,,2025-06-16T19:38:13.143548
2025-03,Cargos Efetivos,Analista Legislativo,C,44,Padrao,44,,2025-06-16T19:38:13.143548
2025-03,Cargos Efetivos,Analista Legislativo,C,45,Padrao,45,,2025-06-16T19:38:13.143548
2025-03,Cargos Efetivos,Analista Legislativo,C,46,Padrao,46,,2025-06-16T19:38:13.143548
2025-03,Cargos Efetivos,Analista Legislativo,C,47,Padrao,47,,2025-06-16T19:38:13.143548
2025-03,Cargos Efetivos,Analista Legislativo,C,48,Padrao,48,,2025-06-16T19:38:13.143548
2025-03,Cargos Efetivos,Analista Legislativo,ESPECIAL,49-E,Padrao,49-E,,2025-06-16T19:38:13.143548
2025-03,Cargos Efetivos,Analista Legislativo,ESPECIAL,50-E,Padrao,50-E,,2025-06-16T19:38:13.143548
2025-03,Cargos Efetivos,Analista Legislativo,ESPECIAL,51-E,Padrao,51-E,,2025-06-16T19:38:13.143548
2025-03,Cargos Efetivos,Analista Legislativo,ESPECIAL,52-E,Padrao,52-E,,2025-06-16T19:38:13.143548
2025-03,Cargos Efetivos,Analista Legislativo,ESPECIAL,53-E,Padrao,53-E,,2025-06-16T19:38:13.143548
2025-03,Cargos Efetivos,Analista Legislativo,ESPECIAL,54-E,Padrao,54-E,,2025-06-16T19:38:13.143548
2025-03,Cargos Efetivos,Analista Legislativo,A,31,Total,"14207,61",,2025-06-16T19:38:13.143548
2025-03,Cargos Efetivos,Analista Legislativo,A,32,Total,"14562,8",,2025-06-16T19:38:13.143548
2025-03,Cargos Efetivos,Analista Legislativo,A,33,Total,"14926,86",,2025-06-16T19:38:13.143548
2025-03,Cargos Efetivos,Analista Legislativo,A,34,Total,"15300,03",,2025-06-16T19:38:13.143548
2025-03,Cargos Efetivos,Analista Legislativo,A,35,Total,"15682,54",,2025-06-16T19:38:13.143548
2025-03,Cargos Efetivos,Analista Legislativo,A,36,Total,"16074,6",,2025-06-16T19:38:13.143548
2025-03,Cargos Efetivos,Analista Legislativo,B,37,Total,"16717,59",,2025-06-16T19:38:13.143548
2025-03,Cargos Efetivos,Analista Legislativo,B,38,Total,"17135,52",,2025-06-16T19:38:13.143548
2025-03,Cargos Efetivos,Analista Legislativo,B,39,Total,"17563,92",,2025-06-16T19:38:13.143548
2025-03,Cargos Efetivos,Analista Legislativo,B,40,Total,"18003,02",,2025-06-16T19:38:13.143548
2025-03,Cargos Efetivos,Analista Legislativo,B,41,Total,"18453,1",,2025-06-16T19:38:13.143548
2025-03,Cargos Efetivos,Analista Legislativo,B,42,Total,"18914,42",,2025-06-16T19:38:13.143548
2025-03,Cargos Efetivos,Analista Legislativo,C,43,Total,"19670,99",,2025-06-16T19:38:13.143548
2025-03,Cargos Efetivos,Analista Legislativo,C,44,Total,"20162,78",,2025-06-16T19:38:13.143548
2025-03,Cargos Efetivos,Analista Legislativo,C,45,Total,"20666,84",,2025-06-16T19:38:13.143548
2025-03,Cargos Efetivos,Analista Legislativo,C,46,Total,"21183,52",,2025-06-16T19:38:13.143548
2025-03,Cargos Efetivos,Analista Legislativo,C,47,Total,"21713,1",,2025-06-16T19:38:13.143548
2025-03,Cargos Efetivos,Analista Legislativo,C,48,Total,"22255,93",,2025-06-16T19:38:13.143548
2025-03,Cargos Efetivos,Analista Legislativo,ESPECIAL,49-E,Total,"23146,17",,2025-06-16T19:38:13.143548
2025-03,Cargos Efetivos,Analista Legislativo,ESPECIAL,50-E,Total,"23724,82",,2025-06-16T19:38:13.143548
2025-03,Cargos Efetivos,Analista Legislativo,ESPECIAL,51-E,Total,"24317,94",,2025-06-16T19:38:13.143548
2025-03,Cargos Efetivos,Analista Legislativo,ESPECIAL,52-E,Total,"24925,89",,2025-06-16T19:38:13.143548
2025-03,Cargos Efetivos,Analista Legislativo,ESPECIAL,53-E,Total,"25549,04",,2025-06-16T19:38:13.143548
2025-03,Cargos Efetivos,Analista Legislativo,ESPECIAL,54-E,Total,"26187,75",,2025-06-16T19:38:13.143548
2025-03,Cargos Efetivos,Analista Legislativo,A,31,Vencimento,"13793,8",,2025-06-16T19:38:13.143548
2025-03,Cargos Efetivos,Analista Legislativo,A,32,Vencimento,"14138,64",,2025-06-16T19:38:13.143548
2025-03,Cargos Efetivos,Analista Legislativo,A,33,Vencimento,"14492,1",,2025-06-16T19:38:13.143548
2025-03,Cargos Efetivos,Analista Legislativo,A,34,Vencimento,"14854,4",,2025-06-16T19:38:13.143548
2025-03,Cargos Efetivos,Analista Legislativo,A,35,Vencimento,"15225,77",,2025-06-16T19:38:13.143548
2025-03,Cargos Efetivos,Analista Legislativo,A,36,Vencimento,"15606,41",,2025-06-16T19:38:13.143548
2025-03,Cargos Efetivos,Analista Legislativo,B,37,Vencimento,"16230,67",,2025-06-16T19:38:13.143548
2025-03,Cargos Efetivos,Analista Legislativo,B,38,Vencimento,"16636,43",,2025-06-16T19:38:13.143548
2025-03,Cargos Efetivos,Analista Legislativo,B,39,Vencimento,"17052,35",,2025-06-16T19:38:13.143548
2025-03,Cargos Efetivos,Analista Legislativo,B,40,Vencimento,"17478,66",,2025-06-16T19:38:13.143548
2025-03,Cargos Efetivos,Analista Legislativo,B,41,Vencimento,"17915,63",,2025-06-16T19:38:13.143548
2025-03,Cargos Efetivos,Analista Legislativo,B,42,Vencimento,"18363,51",,2025-06-16T19:38:13.143548
2025-03,Cargos Efetivos,Analista Legislativo,C,43,Vencimento,"19098,05",,2025-06-16T19:38:13.143548
2025-03,Cargos Efetivos,Analista Legislativo,C,44,Vencimento,"19575,51",,2025-06-16T19:38:13.143548
2025-03,Cargos Efetivos,Analista Legislativo,C,45,Vencimento,"20064,89",,2025-06-16T19:38:13.143548
2025-03,Cargos Efetivos,Analista Legislativo,C,46,Vencimento,"20566,52",,2025-06-16T19:38:13.143548
2025-03,Cargos Efetivos,Analista Legislativo,C,47,Vencimento,"21080,68",,2025-06-16T19:38:13.143548
2025-03,Cargos Efetivos,Analista Legislativo,C,48,Vencimento,"21607,7",,2025-06-16T19:38:13.143548
2025-03,Cargos Efetivos,Analista Legislativo,ESPECIAL,49-E,Vencimento,"22472,01",,2025-06-16T19:38:13.143548
2025-03,Cargos Efetivos,Analista Legislativo,ESPECIAL,50-E,Vencimento,"23033,81",,2025-06-16T19:38:13.143548
2025-03,Cargos Efetivos,Analista Legislativo,ESPECIAL,51-E,Vencimento,"23609,65",,2025-06-16T19:38:13.143548
2025-03,Cargos Efetivos,Analista Legislativo,ESPECIAL,52-E,Vencimento,"24199,89",,2025-06-16T19:38:13.143548
2025-03,Cargos Efetivos,Analista Legislativo,ESPECIAL,53-E,Vencimento,"24804,89",,2025-06-16T19:38:13.143548
2025-03,Cargos Efetivos,Analista Legislativo,ESPECIAL,54-E,Vencimento,25425,,2025-06-16T19:38:13.143548
2025-03,Cargos Efetivos,Assistente Técnico,B,10,Classe,B,,2025-06-16T19:38:13.143548
2025-03,Cargos Efetivos,Assistente Técnico,B,11,Classe,B,,2025-06-16T19:38:13.143548
2025-03,Cargos Efetivos,Assistente Técnico,B,12,Classe,B,,2025-06-16T19:38:13.143548
2025-03,Cargos Efetivos,Assistente Técnico,C,13,Classe,C,,2025-06-16T19:38:13.143548
2025-03,Cargos Efetivos,Assistente Técnico,C,14,Classe,C,,2025-06-16T19:38:13.143548
2025-03,Cargos Efetivos,Assistente Técnico,C,15,Classe,C,,2025-06-16T19:38:13.143548
2025-03,Cargos Efetivos,Assistente Técnico,C,16,Classe,C,,2025-06-16T19:38:13.143548
2025-03,Cargos Efetivos,Assistente Técnico,C,17,Classe,C,,2025-06-16T19:38:13.143548
2025-03,Cargos Efetivos,Assistente Técnico,C,18,Classe,C,,2025-06-16T19:38:13.143548
2025-03,Cargos Efetivos,Assistente Técnico,ESPECIAL,19-E,Classe,ESPECIAL,,2025-06-16T19:38:13.143548
2025-03,Cargos Efetivos,Assistente Técnico,A,1,Classe,A,,2025-06-16T19:38:13.143548
2025-03,Cargos Efetivos,Assistente Técnico,ESPECIAL,20-E,Classe,ESPECIAL,,2025-06-16T19:38:13.143548
2025-03,Cargos Efetivos,Assistente Técnico,ESPECIAL,21-E,Classe,ESPECIAL,,2025-06-16T19:38:13.143548
2025-03,Cargos Efetivos,Assistente Técnico,ESPECIAL,22-E,Classe,ESPECIAL,,2025-06-16T19:38:13.143548
2025-03,Cargos Efetivos,Assistente Técnico,ESPECIAL,23-E,Classe,ESPECIAL,,2025-06-16T19:38:13.143548
2025-03,Cargos Efetivos,Assistente Técnico,ESPECIAL,24-E,Classe,ESPECIAL,,2025-06-16T19:38:13.143548
2025-03,Cargos Efetivos,Assistente Técnico,A,2,Classe,A,,2025-06-16T19:38:13.143548
2025-03,Cargos Efetivos,Assistente Técnico,A,3,Classe,A,,2025-06-16T19:38:13.143548
2025-03,Cargos Efetivos,Assistente Técnico,A,4,Classe,A,,2025-06-16T19:38:13.143548
2025-03,Cargos Efetivos,Assistente Técnico,A,5,Classe,A,,2025-06-16T19:38:13.143548
2025-03,Cargos Efetivos,Assistente Técnico,A,6,Classe,A,,2025-06-16T19:38:13.143548
2025-03,Cargos Efetivos,Assistente Técnico,B,7,Classe,B,,2025-06-16T19:38:13.143548
2025-03,Cargos Efetivos,Assistente Técnico,B,8,Classe,B,,2025-06-16T19:38:13.143548
2025-03,Cargos Efetivos,Assistente Técnico,B,9,Classe,B,,2025-06-16T19:38:13.143548
2025-03,Cargos Efetivos,Assistente Técnico,B,10,GAL,"235,87",,2025-06-16T19:38:13.143548
2025-03,Cargos Efetivos,Assistente Técnico,B,11,GAL,"241,77",,2025-06-16T19:38:13.143548
2025-03,Cargos Efetivos,Assistente Técnico,B,12,GAL,"247,81",,2025-06-16T19:38:13.143548
2025-03,Cargos Efetivos,Assistente Técnico,C,13,GAL,"257,72",,2025-06-16T19:38:13.143548
2025-03,Cargos Efetivos,Assistente Técnico,C,14,GAL,"264,17",,2025-06-16T19:38:13.143548
2025-03,Cargos Efetivos,Assistente Técnico,C,15,GAL,"270,77",,2025-06-16T19:38:13.143548
2025-03,Cargos Efetivos,Assistente Técnico,C,16,GAL,"277,54",,2025-06-16T19:38:13.143548
2025-03,Cargos Efetivos,Assistente Técnico,C,17,GAL,"284,48",,2025-06-16T19:38:13.143548
2025-03,Cargos Efetivos,Assistente Técnico,C,18,GAL,"291,59",,2025-06-16T19:38:13.143548
2025-03,Cargos Efetivos,Assistente Técnico,ESPECIAL,19-E,GAL,"303,26",,2025-06-16T19:38:13.143548
2025-03,Cargos Efetivos,Assistente Técnico,A,1,GAL,"186,15",,2025-06-16T19:38:13.143548
2025-03,Cargos Efetivos,Assistente Técnico,ESPECIAL,20-E,GAL,"310,84",,2025-06-16T19:38:13.143548
2025-03,Cargos Efetivos,Assistente Técnico,ESPECIAL,21-E,GAL,"318,61",,2025-06-16T19:38:13.143548
2025-03,Cargos Efetivos,Assistente Técnico,ESPECIAL,22-E,GAL,"326,57",,2025-06-16T19:38:13.143548
2025-03,Cargos Efetivos,Assistente Técnico,ESPECIAL,23-E,GAL,"334,74",,2025-06-16T19:38:13.143548
2025-03,Cargos Efetivos,Assistente Técnico,ESPECIAL,24-E,GAL,"343,11",,2025-06-16T19:38:13.143548
2025-03,Cargos Efetivos,Assistente Técnico,A,2,GAL,"190,8",,2025-06-16T19:38:13.143548
2025-03,Cargos Efetivos,Assistente Técnico,A,3,GAL,"195,57",,2025-06-16T19:38:13.143548
2025-03,Cargos Efetivos,Assistente Técnico,A,4,GAL,"200,46",,2025-06-16T19:38:13.143548
2025-03,Cargos Efetivos,Assistente Técnico,A,5,GAL,"205,47",,2025-06-16T19:38:13.143548
2025-03,Cargos Efetivos,Assistente Técnico,A,6,GAL,"210,61",,2025-06-16T19:38:13.143548
2025-03,Cargos Efetivos,Assistente Técnico,B,7,GAL,"219,03",,2025-06-16T19:38:13.143548
2025-03,Cargos Efetivos,Assistente Técnico,B,8,GAL,"224,51",,2025-06-16T19:38:13.143548
2025-03,Cargos Efetivos,Assistente Técnico,B,9,GAL,"230,12",,2025-06-16T19:38:13.143548
2025-03,Cargos Efetivos,Assistente Técnico,B,10,Padrao,10,,2025-06-16T19:38:13.143548
2025-03,Cargos Efetivos,Assistente Técnico,B,11,Padrao,11,,2025-06-16T19:38:13.143548
2025-03,Cargos Efetivos,Assistente Técnico,B,12,Padrao,12,,2025-06-16T19:38:13.143548
2025-03,Cargos Efetivos,Assistente Técnico,C,13,Padrao,13,,2025-06-16T19:38:13.143548
2025-03,Cargos Efetivos,Assistente Técnico,C,14,Padrao,14,,2025-06-16T19:38:13.143548
2025-03,Cargos Efetivos,Assistente Técnico,C,15,Padrao,15,,2025-06-16T19:38:13.143548
2025-03,Cargos Efetivos,Assistente Técnico,C,16,Padrao,16,,2025-06-16T19:38:13.143548
2025-03,Cargos Efetivos,Assistente Técnico,C,17,Padrao,17,,2025-06-16T19:38:13.143548
2025-03,Cargos Efetivos,Assistente Técnico,C,18,Padrao,18,,2025-06-16T19:38:13.143548
2025-03,Cargos Efetivos,Assistente Técnico,ESPECIAL,19-E,Padrao,19-E,,2025-06-16T19:38:13.143548
2025-03,Cargos Efetivos,Assistente Técnico,A,1,Padrao,1,,2025-06-16T19:38:13.143548
2025-03,Cargos Efetivos,Assistente Técnico,ESPECIAL,20-E,Padrao,20-E,,2025-06-16T19:38:13.143548
2025-03,Cargos Efetivos,Assistente Técnico,ESPECIAL,21-E,Padrao,21-E,,2025-06-16T19:38:13.143548
2025-03,Cargos Efetivos,Assistente Técnico,ESPECIAL,22-E,Padrao,22-E,,2025-06-16T19:38:13.143548
2025-03,Cargos Efetivos,Assistente Técnico,ESPECIAL,23-E,Padrao,23-E,,2025-06-16T19:38:13.143548
2025-03,Cargos Efetivos,Assistente Técnico,ESPECIAL,24-E,Padrao,24-E,,2025-06-16T19:38:13.143548
2025-03,Cargos Efetivos,Assistente Técnico,A,2,Padrao,2,,2025-06-16T19:38:13.143548
2025-03,Cargos Efetivos,Assistente Técnico,A,3,Padrao,3,,2025-06-16T19:38:13.143548
2025-03,Cargos Efetivos,Assistente Técnico,A,4,Padrao,4,,2025-06-16T19:38:13.143548
2025-03,Cargos Efetivos,Assistente Técnico,A,5,Padrao,5,,2025-06-16T19:38:13.143548
2025-03,Cargos Efetivos,Assistente Técnico,A,6,Padrao,6,,2025-06-16T19:38:13.143548
2025-03,Cargos Efetivos,Assistente Técnico,B,7,Padrao,7,,2025-06-16T19:38:13.143548
2025-03,Cargos Efetivos,Assistente Técnico,B,8,Padrao,8,,2025-06-16T19:38:13.143548
2025-03,Cargos Efetivos,Assistente Técnico,B,9,Padrao,9,,2025-06-16T19:38:13.143548
2025-03,Cargos Efetivos,Assistente Técnico,B,10,Total,"8098,25",,2025-06-16T19:38:13.143548
2025-03,Cargos Efetivos,Assistente Técnico,B,11,Total,"8300,71",,2025-06-16T19:38:13.143548
2025-03,Cargos Efetivos,Assistente Técnico,B,12,Total,"8508,22",,2025-06-16T19:38:13.143548
2025-03,Cargos Efetivos,Assistente Técnico,C,13,Total,"8848,55",,2025-06-16T19:38:13.143548
2025-03,Cargos Efetivos,Assistente Técnico,C,14,Total,"9069,76",,2025-06-16T19:38:13.143548
2025-03,Cargos Efetivos,Assistente Técnico,C,15,Total,"9296,51",,2025-06-16T19:38:13.143548
2025-03,Cargos Efetivos,Assistente Técnico,C,16,Total,"9528,92",,2025-06-16T19:38:13.143548
2025-03,Cargos Efetivos,Assistente Técnico,C,17,Total,"9767,15",,2025-06-16T19:38:13.143548
2025-03,Cargos Efetivos,Assistente Técnico,C,18,Total,"10011,32",,2025-06-16T19:38:13.143548
2025-03,Cargos Efetivos,Assistente Técnico,ESPECIAL,19-E,Total,"10411,79",,2025-06-16T19:38:13.143548
2025-03,Cargos Efetivos,Assistente Técnico,A,1,Total,"6390,99",,2025-06-16T19:38:13.143548
2025-03,Cargos Efetivos,Assistente Técnico,ESPECIAL,20-E,Total,"10672,08",,2025-06-16T19:38:13.143548
2025-03,Cargos Efetivos,Assistente Técnico,ESPECIAL,21-E,Total,"10938,89",,2025-06-16T19:38:13.143548
2025-03,Cargos Efetivos,Assistente Técnico,ESPECIAL,22-E,Total,"11212,35",,2025-06-16T19:38:13.143548
2025-03,Cargos Efetivos,Assistente Técnico,ESPECIAL,23-E,Total,"11492,67",,2025-06-16T19:38:13.143548
2025-03,Cargos Efetivos,Assistente Técnico,ESPECIAL,24-E,Total,"11779,99",,2025-06-16T19:38:13.143548
2025-03,Cargos Efetivos,Assistente Técnico,A,2,Total,"6550,76",,2025-06-16T19:38:13.143548
2025-03,Cargos Efetivos,Assistente Técnico,A,3,Total,"6714,53",,2025-06-16T19:38:13.143548
2025-03,Cargos Efetivos,Assistente Técnico,A,4,Total,"6882,39",,2025-06-16T19:38:13.143548
2025-03,Cargos Efetivos,Assistente Técnico,A,5,Total,"7054,44",,2025-06-16T19:38:13.143548
2025-03,Cargos Efetivos,Assistente Técnico,A,6,Total,"7230,81",,2025-06-16T19:38:13.143548
2025-03,Cargos Efetivos,Assistente Técnico,B,7,Total,"7520,04",,2025-06-16T19:38:13.143548
2025-03,Cargos Efetivos,Assistente Técnico,B,8,Total,"7708,04",,2025-06-16T19:38:13.143548
2025-03,Cargos Efetivos,Assistente Técnico,B,9,Total,"7900,74",,2025-06-16T19:38:13.143548
2025-03,Cargos Efetivos,Assistente Técnico,B,10,Vencimento,"7862,38",,2025-06-16T19:38:13.143548
2025-03,Cargos Efetivos,Assistente Técnico,B,11,Vencimento,"8058,94",,2025-06-16T19:38:13.143548
2025-03,Cargos Efetivos,Assistente Técnico,B,12,Vencimento,"8260,41",,2025-06-16T19:38:13.143548
2025-03,Cargos Efetivos,Assistente Técnico,C,13,Vencimento,"8590,83",,2025-06-16T19:38:13.143548
2025-03,Cargos Efetivos,Assistente Técnico,C,14,Vencimento,"8805,59",,2025-06-16T19:38:13.143548
2025-03,Cargos Efetivos,Assistente Técnico,C,15,Vencimento,"9025,74",,2025-06-16T19:38:13.143548
2025-03,Cargos Efetivos,Assistente Técnico,C,16,Vencimento,"9251,38",,2025-06-16T19:38:13.143548
2025-03,Cargos Efetivos,Assistente Técnico,C,17,Vencimento,"9482,67",,2025-06-16T19:38:13.143548
2025-03,Cargos Efetivos,Assistente Técnico,C,18,Vencimento,"9719,73",,2025-06-16T19:38:13.143548
2025-03,Cargos Efetivos,Assistente Técnico,ESPECIAL,19-E,Vencimento,"10108,53",,2025-06-16T19:38:13.143548
2025-03,Cargos Efetivos,Assistente Técnico,A,1,Vencimento,"6204,84",,2025-06-16T19:38:13.143548
2025-03,Cargos Efetivos,Assistente Técnico,ESPECIAL,20-E,Vencimento,"10361,24",,2025-06-16T19:38:13.143548
2025-03,Cargos Efetivos,Assistente Técnico,ESPECIAL,21-E,Vencimento,"10620,28",,2025-06-16T19:38:13.143548
2025-03,Cargos Efetivos,Assistente Técnico,ESPECIAL,22-E,Vencimento,"10885,78",,2025-06-16T19:38:13.143548
2025-03,Cargos Efetivos,Assistente Técnico,ESPECIAL,23-E,Vencimento,"11157,93",,2025-06-16T19:38:13.143548
2025-03,Cargos Efetivos,Assistente Técnico,ESPECIAL,24-E,Vencimento,"11436,88",,2025-06-16T19:38:13.143548
2025-03,Cargos Efetivos,Assistente Técnico,A,2,Vencimento,"6359,96",,2025-06-16T19:38:13.143548
2025-03,Cargos Efetivos,Assistente Técnico,A,3,Vencimento,"6518,96",,2025-06-16T19:38:13.143548
2025-03,Cargos Efetivos,Assistente Técnico,A,4,Vencimento,"6681,93",,2025-06-16T19:38:13.143548
2025-03,Cargos Efetivos,Assistente Técnico,A,5,Vencimento,"6848,97",,2025-06-16T19:38:13.143548
2025-03,Cargos Efetivos,Assistente Técnico,A,6,Vencimento,"7020,2",,2025-06-16T19:38:13.143548
2025-03,Cargos Efetivos,Assistente Técnico,B,7,Vencimento,"7301,01",,2025-06-16T19:38:13.143548
2025-03,Cargos Efetivos,Assistente Técnico,B,8,Vencimento,"7483,53",,2025-06-16T19:38:13.143548
2025-03,Cargos Efetivos,Assistente Técnico,B,9,Vencimento,"7670,62",,2025-06-16T19:38:13.143548
2025-03,Cargos Efetivos,Consultor Legislativo e Consultor Técnico Legislativo,A,46,Classe,A,,2025-06-16T19:38:13.143548
2025-03,Cargos Efetivos,Consultor Legislativo e Consultor Técnico Legislativo,A,47,Classe,A,,2025-06-16T19:38:13.143548
2025-03,Cargos Efetivos,Consultor Legislativo e Consultor Técnico Legislativo,A,48,Classe,A,,2025-06-16T19:38:13.143548
2025-03,Cargos Efetivos,Consultor Legislativo e Consultor Técnico Legislativo,A,49,Classe,A,,2025-06-16T19:38:13.143548
2025-03,Cargos Efetivos,Consultor Legislativo e Consultor Técnico Legislativo,A,50,Classe,A,,2025-06-16T19:38:13.143548
2025-03,Cargos Efetivos,Consultor Legislativo e Consultor Técnico Legislativo,A,51,Classe,A,,2025-06-16T19:38:13.143548
2025-03,Cargos Efetivos,Consultor Legislativo e Consultor Técnico Legislativo,B,52,Classe,B,,2025-06-16T19:38:13.143548
2025-03,Cargos Efetivos,Consultor Legislativo e Consultor Técnico Legislativo,B,53,Classe,B,,2025-06-16T19:38:13.143548
2025-03,Cargos Efetivos,Consultor Legislativo e Consultor Técnico Legislativo,B,54,Classe,B,,2025-06-16T19:38:13.143548
2025-03,Cargos Efetivos,Consultor Legislativo e Consultor Técnico Legislativo,B,55,Classe,B,,2025-06-16T19:38:13.143548
2025-03,Cargos Efetivos,Consultor Legislativo e Consultor Técnico Legislativo,B,56,Classe,B,,2025-06-16T19:38:13.143548
2025-03,Cargos Efetivos,Consultor Legislativo e Consultor Técnico Legislativo,B,57,Classe,B,,2025-06-16T19:38:13.143548
2025-03,Cargos Efetivos,Consultor Legislativo e Consultor Técnico Legislativo,C,58,Classe,C,,2025-06-16T19:38:13.143548
2025-03,Cargos Efetivos,Consultor Legislativo e Consultor Técnico Legislativo,C,59,Classe,C,,2025-06-16T19:38:13.143548
2025-03,Cargos Efetivos,Consultor Legislativo e Consultor Técnico Legislativo,C,60,Classe,C,,2025-06-16T19:38:13.143548
2025-03,Cargos Efetivos,Consultor Legislativo e Consultor Técnico Legislativo,C,61,Classe,C,,2025-06-16T19:38:13.143548
2025-03,Cargos Efetivos,Consultor Legislativo e Consultor Técnico Legislativo,C,62,Classe,C,,2025-06-16T19:38:13.143548
2025-03,Cargos Efetivos,Consultor Legislativo e Consultor Técnico Legislativo,C,63,Classe,C,,2025-06-16T19:38:13.143548
2025-03,Cargos Efetivos,Consultor Legislativo e Consultor Técnico Legislativo,ESPECIAL,64-E,Classe,ESPECIAL,,2025-06-16T19:38:13.143548
2025-03,Cargos Efetivos,Consultor Legislativo e Consultor Técnico Legislativo,ESPECIAL,65-E,Classe,ESPECIAL,,2025-06-16T19:38:13.143548
2025-03,Cargos Efetivos,Consultor Legislativo e Consultor Técnico Legislativo,ESPECIAL,66-E,Classe,ESPECIAL,,2025-06-16T19:38:13.143548
2025-03,Cargos Efetivos,Consultor Legislativo e Consultor Técnico Legislativo,ESPECIAL,67-E,Classe,ESPECIAL,,2025-06-16T19:38:13.143548
2025-03,Cargos Efetivos,Consultor Legislativo e Consultor Técnico Legislativo,ESPECIAL,68-E,Classe,ESPECIAL,,2025-06-16T19:38:13.143548
2025-03,Cargos Efetivos,Consultor Legislativo e Consultor Técnico Legislativo,ESPECIAL,69-E,Classe,ESPECIAL,,2025-06-16T19:38:13.143548
2025-03,Cargos Efetivos,Consultor Legislativo e Consultor Técnico Legislativo,A,46,GAL,617,,2025-06-16T19:38:13.143548
2025-03,Cargos Efetivos,Consultor Legislativo e Consultor Técnico Legislativo,A,47,GAL,"632,42",,2025-06-16T19:38:13.143548
2025-03,Cargos Efetivos,Consultor Legislativo e Consultor Técnico Legislativo,A,48,GAL,"648,23",,2025-06-16T19:38:13.143548
2025-03,Cargos Efetivos,Consultor Legislativo e Consultor Técnico Legislativo,A,49,GAL,"664,44",,2025-06-16T19:38:13.143548
2025-03,Cargos Efetivos,Consultor Legislativo e Consultor Técnico Legislativo,A,50,GAL,"681,05",,2025-06-16T19:38:13.143548
2025-03,Cargos Efetivos,Consultor Legislativo e Consultor Técnico Legislativo,A,51,GAL,"698,07",,2025-06-16T19:38:13.143548
2025-03,Cargos Efetivos,Consultor Legislativo e Consultor Técnico Legislativo,B,52,GAL,726,,2025-06-16T19:38:13.143548
2025-03,Cargos Efetivos,Consultor Legislativo e Consultor Técnico Legislativo,B,53,GAL,"744,15",,2025-06-16T19:38:13.143548
2025-03,Cargos Efetivos,Consultor Legislativo e Consultor Técnico Legislativo,B,54,GAL,"762,75",,2025-06-16T19:38:13.143548
2025-03,Cargos Efetivos,Consultor Legislativo e Consultor Técnico Legislativo,B,55,GAL,"781,82",,2025-06-16T19:38:13.143548
2025-03,Cargos Efetivos,Consultor Legislativo e Consultor Técnico Legislativo,B,56,GAL,"801,36",,2025-06-16T19:38:13.143548
2025-03,Cargos Efetivos,Consultor Legislativo e Consultor Técnico Legislativo,B,57,GAL,"821,4",,2025-06-16T19:38:13.143548
2025-03,Cargos Efetivos,Consultor Legislativo e Consultor Técnico Legislativo,C,58,GAL,"854,25",,2025-06-16T19:38:13.143548
2025-03,Cargos Efetivos,Consultor Legislativo e Consultor Técnico Legislativo,C,59,GAL,"875,61",,2025-06-16T19:38:13.143548
2025-03,Cargos Efetivos,Consultor Legislativo e Consultor Técnico Legislativo,C,60,GAL,"897,5",,2025-06-16T19:38:13.143548
2025-03,Cargos Efetivos,Consultor Legislativo e Consultor Técnico Legislativo,C,61,GAL,"919,94",,2025-06-16T19:38:13.143548
2025-03,Cargos Efetivos,Consultor Legislativo e Consultor Técnico Legislativo,C,62,GAL,"942,94",,2025-06-16T19:38:13.143548
2025-03,Cargos Efetivos,Consultor Legislativo e Consultor Técnico Legislativo,C,63,GAL,"966,51",,2025-06-16T19:38:13.143548
2025-03,Cargos Efetivos,Consultor Legislativo e Consultor Técnico Legislativo,ESPECIAL,64-E,GAL,"1005,17",,2025-06-16T19:38:13.143548
2025-03,Cargos Efetivos,Consultor Legislativo e Consultor Técnico Legislativo,ESPECIAL,65-E,GAL,"1030,3",,2025-06-16T19:38:13.143548
2025-03,Cargos Efetivos,Consultor Legislativo e Consultor Técnico Legislativo,ESPECIAL,66-E,GAL,"1056,06",,2025-06-16T19:38:13.143548
2025-03,Cargos Efetivos,Consultor Legislativo e Consultor Técnico Legislativo,ESPECIAL,67-E,GAL,"1082,46",,2025-06-16T19:38:13.143548
2025-03,Cargos Efetivos,Consultor Legislativo e Consultor Técnico Legislativo,ESPECIAL,68-E,GAL,"1109,52",,2025-06-16T19:38:13.143548
2025-03,Cargos Efetivos,Consultor Legislativo e Consultor Técnico Legislativo,ESPECIAL,69-E,GAL,"1137,26",,2025-06-16T19:38:13.143548
2025-03,Cargos Efetivos,Consultor Legislativo e Consultor Técnico Legislativo,A,46,Padrao,46,,2025-06-16T19:38:13.143548
2025-03,Cargos Efetivos,Consultor Legislativo e Consultor Técnico Legislativo,A,47,Padrao,47,,2025-06-16T19:38:13.143548
2025-03,Cargos Efetivos,Consultor Legislativo e Consultor Técnico Legislativo,A,48,Padrao,48,,2025-06-16T19:38:13.143548
2025-03,Cargos Efetivos,Consultor Legislativo e Consultor Técnico Legislativo,A,49,Padrao,49,,2025-06-16T19:38:13.143548
2025-03,Cargos Efetivos,Consultor Legislativo e Consultor Técnico Legislativo,A,50,Padrao,50,,2025-06-16T19:38:13.143548
2025-03,Cargos Efetivos,Consultor Legislativo e Consultor Técnico Legislativo,A,51,Padrao,51,,2025-06-16T19:38:13.143548
2025-03,Cargos Efetivos,Consultor Legislativo e Consultor Técnico Legislativo,B,52,Padrao,52,,2025-06-16T19:38:13.143548
2025-03,Cargos Efetivos,Consultor Legislativo e Consultor Técnico Legislativo,B,53,Padrao,53,,2025-06-16T19:38:13.143548
2025-03,Cargos Efetivos,Consultor Legislativo e Consultor Técnico Legislativo,B,54,Padrao,54,,2025-06-16T19:38:13.143548
2025-03,Cargos Efetivos,Consultor Legislativo e Consultor Técnico Legislativo,B,55,Padrao,55,,2025-06-16T19:38:13.143548
2025-03,Cargos Efetivos,Consultor Legislativo e Consultor Técnico Legislativo,B,56,Padrao,56,,2025-06-16T19:38:13.143548
2025-03,Cargos Efetivos,Consultor Legislativo e Consultor Técnico Legislativo,B,57,Padrao,57,,2025-06-16T19:38:13.143548
2025-03,Cargos Efetivos,Consultor Legislativo e Consultor Técnico Legislativo,C,58,Padrao,58,,2025-06-16T19:38:13.143548
2025-03,Cargos Efetivos,Consultor Legislativo e Consultor Técnico Legislativo,C,59,Padrao,59,,2025-06-16T19:38:13.143548
2025-03,Cargos Efetivos,Consultor Legislativo e Consultor Técnico Legislativo,C,60,Padrao,60,,2025-06-16T19:38:13.143548
2025-03,Cargos Efetivos,Consultor Legislativo e Consultor Técnico Legislativo,C,61,Padrao,61,,2025-06-16T19:38:13.143548
2025-03,Cargos Efetivos,Consultor Legislativo e Consultor Técnico Legislativo,C,62,Padrao,62,,2025-06-16T19:38:13.143548
2025-03,Cargos Efetivos,Consultor Legislativo e Consultor Técnico Legislativo,C,63,Padrao,63,,2025-06-16T19:38:13.143548
2025-03,Cargos Efetivos,Consultor Legislativo e Consultor Técnico Legislativo,ESPECIAL,64-E,Padrao,64-E,,2025-06-16T19:38:13.143548
2025-03,Cargos Efetivos,Consultor Legislativo e Consultor Técnico Legislativo,ESPECIAL,65-E,Padrao,65-E,,2025-06-16T19:38:13.143548
2025-03,Cargos Efetivos,Consultor Legislativo e Consultor Técnico Legislativo,ESPECIAL,66-E,Padrao,66-E,,2025-06-16T19:38:13.143548
2025-03,Cargos Efetivos,Consultor Legislativo e Consultor Técnico Legislativo,ESPECIAL,67-E,Padrao,67-E,,2025-06-16T19:38:13.143548
2025-03,Cargos Efetivos,Consultor Legislativo e Consultor Técnico Legislativo,ESPECIAL,68-E,Padrao,68-E,,2025-06-16T19:38:13.143548
2025-03,Cargos Efetivos,Consultor Legislativo e Consultor Técnico Legislativo,ESPECIAL,69-E,Padrao,69-E,,2025-06-16T19:38:13.143548
2025-03,Cargos Efetivos,Consultor Legislativo e Consultor Técnico Legislativo,A,46,Total,"21183,52",,2025-06-16T19:38:13.143548
2025-03,Cargos Efetivos,Consultor Legislativo e Consultor Técnico Legislativo,A,47,Total,"21713,1",,2025-06-16T19:38:13.143548
2025-03,Cargos Efetivos,Consultor Legislativo e Consultor Técnico Legislativo,A,48,Total,"22255,93",,2025-06-16T19:38:13.143548
2025-03,Cargos Efetivos,Consultor Legislativo e Consultor Técnico Legislativo,A,49,Total,"22812,33",,2025-06-16T19:38:13.143548
2025-03,Cargos Efetivos,Consultor Legislativo e Consultor Técnico Legislativo,A,50,Total,"23382,64",,2025-06-16T19:38:13.143548
2025-03,Cargos Efetivos,Consultor Legislativo e Consultor Técnico Legislativo,A,51,Total,"23967,19",,2025-06-16T19:38:13.143548
2025-03,Cargos Efetivos,Consultor Legislativo e Consultor Técnico Legislativo,B,52,Total,"24925,89",,2025-06-16T19:38:13.143548
2025-03,Cargos Efetivos,Consultor Legislativo e Consultor Técnico Legislativo,B,53,Total,"25549,04",,2025-06-16T19:38:13.143548
2025-03,Cargos Efetivos,Consultor Legislativo e Consultor Técnico Legislativo,B,54,Total,"26187,75",,2025-06-16T19:38:13.143548
2025-03,Cargos Efetivos,Consultor Legislativo e Consultor Técnico Legislativo,B,55,Total,"26842,45",,2025-06-16T19:38:13.143548
2025-03,Cargos Efetivos,Consultor Legislativo e Consultor Técnico Legislativo,B,56,Total,"27513,51",,2025-06-16T19:38:13.143548
2025-03,Cargos Efetivos,Consultor Legislativo e Consultor Técnico Legislativo,B,57,Total,"28201,35",,2025-06-16T19:38:13.143548
2025-03,Cargos Efetivos,Consultor Legislativo e Consultor Técnico Legislativo,C,58,Total,"29329,4",,2025-06-16T19:38:13.143548
2025-03,Cargos Efetivos,Consultor Legislativo e Consultor Técnico Legislativo,C,59,Total,"30062,64",,2025-06-16T19:38:13.143548
2025-03,Cargos Efetivos,Consultor Legislativo e Consultor Técnico Legislativo,C,60,Total,"30814,21",,2025-06-16T19:38:13.143548
2025-03,Cargos Efetivos,Consultor Legislativo e Consultor Técnico Legislativo,C,61,Total,"31584,56",,2025-06-16T19:38:13.143548
2025-03,Cargos Efetivos,Consultor Legislativo e Consultor Técnico Legislativo,C,62,Total,"32374,18",,2025-06-16T19:38:13.143548
2025-03,Cargos Efetivos,Consultor Legislativo e Consultor Técnico Legislativo,C,63,Total,"33183,52",,2025-06-16T19:38:13.143548
2025-03,Cargos Efetivos,Consultor Legislativo e Consultor Técnico Legislativo,ESPECIAL,64-E,Total,"34510,86",,2025-06-16T19:38:13.143548
2025-03,Cargos Efetivos,Consultor Legislativo e Consultor Técnico Legislativo,ESPECIAL,65-E,Total,"35373,63",,2025-06-16T19:38:13.143548
2025-03,Cargos Efetivos,Consultor Legislativo e Consultor Técnico Legislativo,ESPECIAL,66-E,Total,"36257,97",,2025-06-16T19:38:13.143548
2025-03,Cargos Efetivos,Consultor Legislativo e Consultor Técnico Legislativo,ESPECIAL,67-E,Total,"37164,42",,2025-06-16T19:38:13.143548
2025-03,Cargos Efetivos,Consultor Legislativo e Consultor Técnico Legislativo,ESPECIAL,68-E,Total,"38093,52",,2025-06-16T19:38:13.143548
2025-03,Cargos Efetivos,Consultor Legislativo e Consultor Técnico Legislativo,ESPECIAL,69-E,Total,"39045,86",,2025-06-16T19:38:13.143548
2025-03,Cargos Efetivos,Consultor Legislativo e Consultor Técnico Legislativo,A,46,Vencimento,"20566,52",,2025-06-16T19:38:13.143548
2025-03,Cargos Efetivos,Consultor Legislativo e Consultor Técnico Legislativo,A,47,Vencimento,"21080,68",,2025-06-16T19:38:13.143548
2025-03,Cargos Efetivos,Consultor Legislativo e Consultor Técnico Legislativo,A,48,Vencimento,"21607,7",,2025-06-16T19:38:13.143548
2025-03,Cargos Efetivos,Consultor Legislativo e Consultor Técnico Legislativo,A,49,Vencimento,"22147,89",,2025-06-16T19:38:13.143548
2025-03,Cargos Efetivos,Consultor Legislativo e Consultor Técnico Legislativo,A,50,Vencimento,"22701,59",,2025-06-16T19:38:13.143548
2025-03,Cargos Efetivos,Consultor Legislativo e Consultor Técnico Legislativo,A,51,Vencimento,"23269,12",,2025-06-16T19:38:13.143548
2025-03,Cargos Efetivos,Consultor Legislativo e Consultor Técnico Legislativo,B,52,Vencimento,"24199,89",,2025-06-16T19:38:13.143548
2025-03,Cargos Efetivos,Consultor Legislativo e Consultor Técnico Legislativo,B,53,Vencimento,"24804,89",,2025-06-16T19:38:13.143548
2025-03,Cargos Efetivos,Consultor Legislativo e Consultor Técnico Legislativo,B,54,Vencimento,25425,,2025-06-16T19:38:13.143548
2025-03,Cargos Efetivos,Consultor Legislativo e Consultor Técnico Legislativo,B,55,Vencimento,"26060,63",,2025-06-16T19:38:13.143548
2025-03,Cargos Efetivos,Consultor Legislativo e Consultor Técnico Legislativo,B,56,Vencimento,"26712,15",,2025-06-16T19:38:13.143548
2025-03,Cargos Efetivos,Consultor Legislativo e Consultor Técnico Legislativo,B,57,Vencimento,"27379,95",,2025-06-16T19:38:13.143548
2025-03,Cargos Efetivos,Consultor Legislativo e Consultor Técnico Legislativo,C,58,Vencimento,"28475,15",,2025-06-16T19:38:13.143548
2025-03,Cargos Efetivos,Consultor Legislativo e Consultor Técnico Legislativo,C,59,Vencimento,"29187,03",,2025-06-16T19:38:13.143548
2025-03,Cargos Efetivos,Consultor Legislativo e Consultor Técnico Legislativo,C,60,Vencimento,"29916,71",,2025-06-16T19:38:13.143548
2025-03,Cargos Efetivos,Consultor Legislativo e Consultor Técnico Legislativo,C,61,Vencimento,"30664,62",,2025-06-16T19:38:13.143548
2025-03,Cargos Efetivos,Consultor Legislativo e Consultor Técnico Legislativo,C,62,Vencimento,"31431,24",,2025-06-16T19:38:13.143548
2025-03,Cargos Efetivos,Consultor Legislativo e Consultor Técnico Legislativo,C,63,Vencimento,"32217,01",,2025-06-16T19:38:13.143548
2025-03,Cargos Efetivos,Consultor Legislativo e Consultor Técnico Legislativo,ESPECIAL,64-E,Vencimento,"33505,69",,2025-06-16T19:38:13.143548
2025-03,Cargos Efetivos,Consultor Legislativo e Consultor Técnico Legislativo,ESPECIAL,65-E,Vencimento,"34343,33",,2025-06-16T19:38:13.143548
2025-03,Cargos Efetivos,Consultor Legislativo e Consultor Técnico Legislativo,ESPECIAL,66-E,Vencimento,"35201,91",,2025-06-16T19:38:13.143548
2025-03,Cargos Efetivos,Consultor Legislativo e Consultor Técnico Legislativo,ESPECIAL,67-E,Vencimento,"36081,96",,2025-06-16T19:38:13.143548
2025-03,Cargos Efetivos,Consultor Legislativo e Consultor Técnico Legislativo,ESPECIAL,68-E,Vencimento,36984,,2025-06-16T19:38:13.143548
2025-03,Cargos Efetivos,Consultor Legislativo e Consultor Técnico Legislativo,ESPECIAL,69-E,Vencimento,"37908,6",,2025-06-16T19:38:13.143548
2025-03,Cargos Efetivos,Procurador,A,49,Classe,A,,2025-06-16T19:38:13.143548
2025-03,Cargos Efetivos,Procurador,A,50,Classe,A,,2025-06-16T19:38:13.143548
2025-03,Cargos Efetivos,Procurador,A,51,Classe,A,,2025-06-16T19:38:13.143548
2025-03,Cargos Efetivos,Procurador,B,52,Classe,B,,2025-06-16T19:38:13.143548
2025-03,Cargos Efetivos,Procurador,B,53,Classe,B,,2025-06-16T19:38:13.143548
2025-03,Cargos Efetivos,Procurador,B,54,Classe,B,,2025-06-16T19:38:13.143548
2025-03,Cargos Efetivos,Procurador,B,55,Classe,B,,2025-06-16T19:38:13.143548
2025-03,Cargos Efetivos,Procurador,B,56,Classe,B,,2025-06-16T19:38:13.143548
2025-03,Cargos Efetivos,Procurador,B,57,Classe,B,,2025-06-16T19:38:13.143548
2025-03,Cargos Efetivos,Procurador,C,58,Classe,C,,2025-06-16T19:38:13.143548
2025-03,Cargos Efetivos,Procurador,C,59,Classe,C,,2025-06-16T19:38:13.143548
2025-03,Cargos Efetivos,Procurador,C,60,Classe,C,,2025-06-16T19:38:13.143548
2025-03,Cargos Efetivos,Procurador,C,61,Classe,C,,2025-06-16T19:38:13.143548
2025-03,Cargos Efetivos,Procurador,C,62,Classe,C,,2025-06-16T19:38:13.143548
2025-03,Cargos Efetivos,Procurador,C,63,Classe,C,,2025-06-16T19:38:13.143548
2025-03,Cargos Efetivos,Procurador,ESPECIAL,64-E,Classe,ESPECIAL,,2025-06-16T19:38:13.143548
2025-03,Cargos Efetivos,Procurador,ESPECIAL,65-E,Classe,ESPECIAL,,2025-06-16T19:38:13.143548
2025-03,Cargos Efetivos,Procurador,ESPECIAL,66-E,Classe,ESPECIAL,,2025-06-16T19:38:13.143548
2025-03,Cargos Efetivos,Procurador,ESPECIAL,67-E,Classe,ESPECIAL,,2025-06-16T19:38:13.143548
2025-03,Cargos Efetivos,Procurador,ESPECIAL,68-E,Classe,ESPECIAL,,2025-06-16T19:38:13.143548
2025-03,Cargos Efetivos,Procurador,ESPECIAL,69-E,Classe,ESPECIAL,,2025-06-16T19:38:13.143548
2025-03,Cargos Efetivos,Procurador,A,46,Classe,A,,2025-06-16T19:38:13.143548
2025-03,Cargos Efetivos,Procurador,A,47,Classe,A,,2025-06-16T19:38:13.143548
2025-03,Cargos Efetivos,Procurador,A,48,Classe,A,,2025-06-16T19:38:13.143548
2025-03,Cargos Efetivos,Procurador,A,49,GAL,"664,44",,2025-06-16T19:38:13.143548
2025-03,Cargos Efetivos,Procurador,A,50,GAL,"681,05",,2025-06-16T19:38:13.143548
2025-03,Cargos Efetivos,Procurador,A,51,GAL,"698,07",,2025-06-16T19:38:13.143548
2025-03,Cargos Efetivos,Procurador,B,52,GAL,726,,2025-06-16T19:38:13.143548
2025-03,Cargos Efetivos,Procurador,B,53,GAL,"744,15",,2025-06-16T19:38:13.143548
2025-03,Cargos Efetivos,Procurador,B,54,GAL,"762,75",,2025-06-16T19:38:13.143548
2025-03,Cargos Efetivos,Procurador,B,55,GAL,"781,82",,2025-06-16T19:38:13.143548
2025-03,Cargos Efetivos,Procurador,B,56,GAL,"801,36",,2025-06-16T19:38:13.143548
2025-03,Cargos Efetivos,Procurador,B,57,GAL,"821,4",,2025-06-16T19:38:13.143548
2025-03,Cargos Efetivos,Procurador,C,58,GAL,"854,25",,2025-06-16T19:38:13.143548
2025-03,Cargos Efetivos,Procurador,C,59,GAL,"875,61",,2025-06-16T19:38:13.143548
2025-03,Cargos Efetivos,Procurador,C,60,GAL,"897,5",,2025-06-16T19:38:13.143548
2025-03,Cargos Efetivos,Procurador,C,61,GAL,"919,94",,2025-06-16T19:38:13.143548
2025-03,Cargos Efetivos,Procurador,C,62,GAL,"942,94",,2025-06-16T19:38:13.143548
2025-03,Cargos Efetivos,Procurador,C,63,GAL,"966,51",,2025-06-16T19:38:13.143548
2025-03,Cargos Efetivos,Procurador,ESPECIAL,64-E,GAL,"1005,17",,2025-06-16T19:38:13.143548
2025-03,Cargos Efetivos,Procurador,ESPECIAL,65-E,GAL,"1030,3",,2025-06-16T19:38:13.143548
2025-03,Cargos Efetivos,Procurador,ESPECIAL,66-E,GAL,"1056,06",,2025-06-16T19:38:13.143548
2025-03,Cargos Efetivos,Procurador,ESPECIAL,67-E,GAL,"1082,46",,2025-06-16T19:38:13.143548
2025-03,Cargos Efetivos,Procurador,ESPECIAL,68-E,GAL,"1109,52",,2025-06-16T19:38:13.143548
2025-03,Cargos Efetivos,Procurador,ESPECIAL,69-E,GAL,"1137,26",,2025-06-16T19:38:13.143548
2025-03,Cargos Efetivos,Procurador,A,46,GAL,617,,2025-06-16T19:38:13.143548
2025-03,Cargos Efetivos,Procurador,A,47,GAL,"632,42",,2025-06-16T19:38:13.143548
2025-03,Cargos Efetivos,Procurador,A,48,GAL,"648,23",,2025-06-16T19:38:13.143548
2025-03,Cargos Efetivos,Procurador,A,49,Padrao,49,,2025-06-16T19:38:13.143548
2025-03,Cargos Efetivos,Procurador,A,50,Padrao,50,,2025-06-16T19:38:13.143548
2025-03,Cargos Efetivos,Procurador,A,51,Padrao,51,,2025-06-16T19:38:13.143548
2025-03,Cargos Efetivos,Procurador,B,52,Padrao,52,,2025-06-16T19:38:13.143548
2025-03,Cargos Efetivos,Procurador,B,53,Padrao,53,,2025-06-16T19:38:13.143548
2025-03,Cargos Efetivos,Procurador,B,54,Padrao,54,,2025-06-16T19:38:13.143548
2025-03,Cargos Efetivos,Procurador,B,55,Padrao,55,,2025-06-16T19:38:13.143548
2025-03,Cargos Efetivos,Procurador,B,56,Padrao,56,,2025-06-16T19:38:13.143548
2025-03,Cargos Efetivos,Procurador,B,57,Padrao,57,,2025-06-16T19:38:13.143548
2025-03,Cargos Efetivos,Procurador,C,58,Padrao,58,,2025-06-16T19:38:13.143548
2025-03,Cargos Efetivos,Procurador,C,59,Padrao,59,,2025-06-16T19:38:13.143548
2025-03,Cargos Efetivos,Procurador,C,60,Padrao,60,,2025-06-16T19:38:13.143548
2025-03,Cargos Efetivos,Procurador,C,61,Padrao,61,,2025-06-16T19:38:13.143548
2025-03,Cargos Efetivos,Procurador,C,62,Padrao,62,,2025-06-16T19:38:13.143548
2025-03,Cargos Efetivos,Procurador,C,63,Padrao,63,,2025-06-16T19:38:13.143548
2025-03,Cargos Efetivos,Procurador,ESPECIAL,64-E,Padrao,64-E,,2025-06-16T19:38:13.143548
2025-03,Cargos Efetivos,Procurador,ESPECIAL,65-E,Padrao,65-E,,2025-06-16T19:38:13.143548
2025-03,Cargos Efetivos,Procurador,ESPECIAL,66-E,Padrao,66-E,,2025-06-16T19:38:13.143548
2025-03,Cargos Efetivos,Procurador,ESPECIAL,67-E,Padrao,67-E,,2025-06-16T19:38:13.143548
2025-03,Cargos Efetivos,Procurador,ESPECIAL,68-E,Padrao,68-E,,2025-06-16T19:38:13.143548
2025-03,Cargos Efetivos,Procurador,ESPECIAL,69-E,Padrao,69-E,,2025-06-16T19:38:13.143548
2025-03,Cargos Efetivos,Procurador,A,46,Padrao,46,,2025-06-16T19:38:13.143548
2025-03,Cargos Efetivos,Procurador,A,47,Padrao,47,,2025-06-16T19:38:13.143548
2025-03,Cargos Efetivos,Procurador,A,48,Padrao,48,,2025-06-16T19:38:13.143548
2025-03,Cargos Efetivos,Procurador,A,49,Total,"22812,33",,2025-06-16T19:38:13.143548
2025-03,Cargos Efetivos,Procurador,A,50,Total,"23382,64",,2025-06-16T19:38:13.143548
2025-03,Cargos Efetivos,Procurador,A,51,Total,"23967,19",,2025-06-16T19:38:13.143548
2025-03,Cargos Efetivos,Procurador,B,52,Total,"24925,89",,2025-06-16T19:38:13.143548
2025-03,Cargos Efetivos,Procurador,B,53,Total,"25549,04",,2025-06-16T19:38:13.143548
2025-03,Cargos Efetivos,Procurador,B,54,Total,"26187,75",,2025-06-16T19:38:13.143548
2025-03,Cargos Efetivos,Procurador,B,55,Total,"26842,45",,2025-06-16T19:38:13.143548
2025-03,Cargos Efetivos,Procurador,B,56,Total,"27513,51",,2025-06-16T19:38:13.143548
2025-03,Cargos Efetivos,Procurador,B,57,Total,"28201,35",,2025-06-16T19:38:13.143548
2025-03,Cargos Efetivos,Procurador,C,58,Total,"29329,4",,2025-06-16T19:38:13.143548
2025-03,Cargos Efetivos,Procurador,C,59,Total,"30062,64",,2025-06-16T19:38:13.143548
2025-03,Cargos Efetivos,Procurador,C,60,Total,"30814,21",,2025-06-16T19:38:13.143548
2025-03,Cargos Efetivos,Procurador,C,61,Total,"31584,56",,2025-06-16T19:38:13.143548
2025-03,Cargos Efetivos,Procurador,C,62,Total,"32374,18",,2025-06-16T19:38:13.143548
2025-03,Cargos Efetivos,Procurador,C,63,Total,"33183,52",,2025-06-16T19:38:13.143548
2025-03,Cargos Efetivos,Procurador,ESPECIAL,64-E,Total,"34510,86",,2025-06-16T19:38:13.143548
2025-03,Cargos Efetivos,Procurador,ESPECIAL,65-E,Total,"35373,63",,2025-06-16T19:38:13.143548
2025-03,Cargos Efetivos,Procurador,ESPECIAL,66-E,Total,"36257,97",,2025-06-16T19:38:13.143548
2025-03,Cargos Efetivos,Procurador,ESPECIAL,67-E,Total,"37164,42",,2025-06-16T19:38:13.143548
2025-03,Cargos Efetivos,Procurador,ESPECIAL,68-E,Total,"38093,52",,2025-06-16T19:38:13.143548
2025-03,Cargos Efetivos,Procurador,ESPECIAL,69-E,Total,"39045,86",,2025-06-16T19:38:13.143548
2025-03,Cargos Efetivos,Procurador,A,46,Total,"21183,52",,2025-06-16T19:38:13.143548
2025-03,Cargos Efetivos,Procurador,A,47,Total,"21713,1",,2025-06-16T19:38:13.143548
2025-03,Cargos Efetivos,Procurador,A,48,Total,"22255,93",,2025-06-16T19:38:13.143548
2025-03,Cargos Efetivos,Procurador,A,49,Vencimento,"22147,89",,2025-06-16T19:38:13.143548
2025-03,Cargos Efetivos,Procurador,A,50,Vencimento,"22701,59",,2025-06-16T19:38:13.143548
2025-03,Cargos Efetivos,Procurador,A,51,Vencimento,"23269,12",,2025-06-16T19:38:13.143548
2025-03,Cargos Efetivos,Procurador,B,52,Vencimento,"24199,89",,2025-06-16T19:38:13.143548
2025-03,Cargos Efetivos,Procurador,B,53,Vencimento,"24804,89",,2025-06-16T19:38:13.143548
2025-03,Cargos Efetivos,Procurador,B,54,Vencimento,25425,,2025-06-16T19:38:13.143548
2025-03,Cargos Efetivos,Procurador,B,55,Vencimento,"26060,63",,2025-06-16T19:38:13.143548
2025-03,Cargos Efetivos,Procurador,B,56,Vencimento,"26712,15",,2025-06-16T19:38:13.143548
2025-03,Cargos Efetivos,Procurador,B,57,Vencimento,"27379,95",,2025-06-16T19:38:13.143548
2025-03,Cargos Efetivos,Procurador,C,58,Vencimento,"28475,15",,2025-06-16T19:38:13.143548
2025-03,Cargos Efetivos,Procurador,C,59,Vencimento,"29187,03",,2025-06-16T19:38:13.143548
2025-03,Cargos Efetivos,Procurador,C,60,Vencimento,"29916,71",,2025-06-16T19:38:13.143548
2025-03,Cargos Efetivos,Procurador,C,61,Vencimento,"30664,62",,2025-06-16T19:38:13.143548
2025-03,Cargos Efetivos,Procurador,C,62,Vencimento,"31431,24",,2025-06-16T19:38:13.143548
2025-03,Cargos Efetivos,Procurador,C,63,Vencimento,"32217,01",,2025-06-16T19:38:13.143548
2025-03,Cargos Efetivos,Procurador,ESPECIAL,64-E,Vencimento,"33505,69",,2025-06-16T19:38:13.143548
2025-03,Cargos Efetivos,Procurador,ESPECIAL,65-E,Vencimento,"34343,33",,2025-06-16T19:38:13.143548
2025-03,Cargos Efetivos,Procurador,ESPECIAL,66-E,Vencimento,"35201,91",,2025-06-16T19:38:13.143548
2025-03,Cargos Efetivos,Procurador,ESPECIAL,67-E,Vencimento,"36081,96",,2025-06-16T19:38:13.143548
2025-03,Cargos Efetivos,Procurador,ESPECIAL,68-E,Vencimento,36984,,2025-06-16T19:38:13.143548
2025-03,Cargos Efetivos,Procurador,ESPECIAL,69-E,Vencimento,"37908,6",,2025-06-16T19:38:13.143548
2025-03,Cargos Efetivos,Procurador,A,46,Vencimento,"20566,52",,2025-06-16T19:38:13.143548
2025-03,Cargos Efetivos,Procurador,A,47,Vencimento,"21080,68",,2025-06-16T19:38:13.143548
2025-03,Cargos Efetivos,Procurador,A,48,Vencimento,"21607,7",,2025-06-16T19:38:13.143548
2025-03,Cargos Efetivos,Técnico Administrativo,A,16,Classe,A,,2025-06-16T19:38:13.143548
2025-03,Cargos Efetivos,Técnico Administrativo,A,17,Classe,A,,2025-06-16T19:38:13.143548
2025-03,Cargos Efetivos,Técnico Administrativo,A,18,Classe,A,,2025-06-16T19:38:13.143548
2025-03,Cargos Efetivos,Técnico Administrativo,A,19,Classe,A,,2025-06-16T19:38:13.143548
2025-03,Cargos Efetivos,Técnico Administrativo,A,20,Classe,A,,2025-06-16T19:38:13.143548
2025-03,Cargos Efetivos,Técnico Administrativo,A,21,Classe,A,,2025-06-16T19:38:13.143548
2025-03,Cargos Efetivos,Técnico Administrativo,B,22,Classe,B,,2025-06-16T19:38:13.143548
2025-03,Cargos Efetivos,Técnico Administrativo,B,23,Classe,B,,2025-06-16T19:38:13.143548
2025-03,Cargos Efetivos,Técnico Administrativo,B,24,Classe,B,,2025-06-16T19:38:13.143548
2025-03,Cargos Efetivos,Técnico Administrativo,B,25,Classe,B,,2025-06-16T19:38:13.143548
2025-03,Cargos Efetivos,Técnico Administrativo,B,26,Classe,B,,2025-06-16T19:38:13.143548
2025-03,Cargos Efetivos,Técnico Administrativo,B,27,Classe,B,,2025-06-16T19:38:13.143548
2025-03,Cargos Efetivos,Técnico Administrativo,C,28,Classe,C,,2025-06-16T19:38:13.143548
2025-03,Cargos Efetivos,Técnico Administrativo,C,29,Classe,C,,2025-06-16T19:38:13.143548
2025-03,Cargos Efetivos,Técnico Administrativo,C,30,Classe,C,,2025-06-16T19:38:13.143548
2025-03,Cargos Efetivos,Técnico Administrativo,C,31,Classe,C,,2025-06-16T19:38:13.143548
2025-03,Cargos Efetivos,Técnico Administrativo,C,32,Classe,C,,2025-06-16T19:38:13.143548
2025-03,Cargos Efetivos,Técnico Administrativo,C,33,Classe,C,,2025-06-16T19:38:13.143548
2025-03,Cargos Efetivos,Técnico Administrativo,ESPECIAL,34-E,Classe,ESPECIAL,,2025-06-16T19:38:13.143548
2025-03,Cargos Efetivos,Técnico Administrativo,ESPECIAL,35-E,Classe,ESPECIAL,,2025-06-16T19:38:13.143548
2025-03,Cargos Efetivos,Técnico Administrativo,ESPECIAL,36-E,Classe,ESPECIAL,,2025-06-16T19:38:13.143548
2025-03,Cargos Efetivos,Técnico Administrativo,ESPECIAL,37-E,Classe,ESPECIAL,,2025-06-16T19:38:13.143548
2025-03,Cargos Efetivos,Técnico Administrativo,ESPECIAL,38-E,Classe,ESPECIAL,,2025-06-16T19:38:13.143548
2025-03,Cargos Efetivos,Técnico Administrativo,ESPECIAL,39-E,Classe,ESPECIAL,,2025-06-16T19:38:13.143548
2025-03,Cargos Efetivos,Técnico Administrativo,A,16,GAL,"277,54",,2025-06-16T19:38:13.143548
2025-03,Cargos Efetivos,Técnico Administrativo,A,17,GAL,"284,48",,2025-06-16T19:38:13.143548
2025-03,Cargos Efetivos,Técnico Administrativo,A,18,GAL,"291,59",,2025-06-16T19:38:13.143548
2025-03,Cargos Efetivos,Técnico Administrativo,A,19,GAL,"298,88",,2025-06-16T19:38:13.143548
2025-03,Cargos Efetivos,Técnico Administrativo,A,20,GAL,"306,35",,2025-06-16T19:38:13.143548
2025-03,Cargos Efetivos,Técnico Administrativo,A,21,GAL,"314,01",,2025-06-16T19:38:13.143548
2025-03,Cargos Efetivos,Técnico Administrativo,B,22,GAL,"326,57",,2025-06-16T19:38:13.143548
2025-03,Cargos Efetivos,Técnico Administrativo,B,23,GAL,"334,74",,2025-06-16T19:38:13.143548
2025-03,Cargos Efetivos,Técnico Administrativo,B,24,GAL,"343,11",,2025-06-16T19:38:13.143548
2025-03,Cargos Efetivos,Técnico Administrativo,B,25,GAL,"351,68",,2025-06-16T19:38:13.143548
2025-03,Cargos Efetivos,Técnico Administrativo,B,26,GAL,"360,48",,2025-06-16T19:38:13.143548
2025-03,Cargos Efetivos,Técnico Administrativo,B,27,GAL,"369,49",,2025-06-16T19:38:13.143548
2025-03,Cargos Efetivos,Técnico Administrativo,C,28,GAL,"384,27",,2025-06-16T19:38:13.143548
2025-03,Cargos Efetivos,Técnico Administrativo,C,29,GAL,"393,87",,2025-06-16T19:38:13.143548
2025-03,Cargos Efetivos,Técnico Administrativo,C,30,GAL,"403,72",,2025-06-16T19:38:13.143548
2025-03,Cargos Efetivos,Técnico Administrativo,C,31,GAL,"413,81",,2025-06-16T19:38:13.143548
2025-03,Cargos Efetivos,Técnico Administrativo,C,32,GAL,"424,16",,2025-06-16T19:38:13.143548
2025-03,Cargos Efetivos,Técnico Administrativo,C,33,GAL,"434,76",,2025-06-16T19:38:13.143548
2025-03,Cargos Efetivos,Técnico Administrativo,ESPECIAL,34-E,GAL,"452,15",,2025-06-16T19:38:13.143548
2025-03,Cargos Efetivos,Técnico Administrativo,ESPECIAL,35-E,GAL,"463,46",,2025-06-16T19:38:13.143548
2025-03,Cargos Efetivos,Técnico Administrativo,ESPECIAL,36-E,GAL,"475,04",,2025-06-16T19:38:13.143548
2025-03,Cargos Efetivos,Técnico Administrativo,ESPECIAL,37-E,GAL,"486,92",,2025-06-16T19:38:13.143548
2025-03,Cargos Efetivos,Técnico Administrativo,ESPECIAL,38-E,GAL,"499,09",,2025-06-16T19:38:13.143548
2025-03,Cargos Efetivos,Técnico Administrativo,ESPECIAL,39-E,GAL,"511,57",,2025-06-16T19:38:13.143548
2025-03,Cargos Efetivos,Técnico Administrativo,A,16,Padrao,16,,2025-06-16T19:38:13.143548
2025-03,Cargos Efetivos,Técnico Administrativo,A,17,Padrao,17,,2025-06-16T19:38:13.143548
2025-03,Cargos Efetivos,Técnico Administrativo,A,18,Padrao,18,,2025-06-16T19:38:13.143548
2025-03,Cargos Efetivos,Técnico Administrativo,A,19,Padrao,19,,2025-06-16T19:38:13.143548
2025-03,Cargos Efetivos,Técnico Administrativo,A,20,Padrao,20,,2025-06-16T19:38:13.143548
2025-03,Cargos Efetivos,Técnico Administrativo,A,21,Padrao,21,,2025-06-16T19:38:13.143548
2025-03,Cargos Efetivos,Técnico Administrativo,B,22,Padrao,22,,2025-06-16T19:38:13.143548
2025-03,Cargos Efetivos,Técnico Administrativo,B,23,Padrao,23,,2025-06-16T19:38:13.143548
2025-03,Cargos Efetivos,Técnico Administrativo,B,24,Padrao,24,,2025-06-16T19:38:13.143548
2025-03,Cargos Efetivos,Técnico Administrativo,B,25,Padrao,25,,2025-06-16T19:38:13.143548
2025-03,Cargos Efetivos,Técnico Administrativo,B,26,Padrao,26,,2025-06-16T19:38:13.143548
2025-03,Cargos Efetivos,Técnico Administrativo,B,27,Padrao,27,,2025-06-16T19:38:13.143548
2025-03,Cargos Efetivos,Técnico Administrativo,C,28,Padrao,28,,2025-06-16T19:38:13.143548
2025-03,Cargos Efetivos,Técnico Administrativo,C,29,Padrao,29,,2025-06-16T19:38:13.143548
2025-03,Cargos Efetivos,Técnico Administrativo,C,30,Padrao,30,,2025-06-16T19:38:13.143548
2025-03,Cargos Efetivos,Técnico Administrativo,C,31,Padrao,31,,2025-06-16T19:38:13.143548
2025-03,Cargos Efetivos,Técnico Administrativo,C,32,Padrao,32,,2025-06-16T19:38:13.143548
2025-03,Cargos Efetivos,Técnico Administrativo,C,33,Padrao,33,,2025-06-16T19:38:13.143548
2025-03,Cargos Efetivos,Técnico Administrativo,ESPECIAL,34-E,Padrao,34-E,,2025-06-16T19:38:13.143548
2025-03,Cargos Efetivos,Técnico Administrativo,ESPECIAL,35-E,Padrao,35-E,,2025-06-16T19:38:13.143548
2025-03,Cargos Efetivos,Técnico Administrativo,ESPECIAL,36-E,Padrao,36-E,,2025-06-16T19:38:13.143548
2025-03,Cargos Efetivos,Técnico Administrativo,ESPECIAL,37-E,Padrao,37-E,,2025-06-16T19:38:13.143548
2025-03,Cargos Efetivos,Técnico Administrativo,ESPECIAL,38-E,Padrao,38-E,,2025-06-16T19:38:13.143548
2025-03,Cargos Efetivos,Técnico Administrativo,ESPECIAL,39-E,Padrao,39-E,,2025-06-16T19:38:13.143548
2025-03,Cargos Efetivos,Técnico Administrativo,A,16,Total,"9528,92",,2025-06-16T19:38:13.143548
2025-03,Cargos Efetivos,Técnico Administrativo,A,17,Total,"9767,15",,2025-06-16T19:38:13.143548
2025-03,Cargos Efetivos,Técnico Administrativo,A,18,Total,"10011,32",,2025-06-16T19:38:13.143548
2025-03,Cargos Efetivos,Técnico Administrativo,A,19,Total,"10261,61",,2025-06-16T19:38:13.143548
2025-03,Cargos Efetivos,Técnico Administrativo,A,20,Total,"10518,15",,2025-06-16T19:38:13.143548
2025-03,Cargos Efetivos,Técnico Administrativo,A,21,Total,"10781,1",,2025-06-16T19:38:13.143548
2025-03,Cargos Efetivos,Técnico Administrativo,B,22,Total,"11212,35",,2025-06-16T19:38:13.143548
2025-03,Cargos Efetivos,Técnico Administrativo,B,23,Total,"11492,67",,2025-06-16T19:38:13.143548
2025-03,Cargos Efetivos,Técnico Administrativo,B,24,Total,"11779,99",,2025-06-16T19:38:13.143548
2025-03,Cargos Efetivos,Técnico Administrativo,B,25,Total,"12074,49",,2025-06-16T19:38:13.143548
2025-03,Cargos Efetivos,Técnico Administrativo,B,26,Total,"12376,35",,2025-06-16T19:38:13.143548
2025-03,Cargos Efetivos,Técnico Administrativo,B,27,Total,"12685,76",,2025-06-16T19:38:13.143548
2025-03,Cargos Efetivos,Técnico Administrativo,C,28,Total,"13193,19",,2025-06-16T19:38:13.143548
2025-03,Cargos Efetivos,Técnico Administrativo,C,29,Total,"13523,01",,2025-06-16T19:38:13.143548
2025-03,Cargos Efetivos,Técnico Administrativo,C,30,Total,"13861,09",,2025-06-16T19:38:13.143548
2025-03,Cargos Efetivos,Técnico Administrativo,C,31,Total,"14207,61",,2025-06-16T19:38:13.143548
2025-03,Cargos Efetivos,Técnico Administrativo,C,32,Total,"14562,8",,2025-06-16T19:38:13.143548
2025-03,Cargos Efetivos,Técnico Administrativo,C,33,Total,"14926,86",,2025-06-16T19:38:13.143548
2025-03,Cargos Efetivos,Técnico Administrativo,ESPECIAL,34-E,Total,"15523,93",,2025-06-16T19:38:13.143548
2025-03,Cargos Efetivos,Técnico Administrativo,ESPECIAL,35-E,Total,"15912,04",,2025-06-16T19:38:13.143548
2025-03,Cargos Efetivos,Técnico Administrativo,ESPECIAL,36-E,Total,"16309,83",,2025-06-16T19:38:13.143548
2025-03,Cargos Efetivos,Técnico Administrativo,ESPECIAL,37-E,Total,"16717,58",,2025-06-16T19:38:13.143548
2025-03,Cargos Efetivos,Técnico Administrativo,ESPECIAL,38-E,Total,"17135,51",,2025-06-16T19:38:13.143548
2025-03,Cargos Efetivos,Técnico Administrativo,ESPECIAL,39-E,Total,"17563,91",,2025-06-16T19:38:13.143548
2025-03,Cargos Efetivos,Técnico Administrativo,A,16,Vencimento,"9251,38",,2025-06-16T19:38:13.143548
2025-03,Cargos Efetivos,Técnico Administrativo,A,17,Vencimento,"9482,67",,2025-06-16T19:38:13.143548
2025-03,Cargos Efetivos,Técnico Administrativo,A,18,Vencimento,"9719,73",,2025-06-16T19:38:13.143548
2025-03,Cargos Efetivos,Técnico Administrativo,A,19,Vencimento,"9962,73",,2025-06-16T19:38:13.143548
2025-03,Cargos Efetivos,Técnico Administrativo,A,20,Vencimento,"10211,8",,2025-06-16T19:38:13.143548
2025-03,Cargos Efetivos,Técnico Administrativo,A,21,Vencimento,"10467,09",,2025-06-16T19:38:13.143548
2025-03,Cargos Efetivos,Técnico Administrativo,B,22,Vencimento,"10885,78",,2025-06-16T19:38:13.143548
2025-03,Cargos Efetivos,Técnico Administrativo,B,23,Vencimento,"11157,93",,2025-06-16T19:38:13.143548
2025-03,Cargos Efetivos,Técnico Administrativo,B,24,Vencimento,"11436,88",,2025-06-16T19:38:13.143548
2025-03,Cargos Efetivos,Técnico Administrativo,B,25,Vencimento,"11722,81",,2025-06-16T19:38:13.143548
2025-03,Cargos Efetivos,Técnico Administrativo,B,26,Vencimento,"12015,87",,2025-06-16T19:38:13.143548
2025-03,Cargos Efetivos,Técnico Administrativo,B,27,Vencimento,"12316,27",,2025-06-16T19:38:13.143548
2025-03,Cargos Efetivos,Técnico Administrativo,C,28,Vencimento,"12808,92",,2025-06-16T19:38:13.143548
2025-03,Cargos Efetivos,Técnico Administrativo,C,29,Vencimento,"13129,14",,2025-06-16T19:38:13.143548
2025-03,Cargos Efetivos,Técnico Administrativo,C,30,Vencimento,"13457,37",,2025-06-16T19:38:13.143548
2025-03,Cargos Efetivos,Técnico Administrativo,C,31,Vencimento,"13793,8",,2025-06-16T19:38:13.143548
2025-03,Cargos Efetivos,Técnico Administrativo,C,32,Vencimento,"14138,64",,2025-06-16T19:38:13.143548
2025-03,Cargos Efetivos,Técnico Administrativo,C,33,Vencimento,"14492,1",,2025-06-16T19:38:13.143548
2025-03,Cargos Efetivos,Técnico Administrativo,ESPECIAL,34-E,Vencimento,"15071,78",,2025-06-16T19:38:13.143548
2025-03,Cargos Efetivos,Técnico Administrativo,ESPECIAL,35-E,Vencimento,"15448,58",,2025-06-16T19:38:13.143548
2025-03,Cargos Efetivos,Técnico Administrativo,ESPECIAL,36-E,Vencimento,"15834,79",,2025-06-16T19:38:13.143548
2025-03,Cargos Efetivos,Técnico Administrativo,ESPECIAL,37-E,Vencimento,"16230,66",,2025-06-16T19:38:13.143548
2025-03,Cargos Efetivos,Técnico Administrativo,ESPECIAL,38-E,Vencimento,"16636,42",,2025-06-16T19:38:13.143548
2025-03,Cargos Efetivos,Técnico Administrativo,ESPECIAL,39-E,Vencimento,"17052,34",,2025-06-16T19:38:13.143548
2025-03,Subsídio e benefícios,Auxílio Alimentação,,,Fonte Legal,Resolução nº 354/2025,Resolução nº 354/2025,2025-06-16T20:13:08.296758
2025-03,Subsídio e benefícios,Auxílio Alimentação,,,Valor,"1.935,12",Resolução nº 354/2025,2025-06-16T20:13:08.296758
2025-03,Subsídio e benefícios,Auxílio Natalidade,,,Fonte Legal,Lei Complementar nº 840/2011,Lei Complementar nº 840/2011,2025-06-16T20:13:08.296758
2025-03,Subsídio e benefícios,Auxílio Natalidade,,,Valor,"1.518,00",Lei Complementar nº 840/2011,2025-06-16T20:13:08.296758
2025-03,Subsídio e benefícios,Auxílio Pré-escolar,,,Fonte Legal,Resolução nº 354/2025,Resolução nº 354/2025,2025-06-16T20:13:08.296758
2025-03,Subsídio e benefícios,Auxílio Pré-escolar,,,Valor,"1.230,00",Resolução nº 354/2025,2025-06-16T20:13:08.296758
2025-03,Subsídio e benefícios,Subsídio de Deputado,,,Fonte Legal,Decreto Legislativo nº 2.382/2022,Decreto Legislativo nº 2.382/2022,2025-06-16T20:13:08.296758
2025-03,Subsídio e benefícios,Subsídio de Deputado,,,Valor,"34.774,64",Decreto Legislativo nº 2.382/2022,2025-06-16T20:13:08.296758
2025-03,Subsídio e benefícios,Verba Indenizatória,,,Fonte Legal,Decreto Legislativo nº 996/2002,Decreto Legislativo nº 996/2002,2025-06-16T20:13:08.296758
2025-03,Subsídio e benefícios,Verba Indenizatória,,,Valor,"20.864,78",Decreto Legislativo nº 996/2002,2025-06-16T20:13:08.296758
2026-04,Cargos Comissionados,CL-01,,,55% do Vencimento,"1.769,95",,2026-04-06T21:51:29.740095
2026-04,Cargos Comissionados,CL-01,,,Remuneração Integral,"5.148,96",,2026-04-06T21:51:29.740095
2026-04,Cargos Comissionados,CL-01,,,Remuneração com Efetivo,"3.700,81",,2026-04-06T21:51:29.740095
2026-04,Cargos Comissionados,CL-01,,,Representação Mensal,"1.930,86",,2026-04-06T21:51:29.740095
2026-04,Cargos Comissionados,CL-01,,,Vencimento,"3.218,10",,2026-04-06T21:51:29.740095
2026-04,Cargos Comissionados,CL-02,,,55% do Vencimento,"1.966,61",,2026-04-06T21:51:29.740095
2026-04,Cargos Comissionados,CL-02,,,Remuneração Integral,"5.721,06",,2026-04-06T21:51:29.740095
2026-04,Cargos Comissionados,CL-02,,,Remuneração com Efetivo,"4.112,01",,2026-04-06T21:51:29.740095
2026-04,Cargos Comissionados,CL-02,,,Representação Mensal,"2.145,40",,2026-04-06T21:51:29.740095
2026-04,Cargos Comissionados,CL-02,,,Vencimento,"3.575,66",,2026-04-06T21:51:29.740095
2026-04,Cargos Comissionados,CL-03,,,55% do Vencimento,"2.185,12",,2026-04-06T21:51:29.740095
2026-04,Cargos Comissionados,CL-03,,,Remuneração Integral,"6.356,74",,2026-04-06T21:51:29.740095
2026-04,Cargos Comissionados,CL-03,,,Remuneração com Efetivo,"4.568,90",,2026-04-06T21:51:29.740095
2026-04,Cargos Comissionados,CL-03,,,Representação Mensal,"2.383,78",,2026-04-06T21:51:29.740095
2026-04,Cargos Comissionados,CL-03,,,Vencimento,"3.972,96",,2026-04-06T21:51:29.740095
2026-04,Cargos Comissionados,CL-04,,,55% do Vencimento,"2.427,92",,2026-04-06T21:51:29.740095
2026-04,Cargos Comissionados,CL-04,,,Remuneração Integral,"7.063,06",,2026-04-06T21:51:29.740095
2026-04,Cargos Comissionados,CL-04,,,Remuneração com Efetivo,"5.076,57",,2026-04-06T21:51:29.740095
2026-04,Cargos Comissionados,CL-04,,,Representação Mensal,"2.648,65",,2026-04-06T21:51:29.740095
2026-04,Cargos Comissionados,CL-04,,,Vencimento,"4.414,41",,2026-04-06T21:51:29.740095
2026-04,Cargos Comissionados,CL-05,,,55% do Vencimento,"2.697,70",,2026-04-06T21:51:29.740095
2026-04,Cargos Comissionados,CL-05,,,Remuneração Integral,"7.847,86",,2026-04-06T21:51:29.740095
2026-04,Cargos Comissionados,CL-05,,,Remuneração com Efetivo,"5.640,65",,2026-04-06T21:51:29.740095
2026-04,Cargos Comissionados,CL-05,,,Representação Mensal,"2.942,95",,2026-04-06T21:51:29.740095
2026-04,Cargos Comissionados,CL-05,,,Vencimento,"4.904,91",,2026-04-06T21:51:29.740095
2026-04,Cargos Comissionados,CL-06,,,55% do Vencimento,"2.997,45",,2026-04-06T21:51:29.740095
2026-04,Cargos Comissionados,CL-06,,,Remuneração Integral,"8.719,86",,2026-04-06T21:51:29.740095
2026-04,Cargos Comissionados,CL-06,,,Remuneração com Efetivo,"6.267,40",,2026-04-06T21:51:29.740095
2026-04,Cargos Comissionados,CL-06,,,Representação Mensal,"3.269,95",,2026-04-06T21:51:29.740095
2026-04,Cargos Comissionados,CL-06,,,Vencimento,"5.449,91",,2026-04-06T21:51:29.740095
2026-04,Cargos Comissionados,CL-07,,,55% do Vencimento,"3.330,50",,2026-04-06T21:51:29.740095
2026-04,Cargos Comissionados,CL-07,,,Remuneração Integral,"9.688,75",,2026-04-06T21:51:29.740095
2026-04,Cargos Comissionados,CL-07,,,Remuneração com Efetivo,"6.963,78",,2026-04-06T21:51:29.740095
2026-04,Cargos Comissionados,CL-07,,,Representação Mensal,"3.633,28",,2026-04-06T21:51:29.740095
2026-04,Cargos Comissionados,CL-07,,,Vencimento,"6.055,47",,2026-04-06T21:51:29.740095
2026-04,Cargos Comissionados,CL-08,,,55% do Vencimento,"3.700,56",,2026-04-06T21:51:29.740095
2026-04,Cargos Comissionados,CL-08,,,Remuneração Integral,"10.765,28",,2026-04-06T21:51:29.740095
2026-04,Cargos Comissionados,CL-08,,,Remuneração com Efetivo,"7.737,54",,2026-04-06T21:51:29.740095
2026-04,Cargos Comissionados,CL-08,,,Representação Mensal,"4.036,98",,2026-04-06T21:51:29.740095
2026-04,Cargos Comissionados,CL-08,,,Vencimento,"6.728,30",,2026-04-06T21:51:29.740095
2026-04,Cargos Comissionados,CL-09,,,55% do Vencimento,"4.111,75",,2026-04-06T21:51:29.740095
2026-04,Cargos Comissionados,CL-09,,,Remuneração Integral,"11.961,46",,2026-04-06T21:51:29.740095
2026-04,Cargos Comissionados,CL-09,,,Remuneração com Efetivo,"8.597,30",,2026-04-06T21:51:29.740095
2026-04,Cargos Comissionados,CL-09,,,Representação Mensal,"4.485,55",,2026-04-06T21:51:29.740095
2026-04,Cargos Comissionados,CL-09,,,Vencimento,"7.475,91",,2026-04-06T21:51:29.740095
2026-04,Cargos Comissionados,CL-10,,,55% do Vencimento,"4.568,61",,2026-04-06T21:51:29.740095
2026-04,Cargos Comissionados,CL-10,,,Remuneração Integral,"13.290,51",,2026-04-06T21:51:29.740095
2026-04,Cargos Comissionados,CL-10,,,Remuneração com Efetivo,"9.552,55",,2026-04-06T21:51:29.740095
2026-04,Cargos Comissionados,CL-10,,,Representação Mensal,"4.983,94",,2026-04-06T21:51:29.740095
2026-04,Cargos Comissionados,CL-10,,,Vencimento,"8.306,57",,2026-04-06T21:51:29.740095
2026-04,Cargos Comissionados,CL-11,,,55% do Vencimento,"5.076,24",,2026-04-06T21:51:29.740095
2026-04,Cargos Comissionados,CL-11,,,Remuneração Integral,"14.767,26",,2026-04-06T21:51:29.740095
2026-04,Cargos Comissionados,CL-11,,,Remuneração com Efetivo,"10.613,96",,2026-04-06T21:51:29.740095
2026-04,Cargos Comissionados,CL-11,,,Representação Mensal,"5.537,72",,2026-04-06T21:51:29.740095
2026-04,Cargos Comissionados,CL-11,,,Vencimento,"9.229,54",,2026-04-06T21:51:29.740095
2026-04,Cargos Comissionados,CL-12,,,55% do Vencimento,"5.640,28",,2026-04-06T21:51:29.740095
2026-04,Cargos Comissionados,CL-12,,,Remuneração Integral,"16.408,11",,2026-04-06T21:51:29.740095
2026-04,Cargos Comissionados,CL-12,,,Remuneração com Efetivo,"11.793,32",,2026-04-06T21:51:29.740095
2026-04,Cargos Comissionados,CL-12,,,Representação Mensal,"6.153,04",,2026-04-06T21:51:29.740095
2026-04,Cargos Comissionados,CL-12,,,Vencimento,"10.255,07",,2026-04-06T21:51:29.740095
2026-04,Cargos Comissionados,CL-13,,,55% do Vencimento,"6.266,98",,2026-04-06T21:51:29.740095
2026-04,Cargos Comissionados,CL-13,,,Remuneração Integral,"18.231,23",,2026-04-06T21:51:29.740095
2026-04,Cargos Comissionados,CL-13,,,Remuneração com Efetivo,"13.103,69",,2026-04-06T21:51:29.740095
2026-04,Cargos Comissionados,CL-13,,,Representação Mensal,"6.836,71",,2026-04-06T21:51:29.740095
2026-04,Cargos Comissionados,CL-13,,,Vencimento,"11.394,52",,2026-04-06T21:51:29.740095
2026-04,Cargos Comissionados,CL-14,,,55% do Vencimento,"6.963,31",,2026-04-06T21:51:29.740095
2026-04,Cargos Comissionados,CL-14,,,Remuneração Integral,"20.256,93",,2026-04-06T21:51:29.740095
2026-04,Cargos Comissionados,CL-14,,,Remuneração com Efetivo,"14.559,66",,2026-04-06T21:51:29.740095
2026-04,Cargos Comissionados,CL-14,,,Representação Mensal,"7.596,35",,2026-04-06T21:51:29.740095
2026-04,Cargos Comissionados,CL-14,,,Vencimento,"12.660,58",,2026-04-06T21:51:29.740095
2026-04,Cargos Comissionados,CL-15,,,55% do Vencimento,"7.737,02",,2026-04-06T21:51:29.740095
2026-04,Cargos Comissionados,CL-15,,,Remuneração Integral,"22.507,71",,2026-04-06T21:51:29.740095
2026-04,Cargos Comissionados,CL-15,,,Remuneração com Efetivo,"16.177,41",,2026-04-06T21:51:29.740095
2026-04,Cargos Comissionados,CL-15,,,Representação Mensal,"8.440,39",,2026-04-06T21:51:29.740095
2026-04,Cargos Comissionados,CL-15,,,Vencimento,"14.067,32",,2026-04-06T21:51:29.740095
2026-04,Cargos Comissionados,CNE-01,,,55% do Vencimento,"9.083,75",,2026-04-06T21:51:29.740095
2026-04,Cargos Comissionados,CNE-01,,,Remuneração Integral,"26.425,45",,2026-04-06T21:51:29.740095
2026-04,Cargos Comissionados,CNE-01,,,Remuneração com Efetivo,"18.993,29",,2026-04-06T21:51:29.740095
2026-04,Cargos Comissionados,CNE-01,,,Representação Mensal,"9.909,54",,2026-04-06T21:51:29.740095
2026-04,Cargos Comissionados,CNE-01,,,Vencimento,"16.515,91",,2026-04-06T21:51:29.740095
2026-04,Cargos Comissionados,CNE-02,,,55% do Vencimento,"9.689,31",,2026-04-06T21:51:29.740095
2026-04,Cargos Comissionados,CNE-02,,,Remuneração Integral,"28.187,10",,2026-04-06T21:51:29.740095
2026-04,Cargos Comissionados,CNE-02,,,Remuneração com Efetivo,"20.259,47",,2026-04-06T21:51:29.740095
2026-04,Cargos Comissionados,CNE-02,,,Representação Mensal,"10.570,16",,2026-04-06T21:51:29.740095
2026-04,Cargos Comissionados,CNE-02,,,Vencimento,"17.616,94",,2026-04-06T21:51:29.740095
2026-04,Cargos Comissionados,SP-01,,,55% do Vencimento,"507,44",,2026-04-06T21:51:29.740095
2026-04,Cargos Comissionados,SP-01,,,Remuneração Integral,"1.621,00",,2026-04-06T21:51:29.740095
2026-04,Cargos Comissionados,SP-01,,,Remuneração com Efetivo,"1.061,01",,2026-04-06T21:51:29.740095
2026-04,Cargos Comissionados,SP-01,,,Representação Mensal,"698,38",,2026-04-06T21:51:29.740095
2026-04,Cargos Comissionados,SP-01,,,Vencimento,"922,62",,2026-04-06T21:51:29.740095
2026-04,Cargos Comissionados,SP-02,,,55% do Vencimento,"634,34",,2026-04-06T21:51:29.740095
2026-04,Cargos Comissionados,SP-02,,,Remuneração Integral,"1.845,37",,2026-04-06T21:51:29.740095
2026-04,Cargos Comissionados,SP-02,,,Remuneração com Efetivo,"1.326,35",,2026-04-06T21:51:29.740095
2026-04,Cargos Comissionados,SP-02,,,Representação Mensal,"692,01",,2026-04-06T21:51:29.740095
2026-04,Cargos Comissionados,SP-02,,,Vencimento,"1.153,36",,2026-04-06T21:51:29.740095
2026-04,Cargos Comissionados,SP-03,,,55% do Vencimento,"792,94",,2026-04-06T21:51:29.740095
2026-04,Cargos Comissionados,SP-03,,,Remuneração Integral,"2.306,73",,2026-04-06T21:51:29.740095
2026-04,Cargos Comissionados,SP-03,,,Remuneração com Efetivo,"1.657,96",,2026-04-06T21:51:29.740095
2026-04,Cargos Comissionados,SP-03,,,Representação Mensal,"865,02",,2026-04-06T21:51:29.740095
2026-04,Cargos Comissionados,SP-03,,,Vencimento,"1.441,71",,2026-04-06T21:51:29.740095
2026-04,Cargos Comissionados,SP-04,,,55% do Vencimento,"991,16",,2026-04-06T21:51:29.740095
2026-04,Cargos Comissionados,SP-04,,,Remuneração Integral,"2.883,39",,2026-04-06T21:51:29.740095
2026-04,Cargos Comissionados,SP-04,,,Remuneração com Efetivo,"2.072,43",,2026-04-06T21:51:29.740095
2026-04,Cargos Comissionados,SP-04,,,Representação Mensal,"1.081,27",,2026-04-06T21:51:29.740095
2026-04,Cargos Comissionados,SP-04,,,Vencimento,"1.802,12",,2026-04-06T21:51:29.740095
2026-04,Cargos Comissionados,SP-05,,,55% do Vencimento,"1.238,95",,2026-04-06T21:51:29.740095
2026-04,Cargos Comissionados,SP-05,,,Remuneração Integral,"3.604,22",,2026-04-06T21:51:29.740095
2026-04,Cargos Comissionados,SP-05,,,Remuneração com Efetivo,"2.590,53",,2026-04-06T21:51:29.740095
2026-04,Cargos Comissionados,SP-05,,,Representação Mensal,"1.351,58",,2026-04-06T21:51:29.740095
2026-04,Cargos Comissionados,SP-05,,,Vencimento,"2.252,64",,2026-04-06T21:51:29.740095
2026-04,Cargos Efetivos,Analista Legislativo,A,31,Classe,A,,2026-04-06T20:56:35.404446
2026-04,Cargos Efetivos,Analista Legislativo,A,32,Classe,A,,2026-04-06T20:56:35.404446
2026-04,Cargos Efetivos,Analista Legislativo,A,33,Classe,A,,2026-04-06T20:56:35.404446
2026-04,Cargos Efetivos,Analista Legislativo,A,34,Classe,A,,2026-04-06T20:56:35.404446
2026-04,Cargos Efetivos,Analista Legislativo,A,35,Classe,A,,2026-04-06T20:56:35.404446
2026-04,Cargos Efetivos,Analista Legislativo,A,36,Classe,A,,2026-04-06T20:56:35.404446
2026-04,Cargos Efetivos,Analista Legislativo,B,37,Classe,B,,2026-04-06T20:56:35.404446
2026-04,Cargos Efetivos,Analista Legislativo,B,38,Classe,B,,2026-04-06T20:56:35.404446
2026-04,Cargos Efetivos,Analista Legislativo,B,39,Classe,B,,2026-04-06T20:56:35.404446
2026-04,Cargos Efetivos,Analista Legislativo,B,40,Classe,B,,2026-04-06T20:56:35.404446
2026-04,Cargos Efetivos,Analista Legislativo,B,41,Classe,B,,2026-04-06T20:56:35.404446
2026-04,Cargos Efetivos,Analista Legislativo,B,42,Classe,B,,2026-04-06T20:56:35.404446
2026-04,Cargos Efetivos,Analista Legislativo,C,43,Classe,C,,2026-04-06T20:56:35.404446
2026-04,Cargos Efetivos,Analista Legislativo,C,44,Classe,C,,2026-04-06T20:56:35.404446
2026-04,Cargos Efetivos,Analista Legislativo,C,45,Classe,C,,2026-04-06T20:56:35.404446
2026-04,Cargos Efetivos,Analista Legislativo,C,46,Classe,C,,2026-04-06T20:56:35.404446
2026-04,Cargos Efetivos,Analista Legislativo,C,47,Classe,C,,2026-04-06T20:56:35.404446
2026-04,Cargos Efetivos,Analista Legislativo,C,48,Classe,C,,2026-04-06T20:56:35.404446
2026-04,Cargos Efetivos,Analista Legislativo,ESPECIAL,49-E,Classe,ESPECIAL,,2026-04-06T20:56:35.404446
2026-04,Cargos Efetivos,Analista Legislativo,ESPECIAL,50-E,Classe,ESPECIAL,,2026-04-06T20:56:35.404446
2026-04,Cargos Efetivos,Analista Legislativo,ESPECIAL,51-E,Classe,ESPECIAL,,2026-04-06T20:56:35.404446
2026-04,Cargos Efetivos,Analista Legislativo,ESPECIAL,52-E,Classe,ESPECIAL,,2026-04-06T20:56:35.404446
2026-04,Cargos Efetivos,Analista Legislativo,ESPECIAL,53-E,Classe,ESPECIAL,,2026-04-06T20:56:35.404446
2026-04,Cargos Efetivos,Analista Legislativo,ESPECIAL,54-E,Classe,ESPECIAL,,2026-04-06T20:56:35.404446
2026-04,Cargos Efetivos,Analista Legislativo,A,31,GAL,"713,83",,2026-04-06T20:56:35.404446
2026-04,Cargos Efetivos,Analista Legislativo,A,32,GAL,"731,68",,2026-04-06T20:56:35.404446
2026-04,Cargos Efetivos,Analista Legislativo,A,33,GAL,"749,97",,2026-04-06T20:56:35.404446
2026-04,Cargos Efetivos,Analista Legislativo,A,34,GAL,"768,72",,2026-04-06T20:56:35.404446
2026-04,Cargos Efetivos,Analista Legislativo,A,35,GAL,"787,93",,2026-04-06T20:56:35.404446
2026-04,Cargos Efetivos,Analista Legislativo,A,36,GAL,"807,63",,2026-04-06T20:56:35.404446
2026-04,Cargos Efetivos,Analista Legislativo,B,37,GAL,"839,94",,2026-04-06T20:56:35.404446
2026-04,Cargos Efetivos,Analista Legislativo,B,38,GAL,"860,94",,2026-04-06T20:56:35.404446
2026-04,Cargos Efetivos,Analista Legislativo,B,39,GAL,"882,46",,2026-04-06T20:56:35.404446
2026-04,Cargos Efetivos,Analista Legislativo,B,40,GAL,"904,52",,2026-04-06T20:56:35.404446
2026-04,Cargos Efetivos,Analista Legislativo,B,41,GAL,"927,13",,2026-04-06T20:56:35.404446
2026-04,Cargos Efetivos,Analista Legislativo,B,42,GAL,"950,31",,2026-04-06T20:56:35.404446
2026-04,Cargos Efetivos,Analista Legislativo,C,43,GAL,"988,33",,2026-04-06T20:56:35.404446
2026-04,Cargos Efetivos,Analista Legislativo,C,44,GAL,"1.013,03",,2026-04-06T20:56:35.404446
2026-04,Cargos Efetivos,Analista Legislativo,C,45,GAL,"1.038,36",,2026-04-06T20:56:35.404446
2026-04,Cargos Efetivos,Analista Legislativo,C,46,GAL,"1.064,32",,2026-04-06T20:56:35.404446
2026-04,Cargos Efetivos,Analista Legislativo,C,47,GAL,"1.090,93",,2026-04-06T20:56:35.404446
2026-04,Cargos Efetivos,Analista Legislativo,C,48,GAL,"1.118,20",,2026-04-06T20:56:35.404446
2026-04,Cargos Efetivos,Analista Legislativo,ESPECIAL,49-E,GAL,"1.162,93",,2026-04-06T20:56:35.404446
2026-04,Cargos Efetivos,Analista Legislativo,ESPECIAL,50-E,GAL,"1.192,00",,2026-04-06T20:56:35.404446
2026-04,Cargos Efetivos,Analista Legislativo,ESPECIAL,51-E,GAL,"1.221,80",,2026-04-06T20:56:35.404446
2026-04,Cargos Efetivos,Analista Legislativo,ESPECIAL,52-E,GAL,"1.252,35",,2026-04-06T20:56:35.404446
2026-04,Cargos Efetivos,Analista Legislativo,ESPECIAL,53-E,GAL,"1.283,65",,2026-04-06T20:56:35.404446
2026-04,Cargos Efetivos,Analista Legislativo,ESPECIAL,54-E,GAL,"1.315,75",,2026-04-06T20:56:35.404446
2026-04,Cargos Efetivos,Analista Legislativo,A,31,Padrao,31,,2026-04-06T20:56:35.404446
2026-04,Cargos Efetivos,Analista Legislativo,A,32,Padrao,32,,2026-04-06T20:56:35.404446
2026-04,Cargos Efetivos,Analista Legislativo,A,33,Padrao,33,,2026-04-06T20:56:35.404446
2026-04,Cargos Efetivos,Analista Legislativo,A,34,Padrao,34,,2026-04-06T20:56:35.404446
2026-04,Cargos Efetivos,Analista Legislativo,A,35,Padrao,35,,2026-04-06T20:56:35.404446
2026-04,Cargos Efetivos,Analista Legislativo,A,36,Padrao,36,,2026-04-06T20:56:35.404446
2026-04,Cargos Efetivos,Analista Legislativo,B,37,Padrao,37,,2026-04-06T20:56:35.404446
2026-04,Cargos Efetivos,Analista Legislativo,B,38,Padrao,38,,2026-04-06T20:56:35.404446
2026-04,Cargos Efetivos,Analista Legislativo,B,39,Padrao,39,,2026-04-06T20:56:35.404446
2026-04,Cargos Efetivos,Analista Legislativo,B,40,Padrao,40,,2026-04-06T20:56:35.404446
2026-04,Cargos Efetivos,Analista Legislativo,B,41,Padrao,41,,2026-04-06T20:56:35.404446
2026-04,Cargos Efetivos,Analista Legislativo,B,42,Padrao,42,,2026-04-06T20:56:35.404446
2026-04,Cargos Efetivos,Analista Legislativo,C,43,Padrao,43,,2026-04-06T20:56:35.404446
2026-04,Cargos Efetivos,Analista Legislativo,C,44,Padrao,44,,2026-04-06T20:56:35.404446
2026-04,Cargos Efetivos,Analista Legislativo,C,45,Padrao,45,,2026-04-06T20:56:35.404446
2026-04,Cargos Efetivos,Analista Legislativo,C,46,Padrao,46,,2026-04-06T20:56:35.404446
2026-04,Cargos Efetivos,Analista Legislativo,C,47,Padrao,47,,2026-04-06T20:56:35.404446
2026-04,Cargos Efetivos,Analista Legislativo,C,48,Padrao,48,,2026-04-06T20:56:35.404446
2026-04,Cargos Efetivos,Analista Legislativo,ESPECIAL,49-E,Padrao,49-E,,2026-04-06T20:56:35.404446
2026-04,Cargos Efetivos,Analista Legislativo,ESPECIAL,50-E,Padrao,50-E,,2026-04-06T20:56:35.404446
2026-04,Cargos Efetivos,Analista Legislativo,ESPECIAL,51-E,Padrao,51-E,,2026-04-06T20:56:35.404446
2026-04,Cargos Efetivos,Analista Legislativo,ESPECIAL,52-E,Padrao,52-E,,2026-04-06T20:56:35.404446
2026-04,Cargos Efetivos,Analista Legislativo,ESPECIAL,53-E,Padrao,53-E,,2026-04-06T20:56:35.404446
2026-04,Cargos Efetivos,Analista Legislativo,ESPECIAL,54-E,Padrao,54-E,,2026-04-06T20:56:35.404446
2026-04,Cargos Efetivos,Analista Legislativo,A,31,Total,"14.990,42",,2026-04-06T20:56:35.404446
2026-04,Cargos Efetivos,Analista Legislativo,A,32,Total,"15.365,18",,2026-04-06T20:56:35.404446
2026-04,Cargos Efetivos,Analista Legislativo,A,33,Total,"15.749,31",,2026-04-06T20:56:35.404446
2026-04,Cargos Efetivos,Analista Legislativo,A,34,Total,"16.143,04",,2026-04-06T20:56:35.404446
2026-04,Cargos Efetivos,Analista Legislativo,A,35,Total,"16.546,61",,2026-04-06T20:56:35.404446
2026-04,Cargos Efetivos,Analista Legislativo,A,36,Total,"16.960,28",,2026-04-06T20:56:35.404446
2026-04,Cargos Efetivos,Analista Legislativo,B,37,Total,"17.638,70",,2026-04-06T20:56:35.404446
2026-04,Cargos Efetivos,Analista Legislativo,B,38,Total,"18.079,67",,2026-04-06T20:56:35.404446
2026-04,Cargos Efetivos,Analista Legislativo,B,39,Total,"18.531,66",,2026-04-06T20:56:35.404446
2026-04,Cargos Efetivos,Analista Legislativo,B,40,Total,"18.994,95",,2026-04-06T20:56:35.404446
2026-04,Cargos Efetivos,Analista Legislativo,B,41,Total,"19.469,82",,2026-04-06T20:56:35.404446
2026-04,Cargos Efetivos,Analista Legislativo,B,42,Total,"19.956,57",,2026-04-06T20:56:35.404446
2026-04,Cargos Efetivos,Analista Legislativo,C,43,Total,"20.754,84",,2026-04-06T20:56:35.404446
2026-04,Cargos Efetivos,Analista Legislativo,C,44,Total,"21.273,70",,2026-04-06T20:56:35.404446
2026-04,Cargos Efetivos,Analista Legislativo,C,45,Total,"21.805,55",,2026-04-06T20:56:35.404446
2026-04,Cargos Efetivos,Analista Legislativo,C,46,Total,"22.350,69",,2026-04-06T20:56:35.404446
2026-04,Cargos Efetivos,Analista Legislativo,C,47,Total,"22.909,46",,2026-04-06T20:56:35.404446
2026-04,Cargos Efetivos,Analista Legislativo,C,48,Total,"23.482,19",,2026-04-06T20:56:35.404446
2026-04,Cargos Efetivos,Analista Legislativo,ESPECIAL,49-E,Total,"24.421,48",,2026-04-06T20:56:35.404446
2026-04,Cargos Efetivos,Analista Legislativo,ESPECIAL,50-E,Total,"25.032,01",,2026-04-06T20:56:35.404446
2026-04,Cargos Efetivos,Analista Legislativo,ESPECIAL,51-E,Total,"25.657,81",,2026-04-06T20:56:35.404446
2026-04,Cargos Efetivos,Analista Legislativo,ESPECIAL,52-E,Total,"26.299,26",,2026-04-06T20:56:35.404446
2026-04,Cargos Efetivos,Analista Legislativo,ESPECIAL,53-E,Total,"26.956,73",,2026-04-06T20:56:35.404446
2026-04,Cargos Efetivos,Analista Legislativo,ESPECIAL,54-E,Total,"27.630,66",,2026-04-06T20:56:35.404446
2026-04,Cargos Efetivos,Analista Legislativo,A,31,Vencimento,"14.276,59",,2026-04-06T20:56:35.404446
2026-04,Cargos Efetivos,Analista Legislativo,A,32,Vencimento,"14.633,50",,2026-04-06T20:56:35.404446
2026-04,Cargos Efetivos,Analista Legislativo,A,33,Vencimento,"14.999,34",,2026-04-06T20:56:35.404446
2026-04,Cargos Efetivos,Analista Legislativo,A,34,Vencimento,"15.374,32",,2026-04-06T20:56:35.404446
2026-04,Cargos Efetivos,Analista Legislativo,A,35,Vencimento,"15.758,68",,2026-04-06T20:56:35.404446
2026-04,Cargos Efetivos,Analista Legislativo,A,36,Vencimento,"16.152,65",,2026-04-06T20:56:35.404446
2026-04,Cargos Efetivos,Analista Legislativo,B,37,Vencimento,"16.798,76",,2026-04-06T20:56:35.404446
2026-04,Cargos Efetivos,Analista Legislativo,B,38,Vencimento,"17.218,73",,2026-04-06T20:56:35.404446
2026-04,Cargos Efetivos,Analista Legislativo,B,39,Vencimento,"17.649,20",,2026-04-06T20:56:35.404446
2026-04,Cargos Efetivos,Analista Legislativo,B,40,Vencimento,"18.090,43",,2026-04-06T20:56:35.404446
2026-04,Cargos Efetivos,Analista Legislativo,B,41,Vencimento,"18.542,69",,2026-04-06T20:56:35.404446
2026-04,Cargos Efetivos,Analista Legislativo,B,42,Vencimento,"19.006,26",,2026-04-06T20:56:35.404446
2026-04,Cargos Efetivos,Analista Legislativo,C,43,Vencimento,"19.766,51",,2026-04-06T20:56:35.404446
2026-04,Cargos Efetivos,Analista Legislativo,C,44,Vencimento,"20.260,67",,2026-04-06T20:56:35.404446
2026-04,Cargos Efetivos,Analista Legislativo,C,45,Vencimento,"20.767,19",,2026-04-06T20:56:35.404446
2026-04,Cargos Efetivos,Analista Legislativo,C,46,Vencimento,"21.286,37",,2026-04-06T20:56:35.404446
2026-04,Cargos Efetivos,Analista Legislativo,C,47,Vencimento,"21.818,53",,2026-04-06T20:56:35.404446
2026-04,Cargos Efetivos,Analista Legislativo,C,48,Vencimento,"22.363,99",,2026-04-06T20:56:35.404446
2026-04,Cargos Efetivos,Analista Legislativo,ESPECIAL,49-E,Vencimento,"23.258,55",,2026-04-06T20:56:35.404446
2026-04,Cargos Efetivos,Analista Legislativo,ESPECIAL,50-E,Vencimento,"23.840,01",,2026-04-06T20:56:35.404446
2026-04,Cargos Efetivos,Analista Legislativo,ESPECIAL,51-E,Vencimento,"24.436,01",,2026-04-06T20:56:35.404446
2026-04,Cargos Efetivos,Analista Legislativo,ESPECIAL,52-E,Vencimento,"25.046,91",,2026-04-06T20:56:35.404446
2026-04,Cargos Efetivos,Analista Legislativo,ESPECIAL,53-E,Vencimento,"25.673,08",,2026-04-06T20:56:35.404446
2026-04,Cargos Efetivos,Analista Legislativo,ESPECIAL,54-E,Vencimento,"26.314,91",,2026-04-06T20:56:35.404446
2026-04,Cargos Efetivos,Assistente Técnico,B,10,Classe,B,,2026-04-06T20:56:35.404446
2026-04,Cargos Efetivos,Assistente Técnico,B,11,Classe,B,,2026-04-06T20:56:35.404446
2026-04,Cargos Efetivos,Assistente Técnico,B,12,Classe,B,,2026-04-06T20:56:35.404446
2026-04,Cargos Efetivos,Assistente Técnico,C,13,Classe,C,,2026-04-06T20:56:35.404446
2026-04,Cargos Efetivos,Assistente Técnico,C,14,Classe,C,,2026-04-06T20:56:35.404446
2026-04,Cargos Efetivos,Assistente Técnico,C,15,Classe,C,,2026-04-06T20:56:35.404446
2026-04,Cargos Efetivos,Assistente Técnico,C,16,Classe,C,,2026-04-06T20:56:35.404446
2026-04,Cargos Efetivos,Assistente Técnico,C,17,Classe,C,,2026-04-06T20:56:35.404446
2026-04,Cargos Efetivos,Assistente Técnico,C,18,Classe,C,,2026-04-06T20:56:35.404446
2026-04,Cargos Efetivos,Assistente Técnico,ESPECIAL,19-E,Classe,ESPECIAL,,2026-04-06T20:56:35.404446
2026-04,Cargos Efetivos,Assistente Técnico,A,1,Classe,A,,2026-04-06T20:56:35.404446
2026-04,Cargos Efetivos,Assistente Técnico,ESPECIAL,20-E,Classe,ESPECIAL,,2026-04-06T20:56:35.404446
2026-04,Cargos Efetivos,Assistente Técnico,ESPECIAL,21-E,Classe,ESPECIAL,,2026-04-06T20:56:35.404446
2026-04,Cargos Efetivos,Assistente Técnico,ESPECIAL,22-E,Classe,ESPECIAL,,2026-04-06T20:56:35.404446
2026-04,Cargos Efetivos,Assistente Técnico,ESPECIAL,23-E,Classe,ESPECIAL,,2026-04-06T20:56:35.404446
2026-04,Cargos Efetivos,Assistente Técnico,ESPECIAL,24-E,Classe,ESPECIAL,,2026-04-06T20:56:35.404446
2026-04,Cargos Efetivos,Assistente Técnico,A,2,Classe,A,,2026-04-06T20:56:35.404446
2026-04,Cargos Efetivos,Assistente Técnico,A,3,Classe,A,,2026-04-06T20:56:35.404446
2026-04,Cargos Efetivos,Assistente Técnico,A,4,Classe,A,,2026-04-06T20:56:35.404446
2026-04,Cargos Efetivos,Assistente Técnico,A,5,Classe,A,,2026-04-06T20:56:35.404446
2026-04,Cargos Efetivos,Assistente Técnico,A,6,Classe,A,,2026-04-06T20:56:35.404446
2026-04,Cargos Efetivos,Assistente Técnico,B,7,Classe,B,,2026-04-06T20:56:35.404446
2026-04,Cargos Efetivos,Assistente Técnico,B,8,Classe,B,,2026-04-06T20:56:35.404446
2026-04,Cargos Efetivos,Assistente Técnico,B,9,Classe,B,,2026-04-06T20:56:35.404446
2026-04,Cargos Efetivos,Assistente Técnico,B,10,GAL,"406,88",,2026-04-06T20:56:35.404446
2026-04,Cargos Efetivos,Assistente Técnico,B,11,GAL,"417,05",,2026-04-06T20:56:35.404446
2026-04,Cargos Efetivos,Assistente Técnico,B,12,GAL,"427,48",,2026-04-06T20:56:35.404446
2026-04,Cargos Efetivos,Assistente Técnico,C,13,GAL,"444,58",,2026-04-06T20:56:35.404446
2026-04,Cargos Efetivos,Assistente Técnico,C,14,GAL,"455,69",,2026-04-06T20:56:35.404446
2026-04,Cargos Efetivos,Assistente Técnico,C,15,GAL,"467,08",,2026-04-06T20:56:35.404446
2026-04,Cargos Efetivos,Assistente Técnico,C,16,GAL,"478,76",,2026-04-06T20:56:35.404446
2026-04,Cargos Efetivos,Assistente Técnico,C,17,GAL,"490,73",,2026-04-06T20:56:35.404446
2026-04,Cargos Efetivos,Assistente Técnico,C,18,GAL,"503,00",,2026-04-06T20:56:35.404446
2026-04,Cargos Efetivos,Assistente Técnico,ESPECIAL,19-E,GAL,"523,12",,2026-04-06T20:56:35.404446
2026-04,Cargos Efetivos,Assistente Técnico,A,1,GAL,"321,10",,2026-04-06T20:56:35.404446
2026-04,Cargos Efetivos,Assistente Técnico,ESPECIAL,20-E,GAL,"536,19",,2026-04-06T20:56:35.404446
2026-04,Cargos Efetivos,Assistente Técnico,ESPECIAL,21-E,GAL,"549,60",,2026-04-06T20:56:35.404446
2026-04,Cargos Efetivos,Assistente Técnico,ESPECIAL,22-E,GAL,"563,34",,2026-04-06T20:56:35.404446
2026-04,Cargos Efetivos,Assistente Técnico,ESPECIAL,23-E,GAL,"577,42",,2026-04-06T20:56:35.404446
2026-04,Cargos Efetivos,Assistente Técnico,ESPECIAL,24-E,GAL,"591,86",,2026-04-06T20:56:35.404446
2026-04,Cargos Efetivos,Assistente Técnico,A,2,GAL,"329,13",,2026-04-06T20:56:35.404446
2026-04,Cargos Efetivos,Assistente Técnico,A,3,GAL,"337,36",,2026-04-06T20:56:35.404446
2026-04,Cargos Efetivos,Assistente Técnico,A,4,GAL,"345,79",,2026-04-06T20:56:35.404446
2026-04,Cargos Efetivos,Assistente Técnico,A,5,GAL,"354,43",,2026-04-06T20:56:35.404446
2026-04,Cargos Efetivos,Assistente Técnico,A,6,GAL,"363,30",,2026-04-06T20:56:35.404446
2026-04,Cargos Efetivos,Assistente Técnico,B,7,GAL,"377,83",,2026-04-06T20:56:35.404446
2026-04,Cargos Efetivos,Assistente Técnico,B,8,GAL,"387,27",,2026-04-06T20:56:35.404446
2026-04,Cargos Efetivos,Assistente Técnico,B,9,GAL,"396,95",,2026-04-06T20:56:35.404446
2026-04,Cargos Efetivos,Assistente Técnico,B,10,Padrao,10,,2026-04-06T20:56:35.404446
2026-04,Cargos Efetivos,Assistente Técnico,B,11,Padrao,11,,2026-04-06T20:56:35.404446
2026-04,Cargos Efetivos,Assistente Técnico,B,12,Padrao,12,,2026-04-06T20:56:35.404446
2026-04,Cargos Efetivos,Assistente Técnico,C,13,Padrao,13,,2026-04-06T20:56:35.404446
2026-04,Cargos Efetivos,Assistente Técnico,C,14,Padrao,14,,2026-04-06T20:56:35.404446
2026-04,Cargos Efetivos,Assistente Técnico,C,15,Padrao,15,,2026-04-06T20:56:35.404446
2026-04,Cargos Efetivos,Assistente Técnico,C,16,Padrao,16,,2026-04-06T20:56:35.404446
2026-04,Cargos Efetivos,Assistente Técnico,C,17,Padrao,17,,2026-04-06T20:56:35.404446
2026-04,Cargos Efetivos,Assistente Técnico,C,18,Padrao,18,,2026-04-06T20:56:35.404446
2026-04,Cargos Efetivos,Assistente Técnico,ESPECIAL,19-E,Padrao,19-E,,2026-04-06T20:56:35.404446
2026-04,Cargos Efetivos,Assistente Técnico,A,1,Padrao,1,,2026-04-06T20:56:35.404446
2026-04,Cargos Efetivos,Assistente Técnico,ESPECIAL,20-E,Padrao,20-E,,2026-04-06T20:56:35.404446
2026-04,Cargos Efetivos,Assistente Técnico,ESPECIAL,21-E,Padrao,21-E,,2026-04-06T20:56:35.404446
2026-04,Cargos Efetivos,Assistente Técnico,ESPECIAL,22-E,Padrao,22-E,,2026-04-06T20:56:35.404446
2026-04,Cargos Efetivos,Assistente Técnico,ESPECIAL,23-E,Padrao,23-E,,2026-04-06T20:56:35.404446
2026-04,Cargos Efetivos,Assistente Técnico,ESPECIAL,24-E,Padrao,24-E,,2026-04-06T20:56:35.404446
2026-04,Cargos Efetivos,Assistente Técnico,A,2,Padrao,2,,2026-04-06T20:56:35.404446
2026-04,Cargos Efetivos,Assistente Técnico,A,3,Padrao,3,,2026-04-06T20:56:35.404446
2026-04,Cargos Efetivos,Assistente Técnico,A,4,Padrao,4,,2026-04-06T20:56:35.404446
2026-04,Cargos Efetivos,Assistente Técnico,A,5,Padrao,5,,2026-04-06T20:56:35.404446
2026-04,Cargos Efetivos,Assistente Técnico,A,6,Padrao,6,,2026-04-06T20:56:35.404446
2026-04,Cargos Efetivos,Assistente Técnico,B,7,Padrao,7,,2026-04-06T20:56:35.404446
2026-04,Cargos Efetivos,Assistente Técnico,B,8,Padrao,8,,2026-04-06T20:56:35.404446
2026-04,Cargos Efetivos,Assistente Técnico,B,9,Padrao,9,,2026-04-06T20:56:35.404446
2026-04,Cargos Efetivos,Assistente Técnico,B,10,Total,"8.544,44",,2026-04-06T20:56:35.404446
2026-04,Cargos Efetivos,Assistente Técnico,B,11,Total,"8.758,06",,2026-04-06T20:56:35.404446
2026-04,Cargos Efetivos,Assistente Técnico,B,12,Total,"8.977,01",,2026-04-06T20:56:35.404446
2026-04,Cargos Efetivos,Assistente Técnico,C,13,Total,"9.336,10",,2026-04-06T20:56:35.404446
2026-04,Cargos Efetivos,Assistente Técnico,C,14,Total,"9.569,49",,2026-04-06T20:56:35.404446
2026-04,Cargos Efetivos,Assistente Técnico,C,15,Total,"9.808,72",,2026-04-06T20:56:35.404446
2026-04,Cargos Efetivos,Assistente Técnico,C,16,Total,"10.053,95",,2026-04-06T20:56:35.404446
2026-04,Cargos Efetivos,Assistente Técnico,C,17,Total,"10.305,30",,2026-04-06T20:56:35.404446
2026-04,Cargos Efetivos,Assistente Técnico,C,18,Total,"10.562,93",,2026-04-06T20:56:35.404446
2026-04,Cargos Efetivos,Assistente Técnico,ESPECIAL,19-E,Total,"10.985,44",,2026-04-06T20:56:35.404446
2026-04,Cargos Efetivos,Assistente Técnico,A,1,Total,"6.743,11",,2026-04-06T20:56:35.404446
2026-04,Cargos Efetivos,Assistente Técnico,ESPECIAL,20-E,Total,"11.260,07",,2026-04-06T20:56:35.404446
2026-04,Cargos Efetivos,Assistente Técnico,ESPECIAL,21-E,Total,"11.541,58",,2026-04-06T20:56:35.404446
2026-04,Cargos Efetivos,Assistente Técnico,ESPECIAL,22-E,Total,"11.830,13",,2026-04-06T20:56:35.404446
2026-04,Cargos Efetivos,Assistente Técnico,ESPECIAL,23-E,Total,"12.125,87",,2026-04-06T20:56:35.404446
2026-04,Cargos Efetivos,Assistente Técnico,ESPECIAL,24-E,Total,"12.429,02",,2026-04-06T20:56:35.404446
2026-04,Cargos Efetivos,Assistente Técnico,A,2,Total,"6.911,69",,2026-04-06T20:56:35.404446
2026-04,Cargos Efetivos,Assistente Técnico,A,3,Total,"7.084,48",,2026-04-06T20:56:35.404446
2026-04,Cargos Efetivos,Assistente Técnico,A,4,Total,"7.261,59",,2026-04-06T20:56:35.404446
2026-04,Cargos Efetivos,Assistente Técnico,A,5,Total,"7.443,12",,2026-04-06T20:56:35.404446
2026-04,Cargos Efetivos,Assistente Técnico,A,6,Total,"7.629,21",,2026-04-06T20:56:35.404446
2026-04,Cargos Efetivos,Assistente Técnico,B,7,Total,"7.934,37",,2026-04-06T20:56:35.404446
2026-04,Cargos Efetivos,Assistente Técnico,B,8,Total,"8.132,72",,2026-04-06T20:56:35.404446
2026-04,Cargos Efetivos,Assistente Técnico,B,9,Total,"8.336,04",,2026-04-06T20:56:35.404446
2026-04,Cargos Efetivos,Assistente Técnico,B,10,Vencimento,"8.137,56",,2026-04-06T20:56:35.404446
2026-04,Cargos Efetivos,Assistente Técnico,B,11,Vencimento,"8.341,01",,2026-04-06T20:56:35.404446
2026-04,Cargos Efetivos,Assistente Técnico,B,12,Vencimento,"8.549,53",,2026-04-06T20:56:35.404446
2026-04,Cargos Efetivos,Assistente Técnico,C,13,Vencimento,"8.891,52",,2026-04-06T20:56:35.404446
2026-04,Cargos Efetivos,Assistente Técnico,C,14,Vencimento,"9.113,80",,2026-04-06T20:56:35.404446
2026-04,Cargos Efetivos,Assistente Técnico,C,15,Vencimento,"9.341,64",,2026-04-06T20:56:35.404446
2026-04,Cargos Efetivos,Assistente Técnico,C,16,Vencimento,"9.575,19",,2026-04-06T20:56:35.404446
2026-04,Cargos Efetivos,Assistente Técnico,C,17,Vencimento,"9.814,57",,2026-04-06T20:56:35.404446
2026-04,Cargos Efetivos,Assistente Técnico,C,18,Vencimento,"10.059,93",,2026-04-06T20:56:35.404446
2026-04,Cargos Efetivos,Assistente Técnico,ESPECIAL,19-E,Vencimento,"10.462,32",,2026-04-06T20:56:35.404446
2026-04,Cargos Efetivos,Assistente Técnico,A,1,Vencimento,"6.422,01",,2026-04-06T20:56:35.404446
2026-04,Cargos Efetivos,Assistente Técnico,ESPECIAL,20-E,Vencimento,"10.723,88",,2026-04-06T20:56:35.404446
2026-04,Cargos Efetivos,Assistente Técnico,ESPECIAL,21-E,Vencimento,"10.991,98",,2026-04-06T20:56:35.404446
2026-04,Cargos Efetivos,Assistente Técnico,ESPECIAL,22-E,Vencimento,"11.266,79",,2026-04-06T20:56:35.404446
2026-04,Cargos Efetivos,Assistente Técnico,ESPECIAL,23-E,Vencimento,"11.548,45",,2026-04-06T20:56:35.404446
2026-04,Cargos Efetivos,Assistente Técnico,ESPECIAL,24-E,Vencimento,"11.837,16",,2026-04-06T20:56:35.404446
2026-04,Cargos Efetivos,Assistente Técnico,A,2,Vencimento,"6.582,56",,2026-04-06T20:56:35.404446
2026-04,Cargos Efetivos,Assistente Técnico,A,3,Vencimento,"6.747,12",,2026-04-06T20:56:35.404446
2026-04,Cargos Efetivos,Assistente Técnico,A,4,Vencimento,"6.915,80",,2026-04-06T20:56:35.404446
2026-04,Cargos Efetivos,Assistente Técnico,A,5,Vencimento,"7.088,69",,2026-04-06T20:56:35.404446
2026-04,Cargos Efetivos,Assistente Técnico,A,6,Vencimento,"7.265,91",,2026-04-06T20:56:35.404446
2026-04,Cargos Efetivos,Assistente Técnico,B,7,Vencimento,"7.556,54",,2026-04-06T20:56:35.404446
2026-04,Cargos Efetivos,Assistente Técnico,B,8,Vencimento,"7.745,45",,2026-04-06T20:56:35.404446
2026-04,Cargos Efetivos,Assistente Técnico,B,9,Vencimento,"7.939,09",,2026-04-06T20:56:35.404446
2026-04,Cargos Efetivos,Consultor Legislativo e Consultor Técnico Legislativo,A,46,Classe,A,,2026-04-06T20:56:35.404446
2026-04,Cargos Efetivos,Consultor Legislativo e Consultor Técnico Legislativo,A,47,Classe,A,,2026-04-06T20:56:35.404446
2026-04,Cargos Efetivos,Consultor Legislativo e Consultor Técnico Legislativo,A,48,Classe,A,,2026-04-06T20:56:35.404446
2026-04,Cargos Efetivos,Consultor Legislativo e Consultor Técnico Legislativo,A,49,Classe,A,,2026-04-06T20:56:35.404446
2026-04,Cargos Efetivos,Consultor Legislativo e Consultor Técnico Legislativo,A,50,Classe,A,,2026-04-06T20:56:35.404446
2026-04,Cargos Efetivos,Consultor Legislativo e Consultor Técnico Legislativo,A,51,Classe,A,,2026-04-06T20:56:35.404446
2026-04,Cargos Efetivos,Consultor Legislativo e Consultor Técnico Legislativo,B,52,Classe,B,,2026-04-06T20:56:35.404446
2026-04,Cargos Efetivos,Consultor Legislativo e Consultor Técnico Legislativo,B,53,Classe,B,,2026-04-06T20:56:35.404446
2026-04,Cargos Efetivos,Consultor Legislativo e Consultor Técnico Legislativo,B,54,Classe,B,,2026-04-06T20:56:35.404446
2026-04,Cargos Efetivos,Consultor Legislativo e Consultor Técnico Legislativo,B,55,Classe,B,,2026-04-06T20:56:35.404446
2026-04,Cargos Efetivos,Consultor Legislativo e Consultor Técnico Legislativo,B,56,Classe,B,,2026-04-06T20:56:35.404446
2026-04,Cargos Efetivos,Consultor Legislativo e Consultor Técnico Legislativo,B,57,Classe,B,,2026-04-06T20:56:35.404446
2026-04,Cargos Efetivos,Consultor Legislativo e Consultor Técnico Legislativo,C,58,Classe,C,,2026-04-06T20:56:35.404446
2026-04,Cargos Efetivos,Consultor Legislativo e Consultor Técnico Legislativo,C,59,Classe,C,,2026-04-06T20:56:35.404446
2026-04,Cargos Efetivos,Consultor Legislativo e Consultor Técnico Legislativo,C,60,Classe,C,,2026-04-06T20:56:35.404446
2026-04,Cargos Efetivos,Consultor Legislativo e Consultor Técnico Legislativo,C,61,Classe,C,,2026-04-06T20:56:35.404446
2026-04,Cargos Efetivos,Consultor Legislativo e Consultor Técnico Legislativo,C,62,Classe,C,,2026-04-06T20:56:35.404446
2026-04,Cargos Efetivos,Consultor Legislativo e Consultor Técnico Legislativo,C,63,Classe,C,,2026-04-06T20:56:35.404446
2026-04,Cargos Efetivos,Consultor Legislativo e Consultor Técnico Legislativo,ESPECIAL,64-E,Classe,ESPECIAL,,2026-04-06T20:56:35.404446
2026-04,Cargos Efetivos,Consultor Legislativo e Consultor Técnico Legislativo,ESPECIAL,65-E,Classe,ESPECIAL,,2026-04-06T20:56:35.404446
2026-04,Cargos Efetivos,Consultor Legislativo e Consultor Técnico Legislativo,ESPECIAL,66-E,Classe,ESPECIAL,,2026-04-06T20:56:35.404446
2026-04,Cargos Efetivos,Consultor Legislativo e Consultor Técnico Legislativo,ESPECIAL,67-E,Classe,ESPECIAL,,2026-04-06T20:56:35.404446
2026-04,Cargos Efetivos,Consultor Legislativo e Consultor Técnico Legislativo,ESPECIAL,68-E,Classe,ESPECIAL,,2026-04-06T20:56:35.404446
2026-04,Cargos Efetivos,Consultor Legislativo e Consultor Técnico Legislativo,ESPECIAL,69-E,Classe,ESPECIAL,,2026-04-06T20:56:35.404446
2026-04,Cargos Efetivos,Consultor Legislativo e Consultor Técnico Legislativo,A,46,GAL,"1.064,32",,2026-04-06T20:56:35.404446
2026-04,Cargos Efetivos,Consultor Legislativo e Consultor Técnico Legislativo,A,47,GAL,"1.090,93",,2026-04-06T20:56:35.404446
2026-04,Cargos Efetivos,Consultor Legislativo e Consultor Técnico Legislativo,A,48,GAL,"1.118,20",,2026-04-06T20:56:35.404446
2026-04,Cargos Efetivos,Consultor Legislativo e Consultor Técnico Legislativo,A,49,GAL,"1.146,15",,2026-04-06T20:56:35.404446
2026-04,Cargos Efetivos,Consultor Legislativo e Consultor Técnico Legislativo,A,50,GAL,"1.174,81",,2026-04-06T20:56:35.404446
2026-04,Cargos Efetivos,Consultor Legislativo e Consultor Técnico Legislativo,A,51,GAL,"1.204,18",,2026-04-06T20:56:35.404446
2026-04,Cargos Efetivos,Consultor Legislativo e Consultor Técnico Legislativo,B,52,GAL,"1.252,35",,2026-04-06T20:56:35.404446
2026-04,Cargos Efetivos,Consultor Legislativo e Consultor Técnico Legislativo,B,53,GAL,"1.283,65",,2026-04-06T20:56:35.404446
2026-04,Cargos Efetivos,Consultor Legislativo e Consultor Técnico Legislativo,B,54,GAL,"1.315,75",,2026-04-06T20:56:35.404446
2026-04,Cargos Efetivos,Consultor Legislativo e Consultor Técnico Legislativo,B,55,GAL,"1.348,64",,2026-04-06T20:56:35.404446
2026-04,Cargos Efetivos,Consultor Legislativo e Consultor Técnico Legislativo,B,56,GAL,"1.382,36",,2026-04-06T20:56:35.404446
2026-04,Cargos Efetivos,Consultor Legislativo e Consultor Técnico Legislativo,B,57,GAL,"1.416,91",,2026-04-06T20:56:35.404446
2026-04,Cargos Efetivos,Consultor Legislativo e Consultor Técnico Legislativo,C,58,GAL,"1.473,59",,2026-04-06T20:56:35.404446
2026-04,Cargos Efetivos,Consultor Legislativo e Consultor Técnico Legislativo,C,59,GAL,"1.510,43",,2026-04-06T20:56:35.404446
2026-04,Cargos Efetivos,Consultor Legislativo e Consultor Técnico Legislativo,C,60,GAL,"1.548,19",,2026-04-06T20:56:35.404446
2026-04,Cargos Efetivos,Consultor Legislativo e Consultor Técnico Legislativo,C,61,GAL,"1.586,90",,2026-04-06T20:56:35.404446
2026-04,Cargos Efetivos,Consultor Legislativo e Consultor Técnico Legislativo,C,62,GAL,"1.626,57",,2026-04-06T20:56:35.404446
2026-04,Cargos Efetivos,Consultor Legislativo e Consultor Técnico Legislativo,C,63,GAL,"1.667,23",,2026-04-06T20:56:35.404446
2026-04,Cargos Efetivos,Consultor Legislativo e Consultor Técnico Legislativo,ESPECIAL,64-E,GAL,"1.733,92",,2026-04-06T20:56:35.404446
2026-04,Cargos Efetivos,Consultor Legislativo e Consultor Técnico Legislativo,ESPECIAL,65-E,GAL,"1.777,27",,2026-04-06T20:56:35.404446
2026-04,Cargos Efetivos,Consultor Legislativo e Consultor Técnico Legislativo,ESPECIAL,66-E,GAL,"1.821,70",,2026-04-06T20:56:35.404446
2026-04,Cargos Efetivos,Consultor Legislativo e Consultor Técnico Legislativo,ESPECIAL,67-E,GAL,"1.867,25",,2026-04-06T20:56:35.404446
2026-04,Cargos Efetivos,Consultor Legislativo e Consultor Técnico Legislativo,ESPECIAL,68-E,GAL,"1.913,93",,2026-04-06T20:56:35.404446
2026-04,Cargos Efetivos,Consultor Legislativo e Consultor Técnico Legislativo,ESPECIAL,69-E,GAL,"1.961,77",,2026-04-06T20:56:35.404446
2026-04,Cargos Efetivos,Consultor Legislativo e Consultor Técnico Legislativo,A,46,Padrao,46,,2026-04-06T20:56:35.404446
2026-04,Cargos Efetivos,Consultor Legislativo e Consultor Técnico Legislativo,A,47,Padrao,47,,2026-04-06T20:56:35.404446
2026-04,Cargos Efetivos,Consultor Legislativo e Consultor Técnico Legislativo,A,48,Padrao,48,,2026-04-06T20:56:35.404446
2026-04,Cargos Efetivos,Consultor Legislativo e Consultor Técnico Legislativo,A,49,Padrao,49,,2026-04-06T20:56:35.404446
2026-04,Cargos Efetivos,Consultor Legislativo e Consultor Técnico Legislativo,A,50,Padrao,50,,2026-04-06T20:56:35.404446
2026-04,Cargos Efetivos,Consultor Legislativo e Consultor Técnico Legislativo,A,51,Padrao,51,,2026-04-06T20:56:35.404446
2026-04,Cargos Efetivos,Consultor Legislativo e Consultor Técnico Legislativo,B,52,Padrao,52,,2026-04-06T20:56:35.404446
2026-04,Cargos Efetivos,Consultor Legislativo e Consultor Técnico Legislativo,B,53,Padrao,53,,2026-04-06T20:56:35.404446
2026-04,Cargos Efetivos,Consultor Legislativo e Consultor Técnico Legislativo,B,54,Padrao,54,,2026-04-06T20:56:35.404446
2026-04,Cargos Efetivos,Consultor Legislativo e Consultor Técnico Legislativo,B,55,Padrao,55,,2026-04-06T20:56:35.404446
2026-04,Cargos Efetivos,Consultor Legislativo e Consultor Técnico Legislativo,B,56,Padrao,56,,2026-04-06T20:56:35.404446
2026-04,Cargos Efetivos,Consultor Legislativo e Consultor Técnico Legislativo,B,57,Padrao,57,,2026-04-06T20:56:35.404446
2026-04,Cargos Efetivos,Consultor Legislativo e Consultor Técnico Legislativo,C,58,Padrao,58,,2026-04-06T20:56:35.404446
2026-04,Cargos Efetivos,Consultor Legislativo e Consultor Técnico Legislativo,C,59,Padrao,59,,2026-04-06T20:56:35.404446
2026-04,Cargos Efetivos,Consultor Legislativo e Consultor Técnico Legislativo,C,60,Padrao,60,,2026-04-06T20:56:35.404446
2026-04,Cargos Efetivos,Consultor Legislativo e Consultor Técnico Legislativo,C,61,Padrao,61,,2026-04-06T20:56:35.404446
2026-04,Cargos Efetivos,Consultor Legislativo e Consultor Técnico Legislativo,C,62,Padrao,62,,2026-04-06T20:56:35.404446
2026-04,Cargos Efetivos,Consultor Legislativo e Consultor Técnico Legislativo,C,63,Padrao,63,,2026-04-06T20:56:35.404446
2026-04,Cargos Efetivos,Consultor Legislativo e Consultor Técnico Legislativo,ESPECIAL,64-E,Padrao,64-E,,2026-04-06T20:56:35.404446
2026-04,Cargos Efetivos,Consultor Legislativo e Consultor Técnico Legislativo,ESPECIAL,65-E,Padrao,65-E,,2026-04-06T20:56:35.404446
2026-04,Cargos Efetivos,Consultor Legislativo e Consultor Técnico Legislativo,ESPECIAL,66-E,Padrao,66-E,,2026-04-06T20:56:35.404446
2026-04,Cargos Efetivos,Consultor Legislativo e Consultor Técnico Legislativo,ESPECIAL,67-E,Padrao,67-E,,2026-04-06T20:56:35.404446
2026-04,Cargos Efetivos,Consultor Legislativo e Consultor Técnico Legislativo,ESPECIAL,68-E,Padrao,68-E,,2026-04-06T20:56:35.404446
2026-04,Cargos Efetivos,Consultor Legislativo e Consultor Técnico Legislativo,ESPECIAL,69-E,Padrao,69-E,,2026-04-06T20:56:35.404446
2026-04,Cargos Efetivos,Consultor Legislativo e Consultor Técnico Legislativo,A,46,Total,"22.350,69",,2026-04-06T20:56:35.404446
2026-04,Cargos Efetivos,Consultor Legislativo e Consultor Técnico Legislativo,A,47,Total,"22.909,46",,2026-04-06T20:56:35.404446
2026-04,Cargos Efetivos,Consultor Legislativo e Consultor Técnico Legislativo,A,48,Total,"23.482,19",,2026-04-06T20:56:35.404446
2026-04,Cargos Efetivos,Consultor Legislativo e Consultor Técnico Legislativo,A,49,Total,"24.069,24",,2026-04-06T20:56:35.404446
2026-04,Cargos Efetivos,Consultor Legislativo e Consultor Técnico Legislativo,A,50,Total,"24.670,98",,2026-04-06T20:56:35.404446
2026-04,Cargos Efetivos,Consultor Legislativo e Consultor Técnico Legislativo,A,51,Total,"25.287,75",,2026-04-06T20:56:35.404446
2026-04,Cargos Efetivos,Consultor Legislativo e Consultor Técnico Legislativo,B,52,Total,"26.299,26",,2026-04-06T20:56:35.404446
2026-04,Cargos Efetivos,Consultor Legislativo e Consultor Técnico Legislativo,B,53,Total,"26.956,73",,2026-04-06T20:56:35.404446
2026-04,Cargos Efetivos,Consultor Legislativo e Consultor Técnico Legislativo,B,54,Total,"27.630,66",,2026-04-06T20:56:35.404446
2026-04,Cargos Efetivos,Consultor Legislativo e Consultor Técnico Legislativo,B,55,Total,"28.321,42",,2026-04-06T20:56:35.404446
2026-04,Cargos Efetivos,Consultor Legislativo e Consultor Técnico Legislativo,B,56,Total,"29.029,46",,2026-04-06T20:56:35.404446
2026-04,Cargos Efetivos,Consultor Legislativo e Consultor Técnico Legislativo,B,57,Total,"29.755,19",,2026-04-06T20:56:35.404446
2026-04,Cargos Efetivos,Consultor Legislativo e Consultor Técnico Legislativo,C,58,Total,"30.945,40",,2026-04-06T20:56:35.404446
2026-04,Cargos Efetivos,Consultor Legislativo e Consultor Técnico Legislativo,C,59,Total,"31.719,04",,2026-04-06T20:56:35.404446
2026-04,Cargos Efetivos,Consultor Legislativo e Consultor Técnico Legislativo,C,60,Total,"32.512,02",,2026-04-06T20:56:35.404446
2026-04,Cargos Efetivos,Consultor Legislativo e Consultor Técnico Legislativo,C,61,Total,"33.324,83",,2026-04-06T20:56:35.404446
2026-04,Cargos Efetivos,Consultor Legislativo e Consultor Técnico Legislativo,C,62,Total,"34.157,95",,2026-04-06T20:56:35.404446
2026-04,Cargos Efetivos,Consultor Legislativo e Consultor Técnico Legislativo,C,63,Total,"35.011,89",,2026-04-06T20:56:35.404446
2026-04,Cargos Efetivos,Consultor Legislativo e Consultor Técnico Legislativo,ESPECIAL,64-E,Total,"36.412,37",,2026-04-06T20:56:35.404446
2026-04,Cargos Efetivos,Consultor Legislativo e Consultor Técnico Legislativo,ESPECIAL,65-E,Total,"37.322,68",,2026-04-06T20:56:35.404446
2026-04,Cargos Efetivos,Consultor Legislativo e Consultor Técnico Legislativo,ESPECIAL,66-E,Total,"38.255,75",,2026-04-06T20:56:35.404446
2026-04,Cargos Efetivos,Consultor Legislativo e Consultor Técnico Legislativo,ESPECIAL,67-E,Total,"39.212,15",,2026-04-06T20:56:35.404446
2026-04,Cargos Efetivos,Consultor Legislativo e Consultor Técnico Legislativo,ESPECIAL,68-E,Total,"40.192,45",,2026-04-06T20:56:35.404446
2026-04,Cargos Efetivos,Consultor Legislativo e Consultor Técnico Legislativo,ESPECIAL,69-E,Total,"41.197,25",,2026-04-06T20:56:35.404446
2026-04,Cargos Efetivos,Consultor Legislativo e Consultor Técnico Legislativo,A,46,Vencimento,"21.286,37",,2026-04-06T20:56:35.404446
2026-04,Cargos Efetivos,Consultor Legislativo e Consultor Técnico Legislativo,A,47,Vencimento,"21.818,53",,2026-04-06T20:56:35.404446
2026-04,Cargos Efetivos,Consultor Legislativo e Consultor Técnico Legislativo,A,48,Vencimento,"22.363,99",,2026-04-06T20:56:35.404446
2026-04,Cargos Efetivos,Consultor Legislativo e Consultor Técnico Legislativo,A,49,Vencimento,"22.923,09",,2026-04-06T20:56:35.404446
2026-04,Cargos Efetivos,Consultor Legislativo e Consultor Técnico Legislativo,A,50,Vencimento,"23.496,17",,2026-04-06T20:56:35.404446
2026-04,Cargos Efetivos,Consultor Legislativo e Consultor Técnico Legislativo,A,51,Vencimento,"24.083,57",,2026-04-06T20:56:35.404446
2026-04,Cargos Efetivos,Consultor Legislativo e Consultor Técnico Legislativo,B,52,Vencimento,"25.046,91",,2026-04-06T20:56:35.404446
2026-04,Cargos Efetivos,Consultor Legislativo e Consultor Técnico Legislativo,B,53,Vencimento,"25.673,08",,2026-04-06T20:56:35.404446
2026-04,Cargos Efetivos,Consultor Legislativo e Consultor Técnico Legislativo,B,54,Vencimento,"26.314,91",,2026-04-06T20:56:35.404446
2026-04,Cargos Efetivos,Consultor Legislativo e Consultor Técnico Legislativo,B,55,Vencimento,"26.972,78",,2026-04-06T20:56:35.404446
2026-04,Cargos Efetivos,Consultor Legislativo e Consultor Técnico Legislativo,B,56,Vencimento,"27.647,10",,2026-04-06T20:56:35.404446
2026-04,Cargos Efetivos,Consultor Legislativo e Consultor Técnico Legislativo,B,57,Vencimento,"28.338,28",,2026-04-06T20:56:35.404446
2026-04,Cargos Efetivos,Consultor Legislativo e Consultor Técnico Legislativo,C,58,Vencimento,"29.471,81",,2026-04-06T20:56:35.404446
2026-04,Cargos Efetivos,Consultor Legislativo e Consultor Técnico Legislativo,C,59,Vencimento,"30.208,61",,2026-04-06T20:56:35.404446
2026-04,Cargos Efetivos,Consultor Legislativo e Consultor Técnico Legislativo,C,60,Vencimento,"30.963,83",,2026-04-06T20:56:35.404446
2026-04,Cargos Efetivos,Consultor Legislativo e Consultor Técnico Legislativo,C,61,Vencimento,"31.737,93",,2026-04-06T20:56:35.404446
2026-04,Cargos Efetivos,Consultor Legislativo e Consultor Técnico Legislativo,C,62,Vencimento,"32.531,38",,2026-04-06T20:56:35.404446
2026-04,Cargos Efetivos,Consultor Legislativo e Consultor Técnico Legislativo,C,63,Vencimento,"33.344,66",,2026-04-06T20:56:35.404446
2026-04,Cargos Efetivos,Consultor Legislativo e Consultor Técnico Legislativo,ESPECIAL,64-E,Vencimento,"34.678,45",,2026-04-06T20:56:35.404446
2026-04,Cargos Efetivos,Consultor Legislativo e Consultor Técnico Legislativo,ESPECIAL,65-E,Vencimento,"35.545,41",,2026-04-06T20:56:35.404446
2026-04,Cargos Efetivos,Consultor Legislativo e Consultor Técnico Legislativo,ESPECIAL,66-E,Vencimento,"36.434,05",,2026-04-06T20:56:35.404446
2026-04,Cargos Efetivos,Consultor Legislativo e Consultor Técnico Legislativo,ESPECIAL,67-E,Vencimento,"37.344,90",,2026-04-06T20:56:35.404446
2026-04,Cargos Efetivos,Consultor Legislativo e Consultor Técnico Legislativo,ESPECIAL,68-E,Vencimento,"38.278,52",,2026-04-06T20:56:35.404446
2026-04,Cargos Efetivos,Consultor Legislativo e Consultor Técnico Legislativo,ESPECIAL,69-E,Vencimento,"39.235,48",,2026-04-06T20:56:35.404446
2026-04,Cargos Efetivos,Procurador,A,49,Classe,A,,2026-04-06T20:56:35.404446
2026-04,Cargos Efetivos,Procurador,A,50,Classe,A,,2026-04-06T20:56:35.404446
2026-04,Cargos Efetivos,Procurador,A,51,Classe,A,,2026-04-06T20:56:35.404446
2026-04,Cargos Efetivos,Procurador,B,52,Classe,B,,2026-04-06T20:56:35.404446
2026-04,Cargos Efetivos,Procurador,B,53,Classe,B,,2026-04-06T20:56:35.404446
2026-04,Cargos Efetivos,Procurador,B,54,Classe,B,,2026-04-06T20:56:35.404446
2026-04,Cargos Efetivos,Procurador,B,55,Classe,B,,2026-04-06T20:56:35.404446
2026-04,Cargos Efetivos,Procurador,B,56,Classe,B,,2026-04-06T20:56:35.404446
2026-04,Cargos Efetivos,Procurador,B,57,Classe,B,,2026-04-06T20:56:35.404446
2026-04,Cargos Efetivos,Procurador,C,58,Classe,C,,2026-04-06T20:56:35.404446
2026-04,Cargos Efetivos,Procurador,C,59,Classe,C,,2026-04-06T20:56:35.404446
2026-04,Cargos Efetivos,Procurador,C,60,Classe,C,,2026-04-06T20:56:35.404446
2026-04,Cargos Efetivos,Procurador,C,61,Classe,C,,2026-04-06T20:56:35.404446
2026-04,Cargos Efetivos,Procurador,C,62,Classe,C,,2026-04-06T20:56:35.404446
2026-04,Cargos Efetivos,Procurador,C,63,Classe,C,,2026-04-06T20:56:35.404446
2026-04,Cargos Efetivos,Procurador,ESPECIAL,64-E,Classe,ESPECIAL,,2026-04-06T20:56:35.404446
2026-04,Cargos Efetivos,Procurador,ESPECIAL,65-E,Classe,ESPECIAL,,2026-04-06T20:56:35.404446
2026-04,Cargos Efetivos,Procurador,ESPECIAL,66-E,Classe,ESPECIAL,,2026-04-06T20:56:35.404446
2026-04,Cargos Efetivos,Procurador,ESPECIAL,67-E,Classe,ESPECIAL,,2026-04-06T20:56:35.404446
2026-04,Cargos Efetivos,Procurador,ESPECIAL,68-E,Classe,ESPECIAL,,2026-04-06T20:56:35.404446
2026-04,Cargos Efetivos,Procurador,ESPECIAL,69-E,Classe,ESPECIAL,,2026-04-06T20:56:35.404446
2026-04,Cargos Efetivos,Procurador,A,46,Classe,A,,2026-04-06T20:56:35.404446
2026-04,Cargos Efetivos,Procurador,A,47,Classe,A,,2026-04-06T20:56:35.404446
2026-04,Cargos Efetivos,Procurador,A,48,Classe,A,,2026-04-06T20:56:35.404446
2026-04,Cargos Efetivos,Procurador,A,49,GAL,"1.146,15",,2026-04-06T20:56:35.404446
2026-04,Cargos Efetivos,Procurador,A,50,GAL,"1.174,81",,2026-04-06T20:56:35.404446
2026-04,Cargos Efetivos,Procurador,A,51,GAL,"1.204,18",,2026-04-06T20:56:35.404446
2026-04,Cargos Efetivos,Procurador,B,52,GAL,"1.252,35",,2026-04-06T20:56:35.404446
2026-04,Cargos Efetivos,Procurador,B,53,GAL,"1.283,65",,2026-04-06T20:56:35.404446
2026-04,Cargos Efetivos,Procurador,B,54,GAL,"1.315,75",,2026-04-06T20:56:35.404446
2026-04,Cargos Efetivos,Procurador,B,55,GAL,"1.348,64",,2026-04-06T20:56:35.404446
2026-04,Cargos Efetivos,Procurador,B,56,GAL,"1.382,36",,2026-04-06T20:56:35.404446
2026-04,Cargos Efetivos,Procurador,B,57,GAL,"1.416,91",,2026-04-06T20:56:35.404446
2026-04,Cargos Efetivos,Procurador,C,58,GAL,"1.473,59",,2026-04-06T20:56:35.404446
2026-04,Cargos Efetivos,Procurador,C,59,GAL,"1.510,43",,2026-04-06T20:56:35.404446
2026-04,Cargos Efetivos,Procurador,C,60,GAL,"1.548,19",,2026-04-06T20:56:35.404446
2026-04,Cargos Efetivos,Procurador,C,61,GAL,"1.586,90",,2026-04-06T20:56:35.404446
2026-04,Cargos Efetivos,Procurador,C,62,GAL,"1.626,57",,2026-04-06T20:56:35.404446
2026-04,Cargos Efetivos,Procurador,C,63,GAL,"1.667,23",,2026-04-06T20:56:35.404446
2026-04,Cargos Efetivos,Procurador,ESPECIAL,64-E,GAL,"1.733,92",,2026-04-06T20:56:35.404446
2026-04,Cargos Efetivos,Procurador,ESPECIAL,65-E,GAL,"1.777,27",,2026-04-06T20:56:35.404446
2026-04,Cargos Efetivos,Procurador,ESPECIAL,66-E,GAL,"1.821,70",,2026-04-06T20:56:35.404446
2026-04,Cargos Efetivos,Procurador,ESPECIAL,67-E,GAL,"1.867,25",,2026-04-06T20:56:35.404446
2026-04,Cargos Efetivos,Procurador,ESPECIAL,68-E,GAL,"1.913,93",,2026-04-06T20:56:35.404446
2026-04,Cargos Efetivos,Procurador,ESPECIAL,69-E,GAL,"1.961,77",,2026-04-06T20:56:35.404446
2026-04,Cargos Efetivos,Procurador,A,46,GAL,"1.064,32",,2026-04-06T20:56:35.404446
2026-04,Cargos Efetivos,Procurador,A,47,GAL,"1.090,93",,2026-04-06T20:56:35.404446
2026-04,Cargos Efetivos,Procurador,A,48,GAL,"1.118,20",,2026-04-06T20:56:35.404446
2026-04,Cargos Efetivos,Procurador,A,49,Padrao,49,,2026-04-06T20:56:35.404446
2026-04,Cargos Efetivos,Procurador,A,50,Padrao,50,,2026-04-06T20:56:35.404446
2026-04,Cargos Efetivos,Procurador,A,51,Padrao,51,,2026-04-06T20:56:35.404446
2026-04,Cargos Efetivos,Procurador,B,52,Padrao,52,,2026-04-06T20:56:35.404446
2026-04,Cargos Efetivos,Procurador,B,53,Padrao,53,,2026-04-06T20:56:35.404446
2026-04,Cargos Efetivos,Procurador,B,54,Padrao,54,,2026-04-06T20:56:35.404446
2026-04,Cargos Efetivos,Procurador,B,55,Padrao,55,,2026-04-06T20:56:35.404446
2026-04,Cargos Efetivos,Procurador,B,56,Padrao,56,,2026-04-06T20:56:35.404446
2026-04,Cargos Efetivos,Procurador,B,57,Padrao,57,,2026-04-06T20:56:35.404446
2026-04,Cargos Efetivos,Procurador,C,58,Padrao,58,,2026-04-06T20:56:35.404446
2026-04,Cargos Efetivos,Procurador,C,59,Padrao,59,,2026-04-06T20:56:35.404446
2026-04,Cargos Efetivos,Procurador,C,60,Padrao,60,,2026-04-06T20:56:35.404446
2026-04,Cargos Efetivos,Procurador,C,61,Padrao,61,,2026-04-06T20:56:35.404446
2026-04,Cargos Efetivos,Procurador,C,62,Padrao,62,,2026-04-06T20:56:35.404446
2026-04,Cargos Efetivos,Procurador,C,63,Padrao,63,,2026-04-06T20:56:35.404446
2026-04,Cargos Efetivos,Procurador,ESPECIAL,64-E,Padrao,64-E,,2026-04-06T20:56:35.404446
2026-04,Cargos Efetivos,Procurador,ESPECIAL,65-E,Padrao,65-E,,2026-04-06T20:56:35.404446
2026-04,Cargos Efetivos,Procurador,ESPECIAL,66-E,Padrao,66-E,,2026-04-06T20:56:35.404446
2026-04,Cargos Efetivos,Procurador,ESPECIAL,67-E,Padrao,67-E,,2026-04-06T20:56:35.404446
2026-04,Cargos Efetivos,Procurador,ESPECIAL,68-E,Padrao,68-E,,2026-04-06T20:56:35.404446
2026-04,Cargos Efetivos,Procurador,ESPECIAL,69-E,Padrao,69-E,,2026-04-06T20:56:35.404446
2026-04,Cargos Efetivos,Procurador,A,46,Padrao,46,,2026-04-06T20:56:35.404446
2026-04,Cargos Efetivos,Procurador,A,47,Padrao,47,,2026-04-06T20:56:35.404446
2026-04,Cargos Efetivos,Procurador,A,48,Padrao,48,,2026-04-06T20:56:35.404446
2026-04,Cargos Efetivos,Procurador,A,49,Total,"24.069,24",,2026-04-06T20:56:35.404446
2026-04,Cargos Efetivos,Procurador,A,50,Total,"24.670,98",,2026-04-06T20:56:35.404446
2026-04,Cargos Efetivos,Procurador,A,51,Total,"25.287,75",,2026-04-06T20:56:35.404446
2026-04,Cargos Efetivos,Procurador,B,52,Total,"26.299,26",,2026-04-06T20:56:35.404446
2026-04,Cargos Efetivos,Procurador,B,53,Total,"26.956,73",,2026-04-06T20:56:35.404446
2026-04,Cargos Efetivos,Procurador,B,54,Total,"27.630,66",,2026-04-06T20:56:35.404446
2026-04,Cargos Efetivos,Procurador,B,55,Total,"28.321,42",,2026-04-06T20:56:35.404446
2026-04,Cargos Efetivos,Procurador,B,56,Total,"29.029,46",,2026-04-06T20:56:35.404446
2026-04,Cargos Efetivos,Procurador,B,57,Total,"29.755,19",,2026-04-06T20:56:35.404446
2026-04,Cargos Efetivos,Procurador,C,58,Total,"30.945,40",,2026-04-06T20:56:35.404446
2026-04,Cargos Efetivos,Procurador,C,59,Total,"31.719,04",,2026-04-06T20:56:35.404446
2026-04,Cargos Efetivos,Procurador,C,60,Total,"32.512,02",,2026-04-06T20:56:35.404446
2026-04,Cargos Efetivos,Procurador,C,61,Total,"33.324,83",,2026-04-06T20:56:35.404446
2026-04,Cargos Efetivos,Procurador,C,62,Total,"34.157,95",,2026-04-06T20:56:35.404446
2026-04,Cargos Efetivos,Procurador,C,63,Total,"35.011,89",,2026-04-06T20:56:35.404446
2026-04,Cargos Efetivos,Procurador,ESPECIAL,64-E,Total,"36.412,37",,2026-04-06T20:56:35.404446
2026-04,Cargos Efetivos,Procurador,ESPECIAL,65-E,Total,"37.322,68",,2026-04-06T20:56:35.404446
2026-04,Cargos Efetivos,Procurador,ESPECIAL,66-E,Total,"38.255,75",,2026-04-06T20:56:35.404446
2026-04,Cargos Efetivos,Procurador,ESPECIAL,67-E,Total,"39.212,15",,2026-04-06T20:56:35.404446
2026-04,Cargos Efetivos,Procurador,ESPECIAL,68-E,Total,"40.192,45",,2026-04-06T20:56:35.404446
2026-04,Cargos Efetivos,Procurador,ESPECIAL,69-E,Total,"41.197,25",,2026-04-06T20:56:35.404446
2026-04,Cargos Efetivos,Procurador,A,46,Total,"22.350,69",,2026-04-06T20:56:35.404446
2026-04,Cargos Efetivos,Procurador,A,47,Total,"22.909,46",,2026-04-06T20:56:35.404446
2026-04,Cargos Efetivos,Procurador,A,48,Total,"23.482,19",,2026-04-06T20:56:35.404446
2026-04,Cargos Efetivos,Procurador,A,49,Vencimento,"22.923,09",,2026-04-06T20:56:35.404446
2026-04,Cargos Efetivos,Procurador,A,50,Vencimento,"23.496,17",,2026-04-06T20:56:35.404446
2026-04,Cargos Efetivos,Procurador,A,51,Vencimento,"24.083,57",,2026-04-06T20:56:35.404446
2026-04,Cargos Efetivos,Procurador,B,52,Vencimento,"25.046,91",,2026-04-06T20:56:35.404446
2026-04,Cargos Efetivos,Procurador,B,53,Vencimento,"25.673,08",,2026-04-06T20:56:35.404446
2026-04,Cargos Efetivos,Procurador,B,54,Vencimento,"26.314,91",,2026-04-06T20:56:35.404446
2026-04,Cargos Efetivos,Procurador,B,55,Vencimento,"26.972,78",,2026-04-06T20:56:35.404446
2026-04,Cargos Efetivos,Procurador,B,56,Vencimento,"27.647,10",,2026-04-06T20:56:35.404446
2026-04,Cargos Efetivos,Procurador,B,57,Vencimento,"28.338,28",,2026-04-06T20:56:35.404446
2026-04,Cargos Efetivos,Procurador,C,58,Vencimento,"29.471,81",,2026-04-06T20:56:35.404446
2026-04,Cargos Efetivos,Procurador,C,59,Vencimento,"30.208,61",,2026-04-06T20:56:35.404446
2026-04,Cargos Efetivos,Procurador,C,60,Vencimento,"30.963,83",,2026-04-06T20:56:35.404446
2026-04,Cargos Efetivos,Procurador,C,61,Vencimento,"31.737,93",,2026-04-06T20:56:35.404446
2026-04,Cargos Efetivos,Procurador,C,62,Vencimento,"32.531,38",,2026-04-06T20:56:35.404446
2026-04,Cargos Efetivos,Procurador,C,63,Vencimento,"33.344,66",,2026-04-06T20:56:35.404446
2026-04,Cargos Efetivos,Procurador,ESPECIAL,64-E,Vencimento,"34.678,45",,2026-04-06T20:56:35.404446
2026-04,Cargos Efetivos,Procurador,ESPECIAL,65-E,Vencimento,"35.545,41",,2026-04-06T20:56:35.404446
2026-04,Cargos Efetivos,Procurador,ESPECIAL,66-E,Vencimento,"36.434,05",,2026-04-06T20:56:35.404446
2026-04,Cargos Efetivos,Procurador,ESPECIAL,67-E,Vencimento,"37.344,90",,2026-04-06T20:56:35.404446
2026-04,Cargos Efetivos,Procurador,ESPECIAL,68-E,Vencimento,"38.278,52",,2026-04-06T20:56:35.404446
2026-04,Cargos Efetivos,Procurador,ESPECIAL,69-E,Vencimento,"39.235,48",,2026-04-06T20:56:35.404446
2026-04,Cargos Efetivos,Procurador,A,46,Vencimento,"21.286,37",,2026-04-06T20:56:35.404446
2026-04,Cargos Efetivos,Procurador,A,47,Vencimento,"21.818,53",,2026-04-06T20:56:35.404446
2026-04,Cargos Efetivos,Procurador,A,48,Vencimento,"22.363,99",,2026-04-06T20:56:35.404446
2026-04,Cargos Efetivos,Técnico Administrativo,A,16,Classe,A,,2026-04-06T20:56:35.404446
2026-04,Cargos Efetivos,Técnico Administrativo,A,17,Classe,A,,2026-04-06T20:56:35.404446
2026-04,Cargos Efetivos,Técnico Administrativo,A,18,Classe,A,,2026-04-06T20:56:35.404446
2026-04,Cargos Efetivos,Técnico Administrativo,A,19,Classe,A,,2026-04-06T20:56:35.404446
2026-04,Cargos Efetivos,Técnico Administrativo,A,20,Classe,A,,2026-04-06T20:56:35.404446
2026-04,Cargos Efetivos,Técnico Administrativo,A,21,Classe,A,,2026-04-06T20:56:35.404446
2026-04,Cargos Efetivos,Técnico Administrativo,B,22,Classe,B,,2026-04-06T20:56:35.404446
2026-04,Cargos Efetivos,Técnico Administrativo,B,23,Classe,B,,2026-04-06T20:56:35.404446
2026-04,Cargos Efetivos,Técnico Administrativo,B,24,Classe,B,,2026-04-06T20:56:35.404446
2026-04,Cargos Efetivos,Técnico Administrativo,B,25,Classe,B,,2026-04-06T20:56:35.404446
2026-04,Cargos Efetivos,Técnico Administrativo,B,26,Classe,B,,2026-04-06T20:56:35.404446
2026-04,Cargos Efetivos,Técnico Administrativo,B,27,Classe,B,,2026-04-06T20:56:35.404446
2026-04,Cargos Efetivos,Técnico Administrativo,C,28,Classe,C,,2026-04-06T20:56:35.404446
2026-04,Cargos Efetivos,Técnico Administrativo,C,29,Classe,C,,2026-04-06T20:56:35.404446
2026-04,Cargos Efetivos,Técnico Administrativo,C,30,Classe,C,,2026-04-06T20:56:35.404446
2026-04,Cargos Efetivos,Técnico Administrativo,C,31,Classe,C,,2026-04-06T20:56:35.404446
2026-04,Cargos Efetivos,Técnico Administrativo,C,32,Classe,C,,2026-04-06T20:56:35.404446
2026-04,Cargos Efetivos,Técnico Administrativo,C,33,Classe,C,,2026-04-06T20:56:35.404446
2026-04,Cargos Efetivos,Técnico Administrativo,ESPECIAL,34-E,Classe,ESPECIAL,,2026-04-06T20:56:35.404446
2026-04,Cargos Efetivos,Técnico Administrativo,ESPECIAL,35-E,Classe,ESPECIAL,,2026-04-06T20:56:35.404446
2026-04,Cargos Efetivos,Técnico Administrativo,ESPECIAL,36-E,Classe,ESPECIAL,,2026-04-06T20:56:35.404446
2026-04,Cargos Efetivos,Técnico Administrativo,ESPECIAL,37-E,Classe,ESPECIAL,,2026-04-06T20:56:35.404446
2026-04,Cargos Efetivos,Técnico Administrativo,ESPECIAL,38-E,Classe,ESPECIAL,,2026-04-06T20:56:35.404446
2026-04,Cargos Efetivos,Técnico Administrativo,ESPECIAL,39-E,Classe,ESPECIAL,,2026-04-06T20:56:35.404446
2026-04,Cargos Efetivos,Técnico Administrativo,A,16,GAL,"478,76",,2026-04-06T20:56:35.404446
2026-04,Cargos Efetivos,Técnico Administrativo,A,17,GAL,"490,73",,2026-04-06T20:56:35.404446
2026-04,Cargos Efetivos,Técnico Administrativo,A,18,GAL,"503,00",,2026-04-06T20:56:35.404446
2026-04,Cargos Efetivos,Técnico Administrativo,A,19,GAL,"515,57",,2026-04-06T20:56:35.404446
2026-04,Cargos Efetivos,Técnico Administrativo,A,20,GAL,"528,46",,2026-04-06T20:56:35.404446
2026-04,Cargos Efetivos,Técnico Administrativo,A,21,GAL,"541,67",,2026-04-06T20:56:35.404446
2026-04,Cargos Efetivos,Técnico Administrativo,B,22,GAL,"563,34",,2026-04-06T20:56:35.404446
2026-04,Cargos Efetivos,Técnico Administrativo,B,23,GAL,"577,42",,2026-04-06T20:56:35.404446
2026-04,Cargos Efetivos,Técnico Administrativo,B,24,GAL,"591,86",,2026-04-06T20:56:35.404446
2026-04,Cargos Efetivos,Técnico Administrativo,B,25,GAL,"606,66",,2026-04-06T20:56:35.404446
2026-04,Cargos Efetivos,Técnico Administrativo,B,26,GAL,"621,82",,2026-04-06T20:56:35.404446
2026-04,Cargos Efetivos,Técnico Administrativo,B,27,GAL,"637,37",,2026-04-06T20:56:35.404446
2026-04,Cargos Efetivos,Técnico Administrativo,C,28,GAL,"662,86",,2026-04-06T20:56:35.404446
2026-04,Cargos Efetivos,Técnico Administrativo,C,29,GAL,"679,43",,2026-04-06T20:56:35.404446
2026-04,Cargos Efetivos,Técnico Administrativo,C,30,GAL,"696,42",,2026-04-06T20:56:35.404446
2026-04,Cargos Efetivos,Técnico Administrativo,C,31,GAL,"713,83",,2026-04-06T20:56:35.404446
2026-04,Cargos Efetivos,Técnico Administrativo,C,32,GAL,"731,68",,2026-04-06T20:56:35.404446
2026-04,Cargos Efetivos,Técnico Administrativo,C,33,GAL,"749,97",,2026-04-06T20:56:35.404446
2026-04,Cargos Efetivos,Técnico Administrativo,ESPECIAL,34-E,GAL,"779,97",,2026-04-06T20:56:35.404446
2026-04,Cargos Efetivos,Técnico Administrativo,ESPECIAL,35-E,GAL,"799,46",,2026-04-06T20:56:35.404446
2026-04,Cargos Efetivos,Técnico Administrativo,ESPECIAL,36-E,GAL,"819,45",,2026-04-06T20:56:35.404446
2026-04,Cargos Efetivos,Técnico Administrativo,ESPECIAL,37-E,GAL,"839,94",,2026-04-06T20:56:35.404446
2026-04,Cargos Efetivos,Técnico Administrativo,ESPECIAL,38-E,GAL,"860,94",,2026-04-06T20:56:35.404446
2026-04,Cargos Efetivos,Técnico Administrativo,ESPECIAL,39-E,GAL,"882,46",,2026-04-06T20:56:35.404446
2026-04,Cargos Efetivos,Técnico Administrativo,A,16,Padrao,16,,2026-04-06T20:56:35.404446
2026-04,Cargos Efetivos,Técnico Administrativo,A,17,Padrao,17,,2026-04-06T20:56:35.404446
2026-04,Cargos Efetivos,Técnico Administrativo,A,18,Padrao,18,,2026-04-06T20:56:35.404446
2026-04,Cargos Efetivos,Técnico Administrativo,A,19,Padrao,19,,2026-04-06T20:56:35.404446
2026-04,Cargos Efetivos,Técnico Administrativo,A,20,Padrao,20,,2026-04-06T20:56:35.404446
2026-04,Cargos Efetivos,Técnico Administrativo,A,21,Padrao,21,,2026-04-06T20:56:35.404446
2026-04,Cargos Efetivos,Técnico Administrativo,B,22,Padrao,22,,2026-04-06T20:56:35.404446
2026-04,Cargos Efetivos,Técnico Administrativo,B,23,Padrao,23,,2026-04-06T20:56:35.404446
2026-04,Cargos Efetivos,Técnico Administrativo,B,24,Padrao,24,,2026-04-06T20:56:35.404446
2026-04,Cargos Efetivos,Técnico Administrativo,B,25,Padrao,25,,2026-04-06T20:56:35.404446
2026-04,Cargos Efetivos,Técnico Administrativo,B,26,Padrao,26,,2026-04-06T20:56:35.404446
2026-04,Cargos Efetivos,Técnico Administrativo,B,27,Padrao,27,,2026-04-06T20:56:35.404446
2026-04,Cargos Efetivos,Técnico Administrativo,C,28,Padrao,28,,2026-04-06T20:56:35.404446
2026-04,Cargos Efetivos,Técnico Administrativo,C,29,Padrao,29,,2026-04-06T20:56:35.404446
2026-04,Cargos Efetivos,Técnico Administrativo,C,30,Padrao,30,,2026-04-06T20:56:35.404446
2026-04,Cargos Efetivos,Técnico Administrativo,C,31,Padrao,31,,2026-04-06T20:56:35.404446
2026-04,Cargos Efetivos,Técnico Administrativo,C,32,Padrao,32,,2026-04-06T20:56:35.404446
2026-04,Cargos Efetivos,Técnico Administrativo,C,33,Padrao,33,,2026-04-06T20:56:35.404446
2026-04,Cargos Efetivos,Técnico Administrativo,ESPECIAL,34-E,Padrao,34-E,,2026-04-06T20:56:35.404446
2026-04,Cargos Efetivos,Técnico Administrativo,ESPECIAL,35-E,Padrao,35-E,,2026-04-06T20:56:35.404446
2026-04,Cargos Efetivos,Técnico Administrativo,ESPECIAL,36-E,Padrao,36-E,,2026-04-06T20:56:35.404446
2026-04,Cargos Efetivos,Técnico Administrativo,ESPECIAL,37-E,Padrao,37-E,,2026-04-06T20:56:35.404446
2026-04,Cargos Efetivos,Técnico Administrativo,ESPECIAL,38-E,Padrao,38-E,,2026-04-06T20:56:35.404446
2026-04,Cargos Efetivos,Técnico Administrativo,ESPECIAL,39-E,Padrao,39-E,,2026-04-06T20:56:35.404446
2026-04,Cargos Efetivos,Técnico Administrativo,A,16,Total,"10.053,95",,2026-04-06T20:56:35.404446
2026-04,Cargos Efetivos,Técnico Administrativo,A,17,Total,"10.305,30",,2026-04-06T20:56:35.404446
2026-04,Cargos Efetivos,Técnico Administrativo,A,18,Total,"10.562,93",,2026-04-06T20:56:35.404446
2026-04,Cargos Efetivos,Técnico Administrativo,A,19,Total,"10.827,00",,2026-04-06T20:56:35.404446
2026-04,Cargos Efetivos,Técnico Administrativo,A,20,Total,"11.097,68",,2026-04-06T20:56:35.404446
2026-04,Cargos Efetivos,Técnico Administrativo,A,21,Total,"11.375,12",,2026-04-06T20:56:35.404446
2026-04,Cargos Efetivos,Técnico Administrativo,B,22,Total,"11.830,13",,2026-04-06T20:56:35.404446
2026-04,Cargos Efetivos,Técnico Administrativo,B,23,Total,"12.125,88",,2026-04-06T20:56:35.404446
2026-04,Cargos Efetivos,Técnico Administrativo,B,24,Total,"12.429,03",,2026-04-06T20:56:35.404446
2026-04,Cargos Efetivos,Técnico Administrativo,B,25,Total,"12.739,76",,2026-04-06T20:56:35.404446
2026-04,Cargos Efetivos,Técnico Administrativo,B,26,Total,"13.058,25",,2026-04-06T20:56:35.404446
2026-04,Cargos Efetivos,Técnico Administrativo,B,27,Total,"13.384,71",,2026-04-06T20:56:35.404446
2026-04,Cargos Efetivos,Técnico Administrativo,C,28,Total,"13.920,09",,2026-04-06T20:56:35.404446
2026-04,Cargos Efetivos,Técnico Administrativo,C,29,Total,"14.268,09",,2026-04-06T20:56:35.404446
2026-04,Cargos Efetivos,Técnico Administrativo,C,30,Total,"14.624,80",,2026-04-06T20:56:35.404446
2026-04,Cargos Efetivos,Técnico Administrativo,C,31,Total,"14.990,42",,2026-04-06T20:56:35.404446
2026-04,Cargos Efetivos,Técnico Administrativo,C,32,Total,"15.365,18",,2026-04-06T20:56:35.404446
2026-04,Cargos Efetivos,Técnico Administrativo,C,33,Total,"15.749,31",,2026-04-06T20:56:35.404446
2026-04,Cargos Efetivos,Técnico Administrativo,ESPECIAL,34-E,Total,"16.379,28",,2026-04-06T20:56:35.404446
2026-04,Cargos Efetivos,Técnico Administrativo,ESPECIAL,35-E,Total,"16.788,75",,2026-04-06T20:56:35.404446
2026-04,Cargos Efetivos,Técnico Administrativo,ESPECIAL,36-E,Total,"17.208,47",,2026-04-06T20:56:35.404446
2026-04,Cargos Efetivos,Técnico Administrativo,ESPECIAL,37-E,Total,"17.638,69",,2026-04-06T20:56:35.404446
2026-04,Cargos Efetivos,Técnico Administrativo,ESPECIAL,38-E,Total,"18.079,66",,2026-04-06T20:56:35.404446
2026-04,Cargos Efetivos,Técnico Administrativo,ESPECIAL,39-E,Total,"18.531,65",,2026-04-06T20:56:35.404446
2026-04,Cargos Efetivos,Técnico Administrativo,A,16,Vencimento,"9.575,19",,2026-04-06T20:56:35.404446
2026-04,Cargos Efetivos,Técnico Administrativo,A,17,Vencimento,"9.814,57",,2026-04-06T20:56:35.404446
2026-04,Cargos Efetivos,Técnico Administrativo,A,18,Vencimento,"10.059,93",,2026-04-06T20:56:35.404446
2026-04,Cargos Efetivos,Técnico Administrativo,A,19,Vencimento,"10.311,43",,2026-04-06T20:56:35.404446
2026-04,Cargos Efetivos,Técnico Administrativo,A,20,Vencimento,"10.569,22",,2026-04-06T20:56:35.404446
2026-04,Cargos Efetivos,Técnico Administrativo,A,21,Vencimento,"10.833,45",,2026-04-06T20:56:35.404446
2026-04,Cargos Efetivos,Técnico Administrativo,B,22,Vencimento,"11.266,79",,2026-04-06T20:56:35.404446
2026-04,Cargos Efetivos,Técnico Administrativo,B,23,Vencimento,"11.548,46",,2026-04-06T20:56:35.404446
2026-04,Cargos Efetivos,Técnico Administrativo,B,24,Vencimento,"11.837,17",,2026-04-06T20:56:35.404446
2026-04,Cargos Efetivos,Técnico Administrativo,B,25,Vencimento,"12.133,10",,2026-04-06T20:56:35.404446
2026-04,Cargos Efetivos,Técnico Administrativo,B,26,Vencimento,"12.436,43",,2026-04-06T20:56:35.404446
2026-04,Cargos Efetivos,Técnico Administrativo,B,27,Vencimento,"12.747,34",,2026-04-06T20:56:35.404446
2026-04,Cargos Efetivos,Técnico Administrativo,C,28,Vencimento,"13.257,23",,2026-04-06T20:56:35.404446
2026-04,Cargos Efetivos,Técnico Administrativo,C,29,Vencimento,"13.588,66",,2026-04-06T20:56:35.404446
2026-04,Cargos Efetivos,Técnico Administrativo,C,30,Vencimento,"13.928,38",,2026-04-06T20:56:35.404446
2026-04,Cargos Efetivos,Técnico Administrativo,C,31,Vencimento,"14.276,59",,2026-04-06T20:56:35.404446
2026-04,Cargos Efetivos,Técnico Administrativo,C,32,Vencimento,"14.633,50",,2026-04-06T20:56:35.404446
2026-04,Cargos Efetivos,Técnico Administrativo,C,33,Vencimento,"14.999,34",,2026-04-06T20:56:35.404446
2026-04,Cargos Efetivos,Técnico Administrativo,ESPECIAL,34-E,Vencimento,"15.599,31",,2026-04-06T20:56:35.404446
2026-04,Cargos Efetivos,Técnico Administrativo,ESPECIAL,35-E,Vencimento,"15.989,29",,2026-04-06T20:56:35.404446
2026-04,Cargos Efetivos,Técnico Administrativo,ESPECIAL,36-E,Vencimento,"16.389,02",,2026-04-06T20:56:35.404446
2026-04,Cargos Efetivos,Técnico Administrativo,ESPECIAL,37-E,Vencimento,"16.798,75",,2026-04-06T20:56:35.404446
2026-04,Cargos Efetivos,Técnico Administrativo,ESPECIAL,38-E,Vencimento,"17.218,72",,2026-04-06T20:56:35.404446
2026-04,Cargos Efetivos,Técnico Administrativo,ESPECIAL,39-E,Vencimento,"17.649,19",,2026-04-06T20:56:35.404446
2026-04,Subsídio e Benefícios,Auxílio Natalidade,,,Fonte Legal,Lei Complementar nº 840/2011,Lei Complementar nº 840/2011,2026-04-09T20:45:11.371195
2026-04,Subsídio e Benefícios,Auxílio Natalidade,,,Valor,"1.621,00",Lei Complementar nº 840/2011,2026-04-09T20:45:11.371195
2026-04,Subsídio e Benefícios,Auxílio Pré-Escolar,,,Fonte Legal,Resolução nº 366/2026,Resolução nº 366/2026,2026-04-09T20:45:11.371195
2026-04,Subsídio e Benefícios,Auxílio Pré-Escolar,,,Valor,"1.357,40",Resolução nº 366/2026,2026-04-09T20:45:11.371195
2026-04,Subsídio e Benefícios,Auxílio-Alimentação,,,Fonte Legal,Resolução nº 366/2026,Resolução nº 366/2026,2026-04-09T20:45:11.371195
2026-04,Subsídio e Benefícios,Auxílio-Alimentação,,,Valor,"2.577,52",Resolução nº 366/2026,2026-04-09T20:45:11.371195
2026-04,Subsídio e Benefícios,Subsídio de Deputado,,,Fonte Legal,Decreto Legislativo nº 2.382/2022,Decreto Legislativo nº 2.382/2022,2026-04-09T20:45:11.371195
2026-04,Subsídio e Benefícios,Subsídio de Deputado,,,Valor,"34.774,64",Decreto Legislativo nº 2.382/2022,2026-04-09T20:45:11.371195
2026-04,Subsídio e Benefícios,Verba Indenizatória,,,Fonte Legal,Decreto Legislativo nº 996/2002,Decreto Legislativo nº 996/2002,2026-04-09T20:45:11.371195
2026-04,Subsídio e Benefícios,Verba Indenizatória,,,Valor,"20.864,78",Decreto Legislativo nº 996/2002,2026-04-09T20:45:11.371195
