unidade_normalizada,competencia,ano,mes,quantidade,com_matricula,com_afericao,apenas_nome
Auditoria - AUDIT,2023-02,2023,02,4,0,0,4
Comissão Permanente de Tomada de Contas Especial e Sindicância,2023-02,2023,02,3,0,0,3
Comissão de Constituição e Justiça - CCJ,2023-02,2023,02,3,0,0,3
Divisão de Almoxarifado e Patrimônio - DIAP,2023-02,2023,02,1,0,0,1
Divisão de Desenvolvimento de Recursos Humanos - DDRH,2023-02,2023,02,1,0,0,1
Escola do Legislativo - ELEGIS,2023-02,2023,02,1,0,0,1
Gabinete da Mesa Diretoria - GMD,2023-02,2023,02,2,0,0,2
Setor de Biblioteca - SEBIB,2023-02,2023,02,2,0,0,2
Setor de Contabilidade - SECON,2023-02,2023,02,3,0,0,3
Setor de Finanças - SEFIN,2023-02,2023,02,4,0,0,4
Setor de Patrimônio - SEPAT,2023-02,2023,02,1,0,0,1
Setor de Recrutamento e Seleção - SERES,2023-02,2023,02,7,0,0,7
Setor de Taquigrafia - SETAQ,2023-02,2023,02,43,0,0,43
Seção de Elaboração Orçamentária - SEORC,2023-02,2023,02,4,0,0,4
Seção de Orçamento Finanças e Contabilidade - SOFC,2023-02,2023,02,2,0,0,2
Unidade Desenvolvimento Urbano Rural e Meio Ambiente - UDA,2023-02,2023,02,7,0,0,7
Unidade de Constituição e Justiça - UCJ,2023-02,2023,02,7,0,0,7
Unidade de Economia e Finanças - UEF,2023-02,2023,02,8,0,0,8
Unidade de Saúde Educação Cultura e Desenvolvimento Científico e Tecnológico - USE,2023-02,2023,02,7,0,0,7
Auditoria - AUDIT,2023-03,2023,03,4,0,0,4
Comissão Permanente de Tomada de Contas Especial e Sindicância,2023-03,2023,03,3,0,0,3
Comissão de Constituição e Justiça - CCJ,2023-03,2023,03,4,0,0,4
Comissão dos Anais e Memória,2023-03,2023,03,4,0,0,4
Divisão de Almoxarifado e Patrimônio - DIAP,2023-03,2023,03,1,0,0,1
Divisão de Desenvolvimento de Recursos Humanos - DDRH,2023-03,2023,03,1,0,0,1
Escola do Legislativo - ELEGIS,2023-03,2023,03,1,0,0,1
Gabinete da Mesa Diretoria - GMD,2023-03,2023,03,4,0,0,4
Gabinete da Primeira Secretaria - GPS,2023-03,2023,03,1,0,0,1
Núcleo de Comunicação Organizacional,2023-03,2023,03,1,0,0,1
Núcleo de Publicidade Legal,2023-03,2023,03,5,0,0,5
Ouvidoria,2023-03,2023,03,3,0,0,3
Setor de Apoio às Comissões Permanentes - SACP,2023-03,2023,03,5,0,0,5
Setor de Apoio às Comissões Temporárias - SACT,2023-03,2023,03,1,0,0,1
Setor de Biblioteca - SEBIB,2023-03,2023,03,3,0,0,3
Setor de Contabilidade - SECON,2023-03,2023,03,3,0,0,3
Setor de Finanças - SEFIN,2023-03,2023,03,4,0,0,4
Setor de Patrimônio - SEPAT,2023-03,2023,03,1,0,0,1
Setor de Taquigrafia - SETAQ,2023-03,2023,03,44,0,0,44
Setor de Tramitação Ata e Súmula  SETAS,2023-03,2023,03,1,0,0,1
Seção de Elaboração Orçamentária - SEORC,2023-03,2023,03,4,0,0,4
Seção de Infraestrutura de Tecnologia da Informação - SEINF,2023-03,2023,03,2,0,0,2
Seção de Orçamento Finanças e Contabilidade - SOFC,2023-03,2023,03,1,0,0,1
Unidade Desenvolvimento Urbano Rural e Meio Ambiente - UDA,2023-03,2023,03,7,0,0,7
Unidade de Constituição e Justiça - UCJ,2023-03,2023,03,6,0,0,6
Unidade de Economia e Finanças - UEF,2023-03,2023,03,8,0,0,8
Unidade de Saúde Educação Cultura e Desenvolvimento Científico e Tecnológico - USE,2023-03,2023,03,8,0,0,8
Assessoria Legislativa,2023-04,2023,04,1,0,0,1
Auditoria - AUDIT,2023-04,2023,04,4,0,0,4
Comissão Permanente de Tomada de Contas Especial e Sindicância,2023-04,2023,04,3,0,0,3
Comissão de Constituição e Justiça - CCJ,2023-04,2023,04,4,0,0,4
Comissão dos Anais e Memória,2023-04,2023,04,1,0,0,1
Divisão de Almoxarifado e Patrimônio - DIAP,2023-04,2023,04,1,0,0,1
Divisão de Desenvolvimento de Recursos Humanos - DDRH,2023-04,2023,04,1,0,0,1
Escola do Legislativo - ELEGIS,2023-04,2023,04,2,0,0,2
Gabinete da Mesa Diretoria - GMD,2023-04,2023,04,4,0,0,4
Núcleo de Comunicação Organizacional,2023-04,2023,04,1,0,0,1
Núcleo de Publicidade Legal,2023-04,2023,04,6,0,0,6
Setor de Apoio às Comissões Permanentes - SACP,2023-04,2023,04,5,0,0,5
Setor de Apoio às Comissões Temporárias - SACT,2023-04,2023,04,1,0,0,1
Setor de Biblioteca - SEBIB,2023-04,2023,04,4,0,0,4
Setor de Finanças - SEFIN,2023-04,2023,04,4,0,0,4
Setor de Patrimônio - SEPAT,2023-04,2023,04,1,0,0,1
Setor de Taquigrafia - SETAQ,2023-04,2023,04,44,0,0,44
Setor de Tramitação Ata e Súmula  SETAS,2023-04,2023,04,1,0,0,1
Seção de Elaboração Orçamentária - SEORC,2023-04,2023,04,4,0,0,4
Seção de Infraestrutura de Tecnologia da Informação - SEINF,2023-04,2023,04,4,0,0,4
Unidade Desenvolvimento Urbano Rural e Meio Ambiente - UDA,2023-04,2023,04,7,0,0,7
Unidade de Constituição e Justiça - UCJ,2023-04,2023,04,4,0,0,4
Unidade de Economia e Finanças - UEF,2023-04,2023,04,8,0,0,8
Unidade de Saúde Educação Cultura e Desenvolvimento Científico e Tecnológico - USE,2023-04,2023,04,8,0,0,8
Assessoria Legislativa,2023-05,2023,05,1,0,0,1
Auditoria - AUDIT,2023-05,2023,05,4,0,0,4
Comissão Permanente de Contratação - CPC,2023-05,2023,05,1,0,0,1
Comissão Permanente de Tomada de Contas Especial e Sindicância,2023-05,2023,05,3,0,0,3
Comissão de Constituição e Justiça - CCJ,2023-05,2023,05,4,0,0,4
Comissão de Economia Orçamento e Finanças - CEOF,2023-05,2023,05,4,0,0,4
Comissão dos Anais e Memória,2023-05,2023,05,1,0,0,1
Divisão de Almoxarifado e Patrimônio - DIAP,2023-05,2023,05,1,0,0,1
Escola do Legislativo - ELEGIS,2023-05,2023,05,5,0,0,5
Gabinete da Mesa Diretoria - GMD,2023-05,2023,05,4,0,0,4
Núcleo de Comunicação Organizacional,2023-05,2023,05,1,0,0,1
Núcleo de Publicidade Legal,2023-05,2023,05,6,0,0,6
Ouvidoria,2023-05,2023,05,3,0,0,3
Setor de Apoio às Comissões Permanentes - SACP,2023-05,2023,05,5,0,0,5
Setor de Apoio às Comissões Temporárias - SACT,2023-05,2023,05,1,0,0,1
Setor de Assistência Social - SASo,2023-05,2023,05,1,0,0,1
Setor de Biblioteca - SEBIB,2023-05,2023,05,4,0,0,4
Setor de Finanças - SEFIN,2023-05,2023,05,4,0,0,4
Setor de Patrimônio - SEPAT,2023-05,2023,05,1,0,0,1
Setor de Taquigrafia - SETAQ,2023-05,2023,05,44,0,0,44
Seção de Elaboração Orçamentária - SEORC,2023-05,2023,05,4,0,0,4
Seção de Infraestrutura de Tecnologia da Informação - SEINF,2023-05,2023,05,7,0,0,7
Unidade Desenvolvimento Urbano Rural e Meio Ambiente - UDA,2023-05,2023,05,7,0,0,7
Unidade de Constituição e Justiça - UCJ,2023-05,2023,05,4,0,0,4
Unidade de Economia e Finanças - UEF,2023-05,2023,05,8,0,0,8
Unidade de Saúde Educação Cultura e Desenvolvimento Científico e Tecnológico - USE,2023-05,2023,05,8,0,0,8
Assessoria Legislativa,2023-06,2023,06,4,0,0,4
Auditoria - AUDIT,2023-06,2023,06,4,0,0,4
Comissão Permanente de Contratação - CPC,2023-06,2023,06,1,0,0,1
Comissão Permanente de Tomada de Contas Especial e Sindicância,2023-06,2023,06,3,0,0,3
Comissão de Constituição e Justiça - CCJ,2023-06,2023,06,4,0,0,4
Comissão de Economia Orçamento e Finanças - CEOF,2023-06,2023,06,4,0,0,4
Divisão de Desenvolvimento de Recursos Humanos - DDRH,2023-06,2023,06,1,0,0,1
Escola do Legislativo - ELEGIS,2023-06,2023,06,5,0,0,5
Gabinete da Mesa Diretoria - GMD,2023-06,2023,06,4,0,0,4
Ouvidoria,2023-06,2023,06,3,0,0,3
Setor de Apoio às Comissões Permanentes - SACP,2023-06,2023,06,4,0,0,4
Setor de Apoio às Comissões Temporárias - SACT,2023-06,2023,06,1,0,0,1
Setor de Assistência Social - SASo,2023-06,2023,06,1,0,0,1
Setor de Biblioteca - SEBIB,2023-06,2023,06,5,0,0,5
Setor de Finanças - SEFIN,2023-06,2023,06,4,0,0,4
Setor de Patrimônio - SEPAT,2023-06,2023,06,1,0,0,1
Setor de Taquigrafia - SETAQ,2023-06,2023,06,44,0,0,44
Seção de Administração de Sistemas - SEASI,2023-06,2023,06,4,0,0,4
Seção de Elaboração Orçamentária - SEORC,2023-06,2023,06,4,0,0,4
Seção de Infraestrutura de Tecnologia da Informação - SEINF,2023-06,2023,06,7,0,0,7
Unidade Desenvolvimento Urbano Rural e Meio Ambiente - UDA,2023-06,2023,06,10,0,0,10
Unidade de Constituição e Justiça - UCJ,2023-06,2023,06,6,0,0,6
Unidade de Economia e Finanças - UEF,2023-06,2023,06,8,0,0,8
Unidade de Saúde Educação Cultura e Desenvolvimento Científico e Tecnológico - USE,2023-06,2023,06,6,0,0,6
Assessoria Legislativa,2023-07,2023,07,4,0,0,4
Auditoria - AUDIT,2023-07,2023,07,5,0,0,5
Comissão Permanente de Contratação - CPC,2023-07,2023,07,1,0,0,1
Comissão Permanente de Tomada de Contas Especial e Sindicância,2023-07,2023,07,3,0,0,3
Comissão de Constituição e Justiça - CCJ,2023-07,2023,07,4,0,0,4
Comissão de Economia Orçamento e Finanças - CEOF,2023-07,2023,07,6,0,0,6
Comissão dos Anais e Memória,2023-07,2023,07,1,0,0,1
Divisão de Desenvolvimento de Recursos Humanos - DDRH,2023-07,2023,07,1,0,0,1
Escola do Legislativo - ELEGIS,2023-07,2023,07,5,0,0,5
Gabinete da Mesa Diretoria - GMD,2023-07,2023,07,3,0,0,3
Setor de Apoio às Comissões Temporárias - SACT,2023-07,2023,07,2,0,0,2
Setor de Assistência Social - SASo,2023-07,2023,07,1,0,0,1
Setor de Biblioteca - SEBIB,2023-07,2023,07,5,0,0,5
Setor de Patrimônio - SEPAT,2023-07,2023,07,1,0,0,1
Setor de Taquigrafia - SETAQ,2023-07,2023,07,44,0,0,44
Unidade Desenvolvimento Urbano Rural e Meio Ambiente - UDA,2023-07,2023,07,10,0,0,10
Unidade de Constituição e Justiça - UCJ,2023-07,2023,07,6,0,0,6
Unidade de Economia e Finanças - UEF,2023-07,2023,07,9,0,0,9
Assessoria Legislativa,2023-08,2023,08,4,0,0,4
Auditoria - AUDIT,2023-08,2023,08,5,0,0,5
Comissão Permanente de Contratação - CPC,2023-08,2023,08,1,0,0,1
Comissão Permanente de Tomada de Contas Especial e Sindicância,2023-08,2023,08,3,0,0,3
Comissão de Constituição e Justiça - CCJ,2023-08,2023,08,4,0,0,4
Comissão de Economia Orçamento e Finanças - CEOF,2023-08,2023,08,4,0,0,4
Divisão de Desenvolvimento de Recursos Humanos - DDRH,2023-08,2023,08,1,0,0,1
Escola do Legislativo - ELEGIS,2023-08,2023,08,5,0,0,5
Gabinete da Mesa Diretoria - GMD,2023-08,2023,08,3,0,0,3
Setor de Apoio às Comissões Permanentes - SACP,2023-08,2023,08,4,0,0,4
Setor de Apoio às Comissões Temporárias - SACT,2023-08,2023,08,1,0,0,1
Setor de Assistência Social - SASo,2023-08,2023,08,1,0,0,1
Setor de Biblioteca - SEBIB,2023-08,2023,08,5,0,0,5
Setor de Execução Orçamentária - SEO,2023-08,2023,08,1,0,0,1
Setor de Finanças - SEFIN,2023-08,2023,08,4,0,0,4
Setor de Patrimônio - SEPAT,2023-08,2023,08,1,0,0,1
Setor de Taquigrafia - SETAQ,2023-08,2023,08,44,0,0,44
Seção de Administração de Sistemas - SEASI,2023-08,2023,08,3,0,0,3
Seção de Elaboração Orçamentária - SEORC,2023-08,2023,08,4,0,0,4
Seção de Infraestrutura de Tecnologia da Informação - SEINF,2023-08,2023,08,7,0,0,7
Unidade Desenvolvimento Urbano Rural e Meio Ambiente - UDA,2023-08,2023,08,10,0,0,10
Unidade de Constituição e Justiça - UCJ,2023-08,2023,08,6,0,0,6
Unidade de Economia e Finanças - UEF,2023-08,2023,08,8,0,0,8
Unidade de Saúde Educação Cultura e Desenvolvimento Científico e Tecnológico - USE,2023-08,2023,08,6,0,0,6
Assessoria Legislativa,2023-09,2023,09,4,0,0,4
Auditoria - AUDIT,2023-09,2023,09,4,0,0,4
Comissão Permanente de Contratação - CPC,2023-09,2023,09,1,0,0,1
Comissão Permanente de Tomada de Contas Especial e Sindicância,2023-09,2023,09,3,0,0,3
Comissão de Constituição e Justiça - CCJ,2023-09,2023,09,4,0,0,4
Comissão de Economia Orçamento e Finanças - CEOF,2023-09,2023,09,4,0,0,4
Comissão de Educação Saúde e Cultura,2023-09,2023,09,1,0,0,1
Comissão dos Anais e Memória,2023-09,2023,09,1,0,0,1
Coordenadoria de Engenhearia e Arquitetura - COTEA,2023-09,2023,09,3,0,0,3
Coordenadoria de Modernização e Informática - CMI,2023-09,2023,09,2,0,0,2
Diretoria de Administração e Finanças - DAF,2023-09,2023,09,2,0,0,2
Divisão de Desenvolvimento de Recursos Humanos - DDRH,2023-09,2023,09,1,0,0,1
Escola do Legislativo - ELEGIS,2023-09,2023,09,5,0,0,5
Gabinete da Mesa Diretoria - GMD,2023-09,2023,09,3,0,0,3
Setor de Apoio às Comissões Permanentes - SACP,2023-09,2023,09,4,0,0,4
Setor de Apoio às Comissões Temporárias - SACT,2023-09,2023,09,1,0,0,1
Setor de Assistência Social - SASo,2023-09,2023,09,2,0,0,2
Setor de Biblioteca - SEBIB,2023-09,2023,09,4,0,0,4
Setor de Execução Orçamentária - SEO,2023-09,2023,09,1,0,0,1
Setor de Finanças - SEFIN,2023-09,2023,09,4,0,0,4
Setor de Patrimônio - SEPAT,2023-09,2023,09,1,0,0,1
Setor de Recrutamento e Seleção - SERES,2023-09,2023,09,4,0,0,4
Setor de Taquigrafia - SETAQ,2023-09,2023,09,44,0,0,44
Setor de Tramitação Ata e Súmula  SETAS,2023-09,2023,09,1,0,0,1
Seção de Administração de Sistemas - SEASI,2023-09,2023,09,3,0,0,3
Seção de Elaboração Orçamentária - SEORC,2023-09,2023,09,4,0,0,4
Seção de Infraestrutura de Tecnologia da Informação - SEINF,2023-09,2023,09,6,0,0,6
Unidade Desenvolvimento Urbano Rural e Meio Ambiente - UDA,2023-09,2023,09,10,0,0,10
Unidade de Constituição e Justiça - UCJ,2023-09,2023,09,6,0,0,6
Unidade de Economia e Finanças - UEF,2023-09,2023,09,8,0,0,8
Unidade de Saúde Educação Cultura e Desenvolvimento Científico e Tecnológico - USE,2023-09,2023,09,6,0,0,6
Assessoria Legislativa,2023-10,2023,10,4,0,0,4
Auditoria - AUDIT,2023-10,2023,10,4,0,0,4
Comissão Permanente de Contratação - CPC,2023-10,2023,10,1,0,0,1
Comissão Permanente de Tomada de Contas Especial e Sindicância,2023-10,2023,10,3,0,0,3
Comissão de Constituição e Justiça - CCJ,2023-10,2023,10,4,0,0,4
Comissão de Economia Orçamento e Finanças - CEOF,2023-10,2023,10,4,0,0,4
Comissão de Educação Saúde e Cultura,2023-10,2023,10,1,0,0,1
Comissão dos Anais e Memória,2023-10,2023,10,1,0,0,1
Coordenadoria de Contratos e Aquisições - CONTAQ,2023-10,2023,10,3,0,0,3
Corrdenadoria de Engenhearia e Arquitetura - COTEA,2023-10,2023,10,3,0,0,3
Diretoria de Administração e Finanças - DAF,2023-10,2023,10,2,0,0,2
Divisão de Desenvolvimento de Recursos Humanos - DDRH,2023-10,2023,10,1,0,0,1
Escola do Legislativo - ELEGIS,2023-10,2023,10,5,0,0,5
Gabinete da Mesa Diretoria - GMD,2023-10,2023,10,3,0,0,3
Gabinete da Terceira Secretaria - GTS,2023-10,2023,10,1,0,0,1
Núcleo de Comunicação Organizacional,2023-10,2023,10,1,0,0,1
Ouvidoria,2023-10,2023,10,3,0,0,3
Setor de Apoio às Comissões Permanentes - SACP,2023-10,2023,10,4,0,0,4
Setor de Apoio às Comissões Temporárias - SACT,2023-10,2023,10,1,0,0,1
Setor de Assistência Social - SASo,2023-10,2023,10,2,0,0,2
Setor de Biblioteca - SEBIB,2023-10,2023,10,3,0,0,3
Setor de Finanças - SEFIN,2023-10,2023,10,4,0,0,4
Setor de Patrimônio - SEPAT,2023-10,2023,10,1,0,0,1
Setor de Recrutamento e Seleção - SERES,2023-10,2023,10,3,0,0,3
Setor de Taquigrafia - SETAQ,2023-10,2023,10,44,0,0,44
Setor de Tramitação Ata e Súmula  SETAS,2023-10,2023,10,1,0,0,1
Seção de Administração de Sistemas - SEASI,2023-10,2023,10,3,0,0,3
Seção de Elaboração Orçamentária - SEORC,2023-10,2023,10,4,0,0,4
Seção de Infraestrutura de Tecnologia da Informação - SEINF,2023-10,2023,10,6,0,0,6
Unidade Desenvolvimento Urbano Rural e Meio Ambiente - UDA,2023-10,2023,10,10,0,0,10
Unidade de Constituição e Justiça - UCJ,2023-10,2023,10,6,0,0,6
Unidade de Economia e Finanças - UEF,2023-10,2023,10,8,0,0,8
Unidade de Saúde Educação Cultura e Desenvolvimento Científico e Tecnológico - USE,2023-10,2023,10,6,0,0,6
Assessoria Legislativa,2023-11,2023,11,4,0,0,4
Assessoria de Governança Legislativa e Gestão Estratégica - ASSEGE,2023-11,2023,11,2,0,0,2
Auditoria - AUDIT,2023-11,2023,11,4,0,0,4
Comissão Permanente de Contratação - CPC,2023-11,2023,11,1,0,0,1
Comissão Permanente de Tomada de Contas Especial e Sindicância,2023-11,2023,11,3,0,0,3
Comissão de Constituição e Justiça - CCJ,2023-11,2023,11,4,0,0,4
Comissão de Economia Orçamento e Finanças - CEOF,2023-11,2023,11,5,0,0,5
Comissão de Educação Saúde e Cultura,2023-11,2023,11,1,0,0,1
Comissão dos Anais e Memória,2023-11,2023,11,1,0,0,1
Coordenadoria de Contratos e Aquisições - CONTAQ,2023-11,2023,11,3,0,0,3
Corrdenadoria de Engenhearia e Arquitetura - COTEA,2023-11,2023,11,3,0,0,3
Diretoria de Administração e Finanças - DAF,2023-11,2023,11,3,0,0,3
Divisão de Desenvolvimento de Recursos Humanos - DDRH,2023-11,2023,11,1,0,0,1
Escola do Legislativo - ELEGIS,2023-11,2023,11,6,0,0,6
Gabinete da Mesa Diretoria - GMD,2023-11,2023,11,3,0,0,3
Gabinete da Terceira Secretaria - GTS,2023-11,2023,11,1,0,0,1
Ouvidoria,2023-11,2023,11,2,0,0,2
Setor de Apoio às Comissões Permanentes - SACP,2023-11,2023,11,4,0,0,4
Setor de Apoio às Comissões Temporárias - SACT,2023-11,2023,11,1,0,0,1
Setor de Assistência Social - SASo,2023-11,2023,11,1,0,0,1
Setor de Biblioteca - SEBIB,2023-11,2023,11,3,0,0,3
Setor de Finanças - SEFIN,2023-11,2023,11,4,0,0,4
Setor de Patrimônio - SEPAT,2023-11,2023,11,1,0,0,1
Setor de Taquigrafia - SETAQ,2023-11,2023,11,44,0,0,44
Setor de Tramitação Ata e Súmula  SETAS,2023-11,2023,11,1,0,0,1
Seção de Administração de Sistemas - SEASI,2023-11,2023,11,5,0,0,5
Seção de Elaboração Orçamentária - SEORC,2023-11,2023,11,4,0,0,4
Seção de Infraestrutura de Tecnologia da Informação - SEINF,2023-11,2023,11,5,0,0,5
Unidade Desenvolvimento Urbano Rural e Meio Ambiente - UDA,2023-11,2023,11,10,0,0,10
Unidade de Constituição e Justiça - UCJ,2023-11,2023,11,7,0,0,7
Unidade de Economia e Finanças - UEF,2023-11,2023,11,7,0,0,7
Unidade de Saúde Educação Cultura e Desenvolvimento Científico e Tecnológico - USE,2023-11,2023,11,6,0,0,6
Auditoria - AUDIT,2023-12,2023,12,5,0,0,5
Comissão Permanente de Contratação - CPC,2023-12,2023,12,1,0,0,1
Comissão Permanente de Tomada de Contas Especial e Sindicância,2023-12,2023,12,3,0,0,3
Comissão de Economia Orçamento e Finanças - CEOF,2023-12,2023,12,3,0,0,3
Comissão de Educação Saúde e Cultura,2023-12,2023,12,2,0,0,2
Comissão dos Anais e Memória,2023-12,2023,12,1,0,0,1
Coordenadoria de Contratos e Aquisições - CONTAQ,2023-12,2023,12,3,0,0,3
Corrdenadoria de Engenhearia e Arquitetura - COTEA,2023-12,2023,12,3,0,0,3
Diretoria de Administração e Finanças - DAF,2023-12,2023,12,3,0,0,3
Escola do Legislativo - ELEGIS,2023-12,2023,12,6,0,0,6
Gabinete da Mesa Diretoria - GMD,2023-12,2023,12,3,0,0,3
Gabinete da Terceira Secretaria - GTS,2023-12,2023,12,1,0,0,1
Núcleo de Jornalismo e Comunicação Interativa - NJCI,2023-12,2023,12,2,0,0,2
Ouvidoria,2023-12,2023,12,2,0,0,2
Setor de Apoio às Comissões Permanentes - SACP,2023-12,2023,12,5,0,0,5
Setor de Apoio às Comissões Temporárias - SACT,2023-12,2023,12,1,0,0,1
Setor de Biblioteca - SEBIB,2023-12,2023,12,3,0,0,3
Setor de Finanças - SEFIN,2023-12,2023,12,4,0,0,4
Setor de Patrimônio - SEPAT,2023-12,2023,12,1,0,0,1
Setor de Taquigrafia - SETAQ,2023-12,2023,12,44,0,0,44
Setor de Tramitação Ata e Súmula  SETAS,2023-12,2023,12,1,0,0,1
Seção de Administração de Sistemas - SEASI,2023-12,2023,12,5,0,0,5
Seção de Elaboração Orçamentária - SEORC,2023-12,2023,12,4,0,0,4
Seção de Infraestrutura de Tecnologia da Informação - SEINF,2023-12,2023,12,5,0,0,5
Unidade Desenvolvimento Urbano Rural e Meio Ambiente - UDA,2023-12,2023,12,10,0,0,10
Unidade de Constituição e Justiça - UCJ,2023-12,2023,12,7,0,0,7
Unidade de Economia e Finanças - UEF,2023-12,2023,12,9,0,0,9
Unidade de Saúde Educação Cultura e Desenvolvimento Científico e Tecnológico - USE,2023-12,2023,12,7,0,0,7
Assessoria Legislativa,2024-01,2024,01,4,0,0,4
Assessoria de Governança Legislativa e Gestão Estratégica,2024-01,2024,01,3,0,0,3
Auditoria Interna - AUDIT,2024-01,2024,01,5,0,0,5
Comissão Permanente de Contratação - CPC,2024-01,2024,01,1,0,0,1
Comissão Permanente de Tomada de Contas Especial e Sindicância,2024-01,2024,01,2,0,0,2
Comissão de Constituição e Justiça - CCJ,2024-01,2024,01,4,0,0,4
"Comissão de Economia, Orçamento e Finanças - CEOF",2024-01,2024,01,7,0,0,7
"Comissão de Educação, Saúde e Cultura - CESC",2024-01,2024,01,2,0,0,2
Coordenadoria de Engenharia e Arquitetura - COTEA,2024-01,2024,01,3,0,0,3
Coordenadoria de Modernização e Informática - CMI,2024-01,2024,01,1,0,0,1
Diretoria de Administração e Finanças - DAF,2024-01,2024,01,3,0,0,3
Diretoria de Comunicação Social - DICOM,2024-01,2024,01,1,0,0,1
Divisão de Desenvolvimento de Recursos Humanos - DDRH,2024-01,2024,01,1,0,0,1
Escola do Legislativo - ELEGIS,2024-01,2024,01,4,0,0,4
Gabinete da Mesa Diretoria - GMD,2024-01,2024,01,3,0,0,3
Gabinete da Terceira Secretaria - GTS,2024-01,2024,01,1,0,0,1
Núcleo de Jornalismo e Comunicação Interativa - NJCI,2024-01,2024,01,7,0,0,7
Ouvidoria -OUV,2024-01,2024,01,2,0,0,2
Publicidade Institucional - PI,2024-01,2024,01,1,0,0,1
Setor de Apoio às Comissões Permanentes - SACP,2024-01,2024,01,4,0,0,4
Setor de Apoio às Comissões Temporárias - SACT,2024-01,2024,01,2,0,0,2
Setor de Assistência Social - SASo,2024-01,2024,01,1,0,0,1
Setor de Ata e Súmula,2024-01,2024,01,1,0,0,1
Setor de Biblioteca - SEBIB,2024-01,2024,01,3,0,0,3
Setor de Finanças - SEFIN,2024-01,2024,01,3,0,0,3
Setor de Patrimônio - SEPAT,2024-01,2024,01,1,0,0,1
Setor de Taquigrafia - SETAQ,2024-01,2024,01,45,0,0,45
Seção de Administração de Sistemas - SEASI,2024-01,2024,01,5,0,0,5
Seção de Elaboração Orçamentária - SEORC,2024-01,2024,01,4,0,0,4
Seção de Infraestrutura de Tecnologia da Informação - SEINF,2024-01,2024,01,5,0,0,5
"Unidade Desenvolvimento Urbano, Rural e Meio Ambiente - UDA",2024-01,2024,01,10,0,0,10
Unidade de Constituição e Justiça - UCJ,2024-01,2024,01,7,0,0,7
"Unidade de Economia e Finanças - UEF (Unidade de Processo Legislativo Orçamentário, Finanças, Transparência, Tributação, Regulação, Desenvolvimento Econômico, Ciência e Tecnologia - UEOF)",2024-01,2024,01,10,0,0,10
"Unidade de Saúde, Educação, Cultura e Desenvolvimento Científico e Tecnológico - USE",2024-01,2024,01,6,0,0,6
Assessoria Legislativa,2024-02,2024,02,4,0,0,0
Assessoria de Governança Legislativa e Gestão Estratégica,2024-02,2024,02,3,0,0,0
Auditoria Interna - AUDIT,2024-02,2024,02,5,0,0,0
Comissão Permanente de Contratação - CPC,2024-02,2024,02,1,0,0,0
Comissão Permanente de Tomada de Contas Especial e Sindicância,2024-02,2024,02,2,0,0,0
Comissão de Constituição e Justiça - CCJ,2024-02,2024,02,4,0,0,0
"Comissão de Economia, Orçamento e Finanças - CEOF",2024-02,2024,02,7,0,0,0
"Comissão de Educação, Saúde e Cultura - CESC",2024-02,2024,02,2,0,0,0
Coordenadoria de Engenharia e Arquitetura - COTEA,2024-02,2024,02,3,0,0,0
Coordenadoria de Modernização e Informática - CMI,2024-02,2024,02,1,0,0,0
Diretoria de Administração e Finanças - DAF,2024-02,2024,02,3,0,0,0
Diretoria de Comunicação Social - DICOM,2024-02,2024,02,1,0,0,0
Divisão de Desenvolvimento de Recursos Humanos - DDRH,2024-02,2024,02,1,0,0,0
Escola do Legislativo - ELEGIS,2024-02,2024,02,4,0,0,0
Gabinete da Mesa Diretoria - GMD,2024-02,2024,02,3,0,0,0
Gabinete da Terceira Secretaria - GTS,2024-02,2024,02,1,0,0,0
Núcleo de Jornalismo e Comunicação Interativa - NJCI,2024-02,2024,02,7,0,0,0
Ouvidoria -OUV,2024-02,2024,02,2,0,0,0
Publicidade Institucional - PI,2024-02,2024,02,1,0,0,0
Setor de Apoio às Comissões Permanentes - SACP,2024-02,2024,02,4,0,0,0
Setor de Apoio às Comissões Temporárias - SACT,2024-02,2024,02,2,0,0,0
Setor de Ata e Súmula,2024-02,2024,02,1,0,0,0
Setor de Biblioteca - SEBIB,2024-02,2024,02,3,0,0,0
Setor de Desenvolvimento de Pessoas - SEDEP,2024-02,2024,02,1,0,0,0
Setor de Finanças - SEFIN,2024-02,2024,02,3,0,0,0
Setor de Patrimônio - SEPAT,2024-02,2024,02,1,0,0,0
Setor de Taquigrafia - SETAQ,2024-02,2024,02,45,0,0,0
Seção de Administração de Sistemas - SEASI,2024-02,2024,02,5,0,0,0
Seção de Elaboração Orçamentária - SEORC,2024-02,2024,02,4,0,0,0
Seção de Infraestrutura de Tecnologia da Informação - SEINF,2024-02,2024,02,5,0,0,0
"Unidade Desenvolvimento Urbano, Rural e Meio Ambiente - UDA",2024-02,2024,02,10,0,0,0
Unidade de Constituição e Justiça - UCJ,2024-02,2024,02,7,0,0,0
"Unidade de Economia e Finanças - UEF (Unidade de Processo Legislativo Orçamentário, Finanças, Transparência, Tributação, Regulação, Desenvolvimento Econômico, Ciência e Tecnologia - UEOF)",2024-02,2024,02,10,0,0,0
"Unidade de Saúde, Educação, Cultura e Desenvolvimento Científico e Tecnológico - USE",2024-02,2024,02,6,0,0,0
Assessoria Técnica de Engenhearia e Arquitetura - ASTEA,2024-03,2024,03,3,0,0,0
Assessoria de Governança Legislativa e Gestão Estratégica - ASSEGE,2024-03,2024,03,3,0,0,0
Auditoria Interna - AUDIT,2024-03,2024,03,5,0,0,0
Comissão Permanente de Contratação - CPC,2024-03,2024,03,1,0,0,0
Comissão Permanente de Tomada de Contas Especial e Sindicância,2024-03,2024,03,4,0,0,0
Comissão de Constituição e Justiça - CCJ,2024-03,2024,03,4,0,0,0
"Comissão de Economia, Orçamento e Finanças - CEOF",2024-03,2024,03,7,0,0,0
"Comissão de Educação, Saúde e Cultura - CESC",2024-03,2024,03,2,0,0,0
Consultoria Legislativa,2024-03,2024,03,4,0,0,0
Diretoria de Administração e Finanças - DAF,2024-03,2024,03,3,0,0,0
Diretoria de Comunicação Social - DICOM,2024-03,2024,03,1,0,0,0
Diretoria de Gestão de Pessoas - DGP,2024-03,2024,03,1,0,0,0
Escola do Legislativo - ELEGIS,2024-03,2024,03,3,0,0,0
Gabinete da Mesa Diretoria - GMD,2024-03,2024,03,3,0,0,0
Gabinete da Terceira Secretaria - GTS,2024-03,2024,03,1,0,0,0
Núcleo de Carreira e Desempenho - NCAD,2024-03,2024,03,1,0,0,0
Núcleo de Educação Permanente - NEP/ELEGIS,2024-03,2024,03,3,0,0,0
Núcleo de Gestão Patrimonial - NUGEP,2024-03,2024,03,1,0,0,0
Núcleo de Informatização da Legislação - NIL,2024-03,2024,03,1,0,0,0
Núcleo de Jornalismo e Comunicação Interativa - NJCI,2024-03,2024,03,6,0,0,0
Núcleo de Projeto Especiais - NPE/ELEGIS,2024-03,2024,03,1,0,0,0
Ouvidoria,2024-03,2024,03,3,0,0,0
Publicidade Institucional - PI,2024-03,2024,03,1,0,0,0
Setor de Apoio às Comissões Permanentes - SACP,2024-03,2024,03,5,0,0,0
Setor de Apoio às Comissões Temporárias - SACT,2024-03,2024,03,3,0,0,0
Setor de Biblioteca - SEBIB,2024-03,2024,03,3,0,0,0
Setor de Desenvolvimento de Pessoas - SEDEP,2024-03,2024,03,1,0,0,0
Setor de Finanças - SEFIN,2024-03,2024,03,4,0,0,0
Setor de Serviçs Auxiliares - SEAUX,2024-03,2024,03,1,0,0,0
Setor de Taquigrafia - SETAQ,2024-03,2024,03,45,0,0,0
Seção de Administração de Sistemas - SEASI,2024-03,2024,03,5,0,0,0
Seção de Elaboração Orçamentária - SEORC,2024-03,2024,03,3,0,0,0
Seção de Infraestrutura de Tecnologia da Informação - SEINF,2024-03,2024,03,6,0,0,0
"Unidade Desenvolvimento Urbano, Rural e Meio Ambiente - UDA",2024-03,2024,03,10,0,0,0
Unidade de Constituição e Justiça - UCJ,2024-03,2024,03,7,0,0,0
"Unidade de Economia e Finanças - UEF (Unidade de Processo Legislativo Orçamentário, Finanças, Transparência, Tributação, Regulação, Desenvolvimento Econômico, Ciência e Tecnologia - UEOF)",2024-03,2024,03,9,0,0,0
"Unidade de Saúde, Educação, Cultura e Desenvolvimento Científico e Tecnológico - USE",2024-03,2024,03,6,0,0,0
?COMISSÃO DE ASSUNTOS SOCIAIS - CAS,2024-04,2024,04,1,0,0,0
Assessoria Técnica de Engenhearia e Arquitetura - ASTEA,2024-04,2024,04,3,0,0,0
Assessoria de Governança Legislativa e Gestão Estratégica,2024-04,2024,04,3,0,0,0
Auditoria Interna - AUDIT,2024-04,2024,04,5,0,0,0
Comissão Permanente de Contratação - CPC,2024-04,2024,04,1,0,0,0
Comissão Permanente de Tomada de Contas Especial e Sindicância,2024-04,2024,04,4,0,0,0
Comissão de Constituição e Justiça - CCJ,2024-04,2024,04,4,0,0,0
"Comissão de Economia, Orçamento e Finanças - CEOF",2024-04,2024,04,9,0,0,0
"Comissão de Educação, Saúde e Cultura - CESC",2024-04,2024,04,2,0,0,0
Consultoria Legislativa,2024-04,2024,04,4,0,0,0
Diretoria de Administração e Finanças - DAF,2024-04,2024,04,3,0,0,0
Diretoria de Comunicação Social - DICOM,2024-04,2024,04,1,0,0,0
Diretoria de Gestão de Pessoas - DGP,2024-04,2024,04,2,0,0,0
Escola do Legislativo - ELEGIS,2024-04,2024,04,3,0,0,0
Gabinete da Mesa Diretoria - GMD,2024-04,2024,04,3,0,0,0
Gabinete da Terceira Secretaria - GTS,2024-04,2024,04,2,0,0,0
Núcleo de Carreira e Desempenho - NCAD,2024-04,2024,04,1,0,0,0
Núcleo de Comunicação Organizacional - NCO,2024-04,2024,04,1,0,0,0
Núcleo de Educação Permanente - NEP/ELEGIS,2024-04,2024,04,3,0,0,0
Núcleo de Gestão Patrimonial - NUGEP,2024-04,2024,04,1,0,0,0
Núcleo de Informatização da Legislação - NIL,2024-04,2024,04,1,0,0,0
Núcleo de Jornalismo e Comunicação Interativa - NJCI,2024-04,2024,04,6,0,0,0
Núcleo de Projeto Especiais - NPE/ELEGIS,2024-04,2024,04,1,0,0,0
Ouvidoria,2024-04,2024,04,4,0,0,0
Publicidade Institucional - PI,2024-04,2024,04,1,0,0,0
Setor de Apoio às Comissões Permanentes - SACP,2024-04,2024,04,5,0,0,0
Setor de Apoio às Comissões Temporárias - SACT,2024-04,2024,04,2,0,0,0
Setor de Biblioteca - SEBIB,2024-04,2024,04,3,0,0,0
Setor de Desenvolvimento de Pessoas - SEDEP,2024-04,2024,04,1,0,0,0
Setor de Finanças - SEFIN,2024-04,2024,04,4,0,0,0
Setor de Inovação e Tecnologia da Informação - SEINOVA,2024-04,2024,04,2,0,0,0
Setor de Serviços Auxiliares - SEAUX,2024-04,2024,04,1,0,0,0
Setor de Taquigrafia - SETAQ,2024-04,2024,04,45,0,0,0
Seção de Administração de Sistemas - SEASI,2024-04,2024,04,5,0,0,0
Seção de Elaboração Orçamentária - SEORC,2024-04,2024,04,3,0,0,0
Seção de Infraestrutura de Tecnologia da Informação - SEINF,2024-04,2024,04,6,0,0,0
"Unidade Desenvolvimento Urbano, Rural e Meio Ambiente - UDA",2024-04,2024,04,10,0,0,0
Unidade de Constituição e Justiça - UCJ,2024-04,2024,04,7,0,0,0
"Unidade de Economia e Finanças - UEF (Unidade de Processo Legislativo Orçamentário, Finanças, Transparência, Tributação, Regulação, Desenvolvimento Econômico, Ciência e Tecnologia - UEOF)",2024-04,2024,04,10,0,0,0
"Unidade de Saúde, Educação, Cultura e Desenvolvimento Científico e Tecnológico - USE",2024-04,2024,04,6,0,0,0
?COMISSÃO DE ASSUNTOS SOCIAIS - CAS,2024-05,2024,05,1,0,0,0
Assessoria Técnica de Engenhearia e Arquitetura - ASTEA,2024-05,2024,05,3,0,0,0
Assessoria de Governança Legislativa e Gestão Estratégica,2024-05,2024,05,4,0,0,0
Auditoria Interna - AUDIT,2024-05,2024,05,5,0,0,0
Comissão Permanente de Contratação - CPC,2024-05,2024,05,1,0,0,0
Comissão Permanente de Tomada de Contas Especial e Sindicância,2024-05,2024,05,4,0,0,0
Comissão de Constituição e Justiça - CCJ,2024-05,2024,05,4,0,0,0
"Comissão de Economia, Orçamento e Finanças - CEOF",2024-05,2024,05,9,0,0,0
"Comissão de Educação, Saúde e Cultura - CESC",2024-05,2024,05,2,0,0,0
Consultoria Legislativa,2024-05,2024,05,4,0,0,0
Diretoria de Administração e Finanças - DAF,2024-05,2024,05,3,0,0,0
Diretoria de Comunicação Social - DICOM,2024-05,2024,05,1,0,0,0
Diretoria de Gestão de Pessoas - DGP,2024-05,2024,05,2,0,0,0
Escola do Legislativo - ELEGIS,2024-05,2024,05,3,0,0,0
Gabinete da Mesa Diretoria - GMD,2024-05,2024,05,3,0,0,0
Gabinete da Terceira Secretaria - GTS,2024-05,2024,05,2,0,0,0
Núcleo de Carreira e Desempenho - NCAD,2024-05,2024,05,1,0,0,0
Núcleo de Classificação e Codificação - NUCOD,2024-05,2024,05,1,0,0,0
Núcleo de Comunicação Organizacional - NCO,2024-05,2024,05,1,0,0,0
Núcleo de Educação Permanente - NEP/ELEGIS,2024-05,2024,05,3,0,0,0
Núcleo de Enfermagem - NENF,2024-05,2024,05,1,0,0,0
Núcleo de Gestão Patrimonial - NUGEP,2024-05,2024,05,1,0,0,0
Núcleo de Gestão e Desenvolvimento - NGED,2024-05,2024,05,1,0,0,0
Núcleo de Informatização da Legislação - NIL,2024-05,2024,05,1,0,0,0
Núcleo de Jornalismo e Comunicação Interativa - NJCI,2024-05,2024,05,7,0,0,0
Núcleo de Projeto Especiais - NPE/ELEGIS,2024-05,2024,05,1,0,0,0
Ouvidoria,2024-05,2024,05,5,0,0,0
Publicidade Institucional - PI,2024-05,2024,05,1,0,0,0
Setor de Apoio às Comissões Permanentes,2024-05,2024,05,5,0,0,0
Setor de Apoio às Comissões Permanentes - SACP,2024-05,2024,05,5,0,0,0
Setor de Apoio às Comissões Temporárias - SACT,2024-05,2024,05,2,0,0,0
Setor de Auditoria Médica / FASCAL,2024-05,2024,05,1,0,0,0
Setor de Biblioteca - SEBIB,2024-05,2024,05,3,0,0,0
Setor de Desenvolvimento de Pessoas - SEDEP,2024-05,2024,05,1,0,0,0
Setor de Finanças - SEFIN,2024-05,2024,05,4,0,0,0
Setor de Inovação e Tecnologia da Informação - SEINOVA,2024-05,2024,05,2,0,0,0
Setor de Serviços Auxiliares - SEAUX,2024-05,2024,05,1,0,0,0
Setor de Taquigrafia - SETAQ,2024-05,2024,05,46,0,0,0
Seção de Administração de Sistemas - SEASI,2024-05,2024,05,5,0,0,0
Seção de Elaboração Orçamentária - SEORC,2024-05,2024,05,3,0,0,0
Seção de Infraestrutura de Tecnologia da Informação - SEINF,2024-05,2024,05,6,0,0,0
"Unidade Desenvolvimento Urbano, Rural e Meio Ambiente - UDA",2024-05,2024,05,10,0,0,0
Unidade de Constituição e Justiça - UCJ,2024-05,2024,05,7,0,0,0
"Unidade de Economia e Finanças - UEF (Unidade de Processo Legislativo Orçamentário, Finanças, Transparência, Tributação, Regulação, Desenvolvimento Econômico, Ciência e Tecnologia - UEOF)",2024-05,2024,05,10,0,0,0
"Unidade de Saúde, Educação, Cultura e Desenvolvimento Científico e Tecnológico - USE",2024-05,2024,05,5,0,0,0
?COMISSÃO DE ASSUNTOS SOCIAIS - CAS,2024-06,2024,06,1,0,0,1
Assessoria Técnica de Engenhearia e Arquitetura - ASTEA,2024-06,2024,06,3,0,0,3
Assessoria de Governança Legislativa e Gestão Estratégica,2024-06,2024,06,4,0,0,4
Auditoria Interna - AUDIT,2024-06,2024,06,5,0,0,5
Comissão Permanente de Contratação - CPC,2024-06,2024,06,1,0,0,1
Comissão Permanente de Tomada de Contas Especial e Sindicância,2024-06,2024,06,4,0,0,4
Comissão de Constituição e Justiça - CCJ,2024-06,2024,06,3,0,0,3
"Comissão de Economia, Orçamento e Finanças - CEOF",2024-06,2024,06,9,0,0,9
"Comissão de Educação, Saúde e Cultura - CESC",2024-06,2024,06,2,0,0,2
Consultoria Legislativa,2024-06,2024,06,4,0,0,4
Diretoria de Administração e Finanças - DAF,2024-06,2024,06,3,0,0,3
Diretoria de Comunicação Social - DICOM,2024-06,2024,06,1,0,0,1
Diretoria de Gestão de Pessoas - DGP,2024-06,2024,06,2,0,0,2
Escola do Legislativo - ELEGIS,2024-06,2024,06,3,0,0,3
Gabinete da Mesa Diretoria - GMD,2024-06,2024,06,3,0,0,3
Gabinete da Terceira Secretaria - GTS,2024-06,2024,06,3,0,0,3
Núcleo de Carreira e Desempenho - NCAD,2024-06,2024,06,1,0,0,1
Núcleo de Classificação e Codificação - NUCOD,2024-06,2024,06,1,0,0,1
Núcleo de Educação Permanente - NEP/ELEGIS,2024-06,2024,06,2,0,0,2
Núcleo de Enfermagem - NENF,2024-06,2024,06,1,0,0,1
Núcleo de Gestão Patrimonial - NUGEP,2024-06,2024,06,1,0,0,1
Núcleo de Gestão e Desenvolvimento - NGED,2024-06,2024,06,1,0,0,1
Núcleo de Informatização da Legislação - NIL,2024-06,2024,06,1,0,0,1
Núcleo de Jornalismo e Comunicação Interativa - NJCI,2024-06,2024,06,7,0,0,7
Núcleo de Projeto Especiais - NPE/ELEGIS,2024-06,2024,06,1,0,0,1
Ouvidoria,2024-06,2024,06,5,0,0,5
Publicidade Institucional - PI,2024-06,2024,06,1,0,0,1
Setor de Apoio às Comissões Permanentes - SACP,2024-06,2024,06,5,0,0,5
Setor de Apoio às Comissões Temporárias - SACT,2024-06,2024,06,2,0,0,2
Setor de Auditoria Médica / FASCAL,2024-06,2024,06,1,0,0,1
Setor de Biblioteca - SEBIB,2024-06,2024,06,3,0,0,3
Setor de Desenvolvimento de Pessoas - SEDEP,2024-06,2024,06,1,0,0,1
Setor de Finanças - SEFIN,2024-06,2024,06,4,0,0,4
Setor de Inovação e Tecnologia da Informação - SEINOVA,2024-06,2024,06,2,0,0,2
Setor de Serviços Auxiliares - SEAUX,2024-06,2024,06,1,0,0,1
Setor de Taquigrafia - SETAQ,2024-06,2024,06,47,0,0,47
Seção de Administração de Sistemas - SEASI,2024-06,2024,06,5,0,0,5
Seção de Elaboração Orçamentária - SEORC,2024-06,2024,06,3,0,0,3
Seção de Infraestrutura de Tecnologia da Informação - SEINF,2024-06,2024,06,6,0,0,6
"Unidade Desenvolvimento Urbano, Rural e Meio Ambiente - UDA",2024-06,2024,06,10,0,0,10
Unidade de Constituição e Justiça - UCJ,2024-06,2024,06,7,0,0,7
"Unidade de Economia e Finanças - UEF (Unidade de Processo Legislativo Orçamentário, Finanças, Transparência, Tributação, Regulação, Desenvolvimento Econômico, Ciência e Tecnologia - UEOF)",2024-06,2024,06,10,0,0,10
"Unidade de Saúde, Educação, Cultura e Desenvolvimento Científico e Tecnológico - USE",2024-06,2024,06,6,0,0,6
?COMISSÃO DE ASSUNTOS SOCIAIS - CAS,2024-07,2024,07,1,0,0,1
Assessoria Técnica de Engenhearia e Arquitetura - ASTEA,2024-07,2024,07,3,0,0,3
Assessoria de Governança Legislativa e Gestão Estratégica - ASSEGE,2024-07,2024,07,4,0,0,4
Auditoria Interna - AUDIT,2024-07,2024,07,5,0,0,5
Comissão Permanente de Contratação - CPC,2024-07,2024,07,1,0,0,1
Comissão Permanente de Tomada de Contas Especial e Sindicância,2024-07,2024,07,4,0,0,4
Comissão de Constituição e Justiça - CCJ,2024-07,2024,07,4,0,0,4
"Comissão de Economia, Orçamento e Finanças - CEOF",2024-07,2024,07,10,0,0,10
Consultoria Legislativa,2024-07,2024,07,4,0,0,4
Diretoria de Comunicação Social - DICOM,2024-07,2024,07,1,0,0,1
Diretoria de Gestão de Pessoas - DGP,2024-07,2024,07,2,0,0,2
Gabinete da Mesa Diretoria - GMD,2024-07,2024,07,3,0,0,3
Gabinete da Terceira Secretaria - GTS,2024-07,2024,07,3,0,0,3
Núcleo de Classificação e Codificação - NUCOD,2024-07,2024,07,1,0,0,1
Núcleo de Educação Permanente - NEP/ELEGIS,2024-07,2024,07,2,0,0,2
Núcleo de Enfermagem - NENF,2024-07,2024,07,1,0,0,1
Núcleo de Gestão Patrimonial - NUGEP,2024-07,2024,07,1,0,0,1
Núcleo de Informatização da Legislação - NIL,2024-07,2024,07,1,0,0,1
Núcleo de Jornalismo e Comunicação Interativa - NJCI,2024-07,2024,07,7,0,0,7
Núcleo de Projeto Especiais - NPE/ELEGIS,2024-07,2024,07,1,0,0,1
Publicidade Institucional - PI,2024-07,2024,07,1,0,0,1
Setor de Apoio às Comissões Permanentes,2024-07,2024,07,1,0,0,1
Setor de Apoio às Comissões Permanentes - SACP,2024-07,2024,07,1,0,0,1
Setor de Apoio às Comissões Temporárias - SACT,2024-07,2024,07,2,0,0,2
Setor de Auditoria Médica / FASCAL,2024-07,2024,07,1,0,0,1
Setor de Biblioteca - SEBIB,2024-07,2024,07,3,0,0,3
Setor de Finanças - SEFIN,2024-07,2024,07,4,0,0,4
Setor de Inovação e Tecnologia da Informação - SEINOVA,2024-07,2024,07,2,0,0,2
Setor de Serviços Auxiliares - SEAUX,2024-07,2024,07,1,0,0,1
Setor de Taquigrafia - SETAQ,2024-07,2024,07,47,0,0,47
Seção de Administração de Sistemas - SEASI,2024-07,2024,07,5,0,0,5
"Unidade Desenvolvimento Urbano, Rural e Meio Ambiente - UDA",2024-07,2024,07,11,0,0,11
Unidade de Constituição e Justiça - UCJ,2024-07,2024,07,1,0,0,1
"Unidade de Economia e Finanças - UEF (Unidade de Processo Legislativo Orçamentário, Finanças, Transparência, Tributação, Regulação, Desenvolvimento Econômico, Ciência e Tecnologia - UEOF)",2024-07,2024,07,10,0,0,10
?COMISSÃO DE ASSUNTOS SOCIAIS - CAS,2024-08,2024,08,1,0,0,1
Assessoria Técnica de Engenhearia e Arquitetura - ASTEA,2024-08,2024,08,3,0,0,3
Assessoria de Governança Legislativa e Gestão Estratégica - ASSEGE,2024-08,2024,08,4,0,0,4
Auditoria Interna - AUDIT,2024-08,2024,08,5,0,0,5
Comissão Permanente de Contratação - CPC,2024-08,2024,08,1,0,0,1
Comissão Permanente de Tomada de Contas Especial e Sindicância,2024-08,2024,08,4,0,0,4
Comissão de Constituição e Justiça - CCJ,2024-08,2024,08,4,0,0,4
"Comissão de Economia, Orçamento e Finanças - CEOF",2024-08,2024,08,10,0,0,10
"Comissão de Educação, Saúde e Cultura - CESC",2024-08,2024,08,2,0,0,2
Consultoria Legislativa,2024-08,2024,08,4,0,0,4
Diretoria de Administração e Finanças - DAF,2024-08,2024,08,3,0,0,3
Diretoria de Comunicação Social - DICOM,2024-08,2024,08,1,0,0,1
Diretoria de Gestão de Pessoas - DGP,2024-08,2024,08,1,0,0,1
Escola do Legislativo - ELEGIS,2024-08,2024,08,2,0,0,2
Gabinete da Mesa Diretoria - GMD,2024-08,2024,08,3,0,0,3
Gabinete da Terceira Secretaria - GTS,2024-08,2024,08,3,0,0,3
NCAD,2024-08,2024,08,1,0,0,1
Núcleo de Classificação e Codificação - NUCOD,2024-08,2024,08,1,0,0,1
Núcleo de Educação Permanente - NEP/ELEGIS,2024-08,2024,08,2,0,0,2
Núcleo de Enfermagem - NENF,2024-08,2024,08,1,0,0,1
Núcleo de Gestão Patrimonial - NUGEP,2024-08,2024,08,1,0,0,1
Núcleo de Gestão e Desenvolvimento - NGED,2024-08,2024,08,1,0,0,1
Núcleo de Informatização da Legislação - NIL,2024-08,2024,08,1,0,0,1
Núcleo de Jornalismo e Comunicação Interativa - NJCI,2024-08,2024,08,8,0,0,8
Núcleo de Projeto Especiais - NPE/ELEGIS,2024-08,2024,08,1,0,0,1
Ouvidoria,2024-08,2024,08,5,0,0,5
Publicidade Institucional - PI,2024-08,2024,08,1,0,0,1
Setor de Apoio às Comissões Permanentes - SACP,2024-08,2024,08,5,0,0,5
Setor de Apoio às Comissões Temporárias - SACT,2024-08,2024,08,4,0,0,4
Setor de Assistência Social e Qualidade de Vida no Trabalho- SASQ,2024-08,2024,08,2,0,0,2
Setor de Ata e Súmula - SEAS,2024-08,2024,08,8,0,0,8
Setor de Biblioteca - SEBIB,2024-08,2024,08,4,0,0,4
Setor de Cadastro Parlamentar e de Cargos Comissionados - SECAD,2024-08,2024,08,1,0,0,1
Setor de Desenvolvimento de Pessoas - SEDEP,2024-08,2024,08,1,0,0,1
Setor de Finanças - SEFIN,2024-08,2024,08,5,0,0,5
Setor de Inovação e Tecnologia da Informação - SEINOVA,2024-08,2024,08,2,0,0,2
Setor de Serviços Auxiliares - SEAUX,2024-08,2024,08,1,0,0,1
Setor de Taquigrafia - SETAQ,2024-08,2024,08,47,0,0,47
Seção de Administração de Sistemas - SEASI,2024-08,2024,08,2,0,0,2
Seção de Elaboração Orçamentária - SEORC,2024-08,2024,08,3,0,0,3
"Unidade Desenvolvimento Urbano, Rural e Meio Ambiente - UDA",2024-08,2024,08,12,0,0,12
Unidade de Constituição e Justiça - UCJ,2024-08,2024,08,6,0,0,6
"Unidade de Economia e Finanças - UEF (Unidade de Processo Legislativo Orçamentário, Finanças, Transparência, Tributação, Regulação, Desenvolvimento Econômico, Ciência e Tecnologia - UEOF)",2024-08,2024,08,11,0,0,11
"Unidade de Saúde, Educação, Cultura e Desenvolvimento Científico e Tecnológico - USE",2024-08,2024,08,7,0,0,7
?COMISSÃO DE ASSUNTOS SOCIAIS - CAS,2024-09,2024,09,1,0,0,1
Assessoria Técnica de Engenhearia e Arquitetura - ASTEA,2024-09,2024,09,3,0,0,3
Assessoria de Governança Legislativa e Gestão Estratégica - ASSEGE,2024-09,2024,09,4,0,0,4
Auditoria Interna - AUDIT,2024-09,2024,09,6,0,0,6
Comissão Permanente de Contratação - CPC,2024-09,2024,09,1,0,0,1
Comissão Permanente de Tomada de Contas Especial e Sindicância,2024-09,2024,09,4,0,0,4
Comissão de Constituição e Justiça - CCJ,2024-09,2024,09,4,0,0,4
"Comissão de Economia, Orçamento e Finanças - CEOF",2024-09,2024,09,10,0,0,10
"Comissão de Educação, Saúde e Cultura - CESC",2024-09,2024,09,2,0,0,2
Consultoria Legislativa,2024-09,2024,09,4,0,0,4
Diretoria de Administração e Finanças - DAF,2024-09,2024,09,3,0,0,3
Diretoria de Comunicação Social - DICOM,2024-09,2024,09,1,0,0,1
Diretoria de Gestão de Pessoas - DGP,2024-09,2024,09,1,0,0,1
Escola do Legislativo - ELEGIS,2024-09,2024,09,2,0,0,2
Gabinete da Mesa Diretoria - GMD,2024-09,2024,09,3,0,0,3
Gabinete da Segunda Secretaria - GSS,2024-09,2024,09,4,0,0,4
Gabinete da Terceira Secretaria - GTS,2024-09,2024,09,2,0,0,2
Núcleo de Carreira e Desempenho - NCAD,2024-09,2024,09,1,0,0,1
Núcleo de Classificação e Codificação - NUCOD,2024-09,2024,09,1,0,0,1
Núcleo de Contratos - NUCOD,2024-09,2024,09,1,0,0,1
Núcleo de Educação Permanente - NEP/ELEGIS,2024-09,2024,09,2,0,0,2
Núcleo de Enfermagem - NENF,2024-09,2024,09,1,0,0,1
Núcleo de Gestão Patrimonial - NUGEP,2024-09,2024,09,1,0,0,1
Núcleo de Gestão e Desenvolvimento - NGED,2024-09,2024,09,1,0,0,1
Núcleo de Informatização da Legislação - NIL,2024-09,2024,09,1,0,0,1
Núcleo de Instruções e Pesquisa de Preços - NUINP,2024-09,2024,09,1,0,0,1
Núcleo de Jornalismo e Comunicação Interativa - NJCI,2024-09,2024,09,10,0,0,10
Núcleo de Projeto Especiais - NPE/ELEGIS,2024-09,2024,09,1,0,0,1
Ouvidoria,2024-09,2024,09,5,0,0,5
Setor de Apoio às Comissões Permanentes - SACP,2024-09,2024,09,5,0,0,5
Setor de Apoio às Comissões Temporárias - SACT,2024-09,2024,09,4,0,0,4
Setor de Assistência Social e Qualidade de Vida no Trabalho- SASQ,2024-09,2024,09,2,0,0,2
Setor de Ata e Súmula - SEAS,2024-09,2024,09,8,0,0,8
Setor de Auditoria Médica - SAM,2024-09,2024,09,3,0,0,3
Setor de Biblioteca - SEBIB,2024-09,2024,09,4,0,0,4
Setor de Cadastro Parlamentar e de Cargos Comissionados - SECAD,2024-09,2024,09,2,0,0,2
Setor de Desenvolvimento de Pessoas - SEDEP,2024-09,2024,09,1,0,0,1
Setor de Finanças - SEFIN,2024-09,2024,09,5,0,0,5
Setor de Inovação e Tecnologia da Informação - SEINOVA,2024-09,2024,09,3,0,0,3
Setor de Serviços Auxiliares - SEAUX,2024-09,2024,09,1,0,0,1
Setor de Taquigrafia - SETAQ,2024-09,2024,09,46,0,0,46
Seção de Administração de Sistemas - SEASI,2024-09,2024,09,2,0,0,2
Seção de Elaboração Orçamentária - SEORC,2024-09,2024,09,3,0,0,3
Seção de Infraestrutura de Tecnologia da Informação - SEINF,2024-09,2024,09,5,0,0,5
"Unidade Desenvolvimento Urbano, Rural e Meio Ambiente - UDA",2024-09,2024,09,12,0,0,12
Unidade de Constituição e Justiça - UCJ,2024-09,2024,09,6,0,0,6
"Unidade de Economia e Finanças - UEF (Unidade de Processo Legislativo Orçamentário, Finanças, Transparência, Tributação, Regulação, Desenvolvimento Econômico, Ciência e Tecnologia - UEOF)",2024-09,2024,09,11,0,0,11
"Unidade de Saúde, Educação, Cultura e Desenvolvimento Científico e Tecnológico - USE",2024-09,2024,09,5,0,0,5
"Unidade de Tecnologia Aplicada, Ciência de Dados e Inteligência Artificial - UCT",2024-09,2024,09,1,0,0,1
,2024-10,2024,10,8,0,0,8
?COMISSÃO DE ASSUNTOS SOCIAIS - CAS,2024-10,2024,10,1,0,0,1
Assessoria Técnica de Engenhearia e Arquitetura - ASTEA,2024-10,2024,10,3,0,0,3
Assessoria de Governança Legislativa e Gestão Estratégica - ASSEGE,2024-10,2024,10,4,0,0,4
Auditoria Interna - AUDIT,2024-10,2024,10,6,0,0,6
Comissão Permanente de Contratação - CPC,2024-10,2024,10,1,0,0,1
Comissão Permanente de Tomada de Contas Especial e Sindicância,2024-10,2024,10,4,0,0,4
Comissão de Constituição e Justiça - CCJ,2024-10,2024,10,4,0,0,4
"Comissão de Economia, Orçamento e Finanças - CEOF",2024-10,2024,10,9,0,0,9
"Comissão de Educação, Saúde e Cultura - CESC",2024-10,2024,10,2,0,0,2
Consultoria Legislativa,2024-10,2024,10,4,0,0,4
Diretoria de Administração e Finanças - DAF,2024-10,2024,10,3,0,0,3
Diretoria de Comunicação Social - DICOM,2024-10,2024,10,1,0,0,1
Diretoria de Gestão de Pessoas - DGP,2024-10,2024,10,1,0,0,1
Escola do Legislativo - ELEGIS,2024-10,2024,10,2,0,0,2
Gabinete da Mesa Diretoria - GMD,2024-10,2024,10,3,0,0,3
Gabinete da Segunda Secretaria - GSS,2024-10,2024,10,4,0,0,4
Gabinete da Terceira Secretaria - GTS,2024-10,2024,10,3,0,0,3
Núcleo de Carreira e Desempenho - NCAD,2024-10,2024,10,1,0,0,1
Núcleo de Classificação e Codificação - NUCOD,2024-10,2024,10,1,0,0,1
Núcleo de Contratos - NUCOD,2024-10,2024,10,1,0,0,1
Núcleo de Educação Permanente - NEP/ELEGIS,2024-10,2024,10,2,0,0,2
Núcleo de Gestão Patrimonial - NUGEP,2024-10,2024,10,1,0,0,1
Núcleo de Gestão e Desenvolvimento - NGED,2024-10,2024,10,1,0,0,1
Núcleo de Informatização da Legislação - NIL,2024-10,2024,10,1,0,0,1
Núcleo de Instruções e Pesquisa de Preços - NUINP,2024-10,2024,10,1,0,0,1
Núcleo de Jornalismo e Comunicação Interativa - NJCI,2024-10,2024,10,10,0,0,10
Núcleo de Projeto Especiais - NPE/ELEGIS,2024-10,2024,10,1,0,0,1
Ouvidoria,2024-10,2024,10,6,0,0,6
Publicidade Institucional,2024-10,2024,10,1,0,0,1
Secretaria Legislativa,2024-10,2024,10,1,0,0,1
Setor de Apoio às Comissões Permanentes - SACP,2024-10,2024,10,7,0,0,7
Setor de Apoio às Comissões Temporárias - SACT,2024-10,2024,10,4,0,0,4
Setor de Assistência Social e Qualidade de Vida no Trabalho- SASQ,2024-10,2024,10,2,0,0,2
Setor de Ata e Súmula - SEAS,2024-10,2024,10,8,0,0,8
Setor de Auditoria Médica - SAM,2024-10,2024,10,9,0,0,9
Setor de Biblioteca - SEBIB,2024-10,2024,10,4,0,0,4
Setor de Cadastro Parlamentar e de Cargos Comissionados - SECAD,2024-10,2024,10,2,0,0,2
Setor de Desenvolvimento de Pessoas - SEDEP,2024-10,2024,10,1,0,0,1
Setor de Finanças - SEFIN,2024-10,2024,10,5,0,0,5
Setor de Inovação e Tecnologia da Informação - SEINOVA,2024-10,2024,10,3,0,0,3
Setor de Serviços Auxiliares - SEAUX,2024-10,2024,10,1,0,0,1
Setor de Taquigrafia - SETAQ,2024-10,2024,10,46,0,0,46
Seção de Administração de Sistemas - SEASI,2024-10,2024,10,4,0,0,4
Seção de Elaboração Orçamentária - SEORC,2024-10,2024,10,3,0,0,3
Seção de Infraestrutura de Tecnologia da Informação - SEINF,2024-10,2024,10,6,0,0,6
"Unidade Desenvolvimento Urbano, Rural e Meio Ambiente - UDA",2024-10,2024,10,12,0,0,12
Unidade de Constituição e Justiça - UCJ,2024-10,2024,10,6,0,0,6
"Unidade de Economia e Finanças - UEF (Unidade de Processo Legislativo Orçamentário, Finanças, Transparência, Tributação, Regulação, Desenvolvimento Econômico, Ciência e Tecnologia - UEOF)",2024-10,2024,10,11,0,0,11
"Unidade de Saúde, Educação, Cultura e Desenvolvimento Científico e Tecnológico - USE",2024-10,2024,10,5,0,0,5
"Unidade de Tecnologia Aplicada, Ciência de Dados e Inteligência Artificial - UCT",2024-10,2024,10,1,0,0,1
l,2024-10,2024,10,1,0,0,1
,2024-11,2024,11,3,0,0,3
?COMISSÃO DE ASSUNTOS SOCIAIS - CAS,2024-11,2024,11,1,0,0,1
Assessoria Técnica de Administração e Finanças - ASTAF,2024-11,2024,11,1,0,0,1
Assessoria Técnica de Engenhearia e Arquitetura - ASTEA,2024-11,2024,11,3,0,0,3
Assessoria de Governança Legislativa e Gestão Estratégica - ASSEGE,2024-11,2024,11,4,0,0,4
Auditoria Interna - AUDIT,2024-11,2024,11,6,0,0,6
Comissão Permanente de Contratação - CPC,2024-11,2024,11,1,0,0,1
Comissão Permanente de Tomada de Contas Especial e Sindicância,2024-11,2024,11,4,0,0,4
Comissão de Constituição e Justiça - CCJ,2024-11,2024,11,4,0,0,4
"Comissão de Economia, Orçamento e Finanças - CEOF",2024-11,2024,11,9,0,0,9
"Comissão de Educação, Saúde e Cultura - CESC",2024-11,2024,11,2,0,0,2
Consultoria Legislativa,2024-11,2024,11,4,0,0,4
Diretoria de Administração e Finanças - DAF,2024-11,2024,11,2,0,0,2
Diretoria de Comunicação Social - DICOM,2024-11,2024,11,1,0,0,1
Diretoria de Gestão de Pessoas - DGP,2024-11,2024,11,1,0,0,1
Escola do Legislativo - ELEGIS,2024-11,2024,11,2,0,0,2
Gabinete da Mesa Diretoria - GMD,2024-11,2024,11,3,0,0,3
Gabinete da Segunda Secretaria - GSS,2024-11,2024,11,5,0,0,5
Gabinete da Terceira Secretaria - GTS,2024-11,2024,11,4,0,0,4
Núcleo de Carreira e Desempenho - NCAD,2024-11,2024,11,1,0,0,1
Núcleo de Classificação e Codificação - NUCOD,2024-11,2024,11,1,0,0,1
Núcleo de Contratos - NUCOD,2024-11,2024,11,1,0,0,1
Núcleo de Educação Permanente - NEP/ELEGIS,2024-11,2024,11,2,0,0,2
Núcleo de Enfermagem - NENF,2024-11,2024,11,1,0,0,1
Núcleo de Gestão Patrimonial - NUGEP,2024-11,2024,11,1,0,0,1
Núcleo de Gestão e Desenvolvimento - NGED,2024-11,2024,11,1,0,0,1
Núcleo de Informatização da Legislação - NIL,2024-11,2024,11,1,0,0,1
Núcleo de Instruções e Pesquisa de Preços - NUINP,2024-11,2024,11,1,0,0,1
Núcleo de Jornalismo e Comunicação Interativa - NJCI,2024-11,2024,11,10,0,0,10
Núcleo de Projeto Especiais - NPE/ELEGIS,2024-11,2024,11,1,0,0,1
Ouvidoria,2024-11,2024,11,6,0,0,6
Publicidade Institucional,2024-11,2024,11,1,0,0,1
Secretaria Legislativa,2024-11,2024,11,1,0,0,1
Setor de Apoio às Comissões Permanentes - SACP,2024-11,2024,11,7,0,0,7
Setor de Apoio às Comissões Temporárias - SACT,2024-11,2024,11,4,0,0,4
Setor de Assistência Social e Qualidade de Vida no Trabalho- SASQ,2024-11,2024,11,2,0,0,2
Setor de Ata e Súmula - SEAS,2024-11,2024,11,8,0,0,8
Setor de Auditoria Médica - SAM,2024-11,2024,11,9,0,0,9
Setor de Biblioteca - SEBIB,2024-11,2024,11,4,0,0,4
Setor de Cadastro Parlamentar e de Cargos Comissionados - SECAD,2024-11,2024,11,2,0,0,2
Setor de Contabilidade - SECON,2024-11,2024,11,3,0,0,3
Setor de Desenvolvimento de Pessoas - SEDEP,2024-11,2024,11,1,0,0,1
Setor de Finanças - SEFIN,2024-11,2024,11,5,0,0,5
Setor de Inovação e Tecnologia da Informação - SEINOVA,2024-11,2024,11,3,0,0,3
Setor de Serviços Auxiliares - SEAUX,2024-11,2024,11,1,0,0,1
Setor de Taquigrafia - SETAQ,2024-11,2024,11,46,0,0,46
Seção de Administração de Sistemas - SEASI,2024-11,2024,11,5,0,0,5
Seção de Elaboração Orçamentária - SEORC,2024-11,2024,11,3,0,0,3
Seção de Infraestrutura de Tecnologia da Informação - SEINF,2024-11,2024,11,6,0,0,6
"Unidade Desenvolvimento Urbano, Rural e Meio Ambiente - UDA",2024-11,2024,11,12,0,0,12
Unidade de Constituição e Justiça - UCJ,2024-11,2024,11,6,0,0,6
"Unidade de Economia e Finanças - UEF (Unidade de Processo Legislativo Orçamentário, Finanças, Transparência, Tributação, Regulação, Desenvolvimento Econômico, Ciência e Tecnologia - UEOF)",2024-11,2024,11,11,0,0,11
"Unidade de Saúde, Educação, Cultura e Desenvolvimento Científico e Tecnológico - USE",2024-11,2024,11,6,0,0,6
"Unidade de Tecnologia Aplicada, Ciência de Dados e Inteligência Artificial - UCT",2024-11,2024,11,1,0,0,1
?COMISSÃO DE ASSUNTOS SOCIAIS - CAS,2024-12,2024,12,1,0,0,1
Assessoria Técnica de Administração e Finanças - ASTAF,2024-12,2024,12,1,0,0,1
Assessoria Técnica de Engenhearia e Arquitetura - ASTEA,2024-12,2024,12,3,0,0,3
Assessoria de Governança Legislativa e Gestão Estratégica - ASSEGE,2024-12,2024,12,4,0,0,4
Auditoria Interna - AUDIT,2024-12,2024,12,8,0,0,8
Comissão Permanente de Contratação - CPC,2024-12,2024,12,1,0,0,1
Comissão Permanente de Tomada de Contas Especial e Sindicância,2024-12,2024,12,4,0,0,4
Comissão de Constituição e Justiça - CCJ,2024-12,2024,12,4,0,0,4
"Comissão de Economia, Orçamento e Finanças - CEOF",2024-12,2024,12,9,0,0,9
"Comissão de Educação, Saúde e Cultura - CESC",2024-12,2024,12,1,0,0,1
Consultoria Legislativa,2024-12,2024,12,4,0,0,4
Diretoria de Administração e Finanças - DAF,2024-12,2024,12,2,0,0,2
Diretoria de Comunicação Social - DICOM,2024-12,2024,12,1,0,0,1
Diretoria de Gestão de Pessoas - DGP,2024-12,2024,12,1,0,0,1
Escola do Legislativo - ELEGIS,2024-12,2024,12,2,0,0,2
Gabinete da Mesa Diretoria - GMD,2024-12,2024,12,3,0,0,3
Gabinete da Segunda Secretaria - GSS,2024-12,2024,12,5,0,0,5
Gabinete da Terceira Secretaria - GTS,2024-12,2024,12,4,0,0,4
Núcleo de Carreira e Desempenho - NCAD,2024-12,2024,12,1,0,0,1
Núcleo de Classificação e Codificação - NUCOD,2024-12,2024,12,1,0,0,1
Núcleo de Contratos - NUCOD,2024-12,2024,12,1,0,0,1
Núcleo de Educação Permanente - NEP/ELEGIS,2024-12,2024,12,2,0,0,2
Núcleo de Enfermagem,2024-12,2024,12,2,0,0,2
Núcleo de Enfermagem - NENF,2024-12,2024,12,1,0,0,1
Núcleo de Gestão Patrimonial - NUGEP,2024-12,2024,12,1,0,0,1
Núcleo de Gestão e Desenvolvimento - NGED,2024-12,2024,12,1,0,0,1
Núcleo de Informatização da Legislação - NIL,2024-12,2024,12,1,0,0,1
Núcleo de Instruções e Pesquisa de Preços - NUINP,2024-12,2024,12,1,0,0,1
Núcleo de Jornalismo e Comunicação Interativa - NJCI,2024-12,2024,12,10,0,0,10
Núcleo de Projeto Especiais - NPE/ELEGIS,2024-12,2024,12,1,0,0,1
Ouvidoria,2024-12,2024,12,5,0,0,5
Publicidade Institucional,2024-12,2024,12,1,0,0,1
Setor de Apoio às Comissões Permanentes - SACP,2024-12,2024,12,5,0,0,5
Setor de Apoio às Comissões Temporárias - SACT,2024-12,2024,12,4,0,0,4
Setor de Assistência Social e Qualidade de Vida no Trabalho- SASQ,2024-12,2024,12,2,0,0,2
Setor de Ata e Súmula - SEAS,2024-12,2024,12,8,0,0,8
Setor de Auditoria Médica - SAM,2024-12,2024,12,9,0,0,9
Setor de Biblioteca - SEBIB,2024-12,2024,12,4,0,0,4
Setor de Cadastro Parlamentar e de Cargos Comissionados - SECAD,2024-12,2024,12,2,0,0,2
Setor de Contabilidade - SECON,2024-12,2024,12,3,0,0,3
Setor de Desenvolvimento de Pessoas - SEDEP,2024-12,2024,12,1,0,0,1
Setor de Finanças - SEFIN,2024-12,2024,12,6,0,0,6
Setor de Inovação e Tecnologia da Informação - SEINOVA,2024-12,2024,12,1,0,0,1
Setor de Registro e Redação Legislativa - SEREL,2024-12,2024,12,46,0,0,46
Setor de Serviços Auxiliares - SEAUX,2024-12,2024,12,1,0,0,1
Seção de Administração de Sistemas - SEASI,2024-12,2024,12,5,0,0,5
Seção de Elaboração Orçamentária - SEORC,2024-12,2024,12,3,0,0,3
"Unidade Desenvolvimento Urbano, Rural e Meio Ambiente - UDA",2024-12,2024,12,12,0,0,12
Unidade de Constituição e Justiça - UCJ,2024-12,2024,12,6,0,0,6
"Unidade de Economia e Finanças - UEF (Unidade de Processo Legislativo Orçamentário, Finanças, Transparência, Tributação, Regulação, Desenvolvimento Econômico, Ciência e Tecnologia - UEOF)",2024-12,2024,12,9,0,0,9
"Unidade de Saúde, Educação, Cultura e Desenvolvimento Científico e Tecnológico - USE",2024-12,2024,12,5,0,0,5
"Unidade de Tecnologia Aplicada, Ciência de Dados e Inteligência Artificial - UCT",2024-12,2024,12,1,0,0,1
Assessoria Técnica de Engenhearia e Arquitetura - ASTEA,2025-01,2025,01,4,0,0,4
Auditoria Interna - AUDIT,2025-01,2025,01,8,0,0,8
Comissão Permanente de Contratação - CPC,2025-01,2025,01,1,0,0,1
Comissão Permanente de Tomada de Contas Especial e Sindicância,2025-01,2025,01,4,0,0,4
Comissão de Constituição e Justiça - CCJ,2025-01,2025,01,4,0,0,4
Consultoria Legislativa,2025-01,2025,01,4,0,0,4
Diretoria de Comunicação Social - DICOM,2025-01,2025,01,1,0,0,1
Diretoria de Gestão de Pessoas - DGP,2025-01,2025,01,1,0,0,1
Gabinete da Mesa Diretoria - GMD,2025-01,2025,01,3,0,0,3
Gabinete da Segunda Secretaria - GSS,2025-01,2025,01,5,0,0,5
Gabinete da Terceira Secretaria - GTS,2025-01,2025,01,4,0,0,4
Núcleo de Educação Permanente - NEP/ELEGIS,2025-01,2025,01,2,0,0,2
Núcleo de Enfermagem,2025-01,2025,01,2,0,0,2
Núcleo de Gestão Patrimonial - NUGEP,2025-01,2025,01,1,0,0,1
Núcleo de Informatização da Legislação - NIL,2025-01,2025,01,1,0,0,1
Núcleo de Planejamento de Compras - NUGEP,2025-01,2025,01,1,0,0,1
Núcleo de Produção,2025-01,2025,01,1,0,0,1
Núcleo de Projeto Especiais - NPE/ELEGIS,2025-01,2025,01,1,0,0,1
Ouvidoria,2025-01,2025,01,7,0,0,7
Publicidade Institucional,2025-01,2025,01,1,0,0,1
Secretaria Legislativa,2025-01,2025,01,1,0,0,1
Secretaria Legislativa - SELEG,2025-01,2025,01,1,0,0,1
Setor de Apoio às Comissões Permanentes - SACP,2025-01,2025,01,5,0,0,5
Setor de Apoio às Comissões Temporárias - SACT,2025-01,2025,01,4,0,0,4
Setor de Assistência Social e Qualidade de Vida no Trabalho- SASQ,2025-01,2025,01,2,0,0,2
Setor de Ata e Súmula - SEAS,2025-01,2025,01,1,0,0,1
Setor de Auditoria Médica - SAM,2025-01,2025,01,5,0,0,5
Setor de Biblioteca - SEBIB,2025-01,2025,01,4,0,0,4
Setor de Contabilidade - SECON,2025-01,2025,01,3,0,0,3
Setor de Finanças - SEFIN,2025-01,2025,01,5,0,0,5
Setor de Inovação e Tecnologia da Informação - SEINOVA,2025-01,2025,01,1,0,0,1
Setor de Registro e Redação Legislativa - SEREL,2025-01,2025,01,46,0,0,46
Setor de Serviços Auxiliares - SEAUX,2025-01,2025,01,1,0,0,1
Unidade de Acompanhamento de Políticas Públicas - UCP/CONOFIS,2025-01,2025,01,1,0,0,1
Unidade de Constituição e Justiça - UCJ,2025-01,2025,01,3,0,0,3
"Unidade de Saúde, Educação, Cultura e Desenvolvimento Científico e Tecnológico - USE",2025-01,2025,01,1,0,0,1
Assessoria Técnica de Administração e Finanças - ASTAF,2025-02,2025,02,2,0,0,2
Assessoria Técnica de Engenhearia e Arquitetura - ASTEA,2025-02,2025,02,4,0,0,4
Assessoria de Governança Legislativa e Gestão Estratégica - ASSEGE,2025-02,2025,02,4,0,0,4
Auditoria Interna - AUDIT,2025-02,2025,02,8,0,0,8
Comissão Permanente de Contratação - CPC,2025-02,2025,02,1,0,0,1
Comissão Permanente de Tomada de Contas Especial e Sindicância,2025-02,2025,02,4,0,0,4
Comissão de Constituição e Justiça - CCJ,2025-02,2025,02,4,0,0,4
"Comissão de Economia, Orçamento e Finanças - CEOF",2025-02,2025,02,9,0,0,9
"Comissão de Educação, Saúde e Cultura - CESC",2025-02,2025,02,2,0,0,2
Comissão de Saúde,2025-02,2025,02,1,0,0,1
Consultoria Legislativa,2025-02,2025,02,4,0,0,4
Diretoria de Administração e Finanças - DAF,2025-02,2025,02,3,0,0,3
Diretoria de Comunicação Social - DICOM,2025-02,2025,02,1,0,0,1
Diretoria de Gestão de Pessoas - DGP,2025-02,2025,02,1,0,0,1
Escola do Legislativo - ELEGIS,2025-02,2025,02,2,0,0,2
Gabinete da Mesa Diretoria - GMD,2025-02,2025,02,3,0,0,3
Gabinete da Segunda Secretaria - GSS,2025-02,2025,02,5,0,0,5
Gabinete da Terceira Secretaria - GTS,2025-02,2025,02,4,0,0,4
Núcleo de Apoio Logístico,2025-02,2025,02,1,0,0,1
Núcleo de Carreira e Desempenho - NCAD,2025-02,2025,02,1,0,0,1
Núcleo de Classificação e Codificação - NUCOD,2025-02,2025,02,2,0,0,2
Núcleo de Educação Permanente - NEP/ELEGIS,2025-02,2025,02,2,0,0,2
Núcleo de Gestão Patrimonial - NUGEP,2025-02,2025,02,1,0,0,1
Núcleo de Gestão e Desenvolvimento - NGED,2025-02,2025,02,1,0,0,1
Núcleo de Informatização da Legislação - NIL,2025-02,2025,02,1,0,0,1
Núcleo de Instruções e Pesquisa de Preços - NUINP,2025-02,2025,02,2,0,0,2
Núcleo de Jornalismo e Comunicação Interativa - NJCI,2025-02,2025,02,10,0,0,10
Núcleo de Planejamento de Compras - NUGEP,2025-02,2025,02,2,0,0,2
Núcleo de Produção,2025-02,2025,02,1,0,0,1
Núcleo de Projeto Especiais - NPE/ELEGIS,2025-02,2025,02,1,0,0,1
Ouvidoria,2025-02,2025,02,7,0,0,7
Publicidade Institucional,2025-02,2025,02,1,0,0,1
Secretaria Legislativa - SELEG,2025-02,2025,02,1,0,0,1
Setor de Apoio às Comissões Permanentes - SACP,2025-02,2025,02,6,0,0,6
Setor de Apoio às Comissões Temporárias - SACT,2025-02,2025,02,4,0,0,4
Setor de Assistência Social e Qualidade de Vida no Trabalho- SASQ,2025-02,2025,02,2,0,0,2
Setor de Ata e Súmula - SEAS,2025-02,2025,02,9,0,0,9
Setor de Auditoria Médica - SAM,2025-02,2025,02,10,0,0,10
Setor de Biblioteca - SEBIB,2025-02,2025,02,4,0,0,4
Setor de Contabilidade - SECON,2025-02,2025,02,3,0,0,3
Setor de Contratos e Aquisições - SECONT,2025-02,2025,02,2,0,0,2
Setor de Desenvolvimento de Pessoas - SEDEP,2025-02,2025,02,1,0,0,1
Setor de Finanças - SEFIN,2025-02,2025,02,6,0,0,6
Setor de Inovação e Tecnologia da Informação - SEINOVA,2025-02,2025,02,2,0,0,2
Setor de Registro e Redação Legislativa - SEREL,2025-02,2025,02,46,0,0,46
Setor de Serviços Auxiliares - SEAUX,2025-02,2025,02,1,0,0,1
Seção de Administração de Sistemas - SEASI,2025-02,2025,02,6,0,0,6
Seção de Elaboração Orçamentária - SEORC,2025-02,2025,02,4,0,0,4
TV e Rádio Legislativa,2025-02,2025,02,1,0,0,1
"Unidade Desenvolvimento Urbano, Rural e Meio Ambiente - UDA",2025-02,2025,02,14,0,0,14
Unidade de Acompanhamento de Políticas Públicas - UCP/CONOFIS,2025-02,2025,02,1,0,0,1
"Unidade de Acompanhamento e Gestão de Informações Orçamentárias, Contas Públicas e Gestão Fiscal - UCO",2025-02,2025,02,1,0,0,1
Unidade de Constituição e Justiça - UCJ,2025-02,2025,02,8,0,0,8
"Unidade de Economia e Finanças - UEF (Unidade de Processo Legislativo Orçamentário, Finanças, Transparência, Tributação, Regulação, Desenvolvimento Econômico, Ciência e Tecnologia - UEOF)",2025-02,2025,02,10,0,0,10
"Unidade de Saúde, Educação, Cultura e Desenvolvimento Científico e Tecnológico - USE",2025-02,2025,02,8,0,0,8
"Unidade de Tecnologia Aplicada, Ciência de Dados e Inteligência Artificial - UCT",2025-02,2025,02,1,0,0,1
,2025-03,2025,03,2,0,0,2
Assessoria Técnica de Administração e Finanças - ASTAF,2025-03,2025,03,2,0,0,2
Assessoria Técnica de Engenharia e Arquitetura - ASTEA,2025-03,2025,03,4,0,0,4
Assessoria de Governança Legislativa e Gestão Estratégica - ASSEGE,2025-03,2025,03,5,0,0,5
Auditoria Interna - AUDIT,2025-03,2025,03,9,0,0,9
Comissão Permanente de Contratação - CPC,2025-03,2025,03,1,0,0,1
Comissão Permanente de Tomada de Contas Especial e Sindicância,2025-03,2025,03,4,0,0,4
Comissão de Constituição e Justiça - CCJ,2025-03,2025,03,4,0,0,4
"Comissão de Economia, Orçamento e Finanças - CEOF",2025-03,2025,03,6,0,0,6
Comissão de Educação e Cultura - CEC,2025-03,2025,03,2,0,0,2
Comissão de Saúde - CSA,2025-03,2025,03,1,0,0,1
Consultoria Legislativa - CONLEGIS,2025-03,2025,03,5,0,0,5
"Consultoria Técnico-Legislativa de Fiscalização, Controle, Acompanhamento de Políticas e Contas Públicas e Execução Orçamentária - CONOFIS",2025-03,2025,03,2,0,0,2
Diretoria de Administração e Finanças - DAF,2025-03,2025,03,3,0,0,3
Diretoria de Comunicação Social - DICOM,2025-03,2025,03,1,0,0,1
Diretoria de Gestão de Pessoas - DGP,2025-03,2025,03,1,0,0,1
Escola do Legislativo - ELEGIS,2025-03,2025,03,2,0,0,2
Gabinete da Mesa Diretoria - GMD,2025-03,2025,03,3,0,0,3
Gabinete da Segunda Secretaria - GSS,2025-03,2025,03,5,0,0,5
Gabinete da Terceira Secretaria - GTS,2025-03,2025,03,5,0,0,5
Núcleo de Apoio Logístico - NUAL,2025-03,2025,03,1,0,0,1
Núcleo de Carreira e Desempenho - NCAD,2025-03,2025,03,1,0,0,1
Núcleo de Educação Permanente - NEP/ELEGIS,2025-03,2025,03,2,0,0,2
Núcleo de Faturamento e Fiscalização - NUFAF/FASCAL,2025-03,2025,03,2,0,0,2
Núcleo de Gestão Patrimonial - NUGEP,2025-03,2025,03,1,0,0,1
Núcleo de Gestão e Desenvolvimento - NGED,2025-03,2025,03,1,0,0,1
Núcleo de Informatização da Legislação - NIL,2025-03,2025,03,1,0,0,1
Núcleo de Jornalismo e Comunicação Interativa - NJCI,2025-03,2025,03,10,0,0,10
Núcleo de Planejamento de Compras - NUGEP,2025-03,2025,03,1,0,0,1
Núcleo de Produção,2025-03,2025,03,1,0,0,1
Núcleo de Projeto Especiais - NPE/ELEGIS,2025-03,2025,03,1,0,0,1
Núcleo de Publicidade Legal - DCL,2025-03,2025,03,9,0,0,9
Ouvidoria,2025-03,2025,03,7,0,0,7
Publicidade Institucional,2025-03,2025,03,1,0,0,1
Secretaria Legislativa - SELEG,2025-03,2025,03,1,0,0,1
Setor de Apoio às Comissões Permanentes - SACP,2025-03,2025,03,7,0,0,7
Setor de Apoio às Comissões Temporárias - SACT,2025-03,2025,03,4,0,0,4
Setor de Assistência Social e Qualidade de Vida no Trabalho- SASQ,2025-03,2025,03,2,0,0,2
Setor de Ata e Súmula - SEAS,2025-03,2025,03,10,0,0,10
Setor de Auditoria Médica - SAM,2025-03,2025,03,7,0,0,7
Setor de Biblioteca - SEBIB,2025-03,2025,03,4,0,0,4
Setor de Cadastro Parlamentar e de Cargos Comissionados - SECAD,2025-03,2025,03,2,0,0,2
Setor de Contabilidade - SECON,2025-03,2025,03,4,0,0,4
Setor de Contratos e Aquisições - SECONT,2025-03,2025,03,6,0,0,6
Setor de Desenvolvimento de Pessoas - SEDEP,2025-03,2025,03,2,0,0,2
Setor de Finanças - SEFIN,2025-03,2025,03,5,0,0,5
Setor de Inovação e Tecnologia da Informação - SEINOVA,2025-03,2025,03,3,0,0,3
Setor de Pagamento de Pessoal - SEPAG,2025-03,2025,03,5,0,0,5
Setor de Planejamento e Avaliação Orçamentária,2025-03,2025,03,1,0,0,1
Setor de Registro e Redação Legislativa - SEREL,2025-03,2025,03,45,0,0,45
Setor de Serviços Auxiliares,2025-03,2025,03,1,0,0,1
Setor de Suporte ao Pessoal Efetivo - SESPE,2025-03,2025,03,5,0,0,5
Seção de Administração de Sistemas - SEASI,2025-03,2025,03,5,0,0,5
Seção de Elaboração Orçamentária - SEORC,2025-03,2025,03,4,0,0,4
TV e Rádio Legislativa,2025-03,2025,03,1,0,0,1
"Unidade Desenvolvimento Urbano, Rural e Meio Ambiente - UDA",2025-03,2025,03,14,0,0,14
Unidade de Acompanhamento de Políticas Públicas - UCP/CONOFIS,2025-03,2025,03,2,0,0,2
"Unidade de Acompanhamento e Gestão de Informações Orçamentárias, Contas Públicas e Gestão Fiscal - UCO",2025-03,2025,03,1,0,0,1
Unidade de Constituição e Justiça - UCJ,2025-03,2025,03,8,0,0,8
"Unidade de Economia e Finanças - UEF (Unidade de Processo Legislativo Orçamentário, Finanças, Transparência, Tributação, Regulação, Desenvolvimento Econômico, Ciência e Tecnologia - UEOF)",2025-03,2025,03,10,0,0,10
"Unidade de Redação Parlamentar, Estudos e Pesquisas Legislativas - URP",2025-03,2025,03,1,0,0,1
"Unidade de Saúde, Educação, Cultura e Desenvolvimento Científico e Tecnológico - USE",2025-03,2025,03,9,0,0,9
"Unidade de Tecnologia Aplicada, Ciência de Dados e Inteligência Artificial - UCT",2025-03,2025,03,1,0,0,1
Assessoria Técnica de Administração e Finanças - ASTAF,2025-04,2025,04,2,0,0,2
Assessoria Técnica de Engenharia e Arquitetura - ASTEA,2025-04,2025,04,4,0,0,4
Assessoria de Governança Legislativa e Gestão Estratégica - ASSEGE,2025-04,2025,04,4,0,0,4
Auditoria Interna - AUDIT,2025-04,2025,04,9,0,0,9
Comissão Permanente de Contratação - CPC,2025-04,2025,04,1,0,0,1
Comissão Permanente de Tomada de Contas Especial e Sindicância,2025-04,2025,04,4,0,0,4
Comissão de Constituição e Justiça - CCJ,2025-04,2025,04,4,0,0,4
"Comissão de Economia, Orçamento e Finanças - CEOF",2025-04,2025,04,7,0,0,7
Comissão de Educação e Cultura - CEC,2025-04,2025,04,2,0,0,2
Comissão de Saúde - CSA,2025-04,2025,04,1,0,0,1
Consultoria Legislativa - CONLEGIS,2025-04,2025,04,5,0,0,5
Diretoria de Administração e Finanças - DAF,2025-04,2025,04,3,0,0,3
Diretoria de Comunicação Social - DICOM,2025-04,2025,04,1,0,0,1
Diretoria de Gestão de Pessoas - DGP,2025-04,2025,04,1,0,0,1
Escola do Legislativo - ELEGIS,2025-04,2025,04,2,0,0,2
Gabinete da Mesa Diretoria - GMD,2025-04,2025,04,3,0,0,3
Gabinete da Segunda Secretaria - GSS,2025-04,2025,04,5,0,0,5
Gabinete da Terceira Secretaria - GTS,2025-04,2025,04,5,0,0,5
Núcleo de Apoio Logístico - NUAL,2025-04,2025,04,1,0,0,1
Núcleo de Carreira e Desempenho - NCAD,2025-04,2025,04,1,0,0,1
Núcleo de Educação Permanente - NEP/ELEGIS,2025-04,2025,04,3,0,0,3
Núcleo de Faturamento e Fiscalização - NUFAF/FASCAL,2025-04,2025,04,2,0,0,2
Núcleo de Gestão Patrimonial - NUGEP,2025-04,2025,04,1,0,0,1
Núcleo de Gestão e Desenvolvimento - NGED,2025-04,2025,04,1,0,0,1
Núcleo de Informatização da Legislação - NIL,2025-04,2025,04,1,0,0,1
Núcleo de Jornalismo e Comunicação Interativa - NJCI,2025-04,2025,04,9,0,0,9
Núcleo de Planejamento de Compras - NUGEP,2025-04,2025,04,1,0,0,1
Núcleo de Produção,2025-04,2025,04,1,0,0,1
Núcleo de Projeto Especiais - NPE/ELEGIS,2025-04,2025,04,1,0,0,1
Núcleo de Publicidade Legal - DCL,2025-04,2025,04,9,0,0,9
Ouvidoria,2025-04,2025,04,7,0,0,7
Publicidade Institucional,2025-04,2025,04,1,0,0,1
Secretaria Legislativa - SELEG,2025-04,2025,04,1,0,0,1
Setor de Apoio às Comissões Permanentes - SACP,2025-04,2025,04,7,0,0,7
Setor de Apoio às Comissões Temporárias - SACT,2025-04,2025,04,3,0,0,3
Setor de Assistência Social e Qualidade de Vida no Trabalho- SASQ,2025-04,2025,04,2,0,0,2
Setor de Ata e Súmula - SEAS,2025-04,2025,04,10,0,0,10
Setor de Atendimento e Cultura Digital - SEATI,2025-04,2025,04,1,0,0,1
Setor de Auditoria Médica - SAM,2025-04,2025,04,7,0,0,7
Setor de Biblioteca - SEBIB,2025-04,2025,04,4,0,0,4
Setor de Cadastro Parlamentar e de Cargos Comissionados - SECAD,2025-04,2025,04,2,0,0,2
Setor de Contabilidade - SECON,2025-04,2025,04,4,0,0,4
Setor de Contratos e Aquisições - SECONT,2025-04,2025,04,6,0,0,6
Setor de Desenvolvimento de Pessoas - SEDEP,2025-04,2025,04,2,0,0,2
Setor de Finanças - SEFIN,2025-04,2025,04,5,0,0,5
Setor de Inovação e Tecnologia da Informação - SEINOVA,2025-04,2025,04,3,0,0,3
"Setor de Orçamento, Finanças e Contabilidade",2025-04,2025,04,5,0,0,5
Setor de Pagamento de Pessoal - SEPAG,2025-04,2025,04,5,0,0,5
Setor de Planejamento e Avaliação Orçamentária,2025-04,2025,04,1,0,0,1
Setor de Registro e Redação Legislativa - SEREL,2025-04,2025,04,45,0,0,45
Setor de Serviços Auxiliares,2025-04,2025,04,1,0,0,1
Setor de Suporte ao Pessoal Efetivo - SESPE,2025-04,2025,04,5,0,0,5
Seção de Administração de Sistemas - SEASI,2025-04,2025,04,5,0,0,5
Seção de Elaboração Orçamentária - SEORC,2025-04,2025,04,4,0,0,4
TV e Rádio Legislativa,2025-04,2025,04,1,0,0,1
"Unidade Desenvolvimento Urbano, Rural e Meio Ambiente - UDA",2025-04,2025,04,14,0,0,14
Unidade de Acompanhamento de Políticas Públicas - UCP/CONOFIS,2025-04,2025,04,2,0,0,2
"Unidade de Acompanhamento e Gestão de Informações Orçamentárias, Contas Públicas e Gestão Fiscal - UCO",2025-04,2025,04,1,0,0,1
Unidade de Constituição e Justiça - UCJ,2025-04,2025,04,8,0,0,8
"Unidade de Economia e Finanças - UEF (Unidade de Processo Legislativo Orçamentário, Finanças, Transparência, Tributação, Regulação, Desenvolvimento Econômico, Ciência e Tecnologia - UEOF)",2025-04,2025,04,11,0,0,11
"Unidade de Redação Parlamentar, Estudos e Pesquisas Legislativas - URP",2025-04,2025,04,1,0,0,1
"Unidade de Saúde, Educação, Cultura e Desenvolvimento Científico e Tecnológico - USE",2025-04,2025,04,9,0,0,9
"Unidade de Tecnologia Aplicada, Ciência de Dados e Inteligência Artificial - UCT",2025-04,2025,04,1,0,0,1
Assessoria Técnica de Administração e Finanças - ASTAF,2025-05,2025,05,2,0,0,2
Assessoria Técnica de Engenharia e Arquitetura - ASTEA,2025-05,2025,05,4,0,0,4
Assessoria de Governança Legislativa e Gestão Estratégica - ASSEGE,2025-05,2025,05,4,0,0,4
Auditoria Interna - AUDIT,2025-05,2025,05,9,0,0,9
Comissão Permanente de Contratação - CPC,2025-05,2025,05,1,0,0,1
Comissão Permanente de Tomada de Contas Especial e Sindicância,2025-05,2025,05,4,0,0,4
Comissão de Constituição e Justiça - CCJ,2025-05,2025,05,4,0,0,4
"Comissão de Economia, Orçamento e Finanças - CEOF",2025-05,2025,05,7,0,0,7
Comissão de Educação e Cultura - CEC,2025-05,2025,05,2,0,0,2
Comissão de Saúde - CSA,2025-05,2025,05,1,0,0,1
Consultoria Legislativa - CONLEGIS,2025-05,2025,05,5,0,0,5
Diretoria de Administração e Finanças - DAF,2025-05,2025,05,3,0,0,3
Diretoria de Comunicação Social - DICOM,2025-05,2025,05,1,0,0,1
Diretoria de Gestão de Pessoas - DGP,2025-05,2025,05,1,0,0,1
Escola do Legislativo - ELEGIS,2025-05,2025,05,2,0,0,2
Gabinete da Mesa Diretoria - GMD,2025-05,2025,05,3,0,0,3
Gabinete da Primeira Secretaria,2025-05,2025,05,1,0,0,1
Gabinete da Segunda Secretaria - GSS,2025-05,2025,05,5,0,0,5
Gabinete da Terceira Secretaria - GTS,2025-05,2025,05,5,0,0,5
Núcleo de Apoio Logístico - NUAL,2025-05,2025,05,1,0,0,1
Núcleo de Carreira e Desempenho - NCAD,2025-05,2025,05,1,0,0,1
Núcleo de Educação Permanente - NEP/ELEGIS,2025-05,2025,05,3,0,0,3
Núcleo de Faturamento e Fiscalização - NUFAF/FASCAL,2025-05,2025,05,2,0,0,2
Núcleo de Gestão Patrimonial - NUGEP,2025-05,2025,05,1,0,0,1
Núcleo de Gestão e Desenvolvimento - NGED,2025-05,2025,05,1,0,0,1
Núcleo de Informatização da Legislação - NIL,2025-05,2025,05,1,0,0,1
Núcleo de Jornalismo e Comunicação Interativa - NJCI,2025-05,2025,05,4,0,0,4
Núcleo de Planejamento de Compras - NUPLAC,2025-05,2025,05,1,0,0,1
Núcleo de Produção,2025-05,2025,05,1,0,0,1
Núcleo de Publicidade Legal - DCL,2025-05,2025,05,9,0,0,9
Ouvidoria,2025-05,2025,05,7,0,0,7
Publicidade Institucional,2025-05,2025,05,1,0,0,1
Secretaria Legislativa - SELEG,2025-05,2025,05,1,0,0,1
Setor de Apoio às Comissões Permanentes - SACP,2025-05,2025,05,7,0,0,7
Setor de Apoio às Comissões Temporárias - SACT,2025-05,2025,05,4,0,0,4
Setor de Assistência Social e Qualidade de Vida no Trabalho- SASQ,2025-05,2025,05,2,0,0,2
Setor de Ata e Súmula - SEAS,2025-05,2025,05,10,0,0,10
Setor de Atendimento e Cultura Digital - SEATI,2025-05,2025,05,1,0,0,1
Setor de Auditoria Médica - SAM,2025-05,2025,05,7,0,0,7
Setor de Biblioteca - SEBIB,2025-05,2025,05,4,0,0,4
Setor de Cadastro Parlamentar e de Cargos Comissionados - SECAD,2025-05,2025,05,2,0,0,2
Setor de Contabilidade - SECON,2025-05,2025,05,4,0,0,4
Setor de Contratos e Aquisições - SECONT,2025-05,2025,05,6,0,0,6
Setor de Desenvolvimento de Pessoas - SEDEP,2025-05,2025,05,2,0,0,2
Setor de Finanças - SEFIN,2025-05,2025,05,5,0,0,5
Setor de Inovação e Tecnologia da Informação - SEINOVA,2025-05,2025,05,2,0,0,2
"Setor de Orçamento, Finanças e Contabilidade",2025-05,2025,05,3,0,0,3
Setor de Pagamento de Pessoal - SEPAG,2025-05,2025,05,5,0,0,5
Setor de Planejamento e Avaliação Orçamentária,2025-05,2025,05,1,0,0,1
Setor de Registro e Redação Legislativa - SEREL,2025-05,2025,05,45,0,0,45
Setor de Serviços Auxiliares,2025-05,2025,05,1,0,0,1
Setor de Suporte ao Pessoal Efetivo - SESPE,2025-05,2025,05,5,0,0,5
Seção de Administração de Sistemas - SEASI,2025-05,2025,05,5,0,0,5
Seção de Elaboração Orçamentária - SEORC,2025-05,2025,05,3,0,0,3
"Unidade Desenvolvimento Urbano, Rural e Meio Ambiente - UDA",2025-05,2025,05,12,0,0,12
Unidade de Acompanhamento de Políticas Públicas - UCP/CONOFIS,2025-05,2025,05,2,0,0,2
"Unidade de Acompanhamento e Gestão de Informações Orçamentárias, Contas Públicas e Gestão Fiscal - UCO",2025-05,2025,05,1,0,0,1
Unidade de Constituição e Justiça - UCJ,2025-05,2025,05,8,0,0,8
"Unidade de Economia e Finanças - UEF (Unidade de Processo Legislativo Orçamentário, Finanças, Transparência, Tributação, Regulação, Desenvolvimento Econômico, Ciência e Tecnologia - UEOF)",2025-05,2025,05,11,0,0,11
"Unidade de Redação Parlamentar, Estudos e Pesquisas Legislativas - URP",2025-05,2025,05,1,0,0,1
"Unidade de Saúde, Educação, Cultura e Desenvolvimento Científico e Tecnológico - USE",2025-05,2025,05,9,0,0,9
"Unidade de Tecnologia Aplicada, Ciência de Dados e Inteligência Artificial - UCT",2025-05,2025,05,1,0,0,1
?COMISSÃO DE ASSUNTOS SOCIAIS - CAS,2025-06,2025,06,2,2,0,0
Assessoria Técnica de Engenharia e Arquitetura - ASTEA,2025-06,2025,06,2,2,0,0
Assessoria de Governança Legislativa e Gestão Estratégica - ASSEGE,2025-06,2025,06,3,3,0,0
Auditoria Interna - AUDIT,2025-06,2025,06,6,6,0,0
Comissão Permanente de Contratação - CPC,2025-06,2025,06,1,1,0,0
Comissão de Constituição e Justiça - CCJ,2025-06,2025,06,3,3,0,0
"Comissão de Economia, Orçamento e Finanças - CEOF",2025-06,2025,06,3,3,0,0
Comissão de Educação e Cultura - CEC,2025-06,2025,06,2,2,0,0
Comissão de Saúde - CSA,2025-06,2025,06,1,1,0,0
Consultoria Legislativa - CONLEGIS,2025-06,2025,06,3,3,0,0
Diretoria de Administração e Finanças - DAF,2025-06,2025,06,1,1,0,0
Diretoria de Comunicação Social - DICOM,2025-06,2025,06,1,1,0,0
Diretoria de Gestão de Pessoas - DGP,2025-06,2025,06,4,4,0,0
Gabinete da Mesa Diretoria - GMD,2025-06,2025,06,2,2,0,0
Gabinete da Segunda Secretaria - GSS,2025-06,2025,06,3,3,0,0
Gabinete da Terceira Secretaria - GTS,2025-06,2025,06,3,3,0,0
Núcleo de Apoio Logístico - NUAL,2025-06,2025,06,1,1,0,0
Núcleo de Carreira e Desempenho - NCAD,2025-06,2025,06,1,1,0,0
Núcleo de Gestão Patrimonial - NUGEP,2025-06,2025,06,1,1,0,0
Núcleo de Gestão e Desenvolvimento - NGED,2025-06,2025,06,1,1,0,0
Núcleo de Produção - NPROD,2025-06,2025,06,1,1,0,0
Núcleo de Publicidade Legal - DCL,2025-06,2025,06,6,6,0,0
Ouvidoria,2025-06,2025,06,3,3,0,0
Secretaria Legislativa - SELEG,2025-06,2025,06,1,1,0,0
Setor de Apoio às Comissões Permanentes - SACP,2025-06,2025,06,6,6,0,0
Setor de Apoio às Comissões Temporárias - SACT,2025-06,2025,06,3,3,0,0
Setor de Assistência Social e Qualidade de Vida no Trabalho- SASQ,2025-06,2025,06,2,2,0,0
Setor de Auditoria Médica - SAM,2025-06,2025,06,7,7,0,0
Setor de Cadastro Parlamentar e de Cargos Comissionados - SECAD,2025-06,2025,06,2,2,0,0
Setor de Contabilidade - SECON,2025-06,2025,06,2,2,0,0
"Setor de Contas a Receber, Faturamento e Fiscalização - SECREF/FASCAL",2025-06,2025,06,2,2,0,0
Setor de Contratos e Aquisições - SECONT,2025-06,2025,06,2,2,0,0
Setor de Desenvolvimento de Pessoas - SEDEP,2025-06,2025,06,1,1,0,0
Setor de Finanças - SEFIN,2025-06,2025,06,4,4,0,0
Setor de Inovação e Tecnologia da Informação - SEINOVA,2025-06,2025,06,2,2,0,0
"Setor de Orçamento, Finanças e Contabilidade - SOFC",2025-06,2025,06,3,3,0,0
Setor de Pagamento de Pessoal - SEPAG,2025-06,2025,06,2,2,0,0
Setor de Planejamento e Avaliação Orçamentária - SEPLA,2025-06,2025,06,1,1,0,0
Setor de Serviços Auxiliares - SEAUX,2025-06,2025,06,1,1,0,0
Setor de apoio ao plenário - SAPLE,2025-06,2025,06,2,2,0,0
Seção de Administração de Sistemas - SEASI,2025-06,2025,06,3,3,0,0
Seção de Elaboração Orçamentária - SEORC,2025-06,2025,06,2,2,0,0
"Unidade Desenvolvimento Urbano, Rural e Meio Ambiente - UDA",2025-06,2025,06,10,10,0,0
Unidade de Constituição e Justiça - UCJ,2025-06,2025,06,8,8,0,0
"Unidade de Processo Legislativo Orçamentário, Finanças, Transparência, Tributação, Regulação, Desenvolvimento Econômico, Ciência e Tecnologia - UEOF",2025-06,2025,06,7,7,0,0
"Unidade de Saúde, Educação, Cultura e Desenvolvimento Científico e Tecnológico - USE",2025-06,2025,06,5,5,0,0
Auditoria Interna - AUDIT,2025-07,2025,07,3,3,0,0
Comissão de Assuntos Sociais,2025-07,2025,07,1,1,0,0
"Comissão de Economia, Orçamento e Finanças - CEOF",2025-07,2025,07,2,2,0,0
Diretoria de Comunicação Social - DICOM,2025-07,2025,07,1,1,0,0
Gabinete da Mesa Diretoria - GMD,2025-07,2025,07,2,2,0,0
Gabinete da Terceira Secretaria - GTS,2025-07,2025,07,3,3,0,0
Núcleo de Gestão Patrimonial - NUGEP,2025-07,2025,07,1,1,0,0
Secretaria Legislativa - SELEG,2025-07,2025,07,1,1,0,0
Setor de Contratos e Aquisições - SECONT,2025-07,2025,07,2,2,0,0
Setor de Serviços Auxiliares,2025-07,2025,07,1,1,0,0
Setor de apoio ao plenário - SAPLE,2025-07,2025,07,2,2,0,0
,2025-08,2025,08,1,0,0,0
?COMISSÃO DE ASSUNTOS SOCIAIS - CAS,2025-08,2025,08,1,1,0,0
Assessoria Técnica de Engenharia e Arquitetura - ASTEA,2025-08,2025,08,2,2,0,0
Assessoria de Governança Legislativa e Gestão Estratégica - ASSEGE,2025-08,2025,08,3,3,0,0
Auditoria Interna - AUDIT,2025-08,2025,08,3,3,0,0
Comissão Permanente de Contratação - CPC,2025-08,2025,08,1,1,0,0
Comissão de Constituição e Justiça - CCJ,2025-08,2025,08,3,3,0,0
"Comissão de Economia, Orçamento e Finanças - CEOF",2025-08,2025,08,2,2,0,0
Comissão de Educação e Cultura - CEC,2025-08,2025,08,1,1,0,0
"Comissão de Fiscalização, Governança, Transparência Controle - CFGTC",2025-08,2025,08,2,2,0,0
Consultoria Legislativa - CONLEGIS,2025-08,2025,08,3,3,0,0
Diretoria de Administração e Finanças - DAF,2025-08,2025,08,2,2,0,0
Diretoria de Comunicação Social - DICOM,2025-08,2025,08,1,1,0,0
Diretoria de Gestão de Pessoas - DGP,2025-08,2025,08,4,4,0,0
Gabinete da Mesa Diretoria - GMD,2025-08,2025,08,2,2,0,0
Gabinete da Segunda Secretaria - GSS,2025-08,2025,08,4,4,0,0
Gabinete da Terceira Secretaria - GTS,2025-08,2025,08,3,3,0,0
Núcleo de Apoio Logístico - NUAL,2025-08,2025,08,1,1,0,0
Núcleo de Carreira e Desempenho - NCAD,2025-08,2025,08,1,1,0,0
Núcleo de Comunicação Organizacional - NCO,2025-08,2025,08,1,1,0,0
Núcleo de Gestão Patrimonial - NUGEP,2025-08,2025,08,1,1,0,0
Núcleo de Jornalismo - NJ,2025-08,2025,08,5,5,0,0
Núcleo de Publicidade Legal - NPLE,2025-08,2025,08,6,6,0,0
Ouvidoria,2025-08,2025,08,4,4,0,0
Secretaria Legislativa - SELEG,2025-08,2025,08,1,1,0,0
Setor de Apoio às Comissões Permanentes - SACP,2025-08,2025,08,6,6,0,0
Setor de Apoio às Comissões Temporárias - SACT,2025-08,2025,08,3,3,0,0
Setor de Assistência Social e Qualidade de Vida no Trabalho- SASQ,2025-08,2025,08,2,2,0,0
Setor de Ata e Súmula - SEAS,2025-08,2025,08,7,7,0,0
Setor de Auditoria Médica - SAM,2025-08,2025,08,8,8,0,0
Setor de Cadastro Parlamentar e de Cargos Comissionados - SECAD,2025-08,2025,08,2,2,0,0
Setor de Contabilidade - SECON,2025-08,2025,08,2,2,0,0
"Setor de Contas a Receber, Faturamento e Fiscalização - SECREF/FASCAL",2025-08,2025,08,2,2,0,0
Setor de Contratos e Aquisições - SECONT,2025-08,2025,08,2,2,0,0
Setor de Elaboração Orçamentária - SEORC,2025-08,2025,08,2,2,0,0
Setor de Execução Orçamentária - SEO,2025-08,2025,08,3,3,0,0
Setor de Finanças - SEFIN,2025-08,2025,08,4,4,0,0
Setor de Inovação e Tecnologia da Informação - SEINOVA,2025-08,2025,08,1,1,0,0
Setor de Pagamento de Pessoal - SEPAG,2025-08,2025,08,3,3,0,0
Setor de Planejamento e Avaliação Orçamentária - SEPLA,2025-08,2025,08,1,1,0,0
Setor de Registro e Redação Legislativa - SEREL,2025-08,2025,08,3,3,0,0
Setor de Serviços Auxiliares - SEAUX,2025-08,2025,08,1,0,0,0
Setor de apoio ao plenário - SAPLE,2025-08,2025,08,2,2,0,0
Seção de Administração de Sistemas - SEASI,2025-08,2025,08,4,4,0,0
"Unidade Desenvolvimento Urbano, Rural e Meio Ambiente - UDA",2025-08,2025,08,9,9,0,0
Unidade de Constituição e Justiça - UCJ,2025-08,2025,08,10,10,0,0
"Unidade de Processo Legislativo Orçamentário, Finanças, Transparência, Tributação, Regulação, Desenvolvimento Econômico, Ciência e Tecnologia - UEOF",2025-08,2025,08,9,9,0,0
"Unidade de Saúde, Educação, Cultura e Direitos Humanos - USE",2025-08,2025,08,7,7,0,0
?COMISSÃO DE ASSUNTOS SOCIAIS - CAS,2025-09,2025,09,1,1,0,0
Assessoria Técnica de Engenharia e Arquitetura - ASTEA,2025-09,2025,09,2,2,0,0
Assessoria de Governança Legislativa e Gestão Estratégica - ASSEGE,2025-09,2025,09,3,3,0,0
Auditoria Interna - AUDIT,2025-09,2025,09,3,3,0,0
Comissão Permanente de Contratação - CPC,2025-09,2025,09,1,1,0,0
Comissão de Constituição e Justiça - CCJ,2025-09,2025,09,3,3,0,0
"Comissão de Economia, Orçamento e Finanças - CEOF",2025-09,2025,09,2,2,0,0
Comissão de Educação e Cultura - CEC,2025-09,2025,09,2,2,0,0
"Comissão de Fiscalização, Governança, Transparência Controle - CFGTC",2025-09,2025,09,2,2,0,0
Comissão de Processo Disciplinar e Tomada de Contas Especial - CPTCE,2025-09,2025,09,4,4,0,0
Consultoria Legislativa - CONLEGIS,2025-09,2025,09,2,2,0,0
Diretoria de Administração e Finanças - DAF,2025-09,2025,09,2,2,0,0
Diretoria de Comunicação Social - DICOM,2025-09,2025,09,1,1,0,0
Diretoria de Gestão de Pessoas - DGP,2025-09,2025,09,4,4,0,0
Escola do Legislativo - ELEGIS,2025-09,2025,09,1,1,0,0
Gabinete da Mesa Diretoria - GMD,2025-09,2025,09,2,2,0,0
Gabinete da Segunda Secretaria - GSS,2025-09,2025,09,4,4,0,0
Gabinete da Terceira Secretaria - GTS,2025-09,2025,09,3,3,0,0
Núcleo de Apoio Logístico - NUAL,2025-09,2025,09,1,1,0,0
Núcleo de Carreira e Desempenho - NCAD,2025-09,2025,09,1,1,0,0
Núcleo de Comunicação Organizacional - NCO,2025-09,2025,09,1,1,0,0
Núcleo de Gestão Patrimonial - NUGEP,2025-09,2025,09,1,1,0,0
Núcleo de Jornalismo - NJ,2025-09,2025,09,5,5,0,0
Núcleo de Produção - NROD,2025-09,2025,09,1,1,0,0
Núcleo de Publicidade Legal - NPLE,2025-09,2025,09,5,5,0,0
Ouvidoria,2025-09,2025,09,4,4,0,0
Setor de Apoio às Comissões Permanentes - SACP,2025-09,2025,09,5,5,0,0
Setor de Apoio às Comissões Temporárias - SACT,2025-09,2025,09,3,3,0,0
Setor de Assistência Social e Qualidade de Vida no Trabalho- SASQ,2025-09,2025,09,2,2,0,0
Setor de Ata e Súmula - SEAS,2025-09,2025,09,7,7,0,0
Setor de Auditoria Médica - SAM,2025-09,2025,09,8,8,0,0
Setor de Cadastro Parlamentar e de Cargos Comissionados - SECAD,2025-09,2025,09,2,2,0,0
Setor de Contabilidade - SECON,2025-09,2025,09,2,2,0,0
"Setor de Contas a Receber, Faturamento e Fiscalização - SECREF/FASCAL",2025-09,2025,09,1,1,0,0
Setor de Contratos e Aquisições - SECONT,2025-09,2025,09,2,2,0,0
Setor de Desenvolvimento de Pessoas - SEDEP,2025-09,2025,09,1,1,0,0
Setor de Elaboração Orçamentária - SEORC,2025-09,2025,09,2,2,0,0
Setor de Execução Orçamentária - SEO,2025-09,2025,09,2,2,0,0
Setor de Finanças - SEFIN,2025-09,2025,09,3,3,0,0
Setor de Inovação e Tecnologia da Informação - SEINOVA,2025-09,2025,09,1,1,0,0
"Setor de Orçamento, Finanças e Contabilidade - SOFC",2025-09,2025,09,5,5,0,0
Setor de Pagamento de Pessoal - SEPAG,2025-09,2025,09,3,3,0,0
Setor de Planejamento e Avaliação Orçamentária - SEPLA,2025-09,2025,09,1,1,0,0
Setor de Registro e Redação Legislativa - SEREL,2025-09,2025,09,6,6,0,0
Setor de Serviços Auxiliares - SEAUX,2025-09,2025,09,1,0,0,0
Setor de apoio ao plenário - SAPLE,2025-09,2025,09,2,2,0,0
Seção de Administração de Sistemas - SEASI,2025-09,2025,09,2,2,0,0
"Unidade Desenvolvimento Urbano, Rural e Meio Ambiente - UDA",2025-09,2025,09,9,9,0,0
Unidade de Constituição e Justiça - UCJ,2025-09,2025,09,10,10,0,0
"Unidade de Fiscalização, Governança, Transparência e Controle - UCF",2025-09,2025,09,1,1,0,0
"Unidade de Processo Legislativo Orçamentário, Finanças, Transparência, Tributação, Regulação, Desenvolvimento Econômico, Ciência e Tecnologia - UEOF",2025-09,2025,09,9,9,0,0
"Unidade de Saúde, Educação, Cultura e Direitos Humanos - USE",2025-09,2025,09,7,7,0,0
"Unidade de Tecnologia Aplicada, Ciência de Dados e Inteligência Artificial - UCT",2025-09,2025,09,1,1,0,0
?COMISSÃO DE ASSUNTOS SOCIAIS - CAS,2025-10,2025,10,1,1,0,0
Assessoria Técnica de Engenharia e Arquitetura - ASTEA,2025-10,2025,10,2,2,0,0
Assessoria de Governança Legislativa e Gestão Estratégica - ASSEGE,2025-10,2025,10,3,3,0,0
Auditoria Interna - AUDIT,2025-10,2025,10,3,3,0,0
Comissão Permanente de Contratação - CPC,2025-10,2025,10,1,1,0,0
Comissão de Constituição e Justiça - CCJ,2025-10,2025,10,3,3,0,0
"Comissão de Economia, Orçamento e Finanças - CEOF",2025-10,2025,10,2,2,0,0
Comissão de Educação e Cultura - CEC,2025-10,2025,10,2,2,0,0
"Comissão de Fiscalização, Governança, Transparência Controle - CFGTC",2025-10,2025,10,2,2,0,0
Comissão de Processo Disciplinar e Tomada de Contas Especial - CPTCE,2025-10,2025,10,4,4,0,0
Diretoria de Administração e Finanças - DAF,2025-10,2025,10,2,2,0,0
Diretoria de Comunicação Social - DICOM,2025-10,2025,10,1,1,0,0
Diretoria de Gestão de Pessoas - DGP,2025-10,2025,10,3,3,0,0
Gabinete da Mesa Diretoria - GMD,2025-10,2025,10,2,2,0,0
Gabinete da Segunda Secretaria - GSS,2025-10,2025,10,3,3,0,0
Gabinete da Terceira Secretaria - GTS,2025-10,2025,10,3,3,0,0
Núcleo de Apoio Logístico - NUAL,2025-10,2025,10,1,1,0,0
Núcleo de Carreira e Desempenho - NCAD,2025-10,2025,10,1,1,0,0
Núcleo de Comunicação Organizacional - NCO,2025-10,2025,10,1,1,0,0
Núcleo de Gestão Patrimonial - NUGEP,2025-10,2025,10,1,1,0,0
Núcleo de Jornalismo - NJ,2025-10,2025,10,5,5,0,0
Núcleo de Produção - NPROD,2025-10,2025,10,1,1,0,0
Núcleo de Publicidade Legal - NPLE,2025-10,2025,10,5,5,0,0
Ouvidoria,2025-10,2025,10,4,4,0,0
Setor de Apoio às Comissões Permanentes - SACP,2025-10,2025,10,5,5,0,0
Setor de Apoio às Comissões Temporárias - SACT,2025-10,2025,10,3,3,0,0
Setor de Assistência Social e Qualidade de Vida no Trabalho- SASQ,2025-10,2025,10,2,2,0,0
Setor de Ata e Súmula - SEAS,2025-10,2025,10,7,7,0,0
Setor de Auditoria Médica - SAM,2025-10,2025,10,10,10,0,0
Setor de Cadastro Parlamentar e de Cargos Comissionados - SECAD,2025-10,2025,10,2,2,0,0
Setor de Contabilidade - SECON,2025-10,2025,10,2,2,0,0
"Setor de Contas a Receber, Faturamento e Fiscalização - SECREF/FASCAL",2025-10,2025,10,2,2,0,0
Setor de Contratos e Aquisições - SECONT,2025-10,2025,10,2,2,0,0
Setor de Desenvolvimento de Pessoas - SEDEP,2025-10,2025,10,1,1,0,0
Setor de Elaboração Orçamentária - SEORC,2025-10,2025,10,2,2,0,0
Setor de Execução Orçamentária - SEO,2025-10,2025,10,2,2,0,0
Setor de Finanças - SEFIN,2025-10,2025,10,3,3,0,0
Setor de Inovação e Tecnologia da Informação - SEINOVA,2025-10,2025,10,1,1,0,0
"Setor de Orçamento, Finanças e Contabilidade - SOFC",2025-10,2025,10,5,5,0,0
Setor de Pagamento de Pessoal - SEPAG,2025-10,2025,10,3,3,0,0
Setor de Planejamento e Avaliação Orçamentária - SEPLA,2025-10,2025,10,1,1,0,0
Setor de Registro e Redação Legislativa - SEREL,2025-10,2025,10,5,5,0,0
Setor de Serviços Auxiliares - SEAUX,2025-10,2025,10,1,1,0,0
Setor de apoio ao plenário - SAPLE,2025-10,2025,10,2,2,0,0
Seção de Administração de Sistemas - SEASI,2025-10,2025,10,3,3,0,0
"Unidade Desenvolvimento Urbano, Rural e Meio Ambiente - UDA",2025-10,2025,10,8,8,0,0
Unidade de Constituição e Justiça - UCJ,2025-10,2025,10,10,10,0,0
"Unidade de Fiscalização, Governança, Transparência e Controle - UCF",2025-10,2025,10,1,1,0,0
"Unidade de Processo Legislativo Orçamentário, Finanças, Transparência, Tributação, Regulação, Desenvolvimento Econômico, Ciência e Tecnologia - UEOF",2025-10,2025,10,9,9,0,0
"Unidade de Saúde, Educação, Cultura e Direitos Humanos - USE",2025-10,2025,10,7,7,0,0
"Unidade de Tecnologia Aplicada, Ciência de Dados e Inteligência Artificial - UCT",2025-10,2025,10,1,1,0,0
Assessoria Técnica de Engenharia e Arquitetura - ASTEA,2025-11,2025,11,2,2,0,0
Assessoria de Governança Legislativa e Gestão Estratégica - ASSEGE,2025-11,2025,11,3,3,0,0
Auditoria Interna - AUDIT,2025-11,2025,11,3,3,0,0
Comissão Permanente de Contratação - CPC,2025-11,2025,11,1,1,0,0
Comissão de Constituição e Justiça - CCJ,2025-11,2025,11,3,3,0,0
"Comissão de Economia, Orçamento e Finanças - CEOF",2025-11,2025,11,2,2,0,0
Comissão de Educação e Cultura - CEC,2025-11,2025,11,2,2,0,0
Comissão de Processo Disciplinar e Tomada de Contas Especial - CPTCE,2025-11,2025,11,4,4,0,0
Diretoria de Administração e Finanças - DAF,2025-11,2025,11,2,2,0,0
Diretoria de Comunicação Social - DICOM,2025-11,2025,11,1,1,0,0
Diretoria de Gestão de Pessoas - DGP,2025-11,2025,11,4,4,0,0
Gabinete da Mesa Diretoria - GMD,2025-11,2025,11,2,2,0,0
Gabinete da Segunda Secretaria - GSS,2025-11,2025,11,3,3,0,0
Gabinete da Terceira Secretaria - GTS,2025-11,2025,11,3,3,0,0
Núcleo de Apoio Logístico - NUAL,2025-11,2025,11,1,1,0,0
Núcleo de Carreira e Desempenho - NCAD,2025-11,2025,11,1,1,0,0
Núcleo de Comunicação Organizacional - NCO,2025-11,2025,11,1,1,0,0
Núcleo de Gestão Patrimonial - NUGEP,2025-11,2025,11,1,1,0,0
Núcleo de Jornalismo - NJ,2025-11,2025,11,4,4,0,0
Núcleo de Produção - NPROD,2025-11,2025,11,1,1,0,0
Núcleo de Publicidade Legal - NPLE,2025-11,2025,11,5,5,0,0
Ouvidoria,2025-11,2025,11,4,4,0,0
Setor de Apoio às Comissões Permanentes - SACP,2025-11,2025,11,6,6,0,0
Setor de Apoio às Comissões Temporárias - SACT,2025-11,2025,11,3,3,0,0
Setor de Assistência Social e Qualidade de Vida no Trabalho- SASQ,2025-11,2025,11,3,3,0,0
Setor de Ata e Súmula - SEAS,2025-11,2025,11,7,7,0,0
Setor de Auditoria Médica - SAM,2025-11,2025,11,9,9,0,0
Setor de Cadastro Parlamentar e de Cargos Comissionados - SECAD,2025-11,2025,11,2,2,0,0
Setor de Contabilidade - SECON,2025-11,2025,11,2,2,0,0
"Setor de Contas a Receber, Faturamento e Fiscalização - SECREF/FASCAL",2025-11,2025,11,2,2,0,0
Setor de Contratos e Aquisições - SECONT,2025-11,2025,11,3,3,0,0
Setor de Desenvolvimento de Pessoas - SEDEP,2025-11,2025,11,1,1,0,0
Setor de Elaboração Orçamentária - SEORC,2025-11,2025,11,1,1,0,0
Setor de Execução Orçamentária - SEO,2025-11,2025,11,2,2,0,0
Setor de Finanças - SEFIN,2025-11,2025,11,3,3,0,0
Setor de Inovação e Tecnologia da Informação - SEINOVA,2025-11,2025,11,1,1,0,0
"Setor de Orçamento, Finanças e Contabilidade - SOFC",2025-11,2025,11,4,4,0,0
Setor de Pagamento de Pessoal - SEPAG,2025-11,2025,11,3,3,0,0
Setor de Planejamento e Avaliação Orçamentária - SEPLA,2025-11,2025,11,1,1,0,0
Setor de Registro e Redação Legislativa - SEREL,2025-11,2025,11,5,5,0,0
Setor de Serviços Auxiliares - SEAUX,2025-11,2025,11,1,1,0,0
Setor de apoio ao plenário - SAPLE,2025-11,2025,11,2,2,0,0
Seção de Administração de Sistemas - SEASI,2025-11,2025,11,3,3,0,0
"Unidade Desenvolvimento Urbano, Rural e Meio Ambiente - UDA",2025-11,2025,11,8,8,0,0
Unidade de Constituição e Justiça - UCJ,2025-11,2025,11,10,10,0,0
"Unidade de Fiscalização, Governança, Transparência e Controle - UCF",2025-11,2025,11,1,1,0,0
"Unidade de Processo Legislativo Orçamentário, Finanças, Transparência, Tributação, Regulação, Desenvolvimento Econômico, Ciência e Tecnologia - UEOF",2025-11,2025,11,8,8,0,0
"Unidade de Saúde, Educação, Cultura e Direitos Humanos - USE",2025-11,2025,11,5,5,0,0
"Unidade de Tecnologia Aplicada, Ciência de Dados e Inteligência Artificial - UCT",2025-11,2025,11,1,1,0,0
Assessoria Técnica de Engenharia e Arquitetura - ASTEA,2025-12,2025,12,2,2,0,0
Assessoria de Governança Legislativa e Gestão Estratégica - ASSEGE,2025-12,2025,12,3,3,0,0
Auditoria Interna - AUDIT,2025-12,2025,12,3,3,0,0
Comissão Permanente de Contratação - CPC,2025-12,2025,12,1,1,0,0
Comissão de Constituição e Justiça - CCJ,2025-12,2025,12,2,2,0,0
"Comissão de Economia, Orçamento e Finanças - CEOF",2025-12,2025,12,2,2,0,0
Comissão de Educação e Cultura - CEC,2025-12,2025,12,1,1,0,0
Comissão de Processo Disciplinar e Tomada de Contas Especial - CPTCE,2025-12,2025,12,1,1,0,0
Diretoria de Administração e Finanças - DAF,2025-12,2025,12,3,3,0,0
Diretoria de Comunicação Social - DICOM,2025-12,2025,12,1,1,0,0
Diretoria de Gestão de Pessoas - DGP,2025-12,2025,12,4,4,0,0
Gabinete da Mesa Diretoria - GMD,2025-12,2025,12,2,2,0,0
Gabinete da Segunda Secretaria - GSS,2025-12,2025,12,3,3,0,0
Gabinete da Terceira Secretaria - GTS,2025-12,2025,12,2,2,0,0
Núcleo de Carreira e Desempenho - NCAD,2025-12,2025,12,1,1,0,0
Núcleo de Comunicação Organizacional - NCO,2025-12,2025,12,1,1,0,0
Núcleo de Gestão Patrimonial - NUGEP,2025-12,2025,12,1,1,0,0
Núcleo de Jornalismo - NJ,2025-12,2025,12,5,5,0,0
Núcleo de Produção - NPROD,2025-12,2025,12,1,1,0,0
Núcleo de Publicidade Legal - NPLE,2025-12,2025,12,5,5,0,0
Ouvidoria,2025-12,2025,12,4,4,0,0
Setor de Apoio às Comissões Permanentes - SACP,2025-12,2025,12,6,6,0,0
Setor de Apoio às Comissões Temporárias - SACT,2025-12,2025,12,3,3,0,0
Setor de Assistência Social e Qualidade de Vida no Trabalho- SASQ,2025-12,2025,12,3,3,0,0
Setor de Ata e Súmula - SEAS,2025-12,2025,12,7,7,0,0
Setor de Auditoria Médica - SAM,2025-12,2025,12,7,7,0,0
Setor de Cadastro Parlamentar e de Cargos Comissionados - SECAD,2025-12,2025,12,2,2,0,0
Setor de Contabilidade - SECON,2025-12,2025,12,1,1,0,0
"Setor de Contas a Receber, Faturamento e Fiscalização - SECREF/FASCAL",2025-12,2025,12,1,1,0,0
Setor de Contratos e Aquisições - SECONT,2025-12,2025,12,3,3,0,0
Setor de Desenvolvimento de Pessoas - SEDEP,2025-12,2025,12,1,1,0,0
Setor de Elaboração Orçamentária - SEORC,2025-12,2025,12,2,2,0,0
Setor de Execução Orçamentária - SEO,2025-12,2025,12,2,2,0,0
Setor de Finanças - SEFIN,2025-12,2025,12,1,1,0,0
Setor de Inovação e Tecnologia da Informação - SEINOVA,2025-12,2025,12,1,1,0,0
"Setor de Orçamento, Finanças e Contabilidade - SOFC",2025-12,2025,12,3,3,0,0
Setor de Pagamento de Pessoal - SEPAG,2025-12,2025,12,3,3,0,0
Setor de Planejamento e Avaliação Orçamentária - SEPLA,2025-12,2025,12,1,1,0,0
Setor de Registro e Redação Legislativa - SEREL,2025-12,2025,12,2,2,0,0
Setor de Serviços Auxiliares - SEAUX,2025-12,2025,12,1,1,0,0
Setor de apoio ao plenário - SAPLE,2025-12,2025,12,2,2,0,0
Seção de Administração de Sistemas - SEASI,2025-12,2025,12,3,3,0,0
"Unidade Desenvolvimento Urbano, Rural e Meio Ambiente - UDA",2025-12,2025,12,8,8,0,0
Unidade de Constituição e Justiça - UCJ,2025-12,2025,12,9,9,0,0
"Unidade de Processo Legislativo Orçamentário, Finanças, Transparência, Tributação, Regulação, Desenvolvimento Econômico, Ciência e Tecnologia - UEOF",2025-12,2025,12,8,8,0,0
"Unidade de Saúde, Educação, Cultura e Direitos Humanos - USE",2025-12,2025,12,4,4,0,0
CAS,2026-01,2026,01,1,1,0,0
CEOF,2026-01,2026,01,1,1,0,0
CPC,2026-01,2026,01,1,1,0,0
NJ,2026-01,2026,01,1,1,0,0
NPLE,2026-01,2026,01,5,5,0,0
NUGEP,2026-01,2026,01,1,1,0,0
SAPLE,2026-01,2026,01,2,2,0,0
SEAUX,2026-01,2026,01,1,1,0,0
SEINOVA,2026-01,2026,01,1,1,0,0
USE,2026-01,2026,01,1,1,0,0
ASSEGE,2026-02,2026,02,2,2,0,0
ASTEA,2026-02,2026,02,3,3,0,0
AUDIT,2026-02,2026,02,5,5,0,0
CCJ,2026-02,2026,02,2,2,0,0
CEC,2026-02,2026,02,1,1,0,0
CEOF,2026-02,2026,02,2,2,0,0
CONOFIS,2026-02,2026,02,1,1,0,0
CPC,2026-02,2026,02,1,1,0,0
CPTCE,2026-02,2026,02,1,1,0,0
DAF,2026-02,2026,02,4,4,0,0
DGP,2026-02,2026,02,4,4,0,0
DICOM,2026-02,2026,02,1,1,0,0
FASCAL,2026-02,2026,02,1,1,0,0
GSS,2026-02,2026,02,1,1,0,0
GTS,2026-02,2026,02,1,1,0,0
NCAD,2026-02,2026,02,2,2,0,0
NCO,2026-02,2026,02,1,1,0,0
NCONT,2026-02,2026,02,1,1,0,0
NFOPAG,2026-02,2026,02,1,1,0,0
NGED,2026-02,2026,02,1,1,0,0
NGG,2026-02,2026,02,1,1,0,0
NGPE,2026-02,2026,02,1,1,0,0
NJ,2026-02,2026,02,5,5,0,0
NPLE,2026-02,2026,02,6,6,0,0
NPROD,2026-02,2026,02,1,1,0,0
NUAFP,2026-02,2026,02,2,2,0,0
NUAGMD,2026-02,2026,02,2,2,0,0
NUAO,2026-02,2026,02,1,1,0,0
NUCOD,2026-02,2026,02,2,2,0,0
NUCONT,2026-02,2026,02,1,1,0,0
NUDEA,2026-02,2026,02,1,1,0,0
NUFREQ,2026-02,2026,02,2,2,0,0
NUGEP,2026-02,2026,02,1,1,0,0
NUINP,2026-02,2026,02,2,2,0,0
NUMAC,2026-02,2026,02,1,1,0,0
NUORF,2026-02,2026,02,1,1,0,0
NUPEX,2026-02,2026,02,1,1,0,0
NUPLQ,2026-02,2026,02,1,1,0,0
OUV,2026-02,2026,02,7,7,0,0
SACP,2026-02,2026,02,6,6,0,0
SACT,2026-02,2026,02,2,2,0,0
SAM,2026-02,2026,02,8,8,0,0
SAPLE,2026-02,2026,02,2,2,0,0
SASQ,2026-02,2026,02,2,2,0,0
SEAS,2026-02,2026,02,8,8,0,0
SEASI,2026-02,2026,02,3,3,0,0
SEAUX,2026-02,2026,02,1,1,0,0
SECON,2026-02,2026,02,1,1,0,0
SECONT,2026-02,2026,02,1,1,0,0
SEFIN,2026-02,2026,02,2,2,0,0
SEINOVA,2026-02,2026,02,1,1,0,0
SEO,2026-02,2026,02,1,1,0,0
SEORC,2026-02,2026,02,2,2,0,0
SEPAG,2026-02,2026,02,2,2,0,0
SEREL,2026-02,2026,02,6,6,0,0
SOFC,2026-02,2026,02,1,1,0,0
UCJ,2026-02,2026,02,7,7,0,0
UDA,2026-02,2026,02,9,9,0,0
UEOF,2026-02,2026,02,9,9,0,0
URP,2026-02,2026,02,1,1,0,0
USE,2026-02,2026,02,6,6,0,0
ASSEGE,2026-03,2026,03,2,2,2,0
ASTEA,2026-03,2026,03,3,3,3,0
AUDIT,2026-03,2026,03,5,5,5,0
CAS,2026-03,2026,03,1,1,1,0
CCJ,2026-03,2026,03,3,3,3,0
CEC,2026-03,2026,03,1,1,1,0
CEOF,2026-03,2026,03,2,2,2,0
CONLEGIS,2026-03,2026,03,1,1,1,0
CONOFIS,2026-03,2026,03,1,1,1,0
CPC,2026-03,2026,03,1,1,1,0
CPTCE,2026-03,2026,03,1,1,1,0
DAF,2026-03,2026,03,4,4,4,0
DGP,2026-03,2026,03,4,4,4,0
DICOM,2026-03,2026,03,1,1,1,0
FASCAL,2026-03,2026,03,1,1,1,0
GPS,2026-03,2026,03,1,1,1,0
GSS,2026-03,2026,03,3,3,3,0
GTS,2026-03,2026,03,2,2,2,0
NCAD,2026-03,2026,03,2,2,2,0
NCO,2026-03,2026,03,1,1,1,0
NCONT,2026-03,2026,03,1,1,1,0
NFOPAG,2026-03,2026,03,1,1,1,0
NGED,2026-03,2026,03,1,1,1,0
NGG,2026-03,2026,03,1,1,1,0
NGPE,2026-03,2026,03,1,1,1,0
NIF,2026-03,2026,03,1,1,1,0
NJ,2026-03,2026,03,5,5,5,0
NPLE,2026-03,2026,03,6,6,6,0
NPROD,2026-03,2026,03,3,3,3,0
NUAFP,2026-03,2026,03,2,2,2,0
NUAGMD,2026-03,2026,03,2,2,2,0
NUAL,2026-03,2026,03,1,1,0,0
NUAO,2026-03,2026,03,1,1,1,0
NUAV,2026-03,2026,03,1,1,1,0
NUCOD,2026-03,2026,03,2,2,2,0
NUCONT,2026-03,2026,03,1,1,1,0
NUDEA,2026-03,2026,03,1,1,1,0
NUFREQ,2026-03,2026,03,2,2,2,0
NUGEP,2026-03,2026,03,1,1,1,0
NUINP,2026-03,2026,03,2,2,2,0
NUMAC,2026-03,2026,03,1,1,1,0
NUORF,2026-03,2026,03,1,1,1,0
NUPEX,2026-03,2026,03,1,1,1,0
NUPLQ,2026-03,2026,03,1,1,1,0
OUV,2026-03,2026,03,4,4,4,0
SACP,2026-03,2026,03,6,6,6,0
SACT,2026-03,2026,03,2,2,2,0
SAM,2026-03,2026,03,8,8,8,0
SAPLE,2026-03,2026,03,1,1,1,0
SASQ,2026-03,2026,03,2,2,2,0
SEAS,2026-03,2026,03,8,8,8,0
SEASI,2026-03,2026,03,3,3,3,0
SEAUX,2026-03,2026,03,1,1,1,0
SECON,2026-03,2026,03,1,1,1,0
SECONT,2026-03,2026,03,1,1,1,0
SEFIN,2026-03,2026,03,2,2,2,0
SEINOVA,2026-03,2026,03,1,1,1,0
SEO,2026-03,2026,03,2,2,2,0
SEORC,2026-03,2026,03,3,3,3,0
SEPAG,2026-03,2026,03,2,2,2,0
SEPLA,2026-03,2026,03,3,3,3,0
SEREL,2026-03,2026,03,32,32,32,0
SOFC,2026-03,2026,03,2,2,2,0
UCF,2026-03,2026,03,1,1,1,0
UCJ,2026-03,2026,03,9,9,9,0
UCO,2026-03,2026,03,1,1,1,0
UDA,2026-03,2026,03,9,9,9,0
UEOF,2026-03,2026,03,9,9,9,0
URP,2026-03,2026,03,1,1,1,0
USE,2026-03,2026,03,7,7,7,0
ASSEGE,2026-04,2026,04,2,2,2,0
ASTEA,2026-04,2026,04,3,3,3,0
AUDIT,2026-04,2026,04,5,5,5,0
CAS,2026-04,2026,04,1,1,1,0
CCJ,2026-04,2026,04,3,3,3,0
CEC,2026-04,2026,04,1,1,1,0
CEOF,2026-04,2026,04,2,2,2,0
CONLEGIS,2026-04,2026,04,1,1,1,0
CONOFIS,2026-04,2026,04,1,1,1,0
CPC,2026-04,2026,04,1,1,1,0
CPTCE,2026-04,2026,04,1,1,1,0
DAF,2026-04,2026,04,3,3,3,0
DGP,2026-04,2026,04,4,4,4,0
DICOM,2026-04,2026,04,1,1,1,0
GPS,2026-04,2026,04,1,1,1,0
GSS,2026-04,2026,04,3,3,3,0
GTS,2026-04,2026,04,2,2,2,0
NCAD,2026-04,2026,04,2,2,2,0
NCDMP,2026-04,2026,04,2,2,2,0
NCO,2026-04,2026,04,1,1,1,0
NCONT,2026-04,2026,04,1,1,1,0
NEP,2026-04,2026,04,1,1,1,0
NFOPAG,2026-04,2026,04,1,1,1,0
NGED,2026-04,2026,04,1,1,1,0
NGG,2026-04,2026,04,1,1,1,0
NGPE,2026-04,2026,04,1,1,1,0
NIF,2026-04,2026,04,1,1,1,0
NJ,2026-04,2026,04,5,5,5,0
NPLE,2026-04,2026,04,6,6,6,0
NPROD,2026-04,2026,04,3,3,3,0
NPROG,2026-04,2026,04,3,3,3,0
NRI,2026-04,2026,04,1,1,1,0
NUAFP,2026-04,2026,04,2,2,2,0
NUAGMD,2026-04,2026,04,2,2,2,0
NUAL,2026-04,2026,04,1,1,1,0
NUAO,2026-04,2026,04,1,1,1,0
NUAV,2026-04,2026,04,1,1,1,0
NUCOD,2026-04,2026,04,2,2,2,0
NUCONT,2026-04,2026,04,1,1,1,0
NUDEA,2026-04,2026,04,1,1,1,0
NUFAF,2026-04,2026,04,1,1,1,0
NUFREQ,2026-04,2026,04,2,2,2,0
NUGEP,2026-04,2026,04,1,1,1,0
NUINP,2026-04,2026,04,2,2,2,0
NUMAC,2026-04,2026,04,1,1,1,0
NUORF,2026-04,2026,04,1,1,1,0
NUPEX,2026-04,2026,04,1,1,1,0
NUPLQ,2026-04,2026,04,1,1,1,0
OUV,2026-04,2026,04,5,5,5,0
SACP,2026-04,2026,04,6,6,6,0
SACT,2026-04,2026,04,2,2,2,0
SAM,2026-04,2026,04,7,7,7,0
SAPLE,2026-04,2026,04,1,1,1,0
SASQ,2026-04,2026,04,2,2,2,0
SEAS,2026-04,2026,04,8,8,8,0
SEASI,2026-04,2026,04,3,3,3,0
SEAUX,2026-04,2026,04,1,1,1,0
SECON,2026-04,2026,04,1,1,1,0
SECONT,2026-04,2026,04,1,1,1,0
SEDEP,2026-04,2026,04,1,1,0,0
SEFIN,2026-04,2026,04,4,4,4,0
SEINOVA,2026-04,2026,04,1,1,1,0
SEO,2026-04,2026,04,2,2,2,0
SEORC,2026-04,2026,04,3,3,3,0
SEPAG,2026-04,2026,04,2,2,2,0
SEPLA,2026-04,2026,04,3,3,3,0
SEREL,2026-04,2026,04,33,33,32,0
SOFC,2026-04,2026,04,2,2,2,0
UCF,2026-04,2026,04,2,2,2,0
UCJ,2026-04,2026,04,9,9,9,0
UCO,2026-04,2026,04,1,1,1,0
UDA,2026-04,2026,04,9,9,9,0
UEOF,2026-04,2026,04,9,9,9,0
URP,2026-04,2026,04,1,1,1,0
USE,2026-04,2026,04,7,7,7,0
ASSEGE,2026-05,2026,05,2,2,2,0
ASTEA,2026-05,2026,05,3,3,3,0
AUDIT,2026-05,2026,05,4,3,4,0
CAS,2026-05,2026,05,1,1,1,0
CCJ,2026-05,2026,05,3,3,3,0
CDC,2026-05,2026,05,1,1,1,0
CEC,2026-05,2026,05,2,2,2,0
CEOF,2026-05,2026,05,2,2,2,0
CONLEGIS,2026-05,2026,05,1,1,0,0
CONOFIS,2026-05,2026,05,1,1,1,0
CPC,2026-05,2026,05,1,1,1,0
CPTCE,2026-05,2026,05,1,1,1,0
DAF,2026-05,2026,05,3,3,3,0
DGP,2026-05,2026,05,4,4,4,0
DICOM,2026-05,2026,05,1,1,1,0
GSS,2026-05,2026,05,3,3,3,0
NASC,2026-05,2026,05,1,1,1,0
NCAD,2026-05,2026,05,2,2,2,0
NCDMP,2026-05,2026,05,3,3,3,0
NCO,2026-05,2026,05,1,1,1,0
NCONT,2026-05,2026,05,1,1,1,0
NENF,2026-05,2026,05,3,3,3,0
NEP,2026-05,2026,05,1,1,1,0
NFOPAG,2026-05,2026,05,1,1,1,0
NGED,2026-05,2026,05,1,1,1,0
NGG,2026-05,2026,05,1,1,1,0
NGPE,2026-05,2026,05,1,1,1,0
NIF,2026-05,2026,05,1,1,1,0
NJ,2026-05,2026,05,4,4,4,0
NPE,2026-05,2026,05,1,1,1,0
NPLE,2026-05,2026,05,7,7,7,0
NPROD,2026-05,2026,05,3,3,3,0
NPROG,2026-05,2026,05,3,3,3,0
NRI,2026-05,2026,05,1,1,1,0
NUAFP,2026-05,2026,05,1,1,1,0
NUAGMD,2026-05,2026,05,2,2,2,0
NUAL,2026-05,2026,05,1,1,1,0
NUAO,2026-05,2026,05,1,1,1,0
NUAV,2026-05,2026,05,1,1,1,0
NUCOD,2026-05,2026,05,2,2,2,0
NUCONT,2026-05,2026,05,1,1,1,0
NUDEA,2026-05,2026,05,1,1,1,0
NUFAF,2026-05,2026,05,2,2,2,0
NUFREQ,2026-05,2026,05,2,2,2,0
NUGEP,2026-05,2026,05,1,1,1,0
NUINP,2026-05,2026,05,2,2,2,0
NUMAC,2026-05,2026,05,1,1,1,0
NUORF,2026-05,2026,05,1,1,1,0
NUPEX,2026-05,2026,05,1,1,1,0
NUPLQ,2026-05,2026,05,1,1,1,0
OUV,2026-05,2026,05,5,5,5,0
SACP,2026-05,2026,05,4,4,4,0
SACT,2026-05,2026,05,2,2,2,0
SAM,2026-05,2026,05,7,7,7,0
SASQ,2026-05,2026,05,2,2,2,0
SEAS,2026-05,2026,05,8,8,8,0
SEASI,2026-05,2026,05,3,3,3,0
SEAUX,2026-05,2026,05,1,1,1,0
SECON,2026-05,2026,05,1,1,1,0
SECONT,2026-05,2026,05,1,1,1,0
SEFIN,2026-05,2026,05,4,4,4,0
SEINOVA,2026-05,2026,05,1,1,1,0
SEO,2026-05,2026,05,3,3,3,0
SEORC,2026-05,2026,05,3,3,3,0
SEPAG,2026-05,2026,05,2,2,2,0
SEPLA,2026-05,2026,05,3,3,3,0
SEREL,2026-05,2026,05,33,33,33,0
SOFC,2026-05,2026,05,2,2,2,0
UCF,2026-05,2026,05,2,2,2,0
UCJ,2026-05,2026,05,9,9,9,0
UDA,2026-05,2026,05,9,9,9,0
UEOF,2026-05,2026,05,8,8,8,0
URP,2026-05,2026,05,1,1,1,0
USE,2026-05,2026,05,7,7,6,0
ASSEGE,2026-06,2026,06,2,2,2,0
ASTEA,2026-06,2026,06,3,3,3,0
AUDIT,2026-06,2026,06,5,5,5,0
CAS,2026-06,2026,06,1,1,1,0
CCJ,2026-06,2026,06,3,3,3,0
CDC,2026-06,2026,06,1,1,1,0
CEC,2026-06,2026,06,1,1,1,0
CEOF,2026-06,2026,06,2,2,2,0
CONLEGIS,2026-06,2026,06,1,1,1,0
CONOFIS,2026-06,2026,06,1,1,1,0
CPC,2026-06,2026,06,1,1,1,0
CPTCE,2026-06,2026,06,1,1,1,0
DAF,2026-06,2026,06,3,3,3,0
DGP,2026-06,2026,06,6,6,6,0
GSS,2026-06,2026,06,2,2,2,0
GTS,2026-06,2026,06,2,2,2,0
NCAD,2026-06,2026,06,2,2,2,0
NCDMP,2026-06,2026,06,3,3,3,0
NCO,2026-06,2026,06,1,1,1,0
NCONT,2026-06,2026,06,1,1,1,0
NDCL,2026-06,2026,06,5,5,5,0
NENF,2026-06,2026,06,3,3,3,0
NEP,2026-06,2026,06,1,1,1,0
NFOPAG,2026-06,2026,06,1,1,1,0
NGED,2026-06,2026,06,1,1,1,0
NGG,2026-06,2026,06,1,1,1,0
NGPE,2026-06,2026,06,1,1,1,0
NIF,2026-06,2026,06,1,1,1,0
NJ,2026-06,2026,06,4,4,4,0
NPE,2026-06,2026,06,1,1,1,0
NPLE,2026-06,2026,06,1,1,1,0
NPROD,2026-06,2026,06,3,3,3,0
NPROG,2026-06,2026,06,3,3,3,0
NRI,2026-06,2026,06,1,1,1,0
NUADM,2026-06,2026,06,1,1,1,0
NUAFP,2026-06,2026,06,1,1,1,0
NUAGMD,2026-06,2026,06,2,2,2,0
NUAL,2026-06,2026,06,1,1,1,0
NUAO,2026-06,2026,06,1,1,1,0
NUAV,2026-06,2026,06,1,1,1,0
NUCOD,2026-06,2026,06,2,2,2,0
NUCONT,2026-06,2026,06,1,1,1,0
NUCPLE,2026-06,2026,06,1,1,1,0
NUDEA,2026-06,2026,06,1,1,1,0
NUFAF,2026-06,2026,06,2,2,2,0
NUFREQ,2026-06,2026,06,2,2,2,0
NUGEP,2026-06,2026,06,1,1,1,0
NUINP,2026-06,2026,06,2,2,2,0
NUMAC,2026-06,2026,06,1,1,1,0
NUORF,2026-06,2026,06,1,1,1,0
NUPEX,2026-06,2026,06,1,1,1,0
NUPLQ,2026-06,2026,06,1,1,1,0
NUQVT,2026-06,2026,06,1,1,1,0
OUV,2026-06,2026,06,5,5,5,0
SACP,2026-06,2026,06,6,6,6,0
SACT,2026-06,2026,06,2,2,2,0
SAM,2026-06,2026,06,7,7,7,0
SASQ,2026-06,2026,06,1,1,1,0
SEAS,2026-06,2026,06,8,8,8,0
SEASI,2026-06,2026,06,2,2,2,0
SECON,2026-06,2026,06,1,1,1,0
SECONT,2026-06,2026,06,1,1,1,0
SEFIN,2026-06,2026,06,4,4,4,0
SEINOVA,2026-06,2026,06,1,1,1,0
SEO,2026-06,2026,06,3,3,3,0
SEORC,2026-06,2026,06,2,2,2,0
SEPAG,2026-06,2026,06,2,2,2,0
SEPLA,2026-06,2026,06,3,3,3,0
SEREL,2026-06,2026,06,28,28,28,0
SOFC,2026-06,2026,06,2,2,2,0
UCF,2026-06,2026,06,2,2,2,0
UCJ,2026-06,2026,06,9,9,9,0
UDA,2026-06,2026,06,10,10,10,0
UEOF,2026-06,2026,06,9,9,9,0
URP,2026-06,2026,06,1,1,1,0
USE,2026-06,2026,06,7,7,7,0
ASTEA,2026-07,2026,07,1,1,0,0
AUDIT,2026-07,2026,07,5,5,0,0
CAS,2026-07,2026,07,1,1,0,0
CEOF,2026-07,2026,07,1,1,0,0
CPC,2026-07,2026,07,1,1,0,0
CPTCE,2026-07,2026,07,1,1,0,0
DAF,2026-07,2026,07,3,3,0,0
DGP,2026-07,2026,07,3,3,0,0
GSS,2026-07,2026,07,1,1,0,0
GTS,2026-07,2026,07,2,2,0,0
NCAD,2026-07,2026,07,1,1,0,0
NCD,2026-07,2026,07,2,2,0,0
NCI,2026-07,2026,07,1,1,0,0
NENF,2026-07,2026,07,3,3,0,0
NEP,2026-07,2026,07,1,1,0,0
NFOPAG,2026-07,2026,07,1,1,0,0
NGED,2026-07,2026,07,1,1,0,0
NJ,2026-07,2026,07,4,4,0,0
NPE,2026-07,2026,07,1,1,0,0
NPROG,2026-07,2026,07,1,1,0,0
NRI,2026-07,2026,07,1,1,0,0
NUAFP,2026-07,2026,07,1,1,0,0
NUAV,2026-07,2026,07,1,1,0,0
NUDEA,2026-07,2026,07,1,1,0,0
NUFAF,2026-07,2026,07,2,2,0,0
NUFREQ,2026-07,2026,07,2,2,0,0
NUGEP,2026-07,2026,07,1,1,0,0
NUMAC,2026-07,2026,07,1,1,0,0
NUPEX,2026-07,2026,07,1,1,0,0
NUPLQ,2026-07,2026,07,1,1,0,0
NUQUALI,2026-07,2026,07,1,1,0,0
SACT,2026-07,2026,07,1,1,0,0
SAM,2026-07,2026,07,5,5,0,0
SASQ,2026-07,2026,07,1,1,0,0
SEAS,2026-07,2026,07,8,8,0,0
SEASI,2026-07,2026,07,1,1,0,0
SEINOVA,2026-07,2026,07,1,1,0,0
SEORC,2026-07,2026,07,1,1,0,0
SEPAG,2026-07,2026,07,1,1,0,0
SOFC,2026-07,2026,07,1,1,0,0
UCF,2026-07,2026,07,1,1,0,0
UCP,2026-07,2026,07,1,1,0,0
