ano,mes,data,deputado_na_fonte,chave,fornecedor,forma_do_registro_na_fonte,cnpj_fornecedor,numero_do_comprovante,valor_brl,classificacao_na_fonte,observacoes,as_of
2023,2023-05,2023-05-02,Deputado Joaquim Roriz Neto,JOAQUIM RORIZ NETO,FACEBOOK Serviços Online do Brasil LTDA,cnpj,13347016000117,62585175.0,500.00,Serviços Online,,2026-08-11T18:09:30
2023,2023-06,2023-06-02,Deputado Joaquim Roriz Neto,JOAQUIM RORIZ NETO,FACEBOOK Serviços Online do Brasil LTDA,cnpj,13347016000117,64250632.0,1000.00,Serviços Online,,2026-08-11T18:09:30
2023,2023-07,2023-07-02,Deputado Joaquim Roriz Neto,JOAQUIM RORIZ NETO,FACEBOOK,cnpj,13347016000117,64907639.0,1500.00,Serviços Online,,2026-08-11T18:09:30
2023,2023-04,2023-04-01,Deputado Joaquim Roriz Neto,JOAQUIM RORIZ NETO,MONOM - Monitoramento Digital LTDA,cnpj,48819584000158,,2500.00,Monitoramento Digital,,2026-08-11T18:09:30
2023,2023-06,2023-06-01,Deputado Joaquim Roriz Neto,JOAQUIM RORIZ NETO,MONOM - Monitoramento Digital LTDA,cnpj,48819584000158,17.0,2500.00,Monitoramento Digital,,2026-08-11T18:09:30
2023,2023-07,2023-07-03,Deputado Joaquim Roriz Neto,JOAQUIM RORIZ NETO,MONOM - Monitoramento Digital LTDA,cnpj,48819584000158,24.0,2500.00,Monitoramento Digital,,2026-08-11T18:09:30
2023,2023-01,2023-01-24,Deputado João Cardoso,JOAO CARDOSO,CLARO NXT TELECOMUNICAÇÕES S.A,cnpj,66970229001805,1036860,183.59,Manutenção de Imóveis,,2026-08-11T18:09:30
2023,2023-01,2023-01-31,Deputado João Cardoso,JOAO CARDOSO,COMPANHIA DE SANEAMENTO AMBIENTAL DO DISTRITO FEDERAL,cnpj_sem_zeros_a_esquerda,00082024000137,1036860,91.04,Manutenção de Imóveis,,2026-08-11T18:09:30
2023,2023-01,2023-01-31,Deputado João Cardoso,JOAO CARDOSO,NEOENERGIA DISTRIBUIDORA DE BRASÍLIA,cnpj_sem_zeros_a_esquerda,07522669000192,1036860,208.95,Manutenção de Imóveis,,2026-08-11T18:09:30
2023,2023-02,2023-02-27,Deputado João Cardoso,JOAO CARDOSO,CLARO NXT TELECOMUNICAÇÕES S.A,cnpj,66970229001805,1077483,143.94,Manutenção de Imóveis,,2026-08-11T18:09:30
2023,2023-02,2023-02-28,Deputado João Cardoso,JOAO CARDOSO,COMPANHIA DE SANEAMENTO AMBIENTAL DO DISTRITO FEDERAL,cnpj_sem_zeros_a_esquerda,00082024000137,1077483,94.06,Manutenção de Imóveis,,2026-08-11T18:09:30
2023,2023-02,2023-02-28,Deputado João Cardoso,JOAO CARDOSO,NEOENERGIA DISTRIBUIDORA DE BRASÍLIA,cnpj_sem_zeros_a_esquerda,07522669000192,1077483,185.91,Manutenção de Imóveis,,2026-08-11T18:09:30
2023,2023-03,2023-03-20,Deputado João Cardoso,JOAO CARDOSO,CLARO NXT TELECOMUNICAÇÕES S.A,cnpj,66970229001805,1119642,183.59,Manutenção de Imóveis,,2026-08-11T18:09:30
2023,2023-03,2023-03-30,Deputado João Cardoso,JOAO CARDOSO,COMPANHIA DE SANEAMENTO AMBIENTAL DO DISTRITO FEDERAL,cnpj_sem_zeros_a_esquerda,00082024000137,1119642,73.18,Manutenção de Imóveis,,2026-08-11T18:09:30
2023,2023-03,2023-03-30,Deputado João Cardoso,JOAO CARDOSO,NEOENERGIA DISTRIBUIDORA DE BRASÍLIA,cnpj_sem_zeros_a_esquerda,07522669000192,1119642,254.14,Manutenção de Imóveis,,2026-08-11T18:09:30
2023,2023-04,2023-04-20,Deputado João Cardoso,JOAO CARDOSO,CLARO NXT TELECOMUNICAÇÕES S.A,cnpj,66970229001805,1164491,183.59,Manutenção de Imóveis,,2026-08-11T18:09:30
2023,2023-04,2023-04-26,Deputado João Cardoso,JOAO CARDOSO,COMPANHIA DE SANEAMENTO AMBIENTAL DO DISTRITO FEDERAL,cnpj_sem_zeros_a_esquerda,00082024000137,1164491,59.74,Manutenção de Imóveis,,2026-08-11T18:09:30
2023,2023-04,2023-04-26,Deputado João Cardoso,JOAO CARDOSO,NEOENERGIA DISTRIBUIDORA DE BRASÍLIA,cnpj_sem_zeros_a_esquerda,07522669000192,1164491,258.26,Manutenção de Imóveis,,2026-08-11T18:09:30
2023,2023-05,2023-05-22,Deputado João Cardoso,JOAO CARDOSO,CLARO NXT TELECOMUNICAÇÕES S.A,cnpj,66970229001805,1196941,143.94,Manutenção de Imóveis,,2026-08-11T18:09:30
2023,2023-05,2023-05-30,Deputado João Cardoso,JOAO CARDOSO,COMPANHIA DE SANEAMENTO AMBIENTAL DO DISTRITO FEDERAL,cnpj_sem_zeros_a_esquerda,00082024000137,1196941,59.74,Manutenção de Imóveis,,2026-08-11T18:09:30
2023,2023-05,2023-05-30,Deputado João Cardoso,JOAO CARDOSO,NEOENERGIA DISTRIBUIDORA DE BRASÍLIA,cnpj_sem_zeros_a_esquerda,07522669000192,1196941,178.08,Manutenção de Imóveis,,2026-08-11T18:09:30
2023,2023-06,2023-06-20,Deputado João Cardoso,JOAO CARDOSO,CLARO NXT TELECOMUNICAÇÕES S.A,cnpj,66970229001805,1251264,143.94,Manutenção de Imóveis,,2026-08-11T18:09:30
2023,2023-06,2023-06-27,Deputado João Cardoso,JOAO CARDOSO,COMPANHIA DE SANEAMENTO AMBIENTAL DO DISTRITO FEDERAL,cnpj_sem_zeros_a_esquerda,00082024000137,1251264,59.74,Manutenção de Imóveis,,2026-08-11T18:09:30
2023,2023-06,2023-06-27,Deputado João Cardoso,JOAO CARDOSO,NEOENERGIA DISTRIBUIDORA DE BRASÍLIA,cnpj_sem_zeros_a_esquerda,07522669000192,1251264,165.30,Manutenção de Imóveis,,2026-08-11T18:09:30
2023,2023-07,2023-07-20,Deputado João Cardoso,JOAO CARDOSO,CLARO NXT TELECOMUNICAÇÕES S.A,cnpj,66970229001805,1279832,143.94,Manutenção de Imóveis,,2026-08-11T18:09:30
2023,2023-07,2023-07-27,Deputado João Cardoso,JOAO CARDOSO,COMPANHIA DE SANEAMENTO AMBIENTAL DO DISTRITO FEDERAL,cnpj_sem_zeros_a_esquerda,00082024000137,1279832,59.74,Manutenção de Imóveis,,2026-08-11T18:09:30
2023,2023-07,2023-07-27,Deputado João Cardoso,JOAO CARDOSO,NEOENERGIA DISTRIBUIDORA DE BRASÍLIA,cnpj_sem_zeros_a_esquerda,07522669000192,1279832,171.77,Manutenção de Imóveis,,2026-08-11T18:09:30
2023,2023-08,2023-08-18,Deputado João Cardoso,JOAO CARDOSO,CLARO NXT TELECOMUNICAÇÕES S.A,cnpj,66970229001805,1325217,143.94,Manutenção de Imóveis,,2026-08-11T18:09:30
2023,2023-08,2023-08-28,Deputado João Cardoso,JOAO CARDOSO,COMPANHIA DE SANEAMENTO AMBIENTAL DO DISTRITO FEDERAL,cnpj_sem_zeros_a_esquerda,00082024000137,1325217,45.82,Manutenção de Imóveis,,2026-08-11T18:09:30
2023,2023-08,2023-08-28,Deputado João Cardoso,JOAO CARDOSO,NEOENERGIA DISTRIBUIDORA DE BRASÍLIA,cnpj_sem_zeros_a_esquerda,07522669000192,1325217,156.66,Manutenção de Imóveis,,2026-08-11T18:09:30
2023,2023-09,2023-09-19,Deputado João Cardoso,JOAO CARDOSO,CLARO NXT TELECOMUNICAÇÕES S.A,cnpj,66970229001805,1377407,143.94,Manutenção de Imóveis,,2026-08-11T18:09:30
2023,2023-09,2023-09-28,Deputado João Cardoso,JOAO CARDOSO,COMPANHIA DE SANEAMENTO AMBIENTAL DO DISTRITO FEDERAL,cnpj_sem_zeros_a_esquerda,00082024000137,1377407,62.76,Manutenção de Imóveis,,2026-08-11T18:09:30
2023,2023-09,2023-09-28,Deputado João Cardoso,JOAO CARDOSO,NEOENERGIA DISTRIBUIDORA DE BRASÍLIA,cnpj_sem_zeros_a_esquerda,07522669000192,1377407,174.76,Manutenção de Imóveis,,2026-08-11T18:09:30
2023,2023-10,2023-10-27,Deputado João Cardoso,JOAO CARDOSO,CLARO NXT TELECOMUNICAÇÕES S.A,cnpj,66970229001805,1413702,143.94,Manutenção de Imóveis,,2026-08-11T18:09:30
2023,2023-10,2023-10-27,Deputado João Cardoso,JOAO CARDOSO,COMPANHIA DE SANEAMENTO AMBIENTAL DO DISTRITO FEDERAL,cnpj_sem_zeros_a_esquerda,00082024000137,1413702,62.76,Manutenção de Imóveis,,2026-08-11T18:09:30
2023,2023-10,2023-10-27,Deputado João Cardoso,JOAO CARDOSO,NEOENERGIA DISTRIBUIDORA DE BRASÍLIA,cnpj_sem_zeros_a_esquerda,07522669000192,1413702,235.55,Manutenção de Imóveis,,2026-08-11T18:09:30
2023,2023-11,2023-11-20,Deputado João Cardoso,JOAO CARDOSO,CLARO NXT TELECOMUNICAÇÕES S.A,cnpj,66970229001805,1467385,143.94,Manutenção de Imóveis,,2026-08-11T18:09:30
2023,2023-11,2023-11-29,Deputado João Cardoso,JOAO CARDOSO,COMPANHIA DE SANEAMENTO AMBIENTAL DO DISTRITO FEDERAL,cnpj_sem_zeros_a_esquerda,00082024000137,1467385,62.76,Manutenção de Imóveis,,2026-08-11T18:09:30
2023,2023-11,2023-11-29,Deputado João Cardoso,JOAO CARDOSO,NEOENERGIA DISTRIBUIDORA DE BRASÍLIA,cnpj_sem_zeros_a_esquerda,07522669000192,1467385,306.70,Manutenção de Imóveis,,2026-08-11T18:09:30
2023,2023-09,2023-09-30,CHICO VIGILANTE,CHICO VIGILANTE,Alessandra das Graças Brants Lopes,vazio,,Cheque n.º 700364,2200.00,Locação e manutenção imóvel,,2026-08-11T18:09:30
2023,2023-10,2023-10-31,CHICO VIGILANTE,CHICO VIGILANTE,Alessandra das Graças Brants Lopes,vazio,,Cheque n.º 700365,5500.00,Locação e manutenção imóvel,,2026-08-11T18:09:30
2023,2023-01,2023-01-01,Deputado Hermeto,HERMETO,NEOENERGIA,cnpj_sem_zeros_a_esquerda,07522669000192,,234.73,Locação e manutenção de imóveis,,2026-08-11T18:09:30
2023,2023-02,2023-02-06,Deputado Thiago De Araújo Macieira Manzoni,THIAGO MANZONI,ALUGUEL GABINETE POLÍTICO - SBN QD 02 LT 12 BL F SL 809-810,vazio,,1065800.0,2200.00,Locação e manutenção de imóveis,,2026-08-11T18:09:30
2023,2023-02,2023-02-06,Deputado Thiago De Araújo Macieira Manzoni,THIAGO MANZONI,CONDOMÍNIO SALA 809,cnpj_sem_zeros_a_esquerda,04807378000152,1065800.0,595.28,Locação e manutenção de imóveis,,2026-08-11T18:09:30
2023,2023-02,2023-02-06,Deputado Thiago De Araújo Macieira Manzoni,THIAGO MANZONI,CONDOMÍNIO SALA 810,cnpj_sem_zeros_a_esquerda,04807378000152,1065800.0,595.28,Locação e manutenção de imóveis,,2026-08-11T18:09:30
2023,2023-02,2023-02-16,Deputado Thiago De Araújo Macieira Manzoni,THIAGO MANZONI,CONTA DE ENERGIA ELÉTRICA NEOENERGIA SALA 809,cnpj_sem_zeros_a_esquerda,07522669000192,1065800.0,100.66,Locação e manutenção de imóveis,,2026-08-11T18:09:30
2023,2023-02,2023-02-16,Deputado Thiago De Araújo Macieira Manzoni,THIAGO MANZONI,CONTA DE ENERGIA ELÉTRICA NEOENERGIA SALA 810,cnpj_sem_zeros_a_esquerda,07522669000192,1065800.0,28.06,Locação e manutenção de imóveis,,2026-08-11T18:09:30
2023,2023-03,2023-03-06,Deputado Thiago De Araújo Macieira Manzoni,THIAGO MANZONI,CONDOMÍNIO SALA 809,cnpj_sem_zeros_a_esquerda,04807378000152,1113444.0,595.28,Locação e manutenção de imóveis,,2026-08-11T18:09:30
2023,2023-03,2023-03-06,Deputado Thiago De Araújo Macieira Manzoni,THIAGO MANZONI,CONDOMÍNIO SALA 810,cnpj_sem_zeros_a_esquerda,04807378000152,1113444.0,595.28,Locação e manutenção de imóveis,,2026-08-11T18:09:30
2023,2023-03,2023-03-31,Deputado Thiago De Araújo Macieira Manzoni,THIAGO MANZONI,ALUGUEL GABINETE POLÍTICO - SBN QD 02 LT 12 BL F SL 809-810,vazio,,1113444.0,2200.00,Locação e manutenção de imóveis,,2026-08-11T18:09:30
2023,2023-04,2023-04-04,Deputado Thiago De Araújo Macieira Manzoni,THIAGO MANZONI,CONDOMÍNIO SALA 809,cnpj_sem_zeros_a_esquerda,04807378000152,1148376.0,595.28,Locação e manutenção de imóveis,,2026-08-11T18:09:30
2023,2023-04,2023-04-04,Deputado Thiago De Araújo Macieira Manzoni,THIAGO MANZONI,CONDOMÍNIO SALA 810,cnpj_sem_zeros_a_esquerda,04807378000152,1148376.0,595.28,Locação e manutenção de imóveis,,2026-08-11T18:09:30
2023,2023-04,2023-04-28,Deputado Thiago De Araújo Macieira Manzoni,THIAGO MANZONI,ALUGUEL GABINETE POLÍTICO - SBN QD 02 LT 12 BL F SL 809-810,vazio,,1148376.0,2200.00,Locação e manutenção de imóveis,,2026-08-11T18:09:30
2023,2023-04,2023-04-28,Deputado Thiago De Araújo Macieira Manzoni,THIAGO MANZONI,CONTA DE ENERGIA ELÉTRICA NEOENERGIA SALA 809,cnpj_sem_zeros_a_esquerda,07522669000192,1148376.0,93.37,Locação e manutenção de imóveis,,2026-08-11T18:09:30
2023,2023-04,2023-04-28,Deputado Thiago De Araújo Macieira Manzoni,THIAGO MANZONI,CONTA DE ENERGIA ELÉTRICA NEOENERGIA SALA 810,cnpj_sem_zeros_a_esquerda,07522669000192,1148376.0,29.39,Locação e manutenção de imóveis,,2026-08-11T18:09:30
2023,2023-05,2023-05-16,Deputado Thiago De Araújo Macieira Manzoni,THIAGO MANZONI,CONDOMÍNIO SALA 809,cnpj_sem_zeros_a_esquerda,04807378000152,1201142.0,676.45,Locação e manutenção de imóveis,,2026-08-11T18:09:30
2023,2023-05,2023-05-16,Deputado Thiago De Araújo Macieira Manzoni,THIAGO MANZONI,CONDOMÍNIO SALA 810,cnpj_sem_zeros_a_esquerda,04807378000152,1201142.0,676.45,Locação e manutenção de imóveis,,2026-08-11T18:09:30
2023,2023-05,2023-05-16,Deputado Thiago De Araújo Macieira Manzoni,THIAGO MANZONI,IPTU SECRETARIA DE ESTADO DE FAZENDA SALA 809,nao_e_registro,,1201142.0,287.56,Locação e manutenção de imóveis,,2026-08-11T18:09:30
2023,2023-05,2023-05-16,Deputado Thiago De Araújo Macieira Manzoni,THIAGO MANZONI,IPTU SECRETARIA DE ESTADO DE FAZENDA SALA 810,nao_e_registro,,1201142.0,287.56,Locação e manutenção de imóveis,,2026-08-11T18:09:30
2023,2023-05,2023-05-29,Deputado Thiago De Araújo Macieira Manzoni,THIAGO MANZONI,ALUGUEL GABINETE POLÍTICO - SBN QD 02 LT 12 BL F SL 809-810,vazio,,1201142.0,2200.00,Locação e manutenção de imóveis,,2026-08-11T18:09:30
2023,2023-05,2023-05-29,Deputado Thiago De Araújo Macieira Manzoni,THIAGO MANZONI,CONTA DE ENERGIA ELÉTRICA NEOENERGIA SALA 809,cnpj_sem_zeros_a_esquerda,07522669000192,1201142.0,77.00,Locação e manutenção de imóveis,,2026-08-11T18:09:30
2023,2023-05,2023-05-29,Deputado Thiago De Araújo Macieira Manzoni,THIAGO MANZONI,CONTA DE ENERGIA ELÉTRICA NEOENERGIA SALA 810,cnpj_sem_zeros_a_esquerda,07522669000192,1201142.0,29.95,Locação e manutenção de imóveis,,2026-08-11T18:09:30
2023,2023-06,2023-06-05,Deputado Thiago De Araújo Macieira Manzoni,THIAGO MANZONI,CONDOMÍNIO SALA 809,cnpj_sem_zeros_a_esquerda,04807378000152,1249843.0,595.28,Locação e manutenção de imóveis,,2026-08-11T18:09:30
2023,2023-06,2023-06-05,Deputado Thiago De Araújo Macieira Manzoni,THIAGO MANZONI,CONDOMÍNIO SALA 810,cnpj_sem_zeros_a_esquerda,04807378000152,1249843.0,595.28,Locação e manutenção de imóveis,,2026-08-11T18:09:30
2023,2023-06,2023-06-21,Deputado Thiago De Araújo Macieira Manzoni,THIAGO MANZONI,CONTA DE ENERGIA ELÉTRICA NEOENERGIA SALA 809,cnpj_sem_zeros_a_esquerda,07522669000192,1249843.0,89.69,Locação e manutenção de imóveis,,2026-08-11T18:09:30
2023,2023-06,2023-06-21,Deputado Thiago De Araújo Macieira Manzoni,THIAGO MANZONI,CONTA DE ENERGIA ELÉTRICA NEOENERGIA SALA 810,cnpj_sem_zeros_a_esquerda,07522669000192,1249843.0,30.07,Locação e manutenção de imóveis,,2026-08-11T18:09:30
2023,2023-06,2023-06-21,Deputado Thiago De Araújo Macieira Manzoni,THIAGO MANZONI,IPTU SECRETARIA DE ESTADO DE FAZENDA SALA 809,nao_e_registro,,1249843.0,287.56,Locação e manutenção de imóveis,,2026-08-11T18:09:30
2023,2023-06,2023-06-21,Deputado Thiago De Araújo Macieira Manzoni,THIAGO MANZONI,IPTU SECRETARIA DE ESTADO DE FAZENDA SALA 810,nao_e_registro,,1249843.0,287.56,Locação e manutenção de imóveis,,2026-08-11T18:09:30
2023,2023-06,2023-06-26,Deputado Thiago De Araújo Macieira Manzoni,THIAGO MANZONI,ALUGUEL GABINETE POLÍTICO - SBN QD 02 LT 12 BL F SL 809-810,vazio,,1249843.0,2200.00,Locação e manutenção de imóveis,,2026-08-11T18:09:30
2023,2023-07,2023-07-04,Deputado Thiago De Araújo Macieira Manzoni,THIAGO MANZONI,CONDOMÍNIO SALA 809,cnpj_sem_zeros_a_esquerda,04807378000152,1282597.0,595.28,Locação e manutenção de imóveis,,2026-08-11T18:09:30
2023,2023-07,2023-07-04,Deputado Thiago De Araújo Macieira Manzoni,THIAGO MANZONI,CONDOMÍNIO SALA 810,cnpj_sem_zeros_a_esquerda,04807378000152,1282597.0,595.28,Locação e manutenção de imóveis,,2026-08-11T18:09:30
2023,2023-07,2023-07-24,Deputado Thiago De Araújo Macieira Manzoni,THIAGO MANZONI,VPN INFRAESTRUTURA DE REDES LTDA,cnpj_sem_zeros_a_esquerda,09403000000107,1282597.0,53.42,Locação e manutenção de imóveis,,2026-08-11T18:09:30
2023,2023-07,2023-07-26,Deputado Thiago De Araújo Macieira Manzoni,THIAGO MANZONI,CONTA DE ENERGIA ELÉTRICA NEOENERGIA SALA 809,cnpj_sem_zeros_a_esquerda,07522669000192,1282597.0,96.25,Locação e manutenção de imóveis,,2026-08-11T18:09:30
2023,2023-07,2023-07-26,Deputado Thiago De Araújo Macieira Manzoni,THIAGO MANZONI,CONTA DE ENERGIA ELÉTRICA NEOENERGIA SALA 810,cnpj_sem_zeros_a_esquerda,07522669000192,1282597.0,30.31,Locação e manutenção de imóveis,,2026-08-11T18:09:30
2023,2023-07,2023-07-31,Deputado Thiago De Araújo Macieira Manzoni,THIAGO MANZONI,ALUGUEL GABINETE POLÍTICO - SBN QD 02 LT 12 BL F SL 809-810,vazio,,1282597.0,2200.00,Locação e manutenção de imóveis,,2026-08-11T18:09:30
2023,2023-07,2023-07-31,Deputado Thiago De Araújo Macieira Manzoni,THIAGO MANZONI,IPTU SECRETARIA DE ESTADO DE FAZENDA SALA 809,nao_e_registro,,1282597.0,287.56,Locação e manutenção de imóveis,,2026-08-11T18:09:30
2023,2023-07,2023-07-31,Deputado Thiago De Araújo Macieira Manzoni,THIAGO MANZONI,IPTU SECRETARIA DE ESTADO DE FAZENDA SALA 810,nao_e_registro,,1282597.0,287.56,Locação e manutenção de imóveis,,2026-08-11T18:09:30
2023,2023-08,2023-08-02,Deputado Thiago De Araújo Macieira Manzoni,THIAGO MANZONI,CONDOMÍNIO SALA 809,cnpj_sem_zeros_a_esquerda,04807378000152,1325250.0,595.28,Locação e manutenção de imóveis,,2026-08-11T18:09:30
2023,2023-08,2023-08-02,Deputado Thiago De Araújo Macieira Manzoni,THIAGO MANZONI,CONDOMÍNIO SALA 810,cnpj_sem_zeros_a_esquerda,04807378000152,1325225.0,595.28,Locação e manutenção de imóveis,,2026-08-11T18:09:30
2023,2023-08,2023-08-21,Deputado Thiago De Araújo Macieira Manzoni,THIAGO MANZONI,IPTU SECRETARIA DE ESTADO DE FAZENDA SALA 809,nao_e_registro,,1325225.0,287.56,Locação e manutenção de imóveis,,2026-08-11T18:09:30
2023,2023-08,2023-08-21,Deputado Thiago De Araújo Macieira Manzoni,THIAGO MANZONI,IPTU SECRETARIA DE ESTADO DE FAZENDA SALA 810,nao_e_registro,,1325225.0,287.56,Locação e manutenção de imóveis,,2026-08-11T18:09:30
2023,2023-08,2023-08-23,Deputado Thiago De Araújo Macieira Manzoni,THIAGO MANZONI,CONTA DE ENERGIA ELÉTRICA NEOENERGIA SALA 809,cnpj_sem_zeros_a_esquerda,07522669000192,1325225.0,101.05,Locação e manutenção de imóveis,,2026-08-11T18:09:30
2023,2023-08,2023-08-23,Deputado Thiago De Araújo Macieira Manzoni,THIAGO MANZONI,CONTA DE ENERGIA ELÉTRICA NEOENERGIA SALA 810,cnpj_sem_zeros_a_esquerda,07522669000192,1325225.0,29.75,Locação e manutenção de imóveis,,2026-08-11T18:09:30
2023,2023-08,2023-08-23,Deputado Thiago De Araújo Macieira Manzoni,THIAGO MANZONI,VPN INFRAESTRUTURA DE REDES LTDA,cnpj_sem_zeros_a_esquerda,09403000000107,1325225.0,138.00,Locação e manutenção de imóveis,,2026-08-11T18:09:30
2023,2023-08,2023-08-31,Deputado Thiago De Araújo Macieira Manzoni,THIAGO MANZONI,ALUGUEL GABINETE POLÍTICO - SBN QD 02 LT 12 BL F SL 809-810,vazio,,1325225.0,2200.00,Locação e manutenção de imóveis,,2026-08-11T18:09:30
2023,2023-09,2023-09-01,Deputado Thiago De Araújo Macieira Manzoni,THIAGO MANZONI,VPN INFRAESTRUTURA DE REDES LTDA,cnpj_sem_zeros_a_esquerda,09403000000107,1371497.0,138.00,Locação e manutenção de imóveis,,2026-08-11T18:09:30
2023,2023-09,2023-09-05,Deputado Thiago De Araújo Macieira Manzoni,THIAGO MANZONI,CONDOMÍNIO SALA 809,cnpj_sem_zeros_a_esquerda,04807378000152,1371497.0,595.28,Locação e manutenção de imóveis,,2026-08-11T18:09:30
2023,2023-09,2023-09-05,Deputado Thiago De Araújo Macieira Manzoni,THIAGO MANZONI,CONDOMÍNIO SALA 810,cnpj_sem_zeros_a_esquerda,04807378000152,1371497.0,595.28,Locação e manutenção de imóveis,,2026-08-11T18:09:30
2023,2023-09,2023-09-25,Deputado Thiago De Araújo Macieira Manzoni,THIAGO MANZONI,CONTA DE ENERGIA ELÉTRICA NEOENERGIA SALA 809,cnpj_sem_zeros_a_esquerda,07522669000192,1371497.0,97.83,Locação e manutenção de imóveis,,2026-08-11T18:09:30
2023,2023-09,2023-09-25,Deputado Thiago De Araújo Macieira Manzoni,THIAGO MANZONI,CONTA DE ENERGIA ELÉTRICA NEOENERGIA SALA 810,cnpj_sem_zeros_a_esquerda,07522669000192,1371497.0,30.02,Locação e manutenção de imóveis,,2026-08-11T18:09:30
2023,2023-09,2023-09-29,Deputado Thiago De Araújo Macieira Manzoni,THIAGO MANZONI,IPTU SECRETARIA DE ESTADO DE FAZENDA SALA 809,nao_e_registro,,1371497.0,287.56,Locação e manutenção de imóveis,,2026-08-11T18:09:30
2023,2023-09,2023-09-29,Deputado Thiago De Araújo Macieira Manzoni,THIAGO MANZONI,IPTU SECRETARIA DE ESTADO DE FAZENDA SALA 810,nao_e_registro,,1371497.0,287.56,Locação e manutenção de imóveis,,2026-08-11T18:09:30
2023,2023-09,2023-09-30,Deputado Thiago De Araújo Macieira Manzoni,THIAGO MANZONI,ALUGUEL GABINETE POLÍTICO - SBN QD 02 LT 12 BL F SL 809-810,vazio,,1371497.0,3000.00,Locação e manutenção de imóveis,,2026-08-11T18:09:30
2023,2023-01,2023-01-01,Deputado Hermeto,HERMETO,Claro,cnpj,40432544000147,,99.64,Locação e manutenção de imóveis,,2026-08-11T18:09:30
2023,2023-07,2023-07-26,Deputado Hermeto,HERMETO,Claro,cnpj,40432544000147,,218.79,Locação e manutenção de imóveis,,2026-08-11T18:09:30
2023,2023-07,2023-07-26,Deputado Hermeto,HERMETO,Neoenergia,cnpj_sem_zeros_a_esquerda,07522669000192,,285.82,Locação e manutenção de imóveis,,2026-08-11T18:09:30
2023,2023-07,2023-07-29,Deputado Hermeto,HERMETO,Caesb,cpf_redigido,,,67.70,Locação e manutenção de imóveis,,2026-08-11T18:09:30
2023,2023-08,2023-08-21,Deputado Hermeto,HERMETO,Caesb,cpf_redigido,,,59.74,Locação e manutenção de imóveis,,2026-08-11T18:09:30
2023,2023-08,2023-08-24,Deputado Hermeto,HERMETO,Claro,cnpj,40432544000147,,271.85,Locação e manutenção de imóveis,"Foi glosado o valor de R$ 96,46",2026-08-11T18:09:30
2023,2023-08,2023-08-24,Deputado Hermeto,HERMETO,Neoenergia,cnpj_sem_zeros_a_esquerda,07522669000192,,250.73,Locação e manutenção de imóveis,"Foi glosado o valor de R$ 7,25",2026-08-11T18:09:30
2023,2023-09,2023-09-05,Deputado Hermeto,HERMETO,Caesb,cpf_redigido,,,76.61,Locação e manutenção de imóveis,"Foi glosado o valor de R$ 1,19",2026-08-11T18:09:30
2023,2023-09,2023-09-26,Deputado Hermeto,HERMETO,Claro,cnpj,40432544000147,,213.59,Locação e manutenção de imóveis,"Foi glosado o valor de R$ 92,70",2026-08-11T18:09:30
2023,2023-09,2023-09-26,Deputado Hermeto,HERMETO,Neoenergia,cnpj_sem_zeros_a_esquerda,07522669000192,,269.93,Locação e manutenção de imóveis,"Foi glosado o valor de R$ 7,77",2026-08-11T18:09:30
2023,2023-10,2023-10-26,Deputado Hermeto,HERMETO,Caesb,cpf_redigido,,,77.22,Locação e manutenção de imóveis,"Valor Glosado R$ 0,32",2026-08-11T18:09:30
2023,2023-10,2023-10-26,Deputado Hermeto,HERMETO,Claro,cnpj,40432544000147,,217.90,Locação e manutenção de imóveis,"Valor Glosado R$ 96,81",2026-08-11T18:09:30
2023,2023-10,2023-10-26,Deputado Hermeto,HERMETO,Neoenergia,cnpj_sem_zeros_a_esquerda,07522669000192,,345.33,Locação e manutenção de imóveis,"Valor Glosado R$ 6,61",2026-08-11T18:09:30
2023,2023-11,2023-11-23,Deputado Hermeto,HERMETO,Caesb,cpf_redigido,,,64.30,Locação e manutenção de imóveis,"Valor Glosado R$1,54",2026-08-11T18:09:30
2023,2023-11,2023-11-23,Deputado Hermeto,HERMETO,Claro,cnpj,40432544000147,,223.45,Locação e manutenção de imóveis,"Valor Glosado R$ 96,82",2026-08-11T18:09:30
2023,2023-11,2023-11-23,Deputado Hermeto,HERMETO,Neoenergia,cnpj_sem_zeros_a_esquerda,07522669000192,,422.32,Locação e manutenção de imóveis,"Valor Glosado R$ 7,42",2026-08-11T18:09:30
2023,,,Deputado Gabriel Magno,GABRIEL MAGNO,Aluguel de Escritório- Apoio atividade Parlamentar,vazio,,S nº,1200.00,Locação e manutenção de Bens imóveis,,2026-08-11T18:09:30
2023,,,Deputado Gabriel Magno,GABRIEL MAGNO,Condomínio Mar-2023,cnpj_sem_zeros_a_esquerda,00719211000189,S nº,433.81,Locação e manutenção de Bens imóveis,,2026-08-11T18:09:30
2023,,,Deputado Gabriel Magno,GABRIEL MAGNO,Condomínio Mar-2023,cnpj_sem_zeros_a_esquerda,00719211000189,S nº,554.00,Locação e manutenção de Bens imóveis,,2026-08-11T18:09:30
2023,,,Deputado Gabriel Magno,GABRIEL MAGNO,Flex Comércio de Serviços,cnpj,26742415000124,,194.90,Locação e manutenção de Bens imóveis,,2026-08-11T18:09:30
2023,,,Deputado Gabriel Magno,GABRIEL MAGNO,Flex Comércio de Serviços,cnpj,26742415000124,992.0,194.90,Locação e manutenção de Bens imóveis,,2026-08-11T18:09:30
2023,2023-01,2023-01-26,Deputado Gabriel Magno,GABRIEL MAGNO,Aluguel de Escritório- Apoio atividade Parlamentar,vazio,,S nº,1200.00,Locação e manutenção de Bens imóveis,,2026-08-11T18:09:30
2023,2023-01,2023-01-26,Deputado Gabriel Magno,GABRIEL MAGNO,Tarifa de Energia -Escritório,nao_e_registro,,S nº,89.52,Locação e manutenção de Bens imóveis,,2026-08-11T18:09:30
2023,2023-01,2023-01-26,Deputado Gabriel Magno,GABRIEL MAGNO,Tarifa de água e Esgoto,nao_e_registro,,S nº,56.32,Locação e manutenção de Bens imóveis,,2026-08-11T18:09:30
2023,2023-03,2023-03-07,Deputado Gabriel Magno,GABRIEL MAGNO,Condomínio Fev-2023,cnpj_sem_zeros_a_esquerda,00719211000189,S nº,542.26,Locação e manutenção de bens imóveis,,2026-08-11T18:09:30
2023,2023-03,2023-03-08,Deputado Gabriel Magno,GABRIEL MAGNO,Condomínio Mar-2023,cnpj_sem_zeros_a_esquerda,00719211000189,S nº,542.26,Locação e manutenção de Bens imóveis,,2026-08-11T18:09:30
2023,2023-03,2023-03-08,Deputado Gabriel Magno,GABRIEL MAGNO,Flex Comércio de Serviços,cnpj,26742415000124,354.0,400.00,Locação e manutenção de bens imóveis,,2026-08-11T18:09:30
2023,2023-03,2023-03-09,Deputado Gabriel Magno,GABRIEL MAGNO,Aluguel de Escritório- Apoio atividade Parlamentar,vazio,,S nº,1200.00,Locação e manutenção de bens imóveis,,2026-08-11T18:09:30
2023,2023-03,2023-03-21,Deputado Gabriel Magno,GABRIEL MAGNO,Flex Comércio de Serviços,cnpj,26742415000124,353.0,160.10,Locação e manutenção de Bens imóveis,,2026-08-11T18:09:30
2023,2023-04,2023-04-05,Deputado Gabriel Magno,GABRIEL MAGNO,Flex Comércio de Serviços,cnpj,26742415000124,,194.90,Locação e manutenção de Bens imóveis,,2026-08-11T18:09:30
2023,2023-04,2023-04-26,Deputado Gabriel Magno,GABRIEL MAGNO,Aluguel de Escritório- Apoio atividade Parlamentar,vazio,,S nº,1200.00,Locação e manutenção de Bens imóveis,,2026-08-11T18:09:30
2023,2023-04,2023-04-27,Deputado Gabriel Magno,GABRIEL MAGNO,Condomínio Mar-2023,cnpj_sem_zeros_a_esquerda,00719211000189,S nº,542.26,Locação e manutenção de Bens imóveis,,2026-08-11T18:09:30
2023,2023-05,2023-05-04,Deputado Gabriel Magno,GABRIEL MAGNO,Condomínio Mar-2023,cnpj_sem_zeros_a_esquerda,00719211000189,S nº,433.81,Locação e manutenção de Bens imóveis,,2026-08-11T18:09:30
2023,2023-05,2023-05-16,Deputado Gabriel Magno,GABRIEL MAGNO,Flex Comércio de Serviços,cnpj,26742415000124,,194.90,Locação e manutenção de Bens imóveis,,2026-08-11T18:09:30
2023,2023-05,2023-05-26,Deputado Gabriel Magno,GABRIEL MAGNO,Aluguel de Escritório- Apoio atividade Parlamentar,vazio,,S nº,1200.00,Locação e manutenção de Bens imóveis,,2026-08-11T18:09:30
2023,2023-08,2023-08-07,Deputado Gabriel Magno,GABRIEL MAGNO,Condomínio Mar-2023,cnpj_sem_zeros_a_esquerda,00719211000189,S nº,433.81,Locação e manutenção de Bens imóveis,,2026-08-11T18:09:30
2023,2023-08,2023-08-25,Deputado Gabriel Magno,GABRIEL MAGNO,Aluguel de Escritório- Apoio atividade Parlamentar,vazio,,S nº,1200.00,Locação e manutenção de Bens imóveis,,2026-08-11T18:09:30
2023,2023-09,2023-09-01,Deputado Gabriel Magno,GABRIEL MAGNO,Flex Comércio de Serviços,cnpj,26742415000124,1151.0,194.90,Locação e manutenção de Bens imóveis,,2026-08-11T18:09:30
2023,2023-09,2023-09-04,Deputado Gabriel Magno,GABRIEL MAGNO,Condomínio Mar-2023,cnpj_sem_zeros_a_esquerda,00719211000189,S nº,433.81,Locação e manutenção de Bens imóveis,,2026-08-11T18:09:30
2023,2023-09,2023-09-20,Deputado Gabriel Magno,GABRIEL MAGNO,Flex Comércio de Serviços,cnpj,26742415000124,1151.0,194.90,Locação e manutenção de Bens imóveis,,2026-08-11T18:09:30
2023,2023-10,2023-10-03,Deputado Gabriel Magno,GABRIEL MAGNO,Condomínio Mar-2023,cnpj_sem_zeros_a_esquerda,00719211000189,S nº,433.81,Locação e manutenção de Bens imóveis,,2026-08-11T18:09:30
2023,2023-10,2023-10-03,Deputado Gabriel Magno,GABRIEL MAGNO,Flex Comércio de Serviços,cnpj,26742415000124,1315.0,194.90,Locação e manutenção de Bens imóveis,,2026-08-11T18:09:30
2023,2023-10,2023-10-25,Deputado Gabriel Magno,GABRIEL MAGNO,Aluguel de Escritório- Apoio atividade Parlamentar,vazio,,S nº,1200.00,Locação e manutenção de Bens imóveis,,2026-08-11T18:09:30
2023,,,Deputado Gabriel Magno,GABRIEL MAGNO,IPTU COTA 02,vazio,,S nº,265.28,Locação e manutenção de Bens imóveis,,2026-08-11T18:09:30
2023,,,Deputado Gabriel Magno,GABRIEL MAGNO,IPTU COTA 03,vazio,,S nº,278.54,Locação e manutenção de Bens imóveis,,2026-08-11T18:09:30
2023,,,Deputado Gabriel Magno,GABRIEL MAGNO,IPTU COTA 04,vazio,,S nº,265.28,Locação e manutenção de Bens imóveis,,2026-08-11T18:09:30
2023,,,Deputado Gabriel Magno,GABRIEL MAGNO,Tarifa de Energia -Escritório,nao_e_registro,,S nº,176.50,Locação e manutenção de Bens imóveis,,2026-08-11T18:09:30
2023,,,Deputado Gabriel Magno,GABRIEL MAGNO,Tarifa de Energia -Escritório,nao_e_registro,,S nº,290.06,Locação e manutenção de Bens imóveis,,2026-08-11T18:09:30
2023,2022-12,2022-12-23,Deputado Gabriel Magno,GABRIEL MAGNO,Tarifa de Energia -Escritório,nao_e_registro,,S nº,179.60,Locação e manutenção de Bens imóveis,,2026-08-11T18:09:30
2023,2023-03,2023-03-31,Deputado Gabriel Magno,GABRIEL MAGNO,Tarifa de Energia -Escritório,nao_e_registro,,S nº,265.48,Locação e manutenção de Bens imóveis,,2026-08-11T18:09:30
2023,2023-04,2023-04-24,Deputado Gabriel Magno,GABRIEL MAGNO,Tarifa de Energia -Escritório,nao_e_registro,,S nº,239.66,Locação e manutenção de Bens imóveis,,2026-08-11T18:09:30
2023,2023-05,2023-05-16,Deputado Gabriel Magno,GABRIEL MAGNO,IPTU COTA 01,vazio,,S nº,265.28,Locação e manutenção de Bens imóveis,,2026-08-11T18:09:30
2023,2023-05,2023-05-22,Deputado Gabriel Magno,GABRIEL MAGNO,Tarifa de Energia -Escritório,nao_e_registro,,S nº,216.88,Locação e manutenção de Bens imóveis,,2026-08-11T18:09:30
2023,2023-09,2023-09-20,Deputado Gabriel Magno,GABRIEL MAGNO,IPTU COTA 05,vazio,,S nº,265.28,Locação e manutenção de Bens imóveis,,2026-08-11T18:09:30
2023,2023-10,2023-10-04,Deputado Gabriel Magno,GABRIEL MAGNO,Tarifa de Energia -Escritório,nao_e_registro,,S nº,274.42,Locação e manutenção de Bens imóveis,,2026-08-11T18:09:30
2023,2023-10,2023-10-16,Deputado Gabriel Magno,GABRIEL MAGNO,IPTU COTA 06,vazio,,S nº,265.31,Locação e manutenção de Bens imóveis,,2026-08-11T18:09:30
2023,2023-10,2023-10-25,Deputado Gabriel Magno,GABRIEL MAGNO,Tarifa de Energia -Escritório,nao_e_registro,,S nº,168.12,Locação e manutenção de Bens imóveis,,2026-08-11T18:09:30
2023,,,Deputado Gabriel Magno,GABRIEL MAGNO,Tarifa de água e Esgoto,nao_e_registro,,S nº,59.74,Locação e manutenção de Bens imóveis,,2026-08-11T18:09:30
2023,,,Deputado Gabriel Magno,GABRIEL MAGNO,Tarifa de água e Esgoto,nao_e_registro,,S nº,73.18,Locação e manutenção de Bens imóveis,,2026-08-11T18:09:30
2023,2023-03,2023-03-31,Deputado Gabriel Magno,GABRIEL MAGNO,Tarifa de água e Esgoto,nao_e_registro,,S nº,63.04,Locação e manutenção de Bens imóveis,,2026-08-11T18:09:30
2023,2023-04,2023-04-24,Deputado Gabriel Magno,GABRIEL MAGNO,Tarifa de água e Esgoto,nao_e_registro,,S nº,61.15,Locação e manutenção de Bens imóveis,,2026-08-11T18:09:30
2023,2023-05,2023-05-22,Deputado Gabriel Magno,GABRIEL MAGNO,Tarifa de água e Esgoto,nao_e_registro,,S nº,59.74,Locação e manutenção de Bens imóveis,,2026-08-11T18:09:30
2023,2023-08,2023-08-27,Deputado Gabriel Magno,GABRIEL MAGNO,Tarifa de água e Esgoto,nao_e_registro,,S nº,60.32,Locação e manutenção de Bens imóveis,,2026-08-11T18:09:30
2023,2023-10,2023-10-04,Deputado Gabriel Magno,GABRIEL MAGNO,Tarifa de água e Esgoto,nao_e_registro,,S nº,62.76,Locação e manutenção de Bens imóveis,,2026-08-11T18:09:30
2023,2023-01,2023-01-01,Deputado Hermeto,HERMETO,CAESB,cnpj_sem_zeros_a_esquerda,00082024000137,,55.48,Locação e manuteção de imóveis,,2026-08-11T18:09:30
2023,,,Deputado Hermeto,HERMETO,Suprema Veículo,cnpj,24894397000170,,5500.00,Locação de veículos,,2026-08-11T18:09:30
2023,2023-01,2023-01-01,Deputado Hermeto,HERMETO,Suprema Veículo,cnpj,24894397000170,17.0,5500.00,Locação de veículos,,2026-08-11T18:09:30
2023,2023-02,2023-02-28,Deputado Hermeto,HERMETO,Suprema Veículo,cnpj,24894397000170,52.0,5500.00,Locação de veículos,,2026-08-11T18:09:30
2023,2023-03,2023-03-28,Deputado Hermeto,HERMETO,Suprema Veículo,cnpj,24894397000170,109.0,5500.00,Locação de veículos,,2026-08-11T18:09:30
2023,2023-04,2023-04-26,Deputado Hermeto,HERMETO,Suprema Veículo,cnpj,24894397000170,164.0,5500.00,Locação de veículos,,2026-08-11T18:09:30
2023,2023-05,2023-05-23,Deputado Hermeto,HERMETO,Suprema Veículo,cnpj,24894397000170,210.0,5500.00,Locação de veículos,,2026-08-11T18:09:30
2023,2023-06,2023-06-21,Deputado Hermeto,HERMETO,Suprema Veículo,cnpj,24894397000170,267.0,5500.00,Locação de veículos,,2026-08-11T18:09:30
2023,2023-07,2023-07-28,Deputado Hermeto,HERMETO,Suprema Veículo,cnpj,24894397000170,338.0,5500.00,Locação de veículos,,2026-08-11T18:09:30
2023,2023-08,2023-08-24,Deputado Hermeto,HERMETO,Suprema Veículo,cnpj,24894397000170,401.0,5500.00,Locação de veículos,,2026-08-11T18:09:30
2023,2023-09,2023-09-25,Deputado Hermeto,HERMETO,Suprema Veículo,cnpj,24894397000170,467.0,5500.00,Locação de veículos,,2026-08-11T18:09:30
2023,2023-10,2023-10-25,Deputado Hermeto,HERMETO,Suprema Veículo,cnpj,24894397000170,51.0,5500.00,Locação de veículos,,2026-08-11T18:09:30
2023,2023-11,2023-11-23,Deputado Hermeto,HERMETO,Suprema Veículo,cnpj,24894397000170,66.0,5500.00,Locação de veículos,,2026-08-11T18:09:30
2023,2023-04,2023-04-28,Deputado Thiago De Araújo Macieira Manzoni,THIAGO MANZONI,DALETH VEICULOS LTDA - EPP - ALUGUEL CARRO,cnpj_sem_zeros_a_esquerda,04515963000189,1148376.0,1233.00,Locação de veículos,,2026-08-11T18:09:30
2023,2023-05,2023-05-29,Deputado Thiago De Araújo Macieira Manzoni,THIAGO MANZONI,DALETH VEICULOS LTDA - EPP - ALUGUEL CARRO,cnpj_sem_zeros_a_esquerda,04515963000189,1201142.0,3700.00,Locação de veículos,,2026-08-11T18:09:30
2023,2023-06,2023-06-21,Deputado Thiago De Araújo Macieira Manzoni,THIAGO MANZONI,DALETH VEICULOS LTDA - EPP - ALUGUEL CARRO,cnpj_sem_zeros_a_esquerda,04515963000189,1249843.0,3700.00,Locação de veículos,,2026-08-11T18:09:30
2023,2023-07,2023-07-21,Deputado Thiago De Araújo Macieira Manzoni,THIAGO MANZONI,DALETH VEICULOS LTDA - EPP - ALUGUEL CARRO,cnpj_sem_zeros_a_esquerda,04515963000189,1282597.0,3700.00,Locação de veículos,,2026-08-11T18:09:30
2023,2023-08,2023-08-23,Deputado Thiago De Araújo Macieira Manzoni,THIAGO MANZONI,DALETH VEICULOS LTDA - EPP - ALUGUEL CARRO,cnpj_sem_zeros_a_esquerda,04515963000189,1325225.0,3700.00,Locação de veículos,,2026-08-11T18:09:30
2023,2023-09,2023-09-01,Deputado Thiago De Araújo Macieira Manzoni,THIAGO MANZONI,DALETH VEICULOS LTDA - EPP - ALUGUEL CARRO,cnpj_sem_zeros_a_esquerda,04515963000189,1371497.0,3700.00,Locação de veículos,,2026-08-11T18:09:30
2023,2023-02,2023-02-28,Deputado Joaquim Roriz Neto,JOAQUIM RORIZ NETO,SUPREMA MOBILIDADE LTDA,cnpj,24894397000170,63.0,3990.00,Locação de Veículos,,2026-08-11T18:09:30
2023,2023-03,2023-03-30,Deputado Joaquim Roriz Neto,JOAQUIM RORIZ NETO,SUPREMA MOBILIDADE LTDA,cnpj,24894397000170,119.0,3990.00,Locação de Veículos,,2026-08-11T18:09:30
2023,2023-05,2023-05-02,Deputado Joaquim Roriz Neto,JOAQUIM RORIZ NETO,SUPREMA MOBILIDADE,cnpj,24894397000170,180.0,3990.00,Locação de Veículos,,2026-08-11T18:09:30
2023,2023-06,2023-06-01,Deputado Joaquim Roriz Neto,JOAQUIM RORIZ NETO,SUPREMA MOBILIDADE,cnpj,24894397000170,238.0,3990.00,Locação de Veículos,,2026-08-11T18:09:30
2023,2023-07,2023-07-03,Deputado Joaquim Roriz Neto,JOAQUIM RORIZ NETO,SUPREMA Locadora,cnpj,24894397000170,314.0,5500.00,Locação de Veículos,,2026-08-11T18:09:30
2023,2023-01,2023-01-31,Deputado João Cardoso,JOAO CARDOSO,SUPREMA MOBILIDADE LTDA,nao_e_registro,,1036860,3200.00,Locação de Veículos,,2026-08-11T18:09:30
2023,2023-02,2023-02-28,Deputado João Cardoso,JOAO CARDOSO,SUPREMA MOBILIDADE LTDA,nao_e_registro,,1077483,3200.00,Locação de Veículos,,2026-08-11T18:09:30
2023,2023-03,2023-03-30,Deputado João Cardoso,JOAO CARDOSO,SUPREMA MOBILIDADE LTDA,nao_e_registro,,1119642,3200.00,Locação de Veículos,,2026-08-11T18:09:30
2023,2023-04,2023-04-26,Deputado João Cardoso,JOAO CARDOSO,SUPREMA MOBILIDADE LTDA,nao_e_registro,,1164491,3200.00,Locação de Veículos,,2026-08-11T18:09:30
2023,2023-05,2023-05-30,Deputado João Cardoso,JOAO CARDOSO,SUPREMA MOBILIDADE LTDA,nao_e_registro,,1196941,3200.00,Locação de Veículos,,2026-08-11T18:09:30
2023,2023-06,2023-06-27,Deputado João Cardoso,JOAO CARDOSO,SUPREMA MOBILIDADE LTDA,nao_e_registro,,1251264,3200.00,Locação de Veículos,,2026-08-11T18:09:30
2023,2023-07,2023-07-27,Deputado João Cardoso,JOAO CARDOSO,SUPREMA MOBILIDADE LTDA,nao_e_registro,,1279832,3200.00,Locação de Veículos,,2026-08-11T18:09:30
2023,2023-08,2023-08-28,Deputado João Cardoso,JOAO CARDOSO,SUPREMA MOBILIDADE LTDA,nao_e_registro,,1325217,3200.00,Locação de Veículos,,2026-08-11T18:09:30
2023,2023-09,2023-09-28,Deputado João Cardoso,JOAO CARDOSO,SUPREMA MOBILIDADE LTDA,nao_e_registro,,1377407,3200.00,Locação de Veículos,,2026-08-11T18:09:30
2023,2023-10,2023-10-27,Deputado João Cardoso,JOAO CARDOSO,SUPREMA MOBILIDADE LTDA,nao_e_registro,,1413702,3200.00,Locação de Veículos,,2026-08-11T18:09:30
2023,2023-11,2023-11-29,Deputado João Cardoso,JOAO CARDOSO,SUPREMA MOBILIDADE LTDA,nao_e_registro,,1467385,3200.00,Locação de Veículos,,2026-08-11T18:09:30
2023,2023-02,2023-02-03,Iolando Almeida,IOLANDO,SUPREMA MOBILIDADE LTDA,cnpj,24894397000170,25.0,1500.00,Locação de Veículos,,2026-08-11T18:09:30
2023,2023-03,2023-03-08,Iolando Almeida,IOLANDO,SUPREMA MOBILIDADE LTDA,cnpj,24894397000170,84.0,4500.00,Locação de Veículos,,2026-08-11T18:09:30
2023,2023-04,2023-04-03,Iolando Almeida,IOLANDO,SUPREMA MOBILIDADE LTDA,cnpj,24894397000170,125.0,4500.00,Locação de Veículos,,2026-08-11T18:09:30
2023,2023-04,2023-04-04,Iolando Almeida,IOLANDO,SUPREMA MOBILIDADE LTDA,cnpj,24894397000170,316.0,6300.00,Locação de Veículos,,2026-08-11T18:09:30
2023,2023-05,2023-05-04,Iolando Almeida,IOLANDO,SUPREMA MOBILIDADE LTDA,cnpj,24894397000170,191.0,6300.00,Locação de Veículos,,2026-08-11T18:09:30
2023,2023-06,2023-06-01,Iolando Almeida,IOLANDO,SUPREMA MOBILIDADE LTDA,cnpj,24894397000170,240.0,6300.00,Locação de Veículos,,2026-08-11T18:09:30
2023,2023-08,2023-08-02,Iolando Almeida,IOLANDO,SUPREMA MOBILIDADE LTDA,cnpj,24894397000170,362.0,6300.00,Locação de Veículos,,2026-08-11T18:09:30
2023,2023-09,2023-09-01,Iolando Almeida,IOLANDO,SUPREMA MOBILIDADE LTDA,cnpj,24894397000170,439.0,6300.00,Locação de Veículos,,2026-08-11T18:09:30
2023,2023-05,2023-05-02,Deputada Paula Belmonte,PAULA BELMONTE,Suprema Mobilidade Ltda,cnpj,24894397000170,1151614,3500.00,Locação de Veículos,,2026-08-11T18:09:30
2023,2023-05,2023-05-25,Deputada Paula Belmonte,PAULA BELMONTE,Suprema Mobilidade Ltda,cnpj,24894397000170,1191965,3500.00,Locação de Veículos,,2026-08-11T18:09:30
2023,2023-06,2023-06-29,Deputada Paula Belmonte,PAULA BELMONTE,Suprema Mobilidade Ltda,cnpj,24894397000170,1244273,3500.00,Locação de Veículos,,2026-08-11T18:09:30
2023,2023-08,2023-08-02,Deputada Paula Belmonte,PAULA BELMONTE,Suprema Mobilidade Ltda,cnpj,24894397000170,1289546,3500.00,Locação de Veículos,,2026-08-11T18:09:30
2023,2023-08,2023-08-08,Deputada Paula Belmonte,PAULA BELMONTE,Suprema Mobilidade Ltda,cnpj,24894397000170,1289551,3000.00,Locação de Veículos,,2026-08-11T18:09:30
2023,2023-08,2023-08-30,Deputada Paula Belmonte,PAULA BELMONTE,Suprema Mobilidade Ltda,cnpj,24894397000170,1325190,3000.00,Locação de Veículos,,2026-08-11T18:09:30
2023,2023-08,2023-08-30,Deputada Paula Belmonte,PAULA BELMONTE,Suprema Mobilidade Ltda,cnpj,24894397000170,1325287,3500.00,Locação de Veículos,,2026-08-11T18:09:30
2023,2023-10,2023-10-02,Deputada Paula Belmonte,PAULA BELMONTE,Suprema Mobilidade Ltda,cnpj,24894397000170,1374228,3500.00,Locação de Veículos,,2026-08-11T18:09:30
2023,2023-11,2023-11-07,Deputada Paula Belmonte,PAULA BELMONTE,Suprema Mobilidade Ltda,cnpj,24894397000170,1426824,3500.00,Locação de Veículos,,2026-08-11T18:09:30
2023,2023-12,2023-12-01,Deputada Paula Belmonte,PAULA BELMONTE,Suprema Mobilidade Ltda,cnpj,24894397000170,1464085,3500.00,Locação de Veículos,,2026-08-11T18:09:30
2023,2023-04,2023-04-03,Bernardo Rogério Mata de Araújo Júnior,,Pantanal Veículos Ltda,cnpj_sem_zeros_a_esquerda,07319323000191,Fatura 23.532 (DOC SEI 1128601),5500.00,Locação de veículos,Locação de veículo exercício do mandato parlamentar.,2026-08-11T18:09:30
2023,2023-05,2023-05-04,Bernardo Rogério Mata de Araújo Júnior,,Pantanal Veículos Ltda,cnpj_sem_zeros_a_esquerda,07319323000191,Fatura 23.652 (DOC SEI 1169343),5500.00,Locação de veículos,Locação de veículo exercício do mandato parlamentar.,2026-08-11T18:09:30
2023,2023-06,2023-06-01,Bernardo Rogério Mata de Araújo Júnior,,Pantanal Veículos Ltda,cnpj_sem_zeros_a_esquerda,07319323000191,Fatura 23.817 (DOC SEI 1204765),5500.00,Locação de veículos,Locação de veículo exercício do mandato parlamentar.,2026-08-11T18:09:30
2023,2023-07,2023-07-03,Bernardo Rogério Mata de Araújo Júnior,,Pantanal Veículos Ltda,cnpj_sem_zeros_a_esquerda,07319323000191,Fatura 23.941 (DOC SEI 1252389),5500.00,Locação de veículos,Locação de veículo exercício do mandato parlamentar.,2026-08-11T18:09:30
2023,2023-08,2023-08-01,Bernardo Rogério Mata de Araújo Júnior,,Pantanal Veículos Ltda,cnpj_sem_zeros_a_esquerda,07319323000191,Fatura 24.130 (DOC SEI 1296294),5500.00,Locação de veículos,Locação de veículo exercício do mandato parlamentar.,2026-08-11T18:09:30
2023,2023-09,2023-09-01,Bernardo Rogério Mata de Araújo Júnior,,Pantanal Veículos Ltda,cnpj_sem_zeros_a_esquerda,07319323000191,Fatura 24.366 (DOC SEI 1329673),5500.00,Locação de veículos,Locação de veículo exercício do mandato parlamentar.,2026-08-11T18:09:30
2023,2023-10,2023-10-02,Bernardo Rogério Mata de Araújo Júnior,,Pantanal Veículos Ltda,cnpj_sem_zeros_a_esquerda,07319323000191,Fatura 24.502 (DOC SEI 1366659),5500.00,Locação de veículos,Locação de veículo exercício do mandato parlamentar.,2026-08-11T18:09:30
2023,2023-02,2023-02-01,FÁBIO FELIX SILVEIRA,FABIO FELIX,INVESTCAR VEÍCULOS LTDA,cnpj_sem_zeros_a_esquerda,01615224000170,NF 16,2700.00,LOCAÇÃO DE VEICULOS,,2026-08-11T18:09:30
2023,2023-03,2023-03-01,FÁBIO FELIX SILVEIRA,FABIO FELIX,INVESTCAR VEÍCULOS LTDA,cnpj_sem_zeros_a_esquerda,01615224000170,NF 40,2700.00,LOCAÇÃO DE VEICULOS,,2026-08-11T18:09:30
2023,2023-04,2023-04-03,FÁBIO FELIX SILVEIRA,FABIO FELIX,INVESTCAR VEÍCULOS LTDA,cnpj_sem_zeros_a_esquerda,01615224000170,NF 54,2700.00,LOCAÇÃO DE VEICULOS,,2026-08-11T18:09:30
2023,2023-05,2023-05-02,FÁBIO FELIX SILVEIRA,FABIO FELIX,INVESTCAR VEÍCULOS LTDA,cnpj_sem_zeros_a_esquerda,01615224000170,NF 70,2700.00,LOCAÇÃO DE VEICULOS,,2026-08-11T18:09:30
2023,2023-06,2023-06-01,FÁBIO FELIX SILVEIRA,FABIO FELIX,INVESTCAR VEÍCULOS LTDA,cnpj_sem_zeros_a_esquerda,01615224000170,NF 88,2700.00,LOCAÇÃO DE VEICULOS,,2026-08-11T18:09:30
2023,2023-07,2023-07-03,FÁBIO FELIX SILVEIRA,FABIO FELIX,INVESTCAR VEÍCULOS LTDA,cnpj_sem_zeros_a_esquerda,01615224000170,NF 118,2700.00,LOCAÇÃO DE VEICULOS,,2026-08-11T18:09:30
2023,2023-08,2023-08-01,FÁBIO FELIX SILVEIRA,FABIO FELIX,INVESTCAR VEÍCULOS LTDA,cnpj_sem_zeros_a_esquerda,01615224000170,NF 140,2700.00,LOCAÇÃO DE VEICULOS,,2026-08-11T18:09:30
2023,2023-09,2023-09-01,FÁBIO FELIX SILVEIRA,FABIO FELIX,INVESTCAR VEÍCULOS LTDA,cnpj_sem_zeros_a_esquerda,01615224000170,NF 162,2700.00,LOCAÇÃO DE VEICULOS,,2026-08-11T18:09:30
2023,2023-09,2023-09-02,FÁBIO FELIX SILVEIRA,FABIO FELIX,INVESTCAR VEÍCULOS LTDA,cnpj_sem_zeros_a_esquerda,01615224000170,NF,2700.00,LOCAÇÃO DE VEICULOS,,2026-08-11T18:09:30
2023,2023-11,2023-11-01,FÁBIO FELIX SILVEIRA,FABIO FELIX,INVESTCAR VEÍCULOS LTDA,cnpj_sem_zeros_a_esquerda,01615224000170,NF 208,2700.00,LOCAÇÃO DE VEICULOS,,2026-08-11T18:09:30
2023,2023-02,2023-02-01,Max Maciel Cavalcanti,MAX MACIEL,Gold Car Brasília Locadora de veículos,cnpj,26735227000179,01361,2900.00,Locação de veículo,,2026-08-11T18:09:30
2023,2023-03,2023-03-01,Max Maciel Cavalcanti,MAX MACIEL,Gold Car Brasília Locadora de veículos,cnpj,26735227000179,01369,2900.00,Locação de veículo,,2026-08-11T18:09:30
2023,2023-04,2023-04-03,Max Maciel Cavalcanti,MAX MACIEL,Gold Car Brasília Locadora de veículos,cnpj,26735227000179,01393,2900.00,Locação de veículo,,2026-08-11T18:09:30
2023,2023-05,2023-05-02,Max Maciel Cavalcanti,MAX MACIEL,Gold Car Brasília Locadora de veículos,cnpj,26735227000179,01428,2900.00,Locação de veículo,,2026-08-11T18:09:30
2023,2023-06,2023-06-01,Max Maciel Cavalcanti,MAX MACIEL,Gold Car Brasília Locadora de veículos,cnpj,26735227000179,01436,2900.00,Locação de veículo,,2026-08-11T18:09:30
2023,2023-07,2023-07-03,Max Maciel Cavalcanti,MAX MACIEL,Gold Car Brasília Locadora de veículos,cnpj,26735227000179,01460,2900.00,Locação de veículo,,2026-08-11T18:09:30
2023,2023-08,2023-08-01,Max Maciel Cavalcanti,MAX MACIEL,Gold Car Brasília Locadora de veículos,cnpj,26735227000179,01483,2900.00,Locação de veículo,,2026-08-11T18:09:30
2023,2023-09,2023-09-01,Max Maciel Cavalcanti,MAX MACIEL,Gold Car Brasília Locadora de veículos,cnpj,26735227000179,01453,2900.00,Locação de veículo,,2026-08-11T18:09:30
2023,2023-10,2023-10-02,Max Maciel Cavalcanti,MAX MACIEL,Gold Car Brasília Locadora de veículos,cnpj,26735227000179,01472,2900.00,Locação de veículo,,2026-08-11T18:09:30
2023,2023-11,2023-11-01,Max Maciel Cavalcanti,MAX MACIEL,Gold Car Brasília Locadora de veículos,cnpj,26735227000179,01536,2900.00,Locação de veículo,,2026-08-11T18:09:30
2023,2023-04,2023-04-03,Jane Klébia do Nascimento da Silva,DOUTORA JANE,Eldorado Frotas Ltda,cnpj,41685059000148,1117588.0,4800.00,Locação de veículo,,2026-08-11T18:09:30
2023,2023-04,2023-04-28,Jane Klébia do Nascimento da Silva,DOUTORA JANE,Eldorado Frotas,cnpj,41685059000148,1169653.0,4800.00,Locação de veículo,,2026-08-11T18:09:30
2023,2023-06,2023-06-02,Jane Klébia do Nascimento da Silva,DOUTORA JANE,Eldorado Frotas,cnpj,41685059000148,1218202.0,4800.00,Locação de veículo,,2026-08-11T18:09:30
2023,2023-07,2023-07-03,Jane Klébia do Nascimento da Silva,DOUTORA JANE,Eldorado Frotas,cnpj,41685059000148,1255268.0,4800.00,Locação de veículo,,2026-08-11T18:09:30
2023,2023-08,2023-08-02,Jane Klébia do Nascimento da Silva,DOUTORA JANE,Eldorado Frotas,cnpj,41685059000148,1293620.0,4800.00,Locação de veículo,,2026-08-11T18:09:30
2023,2023-09,2023-09-01,Jane Klébia do Nascimento da Silva,DOUTORA JANE,Eldorado Frotas,cnpj,41685059000148,1332966.0,4800.00,Locação de veículo,,2026-08-11T18:09:30
2023,2023-02,2023-02-15,Dep. PEPA,PEPA,RICARDO VEICULOS LTDA.,cnpj_sem_zeros_a_esquerda,06259847000171,1076467,5500.00,Locação de veículo,,2026-08-11T18:09:30
2023,2023-03,2023-03-30,Dep. PEPA,PEPA,RICARDO VEICULOS LTDA.,cnpj_sem_zeros_a_esquerda,06259847000171,1126368,5500.00,Locação de veículo,,2026-08-11T18:09:30
2023,2023-04,2023-04-29,Dep. PEPA,PEPA,RICARDO VEICULOS LTDA.,cnpj_sem_zeros_a_esquerda,06259847000171,1168729,5500.00,Locação de veículo,,2026-08-11T18:09:30
2023,2023-05,2023-05-26,Dep. PEPA,PEPA,RICARDO VEICULOS LTDA.,cnpj_sem_zeros_a_esquerda,06259847000171,1214147,5500.00,Locação de veículo,,2026-08-11T18:09:30
2023,2023-06,2023-06-29,Dep. PEPA,PEPA,RICARDO VEICULOS LTDA.,cnpj_sem_zeros_a_esquerda,06259847000171,1261606,5500.00,Locação de veículo,,2026-08-11T18:09:30
2023,2023-07,2023-07-26,Dep. PEPA,PEPA,RICARDO VEICULOS LTDA.,cnpj_sem_zeros_a_esquerda,06259847000171,1292425,5500.00,Locação de veículo,,2026-08-11T18:09:30
2023,2023-08,2023-08-30,Dep. PEPA,PEPA,RICARDO VEICULOS LTDA.,cnpj_sem_zeros_a_esquerda,06259847000171,1333124,5500.00,Locação de veículo,,2026-08-11T18:09:30
2023,2023-09,2023-09-25,Dep. PEPA,PEPA,RICARDO VEICULOS LTDA.,cnpj_sem_zeros_a_esquerda,06259847000171,1386124,5500.00,Locação de veículo,,2026-08-11T18:09:30
2023,2023-02,2023-02-03,Martins Machado,MARTINS MACHADO,Susan Kelly Vilanova Passos Gonçalves - ME,cnpj,30054014000159,1,5890.00,Locação de Veículo,,2026-08-11T18:09:30
2023,2023-02,2023-02-28,Martins Machado,MARTINS MACHADO,Susan Kelly Vilanova Passos Gonçalves - ME,cnpj,30054014000159,4,5890.00,Locação de Veículo,,2026-08-11T18:09:30
2023,2023-03,2023-03-31,Martins Machado,MARTINS MACHADO,Eldourado Frotas Ltda,cnpj,41685059000148,5,5990.00,Locação de Veículo,,2026-08-11T18:09:30
2023,2023-04,2023-04-28,Martins Machado,MARTINS MACHADO,Eldourado Frotas Ltda,cnpj,41685059000148,8,5990.00,Locação de Veículo,,2026-08-11T18:09:30
2023,2023-06,2023-06-02,Martins Machado,MARTINS MACHADO,Eldourado Frotas Ltda,cnpj,41685059000148,11,5990.00,Locação de Veículo,,2026-08-11T18:09:30
2023,2023-07,2023-07-03,Martins Machado,MARTINS MACHADO,Eldourado Frotas Ltda,cnpj,41685059000148,14,5990.00,Locação de Veículo,,2026-08-11T18:09:30
2023,2023-08,2023-08-02,Martins Machado,MARTINS MACHADO,Eldourado Frotas Ltda,cnpj,41685059000148,18,5990.00,Locação de Veículo,,2026-08-11T18:09:30
2023,2023-09,2023-09-01,Martins Machado,MARTINS MACHADO,Eldourado Frotas Ltda,cnpj,41685059000148,21,5990.00,Locação de Veículo,,2026-08-11T18:09:30
2023,2023-10,2023-10-02,Martins Machado,MARTINS MACHADO,Eldourado Frotas Ltda,cnpj,41685059000148,25,5990.00,Locação de Veículo,,2026-08-11T18:09:30
2023,2023-11,2023-11-01,Martins Machado,MARTINS MACHADO,Eldourado Frotas Ltda,cnpj,41685059000148,29,5990.00,Locação de Veículo,,2026-08-11T18:09:30
2023,2023-12,2023-12-04,Martins Machado,MARTINS MACHADO,Eldourado Frotas Ltda,cnpj,41685059000148,34,5990.00,Locação de Veículo,,2026-08-11T18:09:30
2023,2023-02,2023-02-01,Deputado Roosevelt Vilela,ROOSEVELT VILELA,PONTA LOCAÇÃO DE VEICULOS LTDA,cnpj,42761872000112,1035294,5900.00,Locação de Veículo,,2026-08-11T18:09:30
2023,2023-03,2023-03-01,Deputado Roosevelt Vilela,ROOSEVELT VILELA,PONTA LOCAÇÃO DE VEICULOS LTDA,cnpj,42761872000112,1075334,5900.00,Locação de Veículo,,2026-08-11T18:09:30
2023,2023-04,2023-04-03,Deputado Roosevelt Vilela,ROOSEVELT VILELA,PONTA LOCAÇÃO DE VEICULOS LTDA,cnpj,42761872000112,1117434,5900.00,Locação de Veículo,,2026-08-11T18:09:30
2023,2023-05,2023-05-01,Deputado Roosevelt Vilela,ROOSEVELT VILELA,PONTA LOCAÇÃO DE VEICULOS LTDA,cnpj,42761872000112,1153706,5900.00,Locação de Veículo,,2026-08-11T18:09:30
2023,2023-06,2023-06-05,Deputado Roosevelt Vilela,ROOSEVELT VILELA,PONTA LOCAÇÃO DE VEICULOS LTDA,cnpj,42761872000112,1207552,5900.00,Locação de Veículo,,2026-08-11T18:09:30
2023,2023-07,2023-07-03,Deputado Roosevelt Vilela,ROOSEVELT VILELA,PONTA LOCAÇÃO DE VEICULOS LTDA,cnpj,42761872000112,1249028,5900.00,Locação de Veículo,,2026-08-11T18:09:30
2023,2023-08,2023-08-01,Deputado Roosevelt Vilela,ROOSEVELT VILELA,PONTA LOCAÇÃO DE VEICULOS LTDA,cnpj,42761872000112,1295613,5900.00,Locação de Veículo,,2026-08-11T18:09:30
2023,2023-09,2023-09-01,Deputado Roosevelt Vilela,ROOSEVELT VILELA,PONTA LOCAÇÃO DE VEICULOS LTDA,cnpj,42761872000112,1327253,3349.00,Locação de Veículo,,2026-08-11T18:09:30
2023,2023-10,2023-10-02,Deputado Roosevelt Vilela,ROOSEVELT VILELA,PONTA LOCAÇÃO DE VEICULOS LTDA,cnpj,42761872000112,1366826,3349.00,Locação de Veículo,,2026-08-11T18:09:30
2023,2023-11,2023-11-07,Deputado Roosevelt Vilela,ROOSEVELT VILELA,GOLD CAR BRASILIA LOCACAO DE VEICULOS LTDA,cnpj,26735227000179,1423527,3400.00,Locação de Veículo,,2026-08-11T18:09:30
2023,2023-12,2023-12-04,Deputado Roosevelt Vilela,ROOSEVELT VILELA,GOLD CAR BRASILIA LOCACAO DE VEICULOS LTDA,cnpj,26735227000179,1463978,3400.00,Locação de Veículo,,2026-08-11T18:09:30
2023,2023-01,2023-01-09,Dayse Amarílio Donetts Diniz,DAYSE AMARILIO,Gold Car Brasília Locadora de Veículos,cnpj,26735227000179,1360.0,2342.00,Locação de veículo,,2026-08-11T18:09:30
2023,2023-03,2023-03-01,Dayse Amarílio Donetts Diniz,DAYSE AMARILIO,Gold Car Brasília Locadora de Veículos,cnpj,26735227000179,1368.0,3300.00,Locação de veículo,,2026-08-11T18:09:30
2023,2023-04,2023-04-03,Dayse Amarílio Donetts Diniz,DAYSE AMARILIO,Gold Car Brasília Locadora de Veículos,cnpj,26735227000179,1392.0,3300.00,Locação de veículo,,2026-08-11T18:09:30
2023,2023-05,2023-05-01,Dayse Amarílio Donetts Diniz,DAYSE AMARILIO,Gold Car Brasília Locadora de Veículos,cnpj,26735227000179,1413.0,3300.00,Locação de veículo,,2026-08-11T18:09:30
2023,2023-06,2023-06-01,Dayse Amarílio Donetts Diniz,DAYSE AMARILIO,Gold Car Brasília Locadora de Veículos,cnpj,26735227000179,1435.0,3300.00,Locação de veículo,,2026-08-11T18:09:30
2023,2023-07,2023-07-03,Dayse Amarílio Donetts Diniz,DAYSE AMARILIO,Gold Car Brasília Locadora de Veículos,cnpj,26735227000179,1459.0,3300.00,Locação de veículo,,2026-08-11T18:09:30
2023,2023-08,2023-08-01,Dayse Amarílio Donetts Diniz,DAYSE AMARILIO,Gold Car Brasília Locadora de Veículos,cnpj,26735227000179,1482.0,3300.00,Locação de veículo,,2026-08-11T18:09:30
2023,2023-09,2023-09-01,Dayse Amarílio Donetts Diniz,DAYSE AMARILIO,Gold Car Brasília Locadora de Veículos,cnpj,26735227000179,1452.0,3300.00,Locação de veículo,,2026-08-11T18:09:30
2023,2023-03,2023-03-01,Deputado Daniel Donizet,DANIEL DONIZET,GOLD CAR BRASILIA LOCADORA DE VEICULO ME,cnpj,26735227000179,1370.0,5500.00,Locação de Veiculo,,2026-08-11T18:09:30
2023,2023-04,2023-04-03,Deputado Daniel Donizet,DANIEL DONIZET,GOLD CAR BRASILIA LOCADORA DE VEICULO ME,cnpj,26735227000179,1394.0,5500.00,Locação de Veiculo,,2026-08-11T18:09:30
2023,2023-05,2023-05-01,Deputado Daniel Donizet,DANIEL DONIZET,GOLD CAR BRASILIA LOCADORA DE VEICULO ME,cnpj,26735227000179,1415.0,5500.00,Locação de Veiculo,,2026-08-11T18:09:30
2023,2023-06,2023-06-01,Deputado Daniel Donizet,DANIEL DONIZET,GOLD CAR BRASILIA LOCADORA DE VEICULO ME,cnpj,26735227000179,1439.0,5500.00,Locação de Veiculo,,2026-08-11T18:09:30
2023,2023-07,2023-07-03,Deputado Daniel Donizet,DANIEL DONIZET,GOLD CAR BRASILIA LOCADORA DE VEICULO ME,cnpj,26735227000179,1461.0,5500.00,Locação de Veiculo,,2026-08-11T18:09:30
2023,2023-08,2023-08-01,Deputado Daniel Donizet,DANIEL DONIZET,GOLD CAR BRASILIA LOCADORA DE VEICULO ME,cnpj,26735227000179,1484.0,5500.00,Locação de Veiculo,,2026-08-11T18:09:30
2023,2023-09,2023-09-01,Deputado Daniel Donizet,DANIEL DONIZET,GOLD CAR BRASILIA LOCADORA DE VEICULO ME,cnpj,26735227000179,1454.0,5500.00,Locação de Veiculo,,2026-08-11T18:09:30
2023,2023-10,2023-10-02,Deputado Daniel Donizet,DANIEL DONIZET,GOLD CAR BRASILIA LOCADORA DE VEICULO ME,cnpj,26735227000179,1473.0,5500.00,Locação de Veiculo,,2026-08-11T18:09:30
2023,2023-05,2023-05-30,Max Maciel Cavalcanti,MAX MACIEL,Flavia Silva de Andrade,cnpj,31106105000153,9.0,4000.00,Locação de máquinas e equipamentos,,2026-08-11T18:09:30
2023,,,Deputado Hermeto,HERMETO,Noécia Martins de Godoi,cpf_redigido,,,3500.00,Locação de Imóvel,,2026-08-11T18:09:30
2023,2023-07,2023-07-28,Deputado Hermeto,HERMETO,Noécia Martins de Godoi,cpf_redigido,,1.0,3500.00,Locação de Imóvel,,2026-08-11T18:09:30
2023,2023-08,2023-08-24,Deputado Hermeto,HERMETO,Noécia Martins de Godoi,cpf_redigido,,2.0,3500.00,Locação de Imóvel,,2026-08-11T18:09:30
2023,2023-09,2023-09-26,Deputado Hermeto,HERMETO,Noécia Martins de Godoi,cpf_redigido,,3.0,3500.00,Locação de Imóvel,,2026-08-11T18:09:30
2023,2023-10,2023-10-26,Deputado Hermeto,HERMETO,Noécia Martins de Godoi,cpf_redigido,,4.0,3500.00,Locação de Imóvel,,2026-08-11T18:09:30
2023,2023-11,2023-11-24,Deputado Hermeto,HERMETO,Noécia Martins de Godoi,cpf_redigido,,5.0,3500.00,Locação de Imóvel,,2026-08-11T18:09:30
2023,2023-01,2023-01-31,Deputado João Cardoso,JOAO CARDOSO,FLAVIANE DE JESUS MOTA,vazio,,1036860,1500.00,Locação de Imóvel,,2026-08-11T18:09:30
2023,2023-02,2023-02-28,Deputado João Cardoso,JOAO CARDOSO,FLAVIANE DE JESUS MOTA,vazio,,1077483,1600.00,Locação de Imóvel,,2026-08-11T18:09:30
2023,2023-03,2023-03-30,Deputado João Cardoso,JOAO CARDOSO,FLAVIANE DE JESUS MOTA,vazio,,1119642,1600.00,Locação de Imóvel,,2026-08-11T18:09:30
2023,2023-04,2023-04-26,Deputado João Cardoso,JOAO CARDOSO,FLAVIANE DE JESUS MOTA,vazio,,1164491,1600.00,Locação de Imóvel,,2026-08-11T18:09:30
2023,2023-05,2023-05-15,Deputado João Cardoso,JOAO CARDOSO,FLAVIANE DE JESUS MOTA,vazio,,1196941,378.00,Locação de Imóvel,,2026-08-11T18:09:30
2023,2023-05,2023-05-30,Deputado João Cardoso,JOAO CARDOSO,FLAVIANE DE JESUS MOTA,vazio,,1196941,1600.00,Locação de Imóvel,,2026-08-11T18:09:30
2023,2023-06,2023-06-27,Deputado João Cardoso,JOAO CARDOSO,FLAVIANE DE JESUS MOTA,vazio,,1251264,1600.00,Locação de Imóvel,,2026-08-11T18:09:30
2023,2023-07,2023-07-27,Deputado João Cardoso,JOAO CARDOSO,FLAVIANE DE JESUS MOTA,vazio,,1279832,1600.00,Locação de Imóvel,,2026-08-11T18:09:30
2023,2023-08,2023-08-28,Deputado João Cardoso,JOAO CARDOSO,FLAVIANE DE JESUS MOTA,vazio,,1325217,1600.00,Locação de Imóvel,,2026-08-11T18:09:30
2023,2023-09,2023-09-28,Deputado João Cardoso,JOAO CARDOSO,FLAVIANE DE JESUS MOTA,vazio,,1377407,1600.00,Locação de Imóvel,,2026-08-11T18:09:30
2023,2023-10,2023-10-27,Deputado João Cardoso,JOAO CARDOSO,FLAVIANE DE JESUS MOTA,vazio,,1413702,1600.00,Locação de Imóvel,,2026-08-11T18:09:30
2023,2023-11,2023-11-29,Deputado João Cardoso,JOAO CARDOSO,FLAVIANE DE JESUS MOTA,vazio,,1467385,1600.00,Locação de Imóvel,,2026-08-11T18:09:30
2023,2023-02,2023-02-10,Dep. PEPA,PEPA,TRADICIONAL IMOBILIÁRIA EIRELI,cnpj,23312516000177,1076507,1600.00,Locação de imóvel,,2026-08-11T18:09:30
2023,2023-03,2023-03-30,Dep. PEPA,PEPA,TRADICIONAL IMOBILIÁRIA EIRELI,cnpj,23312516000177,1126368,2000.00,Locação de imóvel,,2026-08-11T18:09:30
2023,2023-04,2023-04-29,Dep. PEPA,PEPA,TRADICIONAL IMOBILIÁRIA EIRELI,cnpj,23312516000177,1168729,2100.00,Locação de imóvel,,2026-08-11T18:09:30
2023,2023-05,2023-05-26,Dep. PEPA,PEPA,TRADICIONAL IMOBILIÁRIA EIRELI,cnpj,23312516000177,1214147,2100.00,Locação de imóvel,,2026-08-11T18:09:30
2023,2023-06,2023-06-30,Dep. PEPA,PEPA,TRADICIONAL IMOBILIÁRIA EIRELI,cnpj,23312516000177,1261606,2100.00,Locação de imóvel,,2026-08-11T18:09:30
2023,2023-07,2023-07-26,Dep. PEPA,PEPA,TRADICIONAL IMOBILIÁRIA EIRELI,cnpj,23312516000177,1292425,2100.00,Locação de imóvel,,2026-08-11T18:09:30
2023,2023-08,2023-08-31,Dep. PEPA,PEPA,TRADICIONAL IMOBILIÁRIA EIRELI,cnpj,23312516000177,1333124,2100.00,Locação de imóvel,,2026-08-11T18:09:30
2023,2023-09,2023-09-25,Dep. PEPA,PEPA,TRADICIONAL IMOBILIÁRIA EIRELI,cnpj,23312516000177,1386124,2100.00,Locação de imóvel,,2026-08-11T18:09:30
2023,2023-10,2023-10-04,FÁBIO FELIX SILVEIRA,FABIO FELIX,AGUIAR DE VASCONCELOS,cnpj_sem_zeros_a_esquerda,00656967000126,,7164.99,LOCAÇÃO DE IMOVEIS,,2026-08-11T18:09:30
2023,2023-04,2023-04-05,Deputado Thiago De Araújo Macieira Manzoni,THIAGO MANZONI,LOCATI SERV E LOCACAO DE EQUIPTOS DE INFORMATICA LTDA - CONTRATO I,cnpj,48423624000148,1148376.0,937.64,"Locação de bens móveis, máquinas e equipamentos",,2026-08-11T18:09:30
2023,2023-04,2023-04-05,Deputado Thiago De Araújo Macieira Manzoni,THIAGO MANZONI,LOCATI SERV E LOCACAO DE EQUIPTOS DE INFORMATICA LTDA - CONTRATO II,cnpj,48423624000148,1148376.0,212.67,"Locação de bens móveis, máquinas e equipamentos",,2026-08-11T18:09:30
2023,2023-04,2023-04-05,Deputado Thiago De Araújo Macieira Manzoni,THIAGO MANZONI,LOCATI SERV E LOCACAO DE EQUIPTOS DE INFORMATICA LTDA - CONTRATO III,cnpj,48423624000148,1148376.0,230.00,"Locação de bens móveis, máquinas e equipamentos",,2026-08-11T18:09:30
2023,2023-05,2023-05-08,Deputado Thiago De Araújo Macieira Manzoni,THIAGO MANZONI,LOCATI SERV E LOCACAO DE EQUIPTOS DE INFORMATICA LTDA - CONTRATO I - PERÍODO DE 01/04 À 30/04/2023,cnpj,48423624000148,1201142.0,230.00,"Locação de bens móveis, máquinas e equipamentos",,2026-08-11T18:09:30
2023,2023-05,2023-05-08,Deputado Thiago De Araújo Macieira Manzoni,THIAGO MANZONI,LOCATI SERV E LOCACAO DE EQUIPTOS DE INFORMATICA LTDA - CONTRATO II- PERÍODO DE 01/04 À 30/04/2023,cnpj,48423624000148,1201142.0,290.00,"Locação de bens móveis, máquinas e equipamentos",,2026-08-11T18:09:30
2023,2023-05,2023-05-08,Deputado Thiago De Araújo Macieira Manzoni,THIAGO MANZONI,LOCATI SERV E LOCACAO DE EQUIPTOS DE INFORMATICA LTDA - CONTRATO III- PERÍODO DE 01/04 À 30/04/2023,cnpj,48423624000148,1201142.0,970.00,"Locação de bens móveis, máquinas e equipamentos",,2026-08-11T18:09:30
2023,2023-05,2023-05-31,Deputado Thiago De Araújo Macieira Manzoni,THIAGO MANZONI,LOCATI SERV E LOCACAO DE EQUIPTOS DE INFORMATICA LTDA - CONTRATO I - PERÍODO DE 01/05 À 31/05/2023,cnpj,48423624000148,1201142.0,970.00,"Locação de bens móveis, máquinas e equipamentos",,2026-08-11T18:09:30
2023,2023-05,2023-05-31,Deputado Thiago De Araújo Macieira Manzoni,THIAGO MANZONI,LOCATI SERV E LOCACAO DE EQUIPTOS DE INFORMATICA LTDA - CONTRATO III- PERÍODO DE 01/05 À 31/05/2023,cnpj,48423624000148,1201142.0,290.00,"Locação de bens móveis, máquinas e equipamentos",,2026-08-11T18:09:30
2023,2023-06,2023-06-29,Deputado Thiago De Araújo Macieira Manzoni,THIAGO MANZONI,LOCATI SERV E LOCACAO DE EQUIPTOS DE INFORMATICA LTDA - CONTRATO I - PERÍODO DE 01/04 À 30/04/2023,cnpj,48423624000148,1249843.0,230.00,"Locação de bens móveis, máquinas e equipamentos",,2026-08-11T18:09:30
2023,2023-06,2023-06-29,Deputado Thiago De Araújo Macieira Manzoni,THIAGO MANZONI,LOCATI SERV E LOCACAO DE EQUIPTOS DE INFORMATICA LTDA - CONTRATO II- PERÍODO DE 01/04 À 30/04/2023,cnpj,48423624000148,1249843.0,290.00,"Locação de bens móveis, máquinas e equipamentos",,2026-08-11T18:09:30
2023,2023-06,2023-06-30,Deputado Thiago De Araújo Macieira Manzoni,THIAGO MANZONI,LOCATI SERV E LOCACAO DE EQUIPTOS DE INFORMATICA LTDA - CONTRATO III- PERÍODO DE 01/04 À 30/04/2023,cnpj,48423624000148,1249843.0,970.00,"Locação de bens móveis, máquinas e equipamentos",,2026-08-11T18:09:30
2023,2023-08,2023-08-31,Deputado Thiago De Araújo Macieira Manzoni,THIAGO MANZONI,LOCATI SERV E LOCACAO DE EQUIPTOS DE INFORMATICA LTDA - CONTRATO I - PERÍODO DE 01/08 À 30/04/2023,cnpj,48423624000148,1325225.0,230.00,"Locação de bens móveis, máquinas e equipamentos",,2026-08-11T18:09:30
2023,2023-08,2023-08-31,Deputado Thiago De Araújo Macieira Manzoni,THIAGO MANZONI,LOCATI SERV E LOCACAO DE EQUIPTOS DE INFORMATICA LTDA - CONTRATO II- PERÍODO DE 01/04 À 30/04/2023,cnpj,48423624000148,1325225.0,290.00,"Locação de bens móveis, máquinas e equipamentos",,2026-08-11T18:09:30
2023,2023-08,2023-08-31,Deputado Thiago De Araújo Macieira Manzoni,THIAGO MANZONI,LOCATI SERV E LOCACAO DE EQUIPTOS DE INFORMATICA LTDA - CONTRATO III- PERÍODO DE 01/04 À 30/04/2023,cnpj,48423624000148,1325225.0,970.00,"Locação de bens móveis, máquinas e equipamentos",,2026-08-11T18:09:30
2023,2023-09,2023-09-25,Deputado Thiago De Araújo Macieira Manzoni,THIAGO MANZONI,LOCATI SERV E LOCACAO DE EQUIPTOS DE INFORMATICA LTDA - CONTRATO I - PERÍODO DE 01/08 À 30/04/2023,cnpj,48423624000148,1371497.0,230.00,"Locação de bens móveis, máquinas e equipamentos",,2026-08-11T18:09:30
2023,2023-09,2023-09-25,Deputado Thiago De Araújo Macieira Manzoni,THIAGO MANZONI,LOCATI SERV E LOCACAO DE EQUIPTOS DE INFORMATICA LTDA - CONTRATO II- PERÍODO DE 01/04 À 30/04/2023,cnpj,48423624000148,1371497.0,290.00,"Locação de bens móveis, máquinas e equipamentos",,2026-08-11T18:09:30
2023,2023-09,2023-09-25,Deputado Thiago De Araújo Macieira Manzoni,THIAGO MANZONI,LOCATI SERV E LOCACAO DE EQUIPTOS DE INFORMATICA LTDA - CONTRATO III- PERÍODO DE 01/04 À 30/04/2023,cnpj,48423624000148,1371497.0,970.00,"Locação de bens móveis, máquinas e equipamentos",,2026-08-11T18:09:30
2023,2023-11,2023-11-01,FÁBIO FELIX SILVEIRA,FABIO FELIX,VIVO,vazio,,,40.01,INTERNET,,2026-08-11T18:09:30
2023,2023-10,2023-10-28,FÁBIO FELIX SILVEIRA,FABIO FELIX,NEOENERGIA,vazio,,,87.28,ENERGIA,,2026-08-11T18:09:30
2023,,,CHICO VIGILANTE,CHICO VIGILANTE,Jonathas Holanda Barbosa,vazio,,15 Cheque n.º 700359,3000.00,Divulgação parlamentar,,2026-08-11T18:09:30
2023,,30/092023,CHICO VIGILANTE,CHICO VIGILANTE,Jonathas Holanda Barbosa,vazio,,2 cheque BRB n.º 700363,3000.00,Divulgação parlamentar,,2026-08-11T18:09:30
2023,2023-04,2023-04-28,CHICO VIGILANTE,CHICO VIGILANTE,Jonathas Holanda Barbosa,vazio,,8 Cheque n.º 700357,3000.00,Divulgação parlamentar,,2026-08-11T18:09:30
2023,2023-05,2023-05-31,CHICO VIGILANTE,CHICO VIGILANTE,Jonathas Holanda Barbosa,vazio,,13 Cheque BRB n.º 700358,3000.00,Divulgação parlamentar,,2026-08-11T18:09:30
2023,2023-07,2023-07-31,CHICO VIGILANTE,CHICO VIGILANTE,Jonathas Holanda Barbosa,vazio,,18 Cheque n.º 700360,3000.00,Divulgação parlamentar,,2026-08-11T18:09:30
2023,2023-10,2023-10-31,CHICO VIGILANTE,CHICO VIGILANTE,Jonathas Holanda Barbosa,vazio,,3 cheque BRB n.º 700366,3000.00,Divulgação parlamentar,,2026-08-11T18:09:30
2023,2023-08,2023-08-31,Chico Vigilante,CHICO VIGILANTE,Jonathas Holanda Barbosa,vazio,,20 Cheque n.º 700361,3000.00,Divulgação parlamentar,,2026-08-11T18:09:30
2023,,,Deputado Gabriel Magno,GABRIEL MAGNO,Germano Comunicações LTDA,cnpj_sem_zeros_a_esquerda,07557633000144,,7100.00,Divulgação de atividade Parlamentar,,2026-08-11T18:09:30
2023,,,Deputado Gabriel Magno,GABRIEL MAGNO,Germano Comunicações LTDA,cnpj_sem_zeros_a_esquerda,07557633000144,20.0,7100.00,Divulgação de atividade Parlamentar,,2026-08-11T18:09:30
2023,2023-05,2023-05-26,Deputado Gabriel Magno,GABRIEL MAGNO,Germano Comunicações LTDA,cnpj_sem_zeros_a_esquerda,07557633000144,14.0,7100.00,Divulgação de atividade Parlamentar,,2026-08-11T18:09:30
2023,2023-08,2023-08-29,Deputado Gabriel Magno,GABRIEL MAGNO,Germano Comunicações LTDA,cnpj_sem_zeros_a_esquerda,07557633000144,25.0,7100.00,Divulgação de atividade Parlamentar,,2026-08-11T18:09:30
2023,2023-09,2023-09-26,Deputado Gabriel Magno,GABRIEL MAGNO,Germano Comunicações LTDA,cnpj_sem_zeros_a_esquerda,07557633000144,28.0,8350.00,Divulgação de atividade Parlamentar,,2026-08-11T18:09:30
2023,2023-10,2023-10-27,Deputado Gabriel Magno,GABRIEL MAGNO,Germano Comunicações LTDA,cnpj_sem_zeros_a_esquerda,07557633000144,31.0,8350.00,Divulgação de atividade Parlamentar,,2026-08-11T18:09:30
2023,,01 de agos,Ricardo Vale da Silva,RICARDO VALE,Parolle Comunicação e Serviços Especializados LTDA,cnpj,10941636000191,N° 1286190,5000.00,Divulgação de Atividade Parlamentar,,2026-08-11T18:09:30
2023,,01 de sete,Ricardo Vale da Silva,RICARDO VALE,Parolle Comunicação e Serviços Especializados LTDA,cnpj,10941636000191,N° 1327640,5000.00,Divulgação de Atividade Parlamentar,,2026-08-11T18:09:30
2023,,02 de junh,Ricardo Vale da Silva,RICARDO VALE,Parolle Comunicação e Serviços Especializados LTDA,cnpj,10941636000191,N° 1205538,5000.00,Divulgação de Atividade Parlamentar,,2026-08-11T18:09:30
2023,,02 de maio,Ricardo Vale da Silva,RICARDO VALE,Parolle Comunicação e Serviços Especializados LTDA,cnpj,10941636000191,N° 1156456,5000.00,Divulgação de Atividade Parlamentar,,2026-08-11T18:09:30
2023,,02 de outu,Ricardo Vale da Silva,RICARDO VALE,Parolle Comunicação e Serviços Especializados LTDA,cnpj,10941636000191,N° 1366110,5000.00,Divulgação de Atividade Parlamentar,,2026-08-11T18:09:30
2023,,04 de abri,Ricardo Vale da Silva,RICARDO VALE,Parolle Comunicação e Serviços Especializados LTDA,cnpj,10941636000191,N° 1117300,5000.00,Divulgação de Atividade Parlamentar,,2026-08-11T18:09:30
2023,,04 de julh,Ricardo Vale da Silva,RICARDO VALE,Parolle Comunicação e Serviços Especializados LTDA,cnpj,10941636000191,N° 1252287,5000.00,Divulgação de Atividade Parlamentar,,2026-08-11T18:09:30
2023,,09 de març,Ricardo Vale da Silva,RICARDO VALE,Parolle Comunicação e Serviços Especializados LTDA,cnpj,10941636000191,N° 1080897,5000.00,Divulgação de Atividade Parlamentar,,2026-08-11T18:09:30
2023,,,Deputado Hermeto,HERMETO,Felipe Olimpio,cnpj,30552304000122,,4000.00,Divulgação de atividade parlamentar,,2026-08-11T18:09:30
2023,2023-01,2023-01-01,Deputado Hermeto,HERMETO,FELIPE OLÍMPIO,cnpj,30552304000122,,4000.00,Divulgação de atividade parlamentar,,2026-08-11T18:09:30
2023,2023-02,2023-02-28,Deputado Hermeto,HERMETO,FELIPE OLÍMPIO,cnpj,30552304000122,2.0,4000.00,Divulgação de atividade parlamentar,,2026-08-11T18:09:30
2023,2023-03,2023-03-28,Deputado Hermeto,HERMETO,FELIPE OLÍMPIO,cnpj,30552304000122,3.0,4000.00,Divulgação de atividade parlamentar,,2026-08-11T18:09:30
2023,2023-04,2023-04-26,Deputado Hermeto,HERMETO,FELIPE OLÍMPIO,cnpj,30552304000122,4.0,4000.00,Divulgação de atividade parlamentar,,2026-08-11T18:09:30
2023,2023-05,2023-05-22,Deputado Hermeto,HERMETO,FELIPE OLÍMPIO,cnpj,30552304000122,5.0,4000.00,Divulgação de atividade parlamentar,,2026-08-11T18:09:30
2023,2023-06,2023-06-21,Deputado Hermeto,HERMETO,FELIPE OLÍMPIO,cnpj,30552304000122,6.0,4000.00,Divulgação de atividade parlamentar,,2026-08-11T18:09:30
2023,2023-07,2023-07-28,Deputado Hermeto,HERMETO,Felipe Olimpio,cnpj,30552304000122,7.0,4000.00,Divulgação de atividade parlamentar,,2026-08-11T18:09:30
2023,2023-08,2023-08-24,Deputado Hermeto,HERMETO,Felipe Olimpio,cnpj,30552304000122,8.0,4000.00,Divulgação de atividade parlamentar,,2026-08-11T18:09:30
2023,2023-09,2023-09-25,Deputado Hermeto,HERMETO,Felipe Olimpio,cnpj,30552304000122,3.0,4000.00,Divulgação de atividade parlamentar,,2026-08-11T18:09:30
2023,2023-10,2023-10-25,Deputado Hermeto,HERMETO,Felipe Olimpio,cnpj,30552304000122,4.0,4000.00,Divulgação de atividade parlamentar,,2026-08-11T18:09:30
2023,2023-11,2023-11-23,Deputado Hermeto,HERMETO,Felipe Olimpio,cnpj,30552304000122,5.0,4000.00,Divulgação de atividade parlamentar,,2026-08-11T18:09:30
2023,2023-01,2023-01-01,Deputado Hermeto,HERMETO,LOCAÇÃO IMÓVEL,cpf_redigido,,,2900.00,Divulgação de atividade parlamentar,,2026-08-11T18:09:30
2023,2023-03,2023-03-30,Iolando Almeida,IOLANDO,DAVI RICARDO GOMES-011389351-58,cnpj,32260610000110,2.0,5000.00,Divulgação de Atividade Parlamentar,,2026-08-11T18:09:30
2023,2023-05,2023-05-08,Iolando Almeida,IOLANDO,DAVI RICARDO GOMES-011389351-58,cnpj,32260610000110,3.0,5000.00,Divulgação de Atividade Parlamentar,,2026-08-11T18:09:30
2023,2023-06,2023-06-02,Iolando Almeida,IOLANDO,DAVI RICARDO GOMES-011389351-58,cnpj,32260610000110,4.0,5000.00,Divulgação de Atividade Parlamentar,,2026-08-11T18:09:30
2023,2023-07,2023-07-04,Iolando Almeida,IOLANDO,DAVI RICARDO GOMES-011389351-58,cnpj,32260610000110,5.0,5000.00,Divulgação de Atividade Parlamentar,,2026-08-11T18:09:30
2023,2023-08,2023-08-04,Iolando Almeida,IOLANDO,DAVI RICARDO GOMES-011389351-58,cnpj,32260610000110,6.0,5000.00,Divulgação de Atividade Parlamentar,,2026-08-11T18:09:30
2023,2023-09,2023-09-08,Iolando Almeida,IOLANDO,DAVI RICARDO GOMES-011389351-58,cnpj,32260610000110,7.0,5000.00,Divulgação de Atividade Parlamentar,,2026-08-11T18:09:30
2023,2023-04,2023-04-25,Deputada Paula Belmonte,PAULA BELMONTE,Grow Mídias Marketing Ltda,cnpj,35352795000181,1165112,6000.00,Divulgação de Atividade Parlamentar,,2026-08-11T18:09:30
2023,2023-05,2023-05-26,Deputada Paula Belmonte,PAULA BELMONTE,Grow Mídias Marketing Ltda,cnpj,35352795000181,1190970,6000.00,Divulgação de Atividade Parlamentar,,2026-08-11T18:09:30
2023,2023-06,2023-06-28,Deputada Paula Belmonte,PAULA BELMONTE,Grow Mídias Marketing Ltda,cnpj,35352795000181,1244275,6000.00,Divulgação de Atividade Parlamentar,,2026-08-11T18:09:30
2023,2023-07,2023-07-27,Deputada Paula Belmonte,PAULA BELMONTE,Grow Mídias Marketing Ltda,cnpj,35352795000181,1289553,3000.00,Divulgação de Atividade Parlamentar,,2026-08-11T18:09:30
2023,2023-08,2023-08-25,Deputada Paula Belmonte,PAULA BELMONTE,Grow Mídias Marketing Ltda,cnpj,35352795000181,1325192,3000.00,Divulgação de Atividade Parlamentar,,2026-08-11T18:09:30
2023,2023-09,2023-09-12,Deputada Paula Belmonte,PAULA BELMONTE,Rabbit Agencia de Publicidade Ltda,nao_e_registro,,1333091,2000.00,Divulgação de Atividade Parlamentar,,2026-08-11T18:09:30
2023,2023-09,2023-09-28,Deputada Paula Belmonte,PAULA BELMONTE,Grow Mídias Marketing Ltda,cnpj,35352795000181,1374229,3000.00,Divulgação de Atividade Parlamentar,,2026-08-11T18:09:30
2023,2023-10,2023-10-06,Deputada Paula Belmonte,PAULA BELMONTE,Rabbit Agencia de Publicidade Ltda,nao_e_registro,,1374232,4000.00,Divulgação de Atividade Parlamentar,,2026-08-11T18:09:30
2023,2023-11,2023-11-01,Deputada Paula Belmonte,PAULA BELMONTE,Grow Mídias Marketing Ltda,cnpj,35352795000181,1426834,3000.00,Divulgação de Atividade Parlamentar,,2026-08-11T18:09:30
2023,2023-11,2023-11-29,Deputada Paula Belmonte,PAULA BELMONTE,Grow Mídias Marketing Ltda,cnpj,35352795000181,1464087,3000.00,Divulgação de Atividade Parlamentar,,2026-08-11T18:09:30
2023,2023-02,2023-02-07,Martins Machado,MARTINS MACHADO,Pro Video Locação e Eventos - LTDA ME,cnpj,13542814000108,8,5000.00,Divulgação de Atividade Parlamentar,,2026-08-11T18:09:30
2023,2023-03,2023-03-07,Martins Machado,MARTINS MACHADO,Pro Video Locação e Eventos - LTDA ME,cnpj,13542814000108,15,5000.00,Divulgação de Atividade Parlamentar,,2026-08-11T18:09:30
2023,2023-04,2023-04-05,Martins Machado,MARTINS MACHADO,Pro Video Locação e Eventos - LTDA ME,cnpj,13542814000108,24,5000.00,Divulgação de Atividade Parlamentar,,2026-08-11T18:09:30
2023,2023-05,2023-05-08,Martins Machado,MARTINS MACHADO,Pro Video Locação e Eventos - LTDA ME,cnpj,13542814000108,35,5000.00,Divulgação de Atividade Parlamentar,,2026-08-11T18:09:30
2023,2023-06,2023-06-02,Martins Machado,MARTINS MACHADO,Pro Video Locação e Eventos - LTDA ME,cnpj,13542814000108,56,5000.00,Divulgação de Atividade Parlamentar,,2026-08-11T18:09:30
2023,2023-07,2023-07-03,Martins Machado,MARTINS MACHADO,Pro Video Locação e Eventos - LTDA ME,cnpj,13542814000108,65,5000.00,Divulgação de Atividade Parlamentar,,2026-08-11T18:09:30
2023,2023-08,2023-08-04,Martins Machado,MARTINS MACHADO,Pro Video Locação e Eventos - LTDA ME,cnpj,13542814000108,73,5000.00,Divulgação de Atividade Parlamentar,,2026-08-11T18:09:30
2023,2023-09,2023-09-01,Martins Machado,MARTINS MACHADO,Pro Video Locação e Eventos - LTDA ME,cnpj,13542814000108,85,5000.00,Divulgação de Atividade Parlamentar,,2026-08-11T18:09:30
2023,2023-10,2023-10-04,Martins Machado,MARTINS MACHADO,Pro Video Locação e Eventos - LTDA ME,cnpj,13542814000108,99,5000.00,Divulgação de Atividade Parlamentar,,2026-08-11T18:09:30
2023,2023-11,2023-11-07,Martins Machado,MARTINS MACHADO,Pro Video Locação e Eventos - LTDA ME,cnpj,13542814000108,124,5000.00,Divulgação de Atividade Parlamentar,,2026-08-11T18:09:30
2023,2023-12,2023-12-06,Martins Machado,MARTINS MACHADO,Pro Video Locação e Eventos - LTDA ME,cnpj,13542814000108,155,5000.00,Divulgação de Atividade Parlamentar,,2026-08-11T18:09:30
2023,2023-06,2023-06-02,Deputado Roosevelt Vilela,ROOSEVELT VILELA,FACEBOOK SERVIÇOS ONLINE DO BRASIL LTDA,cnpj,13347016000117,1207555,1313.60,Divulgação de atividade parlamentar,,2026-08-11T18:09:30
2023,2023-06,2023-06-03,Deputado Roosevelt Vilela,ROOSEVELT VILELA,GOOGLE BRASIL INTERNET LTDA,cnpj_sem_zeros_a_esquerda,06990590000123,1207558,1198.26,Divulgação de atividade parlamentar,,2026-08-11T18:09:30
2023,2023-07,2023-07-03,Deputado Roosevelt Vilela,ROOSEVELT VILELA,FACEBOOK SERVIÇOS ONLINE DO BRASIL LTDA,cnpj,13347016000117,1249296,2436.40,Divulgação de atividade parlamentar,,2026-08-11T18:09:30
2023,2023-07,2023-07-03,Deputado Roosevelt Vilela,ROOSEVELT VILELA,GOOGLE BRASIL INTERNET LTDA,cnpj_sem_zeros_a_esquerda,06990590000123,1254853,398.34,Divulgação de atividade parlamentar,,2026-08-11T18:09:30
2023,2023-08,2023-08-02,Deputado Roosevelt Vilela,ROOSEVELT VILELA,FACEBOOK SERVIÇOS ONLINE DO BRASIL LTDA,cnpj,13347016000117,1295615,2108.90,Divulgação de atividade parlamentar,,2026-08-11T18:09:30
2023,2023-09,2023-09-02,Deputado Roosevelt Vilela,ROOSEVELT VILELA,FACEBOOK SERVIÇOS ONLINE DO BRASIL LTDA,cnpj,13347016000117,1327261,2184.61,Divulgação de atividade parlamentar,,2026-08-11T18:09:30
2023,2023-09,2023-09-03,Deputado Roosevelt Vilela,ROOSEVELT VILELA,GOOGLE BRASIL INTERNET LTDA,cnpj_sem_zeros_a_esquerda,06990590000123,1332307,1108.49,Divulgação de atividade parlamentar,,2026-08-11T18:09:30
2023,2023-11,2023-11-02,Deputado Roosevelt Vilela,ROOSEVELT VILELA,FACEBOOK SERVIÇOS ONLINE DO BRASIL LTDA,cnpj,13347016000117,1427588,2506.49,Divulgação de atividade parlamentar,,2026-08-11T18:09:30
2023,2023-11,2023-11-02,Deputado Roosevelt Vilela,ROOSEVELT VILELA,GOOGLE BRASIL INTERNET LTDA,cnpj_sem_zeros_a_esquerda,06990590000123,1427595,498.06,Divulgação de atividade parlamentar,,2026-08-11T18:09:30
2023,2023-03,2023-03-02,Bernardo Rogério Mata de Araújo Júnior,,Shallom Produtora de Filmes Eireli,cnpj,34837332000147,NFS-e 008 (Doc SEI 1083526),5000.00,Divulgação de Atividade parlamentar,Produção de vídeos mandato parlamentar.,2026-08-11T18:09:30
2023,2023-04,2023-04-03,Bernardo Rogério Mata de Araújo Júnior,,Shallom Produtora de Filmes Eireli,cnpj,34837332000147,NFS-e 013 (Doc SEI 1128768),5000.00,Divulgação de Atividade parlamentar,Produção de vídeos mandato parlamentar.,2026-08-11T18:09:30
2023,2023-04,2023-04-03,Bernardo Rogério Mata de Araújo Júnior,,Vivien Ester Mederios Justos ME,cnpj,46177942000140,NFS-e 015 (Doc SEI 1128916),1300.00,Divulgação de Atividade parlamentar,Serviço de manutenção do site institucional do mandato parlamentar.,2026-08-11T18:09:30
2023,2023-05,2023-05-01,Bernardo Rogério Mata de Araújo Júnior,,Vivien Ester Mederios Justos ME,cnpj,46177942000140,NFS-e 021 (Doc SEI 1169716),1300.00,Divulgação de Atividade parlamentar,Serviço de manutenção do site institucional do mandato parlamentar.,2026-08-11T18:09:30
2023,2023-05,2023-05-02,Bernardo Rogério Mata de Araújo Júnior,,Shallom Produtora de Filmes Eireli,cnpj,34837332000147,NFS-e 019 (Doc SEI 1169580),5000.00,Divulgação de Atividade parlamentar,Produção de vídeos mandato parlamentar.,2026-08-11T18:09:30
2023,2023-05,2023-05-03,Bernardo Rogério Mata de Araújo Júnior,,Bruno Pereira Cabral,cnpj,50409343000182,NFS-e 002 (Doc SEI 1169408),3000.00,Divulgação de Atividade parlamentar,Serviço de divulgação do mandato parlamentar.,2026-08-11T18:09:30
2023,2023-05,2023-05-31,Bernardo Rogério Mata de Araújo Júnior,,Bruno Pereira Cabral,cnpj,50409343000182,NFS-e 003 (Doc SEI 1213378),3000.00,Divulgação de Atividade parlamentar,Serviço de divulgação do mandato parlamentar.,2026-08-11T18:09:30
2023,2023-06,2023-06-01,Bernardo Rogério Mata de Araújo Júnior,,Shallom Produtora de Filmes Eireli,cnpj,34837332000147,NFS-e 024 (Doc SEI 1213355),5000.00,Divulgação de Atividade parlamentar,Produção de vídeos mandato parlamentar.,2026-08-11T18:09:30
2023,2023-06,2023-06-01,Bernardo Rogério Mata de Araújo Júnior,,Vivien Ester Mederios Justos ME,cnpj,46177942000140,NFS-e 028 (Doc SEI 1213389),1300.00,Divulgação de Atividade parlamentar,Serviço de manutenção do site institucional do mandato parlamentar.,2026-08-11T18:09:30
2023,2023-07,2023-07-03,Bernardo Rogério Mata de Araújo Júnior,,Bruno Pereira Cabral,cnpj,50409343000182,NFS-e 004 (Doc SEI 1252691),3000.00,Divulgação de Atividade parlamentar,Serviço de divulgação do mandato parlamentar.,2026-08-11T18:09:30
2023,2023-07,2023-07-03,Bernardo Rogério Mata de Araújo Júnior,,Shallom Produtora de Filmes Eireli,cnpj,34837332000147,NFS-e 030 (Doc SEI 1252616),5000.00,Divulgação de Atividade parlamentar,Produção de vídeos mandato parlamentar.,2026-08-11T18:09:30
2023,2023-07,2023-07-03,Bernardo Rogério Mata de Araújo Júnior,,Vivien Ester Mederios Justos ME,cnpj,46177942000140,NFS-e 036 (Doc SEI 1252685),1300.00,Divulgação de Atividade parlamentar,Serviço de manutenção do site institucional do mandato parlamentar.,2026-08-11T18:09:30
2023,2023-07,2023-07-31,Bernardo Rogério Mata de Araújo Júnior,,Bruno Pereira Cabral,cnpj,50409343000182,NFS-e 005 (Doc SEI 1296347),3000.00,Divulgação de Atividade parlamentar,Serviço de divulgação do mandato parlamentar.,2026-08-11T18:09:30
2023,2023-08,2023-08-01,Bernardo Rogério Mata de Araújo Júnior,,Shallom Produtora de Filmes Eireli,cnpj,34837332000147,NFS-e 031 (Doc SEI 1296316),5000.00,Divulgação de Atividade parlamentar,Produção de vídeos mandato parlamentar.,2026-08-11T18:09:30
2023,2023-08,2023-08-02,Bernardo Rogério Mata de Araújo Júnior,,Vivien Ester Mederios Justos ME,cnpj,46177942000140,NFS-e 041 (Doc SEI 1296385),1300.00,Divulgação de Atividade parlamentar,Serviço de manutenção do site institucional do mandato parlamentar.,2026-08-11T18:09:30
2023,2023-09,2023-09-01,Bernardo Rogério Mata de Araújo Júnior,,Bruno Pereira Cabral,cnpj,50409343000182,NFS-e 001 (Doc SEI 1325986),4000.00,Divulgação de Atividade parlamentar,Serviço de divulgação do mandato parlamentar.,2026-08-11T18:09:30
2023,2023-09,2023-09-01,Bernardo Rogério Mata de Araújo Júnior,,Shallom Produtora de Filmes Eireli,cnpj,34837332000147,NFS-e 034 (Doc SEI 1325898),3000.00,Divulgação de Atividade parlamentar,Produção de vídeos mandato parlamentar.,2026-08-11T18:09:30
2023,2023-09,2023-09-05,Bernardo Rogério Mata de Araújo Júnior,,Vivien Ester Mederios Justos ME,cnpj,46177942000140,NFS-e 001 (Doc SEI 1329671),1300.00,Divulgação de Atividade parlamentar,Serviço de manutenção do site institucional do mandato parlamentar.,2026-08-11T18:09:30
2023,2023-10,2023-10-02,Bernardo Rogério Mata de Araújo Júnior,,Bruno Pereira Cabral,cnpj,50409343000182,NFS-e 002 (Doc SEI 1363146),4000.00,Divulgação de Atividade parlamentar,Serviço de divulgação do mandato parlamentar.,2026-08-11T18:09:30
2023,2023-10,2023-10-02,Bernardo Rogério Mata de Araújo Júnior,,Shallom Produtora de Filmes Eireli,cnpj,34837332000147,NFS-e 037 (Doc SEI 1373930),3000.00,Divulgação de Atividade parlamentar,Produção de vídeos mandato parlamentar.,2026-08-11T18:09:30
2023,2023-10,2023-10-02,Bernardo Rogério Mata de Araújo Júnior,,Vivien Ester Mederios Justos ME,cnpj,46177942000140,NFS-e 008 (Doc SEI 1366632),1300.00,Divulgação de Atividade parlamentar,Serviço de manutenção do site institucional do mandato parlamentar.,2026-08-11T18:09:30
2023,,,Dayse Amarílio Donetts Diniz,DAYSE AMARILIO,Bunker Braian Audiovisual,cnpj,30727829000151,,8000.00,Divulgação de atividade parlamentar,,2026-08-11T18:09:30
2023,2023-03,2023-03-14,Dayse Amarílio Donetts Diniz,DAYSE AMARILIO,Bunker Braian Audiovisual,cnpj,30727829000151,10.0,8000.00,Divulgação de atividade parlamentar,,2026-08-11T18:09:30
2023,2023-04,2023-04-03,Dayse Amarílio Donetts Diniz,DAYSE AMARILIO,Bunker Braian Audiovisual,cnpj,30727829000151,17.0,8000.00,Divulgação de atividade parlamentar,,2026-08-11T18:09:30
2023,2023-05,2023-05-02,Dayse Amarílio Donetts Diniz,DAYSE AMARILIO,Bunker Braian Audiovisual,cnpj,30727829000151,22.0,8000.00,Divulgação de atividade parlamentar,,2026-08-11T18:09:30
2023,2023-06,2023-06-05,Dayse Amarílio Donetts Diniz,DAYSE AMARILIO,Bunker Braian Audiovisual,cnpj,30727829000151,27.0,8000.00,Divulgação de atividade parlamentar,,2026-08-11T18:09:30
2023,2023-07,2023-07-04,Dayse Amarílio Donetts Diniz,DAYSE AMARILIO,Bunker Braian Audiovisual,cnpj,30727829000151,31.0,8000.00,Divulgação de atividade parlamentar,,2026-08-11T18:09:30
2023,2023-09,2023-09-01,Dayse Amarílio Donetts Diniz,DAYSE AMARILIO,Bunker Braian Audiovisual,cnpj,30727829000151,41.0,8000.00,Divulgação de atividade parlamentar,,2026-08-11T18:09:30
2023,2023-04,2023-04-02,Deputado Daniel Donizet,DANIEL DONIZET,FACEBOOK SERVIÇOS ONLINE DO BRASIL LTDA,cnpj,13347016000117,60593267.0,1000.00,Divulgação de atividade parlamentar,"Valor da NF 60593267 R$ 1.265,18, valor glosado R$ 265,18, valor reembolsado R$ 1.000,00",2026-08-11T18:09:30
2023,2023-04,2023-04-13,Deputado Daniel Donizet,DANIEL DONIZET,4 SEND TECNOLOGIA E SERVIÇOS LTDA,cnpj,11035741000124,285.0,4200.00,Divulgação de atividade parlamentar,,2026-08-11T18:09:30
2023,2023-04,2023-04-26,Deputado Daniel Donizet,DANIEL DONIZET,ANDREONI CAMARGO MARKETING POLITICO LTDA,cnpj,46076609000145,16.0,1500.00,Divulgação de atividade parlamentar,,2026-08-11T18:09:30
2023,2023-05,2023-05-02,Deputado Daniel Donizet,DANIEL DONIZET,FACEBOOK SERVIÇOS ONLINE DO BRASIL LTDA,cnpj,13347016000117,62767339.0,2000.00,Divulgação de atividade parlamentar,"Valor da NF 62767339 R$ 2.104,89, valor glosado R$ 104,89, valor reembolsado R$ 2.000,00",2026-08-11T18:09:30
2023,2023-05,2023-05-03,Deputado Daniel Donizet,DANIEL DONIZET,4 SEND TECNOLOGIA E SERVIÇOS LTDA,cnpj,11035741000124,290.0,1000.00,Divulgação de atividade parlamentar,,2026-08-11T18:09:30
2023,2023-05,2023-05-31,Deputado Daniel Donizet,DANIEL DONIZET,ANDREONI CAMARGO MARKETING POLITICO LTDA,cnpj,46076609000145,33.0,1500.00,Divulgação de atividade parlamentar,,2026-08-11T18:09:30
2023,2023-06,2023-06-01,Deputado Daniel Donizet,DANIEL DONIZET,4 SEND TECNOLOGIA E SERVIÇOS LTDA,cnpj,11035741000124,296.0,1000.00,Divulgação de atividade parlamentar,,2026-08-11T18:09:30
2023,2023-06,2023-06-02,Deputado Daniel Donizet,DANIEL DONIZET,FACEBOOK SERVIÇOS ONLINE DO BRASIL LTDA,cnpj,13347016000117,64073029.0,2000.00,Divulgação de atividade parlamentar,"Valor da NF 64073029 R$ 2.039,41, valor glosado R$ 39,41, valor reembolsado R$ 2.000,00",2026-08-11T18:09:30
2023,2023-06,2023-06-15,Deputado Daniel Donizet,DANIEL DONIZET,HALISON DO NASCIMENTO CASIMIRO [redigido],cnpj,47613620000160,2.0,2350.00,Divulgação de atividade parlamentar,,2026-08-11T18:09:30
2023,2023-06,2023-06-27,Deputado Daniel Donizet,DANIEL DONIZET,4 SEND TECNOLOGIA E SERVIÇOS LTDA,cnpj,11035741000124,305.0,1000.00,Divulgação de atividade parlamentar,,2026-08-11T18:09:30
2023,2023-06,2023-06-28,Deputado Daniel Donizet,DANIEL DONIZET,ANDREONI CAMARGO MARKETING POLITICO LTDA,cnpj,46076609000145,41.0,1500.00,Divulgação de atividade parlamentar,,2026-08-11T18:09:30
2023,2023-07,2023-07-02,Deputado Daniel Donizet,DANIEL DONIZET,FACEBOOK SERVIÇOS ONLINE DO BRASIL LTDA,cnpj,13347016000117,64744453.0,3000.00,Divulgação de atividade parlamentar,"Valor da NF 64744453 R$ 3.590,52, valor glosado R$ 590,52, valor reembolsado R$ 3.000,00",2026-08-11T18:09:30
2023,2023-07,2023-07-31,Deputado Daniel Donizet,DANIEL DONIZET,ANDREONI CAMARGO MARKETING POLITICO LTDA,cnpj,46076609000145,58.0,1500.00,Divulgação de atividade parlamentar,,2026-08-11T18:09:30
2023,2023-08,2023-08-01,Deputado Daniel Donizet,DANIEL DONIZET,4 SEND TECNOLOGIA E SERVIÇOS LTDA,cnpj,11035741000124,314.0,1000.00,Divulgação de atividade parlamentar,,2026-08-11T18:09:30
2023,2023-08,2023-08-02,Deputado Daniel Donizet,DANIEL DONIZET,FACEBOOK SERVIÇOS ONLINE DO BRASIL LTDA,cnpj,13347016000117,66645369.0,2000.00,Divulgação de atividade parlamentar,,2026-08-11T18:09:30
2023,2023-08,2023-08-14,Deputado Daniel Donizet,DANIEL DONIZET,HALISON DO NASCIMENTO CASIMIRO [redigido],cnpj,47613620000160,3.0,1000.00,Divulgação de atividade parlamentar,,2026-08-11T18:09:30
2023,2023-09,2023-09-02,Deputado Daniel Donizet,DANIEL DONIZET,FACEBOOK SERVIÇOS ONLINE DO BRASIL LTDA,cnpj,13347016000117,68386952.0,1000.00,Divulgação de atividade parlamentar,,2026-08-11T18:09:30
2023,2023-09,2023-09-05,Deputado Daniel Donizet,DANIEL DONIZET,4 SEND TECNOLOGIA E SERVIÇOS LTDA,cnpj,11035741000124,325.0,1000.00,Divulgação de atividade parlamentar,,2026-08-11T18:09:30
2023,2023-09,2023-09-08,Deputado Daniel Donizet,DANIEL DONIZET,HALISON DO NASCIMENTO CASIMIRO [redigido],cnpj,47613620000160,4.0,1000.00,Divulgação de atividade parlamentar,,2026-08-11T18:09:30
2023,2023-10,2023-10-02,Deputado Daniel Donizet,DANIEL DONIZET,HALISON DO NASCIMENTO CASIMIRO [redigido],cnpj,47613620000160,5.0,1000.00,Divulgação de atividade parlamentar,,2026-08-11T18:09:30
2023,2023-10,2023-10-04,Deputado Daniel Donizet,DANIEL DONIZET,4 SEND TECNOLOGIA E SERVIÇOS LTDA,cnpj,11035741000124,328.0,1000.00,Divulgação de atividade parlamentar,,2026-08-11T18:09:30
2023,2023-10,2023-10-03,JAQUELINE SILVA,JAQUELINE SILVA,CRISTIANE DA SILVA DELFIM - MEI,cnpj,22610572000125,11.0,2000.00,Divulgação de atividade parlamentar,,2026-08-11T18:09:30
2023,2023-11,2023-11-01,JAQUELINE SILVA,JAQUELINE SILVA,CRISTIANE DA SILVA DELFIM - MEI,cnpj,22610572000125,13.0,5000.00,Divulgação de atividade parlamentar,,2026-08-11T18:09:30
2023,2023-03,2023-03-30,Dep. PEPA,PEPA,GERMANO RUMTHUM FILHO,vazio,,1126368,4500.00,Divulgação A.P,,2026-08-11T18:09:30
2023,2023-04,2023-04-29,Dep. PEPA,PEPA,GERMANO RUMTHUM FILHO,vazio,,1168729,4500.00,Divulgação A.P,,2026-08-11T18:09:30
2023,2023-05,2023-05-26,Dep. PEPA,PEPA,GERMANO RUMTHUM FILHO,vazio,,1214147,4500.00,Divulgação A.P,,2026-08-11T18:09:30
2023,2023-06,2023-06-29,Dep. PEPA,PEPA,GERMANO RUMTHUM FILHO,nao_e_registro,,1261606,4500.00,Divulgação A.P,,2026-08-11T18:09:30
2023,2023-07,2023-07-26,Dep. PEPA,PEPA,GERMANO RUMTHUM FILHO,nao_e_registro,,1292425,4500.00,Divulgação A.P,,2026-08-11T18:09:30
2023,2023-08,2023-08-27,Dep. PEPA,PEPA,GERMANO RUMTHUM FILHO,nao_e_registro,,1333124,4500.00,Divulgação A.P,,2026-08-11T18:09:30
2023,2023-09,2023-09-25,Dep. PEPA,PEPA,GERMANO RUMTHUM FILHO,nao_e_registro,,1386124,4500.00,Divulgação A.P,,2026-08-11T18:09:30
2023,2023-06,2023-06-16,Jane Klébia do Nascimento da Silva,DOUTORA JANE,"Trindade, Camara, Retes, Barbosa, Magalhães, Pinheiro Advogados Associados",cnpj,28108255000191,1221225.0,3960.00,Consultoria jurídica,,2026-08-11T18:09:30
2023,2023-07,2023-07-06,Jane Klébia do Nascimento da Silva,DOUTORA JANE,"Trindade, Camara, Retes, Barbosa, Magalhães, Pinheiro Advogados Associados",cnpj,28108255000191,1259384.0,3960.00,Consultoria jurídica,,2026-08-11T18:09:30
2023,2023-08,2023-08-09,Jane Klébia do Nascimento da Silva,DOUTORA JANE,"Trindade, Camara, Retes, Barbosa, Magalhães, Pinheiro Advogados Associados",cnpj,28108255000191,1294674.0,3960.00,Consultoria jurídica,,2026-08-11T18:09:30
2023,2023-01,2023-01-27,Deputado Gabriel Magno,GABRIEL MAGNO,Germano Comunicações LTDA,cnpj_sem_zeros_a_esquerda,07557633000144,1.0,7100.00,Consultoria Especializada,,2026-08-11T18:09:30
2023,2023-03,2023-03-07,Deputado Gabriel Magno,GABRIEL MAGNO,Germano Comunicações LTDA,cnpj_sem_zeros_a_esquerda,07557633000144,nº 4,7100.00,Consultoria Especializada,,2026-08-11T18:09:30
2023,2023-03,2023-03-25,Deputado Gabriel Magno,GABRIEL MAGNO,Germano Comunicações LTDA,cnpj_sem_zeros_a_esquerda,07557633000144,nº 7,7100.00,Consultoria Especializada,,2026-08-11T18:09:30
2023,2023-04,2023-04-25,Deputado Gabriel Magno,GABRIEL MAGNO,Germano Comunicações LTDA,cnpj_sem_zeros_a_esquerda,07557633000144,11.0,7100.00,Consultoria Especializada,,2026-08-11T18:09:30
2023,2023-04,2023-04-13,Jane Klébia do Nascimento da Silva,DOUTORA JANE,Vizion Gestão de Negócios Empresariais Ltda,cnpj_sem_zeros_a_esquerda,07979987000187,1170188.0,586.00,Consultoria especializada,,2026-08-11T18:09:30
2023,2023-05,2023-05-11,Jane Klébia do Nascimento da Silva,DOUTORA JANE,Vizion Gestão de Negócios Empresariais Ltda,cnpj_sem_zeros_a_esquerda,07979987000187,1218189.0,586.00,Consultoria especializada,,2026-08-11T18:09:30
2023,2023-06,2023-06-12,Jane Klébia do Nascimento da Silva,DOUTORA JANE,Vizion Gestão de Negócios Empresariais Ltda,cnpj_sem_zeros_a_esquerda,07979987000187,1253800.0,586.00,Consultoria especializada,,2026-08-11T18:09:30
2023,2023-07,2023-07-06,Jane Klébia do Nascimento da Silva,DOUTORA JANE,Vizion Gestão de Negócios Empresariais Ltda,cnpj_sem_zeros_a_esquerda,07979987000187,1293616.0,586.00,Consultoria especializada,,2026-08-11T18:09:30
2023,2023-08,2023-08-11,Jane Klébia do Nascimento da Silva,DOUTORA JANE,Vizion Gestão de Negócios Empresariais Ltda,cnpj_sem_zeros_a_esquerda,07979987000187,1331034.0,586.00,Consultoria especializada,,2026-08-11T18:09:30
2023,2023-11,2023-11-05,FÁBIO FELIX SILVEIRA,FABIO FELIX,PRÓ SÍNDICO,vazio,,,749.00,Condomínio,,2026-08-11T18:09:30
2023,2023-04,2023-04-03,Bernardo Rogério Mata de Araújo Júnior,,Auto Posto 305 Sul Ltda,cnpj,32085527000152,NF-e 1.024 (Doc SEI 1128696),999.98,Combustível e lubrificantes,Combustível veículio do mandato parlamentar.,2026-08-11T18:09:30
2023,2023-05,2023-05-03,Bernardo Rogério Mata de Araújo Júnior,,Auto Posto 305 Sul Ltda,cnpj,32085527000152,NF-e 1.076 (Doc SEI 1169471),1886.29,Combustível e lubrificantes,Combustível veículio do mandato parlamentar.,2026-08-11T18:09:30
2023,2023-06,2023-06-01,Bernardo Rogério Mata de Araújo Júnior,,Auto Posto 305 Sul Ltda,cnpj,32085527000152,NF-e 1.126 (Doc SEI 1204781),2132.34,Combustível e lubrificantes,Combustível veículio do mandato parlamentar.,2026-08-11T18:09:30
2023,2023-06,2023-06-30,Bernardo Rogério Mata de Araújo Júnior,,Auto Posto 305 Sul Ltda,cnpj,32085527000152,NF-e 1.175 (Doc SEI 1252395),1160.65,Combustível e lubrificantes,Combustível veículio do mandato parlamentar.,2026-08-11T18:09:30
2023,2023-08,2023-08-02,Bernardo Rogério Mata de Araújo Júnior,,Auto Posto 305 Sul Ltda,cnpj,32085527000152,NF-e 1.224 (Doc SEI 1296299),887.58,Combustível e lubrificantes,Combustível veículio do mandato parlamentar.,2026-08-11T18:09:30
2023,2023-08,2023-08-31,Bernardo Rogério Mata de Araújo Júnior,,Auto Posto 305 Sul Ltda,cnpj,32085527000152,NF-e 1.248 (Doc SEI 1329674),2276.22,Combustível e lubrificantes,Combustível veículio do mandato parlamentar.,2026-08-11T18:09:30
2023,2023-10,2023-10-03,Bernardo Rogério Mata de Araújo Júnior,,Auto Posto 305 Sul Ltda,cnpj,32085527000152,NF-e 1.289 (Doc SEI 1366674),2350.00,Combustível e lubrificantes,Combustível veículio do mandato parlamentar.,2026-08-11T18:09:30
2023,2023-08,2023-08-04,Dep. PEPA,PEPA,JJS COMÉRCIO DE COMBUSTÍVEIS LTDA,cnpj_sem_zeros_a_esquerda,03469182000132,1292425,1600.00,combustível,,2026-08-11T18:09:30
2023,2023-09,2023-09-12,Dep. PEPA,PEPA,JJS COMÉRCIO DE COMBUSTÍVEIS LTDA,cnpj_sem_zeros_a_esquerda,03469182000132,1333124,2600.00,combustível,,2026-08-11T18:09:30
2023,2023-10,2023-10-13,Dep. PEPA,PEPA,JJS COMÉRCIO DE COMBUSTÍVEIS LTDA,cnpj_sem_zeros_a_esquerda,03469182000132,1386124,2300.00,combustível,,2026-08-11T18:09:30
2023,2023-01,2023-01-09,Max Maciel Cavalcanti,MAX MACIEL,SOUSA E ALVES COM DE DERIVADOS DE PETRÓLEO,cnpj_sem_zeros_a_esquerda,07111605000107,421616,210.01,Combustível,,2026-08-11T18:09:30
2023,2023-01,2023-01-13,Max Maciel Cavalcanti,MAX MACIEL,AUTO POSTO ANDRADE LTDA,cnpj,24046493000240,25708,170.03,Combustível,,2026-08-11T18:09:30
2023,2023-01,2023-01-17,Max Maciel Cavalcanti,MAX MACIEL,METRO COMERCIAL DE COMBUSTIVEIS LTDA,cnpj_sem_zeros_a_esquerda,09232995000190,410306,187.33,Combustível,,2026-08-11T18:09:30
2023,2023-01,2023-01-20,Max Maciel Cavalcanti,MAX MACIEL,SOUSA E ALVES COM DE DERIVADOS DE PETRÓLEO,cnpj_sem_zeros_a_esquerda,07111605000107,423060,203.80,Combustível,,2026-08-11T18:09:30
2023,2023-01,2023-01-27,Max Maciel Cavalcanti,MAX MACIEL,AUTO POSTO ANDRADE LTDA,cnpj,24046493000240,25949,230.01,Combustível,,2026-08-11T18:09:30
2023,2023-02,2023-02-03,Max Maciel Cavalcanti,MAX MACIEL,SOUSA E ALVES COM DE DERIVADOS DE PETRÓLEO,cnpj_sem_zeros_a_esquerda,07111605000107,424672.0,202.54,Combustível,,2026-08-11T18:09:30
2023,2023-02,2023-02-09,Max Maciel Cavalcanti,MAX MACIEL,TAGUACENTRO COMER. DE DERIV. DE PETROLEO LTDA,cnpj,12093145000163,526850.0,200.40,Combustível,,2026-08-11T18:09:30
2023,2023-02,2023-02-14,Max Maciel Cavalcanti,MAX MACIEL,AUTO POSTO NN 10 LTDA,cnpj,11936605000105,83230.0,184.92,Combustível,,2026-08-11T18:09:30
2023,2023-02,2023-02-25,Max Maciel Cavalcanti,MAX MACIEL,SOUSA E ALVES COM DE DERIVADOS DE PETRÓLEO,cnpj_sem_zeros_a_esquerda,07111605000107,427378.0,228.37,Combustível,,2026-08-11T18:09:30
2023,2023-03,2023-03-03,Max Maciel Cavalcanti,MAX MACIEL,CASCOL COMBUSTIVEIS PARA VEICULOS LTDA 071,cnpj_sem_zeros_a_esquerda,00306597007100,1421369.0,243.65,Combustível,,2026-08-11T18:09:30
2023,2023-03,2023-03-08,Max Maciel Cavalcanti,MAX MACIEL,METRO COMERCIAL DE COMBUSTIVEIS LTDA,cnpj_sem_zeros_a_esquerda,09232995000190,420240.0,225.46,Combustível,,2026-08-11T18:09:30
2023,2023-03,2023-03-11,Max Maciel Cavalcanti,MAX MACIEL,SOUSA E ALVES COM DE DERIVADOS DE PETRÓLEO,cnpj_sem_zeros_a_esquerda,07111605000107,429330.0,239.57,Combustível,,2026-08-11T18:09:30
2023,2023-03,2023-03-22,Max Maciel Cavalcanti,MAX MACIEL,AUTO POSTO ANDRADE LTDA,cnpj,24046493000240,26972.0,256.31,Combustível,,2026-08-11T18:09:30
2023,2023-03,2023-03-31,Max Maciel Cavalcanti,MAX MACIEL,CASCOL COMBUSTIVEIS PARA VEICULOS LTDA SM 03,cnpj_sem_zeros_a_esquerda,00306597006642,821347.0,256.57,Combustível,,2026-08-11T18:09:30
2023,2023-04,2023-04-05,Max Maciel Cavalcanti,MAX MACIEL,SOUSA E ALVES COM DE DERIVADOS DE PETRÓLEO,cnpj_sem_zeros_a_esquerda,07111605000107,432534.0,246.03,Combustível,,2026-08-11T18:09:30
2023,2023-04,2023-04-14,Max Maciel Cavalcanti,MAX MACIEL,AUTO POSTO SOF NORTE LTDA,cnpj_sem_zeros_a_esquerda,03951672000170,1129342.0,246.42,Combustível,,2026-08-11T18:09:30
2023,2023-04,2023-04-20,Max Maciel Cavalcanti,MAX MACIEL,AUTO POSTO ANDRADE LTDA,cnpj,24046493000240,27619.0,262.94,Combustível,,2026-08-11T18:09:30
2023,2023-04,2023-04-26,Max Maciel Cavalcanti,MAX MACIEL,BELIZE COMPANY AUTO POSTO LTDA,cnpj,29032820000147,206474.0,254.10,Combustível,,2026-08-11T18:09:30
2023,2023-06,2023-06-07,Max Maciel Cavalcanti,MAX MACIEL,SOUSA E ALVES COM DE DERIVADOS DE PETRÓLEO,cnpj_sem_zeros_a_esquerda,07111605000107,440228.0,224.68,Combustível,,2026-08-11T18:09:30
2023,2023-06,2023-06-15,Max Maciel Cavalcanti,MAX MACIEL,AUTO POSTO ANDRADE LTDA - METROPOLITANO,cnpj,24046493000240,28790.0,170.00,Combustível,,2026-08-11T18:09:30
2023,2023-06,2023-06-16,Max Maciel Cavalcanti,MAX MACIEL,SOUSA E ALVES COM DE DERIVADOS DE PETRÓLEO,cnpj_sem_zeros_a_esquerda,07111605000107,441223.0,210.69,Combustível,,2026-08-11T18:09:30
2023,2023-06,2023-06-22,Max Maciel Cavalcanti,MAX MACIEL,SOUSA E ALVES COM DE DERIVADOS DE PETRÓLEO,cnpj_sem_zeros_a_esquerda,07111605000107,441716.0,154.68,Combustível,,2026-08-11T18:09:30
2023,2023-06,2023-06-29,Max Maciel Cavalcanti,MAX MACIEL,SOUSA E ALVES COM DE DERIVADOS DE PETRÓLEO,cnpj_sem_zeros_a_esquerda,07111605000107,442376.0,171.65,Combustível,,2026-08-11T18:09:30
2023,2023-07,2023-07-05,Max Maciel Cavalcanti,MAX MACIEL,AUTO POSTO CINCO ESTRELAS LTDA,cnpj_sem_zeros_a_esquerda,00692418000611,252904.0,161.38,Combustível,,2026-08-11T18:09:30
2023,2023-07,2023-07-08,Max Maciel Cavalcanti,MAX MACIEL,SOUSA E ALVES COM DE DERIVADOS DE PETRÓLEO,cnpj_sem_zeros_a_esquerda,07111605000107,443502.0,154.94,Combustível,,2026-08-11T18:09:30
2023,2023-07,2023-07-13,Max Maciel Cavalcanti,MAX MACIEL,SOUSA E ALVES COM DE DERIVADOS DE PETRÓLEO,cnpj_sem_zeros_a_esquerda,07111605000107,444048.0,161.99,Combustível,,2026-08-11T18:09:30
2023,2023-08,2023-08-02,Max Maciel Cavalcanti,MAX MACIEL,SOUSA E ALVES COM DE DERIVADOS DE PETRÓLEO,cnpj_sem_zeros_a_esquerda,07111605000107,446536.0,166.76,Combustível,,2026-08-11T18:09:30
2023,2023-08,2023-08-08,Max Maciel Cavalcanti,MAX MACIEL,SOUSA E ALVES COM DE DERIVADOS DE PETRÓLEO,cnpj_sem_zeros_a_esquerda,07111605000107,447355.0,166.86,Combustível,,2026-08-11T18:09:30
2023,2023-08,2023-08-11,Max Maciel Cavalcanti,MAX MACIEL,SOUSA E ALVES COM DE DERIVADOS DE PETRÓLEO,cnpj_sem_zeros_a_esquerda,07111605000107,447765.0,153.80,Combustível,,2026-08-11T18:09:30
2023,2023-08,2023-08-16,Max Maciel Cavalcanti,MAX MACIEL,"GOES COMBUSTIVEIS, LUBRIFICANTES E GLP LTDA",cnpj_sem_zeros_a_esquerda,05454390000193,213831.0,246.29,Combustível,,2026-08-11T18:09:30
2023,2023-08,2023-08-20,Max Maciel Cavalcanti,MAX MACIEL,SOUSA E ALVES COM DE DERIVADOS DE PETRÓLEO,cnpj_sem_zeros_a_esquerda,07111605000107,448862.0,154.80,Combustível,,2026-08-11T18:09:30
2023,2023-08,2023-08-23,Max Maciel Cavalcanti,MAX MACIEL,SOUSA E ALVES COM DE DERIVADOS DE PETRÓLEO,cnpj_sem_zeros_a_esquerda,07111605000107,449257.0,254.60,Combustível,,2026-08-11T18:09:30
2023,2023-08,2023-08-28,Max Maciel Cavalcanti,MAX MACIEL,SOUSA E ALVES COM DE DERIVADOS DE PETRÓLEO,cnpj_sem_zeros_a_esquerda,07111605000107,450041.0,164.99,Combustível,,2026-08-11T18:09:30
2023,2023-09,2023-09-01,Max Maciel Cavalcanti,MAX MACIEL,SOUSA E ALVES COM DE DERIVADOS DE PETRÓLEO,cnpj_sem_zeros_a_esquerda,07111605000107,450501.0,165.36,Combustível,,2026-08-11T18:09:30
2023,2023-09,2023-09-05,Max Maciel Cavalcanti,MAX MACIEL,SOUSA E ALVES COM DE DERIVADOS DE PETRÓLEO,cnpj_sem_zeros_a_esquerda,07111605000107,451104.0,154.80,Combustível,,2026-08-11T18:09:30
2023,2023-09,2023-09-13,Max Maciel Cavalcanti,MAX MACIEL,BELIZE COMPANY AUTO POSTO LTDA,cnpj,29032820000147,55664.0,170.36,Combustível,,2026-08-11T18:09:30
2023,2023-09,2023-09-15,Max Maciel Cavalcanti,MAX MACIEL,SOUSA E ALVES COM DE DERIVADOS DE PETRÓLEO,cnpj_sem_zeros_a_esquerda,07111605000107,452791.0,160.46,Combustível,,2026-08-11T18:09:30
2023,2023-09,2023-09-21,Max Maciel Cavalcanti,MAX MACIEL,SOUSA E ALVES COM DE DERIVADOS DE PETRÓLEO,cnpj_sem_zeros_a_esquerda,07111605000107,453780.0,156.87,Combustível,,2026-08-11T18:09:30
2023,2023-09,2023-09-26,Max Maciel Cavalcanti,MAX MACIEL,R13 ORIGINAL DERIVADOS DE PETROLEO LTDA,cnpj,38660993000109,222911.0,141.40,Combustível,,2026-08-11T18:09:30
2023,2023-09,2023-09-28,Max Maciel Cavalcanti,MAX MACIEL,SOUSA E ALVES COM DE DERIVADOS DE PETRÓLEO,cnpj_sem_zeros_a_esquerda,07111605000107,454928.0,168.62,Combustível,,2026-08-11T18:09:30
2023,2023-10,2023-10-03,Max Maciel Cavalcanti,MAX MACIEL,SOUSA E ALVES COM DE DERIVADOS DE PETRÓLEO,cnpj_sem_zeros_a_esquerda,07111605000107,455681.0,130.81,Combustível,,2026-08-11T18:09:30
2023,2023-10,2023-10-12,Max Maciel Cavalcanti,MAX MACIEL,SOUSA E ALVES COM DE DERIVADOS DE PETRÓLEO,cnpj_sem_zeros_a_esquerda,07111605000107,456791.0,148.14,Combustível,,2026-08-11T18:09:30
2023,2023-10,2023-10-19,Max Maciel Cavalcanti,MAX MACIEL,SOUSA E ALVES COM DE DERIVADOS DE PETRÓLEO,cnpj_sem_zeros_a_esquerda,07111605000107,457737.0,4153.40,Combustível,,2026-08-11T18:09:30
2023,2023-10,2023-10-24,Max Maciel Cavalcanti,MAX MACIEL,SOUSA E ALVES COM DE DERIVADOS DE PETRÓLEO,cnpj_sem_zeros_a_esquerda,07111605000107,458450.0,230.49,Combustível,,2026-08-11T18:09:30
2023,2023-10,2023-10-29,Max Maciel Cavalcanti,MAX MACIEL,AUTO POSTO CINCO ESTRELAS LTDA,cnpj_sem_zeros_a_esquerda,00692418000611,349024.0,147.49,Combustível,,2026-08-11T18:09:30
2023,2023-01,2023-01-31,Dep. PEPA,PEPA,JJS COMÉRCIO DE COMBUSTÍVEIS LTDA,cnpj_sem_zeros_a_esquerda,03469182000132,10333331,1200.00,combustivél,,2026-08-11T18:09:30
2023,2023-01,2023-01-31,Dep. PEPA,PEPA,JJS COMÉRCIO DE COMBUSTÍVEIS LTDA,cnpj_sem_zeros_a_esquerda,03469182000132,10333331,2500.00,combustivél,,2026-08-11T18:09:30
2023,2023-04,2023-04-11,Dep. PEPA,PEPA,JJS COMÉRCIO DE COMBUSTÍVEIS LTDA,cnpj_sem_zeros_a_esquerda,03469182000132,1126368,2178.00,combustivél,,2026-08-11T18:09:30
2023,2023-05,2023-05-12,Dep. PEPA,PEPA,JJS COMÉRCIO DE COMBUSTÍVEIS LTDA,cnpj_sem_zeros_a_esquerda,03469182000132,1168729,2700.00,combustivél,,2026-08-11T18:09:30
2023,2023-06,2023-06-05,Dep. PEPA,PEPA,JJS COMÉRCIO DE COMBUSTÍVEIS LTDA,cnpj_sem_zeros_a_esquerda,03469182000132,1214147,2200.00,combustivél,,2026-08-11T18:09:30
2023,2023-07,2023-07-11,Dep. PEPA,PEPA,JJS COMÉRCIO DE COMBUSTÍVEIS LTDA,cnpj_sem_zeros_a_esquerda,03469182000132,1261606,2400.00,combustivél,,2026-08-11T18:09:30
2023,2023-01,2023-01-20,Jane Klébia do Nascimento da Silva,DOUTORA JANE,Auto Posto Sof Norte Ltda,cnpj_sem_zeros_a_esquerda,03951672000170,1044238.0,130.00,Combustível,,2026-08-11T18:09:30
2023,2023-01,2023-01-24,Jane Klébia do Nascimento da Silva,DOUTORA JANE,Auto Posto Sof Norte Ltda,cnpj_sem_zeros_a_esquerda,03951672000170,1044238.0,175.80,Combustível,,2026-08-11T18:09:30
2023,2023-01,2023-01-27,Jane Klébia do Nascimento da Silva,DOUTORA JANE,Auto Posto Sof Norte Ltda,cnpj_sem_zeros_a_esquerda,03951672000170,1044238.0,150.00,Combustível,,2026-08-11T18:09:30
2023,2023-01,2023-01-31,Jane Klébia do Nascimento da Silva,DOUTORA JANE,Auto Posto Sof Norte Ltda,cnpj_sem_zeros_a_esquerda,03951672000170,1044238.0,183.41,Combustível,,2026-08-11T18:09:30
2023,2023-02,2023-02-02,Jane Klébia do Nascimento da Silva,DOUTORA JANE,Drive Car Transportes e Combustíveis Ltda,cnpj_sem_zeros_a_esquerda,00012211000225,1086614.0,175.23,Combustível,,2026-08-11T18:09:30
2023,2023-02,2023-02-06,Jane Klébia do Nascimento da Silva,DOUTORA JANE,Auto Posto Sof Norte Ltda,cnpj_sem_zeros_a_esquerda,03951672000170,1086614.0,185.91,Combustível,,2026-08-11T18:09:30
2023,2023-02,2023-02-07,Jane Klébia do Nascimento da Silva,DOUTORA JANE,Cascol Combustíveis para Veículos Ltda,cnpj_sem_zeros_a_esquerda,00306597000288,1086614.0,257.91,Combustível,,2026-08-11T18:09:30
2023,2023-02,2023-02-10,Jane Klébia do Nascimento da Silva,DOUTORA JANE,Auto Posto Sof Norte Ltda,cnpj_sem_zeros_a_esquerda,03951672000170,1086614.0,100.00,Combustível,,2026-08-11T18:09:30
2023,2023-02,2023-02-13,Jane Klébia do Nascimento da Silva,DOUTORA JANE,Drive Car Transportes e Combustíveis Ltda,cnpj_sem_zeros_a_esquerda,00012211000225,1086614.0,277.83,Combustível,,2026-08-11T18:09:30
2023,2023-02,2023-02-23,Jane Klébia do Nascimento da Silva,DOUTORA JANE,Auto Posto Aeroporto Ltda,cnpj_sem_zeros_a_esquerda,08202116000115,1086614.0,200.00,Combustível,,2026-08-11T18:09:30
2023,2023-02,2023-02-28,Jane Klébia do Nascimento da Silva,DOUTORA JANE,Auto Posto Lago Norte Ltda,cnpj,29178006000135,1086614.0,306.29,Combustível,,2026-08-11T18:09:30
2023,2023-03,2023-03-06,Jane Klébia do Nascimento da Silva,DOUTORA JANE,Auto Posto Sof Norte Ltda,cnpj_sem_zeros_a_esquerda,03951672000170,1117577.0,100.00,Combustível,,2026-08-11T18:09:30
2023,2023-03,2023-03-06,Jane Klébia do Nascimento da Silva,DOUTORA JANE,Drive Car Transportes e Combustíveis Ltda,cnpj_sem_zeros_a_esquerda,00012211000225,1117577.0,323.69,Combustível,,2026-08-11T18:09:30
2023,2023-03,2023-03-07,Jane Klébia do Nascimento da Silva,DOUTORA JANE,Auto Posto Sof Norte Ltda,cnpj_sem_zeros_a_esquerda,03951672000170,1117577.0,100.00,Combustível,,2026-08-11T18:09:30
2023,2023-03,2023-03-07,Jane Klébia do Nascimento da Silva,DOUTORA JANE,Cruzeiro Combustíveis e Serviços,cnpj,26991067000129,1117577.0,150.00,Combustível,,2026-08-11T18:09:30
2023,2023-03,2023-03-10,Jane Klébia do Nascimento da Silva,DOUTORA JANE,Auto Posto Sof Norte Ltda,cnpj_sem_zeros_a_esquerda,03951672000170,1117577.0,319.32,Combustível,,2026-08-11T18:09:30
2023,2023-03,2023-03-15,Jane Klébia do Nascimento da Silva,DOUTORA JANE,Auto Posto Sof Norte Ltda,cnpj_sem_zeros_a_esquerda,03951672000170,1117577.0,309.59,Combustível,,2026-08-11T18:09:30
2023,2023-03,2023-03-20,Jane Klébia do Nascimento da Silva,DOUTORA JANE,Cascol Combustíveis para Veículos Ltda,cnpj_sem_zeros_a_esquerda,00306597000288,1117577.0,200.00,Combustível,,2026-08-11T18:09:30
2023,2023-03,2023-03-22,Jane Klébia do Nascimento da Silva,DOUTORA JANE,Cascol Combustíveis para Veículos Ltda,cnpj_sem_zeros_a_esquerda,00306597000288,1117577.0,100.00,Combustível,,2026-08-11T18:09:30
2023,2023-03,2023-03-23,Jane Klébia do Nascimento da Silva,DOUTORA JANE,Cascol Combustíveis para Veículos Ltda,cnpj_sem_zeros_a_esquerda,00306597000288,1117577.0,200.00,Combustível,,2026-08-11T18:09:30
2023,2023-03,2023-03-27,Jane Klébia do Nascimento da Silva,DOUTORA JANE,Auto Posto Sof Norte Ltda,cnpj_sem_zeros_a_esquerda,03951672000170,1117577.0,305.84,Combustível,,2026-08-11T18:09:30
2023,2023-03,2023-03-29,Jane Klébia do Nascimento da Silva,DOUTORA JANE,Auto Posto Sof Norte Ltda,cnpj_sem_zeros_a_esquerda,03951672000170,1117577.0,100.00,Combustível,,2026-08-11T18:09:30
2023,2023-03,2023-03-30,Jane Klébia do Nascimento da Silva,DOUTORA JANE,Auto Posto Via Estrutural Ltda,cnpj,23597031000177,1117577.0,316.93,Combustível,,2026-08-11T18:09:30
2023,2023-03,2023-03-30,Jane Klébia do Nascimento da Silva,DOUTORA JANE,Brasal Combustível Ltda,cnpj_sem_zeros_a_esquerda,00097626000672,1117577.0,150.00,Combustível,,2026-08-11T18:09:30
2023,2023-04,2023-04-04,Jane Klébia do Nascimento da Silva,DOUTORA JANE,Posto QI 09 Lago Sul,cnpj,32965877000103,1169637.0,200.00,Combustível,,2026-08-11T18:09:30
2023,2023-04,2023-04-08,Jane Klébia do Nascimento da Silva,DOUTORA JANE,Cascol Combustíveis,nao_e_registro,,1169637.0,311.41,Combustível,,2026-08-11T18:09:30
2023,2023-04,2023-04-13,Jane Klébia do Nascimento da Silva,DOUTORA JANE,Cascol Combustíveis,nao_e_registro,,1169637.0,303.40,Combustível,,2026-08-11T18:09:30
2023,2023-04,2023-04-14,Jane Klébia do Nascimento da Silva,DOUTORA JANE,Auto Posto Via Estrutural,cnpj,23597031000177,1169637.0,100.00,Combustível,,2026-08-11T18:09:30
2023,2023-04,2023-04-17,Jane Klébia do Nascimento da Silva,DOUTORA JANE,Auto Posto Sof Norte,cnpj_sem_zeros_a_esquerda,03951672000170,1169637.0,50.00,Combustível,,2026-08-11T18:09:30
2023,2023-04,2023-04-20,Jane Klébia do Nascimento da Silva,DOUTORA JANE,Posto de Combustível 310 Sul,cnpj,32590257000137,1169637.0,318.35,Combustível,,2026-08-11T18:09:30
2023,2023-04,2023-04-26,Jane Klébia do Nascimento da Silva,DOUTORA JANE,Cascol Combustíveis,nao_e_registro,,1169637.0,268.83,Combustível,,2026-08-11T18:09:30
2023,2023-04,2023-04-28,Jane Klébia do Nascimento da Silva,DOUTORA JANE,"Goes Combustíveis, Lubrificantes e GLP",cnpj_sem_zeros_a_esquerda,05454390000193,1169637.0,100.00,Combustível,,2026-08-11T18:09:30
2023,2023-05,2023-05-04,Jane Klébia do Nascimento da Silva,DOUTORA JANE,Posto Via Estrutural,cnpj,23597031000177,1218178.0,348.45,Combustível,,2026-08-11T18:09:30
2023,2023-05,2023-05-08,Jane Klébia do Nascimento da Silva,DOUTORA JANE,Auto Posto Mark Sobradinho,nao_e_registro,,1218178.0,50.00,Combustível,,2026-08-11T18:09:30
2023,2023-05,2023-05-10,Jane Klébia do Nascimento da Silva,DOUTORA JANE,Auto Posto Sof Norte,cnpj_sem_zeros_a_esquerda,03951672000170,1218178.0,259.51,Combustível,,2026-08-11T18:09:30
2023,2023-05,2023-05-10,Jane Klébia do Nascimento da Silva,DOUTORA JANE,Posto Sobradinho,nao_e_registro,,1218178.0,100.00,Combustível,,2026-08-11T18:09:30
2023,2023-05,2023-05-16,Jane Klébia do Nascimento da Silva,DOUTORA JANE,Auto Posto Sof Norte,cnpj_sem_zeros_a_esquerda,03951672000170,1218178.0,280.57,Combustível,,2026-08-11T18:09:30
2023,2023-05,2023-05-18,Jane Klébia do Nascimento da Silva,DOUTORA JANE,Auto Posto Sof Norte,cnpj_sem_zeros_a_esquerda,03951672000170,1218178.0,100.00,Combustível,,2026-08-11T18:09:30
2023,2023-05,2023-05-18,Jane Klébia do Nascimento da Silva,DOUTORA JANE,Posto 310 Norte,cnpj_sem_zeros_a_esquerda,08414749000197,1218178.0,180.00,Combustível,,2026-08-11T18:09:30
2023,2023-05,2023-05-18,Jane Klébia do Nascimento da Silva,DOUTORA JANE,Posto da Torre,cnpj_sem_zeros_a_esquerda,04473193000159,1218178.0,150.00,Combustível,,2026-08-11T18:09:30
2023,2023-05,2023-05-20,Jane Klébia do Nascimento da Silva,DOUTORA JANE,Cascol Combustíveis Taquari,cnpj_sem_zeros_a_esquerda,00306597008858,1218178.0,234.62,Combustível,,2026-08-11T18:09:30
2023,2023-05,2023-05-22,Jane Klébia do Nascimento da Silva,DOUTORA JANE,Auto Posto Sof Norte,cnpj_sem_zeros_a_esquerda,03951672000170,1218178.0,150.00,Combustível,,2026-08-11T18:09:30
2023,2023-05,2023-05-24,Jane Klébia do Nascimento da Silva,DOUTORA JANE,Auto Posto Via Estrutural,cnpj,23597031000177,1218178.0,80.00,Combustível,,2026-08-11T18:09:30
2023,2023-05,2023-05-25,Jane Klébia do Nascimento da Silva,DOUTORA JANE,Auto Posto Sof Norte,cnpj_sem_zeros_a_esquerda,03951672000170,1218178.0,100.00,Combustível,,2026-08-11T18:09:30
2023,2023-05,2023-05-25,Jane Klébia do Nascimento da Silva,DOUTORA JANE,Cascol Combustíveis Taquari,cnpj_sem_zeros_a_esquerda,00306597008858,1218178.0,50.00,Combustível,,2026-08-11T18:09:30
2023,2023-05,2023-05-26,Jane Klébia do Nascimento da Silva,DOUTORA JANE,Posto de Serviços Pedro Ribeiro,cnpj_sem_zeros_a_esquerda,03578089000166,1218178.0,251.05,Combustível,,2026-08-11T18:09:30
2023,2023-05,2023-05-29,Jane Klébia do Nascimento da Silva,DOUTORA JANE,Cascol Combustíveis QL 02,cnpj_sem_zeros_a_esquerda,00306597004518,1218178.0,246.02,Combustível,,2026-08-11T18:09:30
2023,2023-05,2023-05-30,Jane Klébia do Nascimento da Silva,DOUTORA JANE,Auto Posto Cinco Estrelas,cnpj_sem_zeros_a_esquerda,00692418002231,1218178.0,160.00,Combustível,,2026-08-11T18:09:30
2023,2023-05,2023-05-30,Jane Klébia do Nascimento da Silva,DOUTORA JANE,Cascol Combustíveis,cnpj_sem_zeros_a_esquerda,00306597000288,1218178.0,150.00,Combustível,,2026-08-11T18:09:30
2023,2023-05,2023-05-30,Jane Klébia do Nascimento da Silva,DOUTORA JANE,Cruzeiro Combustível,cnpj,26991067000129,1218178.0,238.84,Combustível,,2026-08-11T18:09:30
2023,2023-06,2023-06-04,Jane Klébia do Nascimento da Silva,DOUTORA JANE,Cascol Combustíveis Paranoá,cnpj_sem_zeros_a_esquerda,00306597005409,1253788.0,295.33,Combustível,,2026-08-11T18:09:30
2023,2023-06,2023-06-07,Jane Klébia do Nascimento da Silva,DOUTORA JANE,Drive Car,cnpj_sem_zeros_a_esquerda,00012211000225,1253788.0,100.00,Combustível,,2026-08-11T18:09:30
2023,2023-06,2023-06-11,Jane Klébia do Nascimento da Silva,DOUTORA JANE,Drive Car,cnpj_sem_zeros_a_esquerda,00012211000225,1253788.0,283.23,Combustível,,2026-08-11T18:09:30
2023,2023-06,2023-06-12,Jane Klébia do Nascimento da Silva,DOUTORA JANE,Auto Posto Mark Sobradinho II,cnpj,29116420000110,1253788.0,50.00,Combustível,,2026-08-11T18:09:30
2023,2023-06,2023-06-13,Jane Klébia do Nascimento da Silva,DOUTORA JANE,Cascol Combustíveis,cnpj_sem_zeros_a_esquerda,00306597000288,1253788.0,50.00,Combustível,,2026-08-11T18:09:30
2023,2023-06,2023-06-13,Jane Klébia do Nascimento da Silva,DOUTORA JANE,Máximo Comércio de Derivados de Petróleo,cnpj,10471346000121,1253788.0,50.00,Combustível,,2026-08-11T18:09:30
2023,2023-06,2023-06-15,Jane Klébia do Nascimento da Silva,DOUTORA JANE,Drive Car,cnpj_sem_zeros_a_esquerda,00012211000225,1253788.0,253.15,Combustível,,2026-08-11T18:09:30
2023,2023-06,2023-06-16,Jane Klébia do Nascimento da Silva,DOUTORA JANE,Cascol Combustíveis,cnpj_sem_zeros_a_esquerda,00306597000288,1253788.0,50.00,Combustível,,2026-08-11T18:09:30
2023,2023-06,2023-06-16,Jane Klébia do Nascimento da Silva,DOUTORA JANE,Posto Monumental,cnpj_sem_zeros_a_esquerda,05454390000193,1253788.0,164.49,Combustível,,2026-08-11T18:09:30
2023,2023-06,2023-06-19,Jane Klébia do Nascimento da Silva,DOUTORA JANE,Drive Car,cnpj_sem_zeros_a_esquerda,00012211000225,1253788.0,100.00,Combustível,,2026-08-11T18:09:30
2023,2023-06,2023-06-20,Jane Klébia do Nascimento da Silva,DOUTORA JANE,Cascol Combustíveis Paranoá II,cnpj_sem_zeros_a_esquerda,00306597006723,1253788.0,150.00,Combustível,,2026-08-11T18:09:30
2023,2023-06,2023-06-20,Jane Klébia do Nascimento da Silva,DOUTORA JANE,Posto de Combustíveis 309 sul,cnpj,32216743000190,1253788.0,229.50,Combustível,,2026-08-11T18:09:30
2023,2023-06,2023-06-22,Jane Klébia do Nascimento da Silva,DOUTORA JANE,Máximo Comércio de Derivados de Petróleo,cnpj,10471346000121,1253788.0,150.00,Combustível,,2026-08-11T18:09:30
2023,2023-06,2023-06-25,Jane Klébia do Nascimento da Silva,DOUTORA JANE,Posto Paraíso,nao_e_registro,,1253788.0,50.00,Combustível,,2026-08-11T18:09:30
2023,2023-06,2023-06-26,Jane Klébia do Nascimento da Silva,DOUTORA JANE,Drive Car,cnpj_sem_zeros_a_esquerda,00012211000225,1253788.0,302.86,Combustível,,2026-08-11T18:09:30
2023,2023-06,2023-06-27,Jane Klébia do Nascimento da Silva,DOUTORA JANE,Auto Posto Oliveira,cnpj_sem_zeros_a_esquerda,04753334000197,1253788.0,120.00,Combustível,,2026-08-11T18:09:30
2023,2023-06,2023-06-27,Jane Klébia do Nascimento da Silva,DOUTORA JANE,Auto Posto Sof Norte,cnpj_sem_zeros_a_esquerda,03951672000170,1253788.0,100.00,Combustível,,2026-08-11T18:09:30
2023,2023-06,2023-06-28,Jane Klébia do Nascimento da Silva,DOUTORA JANE,Auto Posto 306 Norte,nao_e_registro,,1253788.0,275.35,Combustível,,2026-08-11T18:09:30
2023,2023-06,2023-06-28,Jane Klébia do Nascimento da Silva,DOUTORA JANE,Cascol Combustíveis,cnpj_sem_zeros_a_esquerda,00306597000288,1253788.0,50.00,Combustível,,2026-08-11T18:09:30
2023,2023-06,2023-06-29,Jane Klébia do Nascimento da Silva,DOUTORA JANE,Auto Posto Criolo,cnpj,27169700000160,1253788.0,265.03,Combustível,,2026-08-11T18:09:30
2023,2023-06,2023-06-29,Jane Klébia do Nascimento da Silva,DOUTORA JANE,Cascol Combustíveis,cnpj_sem_zeros_a_esquerda,00306597000288,1253788.0,100.00,Combustível,,2026-08-11T18:09:30
2023,2023-06,2023-06-30,Jane Klébia do Nascimento da Silva,DOUTORA JANE,Auto Posto Criolo,cnpj,27169700000160,1253788.0,200.00,Combustível,,2026-08-11T18:09:30
2023,2023-06,2023-06-30,Jane Klébia do Nascimento da Silva,DOUTORA JANE,Brasal Combustíveis,cnpj_sem_zeros_a_esquerda,00097626000168,1253788.0,200.00,Combustível,,2026-08-11T18:09:30
2023,2023-07,2023-07-20,Jane Klébia do Nascimento da Silva,DOUTORA JANE,Posto Cidade do Automóvel Ltda,cnpj_sem_zeros_a_esquerda,07441011000156,1293607.0,150.00,Combustível,,2026-08-11T18:09:30
2023,2023-07,2023-07-28,Jane Klébia do Nascimento da Silva,DOUTORA JANE,Auto Posto Sof Norte Ltda,cnpj_sem_zeros_a_esquerda,03951672000170,1293607.0,299.30,Combustível,,2026-08-11T18:09:30
2023,2023-08,2023-08-01,Jane Klébia do Nascimento da Silva,DOUTORA JANE,Drive Car Transportes e Combustíveis,cnpj_sem_zeros_a_esquerda,00012211000225,1331017.0,100.00,Combustível,,2026-08-11T18:09:30
2023,2023-08,2023-08-04,Jane Klébia do Nascimento da Silva,DOUTORA JANE,Drive Car Transportes e Combustíveis,cnpj_sem_zeros_a_esquerda,00012211000225,1331017.0,80.00,Combustível,,2026-08-11T18:09:30
2023,2023-08,2023-08-04,Jane Klébia do Nascimento da Silva,DOUTORA JANE,Posto 309 Sul,cnpj,32216743000190,1331017.0,260.02,Combustível,,2026-08-11T18:09:30
2023,2023-08,2023-08-07,Jane Klébia do Nascimento da Silva,DOUTORA JANE,Auto Posto Criolo,cnpj,27169700000160,1331017.0,284.95,Combustível,,2026-08-11T18:09:30
2023,2023-08,2023-08-08,Jane Klébia do Nascimento da Silva,DOUTORA JANE,Cascol Combustíveis Colorado,nao_e_registro,,1331017.0,100.00,Combustível,,2026-08-11T18:09:30
2023,2023-08,2023-08-09,Jane Klébia do Nascimento da Silva,DOUTORA JANE,Cascol Combustíveis Paranoá I,cnpj_sem_zeros_a_esquerda,00306597005409,1331017.0,200.00,Combustível,,2026-08-11T18:09:30
2023,2023-08,2023-08-10,Jane Klébia do Nascimento da Silva,DOUTORA JANE,Auto Posto Sof Norte,cnpj_sem_zeros_a_esquerda,03951672000170,1331017.0,100.00,Combustível,,2026-08-11T18:09:30
2023,2023-08,2023-08-11,Jane Klébia do Nascimento da Silva,DOUTORA JANE,Drive Car Transportes e Combustíveis,cnpj_sem_zeros_a_esquerda,00012211000225,1331017.0,278.70,Combustível,,2026-08-11T18:09:30
2023,2023-08,2023-08-15,Jane Klébia do Nascimento da Silva,DOUTORA JANE,Cascol Combustível,cnpj_sem_zeros_a_esquerda,00306597006723,1331017.0,229.30,Combustível,,2026-08-11T18:09:30
2023,2023-08,2023-08-16,Jane Klébia do Nascimento da Silva,DOUTORA JANE,Posto Monumental,cnpj_sem_zeros_a_esquerda,05454390000193,1331017.0,200.00,Combustível,,2026-08-11T18:09:30
2023,2023-08,2023-08-18,Jane Klébia do Nascimento da Silva,DOUTORA JANE,Auto Posto Cinco Estrelas,cnpj_sem_zeros_a_esquerda,00692418002231,1331017.0,200.00,Combustível,,2026-08-11T18:09:30
2023,2023-08,2023-08-18,Jane Klébia do Nascimento da Silva,DOUTORA JANE,Auto Posto Criolo,cnpj,27169700000160,1331017.0,236.96,Combustível,,2026-08-11T18:09:30
2023,2023-08,2023-08-21,Jane Klébia do Nascimento da Silva,DOUTORA JANE,Cascol Combustível Paranoá II,cnpj_sem_zeros_a_esquerda,00306597006723,1331017.0,177.81,Combustível,,2026-08-11T18:09:30
2023,2023-08,2023-08-23,Jane Klébia do Nascimento da Silva,DOUTORA JANE,Auto Posto Criolo,cnpj,27169700000160,1331017.0,260.59,Combustível,,2026-08-11T18:09:30
2023,2023-08,2023-08-23,Jane Klébia do Nascimento da Silva,DOUTORA JANE,Posto Paraíso,cnpj_sem_zeros_a_esquerda,07214648000100,1331017.0,50.00,Combustível,,2026-08-11T18:09:30
2023,2023-08,2023-08-25,Jane Klébia do Nascimento da Silva,DOUTORA JANE,Cascol Combustível,cnpj_sem_zeros_a_esquerda,00306597006723,1331017.0,200.28,Combustível,,2026-08-11T18:09:30
2023,2023-08,2023-08-29,Jane Klébia do Nascimento da Silva,DOUTORA JANE,Auto Posto Criolo,cnpj,27169700000160,1331017.0,206.13,Combustível,,2026-08-11T18:09:30
2023,2023-08,2023-08-29,Jane Klébia do Nascimento da Silva,DOUTORA JANE,Auto Posto Sof Norte,cnpj_sem_zeros_a_esquerda,03951672000170,1331017.0,100.00,Combustível,,2026-08-11T18:09:30
2023,2023-08,2023-08-31,Jane Klébia do Nascimento da Silva,DOUTORA JANE,Posto 214 Sul,cnpj_sem_zeros_a_esquerda,08355825000130,1331017.0,205.00,Combustível,,2026-08-11T18:09:30
2023,2023-01,2023-01-01,Deputado João Cardoso,JOAO CARDOSO,DRIVE CAR TRANSPORTES E COMBUSTÍVEIS LTDA.,cnpj_sem_zeros_a_esquerda,00012211000225,1036860,230.83,Combustível,,2026-08-11T18:09:30
2023,2023-01,2023-01-04,Deputado João Cardoso,JOAO CARDOSO,DRIVE CAR TRANSPORTES E COMBUSTÍVEIS LTDA.,cnpj_sem_zeros_a_esquerda,00012211000225,1036860,168.10,Combustível,,2026-08-11T18:09:30
2023,2023-01,2023-01-10,Deputado João Cardoso,JOAO CARDOSO,DRIVE CAR TRANSPORTES E COMBUSTÍVEIS LTDA.,cnpj_sem_zeros_a_esquerda,00012211000225,1036860,212.85,Combustível,,2026-08-11T18:09:30
2023,2023-01,2023-01-17,Deputado João Cardoso,JOAO CARDOSO,DRIVE CAR TRANSPORTES E COMBUSTÍVEIS LTDA.,cnpj_sem_zeros_a_esquerda,00012211000225,1036860,193.38,Combustível,,2026-08-11T18:09:30
2023,2023-01,2023-01-24,Deputado João Cardoso,JOAO CARDOSO,DRIVE CAR TRANSPORTES E COMBUSTÍVEIS LTDA.,cnpj_sem_zeros_a_esquerda,00012211000225,1036860,147.86,Combustível,,2026-08-11T18:09:30
2023,2023-01,2023-01-27,Deputado João Cardoso,JOAO CARDOSO,DRIVE CAR TRANSPORTES E COMBUSTÍVEIS LTDA.,cnpj_sem_zeros_a_esquerda,00012211000225,1036860,214.03,Combustível,,2026-08-11T18:09:30
2023,2023-02,2023-02-01,Deputado João Cardoso,JOAO CARDOSO,DRIVE CAR TRANSPORTES E COMBUSTÍVEIS LTDA.,cnpj_sem_zeros_a_esquerda,00012211000225,1077483,210.33,Combustível,,2026-08-11T18:09:30
2023,2023-02,2023-02-06,Deputado João Cardoso,JOAO CARDOSO,DRIVE CAR TRANSPORTES E COMBUSTÍVEIS LTDA.,cnpj_sem_zeros_a_esquerda,00012211000225,1077483,204.50,Combustível,,2026-08-11T18:09:30
2023,2023-02,2023-02-10,Deputado João Cardoso,JOAO CARDOSO,DRIVE CAR TRANSPORTES E COMBUSTÍVEIS LTDA.,cnpj_sem_zeros_a_esquerda,00012211000225,1077483,207.29,Combustível,,2026-08-11T18:09:30
2023,2023-02,2023-02-16,Deputado João Cardoso,JOAO CARDOSO,DRIVE CAR TRANSPORTES E COMBUSTÍVEIS LTDA.,cnpj_sem_zeros_a_esquerda,00012211000225,1077483,221.81,Combustível,,2026-08-11T18:09:30
2023,2023-02,2023-02-24,Deputado João Cardoso,JOAO CARDOSO,DRIVE CAR TRANSPORTES E COMBUSTÍVEIS LTDA.,cnpj_sem_zeros_a_esquerda,00012211000225,1077483,172.71,Combustível,,2026-08-11T18:09:30
2023,2023-02,2023-02-28,Deputado João Cardoso,JOAO CARDOSO,DRIVE CAR TRANSPORTES E COMBUSTÍVEIS LTDA.,cnpj_sem_zeros_a_esquerda,00012211000225,1077483,207.41,Combustível,,2026-08-11T18:09:30
2023,2023-03,2023-03-02,Deputado João Cardoso,JOAO CARDOSO,DRIVE CAR TRANSPORTES E COMBUSTÍVEIS LTDA.,cnpj_sem_zeros_a_esquerda,00012211000225,1119642,239.10,Combustível,,2026-08-11T18:09:30
2023,2023-03,2023-03-07,Deputado João Cardoso,JOAO CARDOSO,DRIVE CAR TRANSPORTES E COMBUSTÍVEIS LTDA.,cnpj_sem_zeros_a_esquerda,00012211000225,1119642,339.16,Combustível,,2026-08-11T18:09:30
2023,2023-03,2023-03-10,Deputado João Cardoso,JOAO CARDOSO,DRIVE CAR TRANSPORTES E COMBUSTÍVEIS LTDA.,cnpj_sem_zeros_a_esquerda,00012211000225,1119642,225.16,Combustível,,2026-08-11T18:09:30
2023,2023-03,2023-03-16,Deputado João Cardoso,JOAO CARDOSO,DRIVE CAR TRANSPORTES E COMBUSTÍVEIS LTDA.,cnpj_sem_zeros_a_esquerda,00012211000225,1119642,100.00,Combustível,,2026-08-11T18:09:30
2023,2023-03,2023-03-17,Deputado João Cardoso,JOAO CARDOSO,DRIVE CAR TRANSPORTES E COMBUSTÍVEIS LTDA.,cnpj_sem_zeros_a_esquerda,00012211000225,1119642,138.12,Combustível,,2026-08-11T18:09:30
2023,2023-03,2023-03-21,Deputado João Cardoso,JOAO CARDOSO,DRIVE CAR TRANSPORTES E COMBUSTÍVEIS LTDA.,cnpj_sem_zeros_a_esquerda,00012211000225,1119642,229.83,Combustível,,2026-08-11T18:09:30
2023,2023-03,2023-03-23,Deputado João Cardoso,JOAO CARDOSO,DRIVE CAR TRANSPORTES E COMBUSTÍVEIS LTDA.,cnpj_sem_zeros_a_esquerda,00012211000225,1119642,133.56,Combustível,,2026-08-11T18:09:30
2023,2023-03,2023-03-28,Deputado João Cardoso,JOAO CARDOSO,DRIVE CAR TRANSPORTES E COMBUSTÍVEIS LTDA.,cnpj_sem_zeros_a_esquerda,00012211000225,1119642,239.66,Combustível,,2026-08-11T18:09:30
2023,2023-03,2023-03-31,Deputado João Cardoso,JOAO CARDOSO,DRIVE CAR TRANSPORTES E COMBUSTÍVEIS LTDA.,cnpj_sem_zeros_a_esquerda,00012211000225,1119642,234.96,Combustível,,2026-08-11T18:09:30
2023,2023-04,2023-04-04,Deputado João Cardoso,JOAO CARDOSO,DRIVE CAR TRANSPORTES E COMBUSTÍVEIS LTDA.,cnpj_sem_zeros_a_esquerda,00012211000225,1164491,190.31,Combustível,,2026-08-11T18:09:30
2023,2023-04,2023-04-05,Deputado João Cardoso,JOAO CARDOSO,DRIVE CAR TRANSPORTES E COMBUSTÍVEIS LTDA.,cnpj_sem_zeros_a_esquerda,00012211000225,1164491,146.15,Combustível,,2026-08-11T18:09:30
2023,2023-04,2023-04-08,Deputado João Cardoso,JOAO CARDOSO,DRIVE CAR TRANSPORTES E COMBUSTÍVEIS LTDA.,cnpj_sem_zeros_a_esquerda,00012211000225,1164491,219.51,Combustível,,2026-08-11T18:09:30
2023,2023-04,2023-04-11,Deputado João Cardoso,JOAO CARDOSO,DRIVE CAR TRANSPORTES E COMBUSTÍVEIS LTDA.,cnpj_sem_zeros_a_esquerda,00012211000225,1164491,245.36,Combustível,,2026-08-11T18:09:30
2023,2023-04,2023-04-14,Deputado João Cardoso,JOAO CARDOSO,DRIVE CAR TRANSPORTES E COMBUSTÍVEIS LTDA.,cnpj_sem_zeros_a_esquerda,00012211000225,1164491,218.95,Combustível,,2026-08-11T18:09:30
2023,2023-04,2023-04-17,Deputado João Cardoso,JOAO CARDOSO,DRIVE CAR TRANSPORTES E COMBUSTÍVEIS LTDA.,cnpj_sem_zeros_a_esquerda,00012211000225,1164491,183.99,Combustível,,2026-08-11T18:09:30
2023,2023-04,2023-04-20,Deputado João Cardoso,JOAO CARDOSO,DRIVE CAR TRANSPORTES E COMBUSTÍVEIS LTDA.,cnpj_sem_zeros_a_esquerda,00012211000225,1164491,149.98,Combustível,,2026-08-11T18:09:30
2023,2023-04,2023-04-24,Deputado João Cardoso,JOAO CARDOSO,DRIVE CAR TRANSPORTES E COMBUSTÍVEIS LTDA.,cnpj_sem_zeros_a_esquerda,00012211000225,1164491,241.60,Combustível,,2026-08-11T18:09:30
2023,2023-04,2023-04-28,Deputado João Cardoso,JOAO CARDOSO,DRIVE CAR TRANSPORTES E COMBUSTÍVEIS LTDA.,cnpj_sem_zeros_a_esquerda,00012211000225,1164491,163.14,Combustível,,2026-08-11T18:09:30
2023,2023-05,2023-05-03,Deputado João Cardoso,JOAO CARDOSO,DRIVE CAR TRANSPORTES E COMBUSTÍVEIS LTDA.,cnpj_sem_zeros_a_esquerda,00012211000225,1196941,50.00,Combustível,,2026-08-11T18:09:30
2023,2023-05,2023-05-03,Deputado João Cardoso,JOAO CARDOSO,DRIVE CAR TRANSPORTES E COMBUSTÍVEIS LTDA.,cnpj_sem_zeros_a_esquerda,00012211000225,1196941,240.07,Combustível,,2026-08-11T18:09:30
2023,2023-05,2023-05-10,Deputado João Cardoso,JOAO CARDOSO,DRIVE CAR TRANSPORTES E COMBUSTÍVEIS LTDA.,cnpj_sem_zeros_a_esquerda,00012211000225,1196941,215.39,Combustível,,2026-08-11T18:09:30
2023,2023-05,2023-05-12,Deputado João Cardoso,JOAO CARDOSO,DRIVE CAR TRANSPORTES E COMBUSTÍVEIS LTDA.,cnpj_sem_zeros_a_esquerda,00012211000225,1196941,221.41,Combustível,,2026-08-11T18:09:30
2023,2023-05,2023-05-15,Deputado João Cardoso,JOAO CARDOSO,DRIVE CAR TRANSPORTES E COMBUSTÍVEIS LTDA.,cnpj_sem_zeros_a_esquerda,00012211000225,1196941,246.16,Combustível,,2026-08-11T18:09:30
2023,2023-05,2023-05-17,Deputado João Cardoso,JOAO CARDOSO,DRIVE CAR TRANSPORTES E COMBUSTÍVEIS LTDA.,cnpj_sem_zeros_a_esquerda,00012211000225,1196941,174.83,Combustível,,2026-08-11T18:09:30
2023,2023-05,2023-05-19,Deputado João Cardoso,JOAO CARDOSO,DRIVE CAR TRANSPORTES E COMBUSTÍVEIS LTDA.,cnpj_sem_zeros_a_esquerda,00012211000225,1196941,163.91,Combustível,,2026-08-11T18:09:30
2023,2023-05,2023-05-23,Deputado João Cardoso,JOAO CARDOSO,DRIVE CAR TRANSPORTES E COMBUSTÍVEIS LTDA.,cnpj_sem_zeros_a_esquerda,00012211000225,1196941,219.00,Combustível,,2026-08-11T18:09:30
2023,2023-05,2023-05-26,Deputado João Cardoso,JOAO CARDOSO,DRIVE CAR TRANSPORTES E COMBUSTÍVEIS LTDA.,cnpj_sem_zeros_a_esquerda,00012211000225,1196941,229.44,Combustível,,2026-08-11T18:09:30
2023,2023-05,2023-05-30,Deputado João Cardoso,JOAO CARDOSO,DRIVE CAR TRANSPORTES E COMBUSTÍVEIS LTDA.,cnpj_sem_zeros_a_esquerda,00012211000225,1196941,190.05,Combustível,,2026-08-11T18:09:30
2023,2023-06,2023-06-02,Deputado João Cardoso,JOAO CARDOSO,DRIVE CAR TRANSPORTES E COMBUSTÍVEIS LTDA.,cnpj_sem_zeros_a_esquerda,00012211000225,1251264,183.24,Combustível,,2026-08-11T18:09:30
2023,2023-06,2023-06-07,Deputado João Cardoso,JOAO CARDOSO,DRIVE CAR TRANSPORTES E COMBUSTÍVEIS LTDA.,cnpj_sem_zeros_a_esquerda,00012211000225,1251264,196.32,Combustível,,2026-08-11T18:09:30
2023,2023-06,2023-06-12,Deputado João Cardoso,JOAO CARDOSO,DRIVE CAR TRANSPORTES E COMBUSTÍVEIS LTDA.,cnpj_sem_zeros_a_esquerda,00012211000225,1251264,219.60,Combustível,,2026-08-11T18:09:30
2023,2023-06,2023-06-14,Deputado João Cardoso,JOAO CARDOSO,DRIVE CAR TRANSPORTES E COMBUSTÍVEIS LTDA.,cnpj_sem_zeros_a_esquerda,00012211000225,1251264,190.37,Combustível,,2026-08-11T18:09:30
2023,2023-06,2023-06-16,Deputado João Cardoso,JOAO CARDOSO,DRIVE CAR TRANSPORTES E COMBUSTÍVEIS LTDA.,cnpj_sem_zeros_a_esquerda,00012211000225,1251264,165.02,Combustível,,2026-08-11T18:09:30
2023,2023-06,2023-06-23,Deputado João Cardoso,JOAO CARDOSO,DRIVE CAR TRANSPORTES E COMBUSTÍVEIS LTDA.,cnpj_sem_zeros_a_esquerda,00012211000225,1251264,217.23,Combustível,,2026-08-11T18:09:30
2023,2023-06,2023-06-27,Deputado João Cardoso,JOAO CARDOSO,DRIVE CAR TRANSPORTES E COMBUSTÍVEIS LTDA.,cnpj_sem_zeros_a_esquerda,00012211000225,1251264,217.88,Combustível,,2026-08-11T18:09:30
2023,2023-07,2023-07-03,Deputado João Cardoso,JOAO CARDOSO,DRIVE CAR TRANSPORTES E COMBUSTÍVEIS LTDA.,cnpj_sem_zeros_a_esquerda,00012211000225,1279832,212.60,Combustível,,2026-08-11T18:09:30
2023,2023-07,2023-07-07,Deputado João Cardoso,JOAO CARDOSO,DRIVE CAR TRANSPORTES E COMBUSTÍVEIS LTDA.,cnpj_sem_zeros_a_esquerda,00012211000225,1279832,180.09,Combustível,,2026-08-11T18:09:30
2023,2023-07,2023-07-11,Deputado João Cardoso,JOAO CARDOSO,DRIVE CAR TRANSPORTES E COMBUSTÍVEIS LTDA.,cnpj_sem_zeros_a_esquerda,00012211000225,1279832,180.64,Combustível,,2026-08-11T18:09:30
2023,2023-07,2023-07-14,Deputado João Cardoso,JOAO CARDOSO,DRIVE CAR TRANSPORTES E COMBUSTÍVEIS LTDA.,cnpj_sem_zeros_a_esquerda,00012211000225,1279832,222.35,Combustível,,2026-08-11T18:09:30
2023,2023-07,2023-07-26,Deputado João Cardoso,JOAO CARDOSO,DRIVE CAR TRANSPORTES E COMBUSTÍVEIS LTDA.,cnpj_sem_zeros_a_esquerda,00012211000225,1279832,153.44,Combustível,,2026-08-11T18:09:30
2023,2023-07,2023-07-28,Deputado João Cardoso,JOAO CARDOSO,DRIVE CAR TRANSPORTES E COMBUSTÍVEIS LTDA.,cnpj_sem_zeros_a_esquerda,00012211000225,1279832,96.81,Combustível,,2026-08-11T18:09:30
2023,2023-07,2023-07-31,Deputado João Cardoso,JOAO CARDOSO,DRIVE CAR TRANSPORTES E COMBUSTÍVEIS LTDA.,cnpj_sem_zeros_a_esquerda,00012211000225,1279832,240.33,Combustível,,2026-08-11T18:09:30
2023,2023-08,2023-08-04,Deputado João Cardoso,JOAO CARDOSO,DRIVE CAR TRANSPORTES E COMBUSTÍVEIS LTDA.,cnpj_sem_zeros_a_esquerda,00012211000225,1325217,209.88,Combustível,,2026-08-11T18:09:30
2023,2023-08,2023-08-09,Deputado João Cardoso,JOAO CARDOSO,DRIVE CAR TRANSPORTES E COMBUSTÍVEIS LTDA.,cnpj_sem_zeros_a_esquerda,00012211000225,1325217,227.78,Combustível,,2026-08-11T18:09:30
2023,2023-08,2023-08-11,Deputado João Cardoso,JOAO CARDOSO,DRIVE CAR TRANSPORTES E COMBUSTÍVEIS LTDA.,cnpj_sem_zeros_a_esquerda,00012211000225,1325217,181.49,Combustível,,2026-08-11T18:09:30
2023,2023-08,2023-08-15,Deputado João Cardoso,JOAO CARDOSO,DRIVE CAR TRANSPORTES E COMBUSTÍVEIS LTDA.,cnpj_sem_zeros_a_esquerda,00012211000225,1325217,206.18,Combustível,,2026-08-11T18:09:30
2023,2023-08,2023-08-19,Deputado João Cardoso,JOAO CARDOSO,DRIVE CAR TRANSPORTES E COMBUSTÍVEIS LTDA.,cnpj_sem_zeros_a_esquerda,00012211000225,1325217,145.53,Combustível,,2026-08-11T18:09:30
2023,2023-08,2023-08-22,Deputado João Cardoso,JOAO CARDOSO,DRIVE CAR TRANSPORTES E COMBUSTÍVEIS LTDA.,cnpj_sem_zeros_a_esquerda,00012211000225,1325217,242.68,Combustível,,2026-08-11T18:09:30
2023,2023-08,2023-08-24,Deputado João Cardoso,JOAO CARDOSO,DRIVE CAR TRANSPORTES E COMBUSTÍVEIS LTDA.,cnpj_sem_zeros_a_esquerda,00012211000225,1325217,208.85,Combustível,,2026-08-11T18:09:30
2023,2023-08,2023-08-28,Deputado João Cardoso,JOAO CARDOSO,DRIVE CAR TRANSPORTES E COMBUSTÍVEIS LTDA.,cnpj_sem_zeros_a_esquerda,00012211000225,1325217,245.57,Combustível,,2026-08-11T18:09:30
2023,2023-09,2023-09-01,Deputado João Cardoso,JOAO CARDOSO,DRIVE CAR TRANSPORTES E COMBUSTÍVEIS LTDA.,cnpj_sem_zeros_a_esquerda,00012211000225,1377407,170.85,Combustível,,2026-08-11T18:09:30
2023,2023-09,2023-09-04,Deputado João Cardoso,JOAO CARDOSO,DRIVE CAR TRANSPORTES E COMBUSTÍVEIS LTDA.,cnpj_sem_zeros_a_esquerda,00012211000225,1377407,139.09,Combustível,,2026-08-11T18:09:30
2023,2023-09,2023-09-06,Deputado João Cardoso,JOAO CARDOSO,DRIVE CAR TRANSPORTES E COMBUSTÍVEIS LTDA.,cnpj_sem_zeros_a_esquerda,00012211000225,1377407,185.50,Combustível,,2026-08-11T18:09:30
2023,2023-09,2023-09-11,Deputado João Cardoso,JOAO CARDOSO,DRIVE CAR TRANSPORTES E COMBUSTÍVEIS LTDA.,cnpj_sem_zeros_a_esquerda,00012211000225,1377407,252.24,Combustível,,2026-08-11T18:09:30
2023,2023-09,2023-09-14,Deputado João Cardoso,JOAO CARDOSO,DRIVE CAR TRANSPORTES E COMBUSTÍVEIS LTDA.,cnpj_sem_zeros_a_esquerda,00012211000225,1377407,248.11,Combustível,,2026-08-11T18:09:30
2023,2023-09,2023-09-15,Deputado João Cardoso,JOAO CARDOSO,DRIVE CAR TRANSPORTES E COMBUSTÍVEIS LTDA.,cnpj_sem_zeros_a_esquerda,00012211000225,1377407,166.68,Combustível,,2026-08-11T18:09:30
2023,2023-09,2023-09-19,Deputado João Cardoso,JOAO CARDOSO,DRIVE CAR TRANSPORTES E COMBUSTÍVEIS LTDA.,cnpj_sem_zeros_a_esquerda,00012211000225,1377407,242.01,Combustível,,2026-08-11T18:09:30
2023,2023-09,2023-09-22,Deputado João Cardoso,JOAO CARDOSO,DRIVE CAR TRANSPORTES E COMBUSTÍVEIS LTDA.,cnpj_sem_zeros_a_esquerda,00012211000225,1377407,240.68,Combustível,,2026-08-11T18:09:30
2023,2023-09,2023-09-22,Deputado João Cardoso,JOAO CARDOSO,DRIVE CAR TRANSPORTES E COMBUSTÍVEIS LTDA.,cnpj_sem_zeros_a_esquerda,00012211000225,1377407,242.00,Combustível,,2026-08-11T18:09:30
2023,2023-09,2023-09-27,Deputado João Cardoso,JOAO CARDOSO,GOES COMBUSTÍVEIS LUBRIFICANTES E GLP LTDA,cnpj_sem_zeros_a_esquerda,05454390000193,1377407,219.12,Combustível,,2026-08-11T18:09:30
2023,2023-09,2023-09-29,Deputado João Cardoso,JOAO CARDOSO,SANTA FÉ SERVIÇOS E PETROLEOS LTDA,cnpj,36754752000195,1377407,258.42,Combustível,,2026-08-11T18:09:30
2023,2023-10,2023-10-02,Deputado João Cardoso,JOAO CARDOSO,DRIVE CAR TRANSPORTES E COMBUSTÍVEIS LTDA.,cnpj_sem_zeros_a_esquerda,00012211000225,1413702,208.96,Combustível,,2026-08-11T18:09:30
2023,2023-10,2023-10-05,Deputado João Cardoso,JOAO CARDOSO,DRIVE CAR TRANSPORTES E COMBUSTÍVEIS LTDA.,cnpj_sem_zeros_a_esquerda,00012211000225,1413702,237.28,Combustível,,2026-08-11T18:09:30
2023,2023-10,2023-10-08,Deputado João Cardoso,JOAO CARDOSO,DRIVE CAR TRANSPORTES E COMBUSTÍVEIS LTDA.,cnpj_sem_zeros_a_esquerda,00012211000225,1413702,250.00,Combustível,,2026-08-11T18:09:30
2023,2023-10,2023-10-11,Deputado João Cardoso,JOAO CARDOSO,DRIVE CAR TRANSPORTES E COMBUSTÍVEIS LTDA.,cnpj_sem_zeros_a_esquerda,00012211000225,1413702,255.99,Combustível,,2026-08-11T18:09:30
2023,2023-10,2023-10-13,Deputado João Cardoso,JOAO CARDOSO,DRIVE CAR TRANSPORTES E COMBUSTÍVEIS LTDA.,cnpj_sem_zeros_a_esquerda,00012211000225,1413702,100.00,Combustível,,2026-08-11T18:09:30
2023,2023-10,2023-10-13,Deputado João Cardoso,JOAO CARDOSO,DRIVE CAR TRANSPORTES E COMBUSTÍVEIS LTDA.,cnpj_sem_zeros_a_esquerda,00012211000225,1413702,218.16,Combustível,,2026-08-11T18:09:30
2023,2023-10,2023-10-25,Deputado João Cardoso,JOAO CARDOSO,DRIVE CAR TRANSPORTES E COMBUSTÍVEIS LTDA.,cnpj_sem_zeros_a_esquerda,00012211000225,1413702,234.80,Combustível,,2026-08-11T18:09:30
2023,2023-10,2023-10-27,Deputado João Cardoso,JOAO CARDOSO,DRIVE CAR TRANSPORTES E COMBUSTÍVEIS LTDA.,cnpj_sem_zeros_a_esquerda,00012211000225,1413702,146.93,Combustível,,2026-08-11T18:09:30
2023,2023-10,2023-10-31,Deputado João Cardoso,JOAO CARDOSO,DRIVE CAR TRANSPORTES E COMBUSTÍVEIS LTDA.,cnpj_sem_zeros_a_esquerda,00012211000225,1413702,225.46,Combustível,,2026-08-11T18:09:30
2023,2023-11,2023-11-02,Deputado João Cardoso,JOAO CARDOSO,DRIVE CAR TRANSPORTES E COMBUSTÍVEIS LTDA.,cnpj_sem_zeros_a_esquerda,00012211000225,1467385,186.31,Combustível,,2026-08-11T18:09:30
2023,2023-11,2023-11-07,Deputado João Cardoso,JOAO CARDOSO,DRIVE CAR TRANSPORTES E COMBUSTÍVEIS LTDA.,cnpj_sem_zeros_a_esquerda,00012211000225,1467385,197.05,Combustível,,2026-08-11T18:09:30
2023,2023-11,2023-11-10,Deputado João Cardoso,JOAO CARDOSO,DRIVE CAR TRANSPORTES E COMBUSTÍVEIS LTDA.,cnpj_sem_zeros_a_esquerda,00012211000225,1467385,239.85,Combustível,,2026-08-11T18:09:30
2023,2023-11,2023-11-14,Deputado João Cardoso,JOAO CARDOSO,DRIVE CAR TRANSPORTES E COMBUSTÍVEIS LTDA.,cnpj_sem_zeros_a_esquerda,00012211000225,1467385,204.57,Combustível,,2026-08-11T18:09:30
2023,2023-11,2023-11-23,Deputado João Cardoso,JOAO CARDOSO,DRIVE CAR TRANSPORTES E COMBUSTÍVEIS LTDA.,cnpj_sem_zeros_a_esquerda,00012211000225,1467385,241.15,Combustível,,2026-08-11T18:09:30
2023,2023-11,2023-11-24,Deputado João Cardoso,JOAO CARDOSO,DRIVE CAR TRANSPORTES E COMBUSTÍVEIS LTDA.,cnpj_sem_zeros_a_esquerda,00012211000225,1467385,155.23,Combustível,,2026-08-11T18:09:30
2023,2023-11,2023-11-28,Deputado João Cardoso,JOAO CARDOSO,DRIVE CAR TRANSPORTES E COMBUSTÍVEIS LTDA.,cnpj_sem_zeros_a_esquerda,00012211000225,1467385,233.53,Combustível,,2026-08-11T18:09:30
2023,2023-02,2023-02-09,Deputado Roosevelt Vilela,ROOSEVELT VILELA,CASCOL COMBUSTIVEIS PARA VEICULOS LTDA,cnpj_sem_zeros_a_esquerda,00306597002574,1075334,183.08,Combustível,,2026-08-11T18:09:30
2023,2023-02,2023-02-15,Deputado Roosevelt Vilela,ROOSEVELT VILELA,CASCOL COMBUSTIVEIS PARA VEICULOS LTDA,cnpj_sem_zeros_a_esquerda,00306597002574,1075334,200.12,Combustível,,2026-08-11T18:09:30
2023,2023-02,2023-02-28,Deputado Roosevelt Vilela,ROOSEVELT VILELA,PETRO RIOS COMERCIO DERIVADOS DE PETROLEO LTDA,cnpj,38074571000143,1075334,200.00,Combustível,,2026-08-11T18:09:30
2023,2023-01,2023-01-18,Dayse Amarílio Donetts Diniz,DAYSE AMARILIO,Cascol,cnpj_sem_zeros_a_esquerda,00306597003627,482146.0,248.81,Combustível,,2026-08-11T18:09:30
2023,2023-01,2023-01-26,Dayse Amarílio Donetts Diniz,DAYSE AMARILIO,Cinco Estrelas,cnpj_sem_zeros_a_esquerda,00692418002070,241870.0,283.87,Combustível,,2026-08-11T18:09:30
2023,2023-02,2023-02-02,Dayse Amarílio Donetts Diniz,DAYSE AMARILIO,Cascol,cnpj_sem_zeros_a_esquerda,00306597003627,488216.0,269.63,Combustível,,2026-08-11T18:09:30
2023,2023-02,2023-02-08,Dayse Amarílio Donetts Diniz,DAYSE AMARILIO,Cascol,cnpj_sem_zeros_a_esquerda,00306597003627,491085.0,272.10,Combustível,,2026-08-11T18:09:30
2023,2023-02,2023-02-13,Dayse Amarílio Donetts Diniz,DAYSE AMARILIO,Cascol,cnpj_sem_zeros_a_esquerda,00306597003627,492897.0,240.58,Combustível,,2026-08-11T18:09:30
2023,2023-02,2023-02-27,Dayse Amarílio Donetts Diniz,DAYSE AMARILIO,Cascol,cnpj_sem_zeros_a_esquerda,00306597003627,497455.0,293.98,Combustível,,2026-08-11T18:09:30
2023,2023-03,2023-03-07,Dayse Amarílio Donetts Diniz,DAYSE AMARILIO,Cascol,cnpj_sem_zeros_a_esquerda,00306597003627,501312.0,264.42,Combustível,,2026-08-11T18:09:30
2023,2023-03,2023-03-14,Dayse Amarílio Donetts Diniz,DAYSE AMARILIO,Cascol,cnpj_sem_zeros_a_esquerda,00306597003627,504348.0,302.49,Combustível,,2026-08-11T18:09:30
2023,2023-03,2023-03-16,Dayse Amarílio Donetts Diniz,DAYSE AMARILIO,Posto Epia,cnpj,31403111000172,43386.0,196.71,Combustível,,2026-08-11T18:09:30
2023,2023-03,2023-03-21,Dayse Amarílio Donetts Diniz,DAYSE AMARILIO,Cascol,cnpj_sem_zeros_a_esquerda,00306597003627,507797.0,313.49,Combustível,,2026-08-11T18:09:30
2023,2023-04,2023-04-04,Dayse Amarílio Donetts Diniz,DAYSE AMARILIO,Posto São Mateus,cnpj_sem_zeros_a_esquerda,07870568000102,543407.0,315.45,Combustível,,2026-08-11T18:09:30
2023,2023-04,2023-04-05,Dayse Amarílio Donetts Diniz,DAYSE AMARILIO,Cascol,cnpj_sem_zeros_a_esquerda,00306597003627,515068.0,310.53,Combustível,,2026-08-11T18:09:30
2023,2023-04,2023-04-15,Dayse Amarílio Donetts Diniz,DAYSE AMARILIO,Cascol,cnpj_sem_zeros_a_esquerda,00306597003627,519610.0,200.00,Combustível,,2026-08-11T18:09:30
2023,2023-04,2023-04-19,Dayse Amarílio Donetts Diniz,DAYSE AMARILIO,Cascol,cnpj_sem_zeros_a_esquerda,00306597003627,521326.0,340.44,Combustível,,2026-08-11T18:09:30
2023,2023-04,2023-04-28,Dayse Amarílio Donetts Diniz,DAYSE AMARILIO,Cascol,cnpj_sem_zeros_a_esquerda,00306597003627,525034.0,319.55,Combustível,,2026-08-11T18:09:30
2023,2023-05,2023-05-08,Dayse Amarílio Donetts Diniz,DAYSE AMARILIO,Posto da Torre,cnpj_sem_zeros_a_esquerda,04473193000159,347701.0,348.81,Combustível,,2026-08-11T18:09:30
2023,2023-05,2023-05-13,Dayse Amarílio Donetts Diniz,DAYSE AMARILIO,Posto 214 Sul,cnpj_sem_zeros_a_esquerda,08355825000130,181919.0,285.63,Combustível,,2026-08-11T18:09:30
2023,2023-05,2023-05-19,Dayse Amarílio Donetts Diniz,DAYSE AMARILIO,Castanheiras - Cascol,cnpj_sem_zeros_a_esquerda,00306597004780,428927.0,288.44,Combustível,,2026-08-11T18:09:30
2023,2023-05,2023-05-25,Dayse Amarílio Donetts Diniz,DAYSE AMARILIO,Cascol,cnpj_sem_zeros_a_esquerda,00306597003627,535791.0,251.92,Combustível,,2026-08-11T18:09:30
2023,2023-05,2023-05-31,Dayse Amarílio Donetts Diniz,DAYSE AMARILIO,Auto Posto Cinco Estrelas Ltda,cnpj_sem_zeros_a_esquerda,00692418002665,188474.0,304.66,Combustível,,2026-08-11T18:09:30
2023,2023-06,2023-06-07,Dayse Amarílio Donetts Diniz,DAYSE AMARILIO,Posto Monumental,cnpj_sem_zeros_a_esquerda,05454390000193,187606.0,304.84,Combustível,,2026-08-11T18:09:30
2023,2023-06,2023-06-13,Dayse Amarílio Donetts Diniz,DAYSE AMARILIO,Posto Monumental,cnpj_sem_zeros_a_esquerda,05454390000193,189665.0,287.13,Combustível,,2026-08-11T18:09:30
2023,2023-06,2023-06-24,Dayse Amarílio Donetts Diniz,DAYSE AMARILIO,Cascol,cnpj_sem_zeros_a_esquerda,00306597003627,547328.0,301.37,Combustível,,2026-08-11T18:09:30
2023,2023-07,2023-07-03,Dayse Amarílio Donetts Diniz,DAYSE AMARILIO,Belize Company Auto Posto Ltda,cnpj,29032820000147,218156.0,335.40,Combustível,,2026-08-11T18:09:30
2023,2023-07,2023-07-06,Dayse Amarílio Donetts Diniz,DAYSE AMARILIO,Jarjour Revenda,cnpj,32077655000154,116842.0,285.77,Combustível,,2026-08-11T18:09:30
2023,2023-07,2023-07-19,Dayse Amarílio Donetts Diniz,DAYSE AMARILIO,Posto Monumental,cnpj_sem_zeros_a_esquerda,05454390000193,203024.0,298.04,Combustível,,2026-08-11T18:09:30
2023,2023-07,2023-07-23,Dayse Amarílio Donetts Diniz,DAYSE AMARILIO,JJS Comércio de Combustíveis,cnpj_sem_zeros_a_esquerda,03469182000132,50281.0,297.20,Combustível,,2026-08-11T18:09:30
2023,2023-07,2023-07-27,Dayse Amarílio Donetts Diniz,DAYSE AMARILIO,Cascol,cnpj_sem_zeros_a_esquerda,00306597003627,559577.0,319.29,Combustível,,2026-08-11T18:09:30
2023,2023-08,2023-08-02,Dayse Amarílio Donetts Diniz,DAYSE AMARILIO,Cascol,cnpj_sem_zeros_a_esquerda,00306597003627,562357.0,280.00,Combustível,,2026-08-11T18:09:30
2023,2023-08,2023-08-07,Dayse Amarílio Donetts Diniz,DAYSE AMARILIO,Auto Posto Fenix,cnpj,25004046000100,284709.0,266.85,Combustível,,2026-08-11T18:09:30
2023,2023-08,2023-08-11,Dayse Amarílio Donetts Diniz,DAYSE AMARILIO,Cascol,cnpj_sem_zeros_a_esquerda,00306597003627,566429.0,307.32,Combustível,,2026-08-11T18:09:30
2023,2023-08,2023-08-16,Dayse Amarílio Donetts Diniz,DAYSE AMARILIO,Cascol,cnpj_sem_zeros_a_esquerda,00306597003627,568783.0,279.07,Combustível,,2026-08-11T18:09:30
2023,2023-08,2023-08-21,Dayse Amarílio Donetts Diniz,DAYSE AMARILIO,Quality Aguas Claras,cnpj,36900391000571,42945.0,282.54,Combustível,,2026-08-11T18:09:30
2023,2023-08,2023-08-28,Dayse Amarílio Donetts Diniz,DAYSE AMARILIO,Auto Posto Criolo,cnpj,27169700000160,363182.0,329.54,Combustível,,2026-08-11T18:09:30
2023,2023-05,2023-05-03,Max Maciel Cavalcanti,MAX MACIEL,SOUSA E ALVES COM DE DERIVADOS DE PETRÓLEO,cnpj_sem_zeros_a_esquerda,07111605000107,436156.0,242.39,Combustível,,2026-08-11T18:09:30
2023,2023-05,2023-05-09,Max Maciel Cavalcanti,MAX MACIEL,AUTO POSTO BRAGA LTDA,cnpj_sem_zeros_a_esquerda,05208306000151,284624.0,224.83,Combustível,,2026-08-11T18:09:30
2023,2023-05,2023-05-12,Max Maciel Cavalcanti,MAX MACIEL,SOUSA E ALVES COM DE DERIVADOS DE PETRÓLEO,cnpj_sem_zeros_a_esquerda,07111605000107,437241.0,215.57,Combustível,,2026-08-11T18:09:30
2023,2023-05,2023-05-18,Max Maciel Cavalcanti,MAX MACIEL,SOUSA E ALVES COM DE DERIVADOS DE PETRÓLEO,cnpj_sem_zeros_a_esquerda,07111605000107,437999.0,190.00,Combustível,,2026-08-11T18:09:30
2023,2023-05,2023-05-23,Max Maciel Cavalcanti,MAX MACIEL,SOUSA E ALVES COM DE DERIVADOS DE PETRÓLEO,cnpj_sem_zeros_a_esquerda,07111605000107,438698.0,161.84,Combustível,,2026-08-11T18:09:30
2023,2023-05,2023-05-26,Max Maciel Cavalcanti,MAX MACIEL,SOUSA E ALVES COM DE DERIVADOS DE PETRÓLEO,cnpj_sem_zeros_a_esquerda,07111605000107,439022.0,213.43,Combustível,,2026-08-11T18:09:30
2023,2023-05,2023-05-31,Max Maciel Cavalcanti,MAX MACIEL,SOUSA E ALVES COM DE DERIVADOS DE PETRÓLEO,cnpj_sem_zeros_a_esquerda,07111605000107,439479.0,238.89,Combustível,,2026-08-11T18:09:30
2023,2023-05,2023-05-10,Deputado Gabriel Magno,GABRIEL MAGNO,Abastecimento 02,cnpj_sem_zeros_a_esquerda,00306597009668,1429362,231.96,Combustíveis e Lubrificantes,,2026-08-11T18:09:30
2023,2023-05,2023-05-24,Deputado Gabriel Magno,GABRIEL MAGNO,Abastecimento 02,cnpj,27169700000160,9610.0,220.14,Combustíveis e Lubrificantes,,2026-08-11T18:09:30
2023,2023-07,2023-07-07,Deputado Gabriel Magno,GABRIEL MAGNO,Abastecimento 02,cnpj_sem_zeros_a_esquerda,00306597009668,,161.26,Combustíveis e Lubrificantes,,2026-08-11T18:09:30
2023,2023-08,2023-08-10,Deputado Gabriel Magno,GABRIEL MAGNO,Abastecimento 02,cnpj,27169700000160,,184.34,Combustíveis e Lubrificantes,,2026-08-11T18:09:30
2023,2023-09,2023-09-02,Deputado Gabriel Magno,GABRIEL MAGNO,Abastecimento 02,cnpj_sem_zeros_a_esquerda,00692418002665,290811.0,232.44,Combustíveis e Lubrificantes,,2026-08-11T18:09:30
2023,2023-10,2023-10-10,Deputado Gabriel Magno,GABRIEL MAGNO,Abastecimento 02,cnpj_sem_zeros_a_esquerda,00306597006308,449617.0,236.36,Combustíveis e Lubrificantes,,2026-08-11T18:09:30
2023,2023-05,2023-05-01,Deputado Gabriel Magno,GABRIEL MAGNO,Abastecimento 01,cnpj_sem_zeros_a_esquerda,00692418000611,235130.0,235.10,Combustíveis e Lubrificantes,,2026-08-11T18:09:30
2023,2023-05,2023-05-14,Deputado Gabriel Magno,GABRIEL MAGNO,Abastecimento 03,cnpj,29032820000147,214635.0,192.92,Combustíveis e Lubrificantes,,2026-08-11T18:09:30
2023,2023-05,2023-05-29,Deputado Gabriel Magno,GABRIEL MAGNO,Abastecimento 01,cnpj,33977940000194,140946.0,226.87,Combustíveis e Lubrificantes,,2026-08-11T18:09:30
2023,2023-07,2023-07-04,Deputado Gabriel Magno,GABRIEL MAGNO,Abastecimento 01,cnpj_sem_zeros_a_esquerda,00306597009668,1470982.0,162.24,Combustíveis e Lubrificantes,,2026-08-11T18:09:30
2023,2023-07,2023-07-11,Deputado Gabriel Magno,GABRIEL MAGNO,Abastecimento 03,cnpj,29032820000147,219826.0,178.01,Combustíveis e Lubrificantes,,2026-08-11T18:09:30
2023,2023-08,2023-08-03,Deputado Gabriel Magno,GABRIEL MAGNO,Abastecimento 01,cnpj,27169700000160,,227.48,Combustíveis e Lubrificantes,,2026-08-11T18:09:30
2023,2023-08,2023-08-20,Deputado Gabriel Magno,GABRIEL MAGNO,Abastecimento 03,cnpj_sem_zeros_a_esquerda,00306597009668,1547165.0,160.66,Combustíveis e Lubrificantes,,2026-08-11T18:09:30
2023,2023-09,2023-09-01,Deputado Gabriel Magno,GABRIEL MAGNO,Abastecimento 01,nao_e_registro,,25247.0,315.88,Combustíveis e Lubrificantes,,2026-08-11T18:09:30
2023,2023-09,2023-09-13,Deputado Gabriel Magno,GABRIEL MAGNO,Abastecimento 03,cnpj,27169700000160,20283.0,226.08,Combustíveis e Lubrificantes,,2026-08-11T18:09:30
2023,2023-10,2023-10-02,Deputado Gabriel Magno,GABRIEL MAGNO,Abastecimento 01,cnpj_sem_zeros_a_esquerda,05662975000107,245355.0,251.90,Combustíveis e Lubrificantes,,2026-08-11T18:09:30
2023,2023-10,2023-10-18,Deputado Gabriel Magno,GABRIEL MAGNO,Abastecimento 03,cnpj_sem_zeros_a_esquerda,00306597002574,333581.0,225.42,Combustíveis e Lubrificantes,,2026-08-11T18:09:30
2023,2023-06,2023-06-19,Deputado Gabriel Magno,GABRIEL MAGNO,Abastecimento 04,cnpj_sem_zeros_a_esquerda,00306597009668,1444293.0,171.02,Combustíveis e Lubrificantes,,2026-08-11T18:09:30
2023,2023-07,2023-07-17,Deputado Gabriel Magno,GABRIEL MAGNO,Abastecimento 04,nao_e_registro,,,223.05,Combustíveis e Lubrificantes,,2026-08-11T18:09:30
2023,2023-08,2023-08-25,Deputado Gabriel Magno,GABRIEL MAGNO,Abastecimento 04,cnpj_sem_zeros_a_esquerda,00306597004860,2278727.0,265.18,Combustíveis e Lubrificantes,,2026-08-11T18:09:30
2023,2023-09,2023-09-17,Deputado Gabriel Magno,GABRIEL MAGNO,Abastecimento 04,cnpj_sem_zeros_a_esquerda,00306597009668,1597249.0,237.11,Combustíveis e Lubrificantes,,2026-08-11T18:09:30
2023,2023-10,2023-10-23,Deputado Gabriel Magno,GABRIEL MAGNO,Abastecimento 04,cnpj_sem_zeros_a_esquerda,00306597009668,1660862.0,210.91,Combustíveis e Lubrificantes,,2026-08-11T18:09:30
2023,2023-06,2023-06-23,Deputado Gabriel Magno,GABRIEL MAGNO,Abastecimento 05,cnpj,29032820000147,216513.0,227.66,Combustíveis e Lubrificantes,,2026-08-11T18:09:30
2023,2023-07,2023-07-28,Deputado Gabriel Magno,GABRIEL MAGNO,Abastecimento 05,cnpj_sem_zeros_a_esquerda,00692418000107,,147.84,Combustíveis e Lubrificantes,,2026-08-11T18:09:30
2023,2023-08,2023-08-15,Deputado Gabriel Magno,GABRIEL MAGNO,Abastecimento 05,cnpj,72620412000135,84717.0,195.57,Combustíveis e Lubrificantes,,2026-08-11T18:09:30
2023,2023-09,2023-09-20,Deputado Gabriel Magno,GABRIEL MAGNO,Abastecimento 05,nao_e_registro,,21075.0,232.87,Combustíveis e Lubrificantes,,2026-08-11T18:09:30
2023,2023-09,2023-09-25,Deputado Gabriel Magno,GABRIEL MAGNO,Abastecimento 06,cnpj_sem_zeros_a_esquerda,00306597009668,1611279.0,230.40,Combustíveis e Lubrificantes,,2026-08-11T18:09:30
2023,2023-10,2023-10-28,Deputado Gabriel Magno,GABRIEL MAGNO,Abastecimento 05,cnpj_sem_zeros_a_esquerda,00306597009668,1669684.0,231.06,Combustíveis e Lubrificantes,,2026-08-11T18:09:30
2023,2023-06,2023-06-29,Deputado Gabriel Magno,GABRIEL MAGNO,Abastecimento 06,cnpj,34051439000165,155312.0,221.14,Combustíveis e Lubrificantes,,2026-08-11T18:09:30
2023,2023-01,2023-01-01,Deputado Hermeto,HERMETO,Cascol Combustíveis,cnpj_sem_zeros_a_esquerda,00306597009234,785319.0,206.94,Combustíveis e lubrificantes,,2026-08-11T18:09:30
2023,2023-01,2023-01-01,Deputado Hermeto,HERMETO,Cascol Combustíveis,cnpj_sem_zeros_a_esquerda,00306597009234,787598.0,217.69,Combustíveis e lubrificantes,,2026-08-11T18:09:30
2023,2023-01,2023-01-01,Deputado Hermeto,HERMETO,Cascol Combustíveis,cnpj_sem_zeros_a_esquerda,00306597009234,790609.0,168.26,Combustíveis e lubrificantes,,2026-08-11T18:09:30
2023,2023-01,2023-01-01,Deputado Hermeto,HERMETO,Cascol Combustíveis,cnpj_sem_zeros_a_esquerda,00692418000611,180359.0,241.91,Combustíveis e lubrificantes,,2026-08-11T18:09:30
2023,2023-02,2023-02-03,Deputado Hermeto,HERMETO,Cascol Combustíveis,cnpj_sem_zeros_a_esquerda,00306597000288,203561.0,197.35,Combustíveis e lubrificantes,,2026-08-11T18:09:30
2023,2023-02,2023-02-07,Deputado Hermeto,HERMETO,Cascol Combustíveis,cnpj_sem_zeros_a_esquerda,00306597009234,795120.0,221.00,Combustíveis e lubrificantes,,2026-08-11T18:09:30
2023,2023-02,2023-02-09,Deputado Hermeto,HERMETO,Cascol Combustíveis,cnpj_sem_zeros_a_esquerda,05454390000193,144190.0,244.11,Combustíveis e lubrificantes,,2026-08-11T18:09:30
2023,2023-02,2023-02-11,Deputado Hermeto,HERMETO,Cascol Combustíveis,cnpj_sem_zeros_a_esquerda,00306597009234,797824.0,198.29,Combustíveis e lubrificantes,,2026-08-11T18:09:30
2023,2023-02,2023-02-14,Deputado Hermeto,HERMETO,Cascol Combustíveis,cnpj_sem_zeros_a_esquerda,07822636000168,1337112.0,170.00,Combustíveis e lubrificantes,,2026-08-11T18:09:30
2023,2023-02,2023-02-23,Deputado Hermeto,HERMETO,Cascol Combustíveis,nao_e_registro,,77076.0,223.78,Combustíveis e lubrificantes,,2026-08-11T18:09:30
2023,2023-02,2023-02-28,Deputado Hermeto,HERMETO,Cascol Combustíveis,cnpj_sem_zeros_a_esquerda,00306597009234,809649.0,240.03,Combustíveis e lubrificantes,,2026-08-11T18:09:30
2023,2023-03,2023-03-03,Deputado Hermeto,HERMETO,Cascol Combustíveis,cnpj_sem_zeros_a_esquerda,00306597009234,811983.0,200.04,Combustíveis e lubrificantes,,2026-08-11T18:09:30
2023,2023-03,2023-03-05,Deputado Hermeto,HERMETO,Cascol Combustíveis,cnpj_sem_zeros_a_esquerda,00306597009234,813058.0,275.71,Combustíveis e lubrificantes,,2026-08-11T18:09:30
2023,2023-03,2023-03-08,Deputado Hermeto,HERMETO,Cascol Combustíveis,cnpj_sem_zeros_a_esquerda,00306597009234,214059.0,265.30,Combustíveis e lubrificantes,,2026-08-11T18:09:30
2023,2023-03,2023-03-10,Deputado Hermeto,HERMETO,Cascol Combustíveis,cnpj_sem_zeros_a_esquerda,00306597009234,816723.0,206.88,Combustíveis e lubrificantes,,2026-08-11T18:09:30
2023,2023-03,2023-03-13,Deputado Hermeto,HERMETO,Cascol Combustíveis,cnpj_sem_zeros_a_esquerda,00306597009234,818423.0,191.24,Combustíveis e lubrificantes,,2026-08-11T18:09:30
2023,2023-03,2023-03-17,Deputado Hermeto,HERMETO,Cascol Combustíveis,cnpj_sem_zeros_a_esquerda,00306597009234,821725.0,169.61,Combustíveis e lubrificantes,,2026-08-11T18:09:30
2023,2023-03,2023-03-18,Deputado Hermeto,HERMETO,Cascol Combustíveis,cnpj_sem_zeros_a_esquerda,00306597009234,822655.0,100.02,Combustíveis e lubrificantes,,2026-08-11T18:09:30
2023,2023-03,2023-03-21,Deputado Hermeto,HERMETO,Cascol Combustíveis,cnpj_sem_zeros_a_esquerda,00306597009234,825087.0,160.00,Combustíveis e lubrificantes,,2026-08-11T18:09:30
2023,2023-03,2023-03-22,Deputado Hermeto,HERMETO,Cascol Combustíveis,cnpj_sem_zeros_a_esquerda,00097626000168,1085549.0,79.63,Combustíveis e lubrificantes,,2026-08-11T18:09:30
2023,2023-03,2023-03-22,Deputado Hermeto,HERMETO,Cascol Combustíveis,cnpj_sem_zeros_a_esquerda,00306597009234,825856.0,250.03,Combustíveis e lubrificantes,,2026-08-11T18:09:30
2023,2023-03,2023-03-24,Deputado Hermeto,HERMETO,Cascol Combustíveis,cnpj_sem_zeros_a_esquerda,00306597009234,827454.0,200.00,Combustíveis e lubrificantes,,2026-08-11T18:09:30
2023,2023-03,2023-03-28,Deputado Hermeto,HERMETO,Cascol Combustíveis,cnpj_sem_zeros_a_esquerda,00306597009234,830014.0,265.05,Combustíveis e lubrificantes,,2026-08-11T18:09:30
2023,2023-03,2023-03-30,Deputado Hermeto,HERMETO,Cascol Combustíveis,nao_e_registro,,162056.0,220.00,Combustíveis e lubrificantes,,2026-08-11T18:09:30
2023,2023-04,2023-04-03,Deputado Hermeto,HERMETO,Cascol Combustíveis,cnpj_sem_zeros_a_esquerda,00306597009234,833935.0,257.32,Combustíveis e lubrificantes,,2026-08-11T18:09:30
2023,2023-04,2023-04-05,Deputado Hermeto,HERMETO,Cascol Combustíveis,cnpj_sem_zeros_a_esquerda,00306597009234,835376.0,175.08,Combustíveis e lubrificantes,,2026-08-11T18:09:30
2023,2023-04,2023-04-07,Deputado Hermeto,HERMETO,Cascol Combustíveis,cnpj_sem_zeros_a_esquerda,00306597009234,836902.0,225.00,Combustíveis e lubrificantes,,2026-08-11T18:09:30
2023,2023-04,2023-04-10,Deputado Hermeto,HERMETO,Cascol Combustíveis,cnpj_sem_zeros_a_esquerda,00306597009234,838568.0,200.01,Combustíveis e lubrificantes,,2026-08-11T18:09:30
2023,2023-04,2023-04-13,Deputado Hermeto,HERMETO,Cascol Combustíveis,cnpj_sem_zeros_a_esquerda,00306597009234,840411.0,269.10,Combustíveis e lubrificantes,,2026-08-11T18:09:30
2023,2023-04,2023-04-17,Deputado Hermeto,HERMETO,Cascol Combustíveis,cnpj_sem_zeros_a_esquerda,00306597009234,842287.0,240.04,Combustíveis e lubrificantes,,2026-08-11T18:09:30
2023,2023-04,2023-04-19,Deputado Hermeto,HERMETO,Cascol Combustíveis,cnpj_sem_zeros_a_esquerda,00306597009234,843513.0,240.04,Combustíveis e lubrificantes,,2026-08-11T18:09:30
2023,2023-04,2023-04-21,Deputado Hermeto,HERMETO,Cascol Combustíveis,cnpj_sem_zeros_a_esquerda,00306597009234,845105.0,180.05,Combustíveis e lubrificantes,,2026-08-11T18:09:30
2023,2023-04,2023-04-25,Deputado Hermeto,HERMETO,Cascol Combustíveis,cnpj_sem_zeros_a_esquerda,00306597009234,846851.0,245.01,Combustíveis e lubrificantes,,2026-08-11T18:09:30
2023,2023-04,2023-04-27,Deputado Hermeto,HERMETO,Cascol Combustíveis,cnpj_sem_zeros_a_esquerda,00306597009234,848160.0,250.01,Combustíveis e lubrificantes,,2026-08-11T18:09:30
2023,2023-05,2023-05-02,Deputado Hermeto,HERMETO,Cascol Combustíveis,cnpj_sem_zeros_a_esquerda,00306597009234,850468.0,220.05,Combustíveis e lubrificantes,,2026-08-11T18:09:30
2023,2023-05,2023-05-05,Deputado Hermeto,HERMETO,Cascol Combustíveis,cnpj,36297444000188,136498.0,260.04,Combustíveis e lubrificantes,,2026-08-11T18:09:30
2023,2023-05,2023-05-09,Deputado Hermeto,HERMETO,Cascol Combustíveis,cnpj_sem_zeros_a_esquerda,00306597009234,854573.0,230.08,Combustíveis e lubrificantes,,2026-08-11T18:09:30
2023,2023-05,2023-05-11,Deputado Hermeto,HERMETO,Cascol Combustíveis,cnpj_sem_zeros_a_esquerda,01655778000525,410020.0,250.01,Combustíveis e lubrificantes,,2026-08-11T18:09:30
2023,2023-05,2023-05-15,Deputado Hermeto,HERMETO,Cascol Combustíveis,cnpj_sem_zeros_a_esquerda,00306597009234,857888.0,211.56,Combustíveis e lubrificantes,,2026-08-11T18:09:30
2023,2023-05,2023-05-17,Deputado Hermeto,HERMETO,Cascol Combustíveis,cnpj_sem_zeros_a_esquerda,00306597009234,859049.0,219.97,Combustíveis e lubrificantes,,2026-08-11T18:09:30
2023,2023-05,2023-05-19,Deputado Hermeto,HERMETO,Cascol Combustíveis,cnpj_sem_zeros_a_esquerda,05246123000120,1722524.0,100.00,Combustíveis e lubrificantes,,2026-08-11T18:09:30
2023,2023-05,2023-05-20,Deputado Hermeto,HERMETO,Cascol Combustíveis,cnpj_sem_zeros_a_esquerda,00306597009234,860744.0,50.00,Combustíveis e lubrificantes,,2026-08-11T18:09:30
2023,2023-05,2023-05-21,Deputado Hermeto,HERMETO,Cascol Combustíveis,cnpj_sem_zeros_a_esquerda,00306597007614,645606.0,50.00,Combustíveis e lubrificantes,,2026-08-11T18:09:30
2023,2023-05,2023-05-22,Deputado Hermeto,HERMETO,Cascol Combustíveis,cnpj_sem_zeros_a_esquerda,00306597009234,861784.0,30.00,Combustíveis e lubrificantes,,2026-08-11T18:09:30
2023,2023-06,2023-06-01,Deputado Hermeto,HERMETO,Cascol Combustíveis,cnpj,27169700000160,345702.0,200.00,Combustíveis e lubrificantes,,2026-08-11T18:09:30
2023,2023-06,2023-06-05,Deputado Hermeto,HERMETO,Cascol Combustíveis,cnpj_sem_zeros_a_esquerda,00306597009234,868563.0,199.30,Combustíveis e lubrificantes,,2026-08-11T18:09:30
2023,2023-06,2023-06-07,Deputado Hermeto,HERMETO,Cascol Combustíveis,cnpj_sem_zeros_a_esquerda,00306597009234,869959.0,210.06,Combustíveis e lubrificantes,,2026-08-11T18:09:30
2023,2023-06,2023-06-09,Deputado Hermeto,HERMETO,Cascol Combustíveis,cnpj_sem_zeros_a_esquerda,00306597009234,870803.0,240.01,Combustíveis e lubrificantes,,2026-08-11T18:09:30
2023,2023-06,2023-06-12,Deputado Hermeto,HERMETO,Cascol Combustíveis,cnpj_sem_zeros_a_esquerda,00306597009234,872106.0,230.04,Combustíveis e lubrificantes,,2026-08-11T18:09:30
2023,2023-06,2023-06-15,Deputado Hermeto,HERMETO,Cascol Combustíveis,cnpj_sem_zeros_a_esquerda,00692418000107,279435.0,250.17,Combustíveis e lubrificantes,,2026-08-11T18:09:30
2023,2023-06,2023-06-19,Deputado Hermeto,HERMETO,Cascol Combustíveis,cnpj_sem_zeros_a_esquerda,00306597009234,875686.0,252.03,Combustíveis e lubrificantes,,2026-08-11T18:09:30
2023,2023-06,2023-06-22,Deputado Hermeto,HERMETO,Cascol Combustíveis,cnpj_sem_zeros_a_esquerda,00306597009234,877214.0,220.01,Combustíveis e lubrificantes,,2026-08-11T18:09:30
2023,2023-06,2023-06-26,Deputado Hermeto,HERMETO,Cascol Combustíveis,cnpj_sem_zeros_a_esquerda,00306597009234,876964.0,220.01,Combustíveis e lubrificantes,,2026-08-11T18:09:30
2023,2023-06,2023-06-29,Deputado Hermeto,HERMETO,Cascol Combustíveis,cnpj_sem_zeros_a_esquerda,00306597009234,880347.0,240.64,Combustíveis e lubrificantes,,2026-08-11T18:09:30
2023,2023-07,2023-07-01,Deputado Hermeto,HERMETO,Cascol Combustíveis,cnpj_sem_zeros_a_esquerda,00306597009234,881646.0,270.05,Combustíveis e lubrificantes,,2026-08-11T18:09:30
2023,2023-07,2023-07-05,Deputado Hermeto,HERMETO,Cascol Combustíveis,cnpj_sem_zeros_a_esquerda,00306597009234,883664.0,275.03,Combustíveis e lubrificantes,,2026-08-11T18:09:30
2023,2023-07,2023-07-10,Deputado Hermeto,HERMETO,Cascol Combustíveis,cnpj_sem_zeros_a_esquerda,00306597009234,885890.0,269.99,Combustíveis e lubrificantes,,2026-08-11T18:09:30
2023,2023-07,2023-07-11,Deputado Hermeto,HERMETO,Cascol Combustíveis,cnpj_sem_zeros_a_esquerda,00306597009234,886606.0,135.72,Combustíveis e lubrificantes,,2026-08-11T18:09:30
2023,2023-07,2023-07-18,Deputado Hermeto,HERMETO,Cascol Combustíveis,cnpj_sem_zeros_a_esquerda,00306597009234,889399.0,240.70,Combustíveis e lubrificantes,,2026-08-11T18:09:30
2023,2023-07,2023-07-20,Deputado Hermeto,HERMETO,Cascol Combustíveis,cnpj_sem_zeros_a_esquerda,05246123000120,1773859.0,309.20,Combustíveis e lubrificantes,,2026-08-11T18:09:30
2023,2023-07,2023-07-24,Deputado Hermeto,HERMETO,Cascol Combustíveis,cnpj_sem_zeros_a_esquerda,00306597009234,891941.0,272.24,Combustíveis e lubrificantes,,2026-08-11T18:09:30
2023,2023-07,2023-07-27,Deputado Hermeto,HERMETO,Cascol Combustíveis,cnpj_sem_zeros_a_esquerda,00306597009234,893438.0,210.05,Combustíveis e lubrificantes,,2026-08-11T18:09:30
2023,2023-07,2023-07-31,Deputado Hermeto,HERMETO,Cascol Combustíveis,cnpj_sem_zeros_a_esquerda,00306597009234,895470.0,240.02,Combustíveis e lubrificantes,,2026-08-11T18:09:30
2023,2023-08,2023-08-02,Deputado Hermeto,HERMETO,Cascol Combustíveis,cnpj_sem_zeros_a_esquerda,00306597009234,896475.0,200.02,Combustíveis e lubrificantes,,2026-08-11T18:09:30
2023,2023-08,2023-08-08,Deputado Hermeto,HERMETO,Cascol Combustíveis,cnpj_sem_zeros_a_esquerda,00306597009234,899026.0,255.04,Combustíveis e lubrificantes,,2026-08-11T18:09:30
2023,2023-08,2023-08-11,Deputado Hermeto,HERMETO,Cascol Combustíveis,cnpj_sem_zeros_a_esquerda,00306597009234,900495.0,265.01,Combustíveis e lubrificantes,,2026-08-11T18:09:30
2023,2023-08,2023-08-15,Deputado Hermeto,HERMETO,Cascol Combustíveis,cnpj_sem_zeros_a_esquerda,03482208000182,509395.0,200.21,Combustíveis e lubrificantes,,2026-08-11T18:09:30
2023,2023-08,2023-08-18,Deputado Hermeto,HERMETO,Cascol Combustíveis,cnpj_sem_zeros_a_esquerda,00306597009234,904676.0,264.99,Combustíveis e lubrificantes,,2026-08-11T18:09:30
2023,2023-08,2023-08-23,Deputado Hermeto,HERMETO,Cascol Combustíveis,nao_e_registro,,99459.0,270.03,Combustíveis e lubrificantes,,2026-08-11T18:09:30
2023,2023-08,2023-08-26,Deputado Hermeto,HERMETO,Cascol Combustíveis,cnpj_sem_zeros_a_esquerda,00306597009234,908892.0,285.01,Combustíveis e lubrificantes,,2026-08-11T18:09:30
2023,2023-08,2023-08-31,Deputado Hermeto,HERMETO,Cascol Combustíveis,cnpj_sem_zeros_a_esquerda,00306597009234,911320.0,274.92,Combustíveis e lubrificantes,,2026-08-11T18:09:30
2023,2023-09,2023-09-04,Deputado Hermeto,HERMETO,Cascol Combustíveis,cnpj_sem_zeros_a_esquerda,00306597009234,913175.0,280.05,Combustíveis e lubrificantes,,2026-08-11T18:09:30
2023,2023-09,2023-09-06,Deputado Hermeto,HERMETO,Cascol Combustíveis,cnpj_sem_zeros_a_esquerda,00306597009234,914367.0,250.02,Combustíveis e lubrificantes,,2026-08-11T18:09:30
2023,2023-09,2023-09-09,Deputado Hermeto,HERMETO,Cascol Combustíveis,cnpj_sem_zeros_a_esquerda,00306597007614,724420.0,279.96,Combustíveis e lubrificantes,,2026-08-11T18:09:30
2023,2023-09,2023-09-13,Deputado Hermeto,HERMETO,Cascol Combustíveis,cnpj,25004046000290,464176.0,280.04,Combustíveis e lubrificantes,,2026-08-11T18:09:30
2023,2023-09,2023-09-16,Deputado Hermeto,HERMETO,Cascol Combustíveis,cnpj_sem_zeros_a_esquerda,07822636000168,1508802.0,291.99,Combustíveis e lubrificantes,,2026-08-11T18:09:30
2023,2023-09,2023-09-19,Deputado Hermeto,HERMETO,Cascol Combustíveis,cnpj_sem_zeros_a_esquerda,00306597009234,920315.0,210.02,Combustíveis e lubrificantes,,2026-08-11T18:09:30
2023,2023-09,2023-09-22,,,Cascol Combustíveis,cnpj_sem_zeros_a_esquerda,00306597009234,921668.0,240.04,Combustíveis e lubrificantes,,2026-08-11T18:09:30
2023,2023-09,2023-09-25,,,Cascol Combustíveis,nao_e_registro,,395.0,250.32,Combustíveis e lubrificantes,,2026-08-11T18:09:30
2023,2023-09,2023-09-28,Deputado Hermeto,HERMETO,Cascol Combustíveis,cnpj_sem_zeros_a_esquerda,00306597009234,924448.0,283.15,Combustíveis e lubrificantes,,2026-08-11T18:09:30
2023,2023-10,2023-10-02,Deputado Hermeto,HERMETO,Cascol Combustíveis,cnpj_sem_zeros_a_esquerda,07822636000168,1521979.0,314.99,Combustíveis e lubrificantes,,2026-08-11T18:09:30
2023,2023-10,2023-10-04,Deputado Hermeto,HERMETO,Cascol Combustíveis,cnpj_sem_zeros_a_esquerda,00306597009234,927277.0,140.00,Combustíveis e lubrificantes,,2026-08-11T18:09:30
2023,2023-10,2023-10-06,Deputado Hermeto,HERMETO,Cascol Combustíveis,cnpj_sem_zeros_a_esquerda,00306597009234,928428.0,170.10,Combustíveis e lubrificantes,,2026-08-11T18:09:30
2023,2023-10,2023-10-09,Deputado Hermeto,HERMETO,Cascol Combustíveis,cnpj,12123780000227,482211.0,250.04,Combustíveis e lubrificantes,,2026-08-11T18:09:30
2023,2023-10,2023-10-14,Deputado Hermeto,HERMETO,Cascol Combustíveis,cnpj_sem_zeros_a_esquerda,00306597009234,931225.0,230.00,Combustíveis e lubrificantes,,2026-08-11T18:09:30
2023,2023-10,2023-10-16,Deputado Hermeto,HERMETO,Cascol Combustíveis,cnpj_sem_zeros_a_esquerda,00976256000139,674957.0,200.07,Combustíveis e lubrificantes,,2026-08-11T18:09:30
2023,2023-10,2023-10-19,Deputado Hermeto,HERMETO,Cascol Combustíveis,cnpj_sem_zeros_a_esquerda,00306597009234,933344.0,179.99,Combustíveis e lubrificantes,,2026-08-11T18:09:30
2023,2023-10,2023-10-20,Deputado Hermeto,HERMETO,Cascol Combustíveis,cnpj_sem_zeros_a_esquerda,00306597009234,933704.0,85.03,Combustíveis e lubrificantes,,2026-08-11T18:09:30
2023,2023-10,2023-10-21,,,Cascol Combustíveis,cnpj_sem_zeros_a_esquerda,00306597009234,934104.0,60.01,Combustíveis e lubrificantes,,2026-08-11T18:09:30
2023,2023-10,2023-10-23,,,Cascol Combustíveis,cnpj,24912669000118,167684.0,280.04,Combustíveis e lubrificantes,,2026-08-11T18:09:30
2023,2023-10,2023-10-27,,,Cascol Combustíveis,cnpj,36642184000130,416094.0,255.00,Combustíveis e lubrificantes,,2026-08-11T18:09:30
2023,2023-10,2023-10-30,Deputado Hermeto,HERMETO,Cascol Combustíveis,cnpj,10702904000112,518915.0,266.46,Combustíveis e lubrificantes,,2026-08-11T18:09:30
2023,2023-11,2023-11-01,Deputado Hermeto,HERMETO,Cascol Combustíveis,cnpj,10702904000112,519395.0,257.45,Combustíveis e lubrificantes,,2026-08-11T18:09:30
2023,2023-11,2023-11-06,Deputado Hermeto,HERMETO,Cascol Combustíveis,cnpj,10702904000112,60383.0,274.92,Combustíveis e lubrificantes,,2026-08-11T18:09:30
2023,2023-11,2023-11-08,Deputado Hermeto,HERMETO,Cascol Combustíveis,cnpj_sem_zeros_a_esquerda,00692418000107,397352.0,246.25,Combustíveis e lubrificantes,,2026-08-11T18:09:30
2023,2023-11,2023-11-10,Deputado Hermeto,HERMETO,Cascol Combustíveis,cnpj,20645413000130,667877.0,208.11,Combustíveis e lubrificantes,,2026-08-11T18:09:30
2023,2023-11,2023-11-13,Deputado Hermeto,HERMETO,Cascol Combustíveis,cnpj_sem_zeros_a_esquerda,05454390000193,253041.0,274.26,Combustíveis e lubrificantes,,2026-08-11T18:09:30
2023,2023-11,2023-11-17,Deputado Hermeto,HERMETO,Cascol Combustíveis,cnpj_sem_zeros_a_esquerda,07822636000168,1560956.0,250.02,Combustíveis e lubrificantes,,2026-08-11T18:09:30
2023,2023-11,2023-11-21,Deputado Hermeto,HERMETO,Cascol Combustíveis,cnpj_sem_zeros_a_esquerda,00306597009234,946235.0,237.28,Combustíveis e lubrificantes,,2026-08-11T18:09:30
2023,2023-11,2023-11-24,Deputado Hermeto,HERMETO,Cascol Combustíveis,cnpj_sem_zeros_a_esquerda,00306597009234,947335.0,228.94,Combustíveis e lubrificantes,,2026-08-11T18:09:30
2023,2023-11,2023-11-27,Deputado Hermeto,HERMETO,Cascol Combustíveis,cnpj_sem_zeros_a_esquerda,05454390000193,258708.0,259.66,Combustíveis e lubrificantes,,2026-08-11T18:09:30
2023,2023-11,2023-11-29,Deputado Hermeto,HERMETO,Cascol Combustíveis,cnpj_sem_zeros_a_esquerda,00306597009234,949363.0,231.86,Combustíveis e lubrificantes,,2026-08-11T18:09:30
2023,2023-02,2023-02-01,Deputado Joaquim Roriz Neto,JOAQUIM RORIZ NETO,CASCOL Combustíveis,cnpj_sem_zeros_a_esquerda,00306597002574,289935.0,183.82,Combustíveis e Lubrificantes,,2026-08-11T18:09:30
2023,2023-02,2023-02-09,Deputado Joaquim Roriz Neto,JOAQUIM RORIZ NETO,CASCOL Combustíveis,cnpj_sem_zeros_a_esquerda,00306597002574,293343.0,179.87,Combustíveis e Lubrificantes,,2026-08-11T18:09:30
2023,2023-02,2023-02-10,Deputado Joaquim Roriz Neto,JOAQUIM RORIZ NETO,Auto Posto Do Nucleo LTDA,cnpj_sem_zeros_a_esquerda,04285663000150,352658.0,211.83,Combustíveis e Lubrificantes,,2026-08-11T18:09:30
2023,2023-02,2023-02-16,Deputado Joaquim Roriz Neto,JOAQUIM RORIZ NETO,Park Bandeira Comercio De Combustiveis e Derivados De Petrol,cnpj,15159119000189,189568.0,200.84,Combustíveis e Lubrificantes,,2026-08-11T18:09:30
2023,2023-02,2023-02-21,Deputado Joaquim Roriz Neto,JOAQUIM RORIZ NETO,BRASAL Combustíveis LTDA,cnpj_sem_zeros_a_esquerda,00097626000400,714896.0,196.06,Combustíveis e Lubrificantes,,2026-08-11T18:09:30
2023,2023-02,2023-02-24,Deputado Joaquim Roriz Neto,JOAQUIM RORIZ NETO,"GOES Combustiveis, Lubrificantes e GLP LTDA",cnpj_sem_zeros_a_esquerda,05454390000193,148649.0,169.02,Combustíveis e Lubrificantes,,2026-08-11T18:09:30
2023,2023-02,2023-02-28,Deputado Joaquim Roriz Neto,JOAQUIM RORIZ NETO,Comercial De Combustível MAM LTDA,cnpj,10702904000112,486871.0,225.42,Combustíveis e Lubrificantes,,2026-08-11T18:09:30
2023,2023-03,2023-03-02,Deputado Joaquim Roriz Neto,JOAQUIM RORIZ NETO,POSTO ITAMARATY LTDA,cnpj_sem_zeros_a_esquerda,00314831000138,221059.0,201.43,Combustíveis e Lubrificantes,,2026-08-11T18:09:30
2023,2023-03,2023-03-08,Deputado Joaquim Roriz Neto,JOAQUIM RORIZ NETO,CASCOL Combustíveis,cnpj_sem_zeros_a_esquerda,00306597002574,303509.0,181.06,Combustíveis e Lubrificantes,,2026-08-11T18:09:30
2023,2023-03,2023-03-09,Deputado Joaquim Roriz Neto,JOAQUIM RORIZ NETO,Comercial De Combustível MAM LTDA,cnpj,10702904000112,488559.0,225.03,Combustíveis e Lubrificantes,,2026-08-11T18:09:30
2023,2023-03,2023-03-13,Deputado Joaquim Roriz Neto,JOAQUIM RORIZ NETO,CASCOL Combustíveis,cnpj_sem_zeros_a_esquerda,00306597002574,305455.0,214.77,Combustíveis e Lubrificantes,,2026-08-11T18:09:30
2023,2023-03,2023-03-15,Deputado Joaquim Roriz Neto,JOAQUIM RORIZ NETO,Posto de Gasolina dos Anões LTDA,cnpj_sem_zeros_a_esquerda,00360990000179,78986.0,256.03,Combustíveis e Lubrificantes,,2026-08-11T18:09:30
2023,2023-03,2023-03-17,Deputado Joaquim Roriz Neto,JOAQUIM RORIZ NETO,PETRO RIOS Comercio Derivados De Petroleo LTDA,cnpj,38074571000143,14105.0,238.18,Combustíveis e Lubrificantes,,2026-08-11T18:09:30
2023,2023-03,2023-03-21,Deputado Joaquim Roriz Neto,JOAQUIM RORIZ NETO,CASCOL Combustíveis,cnpj_sem_zeros_a_esquerda,00306597002574,309329.0,207.17,Combustíveis e Lubrificantes,,2026-08-11T18:09:30
2023,2023-03,2023-03-23,Deputado Joaquim Roriz Neto,JOAQUIM RORIZ NETO,Auto Posto Do Nucleo LTDA,cnpj_sem_zeros_a_esquerda,04285663000150,356584.0,275.98,Combustíveis e Lubrificantes,,2026-08-11T18:09:30
2023,2023-03,2023-03-27,Deputado Joaquim Roriz Neto,JOAQUIM RORIZ NETO,Comercial De Combustível MAM LTDA,cnpj,10702904000112,490541.0,150.00,Combustíveis e Lubrificantes,,2026-08-11T18:09:30
2023,2023-03,2023-03-28,Deputado Joaquim Roriz Neto,JOAQUIM RORIZ NETO,CASCOL Combustíveis,cnpj_sem_zeros_a_esquerda,00306597002574,313157.0,232.77,Combustíveis e Lubrificantes,,2026-08-11T18:09:30
2023,2023-04,2023-04-02,Deputado Joaquim Roriz Neto,JOAQUIM RORIZ NETO,Auto Posto Cinco Estrelas LTDA,cnpj_sem_zeros_a_esquerda,00692418002150,459624.0,213.78,Combustíveis e Lubrificantes,,2026-08-11T18:09:30
2023,2023-04,2023-04-10,Deputado Joaquim Roriz Neto,JOAQUIM RORIZ NETO,Belize Company Auto Posto LTDA,cnpj,29032820000147,203672.0,222.80,Combustíveis e Lubrificantes,,2026-08-11T18:09:30
2023,2023-04,2023-04-10,Deputado Joaquim Roriz Neto,JOAQUIM RORIZ NETO,Posto de Gasolina dos Anões LTDA,cnpj_sem_zeros_a_esquerda,00360990000179,179757.0,100.00,Combustíveis e Lubrificantes,,2026-08-11T18:09:30
2023,2023-04,2023-04-14,Deputado Joaquim Roriz Neto,JOAQUIM RORIZ NETO,CASCOL Combustíveis,cnpj_sem_zeros_a_esquerda,00306597009234,840984.0,274.03,Combustíveis e Lubrificantes,,2026-08-11T18:09:30
2023,2023-04,2023-04-15,Deputado Joaquim Roriz Neto,JOAQUIM RORIZ NETO,CASCOL Combustíveis,cnpj_sem_zeros_a_esquerda,00306597009234,841427.0,228.48,Combustíveis e Lubrificantes,,2026-08-11T18:09:30
2023,2023-04,2023-04-19,Deputado Joaquim Roriz Neto,JOAQUIM RORIZ NETO,CASCOL Combustíveis,cnpj_sem_zeros_a_esquerda,00306597002574,323887.0,143.52,Combustíveis e Lubrificantes,,2026-08-11T18:09:30
2023,2023-04,2023-04-26,Deputado Joaquim Roriz Neto,JOAQUIM RORIZ NETO,Auto Posto Cinco Estrelas LTDA,cnpj_sem_zeros_a_esquerda,00692418002070,305319.0,264.49,Combustíveis e Lubrificantes,,2026-08-11T18:09:30
2023,2023-04,2023-04-27,Deputado Joaquim Roriz Neto,JOAQUIM RORIZ NETO,Posto QI 09 Lago Sul,cnpj,32965877000103,59092.0,100.00,Combustíveis e Lubrificantes,,2026-08-11T18:09:30
2023,2023-05,2023-05-02,Deputado Joaquim Roriz Neto,JOAQUIM RORIZ NETO,Cascol Combustíveis,cnpj_sem_zeros_a_esquerda,00306597002574,328992.0,247.03,Combustíveis e Lubrificantes,,2026-08-11T18:09:30
2023,2023-05,2023-05-04,Deputado Joaquim Roriz Neto,JOAQUIM RORIZ NETO,Posto dos Anões,cnpj_sem_zeros_a_esquerda,00360990000179,180495.0,100.00,Combustíveis e Lubrificantes,,2026-08-11T18:09:30
2023,2023-05,2023-05-05,Deputado Joaquim Roriz Neto,JOAQUIM RORIZ NETO,Auto Posto Cinco Estrelas,cnpj_sem_zeros_a_esquerda,00692418002070,312350.0,248.65,Combustíveis e Lubrificantes,,2026-08-11T18:09:30
2023,2023-05,2023-05-05,Deputado Joaquim Roriz Neto,JOAQUIM RORIZ NETO,Cascol Combustíveis,cnpj_sem_zeros_a_esquerda,00306597009234,852451.0,100.00,Combustíveis e Lubrificantes,,2026-08-11T18:09:30
2023,2023-05,2023-05-08,Deputado Joaquim Roriz Neto,JOAQUIM RORIZ NETO,Posto Monumental,cnpj_sem_zeros_a_esquerda,05454390000193,176327.0,220.75,Combustíveis e Lubrificantes,,2026-08-11T18:09:30
2023,2023-05,2023-05-12,Deputado Joaquim Roriz Neto,JOAQUIM RORIZ NETO,Combustíveis MAM,cnpj,10702904000112,495185.0,134.41,Combustíveis e Lubrificantes,,2026-08-11T18:09:30
2023,2023-05,2023-05-15,Deputado Joaquim Roriz Neto,JOAQUIM RORIZ NETO,Posto Monumental,cnpj_sem_zeros_a_esquerda,05454390000193,179054.0,201.33,Combustíveis e Lubrificantes,,2026-08-11T18:09:30
2023,2023-05,2023-05-16,Deputado Joaquim Roriz Neto,JOAQUIM RORIZ NETO,Cascol Combustíveis,cnpj_sem_zeros_a_esquerda,00306597009234,858539.0,184.38,Combustíveis e Lubrificantes,,2026-08-11T18:09:30
2023,2023-05,2023-05-19,Deputado Joaquim Roriz Neto,JOAQUIM RORIZ NETO,Posto da Torre,cnpj_sem_zeros_a_esquerda,04473193000159,366697.0,211.77,Combustíveis e Lubrificantes,,2026-08-11T18:09:30
2023,2023-05,2023-05-22,Deputado Joaquim Roriz Neto,JOAQUIM RORIZ NETO,Combustíveis MAM,cnpj,10702904000112,496061.0,148.64,Combustíveis e Lubrificantes,,2026-08-11T18:09:30
2023,2023-05,2023-05-25,Deputado Joaquim Roriz Neto,JOAQUIM RORIZ NETO,Posto EPIA,cnpj,31403111000172,70650.0,148.35,Combustíveis e Lubrificantes,,2026-08-11T18:09:30
2023,2023-05,2023-05-25,Deputado Joaquim Roriz Neto,JOAQUIM RORIZ NETO,Posto Monumental,cnpj_sem_zeros_a_esquerda,05454390000193,182810.0,225.58,Combustíveis e Lubrificantes,,2026-08-11T18:09:30
2023,2023-05,2023-05-29,Deputado Joaquim Roriz Neto,JOAQUIM RORIZ NETO,MAXXI Comércio de Petróleo LTDA,cnpj,13640575000110,189653.0,215.23,Combustíveis e Lubrificantes,,2026-08-11T18:09:30
2023,2023-06,2023-06-01,Deputado Joaquim Roriz Neto,JOAQUIM RORIZ NETO,Posto De Combustíveis EPIA Candangolandia LTDA,cnpj,31403111000172,47867.0,208.41,Combustíveis e Lubrificantes,,2026-08-11T18:09:30
2023,2023-06,2023-06-02,Deputado Joaquim Roriz Neto,JOAQUIM RORIZ NETO,Posto De Combustíveis R13 Santa Maria LTDA,cnpj,42001728000188,326957.0,230.71,Combustíveis e Lubrificantes,,2026-08-11T18:09:30
2023,2023-06,2023-06-06,Deputado Joaquim Roriz Neto,JOAQUIM RORIZ NETO,P WAY - CASCOL Combustíveis para Veículos LTDA,cnpj_sem_zeros_a_esquerda,00306597002655,839682.0,207.84,Combustíveis e Lubrificantes,,2026-08-11T18:09:30
2023,2023-06,2023-06-15,Deputado Joaquim Roriz Neto,JOAQUIM RORIZ NETO,Comercial De Combustível MAM LTDA,cnpj,10702904000112,498842.0,200.75,Combustíveis e Lubrificantes,,2026-08-11T18:09:30
2023,2023-06,2023-06-16,Deputado Joaquim Roriz Neto,JOAQUIM RORIZ NETO,Comercial De Combustível MAM LTDA,cnpj,10702904000112,498902.0,256.46,Combustíveis e Lubrificantes,,2026-08-11T18:09:30
2023,2023-06,2023-06-24,Deputado Joaquim Roriz Neto,JOAQUIM RORIZ NETO,GUARAPARI - CASCOL Combustíveis para Veículos LTDA,cnpj_sem_zeros_a_esquerda,00306597009234,878162.0,185.76,Combustíveis e Lubrificantes,,2026-08-11T18:09:30
2023,2023-06,2023-06-26,Deputado Joaquim Roriz Neto,JOAQUIM RORIZ NETO,Comercial De Combustível MAM LTDA,cnpj,10702904000112,43094.0,219.46,Combustíveis e Lubrificantes,,2026-08-11T18:09:30
2023,2023-06,2023-06-30,Deputado Joaquim Roriz Neto,JOAQUIM RORIZ NETO,GUARAPARI - CASCOL Combustíveis para Veículos LTDA,cnpj_sem_zeros_a_esquerda,00306597009234,881105.0,116.47,Combustíveis e Lubrificantes,,2026-08-11T18:09:30
2023,,,CHICO VIGILANTE,CHICO VIGILANTE,Auto Posto Andrade Ltda,cnpj,24046493000240,31420.0,200.00,Combustíveis e lubrificantes,,2026-08-11T18:09:30
2023,2023-01,2023-01-01,CHICO VIGILANTE,CHICO VIGILANTE,Céu 070 Combustível Ltda,cnpj_sem_zeros_a_esquerda,00976256000139,240342.0,100.00,Combustíveis e lubrificantes,,2026-08-11T18:09:30
2023,2023-01,2023-01-04,CHICO VIGILANTE,CHICO VIGILANTE,Posto Metropolitano Derivados de Petróleo Ltda,cnpj_sem_zeros_a_esquerda,04273260000191,262523.0,265.05,Combustíveis e lubrificantes,,2026-08-11T18:09:30
2023,2023-01,2023-01-10,CHICO VIGILANTE,CHICO VIGILANTE,Posto Metropolitano Derivados de Petróleo Ltda,cnpj_sem_zeros_a_esquerda,04273260000191,263816.0,50.00,Combustíveis e lubrificantes,,2026-08-11T18:09:30
2023,2023-01,2023-01-11,CHICO VIGILANTE,CHICO VIGILANTE,Posto Metropolitano Derivados de Petróleo Ltda,cnpj_sem_zeros_a_esquerda,04273260000191,264064.0,100.00,Combustíveis e lubrificantes,,2026-08-11T18:09:30
2023,2023-01,2023-01-12,CHICO VIGILANTE,CHICO VIGILANTE,Posto Metropolitano Derivados de Petróleo Ltda,cnpj_sem_zeros_a_esquerda,04273260000191,263884.0,215.03,Combustíveis e lubrificantes,,2026-08-11T18:09:30
2023,2023-01,2023-01-17,CHICO VIGILANTE,CHICO VIGILANTE,Posto Metropolitano Derivados de Petróleo Ltda,cnpj_sem_zeros_a_esquerda,04273260000191,265087.0,216.02,Combustíveis e lubrificantes,,2026-08-11T18:09:30
2023,2023-01,2023-01-23,CHICO VIGILANTE,CHICO VIGILANTE,Braga Auto Posto Andrade Ltda Metropolitano,cnpj,24046493000240,25883.0,249.94,Combustíveis e lubrificantes,,2026-08-11T18:09:30
2023,2023-01,2023-01-30,CHICO VIGILANTE,CHICO VIGILANTE,Posto Petrolino,cnpj_sem_zeros_a_esquerda,00005892000113,325932.0,218.69,Combustíveis e lubrificantes,,2026-08-11T18:09:30
2023,2023-02,2023-02-03,CHICO VIGILANTE,CHICO VIGILANTE,Posto Petrolino,cnpj_sem_zeros_a_esquerda,00005892000113,326943.0,215.04,Combustíveis e lubrificantes,,2026-08-11T18:09:30
2023,2023-02,2023-02-06,CHICO VIGILANTE,CHICO VIGILANTE,Auto Posto Criolo Ltda,cnpj,27169700000160,7727.0,200.08,Combustíveis e lubrificantes,,2026-08-11T18:09:30
2023,2023-02,2023-02-10,CHICO VIGILANTE,CHICO VIGILANTE,Cascol Combustíveis para Veículos Ltda,cnpj_sem_zeros_a_esquerda,00306597002574,293839.0,100.00,Combustíveis e lubrificantes,,2026-08-11T18:09:30
2023,2023-02,2023-02-13,CHICO VIGILANTE,CHICO VIGILANTE,Posto Rodobelo,cnpj_sem_zeros_a_esquerda,01559338000140,11468.0,239.69,Combustíveis e lubrificantes,,2026-08-11T18:09:30
2023,2023-02,2023-02-16,CHICO VIGILANTE,CHICO VIGILANTE,Auto Posto Esplanada Ltda,cnpj_sem_zeros_a_esquerda,00365320000145,249526.0,200.08,Combustíveis e lubrificantes,,2026-08-11T18:09:30
2023,2023-02,2023-02-24,CHICO VIGILANTE,CHICO VIGILANTE,Posto Rodobelo,cnpj_sem_zeros_a_esquerda,01559338000140,78039.0,200.00,Combustíveis e lubrificantes,,2026-08-11T18:09:30
2023,2023-03,2023-03-03,CHICO VIGILANTE,CHICO VIGILANTE,Posto Rodobelo,cnpj_sem_zeros_a_esquerda,01559338000140,35354.0,313.32,Combustíveis e lubrificantes,,2026-08-11T18:09:30
2023,2023-03,2023-03-06,CHICO VIGILANTE,CHICO VIGILANTE,Cascol Combustíveis para Veículos Ltda,cnpj_sem_zeros_a_esquerda,00306597002574,345139.0,135.00,Combustíveis e lubrificantes,,2026-08-11T18:09:30
2023,2023-03,2023-03-08,CHICO VIGILANTE,CHICO VIGILANTE,Braga Auto Posto Andrade Ltda,cnpj,24046493000240,26688.0,223.60,Combustíveis e lubrificantes,,2026-08-11T18:09:30
2023,2023-03,2023-03-13,CHICO VIGILANTE,CHICO VIGILANTE,Posto Petrolino,cnpj_sem_zeros_a_esquerda,00005892000113,337327.0,240.03,Combustíveis e lubrificantes,,2026-08-11T18:09:30
2023,2023-03,2023-03-20,CHICO VIGILANTE,CHICO VIGILANTE,Posto Petrolino,cnpj_sem_zeros_a_esquerda,00005892000113,339388.0,280.07,Combustíveis e lubrificantes,,2026-08-11T18:09:30
2023,2023-03,2023-03-28,CHICO VIGILANTE,CHICO VIGILANTE,Posto QI 9 Lago Sul,cnpj,32965877000103,16211.0,100.00,Combustíveis e lubrificantes,,2026-08-11T18:09:30
2023,2023-03,2023-03-29,CHICO VIGILANTE,CHICO VIGILANTE,Posto Rodobelo,cnpj_sem_zeros_a_esquerda,01559338000140,15608.0,240.12,Combustíveis e lubrificantes,,2026-08-11T18:09:30
2023,2023-04,2023-04-03,CHICO VIGILANTE,CHICO VIGILANTE,MAXXI Comércio de Derivados de Petróleo Ltda,cnpj,13640575000110,130751.0,286.21,Combustíveis e lubrificantes,,2026-08-11T18:09:30
2023,2023-04,2023-04-11,CHICO VIGILANTE,CHICO VIGILANTE,Taguacentro Com. De Derivados de Petróleo Ltda,cnpj,12093145000163,555375.0,260.01,Combustíveis e lubrificantes,,2026-08-11T18:09:30
2023,2023-04,2023-04-20,CHICO VIGILANTE,CHICO VIGILANTE,Braga Auto Posto Águas Claras Ltda,cnpj,38076089000223,66164.0,285.74,Combustíveis e lubrificantes,,2026-08-11T18:09:30
2023,2023-04,2023-04-28,CHICO VIGILANTE,CHICO VIGILANTE,Posto 109 Sul Deriv. De Petróleo Ltda,cnpj_sem_zeros_a_esquerda,05158335000156,124362.0,200.00,Combustíveis e lubrificantes,,2026-08-11T18:09:30
2023,2023-05,2023-05-04,CHICO VIGILANTE,CHICO VIGILANTE,Posto Petrolino,cnpj_sem_zeros_a_esquerda,00005892000113,352702.0,200.00,Combustíveis e lubrificantes,,2026-08-11T18:09:30
2023,2023-05,2023-05-09,CHICO VIGILANTE,CHICO VIGILANTE,Nenen's Chopp Posto de Combustíveis Ltda,cnpj,32434124000171,192379.0,180.00,Combustíveis e lubrificantes,,2026-08-11T18:09:30
2023,2023-05,2023-05-15,CHICO VIGILANTE,CHICO VIGILANTE,Posto Petrolino,cnpj_sem_zeros_a_esquerda,00005892000113,355702.0,240.01,Combustíveis e lubrificantes,,2026-08-11T18:09:30
2023,2023-05,2023-05-22,CHICO VIGILANTE,CHICO VIGILANTE,Belize Company Auto Posto Ltda,cnpj,29032820000147,210738.0,50.00,Combustíveis e lubrificantes,,2026-08-11T18:09:30
2023,2023-05,2023-05-22,CHICO VIGILANTE,CHICO VIGILANTE,Líder Posto,cnpj_sem_zeros_a_esquerda,03357735000165,16933.0,230.00,Combustíveis e lubrificantes,,2026-08-11T18:09:30
2023,2023-05,2023-05-27,CHICO VIGILANTE,CHICO VIGILANTE,Nenen's Chopp Posto de Combustíveis Ltda,cnpj,32434124000171,82012.0,140.04,Combustíveis e lubrificantes,,2026-08-11T18:09:30
2023,2023-06,2023-06-02,CHICO VIGILANTE,CHICO VIGILANTE,Nenen's Chopp Posto de Combustíveis Ltda,cnpj,32434124000171,253524.0,249.99,Combustíveis e lubrificantes,,2026-08-11T18:09:30
2023,2023-06,2023-06-10,CHICO VIGILANTE,CHICO VIGILANTE,Metro Comercial de Combustíveis Ltda,cnpj_sem_zeros_a_esquerda,09232995000190,438344.0,100.00,Combustíveis e lubrificantes,,2026-08-11T18:09:30
2023,2023-06,2023-06-11,CHICO VIGILANTE,CHICO VIGILANTE,Posto Petrolino,cnpj_sem_zeros_a_esquerda,00005892000113,363724.0,209.93,Combustíveis e lubrificantes,,2026-08-11T18:09:30
2023,2023-06,2023-06-17,CHICO VIGILANTE,CHICO VIGILANTE,Posto Metropolitano Derivados de Petróleo Ltda,cnpj_sem_zeros_a_esquerda,04273260000191,290340.0,236.09,Combustíveis e lubrificantes,,2026-08-11T18:09:30
2023,2023-06,2023-06-24,CHICO VIGILANTE,CHICO VIGILANTE,Posto Petrolino,cnpj_sem_zeros_a_esquerda,00005892000113,367701.0,250.00,Combustíveis e lubrificantes,,2026-08-11T18:09:30
2023,2023-06,2023-06-30,CHICO VIGILANTE,CHICO VIGILANTE,Auto Volume Comércio de Derivados de Petróleo,cnpj,25015036000170,141758.0,143.10,Combustíveis e lubrificantes,,2026-08-11T18:09:30
2023,2023-07,2023-07-01,CHICO VIGILANTE,CHICO VIGILANTE,Auto posto Samambaia Ltda,cnpj,50313275000153,7924.0,100.00,Combustíveis e lubrificantes,,2026-08-11T18:09:30
2023,2023-07,2023-07-04,CHICO VIGILANTE,CHICO VIGILANTE,Posto petrolino,cnpj_sem_zeros_a_esquerda,00005892000113,370831.0,260.06,Combustíveis e lubrificantes,,2026-08-11T18:09:30
2023,2023-07,2023-07-07,CHICO VIGILANTE,CHICO VIGILANTE,Posto petrolino,cnpj_sem_zeros_a_esquerda,00005892000113,370355.0,100.00,Combustíveis e lubrificantes,,2026-08-11T18:09:30
2023,2023-07,2023-07-12,CHICO VIGILANTE,CHICO VIGILANTE,Posto pit stop,nao_e_registro,,102271.0,220.02,Combustíveis e lubrificantes,,2026-08-11T18:09:30
2023,2023-07,2023-07-21,CHICO VIGILANTE,CHICO VIGILANTE,Auto posto Andrade Ltda,cnpj,24046493000240,29634.0,272.62,Combustíveis e lubrificantes,,2026-08-11T18:09:30
2023,2023-07,2023-07-30,CHICO VIGILANTE,CHICO VIGILANTE,Nenen's chopp posto de combustíveis Ltda,cnpj,32434124000171,269998.0,247.05,Combustíveis e lubrificantes,,2026-08-11T18:09:30
2023,2023-08,2023-08-08,Chico Vigilante,CHICO VIGILANTE,Nenen's Chopp posto de combustíveis Ltda,cnpj,32434124000171,272137.0,271.84,Combustíveis e lubrificantes,,2026-08-11T18:09:30
2023,2023-08,2023-08-10,Chico Vigilante,CHICO VIGILANTE,Nenen's Chopp posto de combustíveis Ltda,cnpj,32434124000171,272652.0,150.08,Combustíveis e lubrificantes,,2026-08-11T18:09:30
2023,2023-08,2023-08-15,Chico Vigilante,CHICO VIGILANTE,Posto petrolino,cnpj_sem_zeros_a_esquerda,00005892000113,382041.0,272.92,Combustíveis e lubrificantes,,2026-08-11T18:09:30
2023,2023-08,2023-08-19,Chico Vigilante,CHICO VIGILANTE,Nenen's Chopp posto de combustíveis Ltda,cnpj,32434124000171,37043.0,286.01,Combustíveis e lubrificantes,,2026-08-11T18:09:30
2023,2023-08,2023-08-25,Chico Vigilante,CHICO VIGILANTE,Posto petrolino,cnpj_sem_zeros_a_esquerda,00005892000113,384589.0,310.02,Combustíveis e lubrificantes,,2026-08-11T18:09:30
2023,2023-09,2023-09-02,CHICO VIGILANTE,CHICO VIGILANTE,Posto metropolitano Der. De petróleo Ltda,cnpj_sem_zeros_a_esquerda,04273260000191,305281.0,200.00,Combustíveis e lubrificantes,,2026-08-11T18:09:30
2023,2023-09,2023-09-07,CHICO VIGILANTE,CHICO VIGILANTE,Posto de Combustíveis Conecta Ceilândia Sul,cnpj,12123780000146,47774.0,287.12,Combustíveis e lubrificantes,,2026-08-11T18:09:30
2023,2023-09,2023-09-16,CHICO VIGILANTE,CHICO VIGILANTE,Posto Campeão 070,cnpj,36642184000130,43898.0,200.00,Combustíveis e lubrificantes,,2026-08-11T18:09:30
2023,2023-09,2023-09-20,CHICO VIGILANTE,CHICO VIGILANTE,Posto metropolitano Der. De petróleo Ltda,cnpj_sem_zeros_a_esquerda,04273260000191,307575.0,246.52,Combustíveis e lubrificantes,,2026-08-11T18:09:30
2023,2023-09,2023-09-25,CHICO VIGILANTE,CHICO VIGILANTE,Auto Posto Andrade Ltda,cnpj,24046493000240,31292.0,179.00,Combustíveis e lubrificantes,,2026-08-11T18:09:30
2023,2023-10,2023-10-04,CHICO VIGILANTE,CHICO VIGILANTE,Posto metropolitano Der. De petróleo Ltda,cnpj_sem_zeros_a_esquerda,04273260000191,309629.0,280.01,Combustíveis e lubrificantes,,2026-08-11T18:09:30
2023,2023-10,2023-10-11,CHICO VIGILANTE,CHICO VIGILANTE,Posto metropolitano Der. De petróleo Ltda,cnpj_sem_zeros_a_esquerda,04273260000191,310914.0,228.11,Combustíveis e lubrificantes,,2026-08-11T18:09:30
2023,2023-10,2023-10-16,CHICO VIGILANTE,CHICO VIGILANTE,Eurogás Posto e serviços Ltda,cnpj_sem_zeros_a_esquerda,03648818000103,1413.0,260.10,Combustíveis e lubrificantes,,2026-08-11T18:09:30
2023,2023-10,2023-10-23,CHICO VIGILANTE,CHICO VIGILANTE,Posto metropolitano Der. De petróleo Ltda,cnpj_sem_zeros_a_esquerda,04273260000191,313036.0,182.54,Combustíveis e lubrificantes,,2026-08-11T18:09:30
2023,2023-10,2023-10-26,CHICO VIGILANTE,CHICO VIGILANTE,Cascol Combustíveis para Veículos Ltda,cnpj_sem_zeros_a_esquerda,00306597006138,1660694.0,140.02,Combustíveis e lubrificantes,,2026-08-11T18:09:30
2023,2023-10,2023-10-29,CHICO VIGILANTE,CHICO VIGILANTE,Posto metropolitano Der. De petróleo Ltda,cnpj_sem_zeros_a_esquerda,04273260000191,314401.0,140.01,Combustíveis e lubrificantes,,2026-08-11T18:09:30
2023,2023-02,2023-02-02,Deputado Daniel Donizet,DANIEL DONIZET,16 - QI 23 - CASCOL COMBUSTIVEIS PARA VEICULOS LTDA,cnpj_sem_zeros_a_esquerda,00306597001683,165104.0,278.58,Combustíveis e lubrificantes,,2026-08-11T18:09:30
2023,2023-02,2023-02-07,Deputado Daniel Donizet,DANIEL DONIZET,16 - QI 23 - CASCOL COMBUSTIVEIS PARA VEICULOS LTDA,cnpj_sem_zeros_a_esquerda,00306597001683,166595.0,265.42,Combustíveis e lubrificantes,,2026-08-11T18:09:30
2023,2023-02,2023-02-12,Deputado Daniel Donizet,DANIEL DONIZET,16 - QI 23 - CASCOL COMBUSTIVEIS PARA VEICULOS LTDA,cnpj_sem_zeros_a_esquerda,00306597001683,167925.0,246.74,Combustíveis e lubrificantes,,2026-08-11T18:09:30
2023,2023-02,2023-02-15,Deputado Daniel Donizet,DANIEL DONIZET,069 - PENISULA - CASCOL COMBUSTIVEIS PARA VEICULOS LTDA,cnpj_sem_zeros_a_esquerda,00306597006995,206797.0,231.59,Combustíveis e lubrificantes,,2026-08-11T18:09:30
2023,2023-02,2023-02-25,Deputado Daniel Donizet,DANIEL DONIZET,045 - QL 02 - CASCOL COMBUSTIVEIS PARA VEICULOS LTDA,cnpj_sem_zeros_a_esquerda,00306597004518,565865.0,282.81,Combustíveis e lubrificantes,,2026-08-11T18:09:30
2023,2023-02,2023-02-28,Deputado Daniel Donizet,DANIEL DONIZET,AUTO SHOPPING DERIVADOS DE PETROLEO LTDA,cnpj,37063328001058,1644193.0,233.98,Combustíveis e lubrificantes,,2026-08-11T18:09:30
2023,2023-03,2023-03-02,Deputado Daniel Donizet,DANIEL DONIZET,16 - QI 23 - CASCOL COMBUSTIVEIS PARA VEICULOS LTDA,cnpj_sem_zeros_a_esquerda,00306597001683,172410.0,319.18,Combustíveis e lubrificantes,,2026-08-11T18:09:30
2023,2023-03,2023-03-09,Deputado Daniel Donizet,DANIEL DONIZET,096 - MANGUEIRAK - CASCOL COMBUSTIVEIS PARA VEICULOS LTDA,cnpj_sem_zeros_a_esquerda,00306597009668,1273512.0,292.22,Combustíveis e lubrificantes,,2026-08-11T18:09:30
2023,2023-03,2023-03-13,Deputado Daniel Donizet,DANIEL DONIZET,"GOES COMBUSTIVEIS, LUBRIFICANTES E GLP LTDA",cnpj_sem_zeros_a_esquerda,05454390000193,155314.0,200.00,Combustíveis e lubrificantes,,2026-08-11T18:09:30
2023,2023-03,2023-03-14,Deputado Daniel Donizet,DANIEL DONIZET,16 - QI 23 - CASCOL COMBUSTIVEIS PARA VEICULOS LTDA,cnpj_sem_zeros_a_esquerda,00306597001683,175129.0,288.23,Combustíveis e lubrificantes,,2026-08-11T18:09:30
2023,2023-03,2023-03-19,Deputado Daniel Donizet,DANIEL DONIZET,16 - QI 23 - CASCOL COMBUSTIVEIS PARA VEICULOS LTDA,cnpj_sem_zeros_a_esquerda,00306597001683,176410.0,250.00,Combustíveis e lubrificantes,,2026-08-11T18:09:30
2023,2023-03,2023-03-24,Deputado Daniel Donizet,DANIEL DONIZET,16 - QI 23 - CASCOL COMBUSTIVEIS PARA VEICULOS LTDA,cnpj_sem_zeros_a_esquerda,00306597001683,177623.0,300.02,Combustíveis e lubrificantes,,2026-08-11T18:09:30
2023,2023-03,2023-03-30,Deputado Daniel Donizet,DANIEL DONIZET,16 - QI 23 - CASCOL COMBUSTIVEIS PARA VEICULOS LTDA,cnpj_sem_zeros_a_esquerda,00306597001683,179037.0,300.00,Combustíveis e lubrificantes,,2026-08-11T18:09:30
2023,2023-04,2023-04-02,Deputado Daniel Donizet,DANIEL DONIZET,AUTO SHOPPING DERIVADOS DE PETROLEO LTDA,cnpj,37063328001058,1706264.0,310.24,Combustíveis e lubrificantes,,2026-08-11T18:09:30
2023,2023-04,2023-04-05,Deputado Daniel Donizet,DANIEL DONIZET,071 - LAGO NORTE - CASCOL COMBUSTIVEIS PARA VEICULO LTDA,cnpj_sem_zeros_a_esquerda,00306597007100,1484914.0,226.60,Combustíveis e lubrificantes,,2026-08-11T18:09:30
2023,2023-04,2023-04-08,Deputado Daniel Donizet,DANIEL DONIZET,AUTO SHOPPING DERIVADOS DE PETROLEO LTDA,cnpj,37063328001058,1718096.0,310.92,Combustíveis e lubrificantes,,2026-08-11T18:09:30
2023,2023-04,2023-04-11,Deputado Daniel Donizet,DANIEL DONIZET,AUTO SHOPPING DERIVADOS DE PETROLEO LTDA,cnpj,37063328001058,1723009.0,100.00,Combustíveis e lubrificantes,,2026-08-11T18:09:30
2023,2023-04,2023-04-13,Deputado Daniel Donizet,DANIEL DONIZET,16 - QI 23 - CASCOL COMBUSTIVEIS PARA VEICULOS LTDA,cnpj_sem_zeros_a_esquerda,00306597001683,182235.0,300.00,Combustíveis e lubrificantes,,2026-08-11T18:09:30
2023,2023-04,2023-04-18,Deputado Daniel Donizet,DANIEL DONIZET,GOES COMBUSTIVEIS LUBRIFICANTES E GLP LTDA,cnpj_sem_zeros_a_esquerda,05454390000193,169297.0,241.99,Combustíveis e lubrificantes,,2026-08-11T18:09:30
2023,2023-04,2023-04-26,Deputado Daniel Donizet,DANIEL DONIZET,071 - LAGO NORTE - CASCOL COMBUSTIVEIS PARA VEICULO LTDA,cnpj_sem_zeros_a_esquerda,00306597007100,1521254.0,243.92,Combustíveis e lubrificantes,,2026-08-11T18:09:30
2023,2023-04,2023-04-28,Deputado Daniel Donizet,DANIEL DONIZET,16 - QI 23 - CASCOL COMBUSTIVEIS PARA VEICULOS LTDA,cnpj_sem_zeros_a_esquerda,00306597001683,185258.0,300.00,Combustíveis e lubrificantes,,2026-08-11T18:09:30
2023,2023-05,2023-05-04,Deputado Daniel Donizet,DANIEL DONIZET,16 - QI 23 - CASCOL COMBUSTIVEIS PARA VEICULOS LTDA,cnpj_sem_zeros_a_esquerda,00306597001683,186409.0,310.28,Combustíveis e lubrificantes,,2026-08-11T18:09:30
2023,2023-05,2023-05-04,Deputado Daniel Donizet,DANIEL DONIZET,POSTO DE COMBUSTIVEIS R13 SANTA MARIA LTDA,cnpj,42001728000188,50706.0,200.00,Combustíveis e lubrificantes,,2026-08-11T18:09:30
2023,2023-05,2023-05-11,Deputado Daniel Donizet,DANIEL DONIZET,AUTO POSTO VIA ESTRUTURAL LTDA - LAGO SUL,cnpj,23597031000258,37366.0,300.00,Combustíveis e lubrificantes,,2026-08-11T18:09:30
2023,2023-05,2023-05-17,Deputado Daniel Donizet,DANIEL DONIZET,16 - QI 23 - CASCOL COMBUSTIVEIS PARA VEICULOS LTDA,cnpj_sem_zeros_a_esquerda,00306597001683,189151.0,290.02,Combustíveis e lubrificantes,,2026-08-11T18:09:30
2023,2023-05,2023-05-23,Deputado Daniel Donizet,DANIEL DONIZET,16 - QI 23 - CASCOL COMBUSTIVEIS PARA VEICULOS LTDA,cnpj_sem_zeros_a_esquerda,00306597001683,190291.0,283.04,Combustíveis e lubrificantes,,2026-08-11T18:09:30
2023,2023-05,2023-05-31,Deputado Daniel Donizet,DANIEL DONIZET,AUTO SHOPPING DERIVADOS DE PETROLEO LTDA,cnpj,37063328001058,1820156.0,240.05,Combustíveis e lubrificantes,,2026-08-11T18:09:30
2023,2023-06,2023-06-02,Deputado Daniel Donizet,DANIEL DONIZET,AUTO POSTO LS COMERCIO DE DERIVADOS DE PETROLEO LTDA,nao_e_registro,,626185.0,300.00,Combustíveis e lubrificantes,,2026-08-11T18:09:30
2023,2023-06,2023-06-06,Deputado Daniel Donizet,DANIEL DONIZET,071 - LAGO NORTE - CASCOL COMBUSTIVEIS PARA VEICULOS LTDA,cnpj_sem_zeros_a_esquerda,00306597007100,1584983.0,243.58,Combustíveis e lubrificantes,,2026-08-11T18:09:30
2023,2023-06,2023-06-12,Deputado Daniel Donizet,DANIEL DONIZET,16 - QI 23 - CASCOL COMBUSTIVEIS PARA VEICULOS LTDA,cnpj_sem_zeros_a_esquerda,00306597001683,193677.0,300.00,Combustíveis e lubrificantes,,2026-08-11T18:09:30
2023,2023-06,2023-06-15,Deputado Daniel Donizet,DANIEL DONIZET,16 - QI 23 - CASCOL COMBUSTIVEIS PARA VEICULOS LTDA,cnpj_sem_zeros_a_esquerda,00306597001683,194390.0,250.78,Combustíveis e lubrificantes,,2026-08-11T18:09:30
2023,2023-06,2023-06-17,Deputado Daniel Donizet,DANIEL DONIZET,16 - QI 23 - CASCOL COMBUSTIVEIS PARA VEICULOS LTDA,cnpj_sem_zeros_a_esquerda,00306597001683,194822.0,300.00,Combustíveis e lubrificantes,,2026-08-11T18:09:30
2023,2023-06,2023-06-23,Deputado Daniel Donizet,DANIEL DONIZET,16 - QI 23 - CASCOL COMBUSTIVEIS PARA VEICULOS LTDA,cnpj_sem_zeros_a_esquerda,00306597001683,195892.0,249.14,Combustíveis e lubrificantes,,2026-08-11T18:09:30
2023,2023-06,2023-06-26,Deputado Daniel Donizet,DANIEL DONIZET,AUTO SHOPPING DERIVADOS DE PETROLEO LTDA,cnpj,37063328001058,1871370.0,292.97,Combustíveis e lubrificantes,,2026-08-11T18:09:30
2023,,1907-01-17,Iolando Almeida,IOLANDO,AUTO POSTO RAMALHO LTDA,cnpj_sem_zeros_a_esquerda,01276763000122,6469.0,718.00,Combustiveis e Lubrificantes,,2026-08-11T18:09:30
2023,2023-02,2023-02-28,Iolando Almeida,IOLANDO,AUTO POSTO RAMALHO LTDA,cnpj_sem_zeros_a_esquerda,01276763000122,6338.0,1449.27,Combustiveis e Lubrificantes,,2026-08-11T18:09:30
2023,2023-03,2023-03-31,Iolando Almeida,IOLANDO,AUTO POSTO RAMALHO LTDA,cnpj_sem_zeros_a_esquerda,01276763000122,6376.0,1891.50,Combustiveis e Lubrificantes,,2026-08-11T18:09:30
2023,2023-05,2023-05-02,Iolando Almeida,IOLANDO,AUTO POSTO RAMALHO LTDA,cnpj_sem_zeros_a_esquerda,01276763000122,6404.0,1690.38,Combustiveis e Lubrificantes,,2026-08-11T18:09:30
2023,2023-06,2023-06-01,Iolando Almeida,IOLANDO,AUTO POSTO RAMALHO LTDA,cnpj_sem_zeros_a_esquerda,01276763000122,6438.0,718.00,Combustiveis e Lubrificantes,,2026-08-11T18:09:30
2023,2023-07,2023-07-31,Iolando Almeida,IOLANDO,AUTO POSTO RAMALHO LTDA,cnpj_sem_zeros_a_esquerda,01276763000122,6520.0,1475.29,Combustiveis e Lubrificantes,,2026-08-11T18:09:30
2023,2023-09,2023-09-01,Iolando Almeida,IOLANDO,AUTO POSTO RAMALHO LTDA,cnpj_sem_zeros_a_esquerda,01276763000122,6573.0,2530.21,Combustiveis e Lubrificantes,,2026-08-11T18:09:30
2023,2023-08,2023-08-02,Deputado Daniel Donizet,DANIEL DONIZET,GOES COMBUSTIVEIS LUBRIFICANTES E GLP LTDA,cnpj_sem_zeros_a_esquerda,05454390000193,208441.0,247.70,Combustiveis e lubrificantes,,2026-08-11T18:09:30
2023,2023-08,2023-08-04,Deputado Daniel Donizet,DANIEL DONIZET,16 - QI 23 - CASCOL COMBUSTIVEIS PARA VEICULOS LTDA,cnpj_sem_zeros_a_esquerda,00306597001683,202657.0,302.01,Combustiveis e lubrificantes,,2026-08-11T18:09:30
2023,2023-08,2023-08-09,Deputado Daniel Donizet,DANIEL DONIZET,16 - QI 23 - CASCOL COMBUSTIVEIS PARA VEICULOS LTDA,cnpj_sem_zeros_a_esquerda,00306597001683,203448.0,280.00,Combustiveis e lubrificantes,,2026-08-11T18:09:30
2023,2023-08,2023-08-15,Deputado Daniel Donizet,DANIEL DONIZET,16 - QI 23 - CASCOL COMBUSTIVEIS PARA VEICULOS LTDA,cnpj_sem_zeros_a_esquerda,00306597001683,204435.0,290.03,Combustiveis e lubrificantes,,2026-08-11T18:09:30
2023,2023-08,2023-08-17,Deputado Daniel Donizet,DANIEL DONIZET,071 - LAGO NORTE - CASCOL COMBUSTIVEIS PARA VEICULOS LTDA,cnpj_sem_zeros_a_esquerda,00306597007100,1691375.0,275.71,Combustiveis e lubrificantes,,2026-08-11T18:09:30
2023,2023-08,2023-08-22,Deputado Daniel Donizet,DANIEL DONIZET,POSTO DA TORRE EIRELI EPP,cnpj_sem_zeros_a_esquerda,04473193000159,503039.0,200.00,Combustiveis e lubrificantes,,2026-08-11T18:09:30
2023,2023-08,2023-08-24,Deputado Daniel Donizet,DANIEL DONIZET,16 - QI 23 - CASCOL COMBUSTIVEIS PARA VEICULOS LTDA,cnpj_sem_zeros_a_esquerda,00306597001683,206431.0,250.00,Combustiveis e lubrificantes,,2026-08-11T18:09:30
2023,2023-09,2023-09-06,Deputado Daniel Donizet,DANIEL DONIZET,16 - QI 23 - CASCOL COMBUSTIVEIS PARA VEICULOS LTDA,cnpj_sem_zeros_a_esquerda,00306597001683,209198.0,300.00,Combustiveis e lubrificantes,,2026-08-11T18:09:30
2023,2023-09,2023-09-11,Deputado Daniel Donizet,DANIEL DONIZET,GOES COMBUSTIVEIS LUBRIFICANTES E GLP LTDA,cnpj_sem_zeros_a_esquerda,05454390000193,226232.0,262.93,Combustiveis e lubrificantes,,2026-08-11T18:09:30
2023,2023-09,2023-09-18,Deputado Daniel Donizet,DANIEL DONIZET,MAXIMUM COMERCIO VAREJISTA DE DERIVADOS DE PETROLEO LTDA,cnpj,33486425000101,38546.0,100.00,Combustiveis e lubrificantes,,2026-08-11T18:09:30
2023,2023-09,2023-09-19,Deputado Daniel Donizet,DANIEL DONIZET,AUTO SHOPPING DERIVADOS DE PETROLEO LTDA,cnpj,37063328001058,2033459.0,100.00,Combustiveis e lubrificantes,,2026-08-11T18:09:30
2023,2023-09,2023-09-26,Deputado Daniel Donizet,DANIEL DONIZET,GOES COMBUSTIVEIS LUBRIFICANTES E GLP LTDA,cnpj_sem_zeros_a_esquerda,05454390000193,232761.0,274.50,Combustiveis e lubrificantes,,2026-08-11T18:09:30
2023,2023-09,2023-09-30,Deputado Daniel Donizet,DANIEL DONIZET,CENTRAL DE COMERCIO DE COMBUSTIVEIS LTDA,cnpj,30351930000150,9126.0,289.10,Combustiveis e lubrificantes,,2026-08-11T18:09:30
2023,2023-01,2023-01-20,Martins Machado,MARTINS MACHADO,Posto de Combustiveis Connecta Ceilandia Sul,cnpj,12123780000146,20771,100.00,Combustíveis,,2026-08-11T18:09:30
2023,2023-01,2023-01-24,Martins Machado,MARTINS MACHADO,Posto Avenida Hélio Prates,cnpj,10459168000113,146136,169.01,Combustíveis,,2026-08-11T18:09:30
2023,2023-01,2023-01-26,Martins Machado,MARTINS MACHADO,Posto Goes,cnpj_sem_zeros_a_esquerda,05454390000193,139896,260.07,Combustíveis,,2026-08-11T18:09:30
2023,2023-01,2023-01-29,Martins Machado,MARTINS MACHADO,Posto 311 Sul,cnpj_sem_zeros_a_esquerda,00306597006308,375402,100.00,Combustíveis,,2026-08-11T18:09:30
2023,2023-02,2023-02-06,Martins Machado,MARTINS MACHADO,Posto 212 Sul,cnpj_sem_zeros_a_esquerda,00595058000125,195170,100.00,Combustíveis,,2026-08-11T18:09:30
2023,2023-02,2023-02-07,Martins Machado,MARTINS MACHADO,Posto Monumental,cnpj_sem_zeros_a_esquerda,05454390000193,143808,100.00,Combustíveis,,2026-08-11T18:09:30
2023,2023-02,2023-02-13,Martins Machado,MARTINS MACHADO,Posto Sig Cascol,cnpj_sem_zeros_a_esquerda,00306597002574,294806,100.00,Combustíveis,,2026-08-11T18:09:30
2023,2023-02,2023-02-22,Martins Machado,MARTINS MACHADO,Posto Petrolino,cnpj_sem_zeros_a_esquerda,00005892000113,331726,50.00,Combustíveis,,2026-08-11T18:09:30
2023,2023-02,2023-02-23,Martins Machado,MARTINS MACHADO,Posto Monumental,cnpj_sem_zeros_a_esquerda,05454390000193,148479,100.00,Combustíveis,,2026-08-11T18:09:30
2023,2023-02,2023-02-26,Martins Machado,MARTINS MACHADO,Auto Posto Cinco Estrelas,cnpj_sem_zeros_a_esquerda,00692418002231,277090,100.00,Combustíveis,,2026-08-11T18:09:30
2023,2023-02,2023-02-26,Martins Machado,MARTINS MACHADO,Nenen s Chopp Posto,cnpj,32434124000171,29141,50.00,Combustíveis,,2026-08-11T18:09:30
2023,2023-02,2023-02-28,Martins Machado,MARTINS MACHADO,Posto Ceilandia,cnpj_sem_zeros_a_esquerda,00342436000169,413622,211.75,Combustíveis,,2026-08-11T18:09:30
2023,2023-03,2023-03-03,Martins Machado,MARTINS MACHADO,Posto Monumental,cnpj_sem_zeros_a_esquerda,05454390000193,15182,100.00,Combustíveis,,2026-08-11T18:09:30
2023,2023-03,2023-03-08,Martins Machado,MARTINS MACHADO,Posto Monumental,cnpj_sem_zeros_a_esquerda,05454390000193,153634,100.00,Combustíveis,,2026-08-11T18:09:30
2023,2023-03,2023-03-15,Martins Machado,MARTINS MACHADO,Posto Monumental,cnpj_sem_zeros_a_esquerda,05454390000193,156157,100.00,Combustíveis,,2026-08-11T18:09:30
2023,2023-03,2023-03-17,Martins Machado,MARTINS MACHADO,Auto Posto NN 10,cnpj,11936605000105,85107,100.00,Combustíveis,,2026-08-11T18:09:30
2023,2023-03,2023-03-22,Martins Machado,MARTINS MACHADO,Auto Posto Cinco Estrelas,cnpj_sem_zeros_a_esquerda,00692418002231,291487,100.00,Combustíveis,,2026-08-11T18:09:30
2023,2023-03,2023-03-29,Martins Machado,MARTINS MACHADO,Posto Ceilândia,cnpj_sem_zeros_a_esquerda,00342436000169,418600,100.00,Combustíveis,,2026-08-11T18:09:30
2023,2023-04,2023-04-05,Martins Machado,MARTINS MACHADO,Posto Ceilândia,cnpj_sem_zeros_a_esquerda,00342436000169,415279,228.59,Combustíveis,,2026-08-11T18:09:30
2023,2023-04,2023-04-15,Martins Machado,MARTINS MACHADO,Posto Monumental,cnpj_sem_zeros_a_esquerda,05454390000193,167992,100.00,Combustíveis,,2026-08-11T18:09:30
2023,2023-04,2023-04-28,Martins Machado,MARTINS MACHADO,Auto Posto Cinco Estrelas,cnpj_sem_zeros_a_esquerda,00692418002231,313002,200.00,Combustíveis,,2026-08-11T18:09:30
2023,2023-05,2023-05-04,Martins Machado,MARTINS MACHADO,Posto Monumental,cnpj_sem_zeros_a_esquerda,00342436000169,175053,100.00,Combustíveis,,2026-08-11T18:09:30
2023,2023-05,2023-05-09,Martins Machado,MARTINS MACHADO,Posto Monumental,cnpj_sem_zeros_a_esquerda,05454390000193,176834,100.00,Combustíveis,,2026-08-11T18:09:30
2023,2023-05,2023-05-11,Martins Machado,MARTINS MACHADO,Posto Monumental,cnpj_sem_zeros_a_esquerda,05454390000193,177631,100.00,Combustíveis,,2026-08-11T18:09:30
2023,2023-05,2023-05-14,Martins Machado,MARTINS MACHADO,Posto Santa Maria,cnpj,42001728000188,42317,100.00,Combustíveis,,2026-08-11T18:09:30
2023,2023-05,2023-05-18,Martins Machado,MARTINS MACHADO,Posto 302 Norte,cnpj_sem_zeros_a_esquerda,00306597003112,322211,100.00,Combustíveis,,2026-08-11T18:09:30
2023,2023-05,2023-05-21,Martins Machado,MARTINS MACHADO,Posto Brasal,cnpj_sem_zeros_a_esquerda,00097626000320,618989,100.00,Combustíveis,,2026-08-11T18:09:30
2023,2023-05,2023-05-23,Martins Machado,MARTINS MACHADO,Posto Monumental,cnpj_sem_zeros_a_esquerda,05454390000193,182200,100.00,Combustíveis,,2026-08-11T18:09:30
2023,2023-05,2023-05-27,Martins Machado,MARTINS MACHADO,Posto Brasal,cnpj_sem_zeros_a_esquerda,00097626000249,442909,150.00,Combustíveis,,2026-08-11T18:09:30
2023,2023-06,2023-06-01,Martins Machado,MARTINS MACHADO,Posto Monumental,cnpj_sem_zeros_a_esquerda,05454390000193,185553,100.00,Combustíveis,,2026-08-11T18:09:30
2023,2023-06,2023-06-04,Martins Machado,MARTINS MACHADO,Posto Brasal Combustiveis,cnpj_sem_zeros_a_esquerda,00097626000249,445306,100.00,Combustíveis,,2026-08-11T18:09:30
2023,2023-06,2023-06-12,Martins Machado,MARTINS MACHADO,Auto Posto Criolo,cnpj,27169700000160,347748,100.00,Combustíveis,,2026-08-11T18:09:30
2023,2023-06,2023-06-15,Martins Machado,MARTINS MACHADO,Cascol Combustiveis,cnpj_sem_zeros_a_esquerda,00306597007290,298406,100.00,Combustíveis,,2026-08-11T18:09:30
2023,2023-06,2023-06-21,Martins Machado,MARTINS MACHADO,Posto Monumental,cnpj_sem_zeros_a_esquerda,05454390000193,192908,100.00,Combustíveis,,2026-08-11T18:09:30
2023,2023-06,2023-06-24,Martins Machado,MARTINS MACHADO,Auto Posto Cinco Estrelas,cnpj_sem_zeros_a_esquerda,00692418002231,344803,100.00,Combustíveis,,2026-08-11T18:09:30
2023,2023-06,2023-06-26,Martins Machado,MARTINS MACHADO,Posto Monumental,cnpj_sem_zeros_a_esquerda,05454390000193,194601,202.34,Combustíveis,,2026-08-11T18:09:30
2023,2023-07,2023-07-02,Martins Machado,MARTINS MACHADO,Auto Posto Criolo,cnpj,27169700000160,352495,100.00,Combustíveis,,2026-08-11T18:09:30
2023,2023-07,2023-07-03,Martins Machado,MARTINS MACHADO,Posto Monumental,cnpj_sem_zeros_a_esquerda,05454390000193,197378,100.00,Combustíveis,,2026-08-11T18:09:30
2023,2023-07,2023-07-08,Martins Machado,MARTINS MACHADO,Cascol Combustiveis,cnpj_sem_zeros_a_esquerda,00306597006308,426344,100.00,Combustíveis,,2026-08-11T18:09:30
2023,2023-07,2023-07-14,Martins Machado,MARTINS MACHADO,Auto Posto Cinco Estrelas,cnpj_sem_zeros_a_esquerda,00692418002231,355395,200.00,Combustíveis,,2026-08-11T18:09:30
2023,2023-07,2023-07-17,Martins Machado,MARTINS MACHADO,Auto Posto Cinco Estrelas,cnpj_sem_zeros_a_esquerda,00692418002231,357165,100.00,Combustíveis,,2026-08-11T18:09:30
2023,2023-07,2023-07-21,Martins Machado,MARTINS MACHADO,Posto Monumental,cnpj_sem_zeros_a_esquerda,05454390000193,203827,100.00,Combustíveis,,2026-08-11T18:09:30
2023,2023-07,2023-07-23,Martins Machado,MARTINS MACHADO,Auto Posto Cinco Estrelas,cnpj_sem_zeros_a_esquerda,00692418002231,359801.0,100.00,Combustíveis,,2026-08-11T18:09:30
2023,2023-07,2023-07-29,Martins Machado,MARTINS MACHADO,Posto 212 Sul,cnpj_sem_zeros_a_esquerda,00595058000125,234607.0,100.00,Combustíveis,,2026-08-11T18:09:30
2023,2023-08,2023-08-02,Martins Machado,MARTINS MACHADO,Posto Monumental,cnpj_sem_zeros_a_esquerda,05454390000193,208405,100.00,Combustíveis,,2026-08-11T18:09:30
2023,2023-08,2023-08-04,Martins Machado,MARTINS MACHADO,Posto Monumental,cnpj_sem_zeros_a_esquerda,05454390000193,208863,100.00,Combustíveis,,2026-08-11T18:09:30
2023,2023-08,2023-08-08,Martins Machado,MARTINS MACHADO,Posto Monumental,cnpj_sem_zeros_a_esquerda,05454390000193,210706,50.00,Combustíveis,,2026-08-11T18:09:30
2023,2023-08,2023-08-13,Martins Machado,MARTINS MACHADO,Auto Posto Cinco Estrelas,cnpj_sem_zeros_a_esquerda,00692418002231,371637,100.00,Combustíveis,,2026-08-11T18:09:30
2023,2023-08,2023-08-14,Martins Machado,MARTINS MACHADO,Posto 302 Norte,cnpj_sem_zeros_a_esquerda,00306597003112,341431,100.00,Combustíveis,,2026-08-11T18:09:30
2023,2023-08,2023-08-16,Martins Machado,MARTINS MACHADO,Auto Posto Cinco Estrelas,cnpj_sem_zeros_a_esquerda,00692418002231,373847,200.00,Combustíveis,,2026-08-11T18:09:30
2023,2023-08,2023-08-27,Martins Machado,MARTINS MACHADO,Brasal Combustiveis,nao_e_registro,,478295.0,200.00,Combustíveis,,2026-08-11T18:09:30
2023,2023-08,2023-08-31,Martins Machado,MARTINS MACHADO,Posto Monumental,cnpj_sem_zeros_a_esquerda,05454390000193,220713.0,200.00,Combustíveis,,2026-08-11T18:09:30
2023,2023-09,2023-09-11,Martins Machado,MARTINS MACHADO,Nenen's Posto de Combustiveis,cnpj,32434124000171,279422,200.00,Combustíveis,,2026-08-11T18:09:30
2023,2023-09,2023-09-14,Martins Machado,MARTINS MACHADO,Estação Sul,cnpj_sem_zeros_a_esquerda,06555245000161,588583,50.00,Combustíveis,,2026-08-11T18:09:30
2023,2023-09,2023-09-21,Martins Machado,MARTINS MACHADO,Posto Monumental,cnpj_sem_zeros_a_esquerda,05454390000193,230818,100.00,Combustíveis,,2026-08-11T18:09:30
2023,2023-09,2023-09-25,Martins Machado,MARTINS MACHADO,Triangulo - Cascol,cnpj_sem_zeros_a_esquerda,00306597001330,286476,100.00,Combustíveis,,2026-08-11T18:09:30
2023,2023-09,2023-09-28,Martins Machado,MARTINS MACHADO,Marlin Combustiveis,cnpj_sem_zeros_a_esquerda,04494011000207,481303,100.00,Combustíveis,,2026-08-11T18:09:30
2023,2023-10,2023-10-02,Martins Machado,MARTINS MACHADO,Posto Estação Sul,cnpj_sem_zeros_a_esquerda,06555245000161,594522,50.00,Combustíveis,,2026-08-11T18:09:30
2023,2023-10,2023-10-03,Martins Machado,MARTINS MACHADO,Posto Sousa E Alves,cnpj_sem_zeros_a_esquerda,07111605000107,455573,50.00,Combustíveis,,2026-08-11T18:09:30
2023,2023-10,2023-10-04,Martins Machado,MARTINS MACHADO,Posto 212 Sul,cnpj_sem_zeros_a_esquerda,00595058000125,237931,200.00,Combustíveis,,2026-08-11T18:09:30
2023,2023-10,2023-10-06,Martins Machado,MARTINS MACHADO,Posto Cei,cnpj_sem_zeros_a_esquerda,00306597002817,2184857,50.00,Combustíveis,,2026-08-11T18:09:30
2023,2023-10,2023-10-11,Martins Machado,MARTINS MACHADO,Posto Monumental,cnpj_sem_zeros_a_esquerda,05454390000193,239699,100.00,Combustíveis,,2026-08-11T18:09:30
2023,2023-10,2023-10-19,Martins Machado,MARTINS MACHADO,Posto 212 Sul,cnpj_sem_zeros_a_esquerda,00595058000125,207356,100.00,Combustíveis,,2026-08-11T18:09:30
2023,2023-10,2023-10-24,Martins Machado,MARTINS MACHADO,Posto Sig,nao_e_registro,,336734,100.00,Combustíveis,,2026-08-11T18:09:30
2023,2023-11,2023-11-21,Martins Machado,MARTINS MACHADO,Posto Nenén's,cnpj,32434124000171,299598,50.00,Combustíveis,,2026-08-11T18:09:30
2023,2023-11,2023-11-23,Martins Machado,MARTINS MACHADO,Posto NN 10,cnpj,11936605000105,107329,50.00,Combustíveis,,2026-08-11T18:09:30
2023,2023-11,2023-11-28,Martins Machado,MARTINS MACHADO,Posto Petrolino,cnpj_sem_zeros_a_esquerda,00005892000113,402980,50.00,Combustíveis,,2026-08-11T18:09:30
2023,,01 de sete,Ricardo Vale da Silva,RICARDO VALE,Zupiroli Rodrigues e Alves Advogados Associados,cnpj,18576625000161,N° 1327676,6000.00,Assessoria/Consultoria Jurídica,,2026-08-11T18:09:30
2023,,02 de junh,Ricardo Vale da Silva,RICARDO VALE,Zupiroli Rodrigues e Alves Advogados Associados,cnpj,18576625000161,N° 1205560,6000.00,Assessoria/Consultoria Jurídica,,2026-08-11T18:09:30
2023,,02 de outu,Ricardo Vale da Silva,RICARDO VALE,Zupiroli Rodrigues e Alves Advogados Associados,cnpj,18576625000161,N° 1366118,6000.00,Assessoria/Consultoria Jurídica,,2026-08-11T18:09:30
2023,,03 de agos,Ricardo Vale da Silva,RICARDO VALE,Zupiroli Rodrigues e Alves Advogados Associados,cnpj,18576625000161,N° 1286217,6000.00,Assessoria/Consultoria Jurídica,,2026-08-11T18:09:30
2023,,03 de maio,Ricardo Vale da Silva,RICARDO VALE,Zupiroli Rodrigues e Alves Advogados Associados,cnpj,18576625000161,N° 1156492,6000.00,Assessoria/Consultoria Jurídica,,2026-08-11T18:09:30
2023,,05 de abri,Ricardo Vale da Silva,RICARDO VALE,Zupiroli Rodrigues e Alves Advogados Associados,cnpj,18576625000161,N° 1117326,6000.00,Assessoria/Consultoria Jurídica,,2026-08-11T18:09:30
2023,,05 de julh,Ricardo Vale da Silva,RICARDO VALE,Zupiroli Rodrigues e Alves Advogados Associados,cnpj,18576625000161,N° 1252261,6000.00,Assessoria/Consultoria Jurídica,,2026-08-11T18:09:30
2023,,09 de març,Ricardo Vale da Silva,RICARDO VALE,Zupiroli Rodrigues e Alves Advogados Associados,cnpj,18576625000161,N° 1079733,6000.00,Assessoria/Consultoria Jurídica,,2026-08-11T18:09:30
2023,2023-11,2023-11-01,Deputada Paula Belmonte,PAULA BELMONTE,Viana de Oliveira Sociedade Individual de Advocacia,cnpj,41491336000181,1426838,5000.00,Assessoria/Consultoria Jurídica,,2026-08-11T18:09:30
2023,2023-11,2023-11-29,Deputada Paula Belmonte,PAULA BELMONTE,Viana de Oliveira Sociedade Individual de Advocacia,cnpj,41491336000181,1464088,5000.00,Assessoria/Consultoria Jurídica,,2026-08-11T18:09:30
2023,2023-03,2023-03-02,Deputado Joaquim Roriz Neto,JOAQUIM RORIZ NETO,Rufino e Rebua Advogados,cnpj,12907091000122,14.0,7000.00,Assessoria Jurídica,,2026-08-11T18:09:30
2023,2023-02,2023-02-06,Max Maciel Cavalcanti,MAX MACIEL,Vizion Gestão de Negócios Empresariais LTDA.,cnpj_sem_zeros_a_esquerda,07979987000187,00002385,886.00,Assessoria especializada,,2026-08-11T18:09:30
2023,2023-03,2023-03-01,Max Maciel Cavalcanti,MAX MACIEL,Vizion Gestão de Negócios Empresariais LTDA.,cnpj_sem_zeros_a_esquerda,07979987000187,00002403,886.00,Assessoria especializada,,2026-08-11T18:09:30
2023,2023-03,2023-03-29,Max Maciel Cavalcanti,MAX MACIEL,Gabriela Alves Coimbra,cnpj,22574713000100,1.0,600.00,Assessoria especializada,,2026-08-11T18:09:30
2023,2023-03,2023-03-29,Max Maciel Cavalcanti,MAX MACIEL,Vizion Gestão de Negócios Empresariais LTDA.,cnpj_sem_zeros_a_esquerda,07979987000187,00002429,586.00,Assessoria especializada,,2026-08-11T18:09:30
2023,2023-04,2023-04-28,Max Maciel Cavalcanti,MAX MACIEL,Vizion Gestão de Negócios Empresariais LTDA.,cnpj_sem_zeros_a_esquerda,07979987000187,00002453,586.00,Assessoria especializada,,2026-08-11T18:09:30
2023,2023-05,2023-05-31,Max Maciel Cavalcanti,MAX MACIEL,Vizion Gestão de Negócios Empresariais LTDA.,cnpj_sem_zeros_a_esquerda,07979987000187,00002480,586.00,Assessoria especializada,,2026-08-11T18:09:30
2023,2023-06,2023-06-30,Max Maciel Cavalcanti,MAX MACIEL,Vizion Gestão de Negócios Empresariais LTDA.,cnpj_sem_zeros_a_esquerda,07979987000187,00002508,586.00,Assessoria especializada,,2026-08-11T18:09:30
2023,2023-07,2023-07-31,Max Maciel Cavalcanti,MAX MACIEL,Vizion Gestão de Negócios Empresariais LTDA.,cnpj_sem_zeros_a_esquerda,07979987000187,00002531,586.00,Assessoria especializada,,2026-08-11T18:09:30
2023,2023-08,2023-08-31,Max Maciel Cavalcanti,MAX MACIEL,Vizion Gestão de Negócios Empresariais LTDA.,cnpj_sem_zeros_a_esquerda,07979987000187,00002558,586.00,Assessoria especializada,,2026-08-11T18:09:30
2023,2023-09,2023-09-29,Max Maciel Cavalcanti,MAX MACIEL,Vizion Gestão de Negócios Empresariais LTDA.,cnpj_sem_zeros_a_esquerda,07979987000187,00002580,586.00,Assessoria especializada,,2026-08-11T18:09:30
2023,2023-10,2023-10-31,Max Maciel Cavalcanti,MAX MACIEL,Vizion Gestão de Negócios Empresariais LTDA.,cnpj_sem_zeros_a_esquerda,07979987000187,00002604,586.00,Assessoria especializada,,2026-08-11T18:09:30
2023,2023-11,2023-11-06,Martins Machado,MARTINS MACHADO,Soily Braga - Sociedade Individual de Advocacia,cnpj,52385773000137,2,5316.00,Assessoria / Consultoria Jurídica,,2026-08-11T18:09:30
2023,2023-12,2023-12-06,Martins Machado,MARTINS MACHADO,Soily Braga - Sociedade Individual de Advocacia,cnpj,52385773000137,3,5500.00,Assessoria / Consultoria Jurídica,,2026-08-11T18:09:30
2023,2023-01,2023-01-31,Iolando Almeida,IOLANDO,DF LIBRAS ENSINO DE IODIOMAS LTDA,nao_e_registro,,51.0,4000.00,Assessoria / Consultoria especializada,,2026-08-11T18:09:30
2023,2023-02,2023-02-28,Iolando Almeida,IOLANDO,DF LIBRAS ENSINO DE IODIOMAS LTDA,nao_e_registro,,2.0,4000.00,Assessoria / Consultoria especializada,,2026-08-11T18:09:30
2023,2023-03,2023-03-31,Iolando Almeida,IOLANDO,DF LIBRAS ENSINO DE IODIOMAS LTDA,nao_e_registro,,3.0,4000.00,Assessoria / Consultoria especializada,,2026-08-11T18:09:30
2023,2023-05,2023-05-08,Iolando Almeida,IOLANDO,DF LIBRAS ENSINO DE IODIOMAS LTDA,nao_e_registro,,4.0,4000.00,Assessoria / Consultoria especializada,,2026-08-11T18:09:30
2023,2023-06,2023-06-02,Iolando Almeida,IOLANDO,DF LIBRAS ENSINO DE IODIOMAS LTDA,nao_e_registro,,5.0,4000.00,Assessoria / Consultoria especializada,,2026-08-11T18:09:30
2023,2023-06,2023-06-30,Iolando Almeida,IOLANDO,DF LIBRAS ENSINO DE IODIOMAS LTDA,nao_e_registro,,6.0,4000.00,Assessoria / Consultoria especializada,,2026-08-11T18:09:30
2023,2023-07,2023-07-31,Iolando Almeida,IOLANDO,DF LIBRAS ENSINO DE IODIOMAS LTDA,nao_e_registro,,7.0,4000.00,Assessoria / Consultoria especializada,,2026-08-11T18:09:30
2023,2023-08,2023-08-31,Iolando Almeida,IOLANDO,DF LIBRAS ENSINO DE IODIOMAS LTDA,nao_e_registro,,8.0,4000.00,Assessoria / Consultoria especializada,,2026-08-11T18:09:30
2023,2023-08,2023-08-14,Deputado Daniel Donizet,DANIEL DONIZET,CBB JORNALISMO LTDA,cnpj,49997088000157,12.0,4500.00,Assessoria / Consultoria especializada,,2026-08-11T18:09:30
2023,2023-10,2023-10-02,Deputado Daniel Donizet,DANIEL DONIZET,CBB JORNALISMO LTDA,cnpj,49997088000157,17.0,4500.00,Assessoria / Consultoria especializada,,2026-08-11T18:09:30
2023,2023-03,2023-03-26,Deputado Gabriel Magno,GABRIEL MAGNO,Aluguel de Escritório- Apoio atividade Parlamentar,vazio,,S nº,1200.00,Apoio atividade Parlamentar,,2026-08-11T18:09:30
2023,2023-06,2023-06-22,Deputado Roosevelt Vilela,ROOSEVELT VILELA,AUTO POSTO CINCO ESTRELAS LTDA,cnpj_sem_zeros_a_esquerda,00692418000700,1249033,100.00,Combustíveis e lubrificantes,,2026-08-11T18:09:30
2023,2023-06,2023-06-24,Deputado Roosevelt Vilela,ROOSEVELT VILELA,POSTO DE COMBUSTIVEIS EPIA CANDANGOLANDIA LTDA,cnpj,31403111000172,1249033,200.00,Combustíveis e lubrificantes,,2026-08-11T18:09:30
2023,2023-10,2023-10-31,Deputado Roosevelt Vilela,ROOSEVELT VILELA,CASCOL COMBUSTIVEIS PARA VEICULOS LTDA,cnpj_sem_zeros_a_esquerda,00306597002574,1427580,200.00,Combustíveis e lubrificantes,,2026-08-11T18:09:30
2023,2023-11,2023-11-08,Deputado Roosevelt Vilela,ROOSEVELT VILELA,BELIZE COMPANY AUTO POSTO LTDA,nao_e_registro,,1464000,200.00,Combustíveis e Lubrificantes,,2026-08-11T18:09:30
2023,2023-05,2023-05-29,Deputado Thiago De Araújo Macieira Manzoni,THIAGO MANZONI,FACEBOOK SERVIÇOS ONLINE DO BRASIL,cnpj,13347016000117,1201142.0,200.00,Divulgação de atividade parlamentar,,2026-08-11T18:09:30
2023,2023-06,2023-06-21,Deputado Thiago De Araújo Macieira Manzoni,THIAGO MANZONI,FACEBOOK SERVIÇOS ONLINE DO BRASIL,cnpj,13347016000117,1249843.0,500.00,Divulgação de atividade parlamentar,,2026-08-11T18:09:30
2023,2023-07,2023-07-03,Deputado Thiago De Araújo Macieira Manzoni,THIAGO MANZONI,FACEBOOK SERVIÇOS ONLINE DO BRASIL,cnpj,25021356000132,1282597.0,1000.00,Divulgação de atividade parlamentar,,2026-08-11T18:09:30
2023,2023-07,2023-07-13,Deputado Thiago De Araújo Macieira Manzoni,THIAGO MANZONI,FACEBOOK SERVIÇOS ONLINE DO BRASIL,cnpj,25021356000132,1282597.0,500.00,Divulgação de atividade parlamentar,,2026-08-11T18:09:30
2023,2023-08,2023-08-01,Deputado Thiago De Araújo Macieira Manzoni,THIAGO MANZONI,FACEBOOK SERVIÇOS ONLINE DO BRASIL,cnpj,25021356000132,1325225.0,1750.00,Divulgação de atividade parlamentar,,2026-08-11T18:09:30
2023,2023-09,2023-09-05,Deputado Thiago De Araújo Macieira Manzoni,THIAGO MANZONI,FACEBOOK SERVIÇOS ONLINE DO BRASIL,cnpj,25021356000132,1371497.0,1000.00,Divulgação de atividade parlamentar,Serviços prestados entre 04/09 e 29/09,2026-08-11T18:09:30
2023,2023-09,2023-09-12,Deputado Thiago De Araújo Macieira Manzoni,THIAGO MANZONI,FACEBOOK SERVIÇOS ONLINE DO BRASIL,cnpj,25021356000132,1371497.0,500.00,Divulgação de atividade parlamentar,Serviços prestados entre 04/09 e 29/09,2026-08-11T18:09:30
2023,2023-09,2023-09-20,Deputado Thiago De Araújo Macieira Manzoni,THIAGO MANZONI,FACEBOOK SERVIÇOS ONLINE DO BRASIL,cnpj,25021356000132,1371497.0,1000.00,Divulgação de atividade parlamentar,Serviços prestados entre 04/09 e 29/09,2026-08-11T18:09:30
2023,2023-07,2023-07-04,Deputado Joaquim Roriz Neto,JOAQUIM RORIZ NETO,Comercial de Combustíveis MAM LTDA,cnpj,10702904000112,500851.0,205.31,,,2026-08-11T18:09:30
2023,2023-07,2023-07-07,Deputado Joaquim Roriz Neto,JOAQUIM RORIZ NETO,CASCOL Combustíveis,cnpj_sem_zeros_a_esquerda,00306597009234,884606.0,163.16,,,2026-08-11T18:09:30
2023,2023-07,2023-07-10,Deputado Joaquim Roriz Neto,JOAQUIM RORIZ NETO,Comercial de Combustíveis MAM LTDA,cnpj,10702904000112,501910.0,236.85,,,2026-08-11T18:09:30
2023,2023-07,2023-07-18,Deputado Joaquim Roriz Neto,JOAQUIM RORIZ NETO,Comercial de Combustíveis MAM LTDA,cnpj,10702904000112,503118.0,118.36,,,2026-08-11T18:09:30
2023,2023-07,2023-07-19,Deputado Joaquim Roriz Neto,JOAQUIM RORIZ NETO,Comercial de Combustíveis MAM LTDA,cnpj,10702904000112,503172.0,182.20,,,2026-08-11T18:09:30
2023,2023-07,2023-07-28,Deputado Joaquim Roriz Neto,JOAQUIM RORIZ NETO,Posto Rodobelo,cnpj_sem_zeros_a_esquerda,01559338000140,77248.0,189.84,,,2026-08-11T18:09:30
2023,2023-07,2023-07-31,Deputado Joaquim Roriz Neto,JOAQUIM RORIZ NETO,Posto Z+Z 304 Sul LTDA,cnpj,18055554000151,962824.0,217.18,,,2026-08-11T18:09:30
2023,2023-08,2023-08-01,Deputado Joaquim Roriz Neto,JOAQUIM RORIZ NETO,MONON Monitoramento Digital,cnpj,24894397000170,29.0,2500.00,,,2026-08-11T18:09:30
2023,2023-08,2023-08-01,Deputado Joaquim Roriz Neto,JOAQUIM RORIZ NETO,SUPREMA Locadora LTDA,cnpj,48819584000158,341.0,5500.00,,,2026-08-11T18:09:30
2023,2023-08,2023-08-02,Deputado Joaquim Roriz Neto,JOAQUIM RORIZ NETO,FACEBOOK,cnpj,13347016000117,66867017.0,1600.00,,,2026-08-11T18:09:30
2023,2023-08,2023-08-03,Deputado Joaquim Roriz Neto,JOAQUIM RORIZ NETO,Comercial de Combustíveis MAM LTDA,cnpj,10702904000112,505718.0,91.18,,,2026-08-11T18:09:30
2023,2023-08,2023-08-04,Deputado Joaquim Roriz Neto,JOAQUIM RORIZ NETO,Park Bandeira Comercio de Combustíveis,cnpj,15159119000189,224011.0,224.66,,,2026-08-11T18:09:30
2023,2023-08,2023-08-07,Deputado Joaquim Roriz Neto,JOAQUIM RORIZ NETO,Comercial de Combustíveis MAM LTDA,cnpj,10702904000112,506303.0,245.63,,,2026-08-11T18:09:30
2023,2023-08,2023-08-10,Deputado Joaquim Roriz Neto,JOAQUIM RORIZ NETO,CASCOL Combustíveis LTDA,cnpj_sem_zeros_a_esquerda,00306597009234,90004.0,186.05,,,2026-08-11T18:09:30
2023,2023-08,2023-08-11,Deputado Joaquim Roriz Neto,JOAQUIM RORIZ NETO,Guarapari CASCOL Combustíveis,cnpj_sem_zeros_a_esquerda,00306597009234,900518.0,84.01,,,2026-08-11T18:09:30
2023,2023-08,2023-08-14,Deputado Joaquim Roriz Neto,JOAQUIM RORIZ NETO,Comercial de Combustíveis MAM LTDA,cnpj,10702904000112,507099.0,241.63,,,2026-08-11T18:09:30
2023,2023-08,2023-08-15,Deputado Joaquim Roriz Neto,JOAQUIM RORIZ NETO,Posto Monumental,cnpj_sem_zeros_a_esquerda,05454390000193,213464.0,210.07,,,2026-08-11T18:09:30
2023,2023-08,2023-08-21,Deputado Joaquim Roriz Neto,JOAQUIM RORIZ NETO,Comercial de Combustíveis MAM LTDA,cnpj,10702904000112,507739.0,232.94,,,2026-08-11T18:09:30
2023,2023-08,2023-08-21,Deputado Joaquim Roriz Neto,JOAQUIM RORIZ NETO,Comercial de Combustíveis MAM LTDA,cnpj,10702904000112,507757.0,246.05,,,2026-08-11T18:09:30
2023,2023-08,2023-08-24,Deputado Joaquim Roriz Neto,JOAQUIM RORIZ NETO,Posto Monumental,cnpj_sem_zeros_a_esquerda,05454390000193,217508.0,229.59,,,2026-08-11T18:09:30
2023,2023-08,2023-08-29,Deputado Joaquim Roriz Neto,JOAQUIM RORIZ NETO,Comercial de Combustíveis MAM LTDA,cnpj,10702904000112,508791.0,166.27,,,2026-08-11T18:09:30
2023,2023-08,2023-08-30,Deputado Joaquim Roriz Neto,JOAQUIM RORIZ NETO,Comercial de Combustíveis MAM LTDA,cnpj,10702904000112,508962.0,177.93,,,2026-08-11T18:09:30
2023,2023-09,2023-09-01,Deputado Joaquim Roriz Neto,JOAQUIM RORIZ NETO,Comercial de Combustíveis MAM LTDA,cnpj,10702904000112,509274.0,111.86,,,2026-08-11T18:09:30
2023,2023-09,2023-09-01,Deputado Joaquim Roriz Neto,JOAQUIM RORIZ NETO,SUPREMA Locadora LTDA,cnpj,24894397000170,430.0,5500.00,,,2026-08-11T18:09:30
2023,2023-09,2023-09-02,Deputado Joaquim Roriz Neto,JOAQUIM RORIZ NETO,Auto Posto Ribeiro LTDA,cnpj_sem_zeros_a_esquerda,04814024000135,1175938.0,226.44,,,2026-08-11T18:09:30
2023,2023-09,2023-09-02,Deputado Joaquim Roriz Neto,JOAQUIM RORIZ NETO,FACEBOOK,cnpj,13347016000117,69403757.0,1700.00,,,2026-08-11T18:09:30
2023,2023-09,2023-09-04,Deputado Joaquim Roriz Neto,JOAQUIM RORIZ NETO,MONOM Monitoramento Digital,cnpj,48819584000158,37.0,2500.00,,,2026-08-11T18:09:30
2023,2023-09,2023-09-05,Deputado Joaquim Roriz Neto,JOAQUIM RORIZ NETO,Comercial de Combustíveis MAM LTDA,cnpj,10702904000112,509896.0,180.48,,,2026-08-11T18:09:30
2023,2023-09,2023-09-11,Deputado Joaquim Roriz Neto,JOAQUIM RORIZ NETO,Comercial de Combustíveis MAM LTDA,cnpj,10702904000112,510947.0,247.61,,,2026-08-11T18:09:30
2023,2023-09,2023-09-13,Deputado Joaquim Roriz Neto,JOAQUIM RORIZ NETO,Comercial de Combustíveis MAM LTDA,cnpj,10702904000112,511192.0,177.44,,,2026-08-11T18:09:30
2023,2023-09,2023-09-15,Deputado Joaquim Roriz Neto,JOAQUIM RORIZ NETO,Park Bandeira Comercio de Combustíveis,cnpj,15159119000189,232599.0,182.29,,,2026-08-11T18:09:30
2023,2023-09,2023-09-16,Deputado Joaquim Roriz Neto,JOAQUIM RORIZ NETO,Comercial de Combustíveis MAM LTDA,cnpj,10702904000112,511817.0,257.73,,,2026-08-11T18:09:30
2023,2023-09,2023-09-20,Deputado Joaquim Roriz Neto,JOAQUIM RORIZ NETO,Comercial de Combustíveis MAM LTDA,cnpj,10702904000112,512356.0,223.47,,,2026-08-11T18:09:30
2023,2023-09,2023-09-21,Deputado Joaquim Roriz Neto,JOAQUIM RORIZ NETO,Park Bandeira Comercio de Combustíveis,cnpj,15159119000189,233960.0,240.76,,,2026-08-11T18:09:30
2023,2023-09,2023-09-27,Deputado Joaquim Roriz Neto,JOAQUIM RORIZ NETO,Comercial de Combustíveis MAM LTDA,cnpj,10702904000112,513427.0,180.39,,,2026-08-11T18:09:30
2023,2023-09,2023-09-28,Deputado Joaquim Roriz Neto,JOAQUIM RORIZ NETO,Posto Monumental,cnpj_sem_zeros_a_esquerda,05454390000193,233619.0,249.71,,,2026-08-11T18:09:30
2023,2023-10,2023-10-02,Deputado Joaquim Roriz Neto,JOAQUIM RORIZ NETO,SUPREMA Locadora LTDA,cnpj,24894397000170,13.0,5500.00,,,2026-08-11T18:09:30
2023,2023-10,2023-10-03,Deputado Joaquim Roriz Neto,JOAQUIM RORIZ NETO,Comercial de Combustíveis MAM LTDA,cnpj,10702904000112,514401.0,211.56,,,2026-08-11T18:09:30
2023,2023-10,2023-10-04,Deputado Joaquim Roriz Neto,JOAQUIM RORIZ NETO,Comercial de Combustíveis MAM LTDA,cnpj,10702904000112,47925.0,190.93,,,2026-08-11T18:09:30
2023,2023-10,2023-10-04,Deputado Joaquim Roriz Neto,JOAQUIM RORIZ NETO,MONOM Monitoramento Digital,cnpj,48819584000158,41.0,2500.00,,,2026-08-11T18:09:30
2023,2023-10,2023-10-06,Deputado Joaquim Roriz Neto,JOAQUIM RORIZ NETO,Auto Posto Aeroporto LTDA,cnpj_sem_zeros_a_esquerda,08202116000115,548312.0,327.44,,,2026-08-11T18:09:30
2023,2023-10,2023-10-10,Deputado Joaquim Roriz Neto,JOAQUIM RORIZ NETO,Comercial de Combustíveis MAM LTDA,cnpj,10702904000112,515708.0,169.22,,,2026-08-11T18:09:30
2023,2023-10,2023-10-11,Deputado Joaquim Roriz Neto,JOAQUIM RORIZ NETO,Posto de Gasolina dos Anões,cnpj_sem_zeros_a_esquerda,00360990000179,186077.0,282.68,,,2026-08-11T18:09:30
2023,2023-10,2023-10-16,Deputado Joaquim Roriz Neto,JOAQUIM RORIZ NETO,Comercial de Combustíveis MAM LTDA,cnpj,10702904000112,516693.0,235.95,,,2026-08-11T18:09:30
2023,2023-10,2023-10-17,Deputado Joaquim Roriz Neto,JOAQUIM RORIZ NETO,Comercial de Combustíveis MAM LTDA,cnpj,10702904000112,516786.0,258.18,,,2026-08-11T18:09:30
2023,2023-10,2023-10-18,Deputado Joaquim Roriz Neto,JOAQUIM RORIZ NETO,Auto Posto Cinco Estrelas LTDA,cnpj_sem_zeros_a_esquerda,00692418002070,455368.0,230.08,,,2026-08-11T18:09:30
2023,2023-10,2023-10-23,Deputado Joaquim Roriz Neto,JOAQUIM RORIZ NETO,Comercial de Combustíveis MAM LTDA,cnpj,10702904000112,517557.0,193.51,,,2026-08-11T18:09:30
2023,2023-10,2023-10-27,Deputado Joaquim Roriz Neto,JOAQUIM RORIZ NETO,ELEGIS Gestão Estrategica Consultoria e Tecnologia LTDA,cnpj,28067410000179,656.0,649.00,,,2026-08-11T18:09:30
2023,2023-10,2023-10-28,Deputado Joaquim Roriz Neto,JOAQUIM RORIZ NETO,Comercial de Combustíveis MAM LTDA,cnpj,10702904000112,518588.0,232.08,,,2026-08-11T18:09:30
2023,2023-10,2023-10-30,Deputado Joaquim Roriz Neto,JOAQUIM RORIZ NETO,Comercial de Combustíveis MAM LTDA,cnpj,10702904000112,518899.0,208.61,,,2026-08-11T18:09:30
2023,2023-10,2023-10-31,Deputado Joaquim Roriz Neto,JOAQUIM RORIZ NETO,Auto Posto Cinco Estrelas LTDA,cnpj_sem_zeros_a_esquerda,00692418002070,425540.0,186.36,,,2026-08-11T18:09:30
2023,2023-11,2023-11-01,Deputado Joaquim Roriz Neto,JOAQUIM RORIZ NETO,MONOM Monitoramento Digital,cnpj,48819584000158,46.0,2500.00,,,2026-08-11T18:09:30
2023,2023-11,2023-11-01,Deputado Joaquim Roriz Neto,JOAQUIM RORIZ NETO,SUPREMA Locadora LTDA,cnpj,24894397000170,13.0,5500.00,,,2026-08-11T18:09:30
2023,2023-11,2023-11-02,Deputado Joaquim Roriz Neto,JOAQUIM RORIZ NETO,Facebook,cnpj,13347016000117,72957098.0,1499.99,,,2026-08-11T18:09:30
2023,2023-11,2023-11-03,CHICO VIGILANTE,CHICO VIGILANTE,Neoenergia,cnpj_sem_zeros_a_esquerda,07522669000192,22255.0,42.89,,Locação e manutenção imóvel,2026-08-11T18:09:30
2023,2023-11,2023-11-06,CHICO VIGILANTE,CHICO VIGILANTE,CAESB,cnpj_sem_zeros_a_esquerda,00082024000137,59861.0,48.62,,Locação e manutenção imóvel,2026-08-11T18:09:30
2023,2023-08,2023-08-28,Chico Vigilante,CHICO VIGILANTE,A&C serviços gráficos Ltda - ME Dallas Gráfica,cnpj_sem_zeros_a_esquerda,05581622000174,61 Cheque BRB n.º 700362,6280.00,,Divulção parlamentar,2026-08-11T18:09:30
2023,2023-01,2023-01-02,Deputado Joaquim Roriz Neto,JOAQUIM RORIZ NETO,MONOM Monitoramento Digital LTDA,cnpj,48819584000158,58.0,2500.00,Monitoramento Digital,,2026-08-11T18:09:30
2023,2023-01,2023-01-02,Deputado Joaquim Roriz Neto,JOAQUIM RORIZ NETO,SUPREMA Mobilidade LTDA,cnpj,24894397000170,136.0,5500.00,Locação de Veículos,,2026-08-11T18:09:30
2023,2023-07,2023-07-04,Deputado Joaquim Roriz Neto,JOAQUIM RORIZ NETO,Comercial de Combustíveis MAM LTDA,cnpj,10702904000112,500851.0,205.31,Combustíveis e Lubrificantes,,2026-08-11T18:09:30
2023,2023-07,2023-07-07,Deputado Joaquim Roriz Neto,JOAQUIM RORIZ NETO,CASCOL Combustíveis,cnpj_sem_zeros_a_esquerda,00306597009234,884606.0,163.16,Combustíveis e Lubrificantes,,2026-08-11T18:09:30
2023,2023-07,2023-07-10,Deputado Joaquim Roriz Neto,JOAQUIM RORIZ NETO,Comercial de Combustíveis MAM LTDA,cnpj,10702904000112,501910.0,236.85,Combustíveis e Lubrificantes,,2026-08-11T18:09:30
2023,2023-07,2023-07-18,Deputado Joaquim Roriz Neto,JOAQUIM RORIZ NETO,Comercial de Combustíveis MAM LTDA,cnpj,10702904000112,503118.0,118.36,Combustíveis e Lubrificantes,,2026-08-11T18:09:30
2023,2023-07,2023-07-19,Deputado Joaquim Roriz Neto,JOAQUIM RORIZ NETO,Comercial de Combustíveis MAM LTDA,cnpj,10702904000112,503172.0,182.20,Combustíveis e Lubrificantes,,2026-08-11T18:09:30
2023,2023-07,2023-07-28,Deputado Joaquim Roriz Neto,JOAQUIM RORIZ NETO,Posto Rodobelo,cnpj_sem_zeros_a_esquerda,01559338000140,77248.0,189.84,Combustíveis e Lubrificantes,,2026-08-11T18:09:30
2023,2023-07,2023-07-31,Deputado Joaquim Roriz Neto,JOAQUIM RORIZ NETO,Posto Z+Z 304 Sul LTDA,cnpj,18055554000151,962824.0,217.18,Combustíveis e Lubrificantes,,2026-08-11T18:09:30
2023,2023-08,2023-08-01,Deputado Joaquim Roriz Neto,JOAQUIM RORIZ NETO,MONON Monitoramento Digital,cnpj,24894397000170,29.0,2500.00,Monitoramento Digital,,2026-08-11T18:09:30
2023,2023-08,2023-08-01,Deputado Joaquim Roriz Neto,JOAQUIM RORIZ NETO,SUPREMA Locadora LTDA,cnpj,48819584000158,341.0,5500.00,Locação de Veículos,,2026-08-11T18:09:30
2023,2023-08,2023-08-02,Deputado Joaquim Roriz Neto,JOAQUIM RORIZ NETO,FACEBOOK,cnpj,13347016000117,66867017.0,1600.00,Serviços Online,,2026-08-11T18:09:30
2023,2023-08,2023-08-03,Deputado Joaquim Roriz Neto,JOAQUIM RORIZ NETO,Comercial de Combustíveis MAM LTDA,cnpj,10702904000112,505718.0,91.18,Combustíveis e Lubrificantes,,2026-08-11T18:09:30
2023,2023-08,2023-08-04,Deputado Joaquim Roriz Neto,JOAQUIM RORIZ NETO,Park Bandeira Comercio de Combustíveis,cnpj,15159119000189,224011.0,224.66,Combustíveis e Lubrificantes,,2026-08-11T18:09:30
2023,2023-08,2023-08-07,Deputado Joaquim Roriz Neto,JOAQUIM RORIZ NETO,Comercial de Combustíveis MAM LTDA,cnpj,10702904000112,506303.0,245.63,Combustíveis e Lubrificantes,,2026-08-11T18:09:30
2023,2023-08,2023-08-10,Deputado Joaquim Roriz Neto,JOAQUIM RORIZ NETO,CASCOL Combustíveis LTDA,cnpj_sem_zeros_a_esquerda,00306597009234,90004.0,186.05,Combustíveis e Lubrificantes,,2026-08-11T18:09:30
2023,2023-08,2023-08-11,Deputado Joaquim Roriz Neto,JOAQUIM RORIZ NETO,Guarapari CASCOL Combustíveis,cnpj_sem_zeros_a_esquerda,00306597009234,900518.0,84.01,Combustíveis e Lubrificantes,,2026-08-11T18:09:30
2023,2023-08,2023-08-14,Deputado Joaquim Roriz Neto,JOAQUIM RORIZ NETO,Comercial de Combustíveis MAM LTDA,cnpj,10702904000112,507099.0,241.63,Combustíveis e Lubrificantes,,2026-08-11T18:09:30
2023,2023-08,2023-08-15,Deputado Joaquim Roriz Neto,JOAQUIM RORIZ NETO,Posto Monumental,cnpj_sem_zeros_a_esquerda,05454390000193,213464.0,210.07,Combustíveis e Lubrificantes,,2026-08-11T18:09:30
2023,2023-08,2023-08-21,Deputado Joaquim Roriz Neto,JOAQUIM RORIZ NETO,Comercial de Combustíveis MAM LTDA,cnpj,10702904000112,507739.0,232.94,Combustíveis e Lubrificantes,,2026-08-11T18:09:30
2023,2023-08,2023-08-21,Deputado Joaquim Roriz Neto,JOAQUIM RORIZ NETO,Comercial de Combustíveis MAM LTDA,cnpj,10702904000112,507757.0,246.05,Combustíveis e Lubrificantes,,2026-08-11T18:09:30
2023,2023-08,2023-08-24,Deputado Joaquim Roriz Neto,JOAQUIM RORIZ NETO,Posto Monumental,cnpj_sem_zeros_a_esquerda,05454390000193,217508.0,229.59,Combustíveis e Lubrificantes,,2026-08-11T18:09:30
2023,2023-08,2023-08-29,Deputado Joaquim Roriz Neto,JOAQUIM RORIZ NETO,Comercial de Combustíveis MAM LTDA,cnpj,10702904000112,508791.0,166.27,Combustíveis e Lubrificantes,,2026-08-11T18:09:30
2023,2023-08,2023-08-30,Deputado Joaquim Roriz Neto,JOAQUIM RORIZ NETO,Comercial de Combustíveis MAM LTDA,cnpj,10702904000112,508962.0,177.93,Combustíveis e Lubrificantes,,2026-08-11T18:09:30
2023,2023-09,2023-09-01,Deputado Joaquim Roriz Neto,JOAQUIM RORIZ NETO,Comercial de Combustíveis MAM LTDA,cnpj,10702904000112,509274.0,111.86,Combustíveis e Lubrificantes,,2026-08-11T18:09:30
2023,2023-09,2023-09-01,Deputado Joaquim Roriz Neto,JOAQUIM RORIZ NETO,SUPREMA Locadora LTDA,cnpj,24894397000170,430.0,5500.00,Locação de Veículos,,2026-08-11T18:09:30
2023,2023-09,2023-09-02,Deputado Joaquim Roriz Neto,JOAQUIM RORIZ NETO,Auto Posto Ribeiro LTDA,cnpj_sem_zeros_a_esquerda,04814024000135,1175938.0,226.44,Combustíveis e Lubrificantes,,2026-08-11T18:09:30
2023,2023-09,2023-09-02,Deputado Joaquim Roriz Neto,JOAQUIM RORIZ NETO,FACEBOOK,cnpj,13347016000117,69403757.0,1700.00,Serviços Online,,2026-08-11T18:09:30
2023,2023-09,2023-09-04,Deputado Joaquim Roriz Neto,JOAQUIM RORIZ NETO,MONOM Monitoramento Digital,cnpj,48819584000158,37.0,2500.00,Monitoramento Digital,,2026-08-11T18:09:30
2023,2023-09,2023-09-05,Deputado Joaquim Roriz Neto,JOAQUIM RORIZ NETO,Comercial de Combustíveis MAM LTDA,cnpj,10702904000112,509896.0,180.48,Combustíveis e Lubrificantes,,2026-08-11T18:09:30
2023,2023-09,2023-09-11,Deputado Joaquim Roriz Neto,JOAQUIM RORIZ NETO,Comercial de Combustíveis MAM LTDA,cnpj,10702904000112,510947.0,247.61,Combustíveis e Lubrificantes,,2026-08-11T18:09:30
2023,2023-09,2023-09-13,Deputado Joaquim Roriz Neto,JOAQUIM RORIZ NETO,Comercial de Combustíveis MAM LTDA,cnpj,10702904000112,511192.0,177.44,Combustíveis e Lubrificantes,,2026-08-11T18:09:30
2023,2023-09,2023-09-15,Deputado Joaquim Roriz Neto,JOAQUIM RORIZ NETO,Park Bandeira Comercio de Combustíveis,cnpj,15159119000189,232599.0,182.29,Combustíveis e Lubrificantes,,2026-08-11T18:09:30
2023,2023-09,2023-09-16,Deputado Joaquim Roriz Neto,JOAQUIM RORIZ NETO,Comercial de Combustíveis MAM LTDA,cnpj,10702904000112,511817.0,257.73,Combustíveis e Lubrificantes,,2026-08-11T18:09:30
2023,2023-09,2023-09-20,Deputado Joaquim Roriz Neto,JOAQUIM RORIZ NETO,Comercial de Combustíveis MAM LTDA,cnpj,10702904000112,512356.0,223.47,Combustíveis e Lubrificantes,,2026-08-11T18:09:30
2023,2023-09,2023-09-21,Deputado Joaquim Roriz Neto,JOAQUIM RORIZ NETO,Park Bandeira Comercio de Combustíveis,cnpj,15159119000189,233960.0,240.76,Combustíveis e Lubrificantes,,2026-08-11T18:09:30
2023,2023-09,2023-09-27,Deputado Joaquim Roriz Neto,JOAQUIM RORIZ NETO,Comercial de Combustíveis MAM LTDA,cnpj,10702904000112,513427.0,180.39,Combustíveis e Lubrificantes,,2026-08-11T18:09:30
2023,2023-09,2023-09-28,Deputado Joaquim Roriz Neto,JOAQUIM RORIZ NETO,Posto Monumental,cnpj_sem_zeros_a_esquerda,05454390000193,233619.0,249.71,Combustíveis e Lubrificantes,,2026-08-11T18:09:30
2023,2023-10,2023-10-02,Deputado Joaquim Roriz Neto,JOAQUIM RORIZ NETO,SUPREMA Locadora LTDA,cnpj,24894397000170,13.0,5500.00,Locação de Veículos,,2026-08-11T18:09:30
2023,2023-10,2023-10-03,Deputado Joaquim Roriz Neto,JOAQUIM RORIZ NETO,Comercial de Combustíveis MAM LTDA,cnpj,10702904000112,514401.0,211.56,Combustíveis e Lubrificantes,,2026-08-11T18:09:30
2023,2023-10,2023-10-04,Deputado Joaquim Roriz Neto,JOAQUIM RORIZ NETO,Comercial de Combustíveis MAM LTDA,cnpj,10702904000112,47925.0,190.93,Combustíveis e Lubrificantes,,2026-08-11T18:09:30
2023,2023-10,2023-10-04,Deputado Joaquim Roriz Neto,JOAQUIM RORIZ NETO,MONOM Monitoramento Digital,cnpj,48819584000158,41.0,2500.00,Monitoramento Digital,,2026-08-11T18:09:30
2023,2023-10,2023-10-06,Deputado Joaquim Roriz Neto,JOAQUIM RORIZ NETO,Auto Posto Aeroporto LTDA,cnpj_sem_zeros_a_esquerda,08202116000115,548312.0,327.44,Combustíveis e Lubrificantes,,2026-08-11T18:09:30
2023,2023-10,2023-10-10,Deputado Joaquim Roriz Neto,JOAQUIM RORIZ NETO,Comercial de Combustíveis MAM LTDA,cnpj,10702904000112,515708.0,169.22,Combustíveis e Lubrificantes,,2026-08-11T18:09:30
2023,2023-10,2023-10-11,Deputado Joaquim Roriz Neto,JOAQUIM RORIZ NETO,Posto de Gasolina dos Anões,cnpj_sem_zeros_a_esquerda,00360990000179,186077.0,282.68,Combustíveis e Lubrificantes,,2026-08-11T18:09:30
2023,2023-10,2023-10-16,Deputado Joaquim Roriz Neto,JOAQUIM RORIZ NETO,Comercial de Combustíveis MAM LTDA,cnpj,10702904000112,516693.0,235.95,Combustíveis e Lubrificantes,,2026-08-11T18:09:30
2023,2023-10,2023-10-17,Deputado Joaquim Roriz Neto,JOAQUIM RORIZ NETO,Comercial de Combustíveis MAM LTDA,cnpj,10702904000112,516786.0,258.18,Combustíveis e Lubrificantes,,2026-08-11T18:09:30
2023,2023-10,2023-10-18,Deputado Joaquim Roriz Neto,JOAQUIM RORIZ NETO,Auto Posto Cinco Estrelas LTDA,cnpj_sem_zeros_a_esquerda,00692418002070,455368.0,230.08,Combustíveis e Lubrificantes,,2026-08-11T18:09:30
2023,2023-10,2023-10-23,Deputado Joaquim Roriz Neto,JOAQUIM RORIZ NETO,Comercial de Combustíveis MAM LTDA,cnpj,10702904000112,517557.0,193.51,Combustíveis e Lubrificantes,,2026-08-11T18:09:30
2023,2023-10,2023-10-28,Deputado Joaquim Roriz Neto,JOAQUIM RORIZ NETO,Comercial de Combustíveis MAM LTDA,cnpj,10702904000112,518588.0,232.08,Combustíveis e Lubrificantes,,2026-08-11T18:09:30
2023,2023-10,2023-10-30,Deputado Joaquim Roriz Neto,JOAQUIM RORIZ NETO,Comercial de Combustíveis MAM LTDA,cnpj,10702904000112,518899.0,208.61,Combustíveis e Lubrificantes,,2026-08-11T18:09:30
2023,2023-10,2023-10-31,Deputado Joaquim Roriz Neto,JOAQUIM RORIZ NETO,Auto Posto Cinco Estrelas LTDA,cnpj_sem_zeros_a_esquerda,00692418002070,425540.0,186.36,Combustíveis e Lubrificantes,,2026-08-11T18:09:30
2023,2023-11,2023-11-01,Deputado Joaquim Roriz Neto,JOAQUIM RORIZ NETO,MONOM Monitoramento Digital,cnpj,48819584000158,46.0,2500.00,Monitoramento Digital,,2026-08-11T18:09:30
2023,2023-11,2023-11-01,Deputado Joaquim Roriz Neto,JOAQUIM RORIZ NETO,SUPREMA Locadora LTDA,cnpj,24894397000170,13.0,5500.00,Locação de Veículos,,2026-08-11T18:09:30
2023,2023-11,2023-11-02,Deputado Joaquim Roriz Neto,JOAQUIM RORIZ NETO,Facebook,cnpj,13347016000117,72957098.0,1499.99,Serviços Online,,2026-08-11T18:09:30
2023,2023-11,2023-11-06,Deputado Joaquim Roriz Neto,JOAQUIM RORIZ NETO,QNL Posto de Combustível LTDA,vazio,,203754.0,256.44,Combustíveis e Lubrificantes,,2026-08-11T18:09:30
2023,2023-11,2023-11-07,Deputado Joaquim Roriz Neto,JOAQUIM RORIZ NETO,Comercial de Combustíveis MAM LTDA,cnpj,10702904000112,520772.0,220.08,Combustíveis e Lubrificantes,,2026-08-11T18:09:30
2023,2023-11,2023-11-09,Deputado Joaquim Roriz Neto,JOAQUIM RORIZ NETO,Posto Monumental,cnpj_sem_zeros_a_esquerda,05454390000193,251510.0,239.67,Combustíveis e Lubrificantes,,2026-08-11T18:09:30
2023,2023-11,2023-11-16,Deputado Joaquim Roriz Neto,JOAQUIM RORIZ NETO,Posto Monumental,cnpj_sem_zeros_a_esquerda,05454390000193,254220.0,240.09,Combustíveis e Lubrificantes,,2026-08-11T18:09:30
2023,2023-11,2023-11-20,Deputado Joaquim Roriz Neto,JOAQUIM RORIZ NETO,Posto de Gasolina dos Anões,nao_e_registro,,187148.0,261.93,Combustíveis e Lubrificantes,,2026-08-11T18:09:30
2023,2023-11,2023-11-21,Deputado Joaquim Roriz Neto,JOAQUIM RORIZ NETO,Comercial de Combustíveis MAM LTDA,cnpj,10702904000112,524936.0,50.00,Combustíveis e Lubrificantes,,2026-08-11T18:09:30
2023,2023-11,2023-11-22,Deputado Joaquim Roriz Neto,JOAQUIM RORIZ NETO,Auto Posto Cinco Estrelas LTDA,cnpj_sem_zeros_a_esquerda,00692418002070,493354.0,100.00,Combustíveis e Lubrificantes,,2026-08-11T18:09:30
2023,2023-11,2023-11-22,Deputado Joaquim Roriz Neto,JOAQUIM RORIZ NETO,Comercial de Combustíveis MAM LTDA,cnpj,10702904000112,525311.0,170.66,Combustíveis e Lubrificantes,,2026-08-11T18:09:30
2023,2023-11,2023-11-28,Deputado Joaquim Roriz Neto,JOAQUIM RORIZ NETO,ELEGIS Gestão Estrategica Consultoria e Tecnologia LTDA,cnpj,28067410000179,696.0,649.00,Locação de Veículos,,2026-08-11T18:09:30
2023,2023-11,2023-11-28,Deputado Joaquim Roriz Neto,JOAQUIM RORIZ NETO,Park Bandeira Comercio Combustíveis LTDA,cnpj,15159119000189,249110.0,249.24,Combustíveis e Lubrificantes,,2026-08-11T18:09:30
2023,2023-11,2023-11-29,Deputado Joaquim Roriz Neto,JOAQUIM RORIZ NETO,Comercial de Combustíveis MAM LTDA,cnpj,10702904000112,55819.0,152.73,Combustíveis e Lubrificantes,,2026-08-11T18:09:30
2023,2023-11,2023-11-29,Deputado Joaquim Roriz Neto,JOAQUIM RORIZ NETO,JAGUAR Cascol Cobustíveis LTDA,cnpj_sem_zeros_a_esquerda,00306597008181,482449.0,228.88,Combustíveis e Lubrificantes,,2026-08-11T18:09:30
2023,2023-12,2023-12-01,Deputado Joaquim Roriz Neto,JOAQUIM RORIZ NETO,MONOM Monitoramento Digital LTDA,cnpj_sem_zeros_a_esquerda,06990590000123,57.0,2500.00,,,2026-08-11T18:09:30
2023,2023-12,2023-12-02,Deputado Joaquim Roriz Neto,JOAQUIM RORIZ NETO,Facebook,cnpj,13347016000117,74331853.0,300.00,Combustíveis e Lubrificantes,,2026-08-11T18:09:30
2023,2023-12,2023-12-02,Deputado Joaquim Roriz Neto,JOAQUIM RORIZ NETO,Google,vazio,,25269853.0,799.99,Serviços Online,,2026-08-11T18:09:30
2023,2023-12,2023-12-04,Deputado Joaquim Roriz Neto,JOAQUIM RORIZ NETO,SUPREMA Mobilidade LTDA,cnpj,24894397000170,105.0,5500.00,Serviços Online,,2026-08-11T18:09:30
2023,2023-12,2023-12-06,Deputado Joaquim Roriz Neto,JOAQUIM RORIZ NETO,Park Bandeira Comercio Combustíveis LTDA,cnpj,15159119000189,250843.0,213.15,Combustíveis e Lubrificantes,,2026-08-11T18:09:30
2023,2023-12,2023-12-07,Deputado Joaquim Roriz Neto,JOAQUIM RORIZ NETO,Comercial de Combustíveis MAM LTDA,cnpj,10702904000112,64234.0,260.16,Combustíveis e Lubrificantes,,2026-08-11T18:09:30
2023,2023-12,2023-12-13,Deputado Joaquim Roriz Neto,JOAQUIM RORIZ NETO,Auto Posto Cinco Estrelas LTDA,cnpj_sem_zeros_a_esquerda,00692418002070,509368.0,126.24,Combustíveis e Lubrificantes,,2026-08-11T18:09:30
2023,2023-12,2023-12-13,Deputado Joaquim Roriz Neto,JOAQUIM RORIZ NETO,Cascol Cobustíveis LTDA,cnpj_sem_zeros_a_esquerda,00306597002574,365026.0,230.99,Combustíveis e Lubrificantes,,2026-08-11T18:09:30
2023,2023-12,2023-12-13,Deputado Joaquim Roriz Neto,JOAQUIM RORIZ NETO,Comercial de Combustíveis MAM LTDA,cnpj,10702904000112,57769.0,216.55,Combustíveis e Lubrificantes,,2026-08-11T18:09:30
2023,2023-12,2023-12-14,Deputado Joaquim Roriz Neto,JOAQUIM RORIZ NETO,ELEGIS Gestão Estrategica Consultoria e Tecnologia LTDA,cnpj,28067410000179,733.0,649.00,,,2026-08-11T18:09:30
2023,2023-12,2023-12-24,Deputado Joaquim Roriz Neto,JOAQUIM RORIZ NETO,Auto Posto Cinco Estrelas LTDA,cnpj_sem_zeros_a_esquerda,00692418002070,520861.0,237.16,Combustíveis e Lubrificantes,,2026-08-11T18:09:30
2023,2023-12,2023-12-28,Deputado Joaquim Roriz Neto,JOAQUIM RORIZ NETO,Park Bandeira Comercio Combustíveis LTDA,cnpj,15159119000189,256050.0,249.53,Combustíveis e Lubrificantes,,2026-08-11T18:09:30
2023,2024-01,2024-01-02,Deputado Joaquim Roriz Neto,JOAQUIM RORIZ NETO,Facebook,cnpj,13347016000117,76781384.0,1700.00,Serviços Online,,2026-08-11T18:09:30
2023,2024-11,2024-11-13,Deputado Joaquim Roriz Neto,JOAQUIM RORIZ NETO,Comercial de Combustíveis MAM LTDA,cnpj,10702904000112,56178.0,246.05,Combustíveis e Lubrificantes,,2026-08-11T18:09:30
2023,2024-11,2024-11-14,Deputado Joaquim Roriz Neto,JOAQUIM RORIZ NETO,Comercial de Combustíveis MAM LTDA,cnpj,10702904000112,61440.0,194.00,Combustíveis e Lubrificantes,,2026-08-11T18:09:30
2023,2023-11,2023-11-01,FÁBIO FELIX SILVEIRA,FABIO FELIX,VIVO,vazio,,,120.00,INTERNET,,2026-08-11T18:09:30
2023,2023-11,2023-11-23,FÁBIO FELIX SILVEIRA,FABIO FELIX,AGUIAR DE VASCONCELOS,cnpj_sem_zeros_a_esquerda,00656967000126,,3800.00,LOCAÇÃO DE IMOVEIS,,2026-08-11T18:09:30
2023,2023-11,2023-11-23,FÁBIO FELIX SILVEIRA,FABIO FELIX,CAESB,vazio,,,50.54,CAESB,,2026-08-11T18:09:30
2023,2023-11,2023-11-23,FÁBIO FELIX SILVEIRA,FABIO FELIX,NEOENERGIA,vazio,,,90.60,ENERGIA,,2026-08-11T18:09:30
2023,2023-11,2023-11-23,FÁBIO FELIX SILVEIRA,FABIO FELIX,PRÓ SÍNDICO,vazio,,,890.41,Condomínio,,2026-08-11T18:09:30
2023,2023-12,2023-12-01,FÁBIO FELIX SILVEIRA,FABIO FELIX,INVESTCAR VEÍCULOS LTDA,cnpj_sem_zeros_a_esquerda,01615224000170,NF,2700.00,LOCAÇÃO DE VEICULOS,,2026-08-11T18:09:30
2023,2023-12,2023-12-21,FÁBIO FELIX SILVEIRA,FABIO FELIX,CAESB,vazio,,4251-1,49.66,CAESB,,2026-08-11T18:09:30
2023,2023-12,2023-12-21,FÁBIO FELIX SILVEIRA,FABIO FELIX,NEOENERGIA,vazio,,NF 000079414686,97.31,ENERGIA,,2026-08-11T18:09:30
2023,2023-12,2023-12-28,FÁBIO FELIX SILVEIRA,FABIO FELIX,VIVO,vazio,,1342675047.0,120.00,INTERNET,,2026-08-11T18:09:30
2023,2023-12,2023-12-28,FÁBIO FELIX SILVEIRA,FABIO FELIX,AGUIAR DE VASCONCELOS,cnpj_sem_zeros_a_esquerda,00656967000126,N. DOC 1460178,3800.00,LOCAÇÃO DE IMOVEIS,,2026-08-11T18:09:30
2023,2023-12,2023-12-28,FÁBIO FELIX SILVEIRA,FABIO FELIX,PRÓ SÍNDICO,vazio,,2147483647.0,739.00,Condomínio,,2026-08-11T18:09:30
2023,2024-01,2024-01-02,FÁBIO FELIX SILVEIRA,FABIO FELIX,INVESTCAR VEÍCULOS LTDA,cnpj_sem_zeros_a_esquerda,01615224000170,NF 245,2700.00,LOCAÇÃO DE VEICULOS,,2026-08-11T18:09:30
2023,2023-10,2023-10-03,Deputado Gabriel Magno,GABRIEL MAGNO,Condomínio Out-2023,cnpj_sem_zeros_a_esquerda,00719211000189,S nº,433.81,Locação e manutenção de Bens imóveis,,2026-08-11T18:09:30
2023,2023-10,2023-10-25,Deputado Gabriel Magno,GABRIEL MAGNO,Germano Comunicações LTDA,cnpj_sem_zeros_a_esquerda,07557633000144,31.0,8350.00,Divulgação de atividade Parlamentar,,2026-08-11T18:09:30
2023,2023-11,2023-11-06,Deputado Gabriel Magno,GABRIEL MAGNO,Condomínio Mar-2023,cnpj_sem_zeros_a_esquerda,00719211000189,S nº,433.81,Locação e manutenção de Bens imóveis,,2026-08-11T18:09:30
2023,2023-11,2023-11-06,Deputado Gabriel Magno,GABRIEL MAGNO,Flex Comércio de Serviços,cnpj,26742415000124,1473.0,194.90,Locação e manutenção de Bens imóveis,,2026-08-11T18:09:30
2023,2023-11,2023-11-25,Deputado Gabriel Magno,GABRIEL MAGNO,Aluguel de Escritório- Apoio atividade Parlamentar,vazio,,S nº,1200.00,Locação e manutenção de Bens imóveis,,2026-08-11T18:09:30
2023,2023-11,2023-11-27,Deputado Gabriel Magno,GABRIEL MAGNO,Germano Comunicações LTDA,cnpj_sem_zeros_a_esquerda,07557633000144,34.0,8350.00,Divulgação de atividade Parlamentar,,2026-08-11T18:09:30
2023,2023-12,2023-12-05,Deputado Gabriel Magno,GABRIEL MAGNO,Condomínio Dez-2023,cnpj_sem_zeros_a_esquerda,00719211000189,S nº,433.81,Locação e manutenção de Bens imóveis,,2026-08-11T18:09:30
2023,2023-12,2023-12-18,Deputado Gabriel Magno,GABRIEL MAGNO,Flex Comércio de Serviços,cnpj,26742415000124,1473.0,194.90,Locação e manutenção de Bens imóveis,,2026-08-11T18:09:30
2023,2023-12,2023-12-26,Deputado Gabriel Magno,GABRIEL MAGNO,Aluguel de Escritório- Apoio atividade Parlamentar,vazio,,S nº,1200.00,Locação e manutenção de Bens imóveis,,2026-08-11T18:09:30
2023,2023-12,2023-12-26,Deputado Gabriel Magno,GABRIEL MAGNO,Germano Comunicações LTDA,cnpj_sem_zeros_a_esquerda,07557633000144,38.0,8350.00,Divulgação de atividade Parlamentar,,2026-08-11T18:09:30
2023,2023-10,2023-10-25,Deputado Gabriel Magno,GABRIEL MAGNO,Tarifa de Energia,cnpj_sem_zeros_a_esquerda,07522669000192,S nº,168.12,Locação e manutenção de Bens imóveis,,2026-08-11T18:09:30
2023,2023-11,2023-11-09,Deputado Gabriel Magno,GABRIEL MAGNO,Abastecimento 02,nao_e_registro,,345628.0,199.13,Combustíveis e Lubrificantes,,2026-08-11T18:09:30
2023,2023-11,2023-11-23,Deputado Gabriel Magno,GABRIEL MAGNO,Tarifa de água,cnpj_sem_zeros_a_esquerda,00082024000137,S nº,205.25,Locação e manutenção de Bens imóveis,,2026-08-11T18:09:30
2023,2023-12,2023-12-16,Deputado Gabriel Magno,GABRIEL MAGNO,Abastecimento 02,cnpj_sem_zeros_a_esquerda,00306597008696,663201.0,240.94,Combustíveis e Lubrificantes,,2026-08-11T18:09:30
2023,2023-12,2023-12-22,Deputado Gabriel Magno,GABRIEL MAGNO,Tarifa de água,cnpj_sem_zeros_a_esquerda,00082024000137,S nº,205.25,Locação e manutenção de Bens imóveis,,2026-08-11T18:09:30
2023,2023-10,2023-10-16,Deputado Gabriel Magno,GABRIEL MAGNO,IPTU COTA 06,vazio,,S nº,265.31,Locação e manutenção de Bens imóveis,,2026-08-11T18:09:30
2023,2023-11,2023-11-03,Deputado Gabriel Magno,GABRIEL MAGNO,Abastecimento 01,cnpj,11948180000235,72025.0,230.60,Combustíveis e Lubrificantes,,2026-08-11T18:09:30
2023,2023-11,2023-11-15,Deputado Gabriel Magno,GABRIEL MAGNO,Abastecimento 03,cnpj_sem_zeros_a_esquerda,00306597009668,1706979.0,229.72,Combustíveis e Lubrificantes,,2026-08-11T18:09:30
2023,2023-12,2023-12-06,Deputado Gabriel Magno,GABRIEL MAGNO,Abastecimento 01,cnpj_sem_zeros_a_esquerda,00306597002574,360631.0,240.53,Combustíveis e Lubrificantes,,2026-08-11T18:09:30
2023,2023-12,2023-12-10,Deputado Gabriel Magno,GABRIEL MAGNO,Abastecimento 03,cnpj,12093145000163,659656.0,232.55,Combustíveis e Lubrificantes,,2026-08-11T18:09:30
2023,2023-11,2023-11-21,Deputado Gabriel Magno,GABRIEL MAGNO,Abastecimento 04,cnpj_sem_zeros_a_esquerda,00692418000611,384438.0,201.20,Combustíveis e Lubrificantes,,2026-08-11T18:09:30
2023,2023-12,2023-12-28,Deputado Gabriel Magno,GABRIEL MAGNO,Marcos Rogério & Moreth,cnpj,37024199000106,116.0,3500.00,Assessoria / Consultoria Jurídica,,2026-08-11T18:09:30
2023,2023-11,2023-11-28,Deputado Gabriel Magno,GABRIEL MAGNO,Abastecimento 05,cnpj_sem_zeros_a_esquerda,04473193000159,664685.0,235.31,Combustíveis e Lubrificantes,,2026-08-11T18:09:30
2023,2023-12,2023-12-22,Deputado Gabriel Magno,GABRIEL MAGNO,Tarifa de Enérgia,cnpj_sem_zeros_a_esquerda,07522669000192,S nº,288.88,Locação e manutenção de Bens imóveis,,2026-08-11T18:09:30
2023,2023-11,2023-11-03,CHICO VIGILANTE,CHICO VIGILANTE,Neoenergia,cnpj_sem_zeros_a_esquerda,07522669000192,22255.0,42.89,Locação e manutenção imóvel,Locação e manutenção imóvel,2026-08-11T18:09:30
2023,2023-11,2023-11-06,CHICO VIGILANTE,CHICO VIGILANTE,CAESB,cnpj_sem_zeros_a_esquerda,00082024000137,59861.0,48.62,Locação e manutenção imóvel,Locação e manutenção imóvel,2026-08-11T18:09:30
2023,2023-08,2023-08-28,Chico Vigilante,CHICO VIGILANTE,A&C serviços gráficos Ltda - ME Dallas Gráfica,cnpj_sem_zeros_a_esquerda,05581622000174,61 Cheque BRB n.º 700362,6280.00,Divulção parlamentar,Divulção parlamentar,2026-08-11T18:09:30
2023,2023-08,2023-08-31,Chico Vigilante,CHICO VIGILANTE,Jonathas Holanda Barbosa,vazio,,20 Cheque n.º 700361,3000.00,Divulção parlamentar,,2026-08-11T18:09:30
2023,2023-12,2023-12-02,Deputado Hermeto,HERMETO,Cascol Combustíveis,cnpj_sem_zeros_a_esquerda,00306597009234,950520.0,288.00,Combustíveis e lubrificantes,,2026-08-11T18:09:30
2023,2023-12,2023-12-06,Deputado Hermeto,HERMETO,Cascol Combustíveis,vazio,,431589.0,269.79,Combustíveis e lubrificantes,,2026-08-11T18:09:30
2023,2023-12,2023-12-08,Deputado Hermeto,HERMETO,Cascol Combustíveis,vazio,,953067.0,271.44,Combustíveis e lubrificantes,,2026-08-11T18:09:30
2023,2023-12,2023-12-12,Deputado Hermeto,HERMETO,Cascol Combustíveis,vazio,,954624.0,272.90,Combustíveis e lubrificantes,,2026-08-11T18:09:30
2023,2023-12,2023-12-14,Deputado Hermeto,HERMETO,Cascol Combustíveis,vazio,,955518.0,160.00,Combustíveis e lubrificantes,,2026-08-11T18:09:30
2023,2023-12,2023-12-15,Deputado Hermeto,HERMETO,Cascol Combustíveis,vazio,,955872.0,160.03,Combustíveis e lubrificantes,,2026-08-11T18:09:30
2023,2023-12,2023-12-16,Deputado Hermeto,HERMETO,Cascol Combustíveis,vazio,,956448.0,200.00,Combustíveis e lubrificantes,,2026-08-11T18:09:30
2023,2023-12,2023-12-18,Deputado Hermeto,HERMETO,Cascol Combustíveis,vazio,,276829.0,173.26,Combustíveis e lubrificantes,,2026-08-11T18:09:30
2023,2023-12,2023-12-21,Deputado Hermeto,HERMETO,Caesb,cpf_redigido,,,78.71,Locação e manutenção de imóveis,"Valor Glosado R$ 1,81",2026-08-11T18:09:30
2023,2023-12,2023-12-21,Deputado Hermeto,HERMETO,Felipe Olimpio,cnpj,30552304000122,6.0,4000.00,Divulgação de atividade parlamentar,,2026-08-11T18:09:30
2023,2023-12,2023-12-21,Deputado Hermeto,HERMETO,Noécia Martins de Godoi,cpf_redigido,,6.0,3500.00,Locação de Imóvel,,2026-08-11T18:09:30
2023,2023-12,2023-12-21,Deputado Hermeto,HERMETO,Suprema Veículo,cnpj,24894397000170,129.0,5500.00,Locação de veículos,,2026-08-11T18:09:30
2023,2023-12,2023-12-22,,,Cascol Combustíveis,vazio,,958492.0,276.25,Combustíveis e lubrificantes,,2026-08-11T18:09:30
2023,2023-12,2023-12-25,,,Cascol Combustíveis,vazio,,959424.0,276.65,Combustíveis e lubrificantes,,2026-08-11T18:09:30
2023,2023-12,2023-12-28,,,Cascol Combustíveis,vazio,,960243.0,78.64,Combustíveis e lubrificantes,,2026-08-11T18:09:30
2023,2023-12,2023-12-28,Deputado Hermeto,HERMETO,Claro,cnpj,40432544000147,,218.39,Locação e manutenção de imóveis,"Valor Glosado R$ 92,90",2026-08-11T18:09:30
2023,2023-12,2023-12-28,Deputado Hermeto,HERMETO,Neoenergia,cnpj_sem_zeros_a_esquerda,07522669000192,,520.73,Locação e manutenção de imóveis,"Valor Glosado R$ 9,38",2026-08-11T18:09:30
2023,2023-12,2023-12-31,,,Cascol Combustíveis,vazio,,961077.0,259.23,Combustíveis e lubrificantes,,2026-08-11T18:09:30
2023,2023-10,2023-10-30,Dep. PEPA,PEPA,GERMANO RUMTHUM FILHO,nao_e_registro,,1438934,4500.00,Divulgação A.P,,2026-08-11T18:09:30
2023,2023-10,2023-10-30,Dep. PEPA,PEPA,INSTITUTO DE GESTÃO E INTEGRAÇÃO AO MUNDO DO TRABALHO,cnpj,47708622000132,1438934,3000.00,Ass. Comunicação,,2026-08-11T18:09:30
2023,2023-10,2023-10-30,Dep. PEPA,PEPA,RICARDO VEICULOS LTDA.,cnpj_sem_zeros_a_esquerda,06259847000171,1438934,5500.00,Locação de veículo,,2026-08-11T18:09:30
2023,2023-10,2023-10-30,Dep. PEPA,PEPA,TRADICIONAL IMOBILIÁRIA EIRELI,cnpj,23312516000177,1438934,2100.00,Locação de imóvel,,2026-08-11T18:09:30
2023,2023-11,2023-11-06,Dep. PEPA,PEPA,JJS COMÉRCIO DE COMBUSTÍVEIS LTDA,cnpj_sem_zeros_a_esquerda,03469182000132,1438934,2600.00,combustível,,2026-08-11T18:09:30
2023,2023-11,2023-11-28,Dep. PEPA,PEPA,GERMANO RUMTHUM FILHO,nao_e_registro,,1472309,4500.00,Divulgação A.P,,2026-08-11T18:09:30
2023,2023-11,2023-11-28,Dep. PEPA,PEPA,INSTITUTO DE GESTÃO E INTEGRAÇÃO AO MUNDO DO TRABALHO,cnpj,47708622000132,1472309,3000.00,Ass. Comunicação,,2026-08-11T18:09:30
2023,2023-11,2023-11-28,Dep. PEPA,PEPA,RICARDO VEICULOS LTDA.,cnpj_sem_zeros_a_esquerda,06259847000171,1472309,5500.00,Locação de veículo,,2026-08-11T18:09:30
2023,2023-11,2023-11-28,Dep. PEPA,PEPA,TRADICIONAL IMOBILIÁRIA EIRELI,cnpj,23312516000177,1472309,2100.00,Locação de imóvel,,2026-08-11T18:09:30
2023,2023-12,2023-12-04,Dep. PEPA,PEPA,JJS COMÉRCIO DE COMBUSTÍVEIS LTDA,cnpj_sem_zeros_a_esquerda,03469182000132,1472309,2100.00,combustível,,2026-08-11T18:09:30
2023,2023-12,2023-12-21,Dep. PEPA,PEPA,GERMANO RUMTHUM FILHO,nao_e_registro,,1515608,4500.00,Divulgação A.P,,2026-08-11T18:09:30
2023,2023-12,2023-12-21,Dep. PEPA,PEPA,INSTITUTO DE GESTÃO E INTEGRAÇÃO AO MUNDO DO TRABALHO,cnpj,47708622000132,1515608,3000.00,Ass. Comunicação,,2026-08-11T18:09:30
2023,2023-12,2023-12-21,Dep. PEPA,PEPA,RICARDO VEICULOS LTDA.,cnpj_sem_zeros_a_esquerda,06259847000171,1515608,5500.00,Locação de veículo,,2026-08-11T18:09:30
2023,2023-12,2023-12-21,Dep. PEPA,PEPA,TRADICIONAL IMOBILIÁRIA EIRELI,cnpj,23312516000177,1515608,2100.00,Locação de imóvel,,2026-08-11T18:09:30
2023,2024-01,2024-01-09,Dep. PEPA,PEPA,JJS COMÉRCIO DE COMBUSTÍVEIS LTDA,cnpj_sem_zeros_a_esquerda,03469182000132,1515608,1500.00,combustível,,2026-08-11T18:09:30
2023,2023-12,2023-12-20,Deputada Paula Belmonte,PAULA BELMONTE,Viana de Oliveira Sociedade Individual de Advocacia,cnpj,41491336000181,1510160,4000.00,Assessoria/Consultoria Jurídica,,2026-08-11T18:09:30
2023,2023-12,2023-12-21,Deputada Paula Belmonte,PAULA BELMONTE,Grow Mídias Marketing Ltda,cnpj,35352795000181,1510157,3000.00,Divulgação de Atividade Parlamentar,,2026-08-11T18:09:30
2023,2024-01,2024-01-11,Deputada Paula Belmonte,PAULA BELMONTE,Suprema Mobilidade Ltda,cnpj,24894397000170,1510156,3500.00,Locação de Veículos,,2026-08-11T18:09:30
2023,2023-12,2023-12-08,Martins Machado,MARTINS MACHADO,Estação Sul,cnpj_sem_zeros_a_esquerda,06555245000161,9634,50.00,Combustíveis,,2026-08-11T18:09:30
2023,2023-12,2023-12-15,Martins Machado,MARTINS MACHADO,Posto NN 10,cnpj,11936605000105,109643,50.00,Combustíveis,,2026-08-11T18:09:30
2023,2023-12,2023-12-17,Martins Machado,MARTINS MACHADO,Posto Petrolino,cnpj_sem_zeros_a_esquerda,00005892000113,406114.0,60.00,Combustíveis,,2026-08-11T18:09:30
2023,2023-12,2023-12-19,Martins Machado,MARTINS MACHADO,Posto NN 10,cnpj,11936605000105,109776.0,50.00,Combustíveis,,2026-08-11T18:09:30
2023,2023-12,2023-12-20,Martins Machado,MARTINS MACHADO,Estação Sul,cnpj_sem_zeros_a_esquerda,06555245000161,618441.0,100.00,Combustíveis,,2026-08-11T18:09:30
2023,2023-12,2023-12-23,Martins Machado,MARTINS MACHADO,Posto NN 10,cnpj,11936605000105,109942.0,218.74,Combustíveis,,2026-08-11T18:09:30
2023,2023-12,2023-12-31,Martins Machado,MARTINS MACHADO,Auto Posto Andrade,cnpj,24046493000240,33509.0,245.00,Combustíveis,,2026-08-11T18:09:30
2023,2024-01,2024-01-02,Martins Machado,MARTINS MACHADO,Eldourado Frotas Ltda,cnpj,41685059000148,37,5990.00,Locação de Veículo,,2026-08-11T18:09:30
2023,2024-01,2024-01-05,Martins Machado,MARTINS MACHADO,Soily Braga - Sociedade Individual de Advocacia,cnpj,52385773000137,4,5500.00,Assessoria / Consultoria Jurídica,,2026-08-11T18:09:30
2023,2024-01,2024-01-05,Martins Machado,MARTINS MACHADO,Pro Video Locação e Eventos - LTDA ME,cnpj,13542814000108,169,5000.00,Divulgação de Atividade Parlamentar,,2026-08-11T18:09:30
2023,2023-11,2023-11-01,Bernardo Rogério Mata de Araújo Júnior,,Auto Posto 305 Sul Ltda,cnpj,32085527000152,NF-e 1.316 (Doc SEI 1436642),2901.55,Combustível e lubrificantes,Combustível veículio do mandato parlamentar.,2026-08-11T18:09:30
2023,2023-11,2023-11-01,Bernardo Rogério Mata de Araújo Júnior,,Bruno Pereira Cabral,cnpj,50409343000182,NFS-e 003 (Doc SEI 1436745),4000.00,Divulgação de Atividade parlamentar,Serviço de divulgação do mandato parlamentar.,2026-08-11T18:09:30
2023,2023-11,2023-11-01,Bernardo Rogério Mata de Araújo Júnior,,Shallom Produtora de Filmes Eireli,cnpj,34837332000147,NFS-e 040 (Doc SEI 1436730),3000.00,Divulgação de Atividade parlamentar,Produção de vídeos mandato parlamentar.,2026-08-11T18:09:30
2023,2023-11,2023-11-02,Bernardo Rogério Mata de Araújo Júnior,,Vivien Ester Mederios Justos ME,cnpj,46177942000140,NFS-e 013 (Doc SEI 1436792),1300.00,Divulgação de Atividade parlamentar,Serviço de manutenção do site institucional do mandato parlamentar.,2026-08-11T18:09:30
2023,2023-11,2023-11-03,Bernardo Rogério Mata de Araújo Júnior,,Pantanal Veículos Ltda,cnpj_sem_zeros_a_esquerda,07319323000191,Fatura 24.636 (DOC SEI 1436637),5500.00,Locação de veículos,Locação de veículo exercício do mandato parlamentar.,2026-08-11T18:09:30
2023,2023-12,2023-12-01,Bernardo Rogério Mata de Araújo Júnior,,Shallom Produtora de Filmes Eireli,cnpj,34837332000147,NFS-e 045 (Doc SEI 1471745),3000.00,Divulgação de Atividade parlamentar,Produção de vídeos mandato parlamentar.,2026-08-11T18:09:30
2023,2023-12,2023-12-03,Bernardo Rogério Mata de Araújo Júnior,,Vivien Ester Mederios Justos ME,cnpj,46177942000140,NFS-e 018 (Doc SEI 1471752),1300.00,Divulgação de Atividade parlamentar,Serviço de manutenção do site institucional do mandato parlamentar.,2026-08-11T18:09:30
2023,2023-12,2023-12-04,Bernardo Rogério Mata de Araújo Júnior,,Auto Posto 305 Sul Ltda,cnpj,32085527000152,NF-e 1.360 (Doc SEI 1471762),2807.41,Combustível e lubrificantes,Combustível veículio do mandato parlamentar.,2026-08-11T18:09:30
2023,2023-12,2023-12-04,Bernardo Rogério Mata de Araújo Júnior,,Camila Braga Rodrigues,cnpj,52954306000180,NFS-e 001 (Doc SEI 1471728),4000.00,Divulgação de Atividade parlamentar,Serviço de divulgação do mandato parlamentar.,2026-08-11T18:09:30
2023,2023-12,2023-12-04,Bernardo Rogério Mata de Araújo Júnior,,Pantanal Veículos Ltda,cnpj_sem_zeros_a_esquerda,07319323000191,Fatura 24.812 (DOC SEI 1471761),5500.00,Locação de veículos,Locação de veículo exercício do mandato parlamentar.,2026-08-11T18:09:30
2023,2024-01,2024-01-02,Bernardo Rogério Mata de Araújo Júnior,,Camila Braga Rodrigues,cnpj,52954306000180,NFS-e 002 (Doc SEI 1506966),4000.00,Divulgação de Atividade parlamentar,Serviço de divulgação do mandato parlamentar.,2026-08-11T18:09:30
2023,2024-01,2024-01-02,Bernardo Rogério Mata de Araújo Júnior,,Vivien Ester Mederios Justos ME,cnpj,46177942000140,NFS-e 023 (Doc SEI 1506970),1300.00,Divulgação de Atividade parlamentar,Serviço de manutenção do site institucional do mandato parlamentar.,2026-08-11T18:09:30
2023,2024-01,2024-01-03,Bernardo Rogério Mata de Araújo Júnior,,Shallom Produtora de Filmes Eireli,cnpj,34837332000147,NFS-e 047 (Doc SEI 1506960),3000.00,Divulgação de Atividade parlamentar,Produção de vídeos mandato parlamentar.,2026-08-11T18:09:30
2023,2024-01,2024-01-04,Bernardo Rogério Mata de Araújo Júnior,,Auto Posto 305 Sul Ltda,cnpj,32085527000152,NF-e 1.399 (Doc SEI 1506958),1890.61,Combustível e lubrificantes,Combustível veículio do mandato parlamentar.,2026-08-11T18:09:30
2023,2024-01,2024-01-04,Bernardo Rogério Mata de Araújo Júnior,,Pantanal Veículos Ltda,cnpj_sem_zeros_a_esquerda,07319323000191,Fatura 24.949 (DOC SEI 1506934),5500.00,Locação de veículos,Locação de veículo exercício do mandato parlamentar.,2026-08-11T18:09:30
2023,2023-09,2023-09-01,Dayse Amarílio Donetts Diniz,DAYSE AMARILIO,Posto Monumental,cnpj_sem_zeros_a_esquerda,05454390000193,221140.0,333.99,Combustível,,2026-08-11T18:09:30
2023,2023-09,2023-09-05,Dayse Amarílio Donetts Diniz,DAYSE AMARILIO,Posto Monumental,cnpj_sem_zeros_a_esquerda,05454390000193,223158.0,330.62,Combustível,,2026-08-11T18:09:30
2023,2023-09,2023-09-12,Dayse Amarílio Donetts Diniz,DAYSE AMARILIO,Posto Monumental,cnpj_sem_zeros_a_esquerda,05454390000193,226529.0,342.96,Combustível,,2026-08-11T18:09:30
2023,2023-09,2023-09-16,Dayse Amarílio Donetts Diniz,DAYSE AMARILIO,Posto 214 Sul,cnpj_sem_zeros_a_esquerda,08355825000130,206736.0,313.97,Combustível,,2026-08-11T18:09:30
2023,2023-09,2023-09-19,Dayse Amarílio Donetts Diniz,DAYSE AMARILIO,Posto de Combustiveis 206 Ltda,cnpj,40084269000118,73334.0,306.09,Combustível,,2026-08-11T18:09:30
2023,2023-09,2023-09-22,Dayse Amarílio Donetts Diniz,DAYSE AMARILIO,Auto Posto Almenara Ltda,cnpj_sem_zeros_a_esquerda,05299796000149,778080.0,347.50,Combustível,,2026-08-11T18:09:30
2023,2023-09,2023-09-25,Dayse Amarílio Donetts Diniz,DAYSE AMARILIO,Castanheiras - Cascol,cnpj_sem_zeros_a_esquerda,00306597004780,475290.0,293.19,Combustível,,2026-08-11T18:09:30
2023,2023-09,2023-09-29,Dayse Amarílio Donetts Diniz,DAYSE AMARILIO,Posto Monumental,cnpj_sem_zeros_a_esquerda,05454390000193,234089.0,322.92,Combustível,,2026-08-11T18:09:30
2023,2023-10,2023-10-02,Dayse Amarílio Donetts Diniz,DAYSE AMARILIO,Facebook Serviços Online do Brasil Ltda,cnpj,25021356000132,70662949.0,163.21,Divulgação de atividade parlamentar,,2026-08-11T18:09:30
2023,2023-10,2023-10-02,Dayse Amarílio Donetts Diniz,DAYSE AMARILIO,Gold Car Brasília Locadora de Veículos,cnpj,26735227000179,1471.0,3300.00,Locação de veículo,,2026-08-11T18:09:30
2023,2023-10,2023-10-04,Dayse Amarílio Donetts Diniz,DAYSE AMARILIO,SIA - Cascol,cnpj_sem_zeros_a_esquerda,00306597003627,590245.0,349.54,Combustível,,2026-08-11T18:09:30
2023,2023-10,2023-10-05,Dayse Amarílio Donetts Diniz,DAYSE AMARILIO,Bunker Braian Audiovisual,cnpj,30727829000151,45.0,8000.00,Divulgação de atividade parlamentar,,2026-08-11T18:09:30
2023,2023-10,2023-10-09,Dayse Amarílio Donetts Diniz,DAYSE AMARILIO,Auto Posto Almenara,cnpj_sem_zeros_a_esquerda,05299796000149,785975.0,361.11,Combustível,,2026-08-11T18:09:30
2023,2023-10,2023-10-17,Dayse Amarílio Donetts Diniz,DAYSE AMARILIO,Posto Garantia,cnpj,72578438000405,7589.0,273.55,Combustível,,2026-08-11T18:09:30
2023,2023-10,2023-10-20,Dayse Amarílio Donetts Diniz,DAYSE AMARILIO,Auto Posto Cinco Estrelas,cnpj_sem_zeros_a_esquerda,00692418002665,41.0,333.45,Combustível,,2026-08-11T18:09:30
2023,2023-10,2023-10-25,Dayse Amarílio Donetts Diniz,DAYSE AMARILIO,Auto Posto Fenix,cnpj,25004046000100,296783.0,298.78,Combustível,,2026-08-11T18:09:30
2023,2023-10,2023-10-28,Dayse Amarílio Donetts Diniz,DAYSE AMARILIO,Castanheiras - Cascol,cnpj_sem_zeros_a_esquerda,00306597004780,486839.0,307.08,Combustível,,2026-08-11T18:09:30
2023,2023-11,2023-11-01,Dayse Amarílio Donetts Diniz,DAYSE AMARILIO,Gold Car Brasília Locadora de Veículos,cnpj,26735227000179,1535.0,3300.00,Locação de veículo,,2026-08-11T18:09:30
2023,2023-11,2023-11-02,Dayse Amarílio Donetts Diniz,DAYSE AMARILIO,Facebook Serviços Online do Brasil Ltda,cnpj,25021356000132,71697696.0,363.71,Divulgação de atividade parlamentar,,2026-08-11T18:09:30
2023,2023-11,2023-11-03,Dayse Amarílio Donetts Diniz,DAYSE AMARILIO,Posto de Comb. Garantia,cnpj,72578438000405,7910.0,299.92,Combustível,,2026-08-11T18:09:30
2023,2023-11,2023-11-06,Dayse Amarílio Donetts Diniz,DAYSE AMARILIO,Bunker Braian Audiovisual,cnpj,30727829000151,50.0,8000.00,Divulgação de atividade parlamentar,,2026-08-11T18:09:30
2023,2023-11,2023-11-07,Dayse Amarílio Donetts Diniz,DAYSE AMARILIO,Posto Monumental,cnpj_sem_zeros_a_esquerda,05454390000193,250728.0,296.48,Combustível,,2026-08-11T18:09:30
2023,2023-11,2023-11-11,Dayse Amarílio Donetts Diniz,DAYSE AMARILIO,Posto Taguacentro Comerc.de Deriv.de Petróleo,cnpj,12093145000163,646432.0,285.82,Combustível,,2026-08-11T18:09:30
2023,2023-11,2023-11-16,Dayse Amarílio Donetts Diniz,DAYSE AMARILIO,Posto Quality - Águas Claras - Rede Quality,cnpj,36900391000571,88645.0,287.29,Combustível,,2026-08-11T18:09:30
2023,2023-11,2023-11-21,Dayse Amarílio Donetts Diniz,DAYSE AMARILIO,Auto Posto Ribeiro LTDA,cnpj_sem_zeros_a_esquerda,04814024000135,13698.0,336.32,Combustível,,2026-08-11T18:09:30
2023,2023-11,2023-11-24,Dayse Amarílio Donetts Diniz,DAYSE AMARILIO,Posto Monumental,cnpj_sem_zeros_a_esquerda,05454390000193,257438.0,289.07,Combustível,,2026-08-11T18:09:30
2023,2023-11,2023-11-28,Dayse Amarílio Donetts Diniz,DAYSE AMARILIO,JT Comércio de Devidos de Petróleo,cnpj,37128477000248,59506.0,296.89,Combustível,,2026-08-11T18:09:30
2023,2023-12,2023-12-01,Dayse Amarílio Donetts Diniz,DAYSE AMARILIO,Gold Car Brasília Locadora de Veículos,cnpj,26735227000179,1552.0,3300.00,Locação de veículo,,2026-08-11T18:09:30
2023,2023-12,2023-12-02,Dayse Amarílio Donetts Diniz,DAYSE AMARILIO,Facebook Serviços Online do Brasil Ltda,cnpj,25021356000132,74943278.0,615.78,Divulgação de atividade parlamentar,,2026-08-11T18:09:30
2023,2023-12,2023-12-02,Dayse Amarílio Donetts Diniz,DAYSE AMARILIO,Facebook Serviços Online do Brasil Ltda,cnpj,25021356000132,75363932.0,857.29,Divulgação de atividade parlamentar,,2026-08-11T18:09:30
2023,2023-12,2023-12-04,Dayse Amarílio Donetts Diniz,DAYSE AMARILIO,Bunker Brain Audiovisual,cnpj,30727829000151,54.0,8000.00,Divulgação de atividade parlamentar,,2026-08-11T18:09:30
2023,2023-12,2023-12-04,Dayse Amarílio Donetts Diniz,DAYSE AMARILIO,Posto Monumental,cnpj_sem_zeros_a_esquerda,05454390000193,261987.0,322.42,Combustível,,2026-08-11T18:09:30
2023,2023-12,2023-12-07,Dayse Amarílio Donetts Diniz,DAYSE AMARILIO,Posto de Combustíveis Garantia,cnpj,72578438000405,2407.0,309.80,Combustível,,2026-08-11T18:09:30
2023,2023-12,2023-12-11,Dayse Amarílio Donetts Diniz,DAYSE AMARILIO,Cascol Combustíveis,cnpj_sem_zeros_a_esquerda,00306597005913,761906.0,296.57,Combustível,,2026-08-11T18:09:30
2023,2023-12,2023-12-14,Dayse Amarílio Donetts Diniz,DAYSE AMARILIO,Auto Posto Cinco Estrelas,cnpj_sem_zeros_a_esquerda,00692418001260,553253.0,289.55,Combustível,,2026-08-11T18:09:30
2023,2023-12,2023-12-15,Dayse Amarílio Donetts Diniz,DAYSE AMARILIO,Gold Car Brasília Locadora de Veículos,cnpj,26735227000179,1579.0,3300.00,Locação de veículo,,2026-08-11T18:09:30
2023,2023-12,2023-12-18,Dayse Amarílio Donetts Diniz,DAYSE AMARILIO,Auto Posto Cinco Estrelas,cnpj_sem_zeros_a_esquerda,00692418001260,557517.0,259.86,Combustível,,2026-08-11T18:09:30
2023,2023-12,2023-12-28,Dayse Amarílio Donetts Diniz,DAYSE AMARILIO,Auto Posto Cinco Estrelas,cnpj_sem_zeros_a_esquerda,00692418002312,257769.0,300.62,Combustível,,2026-08-11T18:09:30
2023,2024-01,2024-01-02,Dayse Amarílio Donetts Diniz,DAYSE AMARILIO,Bunker Brain Audiovisual,cnpj,30727829000151,58.0,8000.00,Divulgação de atividade parlamentar,,2026-08-11T18:09:30
2023,2023-11,2023-11-06,Max Maciel Cavalcanti,MAX MACIEL,SOUSA E ALVES COM DE DERIVADOS DE PETRÓLEO,cnpj_sem_zeros_a_esquerda,07111605000107,460061.0,145.82,Combustivel,,2026-08-11T18:09:30
2023,2023-11,2023-11-09,Max Maciel Cavalcanti,MAX MACIEL,HÉLIO PRATES COMÉRCIO DE COM. E DERIVADOS LTDA,cnpj_sem_zeros_a_esquerda,08111678000153,524242.0,159.76,Combustivel,,2026-08-11T18:09:30
2023,2023-11,2023-11-14,Max Maciel Cavalcanti,MAX MACIEL,SOUSA E ALVES COM DE DERIVADOS DE PETRÓLEO,cnpj_sem_zeros_a_esquerda,07111605000107,461249.0,143.38,Combustivel,,2026-08-11T18:09:30
2023,2023-11,2023-11-18,Max Maciel Cavalcanti,MAX MACIEL,AUTO POSTO NN 10 LTDA,cnpj,11936605000105,106790.0,143.73,Combustivel,,2026-08-11T18:09:30
2023,2023-11,2023-11-21,Max Maciel Cavalcanti,MAX MACIEL,SOUSA E ALVES COM DE DERIVADOS DE PETRÓLEO,cnpj_sem_zeros_a_esquerda,07111605000107,0004621,156.66,Combustivel,,2026-08-11T18:09:30
2023,2023-11,2023-11-24,Max Maciel Cavalcanti,MAX MACIEL,COMERCIAL DE COMBUSTÍVEL MAM LTDA.,nao_e_registro,,61481.0,148.54,Combustivel,,2026-08-11T18:09:30
2023,2023-11,2023-11-28,Max Maciel Cavalcanti,MAX MACIEL,SOUSA E ALVES COM DE DERIVADOS DE PETRÓLEO,cnpj_sem_zeros_a_esquerda,07111605000107,17330.0,147.62,Combustivel,,2026-08-11T18:09:30
2023,2023-11,2023-11-30,Max Maciel Cavalcanti,MAX MACIEL,Vizion Gestão de Negócios Empresariais LTDA.,cnpj_sem_zeros_a_esquerda,07979987000187,00002626,586.00,Assessoria especializada,,2026-08-11T18:09:30
2023,2023-12,2023-12-01,Max Maciel Cavalcanti,MAX MACIEL,Gold Car Brasília Locadora de veículos,cnpj,26735227000179,01553,2900.00,Locação de veículo,,2026-08-11T18:09:30
2023,2023-12,2023-12-05,Max Maciel Cavalcanti,MAX MACIEL,Sousa E Alves Com. De Derivados de Petróleo,cnpj_sem_zeros_a_esquerda,07111605000107,6799.0,169.41,Combustível,,2026-08-11T18:09:30
2023,2023-12,2023-12-09,Max Maciel Cavalcanti,MAX MACIEL,Sousa E Alves Com. De Derivados de Petróleo,cnpj_sem_zeros_a_esquerda,07111605000107,4644.0,211.47,Combustível,,2026-08-11T18:09:30
2023,2023-12,2023-12-12,Max Maciel Cavalcanti,MAX MACIEL,Cascol Combustíveis para Veículos LTDA.,cnpj_sem_zeros_a_esquerda,00306597002574,364013.0,154.52,Combustível,,2026-08-11T18:09:30
2023,2023-12,2023-12-15,Max Maciel Cavalcanti,MAX MACIEL,Sousa E Alves Com. De Derivados de Petróleo,cnpj_sem_zeros_a_esquerda,07111605000107,4652.0,100.00,Combustível,,2026-08-11T18:09:30
2023,2023-12,2023-12-29,Max Maciel Cavalcanti,MAX MACIEL,Vizion Gestão de Negócios Empresariais LTDA.,cnpj_sem_zeros_a_esquerda,07979987000187,00002661,586.00,Assessoria especializada,,2026-08-11T18:09:30
2023,2024-12,2024-12-31,Max Maciel Cavalcanti,MAX MACIEL,Gold Car Brasília Locadora de veículos,cnpj,26735227000179,01578,2900.00,Locação de veículo,,2026-08-11T18:09:30
2023,2023-11,2023-11-01,JAQUELINE SILVA,JAQUELINE SILVA,Cascol Combustíveis para veículos LTDA,cnpj_sem_zeros_a_esquerda,00306597006642,984939.0,180.00,Combustíveis e lubrificantes,,2026-08-11T18:09:30
2023,2023-11,2023-11-03,JAQUELINE SILVA,JAQUELINE SILVA,Cascol Combustíveis para veículos LTDA,cnpj_sem_zeros_a_esquerda,00306597006561,1594977.0,188.00,Combustíveis e lubrificantes,,2026-08-11T18:09:30
2023,2023-11,2023-11-09,JAQUELINE SILVA,JAQUELINE SILVA,Cascol Combustíveis para veículos LTDA,cnpj_sem_zeros_a_esquerda,00306597006561,1588908.0,243.00,Combustíveis e lubrificantes,,2026-08-11T18:09:30
2023,2023-11,2023-11-14,JAQUELINE SILVA,JAQUELINE SILVA,Cascol Combustíveis para veículos LTDA,cnpj_sem_zeros_a_esquerda,00306597006561,1595978.0,150.00,Combustíveis e lubrificantes,,2026-08-11T18:09:30
2023,2023-11,2023-11-21,JAQUELINE SILVA,JAQUELINE SILVA,Cascol Combustíveis para veículos LTDA,cnpj_sem_zeros_a_esquerda,00306597006642,999999.0,200.00,Combustíveis e lubrificantes,,2026-08-11T18:09:30
2023,2023-11,2023-11-25,JAQUELINE SILVA,JAQUELINE SILVA,Cascol Combustíveis para veículos LTDA,cnpj_sem_zeros_a_esquerda,00306597006561,1610780.0,200.00,Combustíveis e lubrificantes,,2026-08-11T18:09:30
2023,2023-11,2023-11-27,JAQUELINE SILVA,JAQUELINE SILVA,Auto Posto JB LTDA,cnpj_sem_zeros_a_esquerda,00672345000191,24267.0,100.00,Combustíveis e lubrificantes,,2026-08-11T18:09:30
2023,2023-11,2023-11-27,JAQUELINE SILVA,JAQUELINE SILVA,Cascol Combustíveis para veículos LTDA,cnpj_sem_zeros_a_esquerda,00306597006642,1004165.0,130.00,Combustíveis e lubrificantes,,2026-08-11T18:09:30
2023,2023-11,2023-11-28,JAQUELINE SILVA,JAQUELINE SILVA,Cruzeiro Combustíveis e Serviços S/A,cnpj,26991067000129,348242.0,150.00,Combustíveis e lubrificantes,,2026-08-11T18:09:30
2023,2023-12,2023-12-05,JAQUELINE SILVA,JAQUELINE SILVA,CRISTIANE DA SILVA DELFIM - MEI,cnpj,22610572000125,15.0,5000.00,Divulgação de atividade parlamentar,,2026-08-11T18:09:30
2024,2024-01,2024-01-10,Deputado Joaquim Roriz Neto,JOAQUIM RORIZ NETO,Comercial de Combustíveis MAM LTDA,cnpj,10702904000112,67791,173.07,Combustíveis e Lubrificantes,,2026-08-11T18:09:30
2024,2024-01,2024-01-12,Deputado Joaquim Roriz Neto,JOAQUIM RORIZ NETO,Park Bandeira Comercio Combustíveis LTDA,cnpj,15159119000189,259185,188.35,Combustíveis e Lubrificantes,,2026-08-11T18:09:30
2024,2024-01,2024-01-24,Deputado Joaquim Roriz Neto,JOAQUIM RORIZ NETO,Posto de Combustíveis 310 Sul,cnpj,32590257000137,160989,183.26,Combustíveis e Lubrificantes,,2026-08-11T18:09:30
2024,2024-01,2024-01-29,Deputado Joaquim Roriz Neto,JOAQUIM RORIZ NETO,ELEGIS Gestão Estrategica Consultoria e Tecnologia LTDA,cnpj,28067410000179,795,649.00,,,2026-08-11T18:09:30
2024,2024-02,2024-02-01,Deputado Joaquim Roriz Neto,JOAQUIM RORIZ NETO,SUPREMA Mobilidade LTDA,cnpj,24894397000170,195,5500.00,Locação de Veículos,,2026-08-11T18:09:30
2024,2024-02,2024-02-02,Deputado Joaquim Roriz Neto,JOAQUIM RORIZ NETO,Facebook,cnpj,13347016000117,77105026,1799.90,Serviços Online,,2026-08-11T18:09:30
2024,2024-02,2024-02-02,Deputado Joaquim Roriz Neto,JOAQUIM RORIZ NETO,Park Bandeira Comercio de Combustiveis LTDA,cnpj,15159119000189,263690,206.68,Combustíveis e Lubrificantes,,2026-08-11T18:09:30
2024,2024-02,2024-02-05,Deputado Joaquim Roriz Neto,JOAQUIM RORIZ NETO,Posto Cinco Estrelas LTDA,cnpj,00692418002070,554088,234.75,Combustíveis e Lubrificantes,,2026-08-11T18:09:30
2024,2024-02,2024-02-07,Deputado Joaquim Roriz Neto,JOAQUIM RORIZ NETO,Park Bandeira Comercio de Combustiveis LTDA,cnpj,15159119000189,264745,274.95,Combustíveis e Lubrificantes,,2026-08-11T18:09:30
2024,2024-02,2024-02-15,Deputado Joaquim Roriz Neto,JOAQUIM RORIZ NETO,MONOM Monitoramento Digital LTDA,cnpj,48819584000158,64,2500.00,Monitoramento Digital,,2026-08-11T18:09:30
2024,2024-02,2024-02-16,Deputado Joaquim Roriz Neto,JOAQUIM RORIZ NETO,ELEGIS Gestão Estrategica Consultoria e Tecnologia LTDA,cnpj,28067410000179,815,649.00,,,2026-08-11T18:09:30
2024,2024-02,2024-02-19,Deputado Joaquim Roriz Neto,JOAQUIM RORIZ NETO,Comercial de Combustíveis MAM LTDA,cnpj,10702904000112,54779,199.99,Combustíveis e Lubrificantes,,2026-08-11T18:09:30
2024,2024-02,2024-02-20,Deputado Joaquim Roriz Neto,JOAQUIM RORIZ NETO,CASCOL Combustíveis LTDA,cnpj,00306597002574,385055,213.55,Combustíveis e Lubrificantes,,2026-08-11T18:09:30
2024,2024-02,2024-02-22,Deputado Joaquim Roriz Neto,JOAQUIM RORIZ NETO,CASCOL Combustíveis LTDA,cnpj,00306597008181,508353,223.44,Combustíveis e Lubrificantes,,2026-08-11T18:09:30
2024,2024-02,2024-02-24,Deputado Joaquim Roriz Neto,JOAQUIM RORIZ NETO,Auto Posto Cinco Estrelas LTDA,cnpj,00692418002070,570553,238.76,Combustíveis e Lubrificantes,,2026-08-11T18:09:30
2024,2024-02,2024-02-29,Deputado Joaquim Roriz Neto,JOAQUIM RORIZ NETO,CASCOL Combustíveis LTDA,cnpj,00306597008181,510302,274.08,Combustíveis e Lubrificantes,,2026-08-11T18:09:30
2024,2024-02,2024-02-29,Deputado Joaquim Roriz Neto,JOAQUIM RORIZ NETO,CASCOL Combustíveis LTDA,cnpj,00306597009234,981136,240.04,Combustíveis e Lubrificantes,,2026-08-11T18:09:30
2024,2024-03,2024-03-02,Deputado Joaquim Roriz Neto,JOAQUIM RORIZ NETO,Facebook,cnpj,13347016000117,80373018,800.00,Serviços Online,,2026-08-11T18:09:30
2024,2024-03,2024-03-04,Deputado Joaquim Roriz Neto,JOAQUIM RORIZ NETO,Comercial de Combustíveis MAM,cnpj,10702904000112,75491,224.89,Combustíveis e Lubrificantes,,2026-08-11T18:09:30
2024,2024-03,2024-03-06,Deputado Joaquim Roriz Neto,JOAQUIM RORIZ NETO,Comercial de Combustíveis MAM,cnpj,10702904000112,56702,189.71,Combustíveis e Lubrificantes,,2026-08-11T18:09:30
2024,2024-03,2024-03-06,Deputado Joaquim Roriz Neto,JOAQUIM RORIZ NETO,MONOM Monitoramento Digital LTDA,cnpj,48819584000158,71,2500.00,Monitoramento Digital,,2026-08-11T18:09:30
2024,2024-03,2024-03-06,Deputado Joaquim Roriz Neto,JOAQUIM RORIZ NETO,SUPREMA Mobilidade LTDA,cnpj,24894397000170,281,5500.00,Locação de Veículos,,2026-08-11T18:09:30
2024,2024-03,2024-03-07,Deputado Joaquim Roriz Neto,JOAQUIM RORIZ NETO,M M Comercial de Combustíveis LTDA,cnpj,04621225000116,422918,243.23,Combustíveis e Lubrificantes,,2026-08-11T18:09:30
2024,2024-03,2024-03-08,Deputado Joaquim Roriz Neto,JOAQUIM RORIZ NETO,ELEGIS Gestão Estrategica Consultoria e Tecnologia LTDA,cnpj,28067410000179,850,649.00,,,2026-08-11T18:09:30
2024,2024-03,2024-03-11,Deputado Joaquim Roriz Neto,JOAQUIM RORIZ NETO,CASCOL Combustíveis LTDA,cnpj,00306597002574,390695,246.55,Combustíveis e Lubrificantes,,2026-08-11T18:09:30
2024,2024-03,2024-03-13,Deputado Joaquim Roriz Neto,JOAQUIM RORIZ NETO,CASCOL Combustíveis LTDA,cnpj,00306597002574,391307,248.70,Combustíveis e Lubrificantes,,2026-08-11T18:09:30
2024,2024-03,2024-03-14,Deputado Joaquim Roriz Neto,JOAQUIM RORIZ NETO,Posto Ranoni LTDA,cnpj,27137211000127,43355,264.76,Combustíveis e Lubrificantes,,2026-08-11T18:09:30
2024,2024-03,2024-03-18,Deputado Joaquim Roriz Neto,JOAQUIM RORIZ NETO,Comercial de Combustíveis MAM,cnpj,10702904000112,58071,272.26,Combustíveis e Lubrificantes,,2026-08-11T18:09:30
2024,2024-03,2024-03-19,Deputado Joaquim Roriz Neto,JOAQUIM RORIZ NETO,CASCOL Combustíveis LTDA,cnpj,00306597002574,393056,221.36,Combustíveis e Lubrificantes,,2026-08-11T18:09:30
2024,2024-03,2024-03-21,Deputado Joaquim Roriz Neto,JOAQUIM RORIZ NETO,Posto Ranoni LTDA,cnpj,27137211000127,73152,230.27,Combustíveis e Lubrificantes,,2026-08-11T18:09:30
2024,2024-03,2024-03-23,Deputado Joaquim Roriz Neto,JOAQUIM RORIZ NETO,Auto Posto Cinco Estrelas LTDA,cnpj,00692418002070,598064,229.31,Combustíveis e Lubrificantes,,2026-08-11T18:09:30
2024,2024-03,2024-03-26,Deputado Joaquim Roriz Neto,JOAQUIM RORIZ NETO,Comercial de Combustíveis MAM LTDA,cnpj,10702904000112,76377,196.85,Combustíveis e Lubrificantes,,2026-08-11T18:09:30
2024,2024-03,2024-03-27,Deputado Joaquim Roriz Neto,JOAQUIM RORIZ NETO,CASCOL Combustíveis LTDA,cnpj,00306597007614,863159,203.67,Combustíveis e Lubrificantes,,2026-08-11T18:09:30
2024,2024-03,2024-03-27,Deputado Joaquim Roriz Neto,JOAQUIM RORIZ NETO,Posto de Gasolina dos Anões LTDA,cnpj,00360990000179,190636,256.17,Combustíveis e Lubrificantes,,2026-08-11T18:09:30
2024,2024-04,2024-04-02,Deputado Joaquim Roriz Neto,JOAQUIM RORIZ NETO,MONOM Monitoramento Digital LTDA,cnpj,48819584000158,78,2500.00,Monitoramento Digital,,2026-08-11T18:09:30
2024,2024-04,2024-04-02,Deputado Joaquim Roriz Neto,JOAQUIM RORIZ NETO,SUPREMA Mobilidade LTDA,cnpj,24894397000170,349,5500.00,Locação de Veículos,,2026-08-11T18:09:30
2024,2024-04,2024-04-03,Deputado Joaquim Roriz Neto,JOAQUIM RORIZ NETO,Facebook,cnpj,13347016000117,82745536,1899.98,Serviços Online,,2026-08-11T18:09:30
2024,2024-01,2024-01-31,Deputada Paula Belmonte,PAULA BELMONTE,Grow Mídias Marketing Ltda,cnpj,35352795000181,1535323,3000.00,Divulgação de Atividade Parlamentar,,2026-08-11T18:09:30
2024,2024-02,2024-02-29,Deputada Paula Belmonte,PAULA BELMONTE,Grow Mídias Marketing Ltda,cnpj,35352795000181,1579953,3000.00,Divulgação de Atividade Parlamentar,,2026-08-11T18:09:30
2024,2024-03,2024-03-06,Deputada Paula Belmonte,PAULA BELMONTE,RABBIT AGENCIA DE PUBLICIDADE,cnpj,30909939000134,1579959,5000.00,Divulgação de Atividade Parlamentar,,2026-08-11T18:09:30
2024,2024-03,2024-03-06,Deputada Paula Belmonte,PAULA BELMONTE,Suprema Mobilidade Ltda,cnpj,24894397000170,1579965,3800.00,Locação de Veículos,,2026-08-11T18:09:30
2024,2024-04,2024-04-01,Deputada Paula Belmonte,PAULA BELMONTE,RABBIT AGENCIA DE PUBLICIDADE,cnpj,30909939000134,1612369,5000.00,Divulgação de Atividade Parlamentar,,2026-08-11T18:09:30
2024,2024-04,2024-04-02,Deputada Paula Belmonte,PAULA BELMONTE,Suprema Mobilidade Ltda,cnpj,24894397000170,1612367,3800.00,Locação de Veículos,,2026-08-11T18:09:30
2024,2024-04,2024-04-26,Deputada Paula Belmonte,PAULA BELMONTE,Grow Mídias Marketing Ltda,cnpj,35352795000181,1612366,3000.00,Divulgação de Atividade Parlamentar,,2026-08-11T18:09:30
2024,2024-04,2024-04-29,Deputada Paula Belmonte,PAULA BELMONTE,Grow Mídias Marketing Ltda,cnpj,35352795000181,1654579,3000.00,Divulgação de Atividade Parlamentar,,2026-08-11T18:09:30
2024,2024-04,2024-04-29,Deputada Paula Belmonte,PAULA BELMONTE,RABBIT AGENCIA DE PUBLICIDADE,cnpj,30909939000134,1654584,5000.00,Divulgação de Atividade Parlamentar,,2026-08-11T18:09:30
2024,2024-05,2024-05-02,Deputada Paula Belmonte,PAULA BELMONTE,Suprema Mobilidade Ltda,cnpj,24894397000170,1654586,3800.00,Locação de Veículos,,2026-08-11T18:09:30
2024,2024-05,2024-05-24,Deputada Paula Belmonte,PAULA BELMONTE,RABBIT AGENCIA DE PUBLICIDADE,cnpj,30909939000134,1706160,5000.00,Divulgação de Atividade Parlamentar,,2026-08-11T18:09:30
2024,2024-05,2024-05-31,Deputada Paula Belmonte,PAULA BELMONTE,Grow Mídias Marketing Ltda,cnpj,35352795000181,1706158,3000.00,Divulgação de Atividade Parlamentar,,2026-08-11T18:09:30
2024,2024-06,2024-06-10,Deputada Paula Belmonte,PAULA BELMONTE,Suprema Mobilidade Ltda,cnpj,24894397000170,1706162,3800.00,Locação de Veículos,,2026-08-11T18:09:30
2024,2024-06,2024-06-26,Deputada Paula Belmonte,PAULA BELMONTE,Grow Mídias Marketing Ltda,cnpj,35352795000181,1745896,3000.00,Divulgação de Atividade Parlamentar,,2026-08-11T18:09:30
2024,2024-06,2024-06-26,Deputada Paula Belmonte,PAULA BELMONTE,RABBIT AGENCIA DE PUBLICIDADE,cnpj,30909939000134,1745895,5000.00,Divulgação de Atividade Parlamentar,,2026-08-11T18:09:30
2024,2024-07,2024-07-05,Deputada Paula Belmonte,PAULA BELMONTE,Suprema Mobilidade Ltda,cnpj,24894397000170,1745902,3800.00,Locação de Veículos,,2026-08-11T18:09:30
2024,2024-07,2024-07-22,Deputada Paula Belmonte,PAULA BELMONTE,RABBIT AGENCIA DE PUBLICIDADE,cnpj,30909939000134,1783914,5000.00,Divulgação de Atividade Parlamentar,,2026-08-11T18:09:30
2024,2024-07,2024-07-27,Deputada Paula Belmonte,PAULA BELMONTE,Grow Mídias Marketing Ltda,cnpj,35352795000181,1783912,3000.00,Divulgação de Atividade Parlamentar,,2026-08-11T18:09:30
2024,2024-08,2024-08-12,Deputada Paula Belmonte,PAULA BELMONTE,Suprema Mobilidade Ltda,cnpj,24894397000170,1783918,5492.83,Locação de Veículos,,2026-08-11T18:09:30
2024,2024-08,2024-08-27,Deputada Paula Belmonte,PAULA BELMONTE,RABBIT AGENCIA DE PUBLICIDADE,cnpj,30909939000134,1818833,5000.00,Divulgação de Atividade Parlamentar,,2026-08-11T18:09:30
2024,2024-09,2024-09-05,Deputada Paula Belmonte,PAULA BELMONTE,Grow Mídias Marketing Ltda,cnpj,35352795000181,1818832,3000.00,Divulgação de Atividade Parlamentar,,2026-08-11T18:09:30
2024,2024-01,2024-01-12,Martins Machado,MARTINS MACHADO,Connecta Ceilândia Sul,cnpj,12123780000146,71936,50.00,Combustíveis,,2026-08-11T18:09:30
2024,2024-01,2024-01-15,Martins Machado,MARTINS MACHADO,Posto Ceilândia,cnpj,00342436000169,489748,251.00,Combustíveis,,2026-08-11T18:09:30
2024,2024-01,2024-01-26,Martins Machado,MARTINS MACHADO,Posto Ceilândia,cnpj,00342436000169,492048,80.00,Combustíveis,,2026-08-11T18:09:30
2024,2024-01,2024-01-29,Martins Machado,MARTINS MACHADO,"NeNe""s Posto",cnpj,32434124000171,35969,50.00,Combustíveis,,2026-08-11T18:09:30
2024,2024-01,2024-01-30,Martins Machado,MARTINS MACHADO,Auto Cei,cnpj,00306597002817,2347162,100.00,Combustíveis,,2026-08-11T18:09:30
2024,2024-02,2024-02-03,Martins Machado,MARTINS MACHADO,"NeNe""s Posto",cnpj,32434124000171,323317,50.00,Combustíveis,,2026-08-11T18:09:30
2024,2024-02,2024-02-05,Martins Machado,MARTINS MACHADO,Eldourado Frotas Ltda,cnpj,41685059000148,42,5990.00,Locação de Veículo,,2026-08-11T18:09:30
2024,2024-02,2024-02-06,Martins Machado,MARTINS MACHADO,"NeNe""s Posto",cnpj,32434124000171,36331,60.00,Combustíveis,,2026-08-11T18:09:30
2024,2024-02,2024-02-06,Martins Machado,MARTINS MACHADO,Soily Braga - Sociedade Individual de Advocacia,cnpj,52385773000137,5,5500.00,Assessoria / Consultoria Jurídica,,2026-08-11T18:09:30
2024,2024-02,2024-02-08,Martins Machado,MARTINS MACHADO,Pro Video Locação e Eventos - LTDA ME,cnpj,13542814000108,178,5000.00,Divulgação de Atividade Parlamentar,,2026-08-11T18:09:30
2024,2024-02,2024-02-09,Martins Machado,MARTINS MACHADO,Posto Ceilândia,cnpj,00342436000169,499402,40.00,Combustíveis,,2026-08-11T18:09:30
2024,2024-02,2024-02-15,Martins Machado,MARTINS MACHADO,Posto Ceilândia,nao_e_registro,,496548,80.00,Combustíveis,,2026-08-11T18:09:30
2024,2024-02,2024-02-17,Martins Machado,MARTINS MACHADO,"NeNe""s Posto",cnpj,32434124000171,328269,100.00,Combustíveis,,2026-08-11T18:09:30
2024,2024-02,2024-02-21,Martins Machado,MARTINS MACHADO,"NeNe""s Posto",cnpj,32434124000171,37004,100.00,Combustíveis,,2026-08-11T18:09:30
2024,2024-02,2024-02-24,Martins Machado,MARTINS MACHADO,Metro Comercial de Combustiveis,cnpj,09232995000190,493933,35.00,Combustíveis,,2026-08-11T18:09:30
2024,2024-02,2024-02-29,Martins Machado,MARTINS MACHADO,Auto Posto Castanheiras,cnpj,32013951000191,74099,60.00,Combustíveis,,2026-08-11T18:09:30
2024,2024-02,2024-02-29,Martins Machado,MARTINS MACHADO,Auto Posto NN 10,cnpj,11936605000105,112249,50.00,Combustíveis,,2026-08-11T18:09:30
2024,2024-03,2024-03-04,Martins Machado,MARTINS MACHADO,Pro Video Locação e Eventos - LTDA ME,cnpj,13542814000108,182,5000.00,Divulgação de Atividade Parlamentar,,2026-08-11T18:09:30
2024,2024-03,2024-03-05,Martins Machado,MARTINS MACHADO,Eldourado Frotas Ltda,cnpj,41685059000148,45,5990.00,Locação de Veículo,,2026-08-11T18:09:30
2024,2024-03,2024-03-06,Martins Machado,MARTINS MACHADO,Estação Sul Auto Posto,cnpj,06555245000161,639948,75.00,Combustíveis,,2026-08-11T18:09:30
2024,2024-03,2024-03-06,Martins Machado,MARTINS MACHADO,Soily Braga - Sociedade Individual de Advocacia,cnpj,52385773000137,6,5500.00,Assessoria / Consultoria Jurídica,,2026-08-11T18:09:30
2024,2024-03,2024-03-09,Martins Machado,MARTINS MACHADO,Rede Quality,cnpj,36900391000652,285453,60.00,Combustíveis,,2026-08-11T18:09:30
2024,2024-03,2024-03-10,Martins Machado,MARTINS MACHADO,Posto Colina,cnpj,24912669000118,239470,50.00,Combustíveis,,2026-08-11T18:09:30
2024,2024-03,2024-03-11,Martins Machado,MARTINS MACHADO,Auto Posto NN 10,cnpj,11936605000105,112607,40.00,Combustíveis,,2026-08-11T18:09:30
2024,2024-03,2024-03-14,Martins Machado,MARTINS MACHADO,Auto Posto NN 10,cnpj,11936605000105,112717,50.00,Combustíveis,,2026-08-11T18:09:30
2024,2024-03,2024-03-18,Martins Machado,MARTINS MACHADO,Posto Petrolino,nao_e_registro,,413638,40.00,Combustíveis,,2026-08-11T18:09:30
2024,2024-03,2024-03-22,Martins Machado,MARTINS MACHADO,Estação Sul Auto Posto,cnpj,06555245000161,644800,150.00,Combustíveis,,2026-08-11T18:09:30
2024,2024-03,2024-03-26,Martins Machado,MARTINS MACHADO,Estação Sul Auto Posto,cnpj,06555245000161,21654,100.00,Combustíveis,,2026-08-11T18:09:30
2024,2024-03,2024-03-29,Martins Machado,MARTINS MACHADO,Posto Colina BR 070,cnpj,12123780000227,73813,218.37,Combustíveis,,2026-08-11T18:09:30
2024,2024-03,2024-03-30,Martins Machado,MARTINS MACHADO,Auto Posto NN 10,cnpj,11936605000105,113288,100.00,Combustíveis,,2026-08-11T18:09:30
2024,2024-04,2024-04-01,Martins Machado,MARTINS MACHADO,R3 Santa Maria,cnpj,42001728000188,496128,100.00,Combustíveis,,2026-08-11T18:09:30
2024,2024-04,2024-04-02,Martins Machado,MARTINS MACHADO,Eldourado Frotas Ltda,cnpj,41685059000148,49,5990.00,Locação de Veículo,,2026-08-11T18:09:30
2024,2024-04,2024-04-03,Martins Machado,MARTINS MACHADO,Posto Monumental,cnpj,05454390000193,310898,60.00,Combustíveis,,2026-08-11T18:09:30
2024,2024-04,2024-04-04,Martins Machado,MARTINS MACHADO,Posto Nenen,cnpj,32434124000171,45819,150.00,Combustíveis,,2026-08-11T18:09:30
2024,2024-04,2024-04-05,Martins Machado,MARTINS MACHADO,Auto Posto Criolo,cnpj,27169700000160,401998,308.23,Combustíveis,,2026-08-11T18:09:30
2024,2024-04,2024-04-05,Martins Machado,MARTINS MACHADO,Pro Video Locação e Eventos - LTDA ME,cnpj,13542814000108,188,5000.00,Divulgação de Atividade Parlamentar,,2026-08-11T18:09:30
2024,2024-04,2024-04-05,Martins Machado,MARTINS MACHADO,Soily Braga - Sociedade Individual de Advocacia,cnpj,52385773000137,7,5500.00,Assessoria / Consultoria Jurídica,,2026-08-11T18:09:30
2024,2024-04,2024-04-06,Martins Machado,MARTINS MACHADO,Posto Nenen,nao_e_registro,,45842,60.00,Combustíveis,,2026-08-11T18:09:30
2024,2024-04,2024-04-07,Martins Machado,MARTINS MACHADO,Auto Posto Flamingo,cnpj,36180754000118,325355,60.00,Combustíveis,,2026-08-11T18:09:30
2024,2024-04,2024-04-11,Martins Machado,MARTINS MACHADO,Auto Posto Cinco Estrelas,cnpj,00692418002231,537682,100.00,Combustíveis,,2026-08-11T18:09:30
2024,2024-04,2024-04-12,Martins Machado,MARTINS MACHADO,R3 Santa Maria,cnpj,42001728000188,503012,70.00,Combustíveis,,2026-08-11T18:09:30
2024,2024-04,2024-04-13,Martins Machado,MARTINS MACHADO,Auto Posto NN 10,cnpj,11936605000105,113909,50.00,Combustíveis,,2026-08-11T18:09:30
2024,2024-05,2024-05-02,Martins Machado,MARTINS MACHADO,Soily Braga - Sociedade Individual de Advocacia,cnpj,52385773000137,8,5500.00,Assessoria / Consultoria Jurídica,,2026-08-11T18:09:30
2024,2024-05,2024-05-03,Martins Machado,MARTINS MACHADO,Eldourado Frotas Ltda,cnpj,41685059000148,53,5990.00,Locação de Veículo,,2026-08-11T18:09:30
2024,2024-05,2024-05-03,Martins Machado,MARTINS MACHADO,Posto de Combustiveis São Rafael,cnpj,53600984000108,21115,50.00,Combustíveis,,2026-08-11T18:09:30
2024,2024-05,2024-05-07,Martins Machado,MARTINS MACHADO,Pro Video Locação e Eventos - LTDA ME,cnpj,13542814000108,195,5000.00,Divulgação de Atividade Parlamentar,,2026-08-11T18:09:30
2024,2024-05,2024-05-08,Martins Machado,MARTINS MACHADO,Posto Ceilândia,cnpj,00342436000169,518219,249.90,Combustíveis,,2026-08-11T18:09:30
2024,2024-05,2024-05-09,Martins Machado,MARTINS MACHADO,Posto Pioneiro Comercio,nao_e_registro,,1700266,53.90,Combustíveis,,2026-08-11T18:09:30
2024,2024-05,2024-05-10,Martins Machado,MARTINS MACHADO,Posto Estação Sul,cnpj,06555245000161,25522,50.00,Combustíveis,,2026-08-11T18:09:30
2024,2024-05,2024-05-11,Martins Machado,MARTINS MACHADO,Posto Pecobral,cnpj,00689901000302,53825,50.00,Combustíveis,,2026-08-11T18:09:30
2024,2024-05,2024-05-13,Martins Machado,MARTINS MACHADO,Posto de Combustiveis São Rafael,cnpj,53600984000108,41016,100.00,Combustíveis,,2026-08-11T18:09:30
2024,2024-05,2024-05-14,Martins Machado,MARTINS MACHADO,Posto de Combustiveis São Rafael,cnpj,53600984000108,42142,242.14,Combustíveis,,2026-08-11T18:09:30
2024,2024-05,2024-05-16,Martins Machado,MARTINS MACHADO,Auto Posto Cinco Estrelas,cnpj,00692418002231,564532,100.00,Combustíveis,,2026-08-11T18:09:30
2024,2024-05,2024-05-18,Martins Machado,MARTINS MACHADO,Posto Karserv Combustiveis,cnpj,00689380000113,73857,40.00,Combustíveis,,2026-08-11T18:09:30
2024,2024-05,2024-05-20,Martins Machado,MARTINS MACHADO,Posto Fujichina,cnpj,01688723000198,1207094,50.00,Combustíveis,,2026-08-11T18:09:30
2024,2024-05,2024-05-24,Martins Machado,MARTINS MACHADO,Posto Nene's,cnpj,32434124000171,358657,50.00,Combustíveis,,2026-08-11T18:09:30
2024,2024-05,2024-05-25,Martins Machado,MARTINS MACHADO,Posto Ceilândia,cnpj,00342436000169,527672,245.05,Combustíveis,,2026-08-11T18:09:30
2024,2024-05,2024-05-26,Martins Machado,MARTINS MACHADO,Posto 212 Sul,cnpj,00595058000125,252141,100.00,Combustíveis,,2026-08-11T18:09:30
2024,2024-05,2024-05-30,Martins Machado,MARTINS MACHADO,Posto Quadra 08,cnpj,11726230000159,150956,50.00,Combustíveis,,2026-08-11T18:09:30
2024,2024-06,2024-06-02,Martins Machado,MARTINS MACHADO,Posto Nene's,cnpj,32434124000171,46472,40.00,Combustíveis,,2026-08-11T18:09:30
2024,2024-06,2024-06-03,Martins Machado,MARTINS MACHADO,Eldourado Frotas Ltda,cnpj,41685059000148,57,5990.00,Locação de Veículo,,2026-08-11T18:09:30
2024,2024-06,2024-06-05,Martins Machado,MARTINS MACHADO,Auto Posto NN 10,cnpj,11936605000105,116329,40.00,Combustíveis,,2026-08-11T18:09:30
2024,2024-06,2024-06-05,Martins Machado,MARTINS MACHADO,Posto de Combustiveis São Rafael,cnpj,53600984000108,80292,108.50,Combustíveis,,2026-08-11T18:09:30
2024,2024-06,2024-06-05,Martins Machado,MARTINS MACHADO,Soily Braga - Sociedade Individual de Advocacia,cnpj,52385773000137,9,5500.00,Assessoria / Consultoria Jurídica,,2026-08-11T18:09:30
2024,2024-06,2024-06-06,Martins Machado,MARTINS MACHADO,Pro Video Locação e Eventos - LTDA ME,cnpj,13542814000108,207,5000.00,Divulgação de Atividade Parlamentar,,2026-08-11T18:09:30
2024,2024-06,2024-06-13,Martins Machado,MARTINS MACHADO,Posto Connecta,cnpj,12123780000146,9642,40.00,Combustíveis,,2026-08-11T18:09:30
2024,2024-06,2024-06-13,Martins Machado,MARTINS MACHADO,Posto Nene's,cnpj,32434124000171,374436,50.00,Combustíveis,,2026-08-11T18:09:30
2024,2024-06,2024-06-14,Martins Machado,MARTINS MACHADO,Posto Monumental,cnpj,05454390000193,340061,70.00,Combustíveis,,2026-08-11T18:09:30
2024,2024-06,2024-06-17,Martins Machado,MARTINS MACHADO,Posto Ceilândia,cnpj,00342436000169,527965,150.00,Combustíveis,,2026-08-11T18:09:30
2024,2024-06,2024-06-20,Martins Machado,MARTINS MACHADO,Posto Quadra 08,cnpj,11726230000159,126394,50.00,Combustíveis,,2026-08-11T18:09:30
2024,2024-06,2024-06-23,Martins Machado,MARTINS MACHADO,Posto Ceilândia,cnpj,00342436000169,10932,100.00,Combustíveis,,2026-08-11T18:09:30
2024,2024-06,2024-06-26,Martins Machado,MARTINS MACHADO,Posto Nene's,cnpj,32434124000171,259554,40.00,Combustíveis,,2026-08-11T18:09:30
2024,2024-06,2024-06-27,Martins Machado,MARTINS MACHADO,Auto Posto 303 Norte,cnpj,38194212000120,24670,100.00,Combustíveis,,2026-08-11T18:09:30
2024,2024-06,2024-06-27,Martins Machado,MARTINS MACHADO,Auto Posto Cinco Estrelas,cnpj,00692418001774,821198,60.00,Combustíveis,,2026-08-11T18:09:30
2024,2024-06,2024-06-28,Martins Machado,MARTINS MACHADO,Posto Nene's,cnpj,32434124000171,369497,50.00,Combustíveis,,2026-08-11T18:09:30
2024,2024-06,2024-06-30,Martins Machado,MARTINS MACHADO,Posto GMCM,cnpj,34176650000104,6403,60.00,Combustíveis,,2026-08-11T18:09:30
2024,2024-07,2024-07-01,Martins Machado,MARTINS MACHADO,Auto Posto Cinco Estrelas,nao_e_registro,,824199,50.00,Combustíveis,,2026-08-11T18:09:30
2024,2024-07,2024-07-01,Martins Machado,MARTINS MACHADO,Estação Sul,cnpj,06555245000161,34343,40.00,Combustíveis,,2026-08-11T18:09:30
2024,2024-07,2024-07-01,Martins Machado,MARTINS MACHADO,Soily Braga - Sociedade Individual de Advocacia,cnpj,52385773000137,10,5500.00,Assessoria / Consultoria Jurídica,,2026-08-11T18:09:30
2024,2024-07,2024-07-02,Martins Machado,MARTINS MACHADO,Eldourado Frotas Ltda,cnpj,41685059000148,61,5990.00,Locação de Veículo,,2026-08-11T18:09:30
2024,2024-07,2024-07-04,Martins Machado,MARTINS MACHADO,Auto Posto SOF Norte,cnpj,03951672000170,1445242,41.84,Combustíveis,,2026-08-11T18:09:30
2024,2024-07,2024-07-04,Martins Machado,MARTINS MACHADO,Auto Posto SOF Norte,cnpj,03951672000170,1445243,50.00,Combustíveis,,2026-08-11T18:09:30
2024,2024-07,2024-07-04,Martins Machado,MARTINS MACHADO,Estação Sul,cnpj,06555245000161,34811,50.00,Combustíveis,,2026-08-11T18:09:30
2024,2024-07,2024-07-04,Martins Machado,MARTINS MACHADO,Pro Video Locação e Eventos - LTDA ME,cnpj,13542814000108,223,5000.00,Divulgação de Atividade Parlamentar,,2026-08-11T18:09:30
2024,2024-07,2024-07-06,Martins Machado,MARTINS MACHADO,Posto R13 Santa Maria,cnpj,42001728000188,557693,70.00,Combustíveis,,2026-08-11T18:09:30
2024,2024-07,2024-07-08,Martins Machado,MARTINS MACHADO,Auto Posto 302 Sul,cnpj,30642701000195,127436,56.39,Combustíveis,,2026-08-11T18:09:30
2024,2024-07,2024-07-08,Martins Machado,MARTINS MACHADO,Auto Posto 302 Sul,cnpj,30642701000195,127437,40.00,Combustíveis,,2026-08-11T18:09:30
2024,2024-07,2024-07-08,Martins Machado,MARTINS MACHADO,Metro Comercial de Combustivel,cnpj,09232995000190,44062,70.00,Combustíveis,,2026-08-11T18:09:30
2024,2024-07,2024-07-09,Martins Machado,MARTINS MACHADO,Metro Comercial de Combustivel,cnpj,09232995000190,513514,259.98,Combustíveis,,2026-08-11T18:09:30
2024,2024-07,2024-07-11,Martins Machado,MARTINS MACHADO,Auto Posto SOF Norte,cnpj,03951672000170,1447958,100.00,Combustíveis,,2026-08-11T18:09:30
2024,2024-07,2024-07-13,Martins Machado,MARTINS MACHADO,Posto Quadra 08,cnpj,11726230000159,112943,60.00,Combustíveis,,2026-08-11T18:09:30
2024,2024-07,2024-07-17,Martins Machado,MARTINS MACHADO,Auto Posto NN 10,cnpj,11936605000105,117928,50.00,Combustíveis,,2026-08-11T18:09:30
2024,2024-07,2024-07-19,Martins Machado,MARTINS MACHADO,Posto Nene's,cnpj,32434124000171,39745,60.00,Combustíveis,,2026-08-11T18:09:30
2024,2024-07,2024-07-20,Martins Machado,MARTINS MACHADO,Posto Quadra 08,cnpj,11726230000159,160758,50.00,Combustíveis,,2026-08-11T18:09:30
2024,2024-07,2024-07-22,Martins Machado,MARTINS MACHADO,Posto de Combustivel São Rafael,cnpj,53600984000108,164992,55.00,Combustíveis,,2026-08-11T18:09:30
2024,2024-07,2024-07-24,Martins Machado,MARTINS MACHADO,Auto Posto NN 10,cnpj,11936605000105,118174,70.00,Combustíveis,,2026-08-11T18:09:30
2024,2024-07,2024-07-25,Martins Machado,MARTINS MACHADO,Auto Posto NN 10,cnpj,11936605000105,118205,50.00,Combustíveis,,2026-08-11T18:09:30
2024,2024-07,2024-07-27,Martins Machado,MARTINS MACHADO,Posto Nene's,cnpj,32434124000171,40181,50.00,Combustíveis,,2026-08-11T18:09:30
2024,2024-07,2024-07-29,Martins Machado,MARTINS MACHADO,Auto Posto NN 10,cnpj,11936605000105,118355,60.00,Combustíveis,,2026-08-11T18:09:30
2024,2024-07,2024-07-31,Martins Machado,MARTINS MACHADO,Posto Nene's,cnpj,32434124000171,140464,100.00,Combustíveis,,2026-08-11T18:09:30
2024,2024-07,2024-07-31,Martins Machado,MARTINS MACHADO,Posto de Combustivel São Rafael,cnpj,53600984000108,179898,100.00,Combustíveis,,2026-08-11T18:09:30
2024,2024-08,2024-08-02,Martins Machado,MARTINS MACHADO,Eldourado Frotas Ltda,cnpj,41685059000148,65,5990.00,Locação de Veículo,,2026-08-11T18:09:30
2024,2024-08,2024-08-04,Martins Machado,MARTINS MACHADO,GMCM Comercio de Combustiveis,nao_e_registro,,62111,50.00,Combustíveis,,2026-08-11T18:09:30
2024,2024-08,2024-08-05,Martins Machado,MARTINS MACHADO,Auto Posto NN 10,cnpj,11936605000105,118625,100.00,Combustíveis,,2026-08-11T18:09:30
2024,2024-08,2024-08-06,Martins Machado,MARTINS MACHADO,Pro Video Locação e Eventos - LTDA ME,cnpj,13542814000108,234,5000.00,Divulgação de Atividade Parlamentar,,2026-08-11T18:09:30
2024,2024-08,2024-08-06,Martins Machado,MARTINS MACHADO,Soily Braga - Sociedade Individual de Advocacia,cnpj,52385773000137,11,5500.00,Assessoria / Consultoria Jurídica,,2026-08-11T18:09:30
2024,2024-08,2024-08-07,Martins Machado,MARTINS MACHADO,Auto Posto NN 10,cnpj,11936605000105,118718,100.00,Combustíveis,,2026-08-11T18:09:30
2024,2024-08,2024-08-09,Martins Machado,MARTINS MACHADO,Auto Posto Mark Sobradinho II,cnpj,29116420000110,813677,40.00,Combustíveis,,2026-08-11T18:09:30
2024,2024-08,2024-08-11,Martins Machado,MARTINS MACHADO,Auto Posto Mark Sobradinho II,cnpj,29116420000110,12452,60.00,Combustíveis,,2026-08-11T18:09:30
2024,2024-08,2024-08-11,Martins Machado,MARTINS MACHADO,Auto Posto SOF Norte,cnpj,03951672000170,1451595,27.01,Combustíveis,,2026-08-11T18:09:30
2024,2024-08,2024-08-11,Martins Machado,MARTINS MACHADO,Auto Posto SOF Norte,cnpj,03951672000170,1451596,50.00,Combustíveis,,2026-08-11T18:09:30
2024,2024-08,2024-08-12,Martins Machado,MARTINS MACHADO,Posto Nene's,cnpj,32434124000171,44596,50.00,Combustíveis,,2026-08-11T18:09:30
2024,2024-08,2024-08-12,Martins Machado,MARTINS MACHADO,Posto Petrolino,cnpj,00005892000113,431201,50.00,Combustíveis,,2026-08-11T18:09:30
2024,2024-08,2024-08-14,Martins Machado,MARTINS MACHADO,Auto Posto NN 10,cnpj,11936605000105,118977,60.00,Combustíveis,,2026-08-11T18:09:30
2024,2024-08,2024-08-19,Martins Machado,MARTINS MACHADO,Posto de Combustivel São Rafael,cnpj,53600984000108,213476,50.00,Combustíveis,,2026-08-11T18:09:30
2024,2024-08,2024-08-20,Martins Machado,MARTINS MACHADO,Posto Nene's,cnpj,32434124000171,40531,50.00,Combustíveis,,2026-08-11T18:09:30
2024,2024-08,2024-08-21,Martins Machado,MARTINS MACHADO,Auto Posto ADE Ceilândia Sul,cnpj,24099794000150,148962,60.20,Combustíveis,,2026-08-11T18:09:30
2024,2024-08,2024-08-22,Martins Machado,MARTINS MACHADO,Posto Conecta Ceilândia Sul,cnpj,12123780000146,13963,40.00,Combustíveis,,2026-08-11T18:09:30
2024,2024-08,2024-08-23,Martins Machado,MARTINS MACHADO,Auto Posto NN 10,cnpj,11936605000105,119332,50.00,Combustíveis,,2026-08-11T18:09:30
2024,2024-08,2024-08-24,Martins Machado,MARTINS MACHADO,Posto Ceilândia,cnpj,00342436000169,26975,272.06,Combustíveis,,2026-08-11T18:09:30
2024,2024-08,2024-08-25,Martins Machado,MARTINS MACHADO,Auto Posto SOF Norte,cnpj,03951672000170,1353633,100.00,Combustíveis,,2026-08-11T18:09:30
2024,2024-08,2024-08-27,Martins Machado,MARTINS MACHADO,Auto Karserv Combustiveis,cnpj,00689380000113,67994,100.00,Combustíveis,,2026-08-11T18:09:30
2024,2024-08,2024-08-29,Martins Machado,MARTINS MACHADO,Auto Posto NN 10,cnpj,11936605000105,119544,50.00,Combustíveis,,2026-08-11T18:09:30
2024,2024-08,2024-08-30,Martins Machado,MARTINS MACHADO,Posto 310,cnpj,32590257000137,1085,150.00,Combustíveis,,2026-08-11T18:09:30
2024,2024-09,2024-09-01,Martins Machado,MARTINS MACHADO,Posto Conecta Ceilândia,cnpj,12123780000146,11414,50.00,Combustíveis,,2026-08-11T18:09:30
2024,2024-09,2024-09-02,Martins Machado,MARTINS MACHADO,Eldourado Frotas Ltda,cnpj,41685059000148,71,5990.00,Locação de Veículo,,2026-08-11T18:09:30
2024,2024-09,2024-09-02,Martins Machado,MARTINS MACHADO,Posto Estação Sul,cnpj,06555245000161,34541,60.00,Combustíveis,,2026-08-11T18:09:30
2024,2024-09,2024-09-02,Martins Machado,MARTINS MACHADO,Posto de Combustível São Rafael,cnpj,53600984000108,238107,108.07,Combustíveis,,2026-08-11T18:09:30
2024,2024-09,2024-09-03,Martins Machado,MARTINS MACHADO,Auto Posto NN 10,cnpj,11936605000105,119728,50.00,Combustíveis,,2026-08-11T18:09:30
2024,2024-09,2024-09-05,Martins Machado,MARTINS MACHADO,Pro Video Locação e Eventos - LTDA ME,cnpj,13542814000108,255,5000.00,Divulgação de Atividade Parlamentar,,2026-08-11T18:09:30
2024,2024-09,2024-09-05,Martins Machado,MARTINS MACHADO,Soily Braga - Sociedade Individual de Advocacia,cnpj,52385773000137,12,5500.00,Assessoria / Consultoria Jurídica,,2026-08-11T18:09:30
2024,2024-09,2024-09-06,Martins Machado,MARTINS MACHADO,Posto Ceilândia,cnpj,00342436000169,17552,301.60,Combustíveis,,2026-08-11T18:09:30
2024,2024-09,2024-09-08,Martins Machado,MARTINS MACHADO,Posto Paranoá Cascol,cnpj,00306597005409,4522084,100.00,Combustíveis,,2026-08-11T18:09:30
2024,2024-09,2024-09-11,Martins Machado,MARTINS MACHADO,Auto Posto NN 10,cnpj,11936605000105,120017,70.00,Combustíveis,,2026-08-11T18:09:30
2024,2024-09,2024-09-12,Martins Machado,MARTINS MACHADO,Posto Monumental,cnpj,05454390000193,371576,100.00,Combustíveis,,2026-08-11T18:09:30
2024,2024-09,2024-09-13,Martins Machado,MARTINS MACHADO,Posto Ceilândia,cnpj,00342436000169,543956,150.00,Combustíveis,,2026-08-11T18:09:30
2024,2024-09,2024-09-13,Martins Machado,MARTINS MACHADO,Posto Monumental,cnpj,05454390000193,372142,100.00,Combustíveis,,2026-08-11T18:09:30
2024,2024-09,2024-09-17,Martins Machado,MARTINS MACHADO,Auto Posto NN 10,cnpj,11936605000105,120260,50.00,Combustíveis,,2026-08-11T18:09:30
2024,2024-09,2024-09-20,Martins Machado,MARTINS MACHADO,Posto Ceilândia,cnpj,00342436000169,31174,235.54,Combustíveis,,2026-08-11T18:09:30
2024,2024-09,2024-09-24,Martins Machado,MARTINS MACHADO,Posto Nenen's Chopp,cnpj,32434124000171,411967,60.00,Combustíveis,,2026-08-11T18:09:30
2024,2024-09,2024-09-26,Martins Machado,MARTINS MACHADO,Posto Nenen's Chopp,cnpj,32434124000171,235115,50.00,Combustíveis,,2026-08-11T18:09:30
2024,2024-09,2024-09-28,Martins Machado,MARTINS MACHADO,Posto Nenen's Chopp,cnpj,32434124000171,294289,40.00,Combustíveis,,2026-08-11T18:09:30
2024,2024-10,2024-10-02,Martins Machado,MARTINS MACHADO,Auto Posto NN 10,cnpj,11936605000105,120845,40.00,Combustíveis,,2026-08-11T18:09:30
2024,2024-10,2024-10-02,Martins Machado,MARTINS MACHADO,Eldourado Frotas Ltda,cnpj,41685059000148,75,5990.00,Locação de Veículo,,2026-08-11T18:09:30
2024,2024-10,2024-10-02,Martins Machado,MARTINS MACHADO,Soily Braga - Sociedade Individual de Advocacia,cnpj,52385773000137,13,5500.00,Assessoria / Consultoria Jurídica,,2026-08-11T18:09:30
2024,2024-10,2024-10-03,Martins Machado,MARTINS MACHADO,Pro Video Locação e Eventos - LTDA ME,cnpj,13542814000108,264,5000.00,Divulgação de Atividade Parlamentar,,2026-08-11T18:09:30
2024,2024-10,2024-10-04,Martins Machado,MARTINS MACHADO,Posto Auto Cei,cnpj,00306597002817,2672543,50.00,Combustíveis,,2026-08-11T18:09:30
2024,2024-10,2024-10-06,Martins Machado,MARTINS MACHADO,Auto Posto NN 10,cnpj,11936605000105,121131,50.00,Combustíveis,,2026-08-11T18:09:30
2024,2024-10,2024-10-07,Martins Machado,MARTINS MACHADO,Posto Nenen's Chopp,cnpj,32434124000171,418009,50.00,Combustíveis,,2026-08-11T18:09:30
2024,2024-10,2024-10-11,Martins Machado,MARTINS MACHADO,Auto Posto NN 10,cnpj,11936605000105,121414,40.00,Combustíveis,,2026-08-11T18:09:30
2024,2024-10,2024-10-17,Martins Machado,MARTINS MACHADO,Posto Conquista,cnpj,17707272000129,5086,100.00,Combustíveis,,2026-08-11T18:09:30
2024,2024-10,2024-10-21,Martins Machado,MARTINS MACHADO,Posto Conquista,cnpj,17707272000129,2097,50.00,Combustíveis,,2026-08-11T18:09:30
2024,2024-10,2024-10-21,Martins Machado,MARTINS MACHADO,Posto Metro,cnpj,09232995000190,68728,40.00,Combustíveis,,2026-08-11T18:09:30
2024,2024-10,2024-10-22,Martins Machado,MARTINS MACHADO,Posto Metro,cnpj,09232995000190,61415,35.00,Combustíveis,,2026-08-11T18:09:30
2024,2024-10,2024-10-25,Martins Machado,MARTINS MACHADO,Posto Monumental,cnpj,05454390000193,387565,40.00,Combustíveis,,2026-08-11T18:09:30
2024,2024-10,2024-10-31,Martins Machado,MARTINS MACHADO,Auto Posto Cinco Estrelas,cnpj,00692418002070,807473,288.10,Combustíveis,,2026-08-11T18:09:30
2024,2024-11,2024-11-01,Martins Machado,MARTINS MACHADO,Eldourado Frotas Ltda,cnpj,41685059000148,81,5990.00,Locação de Veículo,,2026-08-11T18:09:30
2024,2024-11,2024-11-03,Martins Machado,MARTINS MACHADO,Posto Quadra 08,cnpj,11726230000159,128517,100.00,Combustíveis,,2026-08-11T18:09:30
2024,2024-11,2024-11-03,Martins Machado,MARTINS MACHADO,Posto Quadra 08,cnpj,11726230000159,174375,100.00,Combustíveis,,2026-08-11T18:09:30
2024,2024-11,2024-11-04,Martins Machado,MARTINS MACHADO,Posto de Combustiveis São Rafael,cnpj,53600984000108,357782,60.00,Combustíveis,,2026-08-11T18:09:30
2024,2024-11,2024-11-05,Martins Machado,MARTINS MACHADO,Posto Cascol,cnpj,00306597001683,279549,150.00,Combustíveis,,2026-08-11T18:09:30
2024,2024-11,2024-11-05,Martins Machado,MARTINS MACHADO,Pro Video Locação e Eventos - LTDA ME,cnpj,13542814000108,277,5000.00,Divulgação de Atividade Parlamentar,,2026-08-11T18:09:30
2024,2024-11,2024-11-05,Martins Machado,MARTINS MACHADO,Soily Braga - Sociedade Individual de Advocacia,cnpj,52385773000137,14,5500.00,Assessoria / Consultoria Jurídica,,2026-08-11T18:09:30
2024,2024-11,2024-11-06,Martins Machado,MARTINS MACHADO,Posto Z,cnpj,18055554000151,1187333,100.00,Combustíveis,,2026-08-11T18:09:30
2024,2024-11,2024-11-07,Martins Machado,MARTINS MACHADO,Auto Posto NN 10,cnpj,11936605000105,123541,75.00,Combustíveis,,2026-08-11T18:09:30
2024,2024-11,2024-11-07,Martins Machado,MARTINS MACHADO,Posto Taquari,cnpj,00306597008858,510630,93.56,Combustíveis,,2026-08-11T18:09:30
2024,2024-11,2024-11-08,Martins Machado,MARTINS MACHADO,Posto Cascol,cnpj,00306597002655,1259649,150.00,Combustíveis,,2026-08-11T18:09:30
2024,2024-11,2024-11-10,Martins Machado,MARTINS MACHADO,Auto Posto NN 10,cnpj,11936605000105,123918,50.00,Combustíveis,,2026-08-11T18:09:30
2024,2024-11,2024-11-11,Martins Machado,MARTINS MACHADO,Posto Sousa e Alves,cnpj,07111605000107,41471,50.00,Combustíveis,,2026-08-11T18:09:30
2024,2024-11,2024-11-14,Martins Machado,MARTINS MACHADO,Auto Posto NN 10,cnpj,11936605000105,124393,50.00,Combustíveis,,2026-08-11T18:09:30
2024,2024-11,2024-11-16,Martins Machado,MARTINS MACHADO,Auto Posto NN 10,cnpj,11936605000105,124605,50.00,Combustíveis,,2026-08-11T18:09:30
2024,2024-11,2024-11-18,Martins Machado,MARTINS MACHADO,Posto Ceilandia,cnpj,00342436000169,36545,200.00,Combustíveis,,2026-08-11T18:09:30
2024,2024-11,2024-11-27,Martins Machado,MARTINS MACHADO,Posto Taquari,cnpj,00306597008858,518923,100.00,Combustíveis,,2026-08-11T18:09:30
2024,2024-11,2024-11-28,Martins Machado,MARTINS MACHADO,Posto Nenen's,cnpj,32434124000171,440011,40.00,Combustíveis,,2026-08-11T18:09:30
2024,2024-11,2024-11-29,Martins Machado,MARTINS MACHADO,Posto Z,cnpj,18055554000151,1199524,150.00,Combustíveis,,2026-08-11T18:09:30
2024,2024-11,2024-11-30,Martins Machado,MARTINS MACHADO,Auto Posto NN 10,cnpj,11936605000105,126000,35.00,Combustíveis,,2026-08-11T18:09:30
2024,2024-12,2024-12-02,Martins Machado,MARTINS MACHADO,Posto R13 Santa Maria,cnpj,42001728000188,661710,100.00,Combustíveis,,2026-08-11T18:09:30
2024,2024-12,2024-12-03,Martins Machado,MARTINS MACHADO,Eldourado Frotas Ltda,cnpj,41685059000148,86,5990.00,Locação de Veículo,,2026-08-11T18:09:30
2024,2024-12,2024-12-03,Martins Machado,MARTINS MACHADO,Soily Braga - Sociedade Individual de Advocacia,cnpj,52385773000137,15,5500.00,Assessoria / Consultoria Jurídica,,2026-08-11T18:09:30
2024,2024-12,2024-12-04,Martins Machado,MARTINS MACHADO,Auto Posto Cinco Estrelas,cnpj,00692418002231,686909,60.00,Combustíveis,,2026-08-11T18:09:30
2024,2024-12,2024-12-05,Martins Machado,MARTINS MACHADO,Posto Metro,cnpj,09232995000190,72538,236.29,Combustíveis,,2026-08-11T18:09:30
2024,2024-12,2024-12-05,Martins Machado,MARTINS MACHADO,Pro Video Locação e Eventos - LTDA ME,cnpj,13542814000108,296,5000.00,Divulgação de Atividade Parlamentar,,2026-08-11T18:09:30
2024,2024-12,2024-12-12,Martins Machado,MARTINS MACHADO,Posto Nenen's,cnpj,32434124000171,324119,60.00,Combustíveis,,2026-08-11T18:09:30
2024,2024-12,2024-12-14,Martins Machado,MARTINS MACHADO,Auto Posto NN 10,cnpj,11936605000105,127464,40.00,Combustíveis,,2026-08-11T18:09:30
2024,2024-12,2024-12-17,Martins Machado,MARTINS MACHADO,Auto Posto NN 10,cnpj,11936605000105,127934,100.00,Combustíveis,,2026-08-11T18:09:30
2024,2024-12,2024-12-18,Martins Machado,MARTINS MACHADO,Auto Posto Fenix ODJ,cnpj,25004046000290,89450,162.69,Combustíveis,,2026-08-11T18:09:30
2024,2024-12,2024-12-23,Martins Machado,MARTINS MACHADO,Auto Posto Cinco Estrelas,cnpj,00692418002312,451443,171.56,Combustíveis,,2026-08-11T18:09:30
2024,2024-12,2024-12-26,Martins Machado,MARTINS MACHADO,Auto Posto NN 10,cnpj,11936605000105,128688,60.00,Combustíveis,,2026-08-11T18:09:30
2024,2024-12,2024-12-28,Martins Machado,MARTINS MACHADO,Posto Colina,cnpj,24912669000118,71114,50.00,Combustíveis,,2026-08-11T18:09:30
2024,2025-01,2025-01-03,Martins Machado,MARTINS MACHADO,Eldourado Frotas Ltda,cnpj,41685059000148,90,5990.00,Locação de Veículo,,2026-08-11T18:09:30
2024,2025-01,2025-01-06,Martins Machado,MARTINS MACHADO,Pro Video Locação e Eventos - LTDA ME,cnpj,13542814000108,317,5000.00,Divulgação de Atividade Parlamentar,,2026-08-11T18:09:30
2024,2025-01,2025-01-06,Martins Machado,MARTINS MACHADO,Soily Braga - Sociedade Individual de Advocacia,cnpj,52385773000137,16,5500.00,Assessoria / Consultoria Jurídica,,2026-08-11T18:09:30
2025,2025-01,2025-01-07,Deputado Joaquim Roriz Neto,JOAQUIM RORIZ NETO,Auto Posto Cinco Estrelas,cnpj,00692418002070,869096,281.66,Combustíveis e Lubrificantes,,2026-08-11T18:09:30
2025,2025-01,2025-01-07,Deputado Joaquim Roriz Neto,JOAQUIM RORIZ NETO,ELEGIS Gestão Estrategica Consultoria e Tecnologia LTDA,cnpj,28067410000179,2073,649.00,,,2026-08-11T18:09:30
2025,2025-01,2025-01-14,Deputado Joaquim Roriz Neto,JOAQUIM RORIZ NETO,Comercial de Combustíveis MAM LTDA,cnpj,10702904000112,115755,200.11,Combustíveis e Lubrificantes,,2026-08-11T18:09:30
2025,2025-01,2025-01-16,Deputado Joaquim Roriz Neto,JOAQUIM RORIZ NETO,Petronorte Combustíveis LTDA,cnpj,06071706000473,135152,298.15,Combustíveis e Lubrificantes,,2026-08-11T18:09:30
2025,2025-01,2025-01-20,Deputado Joaquim Roriz Neto,JOAQUIM RORIZ NETO,Comercial de Combustíveis MAM LTDA,cnpj,10702904000112,116344,342.07,Combustíveis e Lubrificantes,,2026-08-11T18:09:30
2025,2025-01,2025-01-25,Deputado Joaquim Roriz Neto,JOAQUIM RORIZ NETO,Comercial de Combustíveis MAM LTDA,cnpj,10702904000112,117012,226.78,Combustíveis e Lubrificantes,,2026-08-11T18:09:30
2025,2025-01,2025-01-28,Deputado Joaquim Roriz Neto,JOAQUIM RORIZ NETO,CASCOL Combustíveis LTDA,cnpj,00306597008181,610165,285.63,Combustíveis e Lubrificantes,,2026-08-11T18:09:30
2025,2025-01,2025-01-29,Deputado Joaquim Roriz Neto,JOAQUIM RORIZ NETO,Comercial de Combustíveis MAM LTDA,cnpj,10702904000112,107457,203.99,Combustíveis e Lubrificantes,,2026-08-11T18:09:30
2025,2025-02,2025-02-02,Deputado Joaquim Roriz Neto,JOAQUIM RORIZ NETO,Facebook,cnpj,13347016000117,101794753,2899.94,Serviços Online,,2026-08-11T18:09:30
2025,2025-02,2025-02-03,Deputado Joaquim Roriz Neto,JOAQUIM RORIZ NETO,Auto Posto Cinco Estrelas,cnpj,00692418002070,890835,300.08,Combustíveis e Lubrificantes,,2026-08-11T18:09:30
2025,2025-02,2025-02-03,Deputado Joaquim Roriz Neto,JOAQUIM RORIZ NETO,SUPREMA Mobilidade LTDA,cnpj,24894397000170,164,5500.00,Locação de Veículos,,2026-08-11T18:09:30
2025,2025-02,2025-02-04,Deputado Joaquim Roriz Neto,JOAQUIM RORIZ NETO,MONOM Monitoramento Digital LTDA,cnpj,48819584000158,149,2500.00,Monitoramento Digital,,2026-08-11T18:09:30
2025,2025-02,2025-02-04,Deputado Joaquim Roriz Neto,JOAQUIM RORIZ NETO,Verso Assessoria de Comunicação Estratégica LTDA,nao_e_registro,,28,3800.00,Assessoria de Comunicação,,2026-08-11T18:09:30
2025,2025-02,2025-02-17,Deputado Joaquim Roriz Neto,JOAQUIM RORIZ NETO,Comercial de Combustíveis MAM LTDA,cnpj,10702904000112,90108,274.29,Combustíveis e Lubrificantes,,2026-08-11T18:09:30
2025,2025-02,2025-02-18,Deputado Joaquim Roriz Neto,JOAQUIM RORIZ NETO,Posto de Gasolina dos Anões LTDA,cnpj,00360990000179,200547,305.24,Combustíveis e Lubrificantes,,2026-08-11T18:09:30
2025,2025-02,2025-02-20,Deputado Joaquim Roriz Neto,JOAQUIM RORIZ NETO,ELEGIS Gestão Estrategica Consultoria e Tecnologia LTDA,cnpj,28067410000179,2169,649.00,,,2026-08-11T18:09:30
2025,2025-02,2025-02-23,Deputado Joaquim Roriz Neto,JOAQUIM RORIZ NETO,Comercial de Combustíveis MAM LTDA,cnpj,10702904000112,119136,256.08,Combustíveis e Lubrificantes,,2026-08-11T18:09:30
2025,2025-02,2025-02-25,Deputado Joaquim Roriz Neto,JOAQUIM RORIZ NETO,Posto de Gasolina dos Anões LTDA,cnpj,00360990000179,200743,279.40,Combustíveis e Lubrificantes,,2026-08-11T18:09:30
2025,2025-02,2025-02-25,Deputado Joaquim Roriz Neto,JOAQUIM RORIZ NETO,Verso Assessoria de Comunicação Estratégica LTDA,nao_e_registro,,30,3800.00,Assessoria de Comunicação,,2026-08-11T18:09:30
2025,2025-02,2025-02-27,Deputado Joaquim Roriz Neto,JOAQUIM RORIZ NETO,Comercial de Combustíveis MAM LTDA,cnpj,10702904000112,111138,311.93,Combustíveis e Lubrificantes,,2026-08-11T18:09:30
2025,2025-02,2025-02-28,Deputado Joaquim Roriz Neto,JOAQUIM RORIZ NETO,CASCOL Combustíveis para Veiculos LTDA,cnpj,00306597006995,382290,270.06,Combustíveis e Lubrificantes,,2026-08-11T18:09:30
2025,2025-03,2025-03-01,Deputado Joaquim Roriz Neto,JOAQUIM RORIZ NETO,SUPREMA Mobilidade LTDA,cnpj,24894397000170,199,5500.00,Locação de Veículos,,2026-08-11T18:09:30
2025,2025-03,2025-03-03,Deputado Joaquim Roriz Neto,JOAQUIM RORIZ NETO,Facebook,cnpj,13347016000117,105473877,1500.00,Serviços Online,,2026-08-11T18:09:30
2025,2025-03,2025-03-05,Deputado Joaquim Roriz Neto,JOAQUIM RORIZ NETO,Comercial de Combustíveis MAM LTDA,cnpj,10702904000112,92075,191.47,Combustíveis e Lubrificantes,,2026-08-11T18:09:30
2025,2025-03,2025-03-07,Deputado Joaquim Roriz Neto,JOAQUIM RORIZ NETO,MONOM Monitoramento Digital LTDA,cnpj,48819584000158,155,2500.00,Monitoramento Digital,,2026-08-11T18:09:30
2025,2025-03,2025-03-07,Deputado Joaquim Roriz Neto,JOAQUIM RORIZ NETO,Posto de Gasolina dos Anões LTDA,cnpj,00360990000179,200985,306.34,Combustíveis e Lubrificantes,,2026-08-11T18:09:30
2025,2025-03,2025-03-10,Deputado Joaquim Roriz Neto,JOAQUIM RORIZ NETO,Comercial de Combustíveis MAM LTDA,cnpj,10702904000112,625317,100.00,Combustíveis e Lubrificantes,,2026-08-11T18:09:30
2025,2025-03,2025-03-10,Deputado Joaquim Roriz Neto,JOAQUIM RORIZ NETO,ELEGIS Gestão Estrategica Consultoria e Tecnologia LTDA,cnpj,28067410000179,2215,649.00,,,2026-08-11T18:09:30
2025,2025-03,2025-03-14,Deputado Joaquim Roriz Neto,JOAQUIM RORIZ NETO,Park Bandeira Comercio de Combustíveis,nao_e_registro,,19164,150.00,Combustíveis e Lubrificantes,,2026-08-11T18:09:30
2025,2025-03,2025-03-14,Deputado Joaquim Roriz Neto,JOAQUIM RORIZ NETO,Posto de Gasolina dos Anões LTDA,cnpj,00360990000179,201202,200.00,Combustíveis e Lubrificantes,,2026-08-11T18:09:30
2025,2025-03,2025-03-18,Deputado Joaquim Roriz Neto,JOAQUIM RORIZ NETO,Comercial de Combustíveis MAM LTDA,cnpj,10702904000112,626449,288.21,Combustíveis e Lubrificantes,,2026-08-11T18:09:30
2025,2025-03,2025-03-19,Deputado Joaquim Roriz Neto,JOAQUIM RORIZ NETO,CASCOL Combustíveis para Veiculos LTDA,cnpj,00306597006995,623660,303.62,Combustíveis e Lubrificantes,,2026-08-11T18:09:30
2025,2025-03,2025-03-20,Deputado Joaquim Roriz Neto,JOAQUIM RORIZ NETO,CASCOL Combustíveis para Veiculos LTDA,cnpj,00306597006995,603447,325.14,Combustíveis e Lubrificantes,,2026-08-11T18:09:30
2025,2025-03,2025-03-22,Deputado Joaquim Roriz Neto,JOAQUIM RORIZ NETO,Rede Quality Comercio de Combustíveis LTDA,cnpj,36900391000571,357420,269.08,Combustíveis e Lubrificantes,,2026-08-11T18:09:30
2025,2025-03,2025-03-26,Deputado Joaquim Roriz Neto,JOAQUIM RORIZ NETO,Auto Posto Cinto Estrelas LTDA,cnpj,00692418002070,936142,318.97,Combustíveis e Lubrificantes,,2026-08-11T18:09:30
2025,2025-03,2025-03-26,Deputado Joaquim Roriz Neto,JOAQUIM RORIZ NETO,Verso Assessoria de Comunicação Estratégica LTDA,nao_e_registro,,34,3800.00,Assessoria de Comunicação,,2026-08-11T18:09:30
2025,2025-03,2025-03-27,Deputado Joaquim Roriz Neto,JOAQUIM RORIZ NETO,Auto Posto Cinto Estrelas LTDA,cnpj,00692418002070,93700,281.71,Combustíveis e Lubrificantes,,2026-08-11T18:09:30
2025,2025-03,2025-03-28,Deputado Joaquim Roriz Neto,JOAQUIM RORIZ NETO,CASCOL Combustíveis para Veiculos LTDA,cnpj,00306597006995,2550633,293.40,Combustíveis e Lubrificantes,,2026-08-11T18:09:30
2025,2025-04,2025-04-01,Deputado Joaquim Roriz Neto,JOAQUIM RORIZ NETO,SUPREMA Mobilidade LTDA,cnpj,24894397000170,225,5500.00,Locação de Veículos,,2026-08-11T18:09:30
2025,2025-04,2025-04-02,Deputado Joaquim Roriz Neto,JOAQUIM RORIZ NETO,Facebook,cnpj,13347016000117,106868436,3097.11,Serviços Online,,2026-08-11T18:09:30
2025,2025-04,2025-04-03,Deputado Joaquim Roriz Neto,JOAQUIM RORIZ NETO,Comercial de Combustíveis MAM LTDA,cnpj,10702904000112,123572,339.84,Combustíveis e Lubrificantes,,2026-08-11T18:09:30
2025,2025-04,2025-04-03,Deputado Joaquim Roriz Neto,JOAQUIM RORIZ NETO,ELEGIS Gestão Estrategica Consultoria e Tecnologia LTDA,cnpj,28067410000179,2280,649.00,,,2026-08-11T18:09:30
2025,2025-04,2025-04-03,Deputado Joaquim Roriz Neto,JOAQUIM RORIZ NETO,MONOM Monitoramento Digital LTDA,cnpj,48819584000158,161,2500.00,Monitoramento Digital,,2026-08-11T18:09:30
2025,2025-04,2025-04-04,Deputado Joaquim Roriz Neto,JOAQUIM RORIZ NETO,Auto Posto Cinto Estrelas LTDA,cnpj,00692418002070,943525,261.37,Combustíveis e Lubrificantes,,2026-08-11T18:09:30
2025,2025-04,2025-04-04,Deputado Joaquim Roriz Neto,JOAQUIM RORIZ NETO,Posto de Combustíveis Garantia LTDA,cnpj,72578438000162,119574,100.00,Combustíveis e Lubrificantes,,2026-08-11T18:09:30
2025,2025-04,2025-04-07,Deputado Joaquim Roriz Neto,JOAQUIM RORIZ NETO,CASCOL Combustíveis para Veiculos LTDA,cnpj,00306597006995,628086,280.05,Combustíveis e Lubrificantes,,2026-08-11T18:09:30
2025,2025-04,2025-04-09,Deputado Joaquim Roriz Neto,JOAQUIM RORIZ NETO,Comercial de Combustíveis MAM LTDA,cnpj,10702904000112,130070,266.92,Combustíveis e Lubrificantes,,2026-08-11T18:09:30
2025,2025-04,2025-04-11,Deputado Joaquim Roriz Neto,JOAQUIM RORIZ NETO,Auto Posto Cinto Estrelas LTDA,cnpj,00692418002070,949929,262.93,Combustíveis e Lubrificantes,,2026-08-11T18:09:30
2025,2025-04,2025-04-17,Deputado Joaquim Roriz Neto,JOAQUIM RORIZ NETO,Comercial de Combustíveis MAM LTDA,cnpj,10702904000112,126663,240.78,Combustíveis e Lubrificantes,,2026-08-11T18:09:30
2025,2025-04,2025-04-20,Deputado Joaquim Roriz Neto,JOAQUIM RORIZ NETO,Comercial de Combustíveis MAM LTDA,cnpj,10702904000112,125568,322.64,Combustíveis e Lubrificantes,,2026-08-11T18:09:30
2025,2025-04,2025-04-21,Deputado Joaquim Roriz Neto,JOAQUIM RORIZ NETO,Auto Posto Capital LTDA,cnpj,08978109000100,20354,285.80,Combustíveis e Lubrificantes,,2026-08-11T18:09:30
2025,2025-04,2025-04-28,Deputado Joaquim Roriz Neto,JOAQUIM RORIZ NETO,Auto Posto Cinto Estrelas LTDA,cnpj,00692418002070,965276,275.00,Combustíveis e Lubrificantes,,2026-08-11T18:09:30
2025,2025-04,2025-04-29,Deputado Joaquim Roriz Neto,JOAQUIM RORIZ NETO,Comercial de Combustíveis MAM LTDA,cnpj,10702904000112,633144,244.69,Combustíveis e Lubrificantes,,2026-08-11T18:09:30
2025,2025-04,2025-04-30,Deputado Joaquim Roriz Neto,JOAQUIM RORIZ NETO,Comercial de Combustíveis MAM LTDA,cnpj,10702904000112,133194,272.76,Combustíveis e Lubrificantes,,2026-08-11T18:09:30
2025,2025-04,2025-04-30,Deputado Joaquim Roriz Neto,JOAQUIM RORIZ NETO,Verso Assessoria de Comunicação Estratégica LTDA,nao_e_registro,,37,3800.00,Assessoria de Comunicação,,2026-08-11T18:09:30
2025,2025-05,2025-05-02,Deputado Joaquim Roriz Neto,JOAQUIM RORIZ NETO,Facebook,cnpj,13347016000117,109768538,3196.69,Serviços Online,,2026-08-11T18:09:30
2025,2025-05,2025-05-02,Deputado Joaquim Roriz Neto,JOAQUIM RORIZ NETO,SUPREMA Mobilidade LTDA,cnpj,24894397000170,280,5500.00,Locação de Veículos,,2026-08-11T18:09:30
2025,2025-05,2025-05-05,Deputado Joaquim Roriz Neto,JOAQUIM RORIZ NETO,ELEGIS Gestão Estrategica Consultoria e Tecnologia LTDA,cnpj,28067410000179,2360,649.00,,,2026-08-11T18:09:30
2025,2025-05,2025-05-06,Deputado Joaquim Roriz Neto,JOAQUIM RORIZ NETO,CASCOL Combustíveis para Veiculos LTDA,cnpj,00306597006995,633786,280.51,Combustíveis e Lubrificantes,,2026-08-11T18:09:30
2025,2025-05,2025-05-07,Deputado Joaquim Roriz Neto,JOAQUIM RORIZ NETO,Comercial de Combustíveis MAM LTDA,cnpj,10702904000112,119970,60.00,Combustíveis e Lubrificantes,,2026-08-11T18:09:30
2025,2025-05,2025-05-07,Deputado Joaquim Roriz Neto,JOAQUIM RORIZ NETO,Comercial de Combustíveis MAM LTDA,cnpj,10702904000112,134110,262.28,Combustíveis e Lubrificantes,,2026-08-11T18:09:30
2025,2025-05,2025-05-08,Deputado Joaquim Roriz Neto,JOAQUIM RORIZ NETO,MONOM Monitoramento Digital LTDA,cnpj,48819584000158,171,2500.00,Monitoramento Digital,,2026-08-11T18:09:30
2025,2025-05,2025-05-08,Deputado Joaquim Roriz Neto,JOAQUIM RORIZ NETO,MONOM Monitoramento Digital LTDA,cnpj,48819584000158,175,2500.00,Monitoramento Digital,,2026-08-11T18:09:30
2025,2025-05,2025-05-09,Deputado Joaquim Roriz Neto,JOAQUIM RORIZ NETO,Auto Posto Cinto Estrelas LTDA,cnpj,00692418002070,974549,261.76,Combustíveis e Lubrificantes,,2026-08-11T18:09:30
2025,2025-05,2025-05-12,Deputado Joaquim Roriz Neto,JOAQUIM RORIZ NETO,Auto Posto Cinto Estrelas LTDA,cnpj,00692418002070,977476,286.05,Combustíveis e Lubrificantes,,2026-08-11T18:09:30
2025,2025-05,2025-05-13,Deputado Joaquim Roriz Neto,JOAQUIM RORIZ NETO,Comercial de Combustíveis MAM LTDA,cnpj,10702904000112,101701,258.82,Combustíveis e Lubrificantes,,2026-08-11T18:09:30
2025,2025-05,2025-05-17,Deputado Joaquim Roriz Neto,JOAQUIM RORIZ NETO,Auto Posto Cinto Estrelas LTDA,cnpj,00692418002070,982153,293.30,Combustíveis e Lubrificantes,,2026-08-11T18:09:30
2025,2025-05,2025-05-18,Deputado Joaquim Roriz Neto,JOAQUIM RORIZ NETO,Auto Posto Cinto Estrelas LTDA,cnpj,00692418002070,982947,399.45,Combustíveis e Lubrificantes,,2026-08-11T18:09:30
2025,2025-05,2025-05-19,Deputado Joaquim Roriz Neto,JOAQUIM RORIZ NETO,Auto Posto Cinto Estrelas LTDA,cnpj,00692418002070,984316,288.69,Combustíveis e Lubrificantes,,2026-08-11T18:09:30
2025,2025-05,2025-05-23,Deputado Joaquim Roriz Neto,JOAQUIM RORIZ NETO,Posto Rota 406 Sul LTDA,cnpj,31165607000155,68883,277.41,Combustíveis e Lubrificantes,,2026-08-11T18:09:30
2025,2025-05,2025-05-26,Deputado Joaquim Roriz Neto,JOAQUIM RORIZ NETO,Posto de Gasolina dos Anoes LTDA,cnpj,00360990000179,203571,300.26,Combustíveis e Lubrificantes,,2026-08-11T18:09:30
2025,2025-05,2025-05-28,Deputado Joaquim Roriz Neto,JOAQUIM RORIZ NETO,Comercial de Combustíveis MAM LTDA,cnpj,10702904000112,137109,253.01,Combustíveis e Lubrificantes,,2026-08-11T18:09:30
2025,2025-05,2025-05-29,Deputado Joaquim Roriz Neto,JOAQUIM RORIZ NETO,Auto Posto Cinto Estrelas LTDA,cnpj,00692418002070,993216,286.45,Combustíveis e Lubrificantes,,2026-08-11T18:09:30
2025,2025-06,2025-06-02,Deputado Joaquim Roriz Neto,JOAQUIM RORIZ NETO,Facebook,cnpj,13347016000117,111641314,3202.08,Serviços Online,,2026-08-11T18:09:30
2025,2025-06,2025-06-02,Deputado Joaquim Roriz Neto,JOAQUIM RORIZ NETO,SUPREMA Mobilidade LTDA,cnpj,24894397000170,331,5500.00,Locação de Veículos,,2026-08-11T18:09:30
2025,2025-06,2025-06-02,Deputado Joaquim Roriz Neto,JOAQUIM RORIZ NETO,Verso Assessoria de Comunicação Estratégica LTDA,nao_e_registro,,41,3800.00,Assessoria de Comunicação,,2026-08-11T18:09:30
2025,2025-06,2025-06-03,Deputado Joaquim Roriz Neto,JOAQUIM RORIZ NETO,Posto de Gasolina dos Anoes LTDA,cnpj,00360990000179,203829,297.63,Combustíveis e Lubrificantes,,2026-08-11T18:09:30
2025,2025-06,2025-06-04,Deputado Joaquim Roriz Neto,JOAQUIM RORIZ NETO,CASCOL Combustíveis para Veiculos LTDA,cnpj,00306597006995,1434175,291.88,Combustíveis e Lubrificantes,,2026-08-11T18:09:30
2025,2025-06,2025-06-06,Deputado Joaquim Roriz Neto,JOAQUIM RORIZ NETO,ELEGIS Gestão Estrategica Consultoria e Tecnologia LTDA,cnpj,28067410000179,2441,649.00,,,2026-08-11T18:09:30
2025,2025-06,2025-06-07,Deputado Joaquim Roriz Neto,JOAQUIM RORIZ NETO,Auto Posto Cinto Estrelas LTDA,cnpj,00692418002070,1001637,204.18,Combustíveis e Lubrificantes,,2026-08-11T18:09:30
2025,2025-06,2025-06-09,Deputado Joaquim Roriz Neto,JOAQUIM RORIZ NETO,Posto de Combustíveis Petromaxx SPM LTDA,cnpj,58475952000141,1787,336.60,Combustíveis e Lubrificantes,,2026-08-11T18:09:30
2025,2025-06,2025-06-10,Deputado Joaquim Roriz Neto,JOAQUIM RORIZ NETO,Auto Posto Capital LTDA,cnpj,08978109000100,28157,240.00,Combustíveis e Lubrificantes,,2026-08-11T18:09:30
2025,2025-06,2025-06-10,Deputado Joaquim Roriz Neto,JOAQUIM RORIZ NETO,Comercial de Combustíveis MAM LTDA,cnpj,10702904000112,124245,260.49,Combustíveis e Lubrificantes,,2026-08-11T18:09:30
2025,2025-06,2025-06-18,Deputado Joaquim Roriz Neto,JOAQUIM RORIZ NETO,Posto de Gasolina dos Anoes LTDA,cnpj,00360990000179,204330,310.39,Combustíveis e Lubrificantes,,2026-08-11T18:09:30
2025,2025-06,2025-06-24,Deputado Joaquim Roriz Neto,JOAQUIM RORIZ NETO,Auto Posto Cinto Estrelas LTDA,cnpj,00692418002070,1017275,218.94,Combustíveis e Lubrificantes,,2026-08-11T18:09:30
2025,2025-06,2025-06-25,Deputado Joaquim Roriz Neto,JOAQUIM RORIZ NETO,Auto Posto Cinto Estrelas LTDA,cnpj,00692418002070,1018566,288.34,Combustíveis e Lubrificantes,,2026-08-11T18:09:30
2025,2025-07,2025-07-01,Deputado Joaquim Roriz Neto,JOAQUIM RORIZ NETO,SUPREMA Mobilidade LTDA,cnpj,24894397000170,372,5500.00,Locação de Veículos,,2026-08-11T18:09:30
2025,2025-07,2025-07-02,Deputado Joaquim Roriz Neto,JOAQUIM RORIZ NETO,Facebook,cnpj,13347016000117,112302954,3300.00,Serviços Online,,2026-08-11T18:09:30
2025,2025-07,2025-07-02,Deputado Joaquim Roriz Neto,JOAQUIM RORIZ NETO,MONOM Monitoramento Digital LTDA,cnpj,48819584000158,186,2500.00,Monitoramento Digital,,2026-08-11T18:09:30
2025,2025-07,2025-07-03,Deputado Joaquim Roriz Neto,JOAQUIM RORIZ NETO,Verso Assessoria de Comunicação Estratégica LTDA,nao_e_registro,,43,3800.00,Assessoria de Comunicação,,2026-08-11T18:09:30
2025,2025-01,2025-01-23,Deputada Paula Belmonte,PAULA BELMONTE,RABBIT AGENCIA DE PUBLICIDADE,cnpj,30909939000134,2018625,5000.00,Divulgação de Atividade Parlamentar,,2026-08-11T18:09:30
2025,2025-01,2025-01-31,Deputada Paula Belmonte,PAULA BELMONTE,Elevare Mídias Marketing Ltda,cnpj,35352795000181,2018622,3000.00,Divulgação de Atividade Parlamentar,,2026-08-11T18:09:30
2025,2025-02,2025-02-14,Deputada Paula Belmonte,PAULA BELMONTE,Suprema Mobilidade Ltda,cnpj,24894397000170,2018626,3800.00,Locação de Veículos,,2026-08-11T18:09:30
2025,2025-02,2025-02-14,Deputada Paula Belmonte,PAULA BELMONTE,Suprema Mobilidade Ltda,cnpj,24894397000170,2042847,3800.00,Locação de Veículos,,2026-08-11T18:09:30
2025,2025-02,2025-02-25,Deputada Paula Belmonte,PAULA BELMONTE,RABBIT AGENCIA DE PUBLICIDADE,cnpj,30909939000134,2042835,5000.00,Divulgação de Atividade Parlamentar,,2026-08-11T18:09:30
2025,2025-03,2025-03-07,Deputada Paula Belmonte,PAULA BELMONTE,Elevare Mídias Marketing Ltda,cnpj,35352795000181,2042828,3000.00,Divulgação de Atividade Parlamentar,,2026-08-11T18:09:30
2025,2025-03,2025-03-25,Deputada Paula Belmonte,PAULA BELMONTE,RABBIT AGENCIA DE PUBLICIDADE,cnpj,30909939000134,2096696,5000.00,Divulgação de Atividade Parlamentar,,2026-08-11T18:09:30
2025,2025-03,2025-03-26,Deputada Paula Belmonte,PAULA BELMONTE,Elevare Mídias Marketing Ltda,cnpj,35352795000181,2096694,3000.00,Divulgação de Atividade Parlamentar,,2026-08-11T18:09:30
2025,2025-04,2025-04-01,Deputada Paula Belmonte,PAULA BELMONTE,Suprema Mobilidade Ltda,cnpj,24894397000170,2096698,3800.00,Locação de Veículos,,2026-08-11T18:09:30
2025,2025-04,2025-04-23,Deputada Paula Belmonte,PAULA BELMONTE,RABBIT AGENCIA DE PUBLICIDADE,cnpj,30909939000134,2147846,5000.00,Divulgação de Atividade Parlamentar,,2026-08-11T18:09:30
2025,2025-05,2025-05-02,Deputada Paula Belmonte,PAULA BELMONTE,Suprema Mobilidade Ltda,cnpj,24894397000170,2147852,3800.00,Locação de Veículos,,2026-08-11T18:09:30
2025,2025-05,2025-05-06,Deputada Paula Belmonte,PAULA BELMONTE,Elevare Mídias Marketing Ltda,cnpj,35352795000181,2147843,3000.00,Divulgação de Atividade Parlamentar,,2026-08-11T18:09:30
2025,2025-05,2025-05-27,Deputada Paula Belmonte,PAULA BELMONTE,RABBIT AGENCIA DE PUBLICIDADE,cnpj,30909939000134,2195732,5000.00,Divulgação de Atividade Parlamentar,,2026-08-11T18:09:30
2025,2025-06,2025-06-02,Deputada Paula Belmonte,PAULA BELMONTE,Suprema Mobilidade Ltda,cnpj,24894397000170,2195736,3800.00,Locação de Veículos,,2026-08-11T18:09:30
2025,2025-06,2025-06-09,Deputada Paula Belmonte,PAULA BELMONTE,Elevare Mídias Marketing Ltda,cnpj,35352795000181,2195730,3000.00,Divulgação de Atividade Parlamentar,,2026-08-11T18:09:30
2025,2025-06,2025-06-24,Deputada Paula Belmonte,PAULA BELMONTE,Elevare Mídias Marketing Ltda,cnpj,35352795000181,2234219,3000.00,Divulgação de Atividade Parlamentar,,2026-08-11T18:09:30
2025,2025-06,2025-06-26,Deputada Paula Belmonte,PAULA BELMONTE,RABBIT AGENCIA DE PUBLICIDADE,cnpj,30909939000134,2234236,5000.00,Divulgação de Atividade Parlamentar,,2026-08-11T18:09:30
2025,2025-07,2025-07-01,Deputada Paula Belmonte,PAULA BELMONTE,Suprema Mobilidade Ltda,cnpj,24894397000170,2234240,3800.00,Locação de Veículos,,2026-08-11T18:09:30
2025,2025-07,2025-07-23,Deputada Paula Belmonte,PAULA BELMONTE,RABBIT AGENCIA DE PUBLICIDADE,cnpj,30909939000134,2276342,5000.00,Divulgação de Atividade Parlamentar,,2026-08-11T18:09:30
2025,2025-08,2025-08-01,Deputada Paula Belmonte,PAULA BELMONTE,Suprema Mobilidade Ltda,cnpj,24894397000170,2276346,3800.00,Locação de Veículos,,2026-08-11T18:09:30
2025,2025-08,2025-08-04,Deputada Paula Belmonte,PAULA BELMONTE,Elevare Mídias Marketing Ltda,cnpj,35352795000181,2276332,3000.00,Divulgação de Atividade Parlamentar,,2026-08-11T18:09:30
2025,2025-09,2025-09-01,Deputada Paula Belmonte,PAULA BELMONTE,Suprema Mobilidade Ltda,cnpj,24894397000170,2311252,3800.00,Locação de Veículos,,2026-08-11T18:09:30
2025,2025-09,2025-09-03,Deputada Paula Belmonte,PAULA BELMONTE,RABBIT AGENCIA DE PUBLICIDADE,cnpj,30909939000134,2311236,7200.00,Divulgação de Atividade Parlamentar,,2026-08-11T18:09:30
2025,2025-09,2025-09-05,Deputada Paula Belmonte,PAULA BELMONTE,Elevare Mídias Marketing Ltda,cnpj,35352795000181,2311247,3000.00,Divulgação de Atividade Parlamentar,,2026-08-11T18:09:30
2025,2025-09,2025-09-25,Deputada Paula Belmonte,PAULA BELMONTE,RABBIT AGENCIA DE PUBLICIDADE,cnpj,30909939000134,2372471,7200.00,Divulgação de Atividade Parlamentar,,2026-08-11T18:09:30
2025,2025-09,2025-09-30,Deputada Paula Belmonte,PAULA BELMONTE,Elevare Mídias Marketing Ltda,cnpj,35352795000181,2372478,3000.00,Divulgação de Atividade Parlamentar,,2026-08-11T18:09:30
2025,2025-10,2025-10-01,Deputada Paula Belmonte,PAULA BELMONTE,Suprema Mobilidade Ltda,cnpj,24894397000170,2372483,3800.00,Locação de Veículos,,2026-08-11T18:09:30
2025,2025-10,2025-10-31,Deputada Paula Belmonte,PAULA BELMONTE,RABBIT AGENCIA DE PUBLICIDADE,cnpj,30909939000134,2416357,10050.00,Divulgação de Atividade Parlamentar,,2026-08-11T18:09:30
2025,2025-01,2025-01-03,Marcos Martins Machado,MARTINS MACHADO,Auto Posto Andrade,cnpj,24046493000240,44589,40.00,Combustíveis,,2026-08-11T18:09:30
2025,2025-01,2025-01-05,Martins Machado,MARTINS MACHADO,Posto Ceilandia,cnpj,00342436000169,43214,283.05,Combustíveis,,2026-08-11T18:09:30
2025,2025-01,2025-01-09,Martins Machado,MARTINS MACHADO,Posto Nenen's,cnpj,32434124000171,456923,100.00,Combustíveis,,2026-08-11T18:09:30
2025,2025-01,2025-01-15,Martins Machado,MARTINS MACHADO,Auto Posto NN 10,cnpj,11936605000105,130301,40.00,Combustíveis,,2026-08-11T18:09:30
2025,2025-01,2025-01-16,Martins Machado,MARTINS MACHADO,Auto Posto NN 10,cnpj,11936605000105,130368,40.00,Combustíveis,,2026-08-11T18:09:30
2025,2025-01,2025-01-17,Martins Machado,MARTINS MACHADO,Posto Ceasa,cnpj,33977940000194,7102,178.43,Combustíveis,,2026-08-11T18:09:30
2025,2025-01,2025-01-21,Martins Machado,MARTINS MACHADO,Auto Posto NN 10,cnpj,11936605000105,130623,60.00,Combustíveis,,2026-08-11T18:09:30
2025,2025-01,2025-01-22,Martins Machado,MARTINS MACHADO,Posto Cruzeiro,cnpj,26991067000129,411060,171.56,Combustíveis,,2026-08-11T18:09:30
2025,2025-01,2025-01-23,Martins Machado,MARTINS MACHADO,Posto Nenen's,cnpj,32434124000171,337833,40.00,Combustíveis,,2026-08-11T18:09:30
2025,2025-01,2025-01-24,Martins Machado,MARTINS MACHADO,Auto Posto NN 10,cnpj,11936605000105,130951,50.00,Combustíveis,,2026-08-11T18:09:30
2025,2025-01,2025-01-26,Martins Machado,MARTINS MACHADO,Posto Melhor 06,cnpj,00306597007886,1227329,161.75,Combustíveis,,2026-08-11T18:09:30
2025,2025-01,2025-01-29,Martins Machado,MARTINS MACHADO,Posto Quadra 08,cnpj,11726230000159,173794,100.00,Combustíveis,,2026-08-11T18:09:30
2025,2025-01,2025-01-29,Martins Machado,MARTINS MACHADO,Posto Santa Maria,cnpj,42001728000188,704476,56.28,Combustíveis,,2026-08-11T18:09:30
2025,2025-01,2025-01-30,Martins Machado,MARTINS MACHADO,Auto Posto Cinco Estrelas,cnpj,00692418002070,887625,150.00,Combustíveis,,2026-08-11T18:09:30
2025,2025-01,2025-01-30,Martins Machado,MARTINS MACHADO,Auto Posto NN 10,cnpj,11936605000105,131703,100.00,Combustíveis,,2026-08-11T18:09:30
2025,2025-02,2025-02-03,Martins Machado,MARTINS MACHADO,Eldourado Frotas Ltda,cnpj,41685059000148,97,5990.00,Locação de Veículo,,2026-08-11T18:09:30
2025,2025-02,2025-02-03,Martins Machado,MARTINS MACHADO,Posto Cascol,cnpj,00306597005085,1331074,95.80,Combustíveis,,2026-08-11T18:09:30
2025,2025-02,2025-02-03,Martins Machado,MARTINS MACHADO,Posto Cascol,cnpj,00306597005085,1692753,184.49,Combustíveis,,2026-08-11T18:09:30
2025,2025-02,2025-02-05,Martins Machado,MARTINS MACHADO,Auto Posto NN 10,cnpj,11936605000105,132345,50.00,Combustíveis,,2026-08-11T18:09:30
2025,2025-02,2025-02-05,Martins Machado,MARTINS MACHADO,Pro Video Locação e Eventos - LTDA ME,cnpj,13542814000108,319,5000.00,Divulgação de Atividade Parlamentar,,2026-08-11T18:09:30
2025,2025-02,2025-02-05,Martins Machado,MARTINS MACHADO,Soily Braga - Sociedade Individual de Advocacia,cnpj,52385773000137,17,5500.00,Assessoria / Consultoria Jurídica,,2026-08-11T18:09:30
2025,2025-02,2025-02-06,Martins Machado,MARTINS MACHADO,Auto Posto NN 10,cnpj,11936605000105,132480,50.00,Combustíveis,,2026-08-11T18:09:30
2025,2025-02,2025-02-08,Martins Machado,MARTINS MACHADO,Posto São Jorge,cnpj,04224065000171,3666,50.00,Combustíveis,,2026-08-11T18:09:30
2025,2025-02,2025-02-09,Martins Machado,MARTINS MACHADO,Auto Santa Maria,cnpj,42001728000188,713458,94.40,Combustíveis,,2026-08-11T18:09:30
2025,2025-02,2025-02-11,Martins Machado,MARTINS MACHADO,Auto Posto NN 10,cnpj,11936605000105,133194,60.00,Combustíveis,,2026-08-11T18:09:30
2025,2025-02,2025-02-12,Martins Machado,MARTINS MACHADO,Auto Posto Cinco Estrelas,cnpj,00692418001774,1004285,50.00,Combustíveis,,2026-08-11T18:09:30
2025,2025-02,2025-02-13,Martins Machado,MARTINS MACHADO,Posto 208 Sul,cnpj,20473943000149,36483,60.00,Combustíveis,,2026-08-11T18:09:30
2025,2025-02,2025-02-14,Martins Machado,MARTINS MACHADO,Posto Auto Shopping,cnpj,37063328000752,1049193,196.70,Combustíveis,,2026-08-11T18:09:30
2025,2025-02,2025-02-16,Martins Machado,MARTINS MACHADO,Posto Nene's,cnpj,32434124000171,429258,100.00,Combustíveis,,2026-08-11T18:09:30
2025,2025-02,2025-02-16,Martins Machado,MARTINS MACHADO,Posto Santa Maria,cnpj,42001728000188,719023,100.00,Combustíveis,,2026-08-11T18:09:30
2025,2025-02,2025-02-18,Martins Machado,MARTINS MACHADO,Posto Auto Shopping,cnpj,37063328000752,1053085,184.58,Combustíveis,,2026-08-11T18:09:30
2025,2025-02,2025-02-19,Martins Machado,MARTINS MACHADO,Posto 212 Sul,cnpj,00595058000125,11638,50.00,Combustíveis,,2026-08-11T18:09:30
2025,2025-02,2025-02-20,Martins Machado,MARTINS MACHADO,Posto Santa Maria,cnpj,42001728000188,722239,143.68,Combustíveis,,2026-08-11T18:09:30
2025,2025-03,2025-03-05,Martins Machado,MARTINS MACHADO,Eldourado Frotas Ltda,cnpj,41685059000148,99,5990.00,Locação de Veículo,,2026-08-11T18:09:30
2025,2025-03,2025-03-06,Martins Machado,MARTINS MACHADO,Pro Video Locação e Eventos - LTDA ME,cnpj,13542814000108,327,5000.00,Divulgação de Atividade Parlamentar,,2026-08-11T18:09:30
2025,2025-03,2025-03-06,Martins Machado,MARTINS MACHADO,Soily Braga - Sociedade Individual de Advocacia,cnpj,52385773000137,18,5500.00,Assessoria / Consultoria Jurídica,,2026-08-11T18:09:30
2025,2025-03,2025-03-15,Marcos Martins Machado,MARTINS MACHADO,Auto Posto SOF Norte,cnpj,03951672000170,1472790,100.00,Combustíveis,,2026-08-11T18:09:30
2025,2025-03,2025-03-15,Marcos Martins Machado,MARTINS MACHADO,Posto Cascol,cnpj,00306597005913,1034485,191.84,Combustíveis,,2026-08-11T18:09:30
2025,2025-03,2025-03-18,Marcos Martins Machado,MARTINS MACHADO,Posto R3 Santa Maria,cnpj,42001728000188,743603,50.00,Combustíveis,,2026-08-11T18:09:30
2025,2025-03,2025-03-19,Marcos Martins Machado,MARTINS MACHADO,Auto Posto NN 10,cnpj,11936605000105,141699,60.00,Combustíveis,,2026-08-11T18:09:30
2025,2025-03,2025-03-20,Marcos Martins Machado,MARTINS MACHADO,Posto Cascol,cnpj,00306597007100,2535291,192.80,Combustíveis,,2026-08-11T18:09:30
2025,2025-03,2025-03-21,Marcos Martins Machado,MARTINS MACHADO,Auto Posto NN 10,cnpj,11936605000105,142053,50.00,Combustíveis,,2026-08-11T18:09:30
2025,2025-03,2025-03-21,Marcos Martins Machado,MARTINS MACHADO,Posto Colorado,cnpj,00306597007533,1421558,50.00,Combustíveis,,2026-08-11T18:09:30
2025,2025-03,2025-03-23,Marcos Martins Machado,MARTINS MACHADO,Posto Cidade do Automóvel,cnpj,07441011000237,181578,200.00,Combustíveis,,2026-08-11T18:09:30
2025,2025-03,2025-03-24,Marcos Martins Machado,MARTINS MACHADO,Auto Posto NN 10,cnpj,11936605000105,142686,50.00,Combustíveis,,2026-08-11T18:09:30
2025,2025-03,2025-03-25,Marcos Martins Machado,MARTINS MACHADO,Posto Ceilândia,cnpj,00342436000169,45155,100.00,Combustíveis,,2026-08-11T18:09:30
2025,2025-03,2025-03-29,Marcos Martins Machado,MARTINS MACHADO,Auto Posto NN 10,cnpj,11936605000105,144301,50.00,Combustíveis,,2026-08-11T18:09:30
2025,2025-03,2025-03-31,Marcos Martins Machado,MARTINS MACHADO,Auto Posto Cinco Estrela,cnpj,00692418000700,837704,50.00,Combustíveis,,2026-08-11T18:09:30
2025,2025-03,2025-03-31,Marcos Martins Machado,MARTINS MACHADO,Lider Posto,cnpj,03357735000165,10443,50.00,Combustíveis,,2026-08-11T18:09:30
2025,2025-04,2025-04-01,Marcos Martins Machado,MARTINS MACHADO,Auto Posto NN 10,cnpj,11936605000105,145244,50.00,Combustíveis,,2026-08-11T18:09:30
2025,2025-04,2025-04-01,Marcos Martins Machado,MARTINS MACHADO,Eldourado Frotas Ltda,cnpj,41685059000148,103,5990.00,Locação de Veículo,,2026-08-11T18:09:30
2025,2025-04,2025-04-03,Marcos Martins Machado,MARTINS MACHADO,Auto Posto NN 10,cnpj,11948180000154,397605,100.00,Combustíveis,,2026-08-11T18:09:30
2025,2025-04,2025-04-04,Marcos Martins Machado,MARTINS MACHADO,Auto Posto Aeroporto,cnpj,08202116000115,2984,138.15,Combustíveis,,2026-08-11T18:09:30
2025,2025-04,2025-04-04,Marcos Martins Machado,MARTINS MACHADO,Pro Video Locação e Eventos - LTDA ME,cnpj,13542814000108,337,5000.00,Divulgação de Atividade Parlamentar,,2026-08-11T18:09:30
2025,2025-04,2025-04-04,Marcos Martins Machado,MARTINS MACHADO,Soily Braga - Sociedade Individual de Advocacia,cnpj,52385773000137,19,5500.00,Assessoria / Consultoria Jurídica,,2026-08-11T18:09:30
2025,2025-04,2025-04-07,Marcos Martins Machado,MARTINS MACHADO,Auto Posto NN 10,cnpj,11936605000105,147164,60.00,Combustíveis,,2026-08-11T18:09:30
2025,2025-04,2025-04-08,Marcos Martins Machado,MARTINS MACHADO,Auto Posto 302 Sul,cnpj,30642701000195,330055,50.00,Combustíveis,,2026-08-11T18:09:30
2025,2025-04,2025-04-08,Marcos Martins Machado,MARTINS MACHADO,Auto Posto NN 10,cnpj,11936605000105,147668,50.00,Combustíveis,,2026-08-11T18:09:30
2025,2025-04,2025-04-09,Marcos Martins Machado,MARTINS MACHADO,Auto Posto NN 10,cnpj,11936605000105,147883,50.00,Combustíveis,,2026-08-11T18:09:30
2025,2025-04,2025-04-10,Marcos Martins Machado,MARTINS MACHADO,Posto Monumental,cnpj,05454390000193,446329,50.00,Combustíveis,,2026-08-11T18:09:30
2025,2025-04,2025-04-12,Marcos Martins Machado,MARTINS MACHADO,Auto Posto NN 10,cnpj,11936605000105,148783,40.00,Combustíveis,,2026-08-11T18:09:30
2025,2025-04,2025-04-12,Marcos Martins Machado,MARTINS MACHADO,Posto Quadra 08,cnpj,11726230000159,119352,50.00,Combustíveis,,2026-08-11T18:09:30
2025,2025-04,2025-04-13,Marcos Martins Machado,MARTINS MACHADO,Auto Posto Sof Norte,cnpj,03951672000170,1476010,100.00,Combustíveis,,2026-08-11T18:09:30
2025,2025-04,2025-04-14,Marcos Martins Machado,MARTINS MACHADO,Auto Posto NN 10,cnpj,11936605000105,149250,60.00,Combustíveis,,2026-08-11T18:09:30
2025,2025-04,2025-04-17,Marcos Martins Machado,MARTINS MACHADO,Auto Posto NN 10,cnpj,11936605000105,150078,100.00,Combustíveis,,2026-08-11T18:09:30
2025,2025-04,2025-04-22,Marcos Martins Machado,MARTINS MACHADO,Auto Posto NN 10 ),cnpj,11936605000105,151618,50.00,Combustíveis,,2026-08-11T18:09:30
2025,2025-04,2025-04-25,Marcos Martins Machado,MARTINS MACHADO,Posto CE - Asa NT 115,cnpj,00692418003394,54100,95.99,Combustíveis,,2026-08-11T18:09:30
2025,2025-04,2025-04-27,Marcos Martins Machado,MARTINS MACHADO,Posto Quadra 08,cnpj,11726230000159,146995,50.00,Combustíveis,,2026-08-11T18:09:30
2025,2025-04,2025-04-28,Marcos Martins Machado,MARTINS MACHADO,Auto Posto NN 10,cnpj,11936605000105,153417,60.00,Combustíveis,,2026-08-11T18:09:30
2025,2025-04,2025-04-28,Marcos Martins Machado,MARTINS MACHADO,Posto Sousa E Alves,cnpj,07111605000107,70906,50.00,Combustíveis,,2026-08-11T18:09:30
2025,2025-04,2025-04-29,Marcos Martins Machado,MARTINS MACHADO,Posto Sig Cascol,cnpj,00306597002574,522875,200.00,Combustíveis,,2026-08-11T18:09:30
2025,2025-05,2025-05-01,Marcos Martins Machado,MARTINS MACHADO,Auto Cascol,cnpj,00306597006138,2284863,50.00,Combustíveis,,2026-08-11T18:09:30
2025,2025-05,2025-05-02,Marcos Martins Machado,MARTINS MACHADO,Auto Posto Flamingo,cnpj,36180754000118,73051,50.00,Combustíveis,,2026-08-11T18:09:30
2025,2025-05,2025-05-02,Marcos Martins Machado,MARTINS MACHADO,Eldourado Frotas Ltda,cnpj,41685059000148,107,5990.00,Locação de Veículo,,2026-08-11T18:09:30
2025,2025-05,2025-05-03,Marcos Martins Machado,MARTINS MACHADO,Auto Posto NN 10,cnpj,11936605000105,154928,100.00,Combustíveis,,2026-08-11T18:09:30
2025,2025-05,2025-05-05,Marcos Martins Machado,MARTINS MACHADO,Pro Video Locação e Eventos - LTDA ME,cnpj,13542814000108,348,5000.00,Divulgação de Atividade Parlamentar,,2026-08-11T18:09:30
2025,2025-05,2025-05-05,Marcos Martins Machado,MARTINS MACHADO,Soily Braga - Sociedade Individual de Advocacia,cnpj,52385773000137,20,5500.00,Assessoria / Consultoria Jurídica,,2026-08-11T18:09:30
2025,2025-05,2025-05-06,Marcos Martins Machado,MARTINS MACHADO,Posto Cascol,cnpj,00306597008858,589181,80.00,Combustíveis,,2026-08-11T18:09:30
2025,2025-05,2025-05-07,Marcos Martins Machado,MARTINS MACHADO,Auto Posto NN 10,cnpj,11936605000105,155844,52.00,Combustíveis,,2026-08-11T18:09:30
2025,2025-05,2025-05-08,Marcos Martins Machado,MARTINS MACHADO,Posto Cascol,cnpj,00306597005085,1799158,150.00,Combustíveis,,2026-08-11T18:09:30
2025,2025-05,2025-05-13,Marcos Martins Machado,MARTINS MACHADO,Auto Posto NN 10,cnpj,11936605000105,156910,150.00,Combustíveis,,2026-08-11T18:09:30
2025,2025-05,2025-05-15,Marcos Martins Machado,MARTINS MACHADO,Posto Santa Maria R13,cnpj,42001728000188,789463,100.00,Combustíveis,,2026-08-11T18:09:30
2025,2025-05,2025-05-18,Marcos Martins Machado,MARTINS MACHADO,Auto Posto NN 10,cnpj,11936605000105,157969,250.00,Combustíveis,,2026-08-11T18:09:30
2025,2025-05,2025-05-20,Marcos Martins Machado,MARTINS MACHADO,Auto Posto Andrade,cnpj,24046493000240,48798,100.00,Combustíveis,,2026-08-11T18:09:30
2025,2025-05,2025-05-21,Marcos Martins Machado,MARTINS MACHADO,Auto Posto cinco Estrelas,cnpj,00692418001340,801464,97.94,Combustíveis,,2026-08-11T18:09:30
2025,2025-05,2025-05-26,Marcos Martins Machado,MARTINS MACHADO,Posto Santa Maria R13,cnpj,42001728000188,797486,100.00,Combustíveis,,2026-08-11T18:09:30
2025,2025-05,2025-05-27,Marcos Martins Machado,MARTINS MACHADO,Auto Posto cinco Estrelas,cnpj,00692418002070,991001,200.00,Combustíveis,,2026-08-11T18:09:30
2025,2025-06,2025-06-02,Marcos Martins Machado,MARTINS MACHADO,Eldourado Frotas Ltda,cnpj,41685059000148,112,5990.00,Locação de Veículo,,2026-08-11T18:09:30
2025,2025-06,2025-06-03,Marcos Martins Machado,MARTINS MACHADO,Auto Posto 303 Norte,cnpj,38194212000120,54028,80.00,Combustíveis,,2026-08-11T18:09:30
2025,2025-06,2025-06-04,Marcos Martins Machado,MARTINS MACHADO,Soily Braga - Sociedade Individual de Advocacia,cnpj,52385773000137,21,5500.00,Assessoria / Consultoria Jurídica,,2026-08-11T18:09:30
2025,2025-06,2025-06-06,Marcos Martins Machado,MARTINS MACHADO,Pro Vídeo Locação e Eventos Ltda Me,cnpj,13542814000108,369,5000.00,Divulgação de Atividade Parlamentar,,2026-08-11T18:09:30
2025,2025-06,2025-06-07,Marcos Martins Machado,MARTINS MACHADO,Auto Posto cinco Estrelas,cnpj,00692418001340,815413,48.97,Combustíveis,,2026-08-11T18:09:30
2025,2025-06,2025-06-16,Marcos Martins Machado,MARTINS MACHADO,Posto de Combustíveis Petromaxx SPM,cnpj,58475952000141,2687,100.00,Combustíveis,,2026-08-11T18:09:30
2025,2025-06,2025-06-17,Marcos Martins Machado,MARTINS MACHADO,Auto Posto JK,cnpj,03482208000182,20040,219.09,Combustíveis,,2026-08-11T18:09:30
2025,2025-06,2025-06-17,Marcos Martins Machado,MARTINS MACHADO,Posto Metro,cnpj,09232995000190,525694,50.00,Combustíveis,,2026-08-11T18:09:30
2025,2025-06,2025-06-19,Marcos Martins Machado,MARTINS MACHADO,Auto Posto NN 10,cnpj,11936605000105,2361098,50.00,Combustíveis,,2026-08-11T18:09:30
2025,2025-06,2025-06-21,Marcos Martins Machado,MARTINS MACHADO,Posto Taquari,cnpj,00306597008858,610694,50.00,Combustíveis,,2026-08-11T18:09:30
2025,2025-06,2025-06-22,Marcos Martins Machado,MARTINS MACHADO,Posto ML Souza & Cia,cnpj,00005892000113,470822,230.00,Combustíveis,,2026-08-11T18:09:30
2025,2025-06,2025-06-24,Marcos Martins Machado,MARTINS MACHADO,Posto de Combustíveis 214 Sul,cnpj,08355825000130,8653,100.00,Combustíveis,,2026-08-11T18:09:30
2025,2025-06,2025-06-25,Marcos Martins Machado,MARTINS MACHADO,Posto Brasal,cnpj,00097626000320,1020692,200.00,Combustíveis,,2026-08-11T18:09:30
2025,2025-07,2025-07-01,Marcos Martins Machado,MARTINS MACHADO,Eldourado Frotas Ltda,cnpj,41685059000148,115,5990.00,Locação de Veículo,,2026-08-11T18:09:30
2025,2025-07,2025-07-03,Marcos Martins Machado,MARTINS MACHADO,Posto Auto Volume,cnpj,25015036000170,193376,60.00,Combustíveis,,2026-08-11T18:09:30
2025,2025-07,2025-07-03,Marcos Martins Machado,MARTINS MACHADO,Soily Braga - Sociedade Individual de Advocacia,cnpj,52385773000137,22,5500.00,Assessoria / Consultoria Jurídica,,2026-08-11T18:09:30
2025,2025-07,2025-07-05,Marcos Martins Machado,MARTINS MACHADO,Pro Vídeo Locação e Eventos Ltda Me,cnpj,13542814000108,381,5000.00,Divulgação de Atividade Parlamentar,,2026-08-11T18:09:30
2025,2025-08,2025-08-01,Marcos Martins Machado,MARTINS MACHADO,Eldourado Frotas Ltda,cnpj,41685059000148,119,5990.00,Locação de Veículo,,2026-08-11T18:09:30
2025,2025-08,2025-08-04,Marcos Martins Machado,MARTINS MACHADO,Soily Braga - Sociedade Individual de Advocacia,cnpj,52385773000137,23,5500.00,Assessoria / Consultoria Jurídica,,2026-08-11T18:09:30
2025,2025-08,2025-08-05,Marcos Martins Machado,MARTINS MACHADO,Pro Vídeo Locação e Eventos Ltda,cnpj,13542814000108,386,5000.00,Divulgação de Atividade Parlamentar,,2026-08-11T18:09:30
2025,2025-09,2025-09-01,Marcos Martins Machado,MARTINS MACHADO,Eldourado Frotas Ltda,cnpj,41685059000148,123,5990.00,Locação de Veículo,,2026-08-11T18:09:30
2025,2025-09,2025-09-02,Marcos Martins Machado,MARTINS MACHADO,Soily Braga - Sociedade Individual de Advocacia,cnpj,52385773000137,24,5500.00,Assessoria / Consultoria Jurídica,,2026-08-11T18:09:30
2025,2025-09,2025-09-03,Marcos Martins Machado,MARTINS MACHADO,Posto Rodobelo,cnpj,01559338000140,150498,50.00,Combustíveis,,2026-08-11T18:09:30
2025,2025-09,2025-09-04,Marcos Martins Machado,MARTINS MACHADO,Pro Vídeo Locação e Eventos Ltda,cnpj,13542814000108,406,5000.00,Divulgação de Atividade Parlamentar,,2026-08-11T18:09:30
2025,2025-10,2025-10-01,Marcos Martins Machado,MARTINS MACHADO,Eldourado Frotas Ltda,cnpj,41685059000148,127,5990.00,Locação de Veículo,,2026-08-11T18:09:30
2025,2025-10,2025-10-02,Marcos Martins Machado,MARTINS MACHADO,Soily Braga - Sociedade Individual de Advocacia,cnpj,52385773000137,25,5500.00,Assessoria / Consultoria Jurídica,,2026-08-11T18:09:30
2025,2025-10,2025-10-04,Marcos Martins Machado,MARTINS MACHADO,Pro Vídeo Locação e Eventos Ltda,cnpj,13542814000108,420,5000.00,Divulgação de Atividade Parlamentar,,2026-08-11T18:09:30
2025,2025-11,2025-11-03,Marcos Martins Machado,MARTINS MACHADO,Auto Posto NN 10,cnpj,11936605000105,139123,70.00,Combustíveis,,2026-08-11T18:09:30
2025,,,Max Maciel Cavalcanti,MAX MACIEL,Smartloc Aluguel de carros,cnpj,29139111000165,4476,3390.00,Locação de veículo,,2026-08-11T18:09:30
2025,,,Max Maciel Cavalcanti,MAX MACIEL,Smartloc Aluguel de carros,cnpj,29139111000165,4528,3390.00,Locação de veículo,,2026-08-11T18:09:30
2025,2025-01,2025-01-04,Max Maciel Cavalcanti,MAX MACIEL,POSTO MONUMENTAL,cnpj,05454390000193,419788,209.61,Combustível,,2026-08-11T18:09:30
2025,2025-01,2025-01-16,Max Maciel Cavalcanti,MAX MACIEL,POSTO TOP TAGUATINGA,cnpj,37189518000125,19562,219.95,Combustível,,2026-08-11T18:09:30
2025,2025-01,2025-01-22,Max Maciel Cavalcanti,MAX MACIEL,SOUSA E ALVES COM DE DERIVADOS DE PETRÓLEO,cnpj,07111605000107,56623,197.99,Combustível,,2026-08-11T18:09:30
2025,2025-02,2025-02-01,Max Maciel Cavalcanti,MAX MACIEL,Posto Monumental,cnpj,05454390000193,421487,203.70,Combustível,,2026-08-11T18:09:30
2025,2025-02,2025-02-06,Max Maciel Cavalcanti,MAX MACIEL,Gold Car Brasília Locadora de veículos,cnpj,26735227000179,1693,4400.00,Locação de veículo,,2026-08-11T18:09:30
2025,2025-02,2025-02-06,Max Maciel Cavalcanti,MAX MACIEL,Posto Colina,cnpj,12123780000227,47396,220.05,Combustível,,2026-08-11T18:09:30
2025,2025-02,2025-02-08,Max Maciel Cavalcanti,MAX MACIEL,Posto Colina,cnpj,12123780000227,33394,215.47,Combustível,,2026-08-11T18:09:30
2025,2025-02,2025-02-13,Max Maciel Cavalcanti,MAX MACIEL,Auto Posto NN 10,cnpj,11936605000105,133501,216.22,Combustível,,2026-08-11T18:09:30
2025,2025-02,2025-02-17,Max Maciel Cavalcanti,MAX MACIEL,Posto Monumental,cnpj,05454390000193,427255,205.40,Combustível,,2026-08-11T18:09:30
2025,2025-02,2025-02-19,Max Maciel Cavalcanti,MAX MACIEL,Gold Car Brasília Locadora de veículos,cnpj,26735227000179,1697,2790.00,Locação de veículo,,2026-08-11T18:09:30
2025,2025-02,2025-02-20,Max Maciel Cavalcanti,MAX MACIEL,Posto Conecta Ceilândia Sul,cnpj,12123780000146,93007,194.57,Combustível,,2026-08-11T18:09:30
2025,2025-02,2025-02-22,Max Maciel Cavalcanti,MAX MACIEL,Posto Avenida Hélio Prates,cnpj,10459168000113,190186,100.00,Combustível,,2026-08-11T18:09:30
2025,2025-02,2025-02-24,Max Maciel Cavalcanti,MAX MACIEL,Smartloc Aluguel de carros,cnpj,29139111000165,4044,452.00,Locação de veículo,,2026-08-11T18:09:30
2025,2025-02,2025-02-27,Max Maciel Cavalcanti,MAX MACIEL,Auto Posto Andrade,cnpj,24046493000169,10061,182.68,Combustível,,2026-08-11T18:09:30
2025,2025-03,2025-03-02,Max Maciel Cavalcanti,MAX MACIEL,SOUSA E ALVES COM DE DERIVADOS DE PETRÓLEO,cnpj,07111605000107,68009,146.54,Combustível,,2026-08-11T18:09:30
2025,2025-03,2025-03-07,Max Maciel Cavalcanti,MAX MACIEL,Auto Posto NN 10,cnpj,11936605000105,137747,169.88,Combustível,,2026-08-11T18:09:30
2025,2025-03,2025-03-12,Max Maciel Cavalcanti,MAX MACIEL,Auto Posto Andrade,cnpj,24046493000169,45055,163.82,Combustível,,2026-08-11T18:09:30
2025,2025-03,2025-03-15,Max Maciel Cavalcanti,MAX MACIEL,SOUSA E ALVES COM DE DERIVADOS DE PETRÓLEO,cnpj,07111605000107,62002,167.17,Combustível,,2026-08-11T18:09:30
2025,2025-03,2025-03-19,Max Maciel Cavalcanti,MAX MACIEL,Posto Monumental,cnpj,05454390000193,437637,172.40,Combustível,,2026-08-11T18:09:30
2025,2025-03,2025-03-22,Max Maciel Cavalcanti,MAX MACIEL,Posto Conecta Ceilândia Sul,cnpj,12123780000146,28643,169.60,Combustível,,2026-08-11T18:09:30
2025,2025-03,2025-03-26,Max Maciel Cavalcanti,MAX MACIEL,Auto Posto NN 10,cnpj,11936605000105,143152,176.37,Combustível,,2026-08-11T18:09:30
2025,2025-03,2025-03-28,Max Maciel Cavalcanti,MAX MACIEL,Posto Paraíso,cnpj,07214648000100,688360,184.95,Combustível,,2026-08-11T18:09:30
2025,2025-03,2025-03-31,Max Maciel Cavalcanti,MAX MACIEL,SOUSA E ALVES COM DE DERIVADOS DE PETRÓLEO,cnpj,07111605000107,71979,166.56,Combustível,,2026-08-11T18:09:30
2025,2025-04,2025-04-01,Max Maciel Cavalcanti,MAX MACIEL,Smartloc Aluguel de carros,cnpj,29139111000165,4139,3390.00,Locação de veículo,,2026-08-11T18:09:30
2025,2025-04,2025-04-02,Max Maciel Cavalcanti,MAX MACIEL,PETRONORTE COMBUSTÍVEIS,cnpj,06071706000473,24578,172.18,Combustível,,2026-08-11T18:09:30
2025,2025-04,2025-04-05,Max Maciel Cavalcanti,MAX MACIEL,SOUSA E ALVES COM DE DERIVADOS DE PETRÓLEO,cnpj,07111605000107,72735,158.60,Combustível,,2026-08-11T18:09:30
2025,2025-04,2025-04-09,Max Maciel Cavalcanti,MAX MACIEL,SOUSA E ALVES COM DE DERIVADOS DE PETRÓLEO,cnpj,07111605000107,73388,150.97,Combustível,,2026-08-11T18:09:30
2025,2025-04,2025-04-11,Max Maciel Cavalcanti,MAX MACIEL,SOUSA E ALVES COM DE DERIVADOS DE PETRÓLEO,cnpj,07111605000107,525550,158.51,Combustível,,2026-08-11T18:09:30
2025,2025-04,2025-04-15,Max Maciel Cavalcanti,MAX MACIEL,Posto Monumental,cnpj,05454390000193,24,176.95,Combustível,,2026-08-11T18:09:30
2025,2025-04,2025-04-25,Max Maciel Cavalcanti,MAX MACIEL,Posto Monumental,cnpj,05454390000193,1442,170.73,Combustível,,2026-08-11T18:09:30
2025,2025-04,2025-04-29,Max Maciel Cavalcanti,MAX MACIEL,Auto Posto Andrade,cnpj,24046493000169,47645,171.11,Combustível,,2026-08-11T18:09:30
2025,2025-04,2025-04-29,Max Maciel Cavalcanti,MAX MACIEL,Smartloc Aluguel de carros,cnpj,29139111000165,4149,3390.00,Locação de veículo,,2026-08-11T18:09:30
2025,2025-05,2025-05-06,Max Maciel Cavalcanti,MAX MACIEL,Posto Peter Pan,cnpj,05000684000226,21692,178.77,Combustível,,2026-08-11T18:09:30
2025,2025-05,2025-05-12,Max Maciel Cavalcanti,MAX MACIEL,Consultoria Especializada - Paulo Santarém,cnpj,29834542000141,17,3000.00,Consultoria,,2026-08-11T18:09:30
2025,2025-05,2025-05-12,Max Maciel Cavalcanti,MAX MACIEL,Posto Monumental,cnpj,05454390000193,4152,176.71,Combustível,,2026-08-11T18:09:30
2025,2025-05,2025-05-16,Max Maciel Cavalcanti,MAX MACIEL,Posto UnB,cnpj,09386909000102,44386,175.58,Combustível,,2026-08-11T18:09:30
2025,2025-05,2025-05-20,Max Maciel Cavalcanti,MAX MACIEL,Auto Posto NN 10,cnpj,11936605000105,158348,172.08,Combustível,,2026-08-11T18:09:30
2025,2025-05,2025-05-23,Max Maciel Cavalcanti,MAX MACIEL,Sousa E Alves Derivados de Petróleo,cnpj,07111605000107,68113,170.38,Combustível,,2026-08-11T18:09:30
2025,2025-05,2025-05-26,Max Maciel Cavalcanti,MAX MACIEL,Posto Conecta Ceilândia Sul,cnpj,12123780000146,76146,182.18,Combustível,,2026-08-11T18:09:30
2025,2025-05,2025-05-29,Max Maciel Cavalcanti,MAX MACIEL,Posto Auto CEI,cnpj,00306597002817,2998376,182.70,Combustível,,2026-08-11T18:09:30
2025,2025-05,2025-05-30,Max Maciel Cavalcanti,MAX MACIEL,Smartloc Aluguel de carros,cnpj,29139111000165,4227,3390.00,Locação de veículo,,2026-08-11T18:09:30
2025,2025-06,2025-06-03,Max Maciel Cavalcanti,MAX MACIEL,Conquista Com. De Derivados de Petróleo,cnpj,17707272000129,4644,173.04,Combustível,,2026-08-11T18:09:30
2025,2025-06,2025-06-07,Max Maciel Cavalcanti,MAX MACIEL,Sousa E Alves Derivados de Petróleo,cnpj,07111605000107,4930,176.66,Combustível,,2026-08-11T18:09:30
2025,2025-06,2025-06-12,Max Maciel Cavalcanti,MAX MACIEL,Posto Monumental,cnpj,05454390000193,10219,159.60,Combustível,,2026-08-11T18:09:30
2025,2025-06,2025-06-15,Max Maciel Cavalcanti,MAX MACIEL,Posto de Combustíveis São Rafael,cnpj,53600984000108,709251,165.79,Combustível,,2026-08-11T18:09:30
2025,2025-06,2025-06-18,Max Maciel Cavalcanti,MAX MACIEL,Auto Posto NN 10,cnpj,11936605000105,2360989,176.33,Combustível,,2026-08-11T18:09:30
2025,2025-06,2025-06-25,Max Maciel Cavalcanti,MAX MACIEL,Auto Posto NN 10,cnpj,11936605000105,165663,165.95,Combustível,,2026-08-11T18:09:30
2025,2025-06,2025-06-28,Max Maciel Cavalcanti,MAX MACIEL,Auto Posto Samambaia,cnpj,50313275000153,105066,162.72,Combustível,,2026-08-11T18:09:30
2025,2025-06,2025-06-30,Max Maciel Cavalcanti,MAX MACIEL,Smartloc Aluguel de carros,cnpj,29139111000165,4306,3390.00,Locação de veículo,,2026-08-11T18:09:30
2025,2025-07,2025-07-02,Max Maciel Cavalcanti,MAX MACIEL,Posto Monumental,cnpj,05454390000193,13879,163.67,Combustível,,2026-08-11T18:09:30
2025,2025-07,2025-07-29,Max Maciel Cavalcanti,MAX MACIEL,Smartloc Aluguel de carros,cnpj,29139111000165,4381,3390.00,Locação de veículo,,2026-08-11T18:09:30
2026,2026-01,2026-01-02,Jane Klébia do Nascimento da Silva,DOUTORA JANE,ELDORADO FROTAS LTDA,cnpj,41685059000148,2533574,5600.00,Locação de veículo,,2026-08-11T18:09:30
2026,2026-01,2026-01-05,Deputado Robério Negreiros,ROBERIO NEGREIROS,Elegis Gestão Estratégica Consultoria e Tecnologia Ltda.,cnpj,28067410000179,285,649.00,VIII - Divulgação de atividade parlamentar,,2026-08-11T18:09:30
2026,2026-01,2026-01-07,Deputado Joaquim Roriz Neto,JOAQUIM RORIZ NETO,SUPREMA Mobilidade LTDA,cnpj,24894397000170,797.0,7000.00,Locação de Veículos,,2026-08-11T18:09:30
2026,2026-01,2026-01-11,Jane Klébia do Nascimento da Silva,DOUTORA JANE,VIZION GESTÃO DE NEGÓCIOS EMPRESARIAIS LTDA,cnpj,07979987000187,2533569,788.40,Consultoria Especializada,,2026-08-11T18:09:30
2026,2026-01,2026-01-12,Deputado Robério Negreiros,ROBERIO NEGREIROS,Vivo Telefônica Brasil S/A - Gabinete de Apoio,cnpj,02558157000162,161681,264.78,I- Locação e Manutenção de Imóveis,,2026-08-11T18:09:30
2026,2026-01,2026-01-28,Deputado Hermeto,HERMETO,Suprema Veículo,cnpj,24894397000170,616,6000.00,Locação de veículos,,2026-08-11T18:09:30
2026,2026-01,2026-01-28,Deputado Hermeto,HERMETO,Jonathan Oliveira Marques de Lima,cnpj,60035705000176,10,5000.00,Divulgação de atividade parlamentar,,2026-08-11T18:09:30
2026,2026-01,2026-01-28,Deputado Hermeto,HERMETO,Noécia Martins de Godoi,cpf_redigido,,30,3500.00,Locação de Imóvel,,2026-08-11T18:09:30
2026,2026-01,2026-01-28,Deputado Hermeto,HERMETO,Caesb,nao_e_registro,,897957,78.14,Locação e manutenção de imóveis,,2026-08-11T18:09:30
2026,2026-01,2026-01-28,Deputado Hermeto,HERMETO,Neoenergia,cnpj,07522669000192,20135734,347.29,Locação e manutenção de imóveis,,2026-08-11T18:09:30
2026,2026-01,2026-01-28,Deputado Hermeto,HERMETO,Claro,cnpj,40432544000147,[redigido],271.52,Locação e manutenção de imóveis,,2026-08-11T18:09:30
2026,2026-01,2026-01-30,Deputado Robério Negreiros,ROBERIO NEGREIROS,MF Campos Serviços Imobiliário Ltda. - Aluguel,cnpj,40112929000127,45,6945.00,I- Locação e Manutenção de Imóveis,,2026-08-11T18:09:30
2026,2026-01,2026-01-30,Deputado Robério Negreiros,ROBERIO NEGREIROS,Smart Soluções Inteligentes para DOC Ltda. - EPP,cnpj,72638216000198,16257,325.74,"II - Locação de bens móveis, máquinas e equipamentos",,2026-08-11T18:09:30
2026,2026-01,2026-01-30,Deputado Robério Negreiros,ROBERIO NEGREIROS,Senna Locadora de Veículos,cnpj,42902121000179,Demonstrativo 6,4000.00,"II - Locação de bens móveis, máquinas e equipamentos",,2026-08-11T18:09:30
2026,2026-01,2026-01-30,Deputado Robério Negreiros,ROBERIO NEGREIROS,Pedro de Oliveira Paiva e Souza,cnpj,21452797000138,224,600.00,VII- Assessoria/Consultoria Especializada,,2026-08-11T18:09:30
2026,2026-01,2026-01-08,Deputado Joaquim Roriz Neto,JOAQUIM RORIZ NETO,ELEGIS Gestão Estrategica Consultoria e Tecnologia LTDA,cnpj,28067410000179,231.0,649.00,,,2026-08-11T18:09:30
2026,2026-02,2026-02-02,Deputado Joaquim Roriz Neto,JOAQUIM RORIZ NETO,Facebook,cnpj,13347016000117,128267551.0,3500.00,Serviços Online,,2026-08-11T18:09:30
2026,2026-02,2026-02-02,Marcos Martins Machado,MARTINS MACHADO,Eldourado Frotas Ltda,cnpj,41685059000148,144.0,4200.00,Locação de Veículo,,2026-08-11T18:09:30
2026,2026-02,2026-02-02,JAQUELINE SILVA,JAQUELINE SILVA,ELTON PEREIRA SANTOS - MEI,cnpj,49915080000102,70,1000.00,Divulgação de atividade parlamentar,,2026-08-11T18:09:30
2026,2026-02,2026-02-02,JAQUELINE SILVA,JAQUELINE SILVA,Suprema Mobilidade LTDA,cnpj,24894397000170,632,6000.00,Aluguel de veículo,,2026-08-11T18:09:30
2026,2026-02,2026-02-02,Deputada Paula Belmonte,PAULA BELMONTE,RABBIT AGENCIA DE PUBLICIDADE,cnpj,30909939000134,2529855,10050.00,Divulgação de Atividade Parlamentar,,2026-08-11T18:09:30
2026,2026-02,2026-02-02,Max Maciel Cavalcanti,MAX MACIEL,Smartloc Aluguel de carros,cnpj,29139111000165,4864,3390.00,Locação de veículo,,2026-08-11T18:09:30
2026,2026-02,2026-02-02,Deputado Robério Negreiros,ROBERIO NEGREIROS,Elegis Gestão Estratégica Consultoria e Tecnologia Ltda.,cnpj,28067410000179,372,649.00,VIII - Divulgação de atividade parlamentar,,2026-08-11T18:09:30
2026,2026-02,2026-02-03,Jane Klébia do Nascimento da Silva,DOUTORA JANE,FACEBOOK SERVIÇOS ONLINE DO BRASIL LTDA,cnpj,13347016000117,2533552,743.04,Divulgação atividade parlamentar,,2026-08-11T18:09:30
2026,2026-02,2026-02-04,Marcos Martins Machado,MARTINS MACHADO,Soily Braga - Sociedade Individual de Advocacia,cnpj,52385773000137,30.0,5500.00,Assessoria / Consultoria Jurídica,,2026-08-11T18:09:30
2026,2026-02,2026-02-04,Jane Klébia do Nascimento da Silva,DOUTORA JANE,PLANETA DIÁRIO PORTAL DE NOTÍCIAS LTDA,cnpj,40750576000190,2533561,5000.00,Divulgação atividade parlamentar,,2026-08-11T18:09:30
2026,2026-02,2026-02-05,Marcos Martins Machado,MARTINS MACHADO,Pro Vídeo Locação e Eventos Ltda,cnpj,13542814000108,482.0,5000.00,Divulgação de Atividade Parlamentar,,2026-08-11T18:09:30
2026,2026-02,2026-02-06,JAQUELINE SILVA,JAQUELINE SILVA,GUSTAVO LUIZ SANTOS FRANCO,nao_e_registro,,100,3000.00,Aluguel de imóvel,,2026-08-11T18:09:30
2026,2026-02,2026-02-09,Deputado Robério Negreiros,ROBERIO NEGREIROS,Vivo Telefônica Brasil S/A - Gabinete de Apoio,cnpj,02558157000162,187336,264.78,I- Locação e Manutenção de Imóveis,,2026-08-11T18:09:30
2026,2026-02,2026-02-11,Max Maciel Cavalcanti,MAX MACIEL,Ana Paula do Carmo Macedo,cnpj,62429894000197,6,5000.00,Divulgação de atividade parlamentar (Audiovisual),,2026-08-11T18:09:30
2026,2026-02,2026-02-15,Jane Klébia do Nascimento da Silva,DOUTORA JANE,VIZION GESTÃO DE NEGÓCIOS EMPRESARIAIS LTDA,cnpj,07979987000187,2564179,788.40,Consultoria Especializada,,2026-08-11T18:09:30
2026,2026-02,2026-02-02,Deputado Joaquim Roriz Neto,JOAQUIM RORIZ NETO,SUPREMA Mobilidade LTDA,cnpj,24894397000170,635.0,7000.00,Locação de Veículos,,2026-08-11T18:09:30
2026,2026-02,2026-02-25,Deputado Hermeto,HERMETO,Suprema Veículo,cnpj,24894397000170,649,6000.00,Locação de veículos,,2026-08-11T18:09:30
2026,2026-02,2026-02-25,Deputado Hermeto,HERMETO,Jonathan Oliveira Marques de Lima,cnpj,60035705000176,11,5000.00,Divulgação de atividade parlamentar,,2026-08-11T18:09:30
2026,2026-02,2026-02-25,Deputado Hermeto,HERMETO,Noécia Martins de Godoi,cpf_redigido,,31,3500.00,Locação de Imóvel,,2026-08-11T18:09:30
2026,2026-02,2026-02-25,Deputado Hermeto,HERMETO,Caesb,nao_e_registro,,897957,94.68,Locação e manutenção de imóveis,,2026-08-11T18:09:30
2026,2026-02,2026-02-25,Deputado Hermeto,HERMETO,Neoenergia,cnpj,07522669000192,20135734,339.60,Locação e manutenção de imóveis,,2026-08-11T18:09:30
2026,2026-02,2026-02-25,Deputado Hermeto,HERMETO,Claro,cnpj,40432544000147,[redigido],261.31,Locação e manutenção de imóveis,,2026-08-11T18:09:30
2026,2026-02,2026-02-26,Deputado Robério Negreiros,ROBERIO NEGREIROS,Smart Soluções Inteligentes para DOC Ltda. - EPP,cnpj,72638216000198,100,325.74,"II - Locação de bens móveis, máquinas e equipamentos",,2026-08-11T18:09:30
2026,2026-02,2026-02-27,Deputado Robério Negreiros,ROBERIO NEGREIROS,MF Campos Serviços Imobiliário Ltda. - Aluguel,cnpj,40112929000127,46,6945.00,I- Locação e Manutenção de Imóveis,,2026-08-11T18:09:30
2026,2026-02,2026-02-27,Deputado Robério Negreiros,ROBERIO NEGREIROS,Senna Locadora de Veículos,cnpj,42902121000179,Demonstrativo 7,4000.00,"II - Locação de bens móveis, máquinas e equipamentos",,2026-08-11T18:09:30
2026,2026-02,2026-02-27,Deputado Robério Negreiros,ROBERIO NEGREIROS,Pedro de Oliveira Paiva e Souza,cnpj,21452797000138,233,600.00,VII- Assessoria/Consultoria Especializada,,2026-08-11T18:09:30
2026,2026-02,2026-02-19,Deputado Joaquim Roriz Neto,JOAQUIM RORIZ NETO,ELEGIS Gestão Estrategica Consultoria e Tecnologia LTDA,cnpj,28067410000179,339.0,649.00,,,2026-08-11T18:09:30
2026,2026-03,2026-03-02,Deputado Joaquim Roriz Neto,JOAQUIM RORIZ NETO,SUPREMA Mobilidade LTDA,cnpj,24894397000170,657.0,7000.00,Locação de Veículos,,2026-08-11T18:09:30
2026,2026-03,2026-03-02,Jane Klébia do Nascimento da Silva,DOUTORA JANE,FACEBOOK SERVIÇOS ONLINE DO BRASIL LTDA,cnpj,13347016000117,2564161,793.05,Divulgação atividade parlamentar,,2026-08-11T18:09:30
2026,2026-03,2026-03-02,JAQUELINE SILVA,JAQUELINE SILVA,ELTON PEREIRA SANTOS - MEI,cnpj,49915080000102,73,1000.00,Divulgação de atividade parlamentar,,2026-08-11T18:09:30
2026,2026-03,2026-03-02,JAQUELINE SILVA,JAQUELINE SILVA,Suprema Mobilidade LTDA,cnpj,24894397000170,660,6000.00,Aluguel de veículo,,2026-08-11T18:09:30
2026,2026-03,2026-03-02,Deputado Robério Negreiros,ROBERIO NEGREIROS,Elegis Gestão Estratégica Consultoria e Tecnologia Ltda.,cnpj,28067410000179,448,649.00,VIII - Divulgação de atividade parlamentar,,2026-08-11T18:09:30
2026,2026-03,2026-03-02,Deputado Joaquim Roriz Neto,JOAQUIM RORIZ NETO,Facebook,cnpj,13347016000117,131082876.0,3600.00,Serviços Online,,2026-08-11T18:09:30
2026,2026-03,2026-03-03,Marcos Martins Machado,MARTINS MACHADO,Eldourado Frotas Ltda,cnpj,41685059000148,146.0,4200.00,Locação de Veículo,,2026-08-11T18:09:30
2026,2026-03,2026-03-03,Marcos Martins Machado,MARTINS MACHADO,Soily Braga - Sociedade Individual de Advocacia,cnpj,52385773000137,31.0,5500.00,Assessoria / Consultoria Jurídica,,2026-08-11T18:09:30
2026,2026-03,2026-03-03,Jane Klébia do Nascimento da Silva,DOUTORA JANE,ELDORADO FROTAS LTDA,cnpj,41685059000148,2564180,5600.00,Locação de veículo,,2026-08-11T18:09:30
2026,2026-03,2026-03-03,Deputada Paula Belmonte,PAULA BELMONTE,RABBIT AGENCIA DE PUBLICIDADE,cnpj,30909939000134,2572403,10050.00,Divulgação de Atividade Parlamentar,,2026-08-11T18:09:30
2026,2026-03,2026-03-04,Jane Klébia do Nascimento da Silva,DOUTORA JANE,PLANETA DIÁRIO PORTAL DE NOTÍCIAS LTDA,cnpj,40750576000190,2564166,5000.00,Divulgação atividade parlamentar,,2026-08-11T18:09:30
2026,2026-03,2026-03-05,Marcos Martins Machado,MARTINS MACHADO,Pro Vídeo Locação e Eventos Ltda,cnpj,13542814000108,489.0,5000.00,Divulgação de Atividade Parlamentar,,2026-08-11T18:09:30
2026,2026-03,2026-03-07,JAQUELINE SILVA,JAQUELINE SILVA,GUSTAVO LUIZ SANTOS FRANCO,nao_e_registro,,123,3000.00,Aluguel de imóvel,,2026-08-11T18:09:30
2026,2026-03,2026-03-10,Deputado Robério Negreiros,ROBERIO NEGREIROS,Vivo Telefônica Brasil S/A - Gabinete de Apoio,cnpj,02558157000162,213071,264.78,I- Locação e Manutenção de Imóveis,,2026-08-11T18:09:30
2026,2026-03,2026-03-12,JAQUELINE SILVA,JAQUELINE SILVA,TIAGO FONTENELE ILARIA SANTOS,cnpj,54535830000142,12,1666.66,Divulgação de atividade parlamentar,,2026-08-11T18:09:30
2026,2026-03,2026-03-13,Deputado Robério Negreiros,ROBERIO NEGREIROS,Facebook Serviços Online do Brasil Ltda.,cnpj,13347016000117,134055506,2343.66,VIII - Divulgação de atividade parlamentar,"O valor efetivamente ressarcido foi de R$ 499,99",2026-08-11T18:09:30
2026,2026-03,2026-03-14,Jane Klébia do Nascimento da Silva,DOUTORA JANE,VIZION GESTÃO DE NEGÓCIOS EMPRESARIAIS LTDA,cnpj,07979987000187,2611314,788.40,Consultoria Especializada,,2026-08-11T18:09:30
2026,2026-03,2026-03-17,Deputado Hermeto,HERMETO,Suprema Veículo,cnpj,24894397000170,674,6000.00,Locação de veículos,,2026-08-11T18:09:30
2026,2026-03,2026-03-17,Deputado Hermeto,HERMETO,Jonathan Oliveira Marques de Lima,cnpj,60035705000176,13,5000.00,Divulgação de atividade parlamentar,,2026-08-11T18:09:30
2026,2026-03,2026-03-17,Deputado Hermeto,HERMETO,Noécia Martins de Godoi,cpf_redigido,,32,3500.00,Locação de Imóvel,,2026-08-11T18:09:30
2026,2026-03,2026-03-17,Deputado Hermeto,HERMETO,Caesb,nao_e_registro,,897957,78.16,Locação e manutenção de imóveis,,2026-08-11T18:09:30
2026,2026-03,2026-03-17,Deputado Hermeto,HERMETO,Neoenergia,cnpj,07522669000192,20135734,313.10,Locação e manutenção de imóveis,,2026-08-11T18:09:30
2026,2026-03,2026-03-30,Deputado Robério Negreiros,ROBERIO NEGREIROS,Smart Soluções Inteligentes para DOC Ltda. - EPP,cnpj,72638216000198,145,325.74,"II - Locação de bens móveis, máquinas e equipamentos",,2026-08-11T18:09:30
2026,2026-03,2026-03-30,Deputada Paula Belmonte,PAULA BELMONTE,RABBIT AGENCIA DE PUBLICIDADE,cnpj,30909939000134,2621153,10050.00,Divulgação de Atividade Parlamentar,,2026-08-11T18:09:30
2026,2026-03,2026-03-31,Deputado Robério Negreiros,ROBERIO NEGREIROS,MF Campos Serviços Imobiliário Ltda. - Aluguel,cnpj,40112929000127,48,6945.00,I- Locação e Manutenção de Imóveis,,2026-08-11T18:09:30
2026,2026-03,2026-03-31,Deputado Robério Negreiros,ROBERIO NEGREIROS,Senna Locadora de Veículos,cnpj,42902121000179,Demonstrativo 08,4000.00,"II - Locação de bens móveis, máquinas e equipamentos",,2026-08-11T18:09:30
2026,2026-03,2026-03-31,Deputado Robério Negreiros,ROBERIO NEGREIROS,Pedro de Oliveira Paiva e Souza,cnpj,21452797000138,241,600.00,VII- Assessoria/Consultoria Especializada,,2026-08-11T18:09:30
2026,2026-03,2026-03-31,Deputado Hermeto,HERMETO,Claro,cnpj,40432544000147,[redigido],268.53,Locação e manutenção de imóveis,,2026-08-11T18:09:30
2026,2026-03,2026-03-03,Deputado Joaquim Roriz Neto,JOAQUIM RORIZ NETO,ELEGIS Gestão Estrategica Consultoria e Tecnologia LTDA,cnpj,28067410000179,382.0,649.00,,,2026-08-11T18:09:30
2026,2026-04,2026-04-01,Marcos Martins Machado,MARTINS MACHADO,Eldourado Frotas Ltda,cnpj,41685059000148,152.0,4200.00,Locação de Veículo,,2026-08-11T18:09:30
2026,2026-04,2026-04-01,Jane Klébia do Nascimento da Silva,DOUTORA JANE,ELDORADO FROTAS LTDA,cnpj,41685059000148,2611319,5600.00,Locação de veículo,,2026-08-11T18:09:30
2026,2026-04,2026-04-01,Jane Klébia do Nascimento da Silva,DOUTORA JANE,PLANETA DIÁRIO PORTAL DE NOTÍCIAS LTDA,cnpj,40750576000190,2611312,5000.00,Divulgação atividade parlamentar,,2026-08-11T18:09:30
2026,2026-04,2026-04-01,JAQUELINE SILVA,JAQUELINE SILVA,ELTON PEREIRA SANTOS - MEI,cnpj,49915080000102,76,1000.00,Divulgação de atividade parlamentar,,2026-08-11T18:09:30
2026,2026-04,2026-04-01,JAQUELINE SILVA,JAQUELINE SILVA,TIAGO FONTENELE ILARIA SANTOS,cnpj,54535830000142,13,5000.00,Divulgação de atividade parlamentar,,2026-08-11T18:09:30
2026,2026-04,2026-04-01,JAQUELINE SILVA,JAQUELINE SILVA,Suprema Mobilidade LTDA,cnpj,24894397000170,692,6000.00,Aluguel de veículo,,2026-08-11T18:09:30
2026,2026-04,2026-04-01,Deputado Robério Negreiros,ROBERIO NEGREIROS,Elegis Gestão Estratégica Consultoria e Tecnologia Ltda.,cnpj,28067410000179,463,649.00,VIII - Divulgação de atividade parlamentar,,2026-08-11T18:09:30
2026,2026-03,2026-03-07,Deputado Joaquim Roriz Neto,JOAQUIM RORIZ NETO,Facebook,cnpj,13347016000117,141116012.0,4565.44,Serviços Online,,2026-08-11T18:09:30
2026,2026-04,2026-04-03,Jane Klébia do Nascimento da Silva,DOUTORA JANE,FACEBOOK SERVIÇOS ONLINE DO BRASIL LTDA,cnpj,13347016000117,2611306,880.51,Divulgação atividade parlamentar,,2026-08-11T18:09:30
2026,2026-04,2026-04-06,Marcos Martins Machado,MARTINS MACHADO,Pro Vídeo Locação e Eventos Ltda,cnpj,13542814000108,499.0,5000.00,Divulgação de Atividade Parlamentar,,2026-08-11T18:09:30
2026,2026-04,2026-04-06,Marcos Martins Machado,MARTINS MACHADO,Soily Braga - Sociedade Individual de Advocacia,cnpj,52385773000137,32.0,5500.00,Assessoria / Consultoria Jurídica,,2026-08-11T18:09:30
2026,2026-04,2026-04-01,Deputado Joaquim Roriz Neto,JOAQUIM RORIZ NETO,SUPREMA Mobilidade LTDA,cnpj,24894397000170,689.0,7000.00,Locação de Veículos,,2026-08-11T18:09:30
2026,2026-04,2026-04-08,JAQUELINE SILVA,JAQUELINE SILVA,GUSTAVO LUIZ SANTOS FRANCO,nao_e_registro,,126,3000.00,Aluguel de imóvel,,2026-08-11T18:09:30
2026,2026-04,2026-04-08,CHICO VIGILANTE,CHICO VIGILANTE,CAESB,cnpj,00082024000137,12360,218.38,Locação e Manutenção Imóvel,,2026-08-11T18:09:30
2026,2026-04,2026-04-09,Deputado Robério Negreiros,ROBERIO NEGREIROS,Facebook Serviços Online do Brasil Ltda.,cnpj,13347016000117,135862955,4235.25,VIII - Divulgação de atividade parlamentar,"O valor efetivamente ressarcido foi de R$ 977,79",2026-08-11T18:09:30
2026,2026-04,2026-04-12,Jane Klébia do Nascimento da Silva,DOUTORA JANE,VIZION GESTÃO DE NEGÓCIOS EMPRESARIAIS LTDA,cnpj,07979987000187,2659116,788.40,Consultoria Especializada,,2026-08-11T18:09:30
2026,2026-04,2026-04-13,Deputado Robério Negreiros,ROBERIO NEGREIROS,Vivo Telefônica Brasil S/A - Gabinete de Apoio,cnpj,02558157000162,213071,264.78,I- Locação e Manutenção de Imóveis,,2026-08-11T18:09:30
2026,2026-04,2026-04-13,CHICO VIGILANTE,CHICO VIGILANTE,VIVO,cnpj,02558157000162,1346641440,150.00,Locação e Manutenção Imóvel,,2026-08-11T18:09:30
2026,2026-04,2026-04-17,CHICO VIGILANTE,CHICO VIGILANTE,VIVO,cnpj,02558157000162,1127510962,34.00,Locação e Manutenção Imóvel,,2026-08-11T18:09:30
2026,2026-04,2026-04-27,Deputado Hermeto,HERMETO,Suprema Veículo,cnpj,24894397000170,712,6000.00,Locação de veículos,,2026-08-11T18:09:30
2026,2026-04,2026-04-27,Deputado Hermeto,HERMETO,Jonathan Oliveira Marques de Lima,cnpj,66257191000180,1,7000.00,Divulgação de atividade parlamentar,,2026-08-11T18:09:30
2026,2026-04,2026-04-27,Deputado Hermeto,HERMETO,Noécia Martins de Godoi,cpf_redigido,,33,3500.00,Locação de Imóvel,,2026-08-11T18:09:30
2026,2026-04,2026-04-27,Deputado Hermeto,HERMETO,Caesb,nao_e_registro,,897957,94.92,Locação e manutenção de imóveis,,2026-08-11T18:09:30
2026,2026-04,2026-04-27,Deputado Hermeto,HERMETO,Neoenergia,cnpj,07522669000192,20135734,394.99,Locação e manutenção de imóveis,,2026-08-11T18:09:30
2026,2026-04,2026-04-27,Deputado Hermeto,HERMETO,Claro,cnpj,40432544000147,[redigido],261.01,Locação e manutenção de imóveis,,2026-08-11T18:09:30
2026,2026-04,2026-04-29,Deputado Robério Negreiros,ROBERIO NEGREIROS,Smart Soluções Inteligentes para DOC Ltda. - EPP,cnpj,72638216000198,229,325.74,"II - Locação de bens móveis, máquinas e equipamentos",,2026-08-11T18:09:30
2026,2026-04,2026-04-30,Deputado Robério Negreiros,ROBERIO NEGREIROS,MF Campos Serviços Imobiliário Ltda. - Aluguel,cnpj,40112929000127,49,6945.00,I- Locação e Manutenção de Imóveis,,2026-08-11T18:09:30
2026,2026-04,2026-04-30,Deputado Robério Negreiros,ROBERIO NEGREIROS,Senna Locadora de Veículos,cnpj,42902121000179,Demonstrativo 09,4000.00,"II - Locação de bens móveis, máquinas e equipamentos",,2026-08-11T18:09:30
2026,2026-04,2026-04-30,Deputado Robério Negreiros,ROBERIO NEGREIROS,Pedro de Oliveira Paiva e Souza,cnpj,21452797000138,246,600.00,VII- Assessoria/Consultoria Especializada,,2026-08-11T18:09:30
2026,2026-04,2026-04-30,CHICO VIGILANTE,CHICO VIGILANTE,Jonathas Holanda Barbosa,vazio,,NF n.º 59 Cheque BRB n.º 55 700455,3000.00,Divulgação Parlamentar,,2026-08-11T18:09:30
2026,2026-04,2026-04-30,CHICO VIGILANTE,CHICO VIGILANTE,Alessandra das Graças Brants Lopes,vazio,,Cheque BRB n.º 700453,5500.00,Locação e Manutenção Imóvel,,2026-08-11T18:09:30
2026,2026-04,2026-04-30,CHICO VIGILANTE,CHICO VIGILANTE,Suprema Mobilidade Ltda,cnpj,24894397000170,NF n.º 726 Cheque BRB n.º 700454,5500.00,Locação de Veículo,,2026-08-11T18:09:30
2026,2026-04,2026-04-03,Deputado Joaquim Roriz Neto,JOAQUIM RORIZ NETO,Facebook,cnpj,13347016000117,133801007.0,3539.84,Serviços Online,,2026-08-11T18:09:30
2026,2026-05,2026-05-03,Jane Klébia do Nascimento da Silva,DOUTORA JANE,FACEBOOK SERVIÇOS ONLINE DO BRASIL LTDA,cnpj,13347016000117,2659051,4047.20,Divulgação atividade parlamentar,,2026-08-11T18:09:30
2026,2026-04,2026-04-07,Deputado Joaquim Roriz Neto,JOAQUIM RORIZ NETO,ELEGIS Gestão Estrategica Consultoria e Tecnologia LTDA,cnpj,28067410000179,472.0,649.00,,,2026-08-11T18:09:30
2026,2026-05,2026-05-04,Marcos Martins Machado,MARTINS MACHADO,Soily Braga - Sociedade Individual de Advocacia,cnpj,52385773000137,33.0,5500.00,Assessoria / Consultoria Jurídica,,2026-08-11T18:09:30
2026,2026-05,2026-05-04,Jane Klébia do Nascimento da Silva,DOUTORA JANE,ELDORADO FROTAS LTDA,cnpj,41685059000148,2659120,5600.00,Locação de veículo,,2026-08-11T18:09:30
2026,2026-05,2026-05-04,Jane Klébia do Nascimento da Silva,DOUTORA JANE,PLANETA DIÁRIO PORTAL DE NOTÍCIAS LTDA,cnpj,40750576000190,2659108,6000.00,Divulgação atividade parlamentar,,2026-08-11T18:09:30
2026,2026-05,2026-05-04,JAQUELINE SILVA,JAQUELINE SILVA,ELTON PEREIRA SANTOS - MEI,cnpj,49915080000102,79,1000.00,Divulgação de atividade parlamentar,,2026-08-11T18:09:30
2026,2026-05,2026-05-04,JAQUELINE SILVA,JAQUELINE SILVA,Suprema Mobilidade LTDA,cnpj,24894397000170,723,6000.00,Aluguel de veículo,,2026-08-11T18:09:30
2026,2026-05,2026-05-04,Deputada Paula Belmonte,PAULA BELMONTE,RABBIT AGENCIA DE PUBLICIDADE,cnpj,30909939000134,2667997,10050.00,Divulgação de Atividade Parlamentar,,2026-08-11T18:09:30
2026,2026-05,2026-05-05,Marcos Martins Machado,MARTINS MACHADO,Suprema Mobilidade Ltda,cnpj,24894397000170,740.0,5000.00,Locação de Veículo,,2026-08-11T18:09:30
2026,2026-05,2026-05-05,Marcos Martins Machado,MARTINS MACHADO,Pro Vídeo Locação e Eventos Ltda,cnpj,13542814000108,517.0,5000.00,Divulgação de Atividade Parlamentar,,2026-08-11T18:09:30
2026,2026-05,2026-05-06,JAQUELINE SILVA,JAQUELINE SILVA,GUSTAVO LUIZ SANTOS FRANCO,nao_e_registro,,129,3000.00,Aluguel de imóvel,,2026-08-11T18:09:30
2026,2026-05,2026-05-10,Jane Klébia do Nascimento da Silva,DOUTORA JANE,VIZION GESTÃO DE NEGÓCIOS EMPRESARIAIS LTDA,cnpj,07979987000187,2700151,788.40,Consultoria Especializada,,2026-08-11T18:09:30
2026,2026-05,2026-05-11,JAQUELINE SILVA,JAQUELINE SILVA,TIAGO FONTENELE ILARIA SANTOS,cnpj,54535830000142,15,5000.00,Divulgação de atividade parlamentar,,2026-08-11T18:09:30
2026,2026-05,2026-05-29,Jane Klébia do Nascimento da Silva,DOUTORA JANE,ELDORADO FROTAS LTDA,cnpj,41685059000148,2700156,5600.00,Locação de veículo,,2026-08-11T18:09:30
2026,2026-06,2026-06-01,Marcos Martins Machado,MARTINS MACHADO,Suprema Mobilidade Ltda,cnpj,24894397000170,757.0,5000.00,Locação de Veículo,,2026-08-11T18:09:30
2026,2026-06,2026-06-01,Marcos Martins Machado,MARTINS MACHADO,Suprema Mobilidade Ltda,cnpj,24894397000170,812.0,5000.00,Locação de Veículo,,2026-08-11T18:09:30
2026,2026-06,2026-06-02,Marcos Martins Machado,MARTINS MACHADO,Pro Vídeo Locação e Eventos Ltda,cnpj,13542814000108,533.0,5000.00,Divulgação de Atividade Parlamentar,,2026-08-11T18:09:30
2026,2026-06,2026-06-02,Marcos Martins Machado,MARTINS MACHADO,Soily Braga - Sociedade Individual de Advocacia,cnpj,52385773000137,34.0,5500.00,Assessoria / Consultoria Jurídica,,2026-08-11T18:09:30
2026,2026-06,2026-06-02,Jane Klébia do Nascimento da Silva,DOUTORA JANE,FACEBOOK SERVIÇOS ONLINE DO BRASIL LTDA,cnpj,13347016000117,2700139,867.64,Divulgação atividade parlamentar,,2026-08-11T18:09:30
2026,2026-06,2026-06-02,Deputada Paula Belmonte,PAULA BELMONTE,RABBIT AGENCIA DE PUBLICIDADE,cnpj,30909939000134,2709513,10050.00,Divulgação de Atividade Parlamentar,,2026-08-11T18:09:30
2026,2026-06,2026-06-02,Marcos Martins Machado,MARTINS MACHADO,Pro Vídeo Locação e Eventos Ltda,cnpj,13542814000108,555.0,5000.00,Divulgação de Atividade Parlamentar,,2026-08-11T18:09:30
2026,2026-06,2026-06-02,Marcos Martins Machado,MARTINS MACHADO,Soily Braga - Sociedade Individual de Advocacia,cnpj,52385773000137,35.0,5500.00,Assessoria / Consultoria Jurídica,,2026-08-11T18:09:30
2026,2026-06,2026-06-08,Jane Klébia do Nascimento da Silva,DOUTORA JANE,PLANETA DIÁRIO PORTAL DE NOTÍCIAS LTDA,cnpj,40750576000190,2700144,7000.00,Divulgação atividade parlamentar,,2026-08-11T18:09:30
2026,2026-06,2026-06-23,Deputado Hermeto,HERMETO,Suprema Veículo,cnpj,24894397000170,754,6000.00,Locação de veículos,,2026-08-11T18:09:30
2026,2026-06,2026-06-23,Deputado Hermeto,HERMETO,Jonathan Oliveira Marques de Lima,cnpj,66257191000180,2,7000.00,Divulgação de atividade parlamentar,,2026-08-11T18:09:30
2026,2026-06,2026-06-23,Deputado Hermeto,HERMETO,Noécia Martins de Godoi,cpf_redigido,,34,3500.00,Locação de Imóvel,,2026-08-11T18:09:30
2026,2026-06,2026-06-23,Deputado Hermeto,HERMETO,Caesb,nao_e_registro,,897957,77.89,Locação e manutenção de imóveis,,2026-08-11T18:09:30
2026,2026-06,2026-06-23,Deputado Hermeto,HERMETO,Neoenergia,cnpj,07522669000192,20135734,298.83,Locação e manutenção de imóveis,,2026-08-11T18:09:30
2026,2026-06,2026-06-23,Deputado Hermeto,HERMETO,Claro,cnpj,40432544000147,[redigido],260.65,Locação e manutenção de imóveis,,2026-08-11T18:09:30
2026,,,Deputado Fábio Félix,FABIO FELIX,INVESTCAR VEÍCULOS LTDA,cnpj,01615224000170,753,5300.00,LOCAÇÃO DE VEICULOS,,2026-08-11T18:09:30
2026,,,Deputado Fábio Félix,FABIO FELIX,PLANO IMOVEIS,vazio,,03832/01,4081.92,LOCAÇÃO DE IMOVEIS,,2026-08-11T18:09:30
2026,,,Deputado Fábio Félix,FABIO FELIX,NEOENERGIA,vazio,,39065,117.89,ENERGIA,,2026-08-11T18:09:30
2026,,,Deputado Fábio Félix,FABIO FELIX,VIVO,vazio,,16650882,120.00,INTERNET,,2026-08-11T18:09:30
2026,,,Deputado Fábio Félix,FABIO FELIX,PRÓ SÍNDICO,vazio,,908284001,814.90,Condomínio,,2026-08-11T18:09:30
2026,,,Deputado Fábio Félix,FABIO FELIX,CAESB,vazio,,4251-1,109.86,CAESB,,2026-08-11T18:09:30
2026,,,Deputado Fábio Félix,FABIO FELIX,EVAG,vazio,,,683.33,DIVULGAÇÃO PARLAMENTAR,,2026-08-11T18:09:30
2026,,,Deputado Fábio Félix,FABIO FELIX,INVESTCAR VEÍCULOS LTDA,cnpj,01615224000170,769,5300.00,LOCAÇÃO DE VEICULOS,,2026-08-11T18:09:30
2026,,,Deputado Fábio Félix,FABIO FELIX,PLANO IMOVEIS,vazio,,03832/01,4100.00,LOCAÇÃO DE IMOVEIS,,2026-08-11T18:09:30
2026,,,Deputado Fábio Félix,FABIO FELIX,NEOENERGIA,vazio,,39065,143.36,ENERGIA,,2026-08-11T18:09:30
2026,,,Deputado Fábio Félix,FABIO FELIX,VIVO,vazio,,16650882,120.00,INTERNET,,2026-08-11T18:09:30
2026,,,Deputado Fábio Félix,FABIO FELIX,PRÓ SÍNDICO,vazio,,908284001,814.90,Condomínio,,2026-08-11T18:09:30
2026,,,Deputado Fábio Félix,FABIO FELIX,CAESB,vazio,,4251-1,92.80,CAESB,,2026-08-11T18:09:30
2026,,,Deputado Fábio Félix,FABIO FELIX,EVAG,vazio,,1762,683.33,DIVULGAÇÃO PARLAMENTAR,,2026-08-11T18:09:30
2026,,,Deputado Fábio Félix,FABIO FELIX,SOMOS COMMU,vazio,,885,2500.00,CONSULTORIA ESPECIALIZADA,,2026-08-11T18:09:30
2026,,,Deputado Fábio Félix,FABIO FELIX,INVESTCAR VEÍCULOS LTDA,cnpj,01615224000170,,5300.00,LOCAÇÃO DE VEICULOS,,2026-08-11T18:09:30
2026,,,Deputado Fábio Félix,FABIO FELIX,PLANO IMOVEIS,vazio,,03832/01,4100.00,LOCAÇÃO DE IMOVEIS,,2026-08-11T18:09:30
2026,,,Deputado Fábio Félix,FABIO FELIX,NEOENERGIA,vazio,,39065,126.94,ENERGIA,,2026-08-11T18:09:30
2026,,,Deputado Fábio Félix,FABIO FELIX,VIVO,vazio,,16650882,120.00,INTERNET,,2026-08-11T18:09:30
2026,,,Deputado Fábio Félix,FABIO FELIX,PRÓ SÍNDICO,vazio,,908284001,814.90,Condomínio,,2026-08-11T18:09:30
2026,,,Deputado Fábio Félix,FABIO FELIX,CAESB,vazio,,4251-1,75.74,CAESB,,2026-08-11T18:09:30
2026,,,Deputado Fábio Félix,FABIO FELIX,EVAG,vazio,,1791,683.33,DIVULGAÇÃO PARLAMENTAR,,2026-08-11T18:09:30
2026,,,Deputado Fábio Félix,FABIO FELIX,SOMOS COMMU,vazio,,917,2500.00,CONSULTORIA ESPECIALIZADA,,2026-08-11T18:09:30
2026,,,Deputado Fábio Félix,FABIO FELIX,INVESTCAR VEÍCULOS LTDA,cnpj,01615224000170,817,5300.00,LOCAÇÃO DE VEICULOS,,2026-08-11T18:09:30
2026,,,Deputado Fábio Félix,FABIO FELIX,PLANO IMOVEIS,vazio,,03832/01,4100.00,LOCAÇÃO DE IMOVEIS,,2026-08-11T18:09:30
2026,,,Deputado Fábio Félix,FABIO FELIX,NEOENERGIA,vazio,,39065,108.54,ENERGIA,,2026-08-11T18:09:30
2026,,,Deputado Fábio Félix,FABIO FELIX,VIVO,vazio,,16650882,120.00,INTERNET,,2026-08-11T18:09:30
2026,,,Deputado Fábio Félix,FABIO FELIX,PRÓ SÍNDICO,vazio,,908284001,814.90,Condomínio,,2026-08-11T18:09:30
2026,,,Deputado Fábio Félix,FABIO FELIX,CAESB,vazio,,4251-1,58.68,CAESB,,2026-08-11T18:09:30
2026,,,Deputado Fábio Félix,FABIO FELIX,EVAG,vazio,,1828,683.33,DIVULGAÇÃO PARLAMENTAR,,2026-08-11T18:09:30
2026,,,Deputado Fábio Félix,FABIO FELIX,SOMOS COMMU,vazio,,943,2500.00,CONSULTORIA ESPECIALIZADA,,2026-08-11T18:09:30
2026,,,Deputado Robério Negreiros,ROBERIO NEGREIROS,MF Campos Serviços Imobiliário Ltda. - Aluguel,cnpj,40112929000127,56,6945.00,I- Locação e Manutenção de Imóveis,,2026-08-11T18:09:30
2026,,,Deputado Robério Negreiros,ROBERIO NEGREIROS,Smart Soluções Inteligentes para DOC Ltda. - EPP,cnpj,72638216000198,323,325.74,"II - Locação de bens móveis, máquinas e equipamentos",,2026-08-11T18:09:30
2026,,,Deputado Robério Negreiros,ROBERIO NEGREIROS,Vivo Telefônica Brasil S/A - Gabinete de Apoio,cnpj,02558157000162,266178,264.78,I- Locação e Manutenção de Imóveis,,2026-08-11T18:09:30
2026,,,Deputado Robério Negreiros,ROBERIO NEGREIROS,Senna Locadora de Veículos,cnpj,42902121000179,Demonstrativo 10,4000.00,"II - Locação de bens móveis, máquinas e equipamentos",,2026-08-11T18:09:30
2026,,,Deputado Robério Negreiros,ROBERIO NEGREIROS,Pedro de Oliveira Paiva e Souza,cnpj,21452797000138,255,600.00,VII- Assessoria/Consultoria Especializada,,2026-08-11T18:09:30
2026,,,Deputado Robério Negreiros,ROBERIO NEGREIROS,Elegis Gestão Estratégica Consultoria e Tecnologia Ltda.,cnpj,28067410000179,540,649.00,VIII - Divulgação de atividade parlamentar,,2026-08-11T18:09:30
2026,2026-02,2026-02-03,Max Maciel Cavalcanti,MAX MACIEL,Smartloc Aluguel de carros,cnpj,29139111000165,4944.0,1816.00,Locação de veículo,,2026-08-11T18:09:30
2026,2026-10,2026-10-03,Max Maciel Cavalcanti,MAX MACIEL,Ana Paula do Carmo Macedo,cnpj,62429894000197,7.0,5000.00,Divulgação de atividade parlamentar (Audiovisual),,2026-08-11T18:09:30
2026,2026-06,2026-06-04,Max Maciel Cavalcanti,MAX MACIEL,Smartloc Aluguel de carros,cnpj,29139111000165,5026.0,3770.00,Locação de veículo,,2026-08-11T18:09:30
2026,2026-10,2026-10-04,Max Maciel Cavalcanti,MAX MACIEL,Ana Paula do Carmo Macedo,cnpj,62429894000197,8.0,5000.00,Divulgação de atividade parlamentar (Audiovisual),,2026-08-11T18:09:30
2026,2026-08,2026-08-05,Max Maciel Cavalcanti,MAX MACIEL,Smartloc Aluguel de carros,cnpj,29139111000165,5102.0,3770.00,Locação de veículo,,2026-08-11T18:09:30
2026,2026-08,2026-08-05,Max Maciel Cavalcanti,MAX MACIEL,Ana Paula do Carmo Macedo,cnpj,62429894000197,10.0,5000.00,Divulgação de atividade parlamentar (Audiovisual),,2026-08-11T18:09:30
2026,2026-02,2026-02-06,Max Maciel Cavalcanti,MAX MACIEL,Smartloc Aluguel de carros,cnpj,29139111000165,5163.0,,Locação de veículo,,2026-08-11T18:09:30
2026,2026-10,2026-10-06,Max Maciel Cavalcanti,MAX MACIEL,Ana Paula do Carmo Macedo,cnpj,62429894000197,13.0,,Divulgação de atividade parlamentar (Audiovisual),,2026-08-11T18:09:30
2026,2026-03,2026-03-07,Max Maciel Cavalcanti,MAX MACIEL,Smartloc Aluguel de carros,cnpj,29139111000165,5241.0,3770.00,Locação de veículo,,2026-08-11T18:09:30
2026,,,Max Maciel Cavalcanti,MAX MACIEL,Smartloc Aluguel de carros,cnpj,29139111000165,,3770.00,Locação de veículo,,2026-08-11T18:09:30
2026,2026-05,2026-05-02,Deputado Joaquim Roriz Neto,JOAQUIM RORIZ NETO,Facebook,cnpj,13347016000117,134954965.0,5000.00,Serviços Online,,2026-08-11T18:09:30
2026,2026-05,2026-05-04,Deputado Joaquim Roriz Neto,JOAQUIM RORIZ NETO,SUPREMA Mobilidade LTDA,cnpj,24894397000170,739.0,7000.00,Locação de Veículos,,2026-08-11T18:09:30
2026,2026-08,2026-08-06,Deputado Joaquim Roriz Neto,JOAQUIM RORIZ NETO,ELEGIS Gestão Estrategica Consultoria e Tecnologia LTDA,cnpj,28067410000179,637.0,649.00,,,2026-08-11T18:09:30
2026,2026-01,2026-01-31,CHICO VIGILANTE,CHICO VIGILANTE,Jonathas Holanda Barbosa,vazio,,NF n.º 56 Cheque BRB n.º 55 700445,,Divulgação Parlamentar,,2026-08-11T18:09:30
2026,2026-01,2026-01-30,CHICO VIGILANTE,CHICO VIGILANTE,Alessandra das Graças Brants Lopes,vazio,,Cheque BRB n.º 700446,,Locação e Manutenção Imóvel,,2026-08-11T18:09:30
2026,2026-01,2026-01-22,CHICO VIGILANTE,CHICO VIGILANTE,VIVO,cnpj,02558157000162,1346641440.0,150.00,Locação e Manutenção Imóvel,,2026-08-11T18:09:30
2026,2026-01,2026-01-09,CHICO VIGILANTE,CHICO VIGILANTE,CAESB,cnpj,00082024000137,20840.0,190.88,Locação e Manutenção Imóvel,,2026-08-11T18:09:30
2026,2026-01,2026-01-30,CHICO VIGILANTE,CHICO VIGILANTE,Suprema Mobilidade Ltda,cnpj,24894397000170,NF n.º 625 Cheque BRB n.º 700444,,Locação de Veículo,,2026-08-11T18:09:30
2026,2026-01,2026-01-22,CHICO VIGILANTE,CHICO VIGILANTE,VIVO,cnpj,02558157000162,1127510962.0,34.00,Locação e Manutenção Imóvel,,2026-08-11T18:09:30
2026,,2/28/2026,CHICO VIGILANTE,CHICO VIGILANTE,Jonathas Holanda Barbosa,vazio,,NF n.º 57 Cheque BRB n.º 700448,3000.00,Divulgação Parlamentar,,2026-08-11T18:09:30
2026,,2/27/2026,CHICO VIGILANTE,CHICO VIGILANTE,Alessandra das Graças Brants Lopes,vazio,,Cheque BRB n.º 700447,5500.00,Locação e Manutenção Imóvel,,2026-08-11T18:09:30
2026,,2/23/2026,CHICO VIGILANTE,CHICO VIGILANTE,VIVO,cnpj,02558157000162,1346641440.0,150.00,Locação e Manutenção Imóvel,,2026-08-11T18:09:30
2026,2026-05,2026-05-02,CHICO VIGILANTE,CHICO VIGILANTE,CAESB,cnpj,00082024000137,27353.0,75.74,Locação e Manutenção Imóvel,,2026-08-11T18:09:30
2026,,2/27/2026,CHICO VIGILANTE,CHICO VIGILANTE,Suprema Mobilidade Ltda,cnpj,24894397000170,NF n.º 663 Cheque BRB n.º 700449,5500.00,Locação de Veículo,,2026-08-11T18:09:30
2026,,2/20/2026,CHICO VIGILANTE,CHICO VIGILANTE,VIVO,cnpj,02558157000162,1127510962.0,34.00,Locação e Manutenção Imóvel,,2026-08-11T18:09:30
2026,,3/31/2026,CHICO VIGILANTE,CHICO VIGILANTE,Jonathas Holanda Barbosa,vazio,,NF n.º 58 Cheque BRB n.º 55 700452,3000.00,Divulgação Parlamentar,,2026-08-11T18:09:30
2026,,3/30/2026,CHICO VIGILANTE,CHICO VIGILANTE,Alessandra das Graças Brants Lopes,vazio,,Cheque BRB n.º 700450,5500.00,Locação e Manutenção Imóvel,,2026-08-11T18:09:30
2026,,3/19/2026,CHICO VIGILANTE,CHICO VIGILANTE,VIVO,cnpj,02558157000162,1346641440.0,150.00,Locação e Manutenção Imóvel,,2026-08-11T18:09:30
2026,2026-04,2026-04-03,CHICO VIGILANTE,CHICO VIGILANTE,CAESB,cnpj,00082024000137,8079.0,218.38,Locação e Manutenção Imóvel,,2026-08-11T18:09:30
2026,,3/31/2026,CHICO VIGILANTE,CHICO VIGILANTE,Suprema Mobilidade Ltda,cnpj,24894397000170,NF n.º 696 Cheque BRB n.º 700451,5500.00,Locação de Veículo,,2026-08-11T18:09:30
2026,,3/20/2026,CHICO VIGILANTE,CHICO VIGILANTE,VIVO,cnpj,02558157000162,1127510962.0,34.00,Locação e Manutenção Imóvel,,2026-08-11T18:09:30
2026,,3/31/2026,CHICO VIGILANTE,CHICO VIGILANTE,Jonathas Holanda Barbosa,vazio,,NF n.º 58 Cheque BRB n.º 55 700452,3000.00,Divulgação Parlamentar,,2026-08-11T18:09:30
2026,,3/30/2026,CHICO VIGILANTE,CHICO VIGILANTE,Alessandra das Graças Brants Lopes,vazio,,Cheque BRB n.º 700450,5500.00,Locação e Manutenção Imóvel,,2026-08-11T18:09:30
2026,,3/19/2026,CHICO VIGILANTE,CHICO VIGILANTE,VIVO,cnpj,02558157000162,1346641440.0,150.00,Locação e Manutenção Imóvel,,2026-08-11T18:09:30
2026,2026-04,2026-04-03,CHICO VIGILANTE,CHICO VIGILANTE,CAESB,cnpj,00082024000137,8079.0,218.38,Locação e Manutenção Imóvel,,2026-08-11T18:09:30
2026,,3/31/2026,CHICO VIGILANTE,CHICO VIGILANTE,Suprema Mobilidade Ltda,cnpj,24894397000170,NF n.º 696 Cheque BRB n.º 700451,5500.00,Locação de Veículo,,2026-08-11T18:09:30
2026,,3/20/2026,CHICO VIGILANTE,CHICO VIGILANTE,VIVO,cnpj,02558157000162,1127510962.0,34.00,Locação e Manutenção Imóvel,,2026-08-11T18:09:30
2026,,6/30/2026,Deputado Robério Negreiros,ROBERIO NEGREIROS,MF Campos Serviços Imobiliário Ltda. - Aluguel,cnpj,40112929000127,57.0,6945.00,I- Locação e Manutenção de Imóveis,,2026-08-11T18:09:30
2026,,6/30/2026,Deputado Robério Negreiros,ROBERIO NEGREIROS,Smart Soluções Inteligentes para DOC Ltda. - EPP,cnpj,72638216000198,448.0,325.74,"II - Locação de bens móveis, máquinas e equipamentos",,2026-08-11T18:09:30
2026,,6/15/2026,Deputado Robério Negreiros,ROBERIO NEGREIROS,Vivo Telefônica Brasil S/A - Gabinete de Apoio,cnpj,02558157000162,291228.0,264.78,I- Locação e Manutenção de Imóveis,,2026-08-11T18:09:30
2026,,6/30/2026,Deputado Robério Negreiros,ROBERIO NEGREIROS,Senna Locadora de Veículos,cnpj,42902121000179,Demonstrativo 11,4000.00,"II - Locação de bens móveis, máquinas e equipamentos",,2026-08-11T18:09:30
2026,,6/30/2026,Deputado Robério Negreiros,ROBERIO NEGREIROS,Pedro de Oliveira Paiva e Souza,cnpj,21452797000138,260.0,600.00,VII- Assessoria/Consultoria Especializada,,2026-08-11T18:09:30
2026,2026-06,2026-06-01,Deputado Robério Negreiros,ROBERIO NEGREIROS,Elegis Gestão Estratégica Consultoria e Tecnologia Ltda.,cnpj,28067410000179,630.0,649.00,VIII - Divulgação de atividade parlamentar,,2026-08-11T18:09:30
2026,2026-02,2026-02-06,Deputado Robério Negreiros,ROBERIO NEGREIROS,Facebook Serviços Online do Brasil Ltda,cnpj,13347016000117,140498655.0,1500.00,VIII - Divulgação de atividade parlamentar,,2026-08-11T18:09:30
2026,,TOTAL GERA,,,,vazio,,,633108.56,,,2026-08-11T18:09:30
