ano,tipo_votacao,co_materia,parlamentar,partido,voto,votos,as_of
2023,NOMINAL,1106,CHICO VIGILANTE,PT,SIM,1,2026-08-27
2023,NOMINAL,1106,DAYSE AMARILIO,PSB,SIM,1,2026-08-27
2023,NOMINAL,1106,EDUARDO PEDROSA,UNIÃO,SIM,1,2026-08-27
2023,NOMINAL,1106,FÁBIO FELIX,PSOL,SIM,1,2026-08-27
2023,NOMINAL,1106,GABRIEL MAGNO,PT,SIM,1,2026-08-27
2023,NOMINAL,1106,HERMETO,MDB,SIM,1,2026-08-27
2023,NOMINAL,1106,IOLANDO,MDB,SIM,1,2026-08-27
2023,NOMINAL,1106,JAQUELINE SILVA,NÃO INFORMADO,SIM,1,2026-08-27
2023,NOMINAL,1106,JOAQUIM RORIZ NETO,PL,SIM,1,2026-08-27
2023,NOMINAL,1106,JORGE VIANNA,PSD,SIM,1,2026-08-27
2023,NOMINAL,1106,MARTINS MACHADO,REPUBLICANOS,SIM,1,2026-08-27
2023,NOMINAL,1106,MAX MACIEL,PSOL,SIM,1,2026-08-27
2023,NOMINAL,1106,PASTOR DANIEL DE CASTRO,PP,SIM,1,2026-08-27
2023,NOMINAL,1106,PAULA BELMONTE,CIDADANIA,SIM,1,2026-08-27
2023,NOMINAL,1106,PEPA,PP,SIM,1,2026-08-27
2023,NOMINAL,1106,RICARDO VALE,PT,SIM,1,2026-08-27
2023,NOMINAL,1106,ROGERIO MORRO DA CRUZ,PMN,SIM,1,2026-08-27
2023,NOMINAL,1106,ROOSEVELT VILELA,PL,SIM,1,2026-08-27
2023,NOMINAL,1106,WELLINGTON LUIZ,MDB,SIM,1,2026-08-27
2023,NOMINAL,1405,CHICO VIGILANTE,PT,NAO,1,2026-08-27
2023,NOMINAL,1405,DANIEL DONIZET,MDB,NAO,1,2026-08-27
2023,NOMINAL,1405,DAYSE AMARILIO,PSB,NAO,1,2026-08-27
2023,NOMINAL,1405,DOUTORA JANE,MDB,NAO,1,2026-08-27
2023,NOMINAL,1405,EDUARDO PEDROSA,UNIÃO,NAO,1,2026-08-27
2023,NOMINAL,1405,FÁBIO FELIX,PSOL,NAO,1,2026-08-27
2023,NOMINAL,1405,GABRIEL MAGNO,PT,NAO,1,2026-08-27
2023,NOMINAL,1405,HERMETO,MDB,NAO,1,2026-08-27
2023,NOMINAL,1405,IOLANDO,MDB,NAO,1,2026-08-27
2023,NOMINAL,1405,JAQUELINE SILVA,MDB,NAO,1,2026-08-27
2023,NOMINAL,1405,JOAQUIM RORIZ NETO,PL,NAO,1,2026-08-27
2023,NOMINAL,1405,JORGE VIANNA,PSD,NAO,1,2026-08-27
2023,NOMINAL,1405,MARTINS MACHADO,REPUBLICANOS,NAO,1,2026-08-27
2023,NOMINAL,1405,MAX MACIEL,PSOL,NAO,1,2026-08-27
2023,NOMINAL,1405,PASTOR DANIEL DE CASTRO,PP,NAO,1,2026-08-27
2023,NOMINAL,1405,PAULA BELMONTE,CIDADANIA,NAO,1,2026-08-27
2023,NOMINAL,1405,PEPA,PP,NAO,1,2026-08-27
2023,NOMINAL,1405,RICARDO VALE,PT,NAO,1,2026-08-27
2023,NOMINAL,1405,ROBÉRIO NEGREIROS,PSD,NAO,1,2026-08-27
2023,NOMINAL,1405,ROGERIO MORRO DA CRUZ,NÃO INFORMADO,NAO,1,2026-08-27
2023,NOMINAL,1405,ROOSEVELT VILELA,PL,NAO,1,2026-08-27
2023,NOMINAL,1405,THIAGO MANZONI,PL,NAO,1,2026-08-27
2023,NOMINAL,1405,WELLINGTON LUIZ,MDB,NAO,1,2026-08-27
2023,NOMINAL,5724,CHICO VIGILANTE,PT,SIM,1,2026-08-27
2023,NOMINAL,5724,DANIEL DONIZET,MDB,SIM,1,2026-08-27
2023,NOMINAL,5724,DAYSE AMARILIO,PSB,SIM,1,2026-08-27
2023,NOMINAL,5724,DOUTORA JANE,MDB,SIM,1,2026-08-27
2023,NOMINAL,5724,EDUARDO PEDROSA,UNIÃO,SIM,1,2026-08-27
2023,NOMINAL,5724,FÁBIO FELIX,PSOL,SIM,1,2026-08-27
2023,NOMINAL,5724,GABRIEL MAGNO,PT,SIM,1,2026-08-27
2023,NOMINAL,5724,HERMETO,MDB,SIM,1,2026-08-27
2023,NOMINAL,5724,IOLANDO,MDB,SIM,1,2026-08-27
2023,NOMINAL,5724,JAQUELINE SILVA,MDB,SIM,1,2026-08-27
2023,NOMINAL,5724,JOAQUIM RORIZ NETO,PL,SIM,1,2026-08-27
2023,NOMINAL,5724,JORGE VIANNA,PSD,SIM,1,2026-08-27
2023,NOMINAL,5724,MARTINS MACHADO,REPUBLICANOS,SIM,1,2026-08-27
2023,NOMINAL,5724,MAX MACIEL,PSOL,SIM,1,2026-08-27
2023,NOMINAL,5724,PASTOR DANIEL DE CASTRO,PP,SIM,1,2026-08-27
2023,NOMINAL,5724,PEPA,PP,SIM,1,2026-08-27
2023,NOMINAL,5724,RICARDO VALE,PT,SIM,1,2026-08-27
2023,NOMINAL,5724,ROBÉRIO NEGREIROS,PSD,SIM,1,2026-08-27
2023,NOMINAL,5724,ROGERIO MORRO DA CRUZ,NÃO INFORMADO,SIM,1,2026-08-27
2023,NOMINAL,5724,ROOSEVELT VILELA,PL,SIM,1,2026-08-27
2023,NOMINAL,5724,THIAGO MANZONI,PL,SIM,1,2026-08-27
2023,NOMINAL,5724,WELLINGTON LUIZ,MDB,SIM,1,2026-08-27
2023,NOMINAL,5725,CHICO VIGILANTE,PT,SIM,1,2026-08-27
2023,NOMINAL,5725,DANIEL DONIZET,MDB,SIM,1,2026-08-27
2023,NOMINAL,5725,DAYSE AMARILIO,PSB,SIM,1,2026-08-27
2023,NOMINAL,5725,DOUTORA JANE,MDB,SIM,1,2026-08-27
2023,NOMINAL,5725,EDUARDO PEDROSA,UNIÃO,SIM,1,2026-08-27
2023,NOMINAL,5725,FÁBIO FELIX,PSOL,SIM,1,2026-08-27
2023,NOMINAL,5725,GABRIEL MAGNO,PT,SIM,1,2026-08-27
2023,NOMINAL,5725,HERMETO,MDB,SIM,1,2026-08-27
2023,NOMINAL,5725,IOLANDO,MDB,SIM,1,2026-08-27
2023,NOMINAL,5725,JAQUELINE SILVA,MDB,SIM,1,2026-08-27
2023,NOMINAL,5725,JOAQUIM RORIZ NETO,PL,SIM,1,2026-08-27
2023,NOMINAL,5725,MARTINS MACHADO,REPUBLICANOS,SIM,1,2026-08-27
2023,NOMINAL,5725,MAX MACIEL,PSOL,SIM,1,2026-08-27
2023,NOMINAL,5725,PASTOR DANIEL DE CASTRO,PP,SIM,1,2026-08-27
2023,NOMINAL,5725,PEPA,PP,SIM,1,2026-08-27
2023,NOMINAL,5725,RICARDO VALE,PT,SIM,1,2026-08-27
2023,NOMINAL,5725,ROBÉRIO NEGREIROS,PSD,SIM,1,2026-08-27
2023,NOMINAL,5725,ROGERIO MORRO DA CRUZ,NÃO INFORMADO,SIM,1,2026-08-27
2023,NOMINAL,5725,ROOSEVELT VILELA,PL,SIM,1,2026-08-27
2023,NOMINAL,5725,THIAGO MANZONI,PL,SIM,1,2026-08-27
2023,NOMINAL,5725,WELLINGTON LUIZ,MDB,SIM,1,2026-08-27
2023,NOMINAL,6015,CHICO VIGILANTE,PT,NAO,1,2026-08-27
2023,NOMINAL,6015,DANIEL DONIZET,PL,NAO,1,2026-08-27
2023,NOMINAL,6015,DAYSE AMARILIO,PSB,NAO,1,2026-08-27
2023,NOMINAL,6015,DOUTORA JANE,AGIR,NAO,1,2026-08-27
2023,NOMINAL,6015,FÁBIO FELIX,PSOL,NAO,1,2026-08-27
2023,NOMINAL,6015,GABRIEL MAGNO,PT,NAO,1,2026-08-27
2023,NOMINAL,6015,HERMETO,MDB,NAO,1,2026-08-27
2023,NOMINAL,6015,JAQUELINE SILVA,NÃO INFORMADO,NAO,1,2026-08-27
2023,NOMINAL,6015,JOAQUIM RORIZ NETO,PL,NAO,1,2026-08-27
2023,NOMINAL,6015,JOÃO CARDOSO,AVANTE,NAO,1,2026-08-27
2023,NOMINAL,6015,MARTINS MACHADO,REPUBLICANOS,NAO,1,2026-08-27
2023,NOMINAL,6015,MAX MACIEL,PSOL,NAO,1,2026-08-27
2023,NOMINAL,6015,PASTOR DANIEL DE CASTRO,PP,NAO,1,2026-08-27
2023,NOMINAL,6015,PAULA BELMONTE,CIDADANIA,NAO,1,2026-08-27
2023,NOMINAL,6015,PEPA,PP,NAO,1,2026-08-27
2023,NOMINAL,6015,RICARDO VALE,PT,NAO,1,2026-08-27
2023,NOMINAL,6015,ROBÉRIO NEGREIROS,PSD,NAO,1,2026-08-27
2023,NOMINAL,6015,ROGERIO MORRO DA CRUZ,PMN,NAO,1,2026-08-27
2023,NOMINAL,6015,ROOSEVELT VILELA,PL,NAO,1,2026-08-27
2023,NOMINAL,6015,THIAGO MANZONI,PL,NAO,1,2026-08-27
2023,NOMINAL,6015,WELLINGTON LUIZ,MDB,NAO,1,2026-08-27
2023,NOMINAL,6037,CHICO VIGILANTE,PT,SIM,1,2026-08-27
2023,NOMINAL,6037,DAYSE AMARILIO,PSB,SIM,1,2026-08-27
2023,NOMINAL,6037,DOUTORA JANE,AGIR,SIM,1,2026-08-27
2023,NOMINAL,6037,EDUARDO PEDROSA,UNIÃO,SIM,1,2026-08-27
2023,NOMINAL,6037,FÁBIO FELIX,PSOL,SIM,1,2026-08-27
2023,NOMINAL,6037,GABRIEL MAGNO,PT,SIM,1,2026-08-27
2023,NOMINAL,6037,HERMETO,MDB,SIM,1,2026-08-27
2023,NOMINAL,6037,JORGE VIANNA,PSD,SIM,1,2026-08-27
2023,NOMINAL,6037,JOÃO CARDOSO,AVANTE,SIM,1,2026-08-27
2023,NOMINAL,6037,MAX MACIEL,PSOL,SIM,1,2026-08-27
2023,NOMINAL,6037,PASTOR DANIEL DE CASTRO,PP,SIM,1,2026-08-27
2023,NOMINAL,6037,PEPA,PP,SIM,1,2026-08-27
2023,NOMINAL,6037,RICARDO VALE,PT,SIM,1,2026-08-27
2023,NOMINAL,6037,ROBÉRIO NEGREIROS,PSD,SIM,1,2026-08-27
2023,NOMINAL,6037,THIAGO MANZONI,PL,SIM,1,2026-08-27
2023,NOMINAL,6037,WELLINGTON LUIZ,MDB,SIM,1,2026-08-27
2023,NOMINAL,6310,CHICO VIGILANTE,PT,NAO,1,2026-08-27
2023,NOMINAL,6310,DANIEL DONIZET,PL,SIM,1,2026-08-27
2023,NOMINAL,6310,DAYSE AMARILIO,PSB,SIM,1,2026-08-27
2023,NOMINAL,6310,DOUTORA JANE,AGIR,SIM,1,2026-08-27
2023,NOMINAL,6310,EDUARDO PEDROSA,UNIÃO,SIM,1,2026-08-27
2023,NOMINAL,6310,FÁBIO FELIX,PSOL,SIM,1,2026-08-27
2023,NOMINAL,6310,GABRIEL MAGNO,PT,NAO,1,2026-08-27
2023,NOMINAL,6310,HERMETO,MDB,SIM,1,2026-08-27
2023,NOMINAL,6310,IOLANDO,MDB,SIM,1,2026-08-27
2023,NOMINAL,6310,JAQUELINE SILVA,NÃO INFORMADO,SIM,1,2026-08-27
2023,NOMINAL,6310,JOAQUIM RORIZ NETO,PL,SIM,1,2026-08-27
2023,NOMINAL,6310,JORGE VIANNA,PSD,SIM,1,2026-08-27
2023,NOMINAL,6310,MARTINS MACHADO,REPUBLICANOS,SIM,1,2026-08-27
2023,NOMINAL,6310,MAX MACIEL,PSOL,SIM,1,2026-08-27
2023,NOMINAL,6310,PASTOR DANIEL DE CASTRO,PP,SIM,1,2026-08-27
2023,NOMINAL,6310,PAULA BELMONTE,CIDADANIA,SIM,1,2026-08-27
2023,NOMINAL,6310,PEPA,PP,SIM,1,2026-08-27
2023,NOMINAL,6310,RICARDO VALE,PT,NAO,1,2026-08-27
2023,NOMINAL,6310,ROBÉRIO NEGREIROS,PSD,SIM,1,2026-08-27
2023,NOMINAL,6310,ROGERIO MORRO DA CRUZ,NÃO INFORMADO,SIM,1,2026-08-27
2023,NOMINAL,6310,ROOSEVELT VILELA,PL,SIM,1,2026-08-27
2023,NOMINAL,6310,THIAGO MANZONI,PL,SIM,1,2026-08-27
2023,NOMINAL,6310,WELLINGTON LUIZ,MDB,SIM,1,2026-08-27
2023,NOMINAL,6365,DAYSE AMARILIO,PSB,SIM,1,2026-08-27
2023,NOMINAL,6365,DOUTORA JANE,AGIR,SIM,1,2026-08-27
2023,NOMINAL,6365,FÁBIO FELIX,PSOL,SIM,1,2026-08-27
2023,NOMINAL,6365,GABRIEL MAGNO,PT,SIM,1,2026-08-27
2023,NOMINAL,6365,HERMETO,MDB,SIM,1,2026-08-27
2023,NOMINAL,6365,JOÃO CARDOSO,AVANTE,SIM,1,2026-08-27
2023,NOMINAL,6365,MAX MACIEL,PSOL,SIM,1,2026-08-27
2023,NOMINAL,6365,PASTOR DANIEL DE CASTRO,PP,SIM,1,2026-08-27
2023,NOMINAL,6365,PAULA BELMONTE,CIDADANIA,SIM,1,2026-08-27
2023,NOMINAL,6365,PEPA,PP,SIM,1,2026-08-27
2023,NOMINAL,6365,RICARDO VALE,PT,SIM,1,2026-08-27
2023,NOMINAL,6365,ROBÉRIO NEGREIROS,PSD,SIM,1,2026-08-27
2023,NOMINAL,6365,ROOSEVELT VILELA,PL,SIM,1,2026-08-27
2023,NOMINAL,6365,WELLINGTON LUIZ,MDB,SIM,1,2026-08-27
2023,NOMINAL,6366,FÁBIO FELIX,PSOL,SIM,1,2026-08-27
2023,NOMINAL,6366,GABRIEL MAGNO,PT,SIM,1,2026-08-27
2023,NOMINAL,6366,HERMETO,MDB,SIM,1,2026-08-27
2023,NOMINAL,6366,JORGE VIANNA,PSD,SIM,1,2026-08-27
2023,NOMINAL,6366,JOÃO CARDOSO,AVANTE,SIM,1,2026-08-27
2023,NOMINAL,6366,MARTINS MACHADO,REPUBLICANOS,SIM,1,2026-08-27
2023,NOMINAL,6366,MAX MACIEL,PSOL,SIM,1,2026-08-27
2023,NOMINAL,6366,PASTOR DANIEL DE CASTRO,PP,SIM,1,2026-08-27
2023,NOMINAL,6366,PAULA BELMONTE,CIDADANIA,SIM,1,2026-08-27
2023,NOMINAL,6366,RICARDO VALE,PT,SIM,1,2026-08-27
2023,NOMINAL,6366,ROBÉRIO NEGREIROS,PSD,SIM,1,2026-08-27
2023,NOMINAL,6366,ROGERIO MORRO DA CRUZ,PMN,SIM,1,2026-08-27
2023,NOMINAL,6366,THIAGO MANZONI,PL,SIM,1,2026-08-27
2023,NOMINAL,6379,CHICO VIGILANTE,PT,SIM,1,2026-08-27
2023,NOMINAL,6379,DAYSE AMARILIO,PSB,SIM,1,2026-08-27
2023,NOMINAL,6379,EDUARDO PEDROSA,UNIÃO,SIM,1,2026-08-27
2023,NOMINAL,6379,GABRIEL MAGNO,PT,SIM,1,2026-08-27
2023,NOMINAL,6379,HERMETO,MDB,SIM,1,2026-08-27
2023,NOMINAL,6379,JAQUELINE SILVA,NÃO INFORMADO,SIM,1,2026-08-27
2023,NOMINAL,6379,JOAQUIM RORIZ NETO,PL,SIM,1,2026-08-27
2023,NOMINAL,6379,JOÃO CARDOSO,AVANTE,SIM,1,2026-08-27
2023,NOMINAL,6379,MAX MACIEL,PSOL,SIM,1,2026-08-27
2023,NOMINAL,6379,PASTOR DANIEL DE CASTRO,PP,SIM,1,2026-08-27
2023,NOMINAL,6379,PEPA,PP,SIM,1,2026-08-27
2023,NOMINAL,6379,RICARDO VALE,PT,SIM,1,2026-08-27
2023,NOMINAL,6379,ROGERIO MORRO DA CRUZ,PMN,SIM,1,2026-08-27
2023,NOMINAL,6379,ROOSEVELT VILELA,PL,SIM,1,2026-08-27
2023,NOMINAL,6379,THIAGO MANZONI,PL,SIM,1,2026-08-27
2023,NOMINAL,6379,WELLINGTON LUIZ,MDB,SIM,1,2026-08-27
2023,NOMINAL,6381,CHICO VIGILANTE,PT,SIM,1,2026-08-27
2023,NOMINAL,6381,DAYSE AMARILIO,PSB,SIM,1,2026-08-27
2023,NOMINAL,6381,DOUTORA JANE,AGIR,SIM,1,2026-08-27
2023,NOMINAL,6381,EDUARDO PEDROSA,UNIÃO,SIM,1,2026-08-27
2023,NOMINAL,6381,FÁBIO FELIX,PSOL,SIM,1,2026-08-27
2023,NOMINAL,6381,GABRIEL MAGNO,PT,SIM,1,2026-08-27
2023,NOMINAL,6381,IOLANDO,MDB,SIM,1,2026-08-27
2023,NOMINAL,6381,JOAQUIM RORIZ NETO,PL,SIM,1,2026-08-27
2023,NOMINAL,6381,MARTINS MACHADO,REPUBLICANOS,SIM,1,2026-08-27
2023,NOMINAL,6381,MAX MACIEL,PSOL,SIM,1,2026-08-27
2023,NOMINAL,6381,PASTOR DANIEL DE CASTRO,PP,SIM,1,2026-08-27
2023,NOMINAL,6381,PAULA BELMONTE,CIDADANIA,SIM,1,2026-08-27
2023,NOMINAL,6381,RICARDO VALE,PT,SIM,1,2026-08-27
2023,NOMINAL,6381,ROGERIO MORRO DA CRUZ,PMN,SIM,1,2026-08-27
2023,NOMINAL,6381,ROOSEVELT VILELA,PL,SIM,1,2026-08-27
2023,NOMINAL,6382,CHICO VIGILANTE,PT,SIM,1,2026-08-27
2023,NOMINAL,6382,DAYSE AMARILIO,PSB,SIM,1,2026-08-27
2023,NOMINAL,6382,DOUTORA JANE,AGIR,SIM,1,2026-08-27
2023,NOMINAL,6382,FÁBIO FELIX,PSOL,SIM,1,2026-08-27
2023,NOMINAL,6382,GABRIEL MAGNO,PT,SIM,1,2026-08-27
2023,NOMINAL,6382,HERMETO,MDB,SIM,1,2026-08-27
2023,NOMINAL,6382,JOÃO CARDOSO,AVANTE,SIM,1,2026-08-27
2023,NOMINAL,6382,MARTINS MACHADO,REPUBLICANOS,SIM,1,2026-08-27
2023,NOMINAL,6382,MAX MACIEL,PSOL,SIM,1,2026-08-27
2023,NOMINAL,6382,PASTOR DANIEL DE CASTRO,PP,SIM,1,2026-08-27
2023,NOMINAL,6382,PAULA BELMONTE,CIDADANIA,SIM,1,2026-08-27
2023,NOMINAL,6382,PEPA,PP,SIM,1,2026-08-27
2023,NOMINAL,6382,RICARDO VALE,PT,SIM,1,2026-08-27
2023,NOMINAL,6382,ROBÉRIO NEGREIROS,PSD,SIM,1,2026-08-27
2023,NOMINAL,6382,ROOSEVELT VILELA,PL,SIM,1,2026-08-27
2023,NOMINAL,6382,WELLINGTON LUIZ,MDB,SIM,1,2026-08-27
2023,NOMINAL,6384,CHICO VIGILANTE,PT,SIM,1,2026-08-27
2023,NOMINAL,6384,DAYSE AMARILIO,PSB,SIM,1,2026-08-27
2023,NOMINAL,6384,DOUTORA JANE,AGIR,SIM,1,2026-08-27
2023,NOMINAL,6384,EDUARDO PEDROSA,UNIÃO,SIM,1,2026-08-27
2023,NOMINAL,6384,FÁBIO FELIX,PSOL,SIM,1,2026-08-27
2023,NOMINAL,6384,GABRIEL MAGNO,PT,SIM,1,2026-08-27
2023,NOMINAL,6384,IOLANDO,MDB,SIM,1,2026-08-27
2023,NOMINAL,6384,JOAQUIM RORIZ NETO,PL,SIM,1,2026-08-27
2023,NOMINAL,6384,MARTINS MACHADO,REPUBLICANOS,SIM,1,2026-08-27
2023,NOMINAL,6384,MAX MACIEL,PSOL,SIM,1,2026-08-27
2023,NOMINAL,6384,PASTOR DANIEL DE CASTRO,PP,SIM,1,2026-08-27
2023,NOMINAL,6384,PAULA BELMONTE,CIDADANIA,SIM,1,2026-08-27
2023,NOMINAL,6384,RICARDO VALE,PT,SIM,1,2026-08-27
2023,NOMINAL,6384,ROGERIO MORRO DA CRUZ,PMN,SIM,1,2026-08-27
2023,NOMINAL,6385,CHICO VIGILANTE,PT,SIM,1,2026-08-27
2023,NOMINAL,6385,DAYSE AMARILIO,PSB,SIM,1,2026-08-27
2023,NOMINAL,6385,DOUTORA JANE,AGIR,SIM,1,2026-08-27
2023,NOMINAL,6385,FÁBIO FELIX,PSOL,SIM,1,2026-08-27
2023,NOMINAL,6385,GABRIEL MAGNO,PT,SIM,1,2026-08-27
2023,NOMINAL,6385,HERMETO,MDB,SIM,1,2026-08-27
2023,NOMINAL,6385,JOÃO CARDOSO,AVANTE,SIM,1,2026-08-27
2023,NOMINAL,6385,MARTINS MACHADO,REPUBLICANOS,SIM,1,2026-08-27
2023,NOMINAL,6385,MAX MACIEL,PSOL,SIM,1,2026-08-27
2023,NOMINAL,6385,PASTOR DANIEL DE CASTRO,PP,SIM,1,2026-08-27
2023,NOMINAL,6385,PAULA BELMONTE,CIDADANIA,SIM,1,2026-08-27
2023,NOMINAL,6385,PEPA,PP,SIM,1,2026-08-27
2023,NOMINAL,6385,RICARDO VALE,PT,SIM,1,2026-08-27
2023,NOMINAL,6385,ROBÉRIO NEGREIROS,PSD,SIM,1,2026-08-27
2023,NOMINAL,6385,ROOSEVELT VILELA,PL,SIM,1,2026-08-27
2023,NOMINAL,6385,WELLINGTON LUIZ,MDB,SIM,1,2026-08-27
2023,NOMINAL,6390,CHICO VIGILANTE,PT,SIM,1,2026-08-27
2023,NOMINAL,6390,DAYSE AMARILIO,PSB,SIM,1,2026-08-27
2023,NOMINAL,6390,EDUARDO PEDROSA,UNIÃO,SIM,1,2026-08-27
2023,NOMINAL,6390,FÁBIO FELIX,PSOL,SIM,1,2026-08-27
2023,NOMINAL,6390,GABRIEL MAGNO,PT,SIM,1,2026-08-27
2023,NOMINAL,6390,HERMETO,MDB,SIM,1,2026-08-27
2023,NOMINAL,6390,JAQUELINE SILVA,NÃO INFORMADO,SIM,1,2026-08-27
2023,NOMINAL,6390,JOAQUIM RORIZ NETO,PL,SIM,1,2026-08-27
2023,NOMINAL,6390,JORGE VIANNA,PSD,SIM,1,2026-08-27
2023,NOMINAL,6390,JOÃO CARDOSO,AVANTE,SIM,1,2026-08-27
2023,NOMINAL,6390,MARTINS MACHADO,REPUBLICANOS,SIM,1,2026-08-27
2023,NOMINAL,6390,MAX MACIEL,PSOL,SIM,1,2026-08-27
2023,NOMINAL,6390,PASTOR DANIEL DE CASTRO,PP,SIM,1,2026-08-27
2023,NOMINAL,6390,PAULA BELMONTE,CIDADANIA,SIM,1,2026-08-27
2023,NOMINAL,6390,RICARDO VALE,PT,SIM,1,2026-08-27
2023,NOMINAL,6390,ROBÉRIO NEGREIROS,PSD,SIM,1,2026-08-27
2023,NOMINAL,6390,ROGERIO MORRO DA CRUZ,PMN,SIM,1,2026-08-27
2023,NOMINAL,6390,THIAGO MANZONI,PL,SIM,1,2026-08-27
2023,NOMINAL,6390,WELLINGTON LUIZ,MDB,SIM,1,2026-08-27
2023,NOMINAL,6391,CHICO VIGILANTE,PT,SIM,1,2026-08-27
2023,NOMINAL,6391,EDUARDO PEDROSA,UNIÃO,SIM,1,2026-08-27
2023,NOMINAL,6391,FÁBIO FELIX,PSOL,SIM,1,2026-08-27
2023,NOMINAL,6391,GABRIEL MAGNO,PT,SIM,1,2026-08-27
2023,NOMINAL,6391,HERMETO,MDB,SIM,1,2026-08-27
2023,NOMINAL,6391,JAQUELINE SILVA,NÃO INFORMADO,SIM,1,2026-08-27
2023,NOMINAL,6391,JOAQUIM RORIZ NETO,PL,SIM,1,2026-08-27
2023,NOMINAL,6391,JORGE VIANNA,PSD,SIM,1,2026-08-27
2023,NOMINAL,6391,JOÃO CARDOSO,AVANTE,SIM,1,2026-08-27
2023,NOMINAL,6391,MARTINS MACHADO,REPUBLICANOS,SIM,1,2026-08-27
2023,NOMINAL,6391,MAX MACIEL,PSOL,SIM,1,2026-08-27
2023,NOMINAL,6391,PASTOR DANIEL DE CASTRO,PP,SIM,1,2026-08-27
2023,NOMINAL,6391,PAULA BELMONTE,CIDADANIA,SIM,1,2026-08-27
2023,NOMINAL,6391,RICARDO VALE,PT,SIM,1,2026-08-27
2023,NOMINAL,6391,ROBÉRIO NEGREIROS,PSD,SIM,1,2026-08-27
2023,NOMINAL,6391,ROGERIO MORRO DA CRUZ,PMN,SIM,1,2026-08-27
2023,NOMINAL,6391,THIAGO MANZONI,PL,SIM,1,2026-08-27
2023,NOMINAL,6391,WELLINGTON LUIZ,MDB,SIM,1,2026-08-27
2023,NOMINAL,6396,DAYSE AMARILIO,PSB,SIM,1,2026-08-27
2023,NOMINAL,6396,EDUARDO PEDROSA,UNIÃO,SIM,1,2026-08-27
2023,NOMINAL,6396,GABRIEL MAGNO,PT,SIM,1,2026-08-27
2023,NOMINAL,6396,JOAQUIM RORIZ NETO,PL,SIM,1,2026-08-27
2023,NOMINAL,6396,JORGE VIANNA,PSD,SIM,1,2026-08-27
2023,NOMINAL,6396,JOÃO CARDOSO,AVANTE,SIM,1,2026-08-27
2023,NOMINAL,6396,MARTINS MACHADO,REPUBLICANOS,SIM,1,2026-08-27
2023,NOMINAL,6396,MAX MACIEL,PSOL,SIM,1,2026-08-27
2023,NOMINAL,6396,PASTOR DANIEL DE CASTRO,PP,SIM,1,2026-08-27
2023,NOMINAL,6396,PAULA BELMONTE,CIDADANIA,SIM,1,2026-08-27
2023,NOMINAL,6396,RICARDO VALE,PT,SIM,1,2026-08-27
2023,NOMINAL,6396,THIAGO MANZONI,PL,SIM,1,2026-08-27
2023,NOMINAL,6396,WELLINGTON LUIZ,MDB,SIM,1,2026-08-27
2023,NOMINAL,6397,DAYSE AMARILIO,PSB,SIM,1,2026-08-27
2023,NOMINAL,6397,EDUARDO PEDROSA,UNIÃO,SIM,1,2026-08-27
2023,NOMINAL,6397,FÁBIO FELIX,PSOL,SIM,1,2026-08-27
2023,NOMINAL,6397,GABRIEL MAGNO,PT,SIM,1,2026-08-27
2023,NOMINAL,6397,JOAQUIM RORIZ NETO,PL,SIM,1,2026-08-27
2023,NOMINAL,6397,JORGE VIANNA,PSD,SIM,1,2026-08-27
2023,NOMINAL,6397,JOÃO CARDOSO,AVANTE,SIM,1,2026-08-27
2023,NOMINAL,6397,MARTINS MACHADO,REPUBLICANOS,SIM,1,2026-08-27
2023,NOMINAL,6397,MAX MACIEL,PSOL,SIM,1,2026-08-27
2023,NOMINAL,6397,PASTOR DANIEL DE CASTRO,PP,SIM,1,2026-08-27
2023,NOMINAL,6397,PAULA BELMONTE,CIDADANIA,SIM,1,2026-08-27
2023,NOMINAL,6397,RICARDO VALE,PT,SIM,1,2026-08-27
2023,NOMINAL,6397,THIAGO MANZONI,PL,SIM,1,2026-08-27
2023,NOMINAL,6397,WELLINGTON LUIZ,MDB,SIM,1,2026-08-27
2023,NOMINAL,6399,DAYSE AMARILIO,PSB,SIM,1,2026-08-27
2023,NOMINAL,6399,DOUTORA JANE,AGIR,SIM,1,2026-08-27
2023,NOMINAL,6399,EDUARDO PEDROSA,UNIÃO,SIM,1,2026-08-27
2023,NOMINAL,6399,FÁBIO FELIX,PSOL,SIM,1,2026-08-27
2023,NOMINAL,6399,GABRIEL MAGNO,PT,SIM,1,2026-08-27
2023,NOMINAL,6399,JAQUELINE SILVA,NÃO INFORMADO,SIM,1,2026-08-27
2023,NOMINAL,6399,JOAQUIM RORIZ NETO,PL,SIM,1,2026-08-27
2023,NOMINAL,6399,JORGE VIANNA,PSD,SIM,1,2026-08-27
2023,NOMINAL,6399,JOÃO CARDOSO,AVANTE,SIM,1,2026-08-27
2023,NOMINAL,6399,MARTINS MACHADO,REPUBLICANOS,SIM,1,2026-08-27
2023,NOMINAL,6399,MAX MACIEL,PSOL,SIM,1,2026-08-27
2023,NOMINAL,6399,PASTOR DANIEL DE CASTRO,PP,SIM,1,2026-08-27
2023,NOMINAL,6399,PAULA BELMONTE,CIDADANIA,SIM,1,2026-08-27
2023,NOMINAL,6399,RICARDO VALE,PT,SIM,1,2026-08-27
2023,NOMINAL,6399,THIAGO MANZONI,PL,SIM,1,2026-08-27
2023,NOMINAL,6399,WELLINGTON LUIZ,MDB,SIM,1,2026-08-27
2023,NOMINAL,6599,CHICO VIGILANTE,PT,SIM,1,2026-08-27
2023,NOMINAL,6599,DAYSE AMARILIO,PSB,SIM,1,2026-08-27
2023,NOMINAL,6599,DOUTORA JANE,AGIR,SIM,1,2026-08-27
2023,NOMINAL,6599,EDUARDO PEDROSA,UNIÃO,SIM,1,2026-08-27
2023,NOMINAL,6599,FÁBIO FELIX,PSOL,SIM,1,2026-08-27
2023,NOMINAL,6599,IOLANDO,MDB,SIM,1,2026-08-27
2023,NOMINAL,6599,MARTINS MACHADO,REPUBLICANOS,SIM,1,2026-08-27
2023,NOMINAL,6599,MAX MACIEL,PSOL,SIM,1,2026-08-27
2023,NOMINAL,6599,PASTOR DANIEL DE CASTRO,PP,SIM,1,2026-08-27
2023,NOMINAL,6599,PAULA BELMONTE,CIDADANIA,SIM,1,2026-08-27
2023,NOMINAL,6599,PEPA,PP,SIM,1,2026-08-27
2023,NOMINAL,6599,RICARDO VALE,PT,SIM,1,2026-08-27
2023,NOMINAL,6599,ROGERIO MORRO DA CRUZ,PMN,SIM,1,2026-08-27
2023,NOMINAL,6599,WELLINGTON LUIZ,MDB,SIM,1,2026-08-27
2023,NOMINAL,6600,CHICO VIGILANTE,PT,SIM,1,2026-08-27
2023,NOMINAL,6600,DAYSE AMARILIO,PSB,SIM,1,2026-08-27
2023,NOMINAL,6600,DOUTORA JANE,AGIR,SIM,1,2026-08-27
2023,NOMINAL,6600,FÁBIO FELIX,PSOL,SIM,1,2026-08-27
2023,NOMINAL,6600,GABRIEL MAGNO,PT,SIM,1,2026-08-27
2023,NOMINAL,6600,HERMETO,MDB,SIM,1,2026-08-27
2023,NOMINAL,6600,JOÃO CARDOSO,AVANTE,SIM,1,2026-08-27
2023,NOMINAL,6600,MARTINS MACHADO,REPUBLICANOS,SIM,1,2026-08-27
2023,NOMINAL,6600,MAX MACIEL,PSOL,SIM,1,2026-08-27
2023,NOMINAL,6600,PASTOR DANIEL DE CASTRO,PP,SIM,1,2026-08-27
2023,NOMINAL,6600,PAULA BELMONTE,CIDADANIA,SIM,1,2026-08-27
2023,NOMINAL,6600,RICARDO VALE,PT,SIM,1,2026-08-27
2023,NOMINAL,6600,ROBÉRIO NEGREIROS,PSD,SIM,1,2026-08-27
2023,NOMINAL,6600,ROOSEVELT VILELA,PL,SIM,1,2026-08-27
2023,NOMINAL,6600,WELLINGTON LUIZ,MDB,SIM,1,2026-08-27
2023,NOMINAL,6619,CHICO VIGILANTE,PT,SIM,1,2026-08-27
2023,NOMINAL,6619,DAYSE AMARILIO,PSB,SIM,1,2026-08-27
2023,NOMINAL,6619,DOUTORA JANE,AGIR,SIM,1,2026-08-27
2023,NOMINAL,6619,EDUARDO PEDROSA,UNIÃO,SIM,1,2026-08-27
2023,NOMINAL,6619,FÁBIO FELIX,PSOL,SIM,1,2026-08-27
2023,NOMINAL,6619,IOLANDO,MDB,SIM,1,2026-08-27
2023,NOMINAL,6619,MARTINS MACHADO,REPUBLICANOS,SIM,1,2026-08-27
2023,NOMINAL,6619,MAX MACIEL,PSOL,SIM,1,2026-08-27
2023,NOMINAL,6619,PASTOR DANIEL DE CASTRO,PP,SIM,1,2026-08-27
2023,NOMINAL,6619,PAULA BELMONTE,CIDADANIA,SIM,1,2026-08-27
2023,NOMINAL,6619,PEPA,PP,SIM,1,2026-08-27
2023,NOMINAL,6619,RICARDO VALE,PT,SIM,1,2026-08-27
2023,NOMINAL,6619,ROGERIO MORRO DA CRUZ,PMN,SIM,1,2026-08-27
2023,NOMINAL,6619,WELLINGTON LUIZ,MDB,SIM,1,2026-08-27
2023,NOMINAL,6621,CHICO VIGILANTE,PT,SIM,1,2026-08-27
2023,NOMINAL,6621,DAYSE AMARILIO,PSB,SIM,1,2026-08-27
2023,NOMINAL,6621,DOUTORA JANE,AGIR,SIM,1,2026-08-27
2023,NOMINAL,6621,FÁBIO FELIX,PSOL,SIM,1,2026-08-27
2023,NOMINAL,6621,GABRIEL MAGNO,PT,SIM,1,2026-08-27
2023,NOMINAL,6621,JOÃO CARDOSO,AVANTE,SIM,1,2026-08-27
2023,NOMINAL,6621,MARTINS MACHADO,REPUBLICANOS,SIM,1,2026-08-27
2023,NOMINAL,6621,MAX MACIEL,PSOL,SIM,1,2026-08-27
2023,NOMINAL,6621,PASTOR DANIEL DE CASTRO,PP,SIM,1,2026-08-27
2023,NOMINAL,6621,PAULA BELMONTE,CIDADANIA,SIM,1,2026-08-27
2023,NOMINAL,6621,RICARDO VALE,PT,SIM,1,2026-08-27
2023,NOMINAL,6621,ROBÉRIO NEGREIROS,PSD,SIM,1,2026-08-27
2023,NOMINAL,6621,ROOSEVELT VILELA,PL,SIM,1,2026-08-27
2023,NOMINAL,6621,WELLINGTON LUIZ,MDB,SIM,1,2026-08-27
2023,NOMINAL,6635,CHICO VIGILANTE,PT,SIM,1,2026-08-27
2023,NOMINAL,6635,DAYSE AMARILIO,PSB,SIM,1,2026-08-27
2023,NOMINAL,6635,EDUARDO PEDROSA,UNIÃO,SIM,1,2026-08-27
2023,NOMINAL,6635,FÁBIO FELIX,PSOL,SIM,1,2026-08-27
2023,NOMINAL,6635,GABRIEL MAGNO,PT,SIM,1,2026-08-27
2023,NOMINAL,6635,IOLANDO,MDB,NAO,1,2026-08-27
2023,NOMINAL,6635,JAQUELINE SILVA,NÃO INFORMADO,SIM,1,2026-08-27
2023,NOMINAL,6635,JOAQUIM RORIZ NETO,PL,NAO,1,2026-08-27
2023,NOMINAL,6635,JORGE VIANNA,PSD,SIM,1,2026-08-27
2023,NOMINAL,6635,JOÃO CARDOSO,AVANTE,NAO,1,2026-08-27
2023,NOMINAL,6635,MARTINS MACHADO,REPUBLICANOS,NAO,1,2026-08-27
2023,NOMINAL,6635,MAX MACIEL,PSOL,SIM,1,2026-08-27
2023,NOMINAL,6635,PASTOR DANIEL DE CASTRO,PP,NAO,1,2026-08-27
2023,NOMINAL,6635,PEPA,PP,SIM,1,2026-08-27
2023,NOMINAL,6635,RICARDO VALE,PT,SIM,1,2026-08-27
2023,NOMINAL,6635,ROBÉRIO NEGREIROS,PSD,SIM,1,2026-08-27
2023,NOMINAL,6635,ROGERIO MORRO DA CRUZ,PMN,NAO,1,2026-08-27
2023,NOMINAL,6635,THIAGO MANZONI,PL,NAO,1,2026-08-27
2023,NOMINAL,6635,WELLINGTON LUIZ,MDB,SIM,1,2026-08-27
2023,NOMINAL,6694,DAYSE AMARILIO,PSB,SIM,1,2026-08-27
2023,NOMINAL,6694,DOUTORA JANE,MDB,SIM,1,2026-08-27
2023,NOMINAL,6694,EDUARDO PEDROSA,UNIÃO,SIM,1,2026-08-27
2023,NOMINAL,6694,FÁBIO FELIX,PSOL,SIM,1,2026-08-27
2023,NOMINAL,6694,GABRIEL MAGNO,PT,SIM,1,2026-08-27
2023,NOMINAL,6694,HERMETO,MDB,SIM,1,2026-08-27
2023,NOMINAL,6694,IOLANDO,MDB,SIM,1,2026-08-27
2023,NOMINAL,6694,JAQUELINE SILVA,MDB,SIM,1,2026-08-27
2023,NOMINAL,6694,JOAQUIM RORIZ NETO,PL,SIM,1,2026-08-27
2023,NOMINAL,6694,JORGE VIANNA,PSD,SIM,1,2026-08-27
2023,NOMINAL,6694,MARTINS MACHADO,REPUBLICANOS,SIM,1,2026-08-27
2023,NOMINAL,6694,MAX MACIEL,PSOL,SIM,1,2026-08-27
2023,NOMINAL,6694,PASTOR DANIEL DE CASTRO,PP,SIM,1,2026-08-27
2023,NOMINAL,6694,PAULA BELMONTE,CIDADANIA,SIM,1,2026-08-27
2023,NOMINAL,6694,PEPA,PP,SIM,1,2026-08-27
2023,NOMINAL,6694,RICARDO VALE,PT,SIM,1,2026-08-27
2023,NOMINAL,6694,ROBÉRIO NEGREIROS,PSD,SIM,1,2026-08-27
2023,NOMINAL,6694,ROGERIO MORRO DA CRUZ,NÃO INFORMADO,SIM,1,2026-08-27
2023,NOMINAL,6694,ROOSEVELT VILELA,PL,SIM,1,2026-08-27
2023,NOMINAL,6694,THIAGO MANZONI,PL,SIM,1,2026-08-27
2023,NOMINAL,6694,WELLINGTON LUIZ,MDB,SIM,1,2026-08-27
2023,NOMINAL,6695,DAYSE AMARILIO,PSB,SIM,1,2026-08-27
2023,NOMINAL,6695,DOUTORA JANE,MDB,SIM,1,2026-08-27
2023,NOMINAL,6695,EDUARDO PEDROSA,UNIÃO,SIM,1,2026-08-27
2023,NOMINAL,6695,FÁBIO FELIX,PSOL,SIM,1,2026-08-27
2023,NOMINAL,6695,GABRIEL MAGNO,PT,SIM,1,2026-08-27
2023,NOMINAL,6695,HERMETO,MDB,SIM,1,2026-08-27
2023,NOMINAL,6695,IOLANDO,MDB,SIM,1,2026-08-27
2023,NOMINAL,6695,JAQUELINE SILVA,MDB,SIM,1,2026-08-27
2023,NOMINAL,6695,JOAQUIM RORIZ NETO,PL,SIM,1,2026-08-27
2023,NOMINAL,6695,JORGE VIANNA,PSD,SIM,1,2026-08-27
2023,NOMINAL,6695,MARTINS MACHADO,REPUBLICANOS,SIM,1,2026-08-27
2023,NOMINAL,6695,MAX MACIEL,PSOL,SIM,1,2026-08-27
2023,NOMINAL,6695,PASTOR DANIEL DE CASTRO,PP,SIM,1,2026-08-27
2023,NOMINAL,6695,PAULA BELMONTE,CIDADANIA,SIM,1,2026-08-27
2023,NOMINAL,6695,PEPA,PP,SIM,1,2026-08-27
2023,NOMINAL,6695,RICARDO VALE,PT,SIM,1,2026-08-27
2023,NOMINAL,6695,ROBÉRIO NEGREIROS,PSD,SIM,1,2026-08-27
2023,NOMINAL,6695,ROGERIO MORRO DA CRUZ,NÃO INFORMADO,SIM,1,2026-08-27
2023,NOMINAL,6695,ROOSEVELT VILELA,PL,SIM,1,2026-08-27
2023,NOMINAL,6695,THIAGO MANZONI,PL,SIM,1,2026-08-27
2023,NOMINAL,6695,WELLINGTON LUIZ,MDB,SIM,1,2026-08-27
2023,NOMINAL,6758,CHICO VIGILANTE,PT,NAO,1,2026-08-27
2023,NOMINAL,6758,DAYSE AMARILIO,PSB,NAO,1,2026-08-27
2023,NOMINAL,6758,EDUARDO PEDROSA,UNIÃO,NAO,1,2026-08-27
2023,NOMINAL,6758,FÁBIO FELIX,PSOL,NAO,1,2026-08-27
2023,NOMINAL,6758,GABRIEL MAGNO,PT,NAO,1,2026-08-27
2023,NOMINAL,6758,GABRIEL MAGNO,PT,SIM,1,2026-08-27
2023,NOMINAL,6758,HERMETO,MDB,NAO,1,2026-08-27
2023,NOMINAL,6758,JAQUELINE SILVA,NÃO INFORMADO,NAO,1,2026-08-27
2023,NOMINAL,6758,JOAQUIM RORIZ NETO,PL,NAO,1,2026-08-27
2023,NOMINAL,6758,JORGE VIANNA,PSD,NAO,1,2026-08-27
2023,NOMINAL,6758,MARTINS MACHADO,REPUBLICANOS,NAO,1,2026-08-27
2023,NOMINAL,6758,MAX MACIEL,PSOL,NAO,1,2026-08-27
2023,NOMINAL,6758,PASTOR DANIEL DE CASTRO,PP,NAO,1,2026-08-27
2023,NOMINAL,6758,PAULA BELMONTE,CIDADANIA,NAO,1,2026-08-27
2023,NOMINAL,6758,PEPA,PP,NAO,1,2026-08-27
2023,NOMINAL,6758,RICARDO VALE,PT,NAO,1,2026-08-27
2023,NOMINAL,6758,ROGERIO MORRO DA CRUZ,PMN,NAO,1,2026-08-27
2023,NOMINAL,6758,ROOSEVELT VILELA,PL,NAO,1,2026-08-27
2023,NOMINAL,6758,ROOSEVELT VILELA,PL,SIM,1,2026-08-27
2023,NOMINAL,6758,WELLINGTON LUIZ,MDB,NAO,1,2026-08-27
2023,NOMINAL,6794,CHICO VIGILANTE,PT,SIM,1,2026-08-27
2023,NOMINAL,6794,DANIEL DONIZET,PL,SIM,1,2026-08-27
2023,NOMINAL,6794,DAYSE AMARILIO,PSB,SIM,1,2026-08-27
2023,NOMINAL,6794,DOUTORA JANE,AGIR,SIM,1,2026-08-27
2023,NOMINAL,6794,EDUARDO PEDROSA,UNIÃO,SIM,1,2026-08-27
2023,NOMINAL,6794,FÁBIO FELIX,PSOL,ABSTENCAO,1,2026-08-27
2023,NOMINAL,6794,GABRIEL MAGNO,PT,SIM,1,2026-08-27
2023,NOMINAL,6794,HERMETO,MDB,SIM,1,2026-08-27
2023,NOMINAL,6794,JAQUELINE SILVA,NÃO INFORMADO,SIM,1,2026-08-27
2023,NOMINAL,6794,JOAQUIM RORIZ NETO,PL,SIM,1,2026-08-27
2023,NOMINAL,6794,JOÃO CARDOSO,AVANTE,SIM,1,2026-08-27
2023,NOMINAL,6794,MARTINS MACHADO,REPUBLICANOS,SIM,1,2026-08-27
2023,NOMINAL,6794,MAX MACIEL,PSOL,ABSTENCAO,1,2026-08-27
2023,NOMINAL,6794,PASTOR DANIEL DE CASTRO,PP,SIM,1,2026-08-27
2023,NOMINAL,6794,PAULA BELMONTE,CIDADANIA,SIM,1,2026-08-27
2023,NOMINAL,6794,RICARDO VALE,PT,SIM,1,2026-08-27
2023,NOMINAL,6794,ROBÉRIO NEGREIROS,PSD,SIM,1,2026-08-27
2023,NOMINAL,6794,ROGERIO MORRO DA CRUZ,PMN,SIM,1,2026-08-27
2023,NOMINAL,6794,ROOSEVELT VILELA,PL,SIM,1,2026-08-27
2023,NOMINAL,6794,THIAGO MANZONI,PL,SIM,1,2026-08-27
2023,NOMINAL,6794,WELLINGTON LUIZ,MDB,SIM,1,2026-08-27
2023,NOMINAL,6797,CHICO VIGILANTE,PT,SIM,1,2026-08-27
2023,NOMINAL,6797,DAYSE AMARILIO,PSB,SIM,1,2026-08-27
2023,NOMINAL,6797,FÁBIO FELIX,PSOL,SIM,1,2026-08-27
2023,NOMINAL,6797,GABRIEL MAGNO,PT,SIM,1,2026-08-27
2023,NOMINAL,6797,HERMETO,MDB,SIM,1,2026-08-27
2023,NOMINAL,6797,JOAQUIM RORIZ NETO,PL,SIM,1,2026-08-27
2023,NOMINAL,6797,PASTOR DANIEL DE CASTRO,PP,SIM,1,2026-08-27
2023,NOMINAL,6797,PEPA,PP,SIM,1,2026-08-27
2023,NOMINAL,6797,RICARDO VALE,PT,SIM,1,2026-08-27
2023,NOMINAL,6797,ROBÉRIO NEGREIROS,PSD,SIM,1,2026-08-27
2023,NOMINAL,6797,ROGERIO MORRO DA CRUZ,NÃO INFORMADO,SIM,1,2026-08-27
2023,NOMINAL,6797,THIAGO MANZONI,PL,SIM,1,2026-08-27
2023,NOMINAL,6797,WELLINGTON LUIZ,MDB,SIM,1,2026-08-27
2023,NOMINAL,6806,CHICO VIGILANTE,PT,SIM,1,2026-08-27
2023,NOMINAL,6806,DOUTORA JANE,AGIR,SIM,1,2026-08-27
2023,NOMINAL,6806,FÁBIO FELIX,PSOL,SIM,1,2026-08-27
2023,NOMINAL,6806,GABRIEL MAGNO,PT,SIM,1,2026-08-27
2023,NOMINAL,6806,JOÃO CARDOSO,AVANTE,SIM,1,2026-08-27
2023,NOMINAL,6806,MARTINS MACHADO,REPUBLICANOS,SIM,1,2026-08-27
2023,NOMINAL,6806,MAX MACIEL,PSOL,SIM,1,2026-08-27
2023,NOMINAL,6806,PASTOR DANIEL DE CASTRO,PP,SIM,1,2026-08-27
2023,NOMINAL,6806,PEPA,PP,SIM,1,2026-08-27
2023,NOMINAL,6806,ROGERIO MORRO DA CRUZ,NÃO INFORMADO,SIM,1,2026-08-27
2023,NOMINAL,6806,ROOSEVELT VILELA,PL,SIM,1,2026-08-27
2023,NOMINAL,6806,THIAGO MANZONI,PL,SIM,1,2026-08-27
2023,NOMINAL,6806,WELLINGTON LUIZ,MDB,SIM,1,2026-08-27
2023,NOMINAL,6833,FÁBIO FELIX,PSOL,SIM,1,2026-08-27
2023,NOMINAL,6833,GABRIEL MAGNO,PT,SIM,1,2026-08-27
2023,NOMINAL,6833,HERMETO,MDB,SIM,1,2026-08-27
2023,NOMINAL,6833,JAQUELINE SILVA,NÃO INFORMADO,SIM,1,2026-08-27
2023,NOMINAL,6833,JOÃO CARDOSO,AVANTE,SIM,1,2026-08-27
2023,NOMINAL,6833,MAX MACIEL,PSOL,SIM,1,2026-08-27
2023,NOMINAL,6833,PASTOR DANIEL DE CASTRO,PP,SIM,1,2026-08-27
2023,NOMINAL,6833,PAULA BELMONTE,CIDADANIA,SIM,1,2026-08-27
2023,NOMINAL,6833,PEPA,PP,SIM,1,2026-08-27
2023,NOMINAL,6833,RICARDO VALE,PT,SIM,1,2026-08-27
2023,NOMINAL,6833,ROOSEVELT VILELA,PL,SIM,1,2026-08-27
2023,NOMINAL,6833,THIAGO MANZONI,PL,SIM,1,2026-08-27
2023,NOMINAL,6833,WELLINGTON LUIZ,MDB,SIM,1,2026-08-27
2023,NOMINAL,6834,CHICO VIGILANTE,PT,SIM,1,2026-08-27
2023,NOMINAL,6834,DOUTORA JANE,MDB,SIM,1,2026-08-27
2023,NOMINAL,6834,FÁBIO FELIX,PSOL,SIM,1,2026-08-27
2023,NOMINAL,6834,GABRIEL MAGNO,PT,SIM,1,2026-08-27
2023,NOMINAL,6834,JAQUELINE SILVA,MDB,SIM,1,2026-08-27
2023,NOMINAL,6834,JORGE VIANNA,PSD,SIM,1,2026-08-27
2023,NOMINAL,6834,JOÃO CARDOSO,AVANTE,SIM,1,2026-08-27
2023,NOMINAL,6834,MAX MACIEL,PSOL,SIM,1,2026-08-27
2023,NOMINAL,6834,PASTOR DANIEL DE CASTRO,PP,SIM,1,2026-08-27
2023,NOMINAL,6834,PEPA,PP,SIM,1,2026-08-27
2023,NOMINAL,6834,RICARDO VALE,PT,SIM,1,2026-08-27
2023,NOMINAL,6834,ROGERIO MORRO DA CRUZ,NÃO INFORMADO,SIM,1,2026-08-27
2023,NOMINAL,6834,ROOSEVELT VILELA,PL,SIM,1,2026-08-27
2023,NOMINAL,6834,THIAGO MANZONI,PL,SIM,1,2026-08-27
2023,NOMINAL,6852,CHICO VIGILANTE,PT,SIM,1,2026-08-27
2023,NOMINAL,6852,DAYSE AMARILIO,PSB,SIM,1,2026-08-27
2023,NOMINAL,6852,FÁBIO FELIX,PSOL,SIM,1,2026-08-27
2023,NOMINAL,6852,GABRIEL MAGNO,PT,SIM,1,2026-08-27
2023,NOMINAL,6852,HERMETO,MDB,SIM,1,2026-08-27
2023,NOMINAL,6852,IOLANDO,MDB,SIM,1,2026-08-27
2023,NOMINAL,6852,JOAQUIM RORIZ NETO,PL,SIM,1,2026-08-27
2023,NOMINAL,6852,MAX MACIEL,PSOL,SIM,1,2026-08-27
2023,NOMINAL,6852,PASTOR DANIEL DE CASTRO,PP,SIM,1,2026-08-27
2023,NOMINAL,6852,PAULA BELMONTE,CIDADANIA,SIM,1,2026-08-27
2023,NOMINAL,6852,PEPA,PP,SIM,1,2026-08-27
2023,NOMINAL,6852,RICARDO VALE,PT,SIM,1,2026-08-27
2023,NOMINAL,6852,ROGERIO MORRO DA CRUZ,NÃO INFORMADO,SIM,1,2026-08-27
2023,NOMINAL,6852,THIAGO MANZONI,PL,SIM,1,2026-08-27
2023,NOMINAL,6852,WELLINGTON LUIZ,MDB,SIM,1,2026-08-27
2023,NOMINAL,6894,CHICO VIGILANTE,PT,SIM,1,2026-08-27
2023,NOMINAL,6894,DAYSE AMARILIO,PSB,SIM,1,2026-08-27
2023,NOMINAL,6894,DOUTORA JANE,AGIR,SIM,1,2026-08-27
2023,NOMINAL,6894,FÁBIO FELIX,PSOL,SIM,1,2026-08-27
2023,NOMINAL,6894,GABRIEL MAGNO,PT,SIM,1,2026-08-27
2023,NOMINAL,6894,JAQUELINE SILVA,NÃO INFORMADO,SIM,1,2026-08-27
2023,NOMINAL,6894,JORGE VIANNA,PSD,SIM,1,2026-08-27
2023,NOMINAL,6894,JOÃO CARDOSO,AVANTE,SIM,1,2026-08-27
2023,NOMINAL,6894,MAX MACIEL,PSOL,SIM,1,2026-08-27
2023,NOMINAL,6894,PASTOR DANIEL DE CASTRO,PP,SIM,1,2026-08-27
2023,NOMINAL,6894,PEPA,PP,SIM,1,2026-08-27
2023,NOMINAL,6894,ROBÉRIO NEGREIROS,PSD,SIM,1,2026-08-27
2023,NOMINAL,6894,ROGERIO MORRO DA CRUZ,NÃO INFORMADO,SIM,1,2026-08-27
2023,NOMINAL,6894,WELLINGTON LUIZ,MDB,SIM,1,2026-08-27
2023,NOMINAL,6895,DAYSE AMARILIO,PSB,SIM,1,2026-08-27
2023,NOMINAL,6895,EDUARDO PEDROSA,UNIÃO,SIM,1,2026-08-27
2023,NOMINAL,6895,FÁBIO FELIX,PSOL,SIM,1,2026-08-27
2023,NOMINAL,6895,GABRIEL MAGNO,PT,SIM,1,2026-08-27
2023,NOMINAL,6895,JAQUELINE SILVA,NÃO INFORMADO,SIM,1,2026-08-27
2023,NOMINAL,6895,JORGE VIANNA,PSD,SIM,1,2026-08-27
2023,NOMINAL,6895,JOÃO CARDOSO,AVANTE,SIM,1,2026-08-27
2023,NOMINAL,6895,MAX MACIEL,PSOL,SIM,1,2026-08-27
2023,NOMINAL,6895,PASTOR DANIEL DE CASTRO,PP,SIM,1,2026-08-27
2023,NOMINAL,6895,PEPA,PP,SIM,1,2026-08-27
2023,NOMINAL,6895,ROBÉRIO NEGREIROS,PSD,SIM,1,2026-08-27
2023,NOMINAL,6895,ROGERIO MORRO DA CRUZ,NÃO INFORMADO,SIM,1,2026-08-27
2023,NOMINAL,6895,WELLINGTON LUIZ,MDB,SIM,1,2026-08-27
2023,NOMINAL,6899,DAYSE AMARILIO,PSB,SIM,1,2026-08-27
2023,NOMINAL,6899,EDUARDO PEDROSA,UNIÃO,SIM,1,2026-08-27
2023,NOMINAL,6899,FÁBIO FELIX,PSOL,SIM,1,2026-08-27
2023,NOMINAL,6899,GABRIEL MAGNO,PT,SIM,1,2026-08-27
2023,NOMINAL,6899,JAQUELINE SILVA,NÃO INFORMADO,SIM,1,2026-08-27
2023,NOMINAL,6899,JORGE VIANNA,PSD,SIM,1,2026-08-27
2023,NOMINAL,6899,JOÃO CARDOSO,AVANTE,SIM,1,2026-08-27
2023,NOMINAL,6899,MAX MACIEL,PSOL,SIM,1,2026-08-27
2023,NOMINAL,6899,PASTOR DANIEL DE CASTRO,PP,SIM,1,2026-08-27
2023,NOMINAL,6899,PAULA BELMONTE,CIDADANIA,SIM,1,2026-08-27
2023,NOMINAL,6899,PEPA,PP,SIM,1,2026-08-27
2023,NOMINAL,6899,ROBÉRIO NEGREIROS,PSD,SIM,1,2026-08-27
2023,NOMINAL,6899,ROGERIO MORRO DA CRUZ,NÃO INFORMADO,SIM,1,2026-08-27
2023,NOMINAL,6899,WELLINGTON LUIZ,MDB,SIM,1,2026-08-27
2023,NOMINAL,6907,CHICO VIGILANTE,PT,SIM,1,2026-08-27
2023,NOMINAL,6907,DAYSE AMARILIO,PSB,SIM,1,2026-08-27
2023,NOMINAL,6907,DOUTORA JANE,AGIR,SIM,1,2026-08-27
2023,NOMINAL,6907,FÁBIO FELIX,PSOL,SIM,1,2026-08-27
2023,NOMINAL,6907,GABRIEL MAGNO,PT,SIM,1,2026-08-27
2023,NOMINAL,6907,JORGE VIANNA,PSD,SIM,1,2026-08-27
2023,NOMINAL,6907,JOÃO CARDOSO,AVANTE,SIM,1,2026-08-27
2023,NOMINAL,6907,MARTINS MACHADO,REPUBLICANOS,SIM,1,2026-08-27
2023,NOMINAL,6907,MAX MACIEL,PSOL,SIM,1,2026-08-27
2023,NOMINAL,6907,PASTOR DANIEL DE CASTRO,PP,SIM,1,2026-08-27
2023,NOMINAL,6907,PEPA,PP,SIM,1,2026-08-27
2023,NOMINAL,6907,ROGERIO MORRO DA CRUZ,NÃO INFORMADO,SIM,1,2026-08-27
2023,NOMINAL,6907,ROOSEVELT VILELA,PL,SIM,1,2026-08-27
2023,NOMINAL,6907,WELLINGTON LUIZ,MDB,SIM,1,2026-08-27
2023,NOMINAL,6912,CHICO VIGILANTE,PT,SIM,1,2026-08-27
2023,NOMINAL,6912,DANIEL DONIZET,PL,SIM,1,2026-08-27
2023,NOMINAL,6912,DAYSE AMARILIO,PSB,SIM,1,2026-08-27
2023,NOMINAL,6912,DOUTORA JANE,MDB,SIM,1,2026-08-27
2023,NOMINAL,6912,EDUARDO PEDROSA,UNIÃO,SIM,1,2026-08-27
2023,NOMINAL,6912,FÁBIO FELIX,PSOL,SIM,1,2026-08-27
2023,NOMINAL,6912,GABRIEL MAGNO,PT,SIM,1,2026-08-27
2023,NOMINAL,6912,HERMETO,MDB,SIM,1,2026-08-27
2023,NOMINAL,6912,IOLANDO,MDB,SIM,1,2026-08-27
2023,NOMINAL,6912,JAQUELINE SILVA,MDB,SIM,1,2026-08-27
2023,NOMINAL,6912,JOAQUIM RORIZ NETO,PL,SIM,1,2026-08-27
2023,NOMINAL,6912,JOÃO CARDOSO,AVANTE,SIM,1,2026-08-27
2023,NOMINAL,6912,MARTINS MACHADO,REPUBLICANOS,SIM,1,2026-08-27
2023,NOMINAL,6912,MAX MACIEL,PSOL,SIM,1,2026-08-27
2023,NOMINAL,6912,PASTOR DANIEL DE CASTRO,PP,SIM,1,2026-08-27
2023,NOMINAL,6912,PAULA BELMONTE,CIDADANIA,SIM,1,2026-08-27
2023,NOMINAL,6912,RICARDO VALE,PT,SIM,1,2026-08-27
2023,NOMINAL,6912,ROBÉRIO NEGREIROS,PSD,SIM,1,2026-08-27
2023,NOMINAL,6912,ROGERIO MORRO DA CRUZ,NÃO INFORMADO,SIM,1,2026-08-27
2023,NOMINAL,6912,THIAGO MANZONI,PL,SIM,1,2026-08-27
2023,NOMINAL,6912,WELLINGTON LUIZ,MDB,SIM,1,2026-08-27
2023,NOMINAL,6913,DAYSE AMARILIO,PSB,SIM,1,2026-08-27
2023,NOMINAL,6913,DOUTORA JANE,MDB,SIM,1,2026-08-27
2023,NOMINAL,6913,EDUARDO PEDROSA,UNIÃO,SIM,1,2026-08-27
2023,NOMINAL,6913,FÁBIO FELIX,PSOL,SIM,1,2026-08-27
2023,NOMINAL,6913,GABRIEL MAGNO,PT,SIM,1,2026-08-27
2023,NOMINAL,6913,IOLANDO,MDB,SIM,1,2026-08-27
2023,NOMINAL,6913,JAQUELINE SILVA,MDB,SIM,1,2026-08-27
2023,NOMINAL,6913,JOAQUIM RORIZ NETO,PL,SIM,1,2026-08-27
2023,NOMINAL,6913,JORGE VIANNA,PSD,SIM,1,2026-08-27
2023,NOMINAL,6913,MARTINS MACHADO,REPUBLICANOS,SIM,1,2026-08-27
2023,NOMINAL,6913,MAX MACIEL,PSOL,SIM,1,2026-08-27
2023,NOMINAL,6913,PASTOR DANIEL DE CASTRO,PP,SIM,1,2026-08-27
2023,NOMINAL,6913,PAULA BELMONTE,CIDADANIA,SIM,1,2026-08-27
2023,NOMINAL,6913,PEPA,PP,SIM,1,2026-08-27
2023,NOMINAL,6913,RICARDO VALE,PT,SIM,1,2026-08-27
2023,NOMINAL,6913,ROBÉRIO NEGREIROS,PSD,SIM,1,2026-08-27
2023,NOMINAL,6913,ROGERIO MORRO DA CRUZ,NÃO INFORMADO,SIM,1,2026-08-27
2023,NOMINAL,6913,ROOSEVELT VILELA,PL,SIM,1,2026-08-27
2023,NOMINAL,6913,THIAGO MANZONI,PL,SIM,1,2026-08-27
2023,NOMINAL,6913,WELLINGTON LUIZ,MDB,SIM,1,2026-08-27
2023,NOMINAL,6917,CHICO VIGILANTE,PT,SIM,1,2026-08-27
2023,NOMINAL,6917,DAYSE AMARILIO,PSB,SIM,1,2026-08-27
2023,NOMINAL,6917,DOUTORA JANE,MDB,SIM,1,2026-08-27
2023,NOMINAL,6917,EDUARDO PEDROSA,UNIÃO,SIM,1,2026-08-27
2023,NOMINAL,6917,FÁBIO FELIX,PSOL,SIM,1,2026-08-27
2023,NOMINAL,6917,GABRIEL MAGNO,PT,SIM,1,2026-08-27
2023,NOMINAL,6917,HERMETO,MDB,SIM,1,2026-08-27
2023,NOMINAL,6917,IOLANDO,MDB,SIM,1,2026-08-27
2023,NOMINAL,6917,JAQUELINE SILVA,MDB,SIM,1,2026-08-27
2023,NOMINAL,6917,JOAQUIM RORIZ NETO,PL,SIM,1,2026-08-27
2023,NOMINAL,6917,JOÃO CARDOSO,AVANTE,SIM,1,2026-08-27
2023,NOMINAL,6917,MARTINS MACHADO,REPUBLICANOS,SIM,1,2026-08-27
2023,NOMINAL,6917,MAX MACIEL,PSOL,SIM,1,2026-08-27
2023,NOMINAL,6917,PASTOR DANIEL DE CASTRO,PP,SIM,1,2026-08-27
2023,NOMINAL,6917,PAULA BELMONTE,CIDADANIA,SIM,1,2026-08-27
2023,NOMINAL,6917,PEPA,PP,SIM,1,2026-08-27
2023,NOMINAL,6917,RICARDO VALE,PT,SIM,1,2026-08-27
2023,NOMINAL,6917,ROBÉRIO NEGREIROS,PSD,SIM,1,2026-08-27
2023,NOMINAL,6917,ROGERIO MORRO DA CRUZ,NÃO INFORMADO,SIM,1,2026-08-27
2023,NOMINAL,6917,THIAGO MANZONI,PL,SIM,1,2026-08-27
2023,NOMINAL,6917,WELLINGTON LUIZ,MDB,SIM,1,2026-08-27
2023,NOMINAL,6918,DAYSE AMARILIO,PSB,SIM,1,2026-08-27
2023,NOMINAL,6918,DOUTORA JANE,MDB,SIM,1,2026-08-27
2023,NOMINAL,6918,EDUARDO PEDROSA,UNIÃO,SIM,1,2026-08-27
2023,NOMINAL,6918,FÁBIO FELIX,PSOL,SIM,1,2026-08-27
2023,NOMINAL,6918,GABRIEL MAGNO,PT,SIM,1,2026-08-27
2023,NOMINAL,6918,IOLANDO,MDB,SIM,1,2026-08-27
2023,NOMINAL,6918,JAQUELINE SILVA,MDB,SIM,1,2026-08-27
2023,NOMINAL,6918,JOAQUIM RORIZ NETO,PL,SIM,1,2026-08-27
2023,NOMINAL,6918,JORGE VIANNA,PSD,SIM,1,2026-08-27
2023,NOMINAL,6918,MARTINS MACHADO,REPUBLICANOS,SIM,1,2026-08-27
2023,NOMINAL,6918,MAX MACIEL,PSOL,SIM,1,2026-08-27
2023,NOMINAL,6918,PASTOR DANIEL DE CASTRO,PP,SIM,1,2026-08-27
2023,NOMINAL,6918,PAULA BELMONTE,CIDADANIA,SIM,1,2026-08-27
2023,NOMINAL,6918,PEPA,PP,SIM,1,2026-08-27
2023,NOMINAL,6918,RICARDO VALE,PT,SIM,1,2026-08-27
2023,NOMINAL,6918,ROBÉRIO NEGREIROS,PSD,SIM,1,2026-08-27
2023,NOMINAL,6918,ROGERIO MORRO DA CRUZ,NÃO INFORMADO,SIM,1,2026-08-27
2023,NOMINAL,6918,ROOSEVELT VILELA,PL,SIM,1,2026-08-27
2023,NOMINAL,6918,THIAGO MANZONI,PL,SIM,1,2026-08-27
2023,NOMINAL,6918,WELLINGTON LUIZ,MDB,SIM,1,2026-08-27
2023,NOMINAL,6928,DAYSE AMARILIO,PSB,SIM,1,2026-08-27
2023,NOMINAL,6928,DOUTORA JANE,MDB,SIM,1,2026-08-27
2023,NOMINAL,6928,EDUARDO PEDROSA,UNIÃO,SIM,1,2026-08-27
2023,NOMINAL,6928,FÁBIO FELIX,PSOL,SIM,1,2026-08-27
2023,NOMINAL,6928,GABRIEL MAGNO,PT,SIM,1,2026-08-27
2023,NOMINAL,6928,IOLANDO,MDB,SIM,1,2026-08-27
2023,NOMINAL,6928,JOAQUIM RORIZ NETO,PL,SIM,1,2026-08-27
2023,NOMINAL,6928,JORGE VIANNA,PSD,SIM,1,2026-08-27
2023,NOMINAL,6928,MARTINS MACHADO,REPUBLICANOS,SIM,1,2026-08-27
2023,NOMINAL,6928,MAX MACIEL,PSOL,SIM,1,2026-08-27
2023,NOMINAL,6928,PASTOR DANIEL DE CASTRO,PP,SIM,1,2026-08-27
2023,NOMINAL,6928,PAULA BELMONTE,CIDADANIA,SIM,1,2026-08-27
2023,NOMINAL,6928,PEPA,PP,SIM,1,2026-08-27
2023,NOMINAL,6928,RICARDO VALE,PT,SIM,1,2026-08-27
2023,NOMINAL,6928,ROBÉRIO NEGREIROS,PSD,SIM,1,2026-08-27
2023,NOMINAL,6928,ROGERIO MORRO DA CRUZ,NÃO INFORMADO,SIM,1,2026-08-27
2023,NOMINAL,6928,ROOSEVELT VILELA,PL,SIM,1,2026-08-27
2023,NOMINAL,6928,THIAGO MANZONI,PL,SIM,1,2026-08-27
2023,NOMINAL,6928,WELLINGTON LUIZ,MDB,SIM,1,2026-08-27
2023,NOMINAL,6991,DANIEL DONIZET,PL,SIM,1,2026-08-27
2023,NOMINAL,6991,DAYSE AMARILIO,PSB,SIM,1,2026-08-27
2023,NOMINAL,6991,DOUTORA JANE,AGIR,SIM,1,2026-08-27
2023,NOMINAL,6991,EDUARDO PEDROSA,UNIÃO,SIM,1,2026-08-27
2023,NOMINAL,6991,FÁBIO FELIX,PSOL,SIM,1,2026-08-27
2023,NOMINAL,6991,GABRIEL MAGNO,PT,SIM,1,2026-08-27
2023,NOMINAL,6991,HERMETO,MDB,SIM,1,2026-08-27
2023,NOMINAL,6991,IOLANDO,MDB,SIM,1,2026-08-27
2023,NOMINAL,6991,JAQUELINE SILVA,NÃO INFORMADO,SIM,1,2026-08-27
2023,NOMINAL,6991,JOAQUIM RORIZ NETO,PL,SIM,1,2026-08-27
2023,NOMINAL,6991,JORGE VIANNA,PSD,SIM,1,2026-08-27
2023,NOMINAL,6991,MARTINS MACHADO,REPUBLICANOS,SIM,1,2026-08-27
2023,NOMINAL,6991,MAX MACIEL,PSOL,SIM,1,2026-08-27
2023,NOMINAL,6991,PASTOR DANIEL DE CASTRO,PP,SIM,1,2026-08-27
2023,NOMINAL,6991,PAULA BELMONTE,CIDADANIA,SIM,1,2026-08-27
2023,NOMINAL,6991,PEPA,PP,SIM,1,2026-08-27
2023,NOMINAL,6991,RICARDO VALE,PT,SIM,1,2026-08-27
2023,NOMINAL,6991,ROBÉRIO NEGREIROS,PSD,SIM,1,2026-08-27
2023,NOMINAL,6991,ROGERIO MORRO DA CRUZ,NÃO INFORMADO,SIM,1,2026-08-27
2023,NOMINAL,6991,ROOSEVELT VILELA,PL,SIM,1,2026-08-27
2023,NOMINAL,6991,THIAGO MANZONI,PL,SIM,1,2026-08-27
2023,NOMINAL,6991,WELLINGTON LUIZ,MDB,SIM,1,2026-08-27
2023,NOMINAL,7016,CHICO VIGILANTE,PT,SIM,1,2026-08-27
2023,NOMINAL,7016,DANIEL DONIZET,PL,SIM,1,2026-08-27
2023,NOMINAL,7016,DAYSE AMARILIO,PSB,SIM,1,2026-08-27
2023,NOMINAL,7016,DOUTORA JANE,AGIR,SIM,1,2026-08-27
2023,NOMINAL,7016,EDUARDO PEDROSA,UNIÃO,SIM,1,2026-08-27
2023,NOMINAL,7016,FÁBIO FELIX,PSOL,SIM,1,2026-08-27
2023,NOMINAL,7016,GABRIEL MAGNO,PT,SIM,1,2026-08-27
2023,NOMINAL,7016,HERMETO,MDB,SIM,1,2026-08-27
2023,NOMINAL,7016,IOLANDO,MDB,SIM,1,2026-08-27
2023,NOMINAL,7016,JAQUELINE SILVA,NÃO INFORMADO,SIM,1,2026-08-27
2023,NOMINAL,7016,JOAQUIM RORIZ NETO,PL,SIM,1,2026-08-27
2023,NOMINAL,7016,JORGE VIANNA,PSD,SIM,1,2026-08-27
2023,NOMINAL,7016,MARTINS MACHADO,REPUBLICANOS,SIM,1,2026-08-27
2023,NOMINAL,7016,MAX MACIEL,PSOL,SIM,1,2026-08-27
2023,NOMINAL,7016,PASTOR DANIEL DE CASTRO,PP,SIM,1,2026-08-27
2023,NOMINAL,7016,PAULA BELMONTE,CIDADANIA,SIM,1,2026-08-27
2023,NOMINAL,7016,PEPA,PP,SIM,1,2026-08-27
2023,NOMINAL,7016,RICARDO VALE,PT,SIM,1,2026-08-27
2023,NOMINAL,7016,ROBÉRIO NEGREIROS,PSD,SIM,1,2026-08-27
2023,NOMINAL,7016,ROGERIO MORRO DA CRUZ,NÃO INFORMADO,SIM,1,2026-08-27
2023,NOMINAL,7016,ROOSEVELT VILELA,PL,SIM,1,2026-08-27
2023,NOMINAL,7016,THIAGO MANZONI,PL,SIM,1,2026-08-27
2023,NOMINAL,7016,WELLINGTON LUIZ,MDB,SIM,1,2026-08-27
2023,NOMINAL,7020,CHICO VIGILANTE,PT,SIM,1,2026-08-27
2023,NOMINAL,7020,DANIEL DONIZET,PL,SIM,1,2026-08-27
2023,NOMINAL,7020,DAYSE AMARILIO,PSB,SIM,1,2026-08-27
2023,NOMINAL,7020,DOUTORA JANE,AGIR,SIM,1,2026-08-27
2023,NOMINAL,7020,EDUARDO PEDROSA,UNIÃO,SIM,1,2026-08-27
2023,NOMINAL,7020,FÁBIO FELIX,PSOL,SIM,1,2026-08-27
2023,NOMINAL,7020,GABRIEL MAGNO,PT,SIM,1,2026-08-27
2023,NOMINAL,7020,HERMETO,MDB,SIM,1,2026-08-27
2023,NOMINAL,7020,IOLANDO,MDB,SIM,1,2026-08-27
2023,NOMINAL,7020,JAQUELINE SILVA,NÃO INFORMADO,SIM,1,2026-08-27
2023,NOMINAL,7020,JOAQUIM RORIZ NETO,PL,SIM,1,2026-08-27
2023,NOMINAL,7020,JORGE VIANNA,PSD,SIM,1,2026-08-27
2023,NOMINAL,7020,MARTINS MACHADO,REPUBLICANOS,SIM,1,2026-08-27
2023,NOMINAL,7020,MAX MACIEL,PSOL,SIM,1,2026-08-27
2023,NOMINAL,7020,PASTOR DANIEL DE CASTRO,PP,SIM,1,2026-08-27
2023,NOMINAL,7020,PAULA BELMONTE,CIDADANIA,SIM,1,2026-08-27
2023,NOMINAL,7020,PEPA,PP,SIM,1,2026-08-27
2023,NOMINAL,7020,RICARDO VALE,PT,SIM,1,2026-08-27
2023,NOMINAL,7020,ROBÉRIO NEGREIROS,PSD,SIM,1,2026-08-27
2023,NOMINAL,7020,ROGERIO MORRO DA CRUZ,NÃO INFORMADO,SIM,1,2026-08-27
2023,NOMINAL,7020,ROOSEVELT VILELA,PL,SIM,1,2026-08-27
2023,NOMINAL,7020,THIAGO MANZONI,PL,SIM,1,2026-08-27
2023,NOMINAL,7020,WELLINGTON LUIZ,MDB,SIM,1,2026-08-27
2023,NOMINAL,7040,DAYSE AMARILIO,PSB,SIM,1,2026-08-27
2023,NOMINAL,7040,EDUARDO PEDROSA,UNIÃO,SIM,1,2026-08-27
2023,NOMINAL,7040,FÁBIO FELIX,PSOL,SIM,1,2026-08-27
2023,NOMINAL,7040,GABRIEL MAGNO,PT,SIM,1,2026-08-27
2023,NOMINAL,7040,HERMETO,MDB,NAO,1,2026-08-27
2023,NOMINAL,7040,IOLANDO,MDB,NAO,1,2026-08-27
2023,NOMINAL,7040,JAQUELINE SILVA,MDB,SIM,1,2026-08-27
2023,NOMINAL,7040,JORGE VIANNA,PSD,SIM,1,2026-08-27
2023,NOMINAL,7040,MARTINS MACHADO,REPUBLICANOS,NAO,1,2026-08-27
2023,NOMINAL,7040,MAX MACIEL,PSOL,SIM,1,2026-08-27
2023,NOMINAL,7040,PASTOR DANIEL DE CASTRO,PP,NAO,1,2026-08-27
2023,NOMINAL,7040,PAULA BELMONTE,CIDADANIA,NAO,1,2026-08-27
2023,NOMINAL,7040,PEPA,PP,SIM,1,2026-08-27
2023,NOMINAL,7040,RICARDO VALE,PT,SIM,1,2026-08-27
2023,NOMINAL,7040,ROBÉRIO NEGREIROS,PSD,SIM,1,2026-08-27
2023,NOMINAL,7040,ROGERIO MORRO DA CRUZ,NÃO INFORMADO,SIM,1,2026-08-27
2023,NOMINAL,7040,ROOSEVELT VILELA,PL,NAO,1,2026-08-27
2023,NOMINAL,7040,THIAGO MANZONI,PL,NAO,1,2026-08-27
2023,NOMINAL,7040,WELLINGTON LUIZ,MDB,SIM,1,2026-08-27
2023,NOMINAL,7046,CHICO VIGILANTE,PT,SIM,1,2026-08-27
2023,NOMINAL,7046,DANIEL DONIZET,PL,NAO,1,2026-08-27
2023,NOMINAL,7046,DAYSE AMARILIO,PSB,SIM,1,2026-08-27
2023,NOMINAL,7046,DOUTORA JANE,AGIR,NAO,1,2026-08-27
2023,NOMINAL,7046,EDUARDO PEDROSA,UNIÃO,NAO,1,2026-08-27
2023,NOMINAL,7046,FÁBIO FELIX,PSOL,SIM,1,2026-08-27
2023,NOMINAL,7046,GABRIEL MAGNO,PT,SIM,1,2026-08-27
2023,NOMINAL,7046,HERMETO,MDB,NAO,1,2026-08-27
2023,NOMINAL,7046,IOLANDO,MDB,NAO,1,2026-08-27
2023,NOMINAL,7046,JAQUELINE SILVA,NÃO INFORMADO,NAO,1,2026-08-27
2023,NOMINAL,7046,JOAQUIM RORIZ NETO,PL,NAO,1,2026-08-27
2023,NOMINAL,7046,JORGE VIANNA,PSD,NAO,1,2026-08-27
2023,NOMINAL,7046,MARTINS MACHADO,REPUBLICANOS,NAO,1,2026-08-27
2023,NOMINAL,7046,MAX MACIEL,PSOL,SIM,1,2026-08-27
2023,NOMINAL,7046,PASTOR DANIEL DE CASTRO,PP,NAO,1,2026-08-27
2023,NOMINAL,7046,PAULA BELMONTE,CIDADANIA,SIM,1,2026-08-27
2023,NOMINAL,7046,PEPA,PP,NAO,1,2026-08-27
2023,NOMINAL,7046,RICARDO VALE,PT,SIM,1,2026-08-27
2023,NOMINAL,7046,ROBÉRIO NEGREIROS,PSD,NAO,1,2026-08-27
2023,NOMINAL,7046,ROGERIO MORRO DA CRUZ,NÃO INFORMADO,NAO,1,2026-08-27
2023,NOMINAL,7046,ROOSEVELT VILELA,PL,NAO,1,2026-08-27
2023,NOMINAL,7046,THIAGO MANZONI,PL,SIM,1,2026-08-27
2023,NOMINAL,7046,WELLINGTON LUIZ,MDB,NAO,1,2026-08-27
2023,NOMINAL,7047,CHICO VIGILANTE,PT,SIM,1,2026-08-27
2023,NOMINAL,7047,DANIEL DONIZET,PL,NAO,1,2026-08-27
2023,NOMINAL,7047,DAYSE AMARILIO,PSB,SIM,1,2026-08-27
2023,NOMINAL,7047,DOUTORA JANE,AGIR,NAO,1,2026-08-27
2023,NOMINAL,7047,EDUARDO PEDROSA,UNIÃO,NAO,1,2026-08-27
2023,NOMINAL,7047,FÁBIO FELIX,PSOL,SIM,1,2026-08-27
2023,NOMINAL,7047,GABRIEL MAGNO,PT,SIM,1,2026-08-27
2023,NOMINAL,7047,HERMETO,MDB,NAO,1,2026-08-27
2023,NOMINAL,7047,IOLANDO,MDB,NAO,1,2026-08-27
2023,NOMINAL,7047,JAQUELINE SILVA,NÃO INFORMADO,NAO,1,2026-08-27
2023,NOMINAL,7047,JOAQUIM RORIZ NETO,PL,NAO,1,2026-08-27
2023,NOMINAL,7047,JORGE VIANNA,PSD,NAO,1,2026-08-27
2023,NOMINAL,7047,MARTINS MACHADO,REPUBLICANOS,NAO,1,2026-08-27
2023,NOMINAL,7047,MAX MACIEL,PSOL,SIM,1,2026-08-27
2023,NOMINAL,7047,PASTOR DANIEL DE CASTRO,PP,NAO,1,2026-08-27
2023,NOMINAL,7047,PAULA BELMONTE,CIDADANIA,SIM,1,2026-08-27
2023,NOMINAL,7047,PEPA,PP,NAO,1,2026-08-27
2023,NOMINAL,7047,RICARDO VALE,PT,SIM,1,2026-08-27
2023,NOMINAL,7047,ROBÉRIO NEGREIROS,PSD,NAO,1,2026-08-27
2023,NOMINAL,7047,ROGERIO MORRO DA CRUZ,NÃO INFORMADO,NAO,1,2026-08-27
2023,NOMINAL,7047,ROOSEVELT VILELA,PL,NAO,1,2026-08-27
2023,NOMINAL,7047,THIAGO MANZONI,PL,SIM,1,2026-08-27
2023,NOMINAL,7047,WELLINGTON LUIZ,MDB,NAO,1,2026-08-27
2023,NOMINAL,7048,CHICO VIGILANTE,PT,SIM,1,2026-08-27
2023,NOMINAL,7048,DANIEL DONIZET,PL,NAO,1,2026-08-27
2023,NOMINAL,7048,DAYSE AMARILIO,PSB,SIM,1,2026-08-27
2023,NOMINAL,7048,DOUTORA JANE,AGIR,NAO,1,2026-08-27
2023,NOMINAL,7048,EDUARDO PEDROSA,UNIÃO,NAO,1,2026-08-27
2023,NOMINAL,7048,FÁBIO FELIX,PSOL,SIM,1,2026-08-27
2023,NOMINAL,7048,GABRIEL MAGNO,PT,SIM,1,2026-08-27
2023,NOMINAL,7048,HERMETO,MDB,NAO,1,2026-08-27
2023,NOMINAL,7048,IOLANDO,MDB,NAO,1,2026-08-27
2023,NOMINAL,7048,JAQUELINE SILVA,NÃO INFORMADO,NAO,1,2026-08-27
2023,NOMINAL,7048,JOAQUIM RORIZ NETO,PL,NAO,1,2026-08-27
2023,NOMINAL,7048,JORGE VIANNA,PSD,NAO,1,2026-08-27
2023,NOMINAL,7048,MARTINS MACHADO,REPUBLICANOS,NAO,1,2026-08-27
2023,NOMINAL,7048,MAX MACIEL,PSOL,SIM,1,2026-08-27
2023,NOMINAL,7048,PASTOR DANIEL DE CASTRO,PP,NAO,1,2026-08-27
2023,NOMINAL,7048,PAULA BELMONTE,CIDADANIA,SIM,1,2026-08-27
2023,NOMINAL,7048,PEPA,PP,NAO,1,2026-08-27
2023,NOMINAL,7048,RICARDO VALE,PT,SIM,1,2026-08-27
2023,NOMINAL,7048,ROBÉRIO NEGREIROS,PSD,NAO,1,2026-08-27
2023,NOMINAL,7048,ROGERIO MORRO DA CRUZ,NÃO INFORMADO,NAO,1,2026-08-27
2023,NOMINAL,7048,ROOSEVELT VILELA,PL,NAO,1,2026-08-27
2023,NOMINAL,7048,THIAGO MANZONI,PL,SIM,1,2026-08-27
2023,NOMINAL,7048,WELLINGTON LUIZ,MDB,NAO,1,2026-08-27
2023,NOMINAL,7049,CHICO VIGILANTE,PT,SIM,1,2026-08-27
2023,NOMINAL,7049,DANIEL DONIZET,PL,NAO,1,2026-08-27
2023,NOMINAL,7049,DAYSE AMARILIO,PSB,SIM,1,2026-08-27
2023,NOMINAL,7049,DOUTORA JANE,AGIR,NAO,1,2026-08-27
2023,NOMINAL,7049,EDUARDO PEDROSA,UNIÃO,NAO,1,2026-08-27
2023,NOMINAL,7049,FÁBIO FELIX,PSOL,SIM,1,2026-08-27
2023,NOMINAL,7049,GABRIEL MAGNO,PT,SIM,1,2026-08-27
2023,NOMINAL,7049,HERMETO,MDB,NAO,1,2026-08-27
2023,NOMINAL,7049,IOLANDO,MDB,NAO,1,2026-08-27
2023,NOMINAL,7049,JAQUELINE SILVA,NÃO INFORMADO,NAO,1,2026-08-27
2023,NOMINAL,7049,JOAQUIM RORIZ NETO,PL,NAO,1,2026-08-27
2023,NOMINAL,7049,JORGE VIANNA,PSD,NAO,1,2026-08-27
2023,NOMINAL,7049,MARTINS MACHADO,REPUBLICANOS,NAO,1,2026-08-27
2023,NOMINAL,7049,MAX MACIEL,PSOL,SIM,1,2026-08-27
2023,NOMINAL,7049,PASTOR DANIEL DE CASTRO,PP,NAO,1,2026-08-27
2023,NOMINAL,7049,PAULA BELMONTE,CIDADANIA,SIM,1,2026-08-27
2023,NOMINAL,7049,PEPA,PP,NAO,1,2026-08-27
2023,NOMINAL,7049,RICARDO VALE,PT,SIM,1,2026-08-27
2023,NOMINAL,7049,ROBÉRIO NEGREIROS,PSD,NAO,1,2026-08-27
2023,NOMINAL,7049,ROGERIO MORRO DA CRUZ,NÃO INFORMADO,NAO,1,2026-08-27
2023,NOMINAL,7049,ROOSEVELT VILELA,PL,NAO,1,2026-08-27
2023,NOMINAL,7049,THIAGO MANZONI,PL,NAO,1,2026-08-27
2023,NOMINAL,7049,WELLINGTON LUIZ,MDB,NAO,1,2026-08-27
2023,NOMINAL,7050,CHICO VIGILANTE,PT,NAO,1,2026-08-27
2023,NOMINAL,7050,DANIEL DONIZET,PL,NAO,1,2026-08-27
2023,NOMINAL,7050,DAYSE AMARILIO,PSB,NAO,1,2026-08-27
2023,NOMINAL,7050,DOUTORA JANE,AGIR,NAO,1,2026-08-27
2023,NOMINAL,7050,EDUARDO PEDROSA,UNIÃO,NAO,1,2026-08-27
2023,NOMINAL,7050,FÁBIO FELIX,PSOL,NAO,1,2026-08-27
2023,NOMINAL,7050,GABRIEL MAGNO,PT,NAO,1,2026-08-27
2023,NOMINAL,7050,HERMETO,MDB,NAO,1,2026-08-27
2023,NOMINAL,7050,IOLANDO,MDB,NAO,1,2026-08-27
2023,NOMINAL,7050,JAQUELINE SILVA,NÃO INFORMADO,NAO,1,2026-08-27
2023,NOMINAL,7050,JOAQUIM RORIZ NETO,PL,NAO,1,2026-08-27
2023,NOMINAL,7050,JORGE VIANNA,PSD,NAO,1,2026-08-27
2023,NOMINAL,7050,MARTINS MACHADO,REPUBLICANOS,NAO,1,2026-08-27
2023,NOMINAL,7050,MAX MACIEL,PSOL,NAO,1,2026-08-27
2023,NOMINAL,7050,PASTOR DANIEL DE CASTRO,PP,NAO,1,2026-08-27
2023,NOMINAL,7050,PAULA BELMONTE,CIDADANIA,NAO,1,2026-08-27
2023,NOMINAL,7050,PEPA,PP,NAO,1,2026-08-27
2023,NOMINAL,7050,RICARDO VALE,PT,NAO,1,2026-08-27
2023,NOMINAL,7050,ROBÉRIO NEGREIROS,PSD,NAO,1,2026-08-27
2023,NOMINAL,7050,ROGERIO MORRO DA CRUZ,NÃO INFORMADO,NAO,1,2026-08-27
2023,NOMINAL,7050,ROOSEVELT VILELA,PL,NAO,1,2026-08-27
2023,NOMINAL,7050,THIAGO MANZONI,PL,NAO,1,2026-08-27
2023,NOMINAL,7050,WELLINGTON LUIZ,MDB,NAO,1,2026-08-27
2023,NOMINAL,7051,CHICO VIGILANTE,PT,SIM,1,2026-08-27
2023,NOMINAL,7051,DANIEL DONIZET,PL,NAO,1,2026-08-27
2023,NOMINAL,7051,DAYSE AMARILIO,PSB,SIM,1,2026-08-27
2023,NOMINAL,7051,DOUTORA JANE,AGIR,NAO,1,2026-08-27
2023,NOMINAL,7051,EDUARDO PEDROSA,UNIÃO,NAO,1,2026-08-27
2023,NOMINAL,7051,FÁBIO FELIX,PSOL,SIM,1,2026-08-27
2023,NOMINAL,7051,GABRIEL MAGNO,PT,SIM,1,2026-08-27
2023,NOMINAL,7051,HERMETO,MDB,NAO,1,2026-08-27
2023,NOMINAL,7051,IOLANDO,MDB,NAO,1,2026-08-27
2023,NOMINAL,7051,JAQUELINE SILVA,NÃO INFORMADO,NAO,1,2026-08-27
2023,NOMINAL,7051,JOAQUIM RORIZ NETO,PL,NAO,1,2026-08-27
2023,NOMINAL,7051,JORGE VIANNA,PSD,NAO,1,2026-08-27
2023,NOMINAL,7051,MARTINS MACHADO,REPUBLICANOS,NAO,1,2026-08-27
2023,NOMINAL,7051,MAX MACIEL,PSOL,SIM,1,2026-08-27
2023,NOMINAL,7051,PASTOR DANIEL DE CASTRO,PP,NAO,1,2026-08-27
2023,NOMINAL,7051,PAULA BELMONTE,CIDADANIA,SIM,1,2026-08-27
2023,NOMINAL,7051,PEPA,PP,NAO,1,2026-08-27
2023,NOMINAL,7051,RICARDO VALE,PT,SIM,1,2026-08-27
2023,NOMINAL,7051,ROBÉRIO NEGREIROS,PSD,NAO,1,2026-08-27
2023,NOMINAL,7051,ROGERIO MORRO DA CRUZ,NÃO INFORMADO,NAO,1,2026-08-27
2023,NOMINAL,7051,ROOSEVELT VILELA,PL,NAO,1,2026-08-27
2023,NOMINAL,7051,THIAGO MANZONI,PL,NAO,1,2026-08-27
2023,NOMINAL,7051,WELLINGTON LUIZ,MDB,SIM,1,2026-08-27
2023,NOMINAL,7052,CHICO VIGILANTE,PT,SIM,1,2026-08-27
2023,NOMINAL,7052,DANIEL DONIZET,PL,NAO,1,2026-08-27
2023,NOMINAL,7052,DAYSE AMARILIO,PSB,SIM,1,2026-08-27
2023,NOMINAL,7052,DOUTORA JANE,AGIR,NAO,1,2026-08-27
2023,NOMINAL,7052,EDUARDO PEDROSA,UNIÃO,NAO,1,2026-08-27
2023,NOMINAL,7052,FÁBIO FELIX,PSOL,SIM,1,2026-08-27
2023,NOMINAL,7052,GABRIEL MAGNO,PT,SIM,1,2026-08-27
2023,NOMINAL,7052,HERMETO,MDB,NAO,1,2026-08-27
2023,NOMINAL,7052,IOLANDO,MDB,NAO,1,2026-08-27
2023,NOMINAL,7052,JAQUELINE SILVA,NÃO INFORMADO,NAO,1,2026-08-27
2023,NOMINAL,7052,JOAQUIM RORIZ NETO,PL,NAO,1,2026-08-27
2023,NOMINAL,7052,JORGE VIANNA,PSD,NAO,1,2026-08-27
2023,NOMINAL,7052,MARTINS MACHADO,REPUBLICANOS,NAO,1,2026-08-27
2023,NOMINAL,7052,MAX MACIEL,PSOL,SIM,1,2026-08-27
2023,NOMINAL,7052,PASTOR DANIEL DE CASTRO,PP,NAO,1,2026-08-27
2023,NOMINAL,7052,PAULA BELMONTE,CIDADANIA,NAO,1,2026-08-27
2023,NOMINAL,7052,PEPA,PP,NAO,1,2026-08-27
2023,NOMINAL,7052,RICARDO VALE,PT,SIM,1,2026-08-27
2023,NOMINAL,7052,ROBÉRIO NEGREIROS,PSD,NAO,1,2026-08-27
2023,NOMINAL,7052,ROGERIO MORRO DA CRUZ,NÃO INFORMADO,NAO,1,2026-08-27
2023,NOMINAL,7052,ROOSEVELT VILELA,PL,NAO,1,2026-08-27
2023,NOMINAL,7052,THIAGO MANZONI,PL,NAO,1,2026-08-27
2023,NOMINAL,7052,WELLINGTON LUIZ,MDB,NAO,1,2026-08-27
2023,NOMINAL,7053,CHICO VIGILANTE,PT,SIM,1,2026-08-27
2023,NOMINAL,7053,DANIEL DONIZET,PL,NAO,1,2026-08-27
2023,NOMINAL,7053,DAYSE AMARILIO,PSB,SIM,1,2026-08-27
2023,NOMINAL,7053,DOUTORA JANE,AGIR,NAO,1,2026-08-27
2023,NOMINAL,7053,EDUARDO PEDROSA,UNIÃO,NAO,1,2026-08-27
2023,NOMINAL,7053,FÁBIO FELIX,PSOL,SIM,1,2026-08-27
2023,NOMINAL,7053,GABRIEL MAGNO,PT,SIM,1,2026-08-27
2023,NOMINAL,7053,HERMETO,MDB,NAO,1,2026-08-27
2023,NOMINAL,7053,IOLANDO,MDB,NAO,1,2026-08-27
2023,NOMINAL,7053,JAQUELINE SILVA,NÃO INFORMADO,NAO,1,2026-08-27
2023,NOMINAL,7053,JOAQUIM RORIZ NETO,PL,NAO,1,2026-08-27
2023,NOMINAL,7053,JORGE VIANNA,PSD,NAO,1,2026-08-27
2023,NOMINAL,7053,MARTINS MACHADO,REPUBLICANOS,NAO,1,2026-08-27
2023,NOMINAL,7053,MAX MACIEL,PSOL,SIM,1,2026-08-27
2023,NOMINAL,7053,PASTOR DANIEL DE CASTRO,PP,NAO,1,2026-08-27
2023,NOMINAL,7053,PAULA BELMONTE,CIDADANIA,SIM,1,2026-08-27
2023,NOMINAL,7053,PEPA,PP,NAO,1,2026-08-27
2023,NOMINAL,7053,RICARDO VALE,PT,SIM,1,2026-08-27
2023,NOMINAL,7053,ROBÉRIO NEGREIROS,PSD,NAO,1,2026-08-27
2023,NOMINAL,7053,ROGERIO MORRO DA CRUZ,NÃO INFORMADO,NAO,1,2026-08-27
2023,NOMINAL,7053,ROOSEVELT VILELA,PL,NAO,1,2026-08-27
2023,NOMINAL,7053,THIAGO MANZONI,PL,NAO,1,2026-08-27
2023,NOMINAL,7053,WELLINGTON LUIZ,MDB,NAO,1,2026-08-27
2023,NOMINAL,7114,DAYSE AMARILIO,PSB,SIM,1,2026-08-27
2023,NOMINAL,7114,DOUTORA JANE,MDB,SIM,1,2026-08-27
2023,NOMINAL,7114,EDUARDO PEDROSA,UNIÃO,SIM,1,2026-08-27
2023,NOMINAL,7114,FÁBIO FELIX,PSOL,SIM,1,2026-08-27
2023,NOMINAL,7114,GABRIEL MAGNO,PT,SIM,1,2026-08-27
2023,NOMINAL,7114,HERMETO,MDB,SIM,1,2026-08-27
2023,NOMINAL,7114,IOLANDO,MDB,ABSTENCAO,1,2026-08-27
2023,NOMINAL,7114,IOLANDO,MDB,SIM,1,2026-08-27
2023,NOMINAL,7114,JAQUELINE SILVA,MDB,SIM,1,2026-08-27
2023,NOMINAL,7114,JOAQUIM RORIZ NETO,PL,SIM,1,2026-08-27
2023,NOMINAL,7114,JORGE VIANNA,PSD,SIM,1,2026-08-27
2023,NOMINAL,7114,MARTINS MACHADO,REPUBLICANOS,SIM,1,2026-08-27
2023,NOMINAL,7114,MAX MACIEL,PSOL,SIM,1,2026-08-27
2023,NOMINAL,7114,PASTOR DANIEL DE CASTRO,PP,SIM,1,2026-08-27
2023,NOMINAL,7114,PAULA BELMONTE,CIDADANIA,SIM,1,2026-08-27
2023,NOMINAL,7114,PEPA,PP,SIM,1,2026-08-27
2023,NOMINAL,7114,RICARDO VALE,PT,SIM,1,2026-08-27
2023,NOMINAL,7114,ROBÉRIO NEGREIROS,PSD,SIM,1,2026-08-27
2023,NOMINAL,7114,ROGERIO MORRO DA CRUZ,NÃO INFORMADO,SIM,1,2026-08-27
2023,NOMINAL,7114,ROOSEVELT VILELA,PL,SIM,1,2026-08-27
2023,NOMINAL,7114,THIAGO MANZONI,PL,SIM,1,2026-08-27
2023,NOMINAL,7114,WELLINGTON LUIZ,MDB,SIM,1,2026-08-27
2023,NOMINAL,7115,DAYSE AMARILIO,PSB,SIM,1,2026-08-27
2023,NOMINAL,7115,DOUTORA JANE,MDB,SIM,1,2026-08-27
2023,NOMINAL,7115,EDUARDO PEDROSA,UNIÃO,SIM,1,2026-08-27
2023,NOMINAL,7115,FÁBIO FELIX,PSOL,SIM,1,2026-08-27
2023,NOMINAL,7115,GABRIEL MAGNO,PT,SIM,1,2026-08-27
2023,NOMINAL,7115,IOLANDO,MDB,SIM,1,2026-08-27
2023,NOMINAL,7115,JAQUELINE SILVA,MDB,SIM,1,2026-08-27
2023,NOMINAL,7115,JOAQUIM RORIZ NETO,PL,SIM,1,2026-08-27
2023,NOMINAL,7115,JORGE VIANNA,PSD,SIM,1,2026-08-27
2023,NOMINAL,7115,MARTINS MACHADO,REPUBLICANOS,SIM,1,2026-08-27
2023,NOMINAL,7115,MAX MACIEL,PSOL,SIM,1,2026-08-27
2023,NOMINAL,7115,PASTOR DANIEL DE CASTRO,PP,SIM,1,2026-08-27
2023,NOMINAL,7115,PAULA BELMONTE,CIDADANIA,SIM,1,2026-08-27
2023,NOMINAL,7115,PEPA,PP,SIM,1,2026-08-27
2023,NOMINAL,7115,RICARDO VALE,PT,SIM,1,2026-08-27
2023,NOMINAL,7115,ROBÉRIO NEGREIROS,PSD,SIM,1,2026-08-27
2023,NOMINAL,7115,ROGERIO MORRO DA CRUZ,NÃO INFORMADO,SIM,1,2026-08-27
2023,NOMINAL,7115,ROOSEVELT VILELA,PL,SIM,1,2026-08-27
2023,NOMINAL,7115,THIAGO MANZONI,PL,SIM,1,2026-08-27
2023,NOMINAL,7115,WELLINGTON LUIZ,MDB,SIM,1,2026-08-27
2023,NOMINAL,7132,CHICO VIGILANTE,PT,SIM,1,2026-08-27
2023,NOMINAL,7132,DANIEL DONIZET,PL,SIM,1,2026-08-27
2023,NOMINAL,7132,DAYSE AMARILIO,PSB,SIM,1,2026-08-27
2023,NOMINAL,7132,DOUTORA JANE,MDB,SIM,1,2026-08-27
2023,NOMINAL,7132,EDUARDO PEDROSA,UNIÃO,SIM,1,2026-08-27
2023,NOMINAL,7132,FÁBIO FELIX,PSOL,SIM,1,2026-08-27
2023,NOMINAL,7132,GABRIEL MAGNO,PT,SIM,1,2026-08-27
2023,NOMINAL,7132,HERMETO,MDB,SIM,1,2026-08-27
2023,NOMINAL,7132,IOLANDO,MDB,SIM,1,2026-08-27
2023,NOMINAL,7132,JAQUELINE SILVA,MDB,SIM,1,2026-08-27
2023,NOMINAL,7132,JOAQUIM RORIZ NETO,PL,SIM,1,2026-08-27
2023,NOMINAL,7132,JORGE VIANNA,PSD,SIM,1,2026-08-27
2023,NOMINAL,7132,JOÃO CARDOSO,AVANTE,SIM,1,2026-08-27
2023,NOMINAL,7132,MAX MACIEL,PSOL,SIM,1,2026-08-27
2023,NOMINAL,7132,PASTOR DANIEL DE CASTRO,PP,SIM,1,2026-08-27
2023,NOMINAL,7132,PAULA BELMONTE,CIDADANIA,SIM,1,2026-08-27
2023,NOMINAL,7132,PEPA,PP,SIM,1,2026-08-27
2023,NOMINAL,7132,RICARDO VALE,PT,SIM,1,2026-08-27
2023,NOMINAL,7132,ROGERIO MORRO DA CRUZ,NÃO INFORMADO,SIM,1,2026-08-27
2023,NOMINAL,7132,THIAGO MANZONI,PL,SIM,1,2026-08-27
2023,NOMINAL,7132,WELLINGTON LUIZ,MDB,SIM,1,2026-08-27
2023,NOMINAL,7144,CHICO VIGILANTE,PT,SIM,2,2026-08-27
2023,NOMINAL,7144,DAYSE AMARILIO,PSB,SIM,1,2026-08-27
2023,NOMINAL,7144,DOUTORA JANE,MDB,SIM,1,2026-08-27
2023,NOMINAL,7144,EDUARDO PEDROSA,UNIÃO,SIM,1,2026-08-27
2023,NOMINAL,7144,FÁBIO FELIX,PSOL,SIM,1,2026-08-27
2023,NOMINAL,7144,GABRIEL MAGNO,PT,SIM,1,2026-08-27
2023,NOMINAL,7144,HERMETO,MDB,SIM,1,2026-08-27
2023,NOMINAL,7144,IOLANDO,MDB,SIM,1,2026-08-27
2023,NOMINAL,7144,JAQUELINE SILVA,MDB,SIM,1,2026-08-27
2023,NOMINAL,7144,JOAQUIM RORIZ NETO,PL,SIM,1,2026-08-27
2023,NOMINAL,7144,JOÃO CARDOSO,AVANTE,SIM,1,2026-08-27
2023,NOMINAL,7144,MARTINS MACHADO,REPUBLICANOS,SIM,1,2026-08-27
2023,NOMINAL,7144,MAX MACIEL,PSOL,SIM,1,2026-08-27
2023,NOMINAL,7144,PASTOR DANIEL DE CASTRO,PP,SIM,1,2026-08-27
2023,NOMINAL,7144,PAULA BELMONTE,CIDADANIA,SIM,1,2026-08-27
2023,NOMINAL,7144,PEPA,PP,SIM,1,2026-08-27
2023,NOMINAL,7144,RICARDO VALE,PT,SIM,1,2026-08-27
2023,NOMINAL,7144,ROBÉRIO NEGREIROS,PSD,SIM,1,2026-08-27
2023,NOMINAL,7144,ROGERIO MORRO DA CRUZ,NÃO INFORMADO,SIM,1,2026-08-27
2023,NOMINAL,7144,THIAGO MANZONI,PL,SIM,1,2026-08-27
2023,NOMINAL,7144,WELLINGTON LUIZ,MDB,SIM,1,2026-08-27
2023,NOMINAL,7154,DAYSE AMARILIO,PSB,SIM,1,2026-08-27
2023,NOMINAL,7154,EDUARDO PEDROSA,UNIÃO,SIM,1,2026-08-27
2023,NOMINAL,7154,FÁBIO FELIX,PSOL,SIM,1,2026-08-27
2023,NOMINAL,7154,GABRIEL MAGNO,PT,SIM,1,2026-08-27
2023,NOMINAL,7154,HERMETO,MDB,SIM,1,2026-08-27
2023,NOMINAL,7154,IOLANDO,MDB,SIM,1,2026-08-27
2023,NOMINAL,7154,JAQUELINE SILVA,MDB,SIM,1,2026-08-27
2023,NOMINAL,7154,JOAQUIM RORIZ NETO,PL,SIM,1,2026-08-27
2023,NOMINAL,7154,JORGE VIANNA,PSD,SIM,1,2026-08-27
2023,NOMINAL,7154,MARTINS MACHADO,REPUBLICANOS,SIM,1,2026-08-27
2023,NOMINAL,7154,MAX MACIEL,PSOL,SIM,1,2026-08-27
2023,NOMINAL,7154,PEPA,PP,SIM,1,2026-08-27
2023,NOMINAL,7154,RICARDO VALE,PT,SIM,1,2026-08-27
2023,NOMINAL,7154,ROBÉRIO NEGREIROS,PSD,SIM,1,2026-08-27
2023,NOMINAL,7154,ROGERIO MORRO DA CRUZ,NÃO INFORMADO,SIM,1,2026-08-27
2023,NOMINAL,7154,ROOSEVELT VILELA,PL,SIM,1,2026-08-27
2023,NOMINAL,7154,WELLINGTON LUIZ,MDB,SIM,1,2026-08-27
2023,NOMINAL,7155,DAYSE AMARILIO,PSB,SIM,1,2026-08-27
2023,NOMINAL,7155,DOUTORA JANE,MDB,SIM,1,2026-08-27
2023,NOMINAL,7155,EDUARDO PEDROSA,UNIÃO,SIM,1,2026-08-27
2023,NOMINAL,7155,FÁBIO FELIX,PSOL,SIM,1,2026-08-27
2023,NOMINAL,7155,GABRIEL MAGNO,PT,SIM,1,2026-08-27
2023,NOMINAL,7155,JAQUELINE SILVA,MDB,SIM,1,2026-08-27
2023,NOMINAL,7155,JOAQUIM RORIZ NETO,PL,SIM,1,2026-08-27
2023,NOMINAL,7155,JORGE VIANNA,PSD,SIM,1,2026-08-27
2023,NOMINAL,7155,MARTINS MACHADO,REPUBLICANOS,SIM,1,2026-08-27
2023,NOMINAL,7155,MAX MACIEL,PSOL,SIM,1,2026-08-27
2023,NOMINAL,7155,PEPA,PP,SIM,1,2026-08-27
2023,NOMINAL,7155,RICARDO VALE,PT,SIM,1,2026-08-27
2023,NOMINAL,7155,ROBÉRIO NEGREIROS,PSD,SIM,1,2026-08-27
2023,NOMINAL,7155,ROGERIO MORRO DA CRUZ,NÃO INFORMADO,SIM,1,2026-08-27
2023,NOMINAL,7155,ROOSEVELT VILELA,PL,SIM,1,2026-08-27
2023,NOMINAL,7155,WELLINGTON LUIZ,MDB,SIM,1,2026-08-27
2023,NOMINAL,7167,EDUARDO PEDROSA,UNIÃO,SIM,1,2026-08-27
2023,NOMINAL,7167,GABRIEL MAGNO,PT,SIM,1,2026-08-27
2023,NOMINAL,7167,HERMETO,MDB,SIM,1,2026-08-27
2023,NOMINAL,7167,JAQUELINE SILVA,MDB,SIM,1,2026-08-27
2023,NOMINAL,7167,JOAQUIM RORIZ NETO,PL,SIM,1,2026-08-27
2023,NOMINAL,7167,JORGE VIANNA,PSD,SIM,1,2026-08-27
2023,NOMINAL,7167,MARTINS MACHADO,REPUBLICANOS,SIM,1,2026-08-27
2023,NOMINAL,7167,MAX MACIEL,PSOL,SIM,1,2026-08-27
2023,NOMINAL,7167,PASTOR DANIEL DE CASTRO,PP,SIM,1,2026-08-27
2023,NOMINAL,7167,PAULA BELMONTE,CIDADANIA,SIM,1,2026-08-27
2023,NOMINAL,7167,PEPA,PP,SIM,1,2026-08-27
2023,NOMINAL,7167,RICARDO VALE,PT,SIM,1,2026-08-27
2023,NOMINAL,7167,ROBÉRIO NEGREIROS,PSD,SIM,1,2026-08-27
2023,NOMINAL,7167,ROGERIO MORRO DA CRUZ,NÃO INFORMADO,SIM,1,2026-08-27
2023,NOMINAL,7167,ROOSEVELT VILELA,PL,SIM,1,2026-08-27
2023,NOMINAL,7167,THIAGO MANZONI,PL,SIM,1,2026-08-27
2023,NOMINAL,7167,WELLINGTON LUIZ,MDB,SIM,1,2026-08-27
2023,NOMINAL,7171,DAYSE AMARILIO,PSB,NAO,1,2026-08-27
2023,NOMINAL,7171,EDUARDO PEDROSA,UNIÃO,SIM,1,2026-08-27
2023,NOMINAL,7171,FÁBIO FELIX,PSOL,SIM,1,2026-08-27
2023,NOMINAL,7171,GABRIEL MAGNO,PT,SIM,1,2026-08-27
2023,NOMINAL,7171,HERMETO,MDB,SIM,1,2026-08-27
2023,NOMINAL,7171,IOLANDO,MDB,NAO,1,2026-08-27
2023,NOMINAL,7171,JAQUELINE SILVA,MDB,SIM,1,2026-08-27
2023,NOMINAL,7171,JOAQUIM RORIZ NETO,PL,NAO,1,2026-08-27
2023,NOMINAL,7171,JORGE VIANNA,PSD,SIM,1,2026-08-27
2023,NOMINAL,7171,MARTINS MACHADO,REPUBLICANOS,SIM,1,2026-08-27
2023,NOMINAL,7171,MAX MACIEL,PSOL,SIM,1,2026-08-27
2023,NOMINAL,7171,PASTOR DANIEL DE CASTRO,PP,NAO,1,2026-08-27
2023,NOMINAL,7171,PAULA BELMONTE,CIDADANIA,NAO,1,2026-08-27
2023,NOMINAL,7171,RICARDO VALE,PT,SIM,1,2026-08-27
2023,NOMINAL,7171,ROBÉRIO NEGREIROS,PSD,SIM,1,2026-08-27
2023,NOMINAL,7171,ROOSEVELT VILELA,PL,NAO,1,2026-08-27
2023,NOMINAL,7171,THIAGO MANZONI,PL,NAO,1,2026-08-27
2023,NOMINAL,7171,WELLINGTON LUIZ,MDB,SIM,1,2026-08-27
2023,NOMINAL,7183,DAYSE AMARILIO,PSB,SIM,1,2026-08-27
2023,NOMINAL,7183,DOUTORA JANE,MDB,SIM,1,2026-08-27
2023,NOMINAL,7183,FÁBIO FELIX,PSOL,SIM,1,2026-08-27
2023,NOMINAL,7183,GABRIEL MAGNO,PT,SIM,1,2026-08-27
2023,NOMINAL,7183,IOLANDO,MDB,SIM,1,2026-08-27
2023,NOMINAL,7183,JAQUELINE SILVA,MDB,SIM,1,2026-08-27
2023,NOMINAL,7183,JOAQUIM RORIZ NETO,PL,SIM,1,2026-08-27
2023,NOMINAL,7183,JORGE VIANNA,PSD,SIM,1,2026-08-27
2023,NOMINAL,7183,MARTINS MACHADO,REPUBLICANOS,SIM,1,2026-08-27
2023,NOMINAL,7183,MAX MACIEL,PSOL,SIM,1,2026-08-27
2023,NOMINAL,7183,PEPA,PP,SIM,1,2026-08-27
2023,NOMINAL,7183,RICARDO VALE,PT,SIM,1,2026-08-27
2023,NOMINAL,7183,ROBÉRIO NEGREIROS,PSD,SIM,1,2026-08-27
2023,NOMINAL,7183,ROGERIO MORRO DA CRUZ,NÃO INFORMADO,SIM,1,2026-08-27
2023,NOMINAL,7183,ROOSEVELT VILELA,PL,SIM,1,2026-08-27
2023,NOMINAL,7183,WELLINGTON LUIZ,MDB,SIM,1,2026-08-27
2023,NOMINAL,7214,CHICO VIGILANTE,PT,SIM,1,2026-08-27
2023,NOMINAL,7214,DAYSE AMARILIO,PSB,SIM,1,2026-08-27
2023,NOMINAL,7214,FÁBIO FELIX,PSOL,SIM,1,2026-08-27
2023,NOMINAL,7214,GABRIEL MAGNO,PT,SIM,1,2026-08-27
2023,NOMINAL,7214,IOLANDO,MDB,SIM,1,2026-08-27
2023,NOMINAL,7214,JAQUELINE SILVA,MDB,SIM,1,2026-08-27
2023,NOMINAL,7214,JORGE VIANNA,PSD,SIM,1,2026-08-27
2023,NOMINAL,7214,JOÃO CARDOSO,AVANTE,SIM,1,2026-08-27
2023,NOMINAL,7214,MARTINS MACHADO,REPUBLICANOS,SIM,1,2026-08-27
2023,NOMINAL,7214,MAX MACIEL,PSOL,SIM,1,2026-08-27
2023,NOMINAL,7214,PASTOR DANIEL DE CASTRO,PP,SIM,1,2026-08-27
2023,NOMINAL,7214,PAULA BELMONTE,CIDADANIA,SIM,1,2026-08-27
2023,NOMINAL,7214,PEPA,PP,SIM,1,2026-08-27
2023,NOMINAL,7214,RICARDO VALE,PT,SIM,1,2026-08-27
2023,NOMINAL,7214,ROGERIO MORRO DA CRUZ,NÃO INFORMADO,SIM,1,2026-08-27
2023,NOMINAL,7214,THIAGO MANZONI,PL,SIM,1,2026-08-27
2023,NOMINAL,7236,CHICO VIGILANTE,PT,SIM,1,2026-08-27
2023,NOMINAL,7236,DANIEL DONIZET,PL,SIM,1,2026-08-27
2023,NOMINAL,7236,DAYSE AMARILIO,PSB,SIM,1,2026-08-27
2023,NOMINAL,7236,DOUTORA JANE,MDB,SIM,1,2026-08-27
2023,NOMINAL,7236,FÁBIO FELIX,PSOL,SIM,1,2026-08-27
2023,NOMINAL,7236,GABRIEL MAGNO,PT,SIM,1,2026-08-27
2023,NOMINAL,7236,HERMETO,MDB,SIM,1,2026-08-27
2023,NOMINAL,7236,IOLANDO,MDB,NAO,1,2026-08-27
2023,NOMINAL,7236,JAQUELINE SILVA,MDB,SIM,1,2026-08-27
2023,NOMINAL,7236,JOAQUIM RORIZ NETO,PL,SIM,1,2026-08-27
2023,NOMINAL,7236,JOÃO CARDOSO,AVANTE,SIM,1,2026-08-27
2023,NOMINAL,7236,MARTINS MACHADO,REPUBLICANOS,SIM,1,2026-08-27
2023,NOMINAL,7236,MAX MACIEL,PSOL,SIM,1,2026-08-27
2023,NOMINAL,7236,PASTOR DANIEL DE CASTRO,PP,ABSTENCAO,1,2026-08-27
2023,NOMINAL,7236,PAULA BELMONTE,CIDADANIA,SIM,1,2026-08-27
2023,NOMINAL,7236,PEPA,PP,SIM,1,2026-08-27
2023,NOMINAL,7236,RICARDO VALE,PT,SIM,1,2026-08-27
2023,NOMINAL,7236,ROBÉRIO NEGREIROS,PSD,SIM,1,2026-08-27
2023,NOMINAL,7236,ROGERIO MORRO DA CRUZ,NÃO INFORMADO,SIM,1,2026-08-27
2023,NOMINAL,7236,ROOSEVELT VILELA,PL,ABSTENCAO,1,2026-08-27
2023,NOMINAL,7236,THIAGO MANZONI,PL,NAO,1,2026-08-27
2023,NOMINAL,7236,WELLINGTON LUIZ,MDB,SIM,1,2026-08-27
2023,NOMINAL,7252,CHICO VIGILANTE,PT,SIM,1,2026-08-27
2023,NOMINAL,7252,DANIEL DONIZET,PL,SIM,1,2026-08-27
2023,NOMINAL,7252,DAYSE AMARILIO,PSB,SIM,1,2026-08-27
2023,NOMINAL,7252,DOUTORA JANE,MDB,SIM,1,2026-08-27
2023,NOMINAL,7252,FÁBIO FELIX,PSOL,SIM,1,2026-08-27
2023,NOMINAL,7252,GABRIEL MAGNO,PT,SIM,1,2026-08-27
2023,NOMINAL,7252,HERMETO,MDB,SIM,1,2026-08-27
2023,NOMINAL,7252,IOLANDO,MDB,SIM,1,2026-08-27
2023,NOMINAL,7252,JAQUELINE SILVA,MDB,SIM,1,2026-08-27
2023,NOMINAL,7252,JOAQUIM RORIZ NETO,PL,SIM,1,2026-08-27
2023,NOMINAL,7252,JOÃO CARDOSO,AVANTE,SIM,1,2026-08-27
2023,NOMINAL,7252,MARTINS MACHADO,REPUBLICANOS,SIM,1,2026-08-27
2023,NOMINAL,7252,PAULA BELMONTE,CIDADANIA,SIM,1,2026-08-27
2023,NOMINAL,7252,PEPA,PP,SIM,1,2026-08-27
2023,NOMINAL,7252,RICARDO VALE,PT,SIM,1,2026-08-27
2023,NOMINAL,7252,ROBÉRIO NEGREIROS,PSD,SIM,1,2026-08-27
2023,NOMINAL,7252,ROGERIO MORRO DA CRUZ,NÃO INFORMADO,SIM,1,2026-08-27
2023,NOMINAL,7252,THIAGO MANZONI,PL,SIM,1,2026-08-27
2023,NOMINAL,7252,WELLINGTON LUIZ,MDB,SIM,1,2026-08-27
2023,NOMINAL,7253,CHICO VIGILANTE,PT,NAO,1,2026-08-27
2023,NOMINAL,7253,DANIEL DONIZET,PL,NAO,1,2026-08-27
2023,NOMINAL,7253,DAYSE AMARILIO,PSB,NAO,1,2026-08-27
2023,NOMINAL,7253,DOUTORA JANE,MDB,NAO,1,2026-08-27
2023,NOMINAL,7253,EDUARDO PEDROSA,UNIÃO,NAO,1,2026-08-27
2023,NOMINAL,7253,FÁBIO FELIX,PSOL,NAO,1,2026-08-27
2023,NOMINAL,7253,GABRIEL MAGNO,PT,NAO,1,2026-08-27
2023,NOMINAL,7253,IOLANDO,MDB,NAO,1,2026-08-27
2023,NOMINAL,7253,JAQUELINE SILVA,MDB,NAO,1,2026-08-27
2023,NOMINAL,7253,JOAQUIM RORIZ NETO,PL,NAO,1,2026-08-27
2023,NOMINAL,7253,JOÃO CARDOSO,AVANTE,NAO,1,2026-08-27
2023,NOMINAL,7253,MARTINS MACHADO,REPUBLICANOS,NAO,1,2026-08-27
2023,NOMINAL,7253,MAX MACIEL,PSOL,NAO,1,2026-08-27
2023,NOMINAL,7253,PASTOR DANIEL DE CASTRO,PP,NAO,1,2026-08-27
2023,NOMINAL,7253,PAULA BELMONTE,CIDADANIA,NAO,1,2026-08-27
2023,NOMINAL,7253,PEPA,PP,NAO,1,2026-08-27
2023,NOMINAL,7253,RICARDO VALE,PT,NAO,1,2026-08-27
2023,NOMINAL,7253,ROBÉRIO NEGREIROS,PSD,NAO,1,2026-08-27
2023,NOMINAL,7253,ROGERIO MORRO DA CRUZ,NÃO INFORMADO,NAO,1,2026-08-27
2023,NOMINAL,7253,ROOSEVELT VILELA,PL,NAO,1,2026-08-27
2023,NOMINAL,7253,THIAGO MANZONI,PL,NAO,1,2026-08-27
2023,NOMINAL,7253,WELLINGTON LUIZ,MDB,NAO,1,2026-08-27
2023,NOMINAL,7253,WELLINGTON LUIZ,MDB,SIM,1,2026-08-27
2023,NOMINAL,7270,CHICO VIGILANTE,PT,SIM,1,2026-08-27
2023,NOMINAL,7270,DAYSE AMARILIO,PSB,SIM,1,2026-08-27
2023,NOMINAL,7270,EDUARDO PEDROSA,UNIÃO,SIM,1,2026-08-27
2023,NOMINAL,7270,FÁBIO FELIX,PSOL,SIM,1,2026-08-27
2023,NOMINAL,7270,GABRIEL MAGNO,PT,SIM,1,2026-08-27
2023,NOMINAL,7270,HERMETO,MDB,SIM,1,2026-08-27
2023,NOMINAL,7270,IOLANDO,MDB,NAO,1,2026-08-27
2023,NOMINAL,7270,JAQUELINE SILVA,MDB,SIM,1,2026-08-27
2023,NOMINAL,7270,JOAQUIM RORIZ NETO,PL,SIM,1,2026-08-27
2023,NOMINAL,7270,JORGE VIANNA,PSD,SIM,1,2026-08-27
2023,NOMINAL,7270,MARTINS MACHADO,REPUBLICANOS,SIM,1,2026-08-27
2023,NOMINAL,7270,MAX MACIEL,PSOL,SIM,1,2026-08-27
2023,NOMINAL,7270,PAULA BELMONTE,CIDADANIA,NAO,1,2026-08-27
2023,NOMINAL,7270,PEPA,PP,SIM,1,2026-08-27
2023,NOMINAL,7270,RICARDO VALE,PT,SIM,1,2026-08-27
2023,NOMINAL,7270,ROBÉRIO NEGREIROS,PSD,SIM,1,2026-08-27
2023,NOMINAL,7270,ROOSEVELT VILELA,PL,SIM,1,2026-08-27
2023,NOMINAL,7270,THIAGO MANZONI,PL,NAO,1,2026-08-27
2023,NOMINAL,7271,CHICO VIGILANTE,PT,SIM,1,2026-08-27
2023,NOMINAL,7271,DAYSE AMARILIO,PSB,SIM,1,2026-08-27
2023,NOMINAL,7271,DOUTORA JANE,MDB,SIM,1,2026-08-27
2023,NOMINAL,7271,EDUARDO PEDROSA,UNIÃO,SIM,1,2026-08-27
2023,NOMINAL,7271,FÁBIO FELIX,PSOL,SIM,1,2026-08-27
2023,NOMINAL,7271,GABRIEL MAGNO,PT,SIM,1,2026-08-27
2023,NOMINAL,7271,HERMETO,MDB,SIM,1,2026-08-27
2023,NOMINAL,7271,IOLANDO,MDB,NAO,1,2026-08-27
2023,NOMINAL,7271,JAQUELINE SILVA,MDB,SIM,1,2026-08-27
2023,NOMINAL,7271,JOAQUIM RORIZ NETO,PL,SIM,1,2026-08-27
2023,NOMINAL,7271,JORGE VIANNA,PSD,SIM,1,2026-08-27
2023,NOMINAL,7271,MARTINS MACHADO,REPUBLICANOS,SIM,1,2026-08-27
2023,NOMINAL,7271,MAX MACIEL,PSOL,SIM,1,2026-08-27
2023,NOMINAL,7271,PASTOR DANIEL DE CASTRO,PP,SIM,1,2026-08-27
2023,NOMINAL,7271,PAULA BELMONTE,CIDADANIA,NAO,1,2026-08-27
2023,NOMINAL,7271,PEPA,PP,SIM,1,2026-08-27
2023,NOMINAL,7271,RICARDO VALE,PT,SIM,1,2026-08-27
2023,NOMINAL,7271,ROBÉRIO NEGREIROS,PSD,SIM,1,2026-08-27
2023,NOMINAL,7271,ROGERIO MORRO DA CRUZ,NÃO INFORMADO,SIM,1,2026-08-27
2023,NOMINAL,7271,ROOSEVELT VILELA,PL,SIM,1,2026-08-27
2023,NOMINAL,7271,THIAGO MANZONI,PL,NAO,1,2026-08-27
2023,NOMINAL,7273,CHICO VIGILANTE,PT,SIM,1,2026-08-27
2023,NOMINAL,7273,DAYSE AMARILIO,PSB,SIM,1,2026-08-27
2023,NOMINAL,7273,DOUTORA JANE,MDB,SIM,1,2026-08-27
2023,NOMINAL,7273,FÁBIO FELIX,PSOL,SIM,1,2026-08-27
2023,NOMINAL,7273,GABRIEL MAGNO,PT,SIM,1,2026-08-27
2023,NOMINAL,7273,HERMETO,MDB,SIM,1,2026-08-27
2023,NOMINAL,7273,IOLANDO,MDB,SIM,1,2026-08-27
2023,NOMINAL,7273,JAQUELINE SILVA,MDB,SIM,1,2026-08-27
2023,NOMINAL,7273,JOAQUIM RORIZ NETO,PL,SIM,1,2026-08-27
2023,NOMINAL,7273,JORGE VIANNA,PSD,SIM,1,2026-08-27
2023,NOMINAL,7273,JOÃO CARDOSO,AVANTE,SIM,1,2026-08-27
2023,NOMINAL,7273,MARTINS MACHADO,REPUBLICANOS,SIM,1,2026-08-27
2023,NOMINAL,7273,MAX MACIEL,PSOL,SIM,1,2026-08-27
2023,NOMINAL,7273,PASTOR DANIEL DE CASTRO,PP,SIM,1,2026-08-27
2023,NOMINAL,7273,PAULA BELMONTE,CIDADANIA,SIM,1,2026-08-27
2023,NOMINAL,7273,PEPA,PP,SIM,1,2026-08-27
2023,NOMINAL,7273,RICARDO VALE,PT,SIM,1,2026-08-27
2023,NOMINAL,7273,ROBÉRIO NEGREIROS,PSD,SIM,1,2026-08-27
2023,NOMINAL,7273,ROGERIO MORRO DA CRUZ,NÃO INFORMADO,SIM,1,2026-08-27
2023,NOMINAL,7273,ROOSEVELT VILELA,PL,SIM,1,2026-08-27
2023,NOMINAL,7273,THIAGO MANZONI,PL,SIM,1,2026-08-27
2023,NOMINAL,7273,WELLINGTON LUIZ,MDB,SIM,1,2026-08-27
2023,NOMINAL,7274,CHICO VIGILANTE,PT,SIM,1,2026-08-27
2023,NOMINAL,7274,DAYSE AMARILIO,PSB,SIM,1,2026-08-27
2023,NOMINAL,7274,DOUTORA JANE,MDB,SIM,1,2026-08-27
2023,NOMINAL,7274,EDUARDO PEDROSA,UNIÃO,SIM,1,2026-08-27
2023,NOMINAL,7274,FÁBIO FELIX,PSOL,SIM,1,2026-08-27
2023,NOMINAL,7274,GABRIEL MAGNO,PT,ABSTENCAO,1,2026-08-27
2023,NOMINAL,7274,HERMETO,MDB,SIM,1,2026-08-27
2023,NOMINAL,7274,IOLANDO,MDB,SIM,1,2026-08-27
2023,NOMINAL,7274,JAQUELINE SILVA,MDB,SIM,1,2026-08-27
2023,NOMINAL,7274,JOAQUIM RORIZ NETO,PL,SIM,1,2026-08-27
2023,NOMINAL,7274,JORGE VIANNA,PSD,SIM,1,2026-08-27
2023,NOMINAL,7274,JOÃO CARDOSO,AVANTE,SIM,1,2026-08-27
2023,NOMINAL,7274,MARTINS MACHADO,REPUBLICANOS,SIM,1,2026-08-27
2023,NOMINAL,7274,MAX MACIEL,PSOL,SIM,1,2026-08-27
2023,NOMINAL,7274,PASTOR DANIEL DE CASTRO,PP,SIM,1,2026-08-27
2023,NOMINAL,7274,PAULA BELMONTE,CIDADANIA,SIM,1,2026-08-27
2023,NOMINAL,7274,PEPA,PP,SIM,1,2026-08-27
2023,NOMINAL,7274,RICARDO VALE,PT,SIM,1,2026-08-27
2023,NOMINAL,7274,ROBÉRIO NEGREIROS,PSD,SIM,1,2026-08-27
2023,NOMINAL,7274,ROGERIO MORRO DA CRUZ,NÃO INFORMADO,SIM,1,2026-08-27
2023,NOMINAL,7274,ROOSEVELT VILELA,PL,SIM,1,2026-08-27
2023,NOMINAL,7274,THIAGO MANZONI,PL,SIM,1,2026-08-27
2023,NOMINAL,7274,WELLINGTON LUIZ,MDB,SIM,1,2026-08-27
2023,NOMINAL,7278,CHICO VIGILANTE,PT,SIM,1,2026-08-27
2023,NOMINAL,7278,DAYSE AMARILIO,PSB,SIM,1,2026-08-27
2023,NOMINAL,7278,DOUTORA JANE,MDB,NAO,1,2026-08-27
2023,NOMINAL,7278,EDUARDO PEDROSA,UNIÃO,NAO,1,2026-08-27
2023,NOMINAL,7278,FÁBIO FELIX,PSOL,SIM,1,2026-08-27
2023,NOMINAL,7278,GABRIEL MAGNO,PT,SIM,1,2026-08-27
2023,NOMINAL,7278,IOLANDO,MDB,NAO,1,2026-08-27
2023,NOMINAL,7278,JAQUELINE SILVA,MDB,NAO,1,2026-08-27
2023,NOMINAL,7278,JOAQUIM RORIZ NETO,PL,NAO,1,2026-08-27
2023,NOMINAL,7278,JORGE VIANNA,PSD,SIM,1,2026-08-27
2023,NOMINAL,7278,MARTINS MACHADO,REPUBLICANOS,NAO,1,2026-08-27
2023,NOMINAL,7278,MAX MACIEL,PSOL,SIM,1,2026-08-27
2023,NOMINAL,7278,PASTOR DANIEL DE CASTRO,PP,NAO,1,2026-08-27
2023,NOMINAL,7278,PAULA BELMONTE,CIDADANIA,SIM,1,2026-08-27
2023,NOMINAL,7278,PEPA,PP,NAO,1,2026-08-27
2023,NOMINAL,7278,RICARDO VALE,PT,SIM,1,2026-08-27
2023,NOMINAL,7278,ROBÉRIO NEGREIROS,PSD,NAO,1,2026-08-27
2023,NOMINAL,7278,ROOSEVELT VILELA,PL,NAO,1,2026-08-27
2023,NOMINAL,7278,THIAGO MANZONI,PL,NAO,1,2026-08-27
2023,NOMINAL,7305,CHICO VIGILANTE,PT,SIM,1,2026-08-27
2023,NOMINAL,7305,DAYSE AMARILIO,PSB,SIM,1,2026-08-27
2023,NOMINAL,7305,DOUTORA JANE,MDB,SIM,1,2026-08-27
2023,NOMINAL,7305,EDUARDO PEDROSA,UNIÃO,SIM,1,2026-08-27
2023,NOMINAL,7305,FÁBIO FELIX,PSOL,SIM,1,2026-08-27
2023,NOMINAL,7305,GABRIEL MAGNO,PT,SIM,1,2026-08-27
2023,NOMINAL,7305,HERMETO,MDB,SIM,1,2026-08-27
2023,NOMINAL,7305,IOLANDO,MDB,NAO,1,2026-08-27
2023,NOMINAL,7305,JAQUELINE SILVA,MDB,SIM,1,2026-08-27
2023,NOMINAL,7305,JOAQUIM RORIZ NETO,PL,SIM,1,2026-08-27
2023,NOMINAL,7305,JORGE VIANNA,PSD,SIM,1,2026-08-27
2023,NOMINAL,7305,MARTINS MACHADO,REPUBLICANOS,SIM,1,2026-08-27
2023,NOMINAL,7305,MAX MACIEL,PSOL,SIM,1,2026-08-27
2023,NOMINAL,7305,PAULA BELMONTE,CIDADANIA,NAO,1,2026-08-27
2023,NOMINAL,7305,PEPA,PP,SIM,1,2026-08-27
2023,NOMINAL,7305,RICARDO VALE,PT,SIM,1,2026-08-27
2023,NOMINAL,7305,ROBÉRIO NEGREIROS,PSD,SIM,1,2026-08-27
2023,NOMINAL,7305,ROGERIO MORRO DA CRUZ,NÃO INFORMADO,SIM,1,2026-08-27
2023,NOMINAL,7305,ROOSEVELT VILELA,PL,NAO,1,2026-08-27
2023,NOMINAL,7305,THIAGO MANZONI,PL,NAO,1,2026-08-27
2023,NOMINAL,7385,CHICO VIGILANTE,PT,SIM,1,2026-08-27
2023,NOMINAL,7385,DANIEL DONIZET,PL,SIM,1,2026-08-27
2023,NOMINAL,7385,DAYSE AMARILIO,PSB,SIM,1,2026-08-27
2023,NOMINAL,7385,DOUTORA JANE,MDB,SIM,1,2026-08-27
2023,NOMINAL,7385,EDUARDO PEDROSA,UNIÃO,SIM,1,2026-08-27
2023,NOMINAL,7385,GABRIEL MAGNO,PT,SIM,1,2026-08-27
2023,NOMINAL,7385,HERMETO,MDB,SIM,1,2026-08-27
2023,NOMINAL,7385,IOLANDO,MDB,NAO,1,2026-08-27
2023,NOMINAL,7385,JAQUELINE SILVA,MDB,SIM,1,2026-08-27
2023,NOMINAL,7385,JOAQUIM RORIZ NETO,PL,NAO,1,2026-08-27
2023,NOMINAL,7385,JOÃO CARDOSO,AVANTE,SIM,1,2026-08-27
2023,NOMINAL,7385,MARTINS MACHADO,REPUBLICANOS,SIM,1,2026-08-27
2023,NOMINAL,7385,MAX MACIEL,PSOL,SIM,1,2026-08-27
2023,NOMINAL,7385,PASTOR DANIEL DE CASTRO,PP,NAO,1,2026-08-27
2023,NOMINAL,7385,PAULA BELMONTE,CIDADANIA,NAO,1,2026-08-27
2023,NOMINAL,7385,PEPA,PP,NAO,1,2026-08-27
2023,NOMINAL,7385,RICARDO VALE,PT,SIM,1,2026-08-27
2023,NOMINAL,7385,ROBÉRIO NEGREIROS,PSD,SIM,1,2026-08-27
2023,NOMINAL,7385,THIAGO MANZONI,PL,NAO,1,2026-08-27
2023,NOMINAL,7385,WELLINGTON LUIZ,MDB,SIM,1,2026-08-27
2023,NOMINAL,7387,CHICO VIGILANTE,PT,SIM,1,2026-08-27
2023,NOMINAL,7387,DANIEL DONIZET,PL,SIM,1,2026-08-27
2023,NOMINAL,7387,DAYSE AMARILIO,PSB,SIM,1,2026-08-27
2023,NOMINAL,7387,DOUTORA JANE,MDB,SIM,1,2026-08-27
2023,NOMINAL,7387,GABRIEL MAGNO,PT,SIM,1,2026-08-27
2023,NOMINAL,7387,HERMETO,MDB,SIM,1,2026-08-27
2023,NOMINAL,7387,IOLANDO,MDB,NAO,1,2026-08-27
2023,NOMINAL,7387,JAQUELINE SILVA,MDB,SIM,1,2026-08-27
2023,NOMINAL,7387,JOAQUIM RORIZ NETO,PL,NAO,1,2026-08-27
2023,NOMINAL,7387,JOÃO CARDOSO,AVANTE,SIM,1,2026-08-27
2023,NOMINAL,7387,MARTINS MACHADO,REPUBLICANOS,SIM,1,2026-08-27
2023,NOMINAL,7387,PAULA BELMONTE,CIDADANIA,NAO,1,2026-08-27
2023,NOMINAL,7387,PEPA,PP,NAO,1,2026-08-27
2023,NOMINAL,7387,RICARDO VALE,PT,SIM,1,2026-08-27
2023,NOMINAL,7387,ROBÉRIO NEGREIROS,PSD,SIM,1,2026-08-27
2023,NOMINAL,7387,THIAGO MANZONI,PL,NAO,1,2026-08-27
2023,NOMINAL,7387,WELLINGTON LUIZ,MDB,SIM,1,2026-08-27
2023,NOMINAL,7388,CHICO VIGILANTE,PT,SIM,1,2026-08-27
2023,NOMINAL,7388,DAYSE AMARILIO,PSB,SIM,1,2026-08-27
2023,NOMINAL,7388,HERMETO,MDB,SIM,1,2026-08-27
2023,NOMINAL,7388,IOLANDO,MDB,SIM,1,2026-08-27
2023,NOMINAL,7388,JAQUELINE SILVA,MDB,SIM,1,2026-08-27
2023,NOMINAL,7388,JOAQUIM RORIZ NETO,PL,SIM,1,2026-08-27
2023,NOMINAL,7388,JORGE VIANNA,PSD,SIM,1,2026-08-27
2023,NOMINAL,7388,JOÃO CARDOSO,AVANTE,SIM,1,2026-08-27
2023,NOMINAL,7388,MAX MACIEL,PSOL,SIM,1,2026-08-27
2023,NOMINAL,7388,PASTOR DANIEL DE CASTRO,PP,SIM,1,2026-08-27
2023,NOMINAL,7388,PAULA BELMONTE,CIDADANIA,SIM,1,2026-08-27
2023,NOMINAL,7388,PEPA,PP,SIM,1,2026-08-27
2023,NOMINAL,7388,ROBÉRIO NEGREIROS,PSD,SIM,1,2026-08-27
2023,NOMINAL,7388,THIAGO MANZONI,PL,SIM,1,2026-08-27
2023,NOMINAL,7388,WELLINGTON LUIZ,MDB,SIM,1,2026-08-27
2023,NOMINAL,7395,CHICO VIGILANTE,PT,SIM,1,2026-08-27
2023,NOMINAL,7395,DAYSE AMARILIO,PSB,NAO,1,2026-08-27
2023,NOMINAL,7395,EDUARDO PEDROSA,UNIÃO,SIM,1,2026-08-27
2023,NOMINAL,7395,GABRIEL MAGNO,PT,NAO,1,2026-08-27
2023,NOMINAL,7395,HERMETO,MDB,SIM,1,2026-08-27
2023,NOMINAL,7395,IOLANDO,MDB,SIM,1,2026-08-27
2023,NOMINAL,7395,JAQUELINE SILVA,MDB,SIM,1,2026-08-27
2023,NOMINAL,7395,JOAQUIM RORIZ NETO,PL,SIM,1,2026-08-27
2023,NOMINAL,7395,JOÃO CARDOSO,AVANTE,SIM,1,2026-08-27
2023,NOMINAL,7395,MARTINS MACHADO,REPUBLICANOS,SIM,1,2026-08-27
2023,NOMINAL,7395,MAX MACIEL,PSOL,NAO,1,2026-08-27
2023,NOMINAL,7395,PASTOR DANIEL DE CASTRO,PP,SIM,1,2026-08-27
2023,NOMINAL,7395,PAULA BELMONTE,CIDADANIA,SIM,1,2026-08-27
2023,NOMINAL,7395,PEPA,PP,NAO,1,2026-08-27
2023,NOMINAL,7395,RICARDO VALE,PT,NAO,1,2026-08-27
2023,NOMINAL,7395,ROBÉRIO NEGREIROS,PSD,SIM,1,2026-08-27
2023,NOMINAL,7395,ROOSEVELT VILELA,PL,SIM,1,2026-08-27
2023,NOMINAL,7395,THIAGO MANZONI,PL,SIM,1,2026-08-27
2023,NOMINAL,7395,WELLINGTON LUIZ,MDB,SIM,1,2026-08-27
2023,NOMINAL,7400,CHICO VIGILANTE,PT,NAO,1,2026-08-27
2023,NOMINAL,7400,DANIEL DONIZET,PL,SIM,1,2026-08-27
2023,NOMINAL,7400,DAYSE AMARILIO,PSB,NAO,1,2026-08-27
2023,NOMINAL,7400,DOUTORA JANE,MDB,SIM,1,2026-08-27
2023,NOMINAL,7400,FÁBIO FELIX,PSOL,NAO,1,2026-08-27
2023,NOMINAL,7400,GABRIEL MAGNO,PT,NAO,1,2026-08-27
2023,NOMINAL,7400,HERMETO,MDB,SIM,1,2026-08-27
2023,NOMINAL,7400,IOLANDO,MDB,SIM,1,2026-08-27
2023,NOMINAL,7400,JAQUELINE SILVA,MDB,SIM,1,2026-08-27
2023,NOMINAL,7400,JOAQUIM RORIZ NETO,PL,SIM,1,2026-08-27
2023,NOMINAL,7400,JOÃO CARDOSO,AVANTE,SIM,1,2026-08-27
2023,NOMINAL,7400,MARTINS MACHADO,REPUBLICANOS,SIM,1,2026-08-27
2023,NOMINAL,7400,MAX MACIEL,PSOL,NAO,1,2026-08-27
2023,NOMINAL,7400,PASTOR DANIEL DE CASTRO,PP,SIM,1,2026-08-27
2023,NOMINAL,7400,PAULA BELMONTE,CIDADANIA,NAO,1,2026-08-27
2023,NOMINAL,7400,PEPA,PP,SIM,1,2026-08-27
2023,NOMINAL,7400,RICARDO VALE,PT,NAO,1,2026-08-27
2023,NOMINAL,7400,ROBÉRIO NEGREIROS,PSD,SIM,1,2026-08-27
2023,NOMINAL,7400,ROGERIO MORRO DA CRUZ,NÃO INFORMADO,SIM,1,2026-08-27
2023,NOMINAL,7400,ROOSEVELT VILELA,PL,SIM,1,2026-08-27
2023,NOMINAL,7400,THIAGO MANZONI,PL,SIM,1,2026-08-27
2023,NOMINAL,7400,WELLINGTON LUIZ,MDB,SIM,1,2026-08-27
2023,NOMINAL,7414,CHICO VIGILANTE,PT,NAO,1,2026-08-27
2023,NOMINAL,7414,DANIEL DONIZET,PL,SIM,1,2026-08-27
2023,NOMINAL,7414,DAYSE AMARILIO,PSB,ABSTENCAO,1,2026-08-27
2023,NOMINAL,7414,DOUTORA JANE,MDB,SIM,1,2026-08-27
2023,NOMINAL,7414,FÁBIO FELIX,PSOL,NAO,1,2026-08-27
2023,NOMINAL,7414,GABRIEL MAGNO,PT,NAO,1,2026-08-27
2023,NOMINAL,7414,HERMETO,MDB,SIM,1,2026-08-27
2023,NOMINAL,7414,IOLANDO,MDB,SIM,1,2026-08-27
2023,NOMINAL,7414,JAQUELINE SILVA,MDB,SIM,1,2026-08-27
2023,NOMINAL,7414,JOAQUIM RORIZ NETO,PL,SIM,1,2026-08-27
2023,NOMINAL,7414,JOÃO CARDOSO,AVANTE,SIM,1,2026-08-27
2023,NOMINAL,7414,MARTINS MACHADO,REPUBLICANOS,SIM,1,2026-08-27
2023,NOMINAL,7414,PASTOR DANIEL DE CASTRO,PP,SIM,1,2026-08-27
2023,NOMINAL,7414,PAULA BELMONTE,CIDADANIA,SIM,1,2026-08-27
2023,NOMINAL,7414,PEPA,PP,SIM,1,2026-08-27
2023,NOMINAL,7414,RICARDO VALE,PT,NAO,1,2026-08-27
2023,NOMINAL,7414,ROBÉRIO NEGREIROS,PSD,SIM,1,2026-08-27
2023,NOMINAL,7414,ROGERIO MORRO DA CRUZ,NÃO INFORMADO,SIM,1,2026-08-27
2023,NOMINAL,7414,THIAGO MANZONI,PL,SIM,1,2026-08-27
2023,NOMINAL,7414,WELLINGTON LUIZ,MDB,SIM,1,2026-08-27
2023,NOMINAL,7415,CHICO VIGILANTE,PT,SIM,1,2026-08-27
2023,NOMINAL,7415,DANIEL DONIZET,PL,SIM,1,2026-08-27
2023,NOMINAL,7415,DOUTORA JANE,MDB,SIM,1,2026-08-27
2023,NOMINAL,7415,FÁBIO FELIX,PSOL,NAO,1,2026-08-27
2023,NOMINAL,7415,GABRIEL MAGNO,PT,NAO,1,2026-08-27
2023,NOMINAL,7415,HERMETO,MDB,SIM,1,2026-08-27
2023,NOMINAL,7415,IOLANDO,MDB,SIM,1,2026-08-27
2023,NOMINAL,7415,JAQUELINE SILVA,MDB,SIM,1,2026-08-27
2023,NOMINAL,7415,JOAQUIM RORIZ NETO,PL,SIM,1,2026-08-27
2023,NOMINAL,7415,JOÃO CARDOSO,AVANTE,SIM,1,2026-08-27
2023,NOMINAL,7415,MARTINS MACHADO,REPUBLICANOS,SIM,1,2026-08-27
2023,NOMINAL,7415,MAX MACIEL,PSOL,NAO,1,2026-08-27
2023,NOMINAL,7415,PASTOR DANIEL DE CASTRO,PP,SIM,1,2026-08-27
2023,NOMINAL,7415,PAULA BELMONTE,CIDADANIA,SIM,1,2026-08-27
2023,NOMINAL,7415,RICARDO VALE,PT,NAO,1,2026-08-27
2023,NOMINAL,7415,ROBÉRIO NEGREIROS,PSD,SIM,1,2026-08-27
2023,NOMINAL,7415,ROGERIO MORRO DA CRUZ,NÃO INFORMADO,SIM,1,2026-08-27
2023,NOMINAL,7415,ROOSEVELT VILELA,PL,SIM,1,2026-08-27
2023,NOMINAL,7415,THIAGO MANZONI,PL,SIM,1,2026-08-27
2023,NOMINAL,7415,WELLINGTON LUIZ,MDB,SIM,1,2026-08-27
2023,NOMINAL,7419,CHICO VIGILANTE,PT,NAO,1,2026-08-27
2023,NOMINAL,7419,DAYSE AMARILIO,PSB,NAO,1,2026-08-27
2023,NOMINAL,7419,DOUTORA JANE,MDB,SIM,1,2026-08-27
2023,NOMINAL,7419,EDUARDO PEDROSA,UNIÃO,SIM,1,2026-08-27
2023,NOMINAL,7419,GABRIEL MAGNO,PT,NAO,1,2026-08-27
2023,NOMINAL,7419,HERMETO,MDB,SIM,1,2026-08-27
2023,NOMINAL,7419,IOLANDO,MDB,SIM,1,2026-08-27
2023,NOMINAL,7419,JAQUELINE SILVA,MDB,SIM,1,2026-08-27
2023,NOMINAL,7419,JOÃO CARDOSO,AVANTE,SIM,1,2026-08-27
2023,NOMINAL,7419,MARTINS MACHADO,REPUBLICANOS,SIM,1,2026-08-27
2023,NOMINAL,7419,MAX MACIEL,PSOL,NAO,1,2026-08-27
2023,NOMINAL,7419,PASTOR DANIEL DE CASTRO,PP,SIM,1,2026-08-27
2023,NOMINAL,7419,PAULA BELMONTE,CIDADANIA,SIM,1,2026-08-27
2023,NOMINAL,7419,PEPA,PP,SIM,1,2026-08-27
2023,NOMINAL,7419,RICARDO VALE,PT,NAO,1,2026-08-27
2023,NOMINAL,7419,ROBÉRIO NEGREIROS,PSD,SIM,1,2026-08-27
2023,NOMINAL,7419,ROOSEVELT VILELA,PL,SIM,1,2026-08-27
2023,NOMINAL,7419,THIAGO MANZONI,PL,SIM,1,2026-08-27
2023,NOMINAL,7419,WELLINGTON LUIZ,MDB,SIM,1,2026-08-27
2023,NOMINAL,7440,CHICO VIGILANTE,PT,SIM,1,2026-08-27
2023,NOMINAL,7440,DANIEL DONIZET,PL,SIM,1,2026-08-27
2023,NOMINAL,7440,DAYSE AMARILIO,PSB,SIM,1,2026-08-27
2023,NOMINAL,7440,DOUTORA JANE,MDB,SIM,1,2026-08-27
2023,NOMINAL,7440,FÁBIO FELIX,PSOL,ABSTENCAO,1,2026-08-27
2023,NOMINAL,7440,GABRIEL MAGNO,PT,SIM,1,2026-08-27
2023,NOMINAL,7440,HERMETO,MDB,SIM,1,2026-08-27
2023,NOMINAL,7440,IOLANDO,MDB,SIM,1,2026-08-27
2023,NOMINAL,7440,JAQUELINE SILVA,MDB,SIM,1,2026-08-27
2023,NOMINAL,7440,JOAQUIM RORIZ NETO,PL,SIM,1,2026-08-27
2023,NOMINAL,7440,JORGE VIANNA,PSD,SIM,1,2026-08-27
2023,NOMINAL,7440,JOÃO CARDOSO,AVANTE,SIM,1,2026-08-27
2023,NOMINAL,7440,MARTINS MACHADO,REPUBLICANOS,SIM,1,2026-08-27
2023,NOMINAL,7440,MAX MACIEL,PSOL,SIM,1,2026-08-27
2023,NOMINAL,7440,PASTOR DANIEL DE CASTRO,PP,SIM,1,2026-08-27
2023,NOMINAL,7440,PAULA BELMONTE,CIDADANIA,SIM,1,2026-08-27
2023,NOMINAL,7440,PEPA,PP,SIM,1,2026-08-27
2023,NOMINAL,7440,RICARDO VALE,PT,SIM,1,2026-08-27
2023,NOMINAL,7440,ROBÉRIO NEGREIROS,PSD,SIM,1,2026-08-27
2023,NOMINAL,7440,ROGERIO MORRO DA CRUZ,NÃO INFORMADO,SIM,1,2026-08-27
2023,NOMINAL,7440,ROOSEVELT VILELA,PL,SIM,1,2026-08-27
2023,NOMINAL,7440,THIAGO MANZONI,PL,SIM,1,2026-08-27
2023,NOMINAL,7440,WELLINGTON LUIZ,MDB,SIM,1,2026-08-27
2023,NOMINAL,7441,CHICO VIGILANTE,PT,SIM,1,2026-08-27
2023,NOMINAL,7441,DANIEL DONIZET,PL,SIM,1,2026-08-27
2023,NOMINAL,7441,DAYSE AMARILIO,PSB,SIM,1,2026-08-27
2023,NOMINAL,7441,DOUTORA JANE,MDB,SIM,1,2026-08-27
2023,NOMINAL,7441,FÁBIO FELIX,PSOL,ABSTENCAO,1,2026-08-27
2023,NOMINAL,7441,GABRIEL MAGNO,PT,SIM,1,2026-08-27
2023,NOMINAL,7441,HERMETO,MDB,SIM,1,2026-08-27
2023,NOMINAL,7441,IOLANDO,MDB,SIM,1,2026-08-27
2023,NOMINAL,7441,JAQUELINE SILVA,MDB,SIM,1,2026-08-27
2023,NOMINAL,7441,JOAQUIM RORIZ NETO,PL,SIM,1,2026-08-27
2023,NOMINAL,7441,JORGE VIANNA,PSD,SIM,1,2026-08-27
2023,NOMINAL,7441,JOÃO CARDOSO,AVANTE,SIM,1,2026-08-27
2023,NOMINAL,7441,MARTINS MACHADO,REPUBLICANOS,SIM,1,2026-08-27
2023,NOMINAL,7441,MAX MACIEL,PSOL,SIM,1,2026-08-27
2023,NOMINAL,7441,PASTOR DANIEL DE CASTRO,PP,SIM,1,2026-08-27
2023,NOMINAL,7441,PAULA BELMONTE,CIDADANIA,SIM,1,2026-08-27
2023,NOMINAL,7441,PEPA,PP,SIM,1,2026-08-27
2023,NOMINAL,7441,RICARDO VALE,PT,SIM,1,2026-08-27
2023,NOMINAL,7441,ROBÉRIO NEGREIROS,PSD,SIM,1,2026-08-27
2023,NOMINAL,7441,ROGERIO MORRO DA CRUZ,NÃO INFORMADO,SIM,1,2026-08-27
2023,NOMINAL,7441,ROOSEVELT VILELA,PL,SIM,1,2026-08-27
2023,NOMINAL,7441,THIAGO MANZONI,PL,SIM,1,2026-08-27
2023,NOMINAL,7441,WELLINGTON LUIZ,MDB,SIM,1,2026-08-27
2023,NOMINAL,7450,CHICO VIGILANTE,PT,NAO,1,2026-08-27
2023,NOMINAL,7450,DANIEL DONIZET,PL,SIM,1,2026-08-27
2023,NOMINAL,7450,DAYSE AMARILIO,PSB,NAO,1,2026-08-27
2023,NOMINAL,7450,DOUTORA JANE,MDB,SIM,1,2026-08-27
2023,NOMINAL,7450,FÁBIO FELIX,PSOL,NAO,1,2026-08-27
2023,NOMINAL,7450,GABRIEL MAGNO,PT,NAO,1,2026-08-27
2023,NOMINAL,7450,HERMETO,MDB,SIM,1,2026-08-27
2023,NOMINAL,7450,IOLANDO,MDB,SIM,1,2026-08-27
2023,NOMINAL,7450,JAQUELINE SILVA,MDB,SIM,1,2026-08-27
2023,NOMINAL,7450,JOAQUIM RORIZ NETO,PL,SIM,1,2026-08-27
2023,NOMINAL,7450,JORGE VIANNA,PSD,SIM,1,2026-08-27
2023,NOMINAL,7450,JOÃO CARDOSO,AVANTE,SIM,1,2026-08-27
2023,NOMINAL,7450,MARTINS MACHADO,REPUBLICANOS,SIM,1,2026-08-27
2023,NOMINAL,7450,MAX MACIEL,PSOL,NAO,1,2026-08-27
2023,NOMINAL,7450,PASTOR DANIEL DE CASTRO,PP,SIM,1,2026-08-27
2023,NOMINAL,7450,PEPA,PP,SIM,1,2026-08-27
2023,NOMINAL,7450,RICARDO VALE,PT,NAO,1,2026-08-27
2023,NOMINAL,7450,ROBÉRIO NEGREIROS,PSD,SIM,1,2026-08-27
2023,NOMINAL,7450,ROGERIO MORRO DA CRUZ,NÃO INFORMADO,SIM,1,2026-08-27
2023,NOMINAL,7450,ROOSEVELT VILELA,PL,SIM,1,2026-08-27
2023,NOMINAL,7450,THIAGO MANZONI,PL,ABSTENCAO,1,2026-08-27
2023,NOMINAL,7450,WELLINGTON LUIZ,MDB,SIM,1,2026-08-27
2023,NOMINAL,7455,CHICO VIGILANTE,PT,SIM,1,2026-08-27
2023,NOMINAL,7455,DAYSE AMARILIO,PSB,SIM,1,2026-08-27
2023,NOMINAL,7455,DOUTORA JANE,MDB,SIM,1,2026-08-27
2023,NOMINAL,7455,FÁBIO FELIX,PSOL,SIM,1,2026-08-27
2023,NOMINAL,7455,GABRIEL MAGNO,PT,SIM,1,2026-08-27
2023,NOMINAL,7455,JAQUELINE SILVA,MDB,SIM,1,2026-08-27
2023,NOMINAL,7455,JOAQUIM RORIZ NETO,PL,SIM,1,2026-08-27
2023,NOMINAL,7455,JORGE VIANNA,PSD,SIM,1,2026-08-27
2023,NOMINAL,7455,JOÃO CARDOSO,AVANTE,SIM,1,2026-08-27
2023,NOMINAL,7455,MARTINS MACHADO,REPUBLICANOS,SIM,1,2026-08-27
2023,NOMINAL,7455,MAX MACIEL,PSOL,SIM,1,2026-08-27
2023,NOMINAL,7455,PASTOR DANIEL DE CASTRO,PP,SIM,1,2026-08-27
2023,NOMINAL,7455,RICARDO VALE,PT,SIM,1,2026-08-27
2023,NOMINAL,7455,ROGERIO MORRO DA CRUZ,NÃO INFORMADO,SIM,1,2026-08-27
2023,NOMINAL,7455,ROOSEVELT VILELA,PL,SIM,1,2026-08-27
2023,NOMINAL,7455,THIAGO MANZONI,PL,SIM,1,2026-08-27
2023,NOMINAL,7455,WELLINGTON LUIZ,MDB,SIM,1,2026-08-27
2023,NOMINAL,7457,CHICO VIGILANTE,PT,SIM,1,2026-08-27
2023,NOMINAL,7457,DANIEL DONIZET,PL,SIM,1,2026-08-27
2023,NOMINAL,7457,DAYSE AMARILIO,PSB,SIM,1,2026-08-27
2023,NOMINAL,7457,DOUTORA JANE,MDB,SIM,1,2026-08-27
2023,NOMINAL,7457,GABRIEL MAGNO,PT,SIM,1,2026-08-27
2023,NOMINAL,7457,HERMETO,MDB,SIM,1,2026-08-27
2023,NOMINAL,7457,IOLANDO,MDB,SIM,1,2026-08-27
2023,NOMINAL,7457,JAQUELINE SILVA,MDB,SIM,1,2026-08-27
2023,NOMINAL,7457,JOAQUIM RORIZ NETO,PL,SIM,1,2026-08-27
2023,NOMINAL,7457,JOÃO CARDOSO,AVANTE,SIM,1,2026-08-27
2023,NOMINAL,7457,MARTINS MACHADO,REPUBLICANOS,SIM,1,2026-08-27
2023,NOMINAL,7457,PASTOR DANIEL DE CASTRO,PP,SIM,1,2026-08-27
2023,NOMINAL,7457,PAULA BELMONTE,CIDADANIA,SIM,1,2026-08-27
2023,NOMINAL,7457,PEPA,PP,SIM,1,2026-08-27
2023,NOMINAL,7457,RICARDO VALE,PT,SIM,1,2026-08-27
2023,NOMINAL,7457,ROBÉRIO NEGREIROS,PSD,SIM,1,2026-08-27
2023,NOMINAL,7457,THIAGO MANZONI,PL,SIM,1,2026-08-27
2023,NOMINAL,7457,WELLINGTON LUIZ,MDB,SIM,1,2026-08-27
2023,NOMINAL,7460,CHICO VIGILANTE,PT,SIM,1,2026-08-27
2023,NOMINAL,7460,DANIEL DONIZET,PL,SIM,1,2026-08-27
2023,NOMINAL,7460,DAYSE AMARILIO,PSB,SIM,1,2026-08-27
2023,NOMINAL,7460,EDUARDO PEDROSA,UNIÃO,SIM,1,2026-08-27
2023,NOMINAL,7460,GABRIEL MAGNO,PT,SIM,1,2026-08-27
2023,NOMINAL,7460,HERMETO,MDB,SIM,1,2026-08-27
2023,NOMINAL,7460,IOLANDO,MDB,SIM,1,2026-08-27
2023,NOMINAL,7460,JAQUELINE SILVA,MDB,SIM,1,2026-08-27
2023,NOMINAL,7460,JOÃO CARDOSO,AVANTE,SIM,1,2026-08-27
2023,NOMINAL,7460,MARTINS MACHADO,REPUBLICANOS,SIM,1,2026-08-27
2023,NOMINAL,7460,MAX MACIEL,PSOL,SIM,1,2026-08-27
2023,NOMINAL,7460,PASTOR DANIEL DE CASTRO,PP,SIM,1,2026-08-27
2023,NOMINAL,7460,PAULA BELMONTE,CIDADANIA,SIM,1,2026-08-27
2023,NOMINAL,7460,PEPA,PP,SIM,1,2026-08-27
2023,NOMINAL,7460,RICARDO VALE,PT,SIM,1,2026-08-27
2023,NOMINAL,7460,ROBÉRIO NEGREIROS,PSD,ABSTENCAO,1,2026-08-27
2023,NOMINAL,7460,ROOSEVELT VILELA,PL,SIM,1,2026-08-27
2023,NOMINAL,7460,WELLINGTON LUIZ,MDB,SIM,1,2026-08-27
2023,NOMINAL,7470,CHICO VIGILANTE,PT,SIM,1,2026-08-27
2023,NOMINAL,7470,DANIEL DONIZET,MDB,SIM,1,2026-08-27
2023,NOMINAL,7470,DAYSE AMARILIO,PSB,SIM,1,2026-08-27
2023,NOMINAL,7470,DOUTORA JANE,MDB,SIM,1,2026-08-27
2023,NOMINAL,7470,EDUARDO PEDROSA,UNIÃO,SIM,1,2026-08-27
2023,NOMINAL,7470,FÁBIO FELIX,PSOL,SIM,1,2026-08-27
2023,NOMINAL,7470,GABRIEL MAGNO,PT,SIM,1,2026-08-27
2023,NOMINAL,7470,HERMETO,MDB,SIM,1,2026-08-27
2023,NOMINAL,7470,IOLANDO,MDB,SIM,1,2026-08-27
2023,NOMINAL,7470,JAQUELINE SILVA,MDB,SIM,1,2026-08-27
2023,NOMINAL,7470,JOAQUIM RORIZ NETO,PL,SIM,1,2026-08-27
2023,NOMINAL,7470,JORGE VIANNA,PSD,SIM,1,2026-08-27
2023,NOMINAL,7470,MARTINS MACHADO,REPUBLICANOS,SIM,1,2026-08-27
2023,NOMINAL,7470,MAX MACIEL,PSOL,SIM,1,2026-08-27
2023,NOMINAL,7470,PASTOR DANIEL DE CASTRO,PP,SIM,1,2026-08-27
2023,NOMINAL,7470,PEPA,PP,SIM,1,2026-08-27
2023,NOMINAL,7470,RICARDO VALE,PT,SIM,1,2026-08-27
2023,NOMINAL,7470,ROBÉRIO NEGREIROS,PSD,SIM,1,2026-08-27
2023,NOMINAL,7470,ROGERIO MORRO DA CRUZ,NÃO INFORMADO,SIM,1,2026-08-27
2023,NOMINAL,7470,ROOSEVELT VILELA,PL,SIM,1,2026-08-27
2023,NOMINAL,7470,THIAGO MANZONI,PL,SIM,1,2026-08-27
2023,NOMINAL,7470,WELLINGTON LUIZ,MDB,SIM,1,2026-08-27
2023,NOMINAL,7471,CHICO VIGILANTE,PT,SIM,1,2026-08-27
2023,NOMINAL,7471,DANIEL DONIZET,MDB,SIM,1,2026-08-27
2023,NOMINAL,7471,DAYSE AMARILIO,PSB,SIM,1,2026-08-27
2023,NOMINAL,7471,DOUTORA JANE,MDB,SIM,1,2026-08-27
2023,NOMINAL,7471,EDUARDO PEDROSA,UNIÃO,SIM,1,2026-08-27
2023,NOMINAL,7471,FÁBIO FELIX,PSOL,SIM,1,2026-08-27
2023,NOMINAL,7471,GABRIEL MAGNO,PT,SIM,1,2026-08-27
2023,NOMINAL,7471,HERMETO,MDB,SIM,1,2026-08-27
2023,NOMINAL,7471,IOLANDO,MDB,SIM,1,2026-08-27
2023,NOMINAL,7471,JAQUELINE SILVA,MDB,SIM,1,2026-08-27
2023,NOMINAL,7471,JOAQUIM RORIZ NETO,PL,SIM,1,2026-08-27
2023,NOMINAL,7471,MARTINS MACHADO,REPUBLICANOS,SIM,1,2026-08-27
2023,NOMINAL,7471,MAX MACIEL,PSOL,SIM,1,2026-08-27
2023,NOMINAL,7471,PASTOR DANIEL DE CASTRO,PP,SIM,1,2026-08-27
2023,NOMINAL,7471,PEPA,PP,SIM,1,2026-08-27
2023,NOMINAL,7471,RICARDO VALE,PT,SIM,1,2026-08-27
2023,NOMINAL,7471,ROBÉRIO NEGREIROS,PSD,SIM,1,2026-08-27
2023,NOMINAL,7471,ROGERIO MORRO DA CRUZ,NÃO INFORMADO,SIM,1,2026-08-27
2023,NOMINAL,7471,ROOSEVELT VILELA,PL,SIM,1,2026-08-27
2023,NOMINAL,7471,THIAGO MANZONI,PL,SIM,1,2026-08-27
2023,NOMINAL,7471,WELLINGTON LUIZ,MDB,SIM,1,2026-08-27
2023,NOMINAL,7478,CHICO VIGILANTE,PT,NAO,1,2026-08-27
2023,NOMINAL,7478,CHICO VIGILANTE,PT,SIM,1,2026-08-27
2023,NOMINAL,7478,DANIEL DONIZET,PL,NAO,1,2026-08-27
2023,NOMINAL,7478,DAYSE AMARILIO,PSB,SIM,1,2026-08-27
2023,NOMINAL,7478,DOUTORA JANE,MDB,NAO,1,2026-08-27
2023,NOMINAL,7478,FÁBIO FELIX,PSOL,SIM,1,2026-08-27
2023,NOMINAL,7478,GABRIEL MAGNO,PT,SIM,1,2026-08-27
2023,NOMINAL,7478,HERMETO,MDB,NAO,1,2026-08-27
2023,NOMINAL,7478,IOLANDO,MDB,NAO,1,2026-08-27
2023,NOMINAL,7478,JAQUELINE SILVA,MDB,NAO,1,2026-08-27
2023,NOMINAL,7478,JOAQUIM RORIZ NETO,PL,NAO,1,2026-08-27
2023,NOMINAL,7478,JOÃO CARDOSO,AVANTE,NAO,1,2026-08-27
2023,NOMINAL,7478,MARTINS MACHADO,REPUBLICANOS,NAO,1,2026-08-27
2023,NOMINAL,7478,PASTOR DANIEL DE CASTRO,PP,NAO,1,2026-08-27
2023,NOMINAL,7478,PAULA BELMONTE,CIDADANIA,NAO,1,2026-08-27
2023,NOMINAL,7478,PEPA,PP,NAO,1,2026-08-27
2023,NOMINAL,7478,RICARDO VALE,PT,SIM,1,2026-08-27
2023,NOMINAL,7478,ROBÉRIO NEGREIROS,PSD,NAO,1,2026-08-27
2023,NOMINAL,7478,ROGERIO MORRO DA CRUZ,NÃO INFORMADO,NAO,1,2026-08-27
2023,NOMINAL,7478,ROOSEVELT VILELA,PL,NAO,1,2026-08-27
2023,NOMINAL,7478,THIAGO MANZONI,PL,NAO,1,2026-08-27
2023,NOMINAL,7478,WELLINGTON LUIZ,MDB,NAO,1,2026-08-27
2023,NOMINAL,7481,CHICO VIGILANTE,PT,NAO,1,2026-08-27
2023,NOMINAL,7481,DANIEL DONIZET,PL,NAO,1,2026-08-27
2023,NOMINAL,7481,DAYSE AMARILIO,PSB,NAO,1,2026-08-27
2023,NOMINAL,7481,DOUTORA JANE,MDB,NAO,1,2026-08-27
2023,NOMINAL,7481,FÁBIO FELIX,PSOL,NAO,1,2026-08-27
2023,NOMINAL,7481,GABRIEL MAGNO,PT,NAO,1,2026-08-27
2023,NOMINAL,7481,HERMETO,MDB,NAO,1,2026-08-27
2023,NOMINAL,7481,IOLANDO,MDB,NAO,1,2026-08-27
2023,NOMINAL,7481,JAQUELINE SILVA,MDB,NAO,1,2026-08-27
2023,NOMINAL,7481,JOAQUIM RORIZ NETO,PL,ABSTENCAO,1,2026-08-27
2023,NOMINAL,7481,JORGE VIANNA,PSD,NAO,1,2026-08-27
2023,NOMINAL,7481,JOÃO CARDOSO,AVANTE,NAO,1,2026-08-27
2023,NOMINAL,7481,MARTINS MACHADO,REPUBLICANOS,NAO,1,2026-08-27
2023,NOMINAL,7481,MAX MACIEL,PSOL,SIM,1,2026-08-27
2023,NOMINAL,7481,PASTOR DANIEL DE CASTRO,PP,NAO,1,2026-08-27
2023,NOMINAL,7481,PAULA BELMONTE,CIDADANIA,NAO,1,2026-08-27
2023,NOMINAL,7481,PEPA,PP,NAO,1,2026-08-27
2023,NOMINAL,7481,RICARDO VALE,PT,NAO,1,2026-08-27
2023,NOMINAL,7481,ROBÉRIO NEGREIROS,PSD,NAO,1,2026-08-27
2023,NOMINAL,7481,ROGERIO MORRO DA CRUZ,NÃO INFORMADO,NAO,1,2026-08-27
2023,NOMINAL,7481,ROOSEVELT VILELA,PL,NAO,1,2026-08-27
2023,NOMINAL,7481,THIAGO MANZONI,PL,NAO,1,2026-08-27
2023,NOMINAL,7481,WELLINGTON LUIZ,MDB,NAO,1,2026-08-27
2023,NOMINAL,7482,CHICO VIGILANTE,PT,SIM,1,2026-08-27
2023,NOMINAL,7482,DANIEL DONIZET,PL,NAO,1,2026-08-27
2023,NOMINAL,7482,DAYSE AMARILIO,PSB,SIM,1,2026-08-27
2023,NOMINAL,7482,DOUTORA JANE,MDB,NAO,1,2026-08-27
2023,NOMINAL,7482,FÁBIO FELIX,PSOL,SIM,1,2026-08-27
2023,NOMINAL,7482,GABRIEL MAGNO,PT,SIM,1,2026-08-27
2023,NOMINAL,7482,HERMETO,MDB,NAO,1,2026-08-27
2023,NOMINAL,7482,IOLANDO,MDB,NAO,1,2026-08-27
2023,NOMINAL,7482,JAQUELINE SILVA,MDB,NAO,1,2026-08-27
2023,NOMINAL,7482,JOAQUIM RORIZ NETO,PL,NAO,1,2026-08-27
2023,NOMINAL,7482,JORGE VIANNA,PSD,NAO,1,2026-08-27
2023,NOMINAL,7482,JOÃO CARDOSO,AVANTE,NAO,1,2026-08-27
2023,NOMINAL,7482,MARTINS MACHADO,REPUBLICANOS,NAO,1,2026-08-27
2023,NOMINAL,7482,MAX MACIEL,PSOL,SIM,1,2026-08-27
2023,NOMINAL,7482,PASTOR DANIEL DE CASTRO,PP,NAO,1,2026-08-27
2023,NOMINAL,7482,PAULA BELMONTE,CIDADANIA,SIM,1,2026-08-27
2023,NOMINAL,7482,PEPA,PP,NAO,1,2026-08-27
2023,NOMINAL,7482,RICARDO VALE,PT,SIM,1,2026-08-27
2023,NOMINAL,7482,ROBÉRIO NEGREIROS,PSD,NAO,1,2026-08-27
2023,NOMINAL,7482,ROGERIO MORRO DA CRUZ,NÃO INFORMADO,NAO,1,2026-08-27
2023,NOMINAL,7482,ROOSEVELT VILELA,PL,NAO,1,2026-08-27
2023,NOMINAL,7482,THIAGO MANZONI,PL,NAO,1,2026-08-27
2023,NOMINAL,7482,WELLINGTON LUIZ,MDB,NAO,1,2026-08-27
2023,NOMINAL,7483,CHICO VIGILANTE,PT,NAO,1,2026-08-27
2023,NOMINAL,7483,DANIEL DONIZET,PL,SIM,1,2026-08-27
2023,NOMINAL,7483,DAYSE AMARILIO,PSB,NAO,1,2026-08-27
2023,NOMINAL,7483,DOUTORA JANE,MDB,SIM,1,2026-08-27
2023,NOMINAL,7483,FÁBIO FELIX,PSOL,NAO,1,2026-08-27
2023,NOMINAL,7483,GABRIEL MAGNO,PT,NAO,1,2026-08-27
2023,NOMINAL,7483,HERMETO,MDB,NAO,1,2026-08-27
2023,NOMINAL,7483,IOLANDO,MDB,SIM,1,2026-08-27
2023,NOMINAL,7483,JAQUELINE SILVA,MDB,SIM,1,2026-08-27
2023,NOMINAL,7483,JOAQUIM RORIZ NETO,PL,SIM,1,2026-08-27
2023,NOMINAL,7483,JORGE VIANNA,PSD,NAO,1,2026-08-27
2023,NOMINAL,7483,JOÃO CARDOSO,AVANTE,NAO,1,2026-08-27
2023,NOMINAL,7483,MARTINS MACHADO,REPUBLICANOS,SIM,1,2026-08-27
2023,NOMINAL,7483,MAX MACIEL,PSOL,NAO,1,2026-08-27
2023,NOMINAL,7483,PASTOR DANIEL DE CASTRO,PP,NAO,1,2026-08-27
2023,NOMINAL,7483,PAULA BELMONTE,CIDADANIA,NAO,1,2026-08-27
2023,NOMINAL,7483,PEPA,PP,SIM,1,2026-08-27
2023,NOMINAL,7483,RICARDO VALE,PT,NAO,1,2026-08-27
2023,NOMINAL,7483,ROBÉRIO NEGREIROS,PSD,SIM,1,2026-08-27
2023,NOMINAL,7483,ROGERIO MORRO DA CRUZ,NÃO INFORMADO,NAO,1,2026-08-27
2023,NOMINAL,7483,ROOSEVELT VILELA,PL,SIM,1,2026-08-27
2023,NOMINAL,7483,THIAGO MANZONI,PL,SIM,1,2026-08-27
2023,NOMINAL,7483,WELLINGTON LUIZ,MDB,NAO,1,2026-08-27
2023,NOMINAL,7486,CHICO VIGILANTE,PT,SIM,1,2026-08-27
2023,NOMINAL,7486,DAYSE AMARILIO,PSB,SIM,1,2026-08-27
2023,NOMINAL,7486,DOUTORA JANE,MDB,NAO,1,2026-08-27
2023,NOMINAL,7486,EDUARDO PEDROSA,UNIÃO,NAO,1,2026-08-27
2023,NOMINAL,7486,FÁBIO FELIX,PSOL,SIM,1,2026-08-27
2023,NOMINAL,7486,GABRIEL MAGNO,PT,SIM,1,2026-08-27
2023,NOMINAL,7486,HERMETO,MDB,NAO,1,2026-08-27
2023,NOMINAL,7486,IOLANDO,MDB,NAO,1,2026-08-27
2023,NOMINAL,7486,JAQUELINE SILVA,MDB,NAO,1,2026-08-27
2023,NOMINAL,7486,JOAQUIM RORIZ NETO,PL,NAO,1,2026-08-27
2023,NOMINAL,7486,JORGE VIANNA,PSD,NAO,1,2026-08-27
2023,NOMINAL,7486,JOÃO CARDOSO,AVANTE,NAO,1,2026-08-27
2023,NOMINAL,7486,MARTINS MACHADO,REPUBLICANOS,NAO,1,2026-08-27
2023,NOMINAL,7486,MAX MACIEL,PSOL,SIM,1,2026-08-27
2023,NOMINAL,7486,PASTOR DANIEL DE CASTRO,PP,NAO,1,2026-08-27
2023,NOMINAL,7486,PAULA BELMONTE,CIDADANIA,SIM,1,2026-08-27
2023,NOMINAL,7486,PEPA,PP,NAO,1,2026-08-27
2023,NOMINAL,7486,RICARDO VALE,PT,SIM,1,2026-08-27
2023,NOMINAL,7486,ROBÉRIO NEGREIROS,PSD,NAO,1,2026-08-27
2023,NOMINAL,7486,ROGERIO MORRO DA CRUZ,NÃO INFORMADO,NAO,1,2026-08-27
2023,NOMINAL,7486,ROOSEVELT VILELA,PL,NAO,1,2026-08-27
2023,NOMINAL,7486,THIAGO MANZONI,PL,NAO,1,2026-08-27
2023,NOMINAL,7486,WELLINGTON LUIZ,MDB,NAO,1,2026-08-27
2023,NOMINAL,7487,CHICO VIGILANTE,PT,SIM,1,2026-08-27
2023,NOMINAL,7487,DANIEL DONIZET,MDB,SIM,1,2026-08-27
2023,NOMINAL,7487,DOUTORA JANE,MDB,SIM,1,2026-08-27
2023,NOMINAL,7487,EDUARDO PEDROSA,UNIÃO,SIM,1,2026-08-27
2023,NOMINAL,7487,FÁBIO FELIX,PSOL,SIM,1,2026-08-27
2023,NOMINAL,7487,GABRIEL MAGNO,PT,ABSTENCAO,1,2026-08-27
2023,NOMINAL,7487,HERMETO,MDB,SIM,1,2026-08-27
2023,NOMINAL,7487,JAQUELINE SILVA,MDB,SIM,1,2026-08-27
2023,NOMINAL,7487,JOAQUIM RORIZ NETO,PL,SIM,1,2026-08-27
2023,NOMINAL,7487,JOÃO CARDOSO,AVANTE,SIM,1,2026-08-27
2023,NOMINAL,7487,MARTINS MACHADO,REPUBLICANOS,SIM,1,2026-08-27
2023,NOMINAL,7487,MAX MACIEL,PSOL,SIM,1,2026-08-27
2023,NOMINAL,7487,PASTOR DANIEL DE CASTRO,PP,SIM,1,2026-08-27
2023,NOMINAL,7487,PEPA,PP,SIM,1,2026-08-27
2023,NOMINAL,7487,RICARDO VALE,PT,SIM,1,2026-08-27
2023,NOMINAL,7487,ROBÉRIO NEGREIROS,PSD,SIM,1,2026-08-27
2023,NOMINAL,7487,ROGERIO MORRO DA CRUZ,NÃO INFORMADO,SIM,1,2026-08-27
2023,NOMINAL,7487,ROOSEVELT VILELA,PL,SIM,1,2026-08-27
2023,NOMINAL,7487,THIAGO MANZONI,PL,SIM,1,2026-08-27
2023,NOMINAL,7487,WELLINGTON LUIZ,MDB,SIM,1,2026-08-27
2023,NOMINAL,7488,CHICO VIGILANTE,PT,SIM,1,2026-08-27
2023,NOMINAL,7488,DAYSE AMARILIO,PSB,SIM,1,2026-08-27
2023,NOMINAL,7488,DOUTORA JANE,MDB,NAO,1,2026-08-27
2023,NOMINAL,7488,EDUARDO PEDROSA,UNIÃO,NAO,1,2026-08-27
2023,NOMINAL,7488,GABRIEL MAGNO,PT,SIM,1,2026-08-27
2023,NOMINAL,7488,HERMETO,MDB,NAO,1,2026-08-27
2023,NOMINAL,7488,IOLANDO,MDB,NAO,1,2026-08-27
2023,NOMINAL,7488,JAQUELINE SILVA,MDB,NAO,1,2026-08-27
2023,NOMINAL,7488,JOAQUIM RORIZ NETO,PL,NAO,1,2026-08-27
2023,NOMINAL,7488,JOÃO CARDOSO,AVANTE,NAO,1,2026-08-27
2023,NOMINAL,7488,MARTINS MACHADO,REPUBLICANOS,NAO,1,2026-08-27
2023,NOMINAL,7488,MAX MACIEL,PSOL,SIM,1,2026-08-27
2023,NOMINAL,7488,PASTOR DANIEL DE CASTRO,PP,NAO,1,2026-08-27
2023,NOMINAL,7488,PAULA BELMONTE,CIDADANIA,SIM,1,2026-08-27
2023,NOMINAL,7488,PEPA,PP,NAO,1,2026-08-27
2023,NOMINAL,7488,RICARDO VALE,PT,SIM,1,2026-08-27
2023,NOMINAL,7488,ROBÉRIO NEGREIROS,PSD,NAO,1,2026-08-27
2023,NOMINAL,7488,ROGERIO MORRO DA CRUZ,NÃO INFORMADO,NAO,1,2026-08-27
2023,NOMINAL,7488,ROOSEVELT VILELA,PL,NAO,1,2026-08-27
2023,NOMINAL,7488,THIAGO MANZONI,PL,NAO,1,2026-08-27
2023,NOMINAL,7488,WELLINGTON LUIZ,MDB,NAO,1,2026-08-27
2023,NOMINAL,7489,CHICO VIGILANTE,PT,SIM,1,2026-08-27
2023,NOMINAL,7489,DAYSE AMARILIO,PSB,SIM,1,2026-08-27
2023,NOMINAL,7489,DOUTORA JANE,MDB,NAO,1,2026-08-27
2023,NOMINAL,7489,DOUTORA JANE,MDB,SIM,1,2026-08-27
2023,NOMINAL,7489,EDUARDO PEDROSA,UNIÃO,NAO,1,2026-08-27
2023,NOMINAL,7489,GABRIEL MAGNO,PT,SIM,1,2026-08-27
2023,NOMINAL,7489,HERMETO,MDB,NAO,1,2026-08-27
2023,NOMINAL,7489,IOLANDO,MDB,NAO,1,2026-08-27
2023,NOMINAL,7489,JAQUELINE SILVA,MDB,NAO,1,2026-08-27
2023,NOMINAL,7489,JOAQUIM RORIZ NETO,PL,NAO,1,2026-08-27
2023,NOMINAL,7489,JOÃO CARDOSO,AVANTE,NAO,1,2026-08-27
2023,NOMINAL,7489,MARTINS MACHADO,REPUBLICANOS,NAO,1,2026-08-27
2023,NOMINAL,7489,MAX MACIEL,PSOL,SIM,1,2026-08-27
2023,NOMINAL,7489,PASTOR DANIEL DE CASTRO,PP,NAO,1,2026-08-27
2023,NOMINAL,7489,PAULA BELMONTE,CIDADANIA,NAO,1,2026-08-27
2023,NOMINAL,7489,PAULA BELMONTE,CIDADANIA,SIM,1,2026-08-27
2023,NOMINAL,7489,PEPA,PP,NAO,1,2026-08-27
2023,NOMINAL,7489,RICARDO VALE,PT,SIM,1,2026-08-27
2023,NOMINAL,7489,ROBÉRIO NEGREIROS,PSD,NAO,1,2026-08-27
2023,NOMINAL,7489,ROGERIO MORRO DA CRUZ,NÃO INFORMADO,NAO,1,2026-08-27
2023,NOMINAL,7489,ROOSEVELT VILELA,PL,NAO,1,2026-08-27
2023,NOMINAL,7489,THIAGO MANZONI,PL,NAO,1,2026-08-27
2023,NOMINAL,7489,WELLINGTON LUIZ,MDB,NAO,1,2026-08-27
2023,NOMINAL,7502,CHICO VIGILANTE,PT,NAO,1,2026-08-27
2023,NOMINAL,7502,DAYSE AMARILIO,PSB,NAO,1,2026-08-27
2023,NOMINAL,7502,DOUTORA JANE,MDB,NAO,1,2026-08-27
2023,NOMINAL,7502,FÁBIO FELIX,PSOL,NAO,1,2026-08-27
2023,NOMINAL,7502,GABRIEL MAGNO,PT,NAO,1,2026-08-27
2023,NOMINAL,7502,IOLANDO,MDB,ABSTENCAO,1,2026-08-27
2023,NOMINAL,7502,JAQUELINE SILVA,MDB,NAO,1,2026-08-27
2023,NOMINAL,7502,JOAQUIM RORIZ NETO,PL,NAO,1,2026-08-27
2023,NOMINAL,7502,JORGE VIANNA,PSD,NAO,1,2026-08-27
2023,NOMINAL,7502,JOÃO CARDOSO,AVANTE,NAO,1,2026-08-27
2023,NOMINAL,7502,MARTINS MACHADO,REPUBLICANOS,NAO,1,2026-08-27
2023,NOMINAL,7502,MAX MACIEL,PSOL,NAO,1,2026-08-27
2023,NOMINAL,7502,PASTOR DANIEL DE CASTRO,PP,NAO,1,2026-08-27
2023,NOMINAL,7502,PEPA,PP,NAO,1,2026-08-27
2023,NOMINAL,7502,RICARDO VALE,PT,NAO,1,2026-08-27
2023,NOMINAL,7502,ROBÉRIO NEGREIROS,PSD,NAO,1,2026-08-27
2023,NOMINAL,7502,ROGERIO MORRO DA CRUZ,NÃO INFORMADO,NAO,1,2026-08-27
2023,NOMINAL,7502,WELLINGTON LUIZ,MDB,NAO,1,2026-08-27
2023,NOMINAL,7510,CHICO VIGILANTE,PT,NAO,1,2026-08-27
2023,NOMINAL,7510,DAYSE AMARILIO,PSB,NAO,1,2026-08-27
2023,NOMINAL,7510,DOUTORA JANE,MDB,NAO,1,2026-08-27
2023,NOMINAL,7510,EDUARDO PEDROSA,UNIÃO,NAO,1,2026-08-27
2023,NOMINAL,7510,FÁBIO FELIX,PSOL,NAO,1,2026-08-27
2023,NOMINAL,7510,GABRIEL MAGNO,PT,NAO,1,2026-08-27
2023,NOMINAL,7510,HERMETO,MDB,NAO,1,2026-08-27
2023,NOMINAL,7510,IOLANDO,MDB,NAO,1,2026-08-27
2023,NOMINAL,7510,IOLANDO,MDB,SIM,1,2026-08-27
2023,NOMINAL,7510,JAQUELINE SILVA,MDB,NAO,1,2026-08-27
2023,NOMINAL,7510,JOAQUIM RORIZ NETO,PL,NAO,1,2026-08-27
2023,NOMINAL,7510,JORGE VIANNA,PSD,NAO,1,2026-08-27
2023,NOMINAL,7510,JOÃO CARDOSO,AVANTE,NAO,1,2026-08-27
2023,NOMINAL,7510,MARTINS MACHADO,REPUBLICANOS,NAO,1,2026-08-27
2023,NOMINAL,7510,MAX MACIEL,PSOL,NAO,1,2026-08-27
2023,NOMINAL,7510,PASTOR DANIEL DE CASTRO,PP,NAO,1,2026-08-27
2023,NOMINAL,7510,PAULA BELMONTE,CIDADANIA,NAO,1,2026-08-27
2023,NOMINAL,7510,PEPA,PP,NAO,1,2026-08-27
2023,NOMINAL,7510,RICARDO VALE,PT,NAO,1,2026-08-27
2023,NOMINAL,7510,ROBÉRIO NEGREIROS,PSD,NAO,1,2026-08-27
2023,NOMINAL,7510,ROGERIO MORRO DA CRUZ,NÃO INFORMADO,NAO,1,2026-08-27
2023,NOMINAL,7510,THIAGO MANZONI,PL,NAO,1,2026-08-27
2023,NOMINAL,7510,WELLINGTON LUIZ,MDB,NAO,1,2026-08-27
2023,NOMINAL,7512,CHICO VIGILANTE,PT,NAO,1,2026-08-27
2023,NOMINAL,7512,DAYSE AMARILIO,PSB,NAO,1,2026-08-27
2023,NOMINAL,7512,DOUTORA JANE,MDB,SIM,1,2026-08-27
2023,NOMINAL,7512,EDUARDO PEDROSA,UNIÃO,SIM,1,2026-08-27
2023,NOMINAL,7512,GABRIEL MAGNO,PT,NAO,1,2026-08-27
2023,NOMINAL,7512,HERMETO,MDB,SIM,1,2026-08-27
2023,NOMINAL,7512,IOLANDO,MDB,SIM,1,2026-08-27
2023,NOMINAL,7512,JAQUELINE SILVA,MDB,SIM,1,2026-08-27
2023,NOMINAL,7512,JOAQUIM RORIZ NETO,PL,SIM,1,2026-08-27
2023,NOMINAL,7512,JOÃO CARDOSO,AVANTE,SIM,1,2026-08-27
2023,NOMINAL,7512,MARTINS MACHADO,REPUBLICANOS,SIM,1,2026-08-27
2023,NOMINAL,7512,MAX MACIEL,PSOL,NAO,1,2026-08-27
2023,NOMINAL,7512,PASTOR DANIEL DE CASTRO,PP,SIM,1,2026-08-27
2023,NOMINAL,7512,PAULA BELMONTE,CIDADANIA,NAO,1,2026-08-27
2023,NOMINAL,7512,PEPA,PP,SIM,1,2026-08-27
2023,NOMINAL,7512,RICARDO VALE,PT,NAO,1,2026-08-27
2023,NOMINAL,7512,ROBÉRIO NEGREIROS,PSD,SIM,1,2026-08-27
2023,NOMINAL,7512,ROGERIO MORRO DA CRUZ,NÃO INFORMADO,SIM,1,2026-08-27
2023,NOMINAL,7512,ROOSEVELT VILELA,PL,SIM,1,2026-08-27
2023,NOMINAL,7512,THIAGO MANZONI,PL,SIM,1,2026-08-27
2023,NOMINAL,7512,WELLINGTON LUIZ,MDB,SIM,1,2026-08-27
2023,NOMINAL,7517,CHICO VIGILANTE,PT,NAO,1,2026-08-27
2023,NOMINAL,7517,DAYSE AMARILIO,PSB,NAO,1,2026-08-27
2023,NOMINAL,7517,DOUTORA JANE,MDB,NAO,1,2026-08-27
2023,NOMINAL,7517,EDUARDO PEDROSA,UNIÃO,NAO,1,2026-08-27
2023,NOMINAL,7517,GABRIEL MAGNO,PT,NAO,1,2026-08-27
2023,NOMINAL,7517,HERMETO,MDB,NAO,1,2026-08-27
2023,NOMINAL,7517,IOLANDO,MDB,NAO,1,2026-08-27
2023,NOMINAL,7517,JAQUELINE SILVA,MDB,NAO,1,2026-08-27
2023,NOMINAL,7517,JOAQUIM RORIZ NETO,PL,NAO,1,2026-08-27
2023,NOMINAL,7517,JOÃO CARDOSO,AVANTE,NAO,1,2026-08-27
2023,NOMINAL,7517,MARTINS MACHADO,REPUBLICANOS,NAO,1,2026-08-27
2023,NOMINAL,7517,MAX MACIEL,PSOL,NAO,1,2026-08-27
2023,NOMINAL,7517,PASTOR DANIEL DE CASTRO,PP,NAO,1,2026-08-27
2023,NOMINAL,7517,PAULA BELMONTE,CIDADANIA,NAO,1,2026-08-27
2023,NOMINAL,7517,PEPA,PP,NAO,1,2026-08-27
2023,NOMINAL,7517,RICARDO VALE,PT,NAO,1,2026-08-27
2023,NOMINAL,7517,ROGERIO MORRO DA CRUZ,NÃO INFORMADO,NAO,1,2026-08-27
2023,NOMINAL,7517,ROOSEVELT VILELA,PL,NAO,1,2026-08-27
2023,NOMINAL,7517,THIAGO MANZONI,PL,NAO,1,2026-08-27
2023,NOMINAL,7517,WELLINGTON LUIZ,MDB,NAO,1,2026-08-27
2023,NOMINAL,7518,CHICO VIGILANTE,PT,SIM,1,2026-08-27
2023,NOMINAL,7518,DAYSE AMARILIO,PSB,SIM,1,2026-08-27
2023,NOMINAL,7518,EDUARDO PEDROSA,UNIÃO,SIM,1,2026-08-27
2023,NOMINAL,7518,FÁBIO FELIX,PSOL,SIM,1,2026-08-27
2023,NOMINAL,7518,GABRIEL MAGNO,PT,SIM,1,2026-08-27
2023,NOMINAL,7518,IOLANDO,MDB,SIM,1,2026-08-27
2023,NOMINAL,7518,JOAQUIM RORIZ NETO,PL,SIM,1,2026-08-27
2023,NOMINAL,7518,JOÃO CARDOSO,AVANTE,SIM,1,2026-08-27
2023,NOMINAL,7518,MARTINS MACHADO,REPUBLICANOS,SIM,1,2026-08-27
2023,NOMINAL,7518,MAX MACIEL,PSOL,SIM,1,2026-08-27
2023,NOMINAL,7518,PASTOR DANIEL DE CASTRO,PP,SIM,1,2026-08-27
2023,NOMINAL,7518,PEPA,PP,SIM,1,2026-08-27
2023,NOMINAL,7518,RICARDO VALE,PT,SIM,1,2026-08-27
2023,NOMINAL,7518,ROBÉRIO NEGREIROS,PSD,SIM,1,2026-08-27
2023,NOMINAL,7518,ROGERIO MORRO DA CRUZ,NÃO INFORMADO,SIM,1,2026-08-27
2023,NOMINAL,7518,ROOSEVELT VILELA,PL,SIM,1,2026-08-27
2023,NOMINAL,7518,THIAGO MANZONI,PL,SIM,1,2026-08-27
2023,NOMINAL,7518,WELLINGTON LUIZ,MDB,SIM,1,2026-08-27
2023,NOMINAL,7519,CHICO VIGILANTE,PT,SIM,1,2026-08-27
2023,NOMINAL,7519,DAYSE AMARILIO,PSB,SIM,1,2026-08-27
2023,NOMINAL,7519,EDUARDO PEDROSA,UNIÃO,SIM,1,2026-08-27
2023,NOMINAL,7519,FÁBIO FELIX,PSOL,SIM,1,2026-08-27
2023,NOMINAL,7519,GABRIEL MAGNO,PT,SIM,1,2026-08-27
2023,NOMINAL,7519,JAQUELINE SILVA,MDB,SIM,1,2026-08-27
2023,NOMINAL,7519,JOAQUIM RORIZ NETO,PL,SIM,1,2026-08-27
2023,NOMINAL,7519,JOÃO CARDOSO,AVANTE,SIM,1,2026-08-27
2023,NOMINAL,7519,MAX MACIEL,PSOL,SIM,1,2026-08-27
2023,NOMINAL,7519,PASTOR DANIEL DE CASTRO,PP,SIM,1,2026-08-27
2023,NOMINAL,7519,PAULA BELMONTE,CIDADANIA,SIM,1,2026-08-27
2023,NOMINAL,7519,PEPA,PP,SIM,1,2026-08-27
2023,NOMINAL,7519,RICARDO VALE,PT,SIM,1,2026-08-27
2023,NOMINAL,7519,ROBÉRIO NEGREIROS,PSD,SIM,1,2026-08-27
2023,NOMINAL,7519,ROGERIO MORRO DA CRUZ,NÃO INFORMADO,SIM,1,2026-08-27
2023,NOMINAL,7519,ROOSEVELT VILELA,PL,SIM,1,2026-08-27
2023,NOMINAL,7519,THIAGO MANZONI,PL,SIM,1,2026-08-27
2023,NOMINAL,7519,WELLINGTON LUIZ,MDB,SIM,1,2026-08-27
2023,NOMINAL,7526,CHICO VIGILANTE,PT,SIM,1,2026-08-27
2023,NOMINAL,7526,DANIEL DONIZET,MDB,SIM,1,2026-08-27
2023,NOMINAL,7526,DOUTORA JANE,MDB,SIM,1,2026-08-27
2023,NOMINAL,7526,EDUARDO PEDROSA,UNIÃO,SIM,1,2026-08-27
2023,NOMINAL,7526,FÁBIO FELIX,PSOL,SIM,1,2026-08-27
2023,NOMINAL,7526,GABRIEL MAGNO,PT,NAO,1,2026-08-27
2023,NOMINAL,7526,HERMETO,MDB,SIM,1,2026-08-27
2023,NOMINAL,7526,IOLANDO,MDB,SIM,1,2026-08-27
2023,NOMINAL,7526,JAQUELINE SILVA,MDB,SIM,1,2026-08-27
2023,NOMINAL,7526,JOAQUIM RORIZ NETO,PL,SIM,1,2026-08-27
2023,NOMINAL,7526,JOÃO CARDOSO,AVANTE,SIM,1,2026-08-27
2023,NOMINAL,7526,MARTINS MACHADO,REPUBLICANOS,SIM,1,2026-08-27
2023,NOMINAL,7526,MAX MACIEL,PSOL,SIM,1,2026-08-27
2023,NOMINAL,7526,PASTOR DANIEL DE CASTRO,PP,SIM,1,2026-08-27
2023,NOMINAL,7526,PAULA BELMONTE,CIDADANIA,SIM,1,2026-08-27
2023,NOMINAL,7526,PEPA,PP,SIM,1,2026-08-27
2023,NOMINAL,7526,RICARDO VALE,PT,SIM,1,2026-08-27
2023,NOMINAL,7526,ROBÉRIO NEGREIROS,PSD,SIM,1,2026-08-27
2023,NOMINAL,7526,ROGERIO MORRO DA CRUZ,NÃO INFORMADO,SIM,1,2026-08-27
2023,NOMINAL,7526,ROOSEVELT VILELA,PL,SIM,1,2026-08-27
2023,NOMINAL,7526,THIAGO MANZONI,PL,SIM,1,2026-08-27
2023,NOMINAL,7526,WELLINGTON LUIZ,MDB,SIM,1,2026-08-27
2023,NOMINAL,7527,CHICO VIGILANTE,PT,NAO,1,2026-08-27
2023,NOMINAL,7527,DANIEL DONIZET,MDB,NAO,1,2026-08-27
2023,NOMINAL,7527,DOUTORA JANE,MDB,NAO,1,2026-08-27
2023,NOMINAL,7527,EDUARDO PEDROSA,UNIÃO,NAO,1,2026-08-27
2023,NOMINAL,7527,FÁBIO FELIX,PSOL,NAO,1,2026-08-27
2023,NOMINAL,7527,GABRIEL MAGNO,PT,ABSTENCAO,1,2026-08-27
2023,NOMINAL,7527,HERMETO,MDB,NAO,1,2026-08-27
2023,NOMINAL,7527,IOLANDO,MDB,NAO,1,2026-08-27
2023,NOMINAL,7527,JAQUELINE SILVA,MDB,NAO,1,2026-08-27
2023,NOMINAL,7527,JOAQUIM RORIZ NETO,PL,NAO,1,2026-08-27
2023,NOMINAL,7527,JOÃO CARDOSO,AVANTE,NAO,1,2026-08-27
2023,NOMINAL,7527,MARTINS MACHADO,REPUBLICANOS,NAO,1,2026-08-27
2023,NOMINAL,7527,MAX MACIEL,PSOL,NAO,1,2026-08-27
2023,NOMINAL,7527,PASTOR DANIEL DE CASTRO,PP,NAO,1,2026-08-27
2023,NOMINAL,7527,PAULA BELMONTE,CIDADANIA,NAO,1,2026-08-27
2023,NOMINAL,7527,PEPA,PP,NAO,1,2026-08-27
2023,NOMINAL,7527,RICARDO VALE,PT,NAO,1,2026-08-27
2023,NOMINAL,7527,ROBÉRIO NEGREIROS,PSD,NAO,1,2026-08-27
2023,NOMINAL,7527,ROGERIO MORRO DA CRUZ,NÃO INFORMADO,NAO,1,2026-08-27
2023,NOMINAL,7527,ROOSEVELT VILELA,PL,NAO,1,2026-08-27
2023,NOMINAL,7527,THIAGO MANZONI,PL,NAO,1,2026-08-27
2023,NOMINAL,7527,WELLINGTON LUIZ,MDB,NAO,1,2026-08-27
2023,NOMINAL,7528,CHICO VIGILANTE,PT,NAO,1,2026-08-27
2023,NOMINAL,7528,DANIEL DONIZET,MDB,NAO,1,2026-08-27
2023,NOMINAL,7528,DOUTORA JANE,MDB,NAO,1,2026-08-27
2023,NOMINAL,7528,EDUARDO PEDROSA,UNIÃO,NAO,1,2026-08-27
2023,NOMINAL,7528,FÁBIO FELIX,PSOL,NAO,1,2026-08-27
2023,NOMINAL,7528,GABRIEL MAGNO,PT,SIM,1,2026-08-27
2023,NOMINAL,7528,HERMETO,MDB,NAO,1,2026-08-27
2023,NOMINAL,7528,IOLANDO,MDB,NAO,1,2026-08-27
2023,NOMINAL,7528,JAQUELINE SILVA,MDB,NAO,1,2026-08-27
2023,NOMINAL,7528,JOAQUIM RORIZ NETO,PL,NAO,1,2026-08-27
2023,NOMINAL,7528,JOÃO CARDOSO,AVANTE,NAO,1,2026-08-27
2023,NOMINAL,7528,MARTINS MACHADO,REPUBLICANOS,NAO,1,2026-08-27
2023,NOMINAL,7528,MAX MACIEL,PSOL,NAO,1,2026-08-27
2023,NOMINAL,7528,PASTOR DANIEL DE CASTRO,PP,NAO,1,2026-08-27
2023,NOMINAL,7528,PAULA BELMONTE,CIDADANIA,NAO,1,2026-08-27
2023,NOMINAL,7528,PEPA,PP,NAO,1,2026-08-27
2023,NOMINAL,7528,RICARDO VALE,PT,NAO,1,2026-08-27
2023,NOMINAL,7528,ROBÉRIO NEGREIROS,PSD,NAO,1,2026-08-27
2023,NOMINAL,7528,ROGERIO MORRO DA CRUZ,NÃO INFORMADO,NAO,1,2026-08-27
2023,NOMINAL,7528,ROOSEVELT VILELA,PL,NAO,1,2026-08-27
2023,NOMINAL,7528,THIAGO MANZONI,PL,NAO,1,2026-08-27
2023,NOMINAL,7528,WELLINGTON LUIZ,MDB,NAO,1,2026-08-27
2023,NOMINAL,7571,CHICO VIGILANTE,PT,SIM,1,2026-08-27
2023,NOMINAL,7571,DANIEL DONIZET,MDB,SIM,1,2026-08-27
2023,NOMINAL,7571,DAYSE AMARILIO,PSB,SIM,1,2026-08-27
2023,NOMINAL,7571,DOUTORA JANE,MDB,SIM,1,2026-08-27
2023,NOMINAL,7571,EDUARDO PEDROSA,UNIÃO,SIM,1,2026-08-27
2023,NOMINAL,7571,GABRIEL MAGNO,PT,SIM,1,2026-08-27
2023,NOMINAL,7571,HERMETO,MDB,SIM,1,2026-08-27
2023,NOMINAL,7571,IOLANDO,MDB,SIM,1,2026-08-27
2023,NOMINAL,7571,JAQUELINE SILVA,MDB,SIM,1,2026-08-27
2023,NOMINAL,7571,JOAQUIM RORIZ NETO,PL,SIM,1,2026-08-27
2023,NOMINAL,7571,JOÃO CARDOSO,AVANTE,SIM,1,2026-08-27
2023,NOMINAL,7571,MARTINS MACHADO,REPUBLICANOS,SIM,1,2026-08-27
2023,NOMINAL,7571,PASTOR DANIEL DE CASTRO,PP,SIM,1,2026-08-27
2023,NOMINAL,7571,PAULA BELMONTE,CIDADANIA,SIM,1,2026-08-27
2023,NOMINAL,7571,RICARDO VALE,PT,SIM,1,2026-08-27
2023,NOMINAL,7571,ROBÉRIO NEGREIROS,PSD,SIM,1,2026-08-27
2023,NOMINAL,7571,ROGERIO MORRO DA CRUZ,NÃO INFORMADO,SIM,1,2026-08-27
2023,NOMINAL,7571,ROOSEVELT VILELA,PL,SIM,1,2026-08-27
2023,NOMINAL,7571,THIAGO MANZONI,PL,SIM,1,2026-08-27
2023,NOMINAL,7571,WELLINGTON LUIZ,MDB,SIM,1,2026-08-27
2023,NOMINAL,7572,CHICO VIGILANTE,PT,SIM,1,2026-08-27
2023,NOMINAL,7572,DANIEL DONIZET,MDB,SIM,1,2026-08-27
2023,NOMINAL,7572,DAYSE AMARILIO,PSB,SIM,1,2026-08-27
2023,NOMINAL,7572,EDUARDO PEDROSA,UNIÃO,SIM,1,2026-08-27
2023,NOMINAL,7572,FÁBIO FELIX,PSOL,SIM,1,2026-08-27
2023,NOMINAL,7572,IOLANDO,MDB,SIM,1,2026-08-27
2023,NOMINAL,7572,JAQUELINE SILVA,MDB,SIM,1,2026-08-27
2023,NOMINAL,7572,JOÃO CARDOSO,AVANTE,SIM,1,2026-08-27
2023,NOMINAL,7572,MARTINS MACHADO,REPUBLICANOS,SIM,1,2026-08-27
2023,NOMINAL,7572,PASTOR DANIEL DE CASTRO,PP,SIM,1,2026-08-27
2023,NOMINAL,7572,PEPA,PP,SIM,1,2026-08-27
2023,NOMINAL,7572,RICARDO VALE,PT,SIM,1,2026-08-27
2023,NOMINAL,7572,ROGERIO MORRO DA CRUZ,NÃO INFORMADO,SIM,1,2026-08-27
2023,NOMINAL,7572,ROOSEVELT VILELA,PL,SIM,1,2026-08-27
2023,NOMINAL,7572,THIAGO MANZONI,PL,SIM,1,2026-08-27
2023,NOMINAL,7572,WELLINGTON LUIZ,MDB,SIM,1,2026-08-27
2023,NOMINAL,7573,CHICO VIGILANTE,PT,SIM,1,2026-08-27
2023,NOMINAL,7573,DANIEL DONIZET,MDB,SIM,1,2026-08-27
2023,NOMINAL,7573,DAYSE AMARILIO,PSB,SIM,1,2026-08-27
2023,NOMINAL,7573,EDUARDO PEDROSA,UNIÃO,SIM,1,2026-08-27
2023,NOMINAL,7573,FÁBIO FELIX,PSOL,SIM,1,2026-08-27
2023,NOMINAL,7573,GABRIEL MAGNO,PT,SIM,1,2026-08-27
2023,NOMINAL,7573,IOLANDO,MDB,SIM,1,2026-08-27
2023,NOMINAL,7573,JAQUELINE SILVA,MDB,SIM,1,2026-08-27
2023,NOMINAL,7573,JOÃO CARDOSO,AVANTE,SIM,1,2026-08-27
2023,NOMINAL,7573,MARTINS MACHADO,REPUBLICANOS,SIM,1,2026-08-27
2023,NOMINAL,7573,PASTOR DANIEL DE CASTRO,PP,SIM,1,2026-08-27
2023,NOMINAL,7573,PEPA,PP,SIM,1,2026-08-27
2023,NOMINAL,7573,RICARDO VALE,PT,SIM,1,2026-08-27
2023,NOMINAL,7573,ROGERIO MORRO DA CRUZ,NÃO INFORMADO,SIM,1,2026-08-27
2023,NOMINAL,7573,ROOSEVELT VILELA,PL,SIM,1,2026-08-27
2023,NOMINAL,7573,WELLINGTON LUIZ,MDB,SIM,1,2026-08-27
2023,NOMINAL,7639,CHICO VIGILANTE,PT,SIM,1,2026-08-27
2023,NOMINAL,7639,DANIEL DONIZET,MDB,SIM,1,2026-08-27
2023,NOMINAL,7639,DAYSE AMARILIO,PSB,SIM,1,2026-08-27
2023,NOMINAL,7639,EDUARDO PEDROSA,UNIÃO,SIM,1,2026-08-27
2023,NOMINAL,7639,FÁBIO FELIX,PSOL,SIM,1,2026-08-27
2023,NOMINAL,7639,GABRIEL MAGNO,PT,SIM,1,2026-08-27
2023,NOMINAL,7639,IOLANDO,MDB,SIM,1,2026-08-27
2023,NOMINAL,7639,JAQUELINE SILVA,MDB,SIM,1,2026-08-27
2023,NOMINAL,7639,JOÃO CARDOSO,AVANTE,SIM,1,2026-08-27
2023,NOMINAL,7639,MARTINS MACHADO,REPUBLICANOS,SIM,1,2026-08-27
2023,NOMINAL,7639,PASTOR DANIEL DE CASTRO,PP,SIM,1,2026-08-27
2023,NOMINAL,7639,PEPA,PP,SIM,1,2026-08-27
2023,NOMINAL,7639,RICARDO VALE,PT,SIM,1,2026-08-27
2023,NOMINAL,7639,ROGERIO MORRO DA CRUZ,NÃO INFORMADO,SIM,1,2026-08-27
2023,NOMINAL,7639,ROOSEVELT VILELA,PL,SIM,1,2026-08-27
2023,NOMINAL,7639,WELLINGTON LUIZ,MDB,SIM,1,2026-08-27
2023,NOMINAL,7640,CHICO VIGILANTE,PT,SIM,1,2026-08-27
2023,NOMINAL,7640,DANIEL DONIZET,MDB,SIM,1,2026-08-27
2023,NOMINAL,7640,DOUTORA JANE,MDB,SIM,1,2026-08-27
2023,NOMINAL,7640,EDUARDO PEDROSA,UNIÃO,SIM,1,2026-08-27
2023,NOMINAL,7640,FÁBIO FELIX,PSOL,SIM,1,2026-08-27
2023,NOMINAL,7640,GABRIEL MAGNO,PT,SIM,1,2026-08-27
2023,NOMINAL,7640,HERMETO,MDB,SIM,1,2026-08-27
2023,NOMINAL,7640,IOLANDO,MDB,SIM,1,2026-08-27
2023,NOMINAL,7640,JAQUELINE SILVA,MDB,SIM,1,2026-08-27
2023,NOMINAL,7640,JOAQUIM RORIZ NETO,PL,SIM,1,2026-08-27
2023,NOMINAL,7640,JORGE VIANNA,PSD,SIM,1,2026-08-27
2023,NOMINAL,7640,JOÃO CARDOSO,AVANTE,SIM,1,2026-08-27
2023,NOMINAL,7640,MARTINS MACHADO,REPUBLICANOS,SIM,1,2026-08-27
2023,NOMINAL,7640,MAX MACIEL,PSOL,SIM,1,2026-08-27
2023,NOMINAL,7640,PASTOR DANIEL DE CASTRO,PP,SIM,1,2026-08-27
2023,NOMINAL,7640,RICARDO VALE,PT,SIM,1,2026-08-27
2023,NOMINAL,7640,ROBÉRIO NEGREIROS,PSD,SIM,1,2026-08-27
2023,NOMINAL,7640,ROGERIO MORRO DA CRUZ,NÃO INFORMADO,SIM,1,2026-08-27
2023,NOMINAL,7640,THIAGO MANZONI,PL,SIM,1,2026-08-27
2023,NOMINAL,7640,WELLINGTON LUIZ,MDB,SIM,1,2026-08-27
2023,NOMINAL,7805,CHICO VIGILANTE,PT,SIM,1,2026-08-27
2023,NOMINAL,7805,DAYSE AMARILIO,PSB,SIM,1,2026-08-27
2023,NOMINAL,7805,DOUTORA JANE,MDB,SIM,1,2026-08-27
2023,NOMINAL,7805,EDUARDO PEDROSA,UNIÃO,SIM,1,2026-08-27
2023,NOMINAL,7805,FÁBIO FELIX,PSOL,SIM,1,2026-08-27
2023,NOMINAL,7805,GABRIEL MAGNO,PT,SIM,1,2026-08-27
2023,NOMINAL,7805,HERMETO,MDB,SIM,1,2026-08-27
2023,NOMINAL,7805,IOLANDO,MDB,SIM,1,2026-08-27
2023,NOMINAL,7805,JAQUELINE SILVA,MDB,SIM,1,2026-08-27
2023,NOMINAL,7805,JORGE VIANNA,PSD,SIM,1,2026-08-27
2023,NOMINAL,7805,MARTINS MACHADO,REPUBLICANOS,SIM,1,2026-08-27
2023,NOMINAL,7805,MAX MACIEL,PSOL,SIM,1,2026-08-27
2023,NOMINAL,7805,PAULA BELMONTE,CIDADANIA,SIM,1,2026-08-27
2023,NOMINAL,7805,PEPA,PP,SIM,1,2026-08-27
2023,NOMINAL,7805,RICARDO VALE,PT,SIM,1,2026-08-27
2023,NOMINAL,7805,ROBÉRIO NEGREIROS,PSD,SIM,1,2026-08-27
2023,NOMINAL,7805,ROGERIO MORRO DA CRUZ,NÃO INFORMADO,SIM,1,2026-08-27
2023,NOMINAL,7805,WELLINGTON LUIZ,MDB,SIM,1,2026-08-27
2023,NOMINAL,7836,CHICO VIGILANTE,PT,SIM,1,2026-08-27
2023,NOMINAL,7836,DAYSE AMARILIO,PSB,SIM,1,2026-08-27
2023,NOMINAL,7836,FÁBIO FELIX,PSOL,SIM,1,2026-08-27
2023,NOMINAL,7836,GABRIEL MAGNO,PT,SIM,1,2026-08-27
2023,NOMINAL,7836,IOLANDO,MDB,SIM,1,2026-08-27
2023,NOMINAL,7836,JAQUELINE SILVA,MDB,SIM,1,2026-08-27
2023,NOMINAL,7836,JOAQUIM RORIZ NETO,PL,SIM,1,2026-08-27
2023,NOMINAL,7836,JOÃO CARDOSO,AVANTE,SIM,1,2026-08-27
2023,NOMINAL,7836,MARTINS MACHADO,REPUBLICANOS,SIM,1,2026-08-27
2023,NOMINAL,7836,PASTOR DANIEL DE CASTRO,PP,SIM,1,2026-08-27
2023,NOMINAL,7836,PEPA,PP,SIM,1,2026-08-27
2023,NOMINAL,7836,RICARDO VALE,PT,SIM,1,2026-08-27
2023,NOMINAL,7836,ROOSEVELT VILELA,PL,SIM,1,2026-08-27
2023,NOMINAL,7836,WELLINGTON LUIZ,MDB,SIM,1,2026-08-27
2023,NOMINAL,7852,CHICO VIGILANTE,PT,SIM,1,2026-08-27
2023,NOMINAL,7852,DAYSE AMARILIO,PSB,SIM,1,2026-08-27
2023,NOMINAL,7852,FÁBIO FELIX,PSOL,SIM,1,2026-08-27
2023,NOMINAL,7852,GABRIEL MAGNO,PT,SIM,1,2026-08-27
2023,NOMINAL,7852,JAQUELINE SILVA,MDB,SIM,1,2026-08-27
2023,NOMINAL,7852,JOAQUIM RORIZ NETO,PL,SIM,1,2026-08-27
2023,NOMINAL,7852,JOÃO CARDOSO,AVANTE,SIM,1,2026-08-27
2023,NOMINAL,7852,PASTOR DANIEL DE CASTRO,PP,SIM,1,2026-08-27
2023,NOMINAL,7852,PEPA,PP,SIM,1,2026-08-27
2023,NOMINAL,7852,RICARDO VALE,PT,SIM,1,2026-08-27
2023,NOMINAL,7852,ROBÉRIO NEGREIROS,PSD,SIM,1,2026-08-27
2023,NOMINAL,7852,ROOSEVELT VILELA,PL,SIM,1,2026-08-27
2023,NOMINAL,7852,THIAGO MANZONI,PL,SIM,1,2026-08-27
2023,NOMINAL,7852,WELLINGTON LUIZ,MDB,SIM,1,2026-08-27
2023,NOMINAL,7895,CHICO VIGILANTE,PT,SIM,1,2026-08-27
2023,NOMINAL,7895,DANIEL DONIZET,MDB,SIM,1,2026-08-27
2023,NOMINAL,7895,DAYSE AMARILIO,PSB,SIM,1,2026-08-27
2023,NOMINAL,7895,DOUTORA JANE,MDB,SIM,1,2026-08-27
2023,NOMINAL,7895,EDUARDO PEDROSA,UNIÃO,SIM,1,2026-08-27
2023,NOMINAL,7895,FÁBIO FELIX,PSOL,SIM,1,2026-08-27
2023,NOMINAL,7895,GABRIEL MAGNO,PT,SIM,1,2026-08-27
2023,NOMINAL,7895,HERMETO,MDB,SIM,1,2026-08-27
2023,NOMINAL,7895,IOLANDO,MDB,SIM,1,2026-08-27
2023,NOMINAL,7895,JAQUELINE SILVA,MDB,SIM,1,2026-08-27
2023,NOMINAL,7895,JOAQUIM RORIZ NETO,PL,SIM,1,2026-08-27
2023,NOMINAL,7895,JORGE VIANNA,PSD,SIM,1,2026-08-27
2023,NOMINAL,7895,MARTINS MACHADO,REPUBLICANOS,SIM,1,2026-08-27
2023,NOMINAL,7895,MAX MACIEL,PSOL,SIM,1,2026-08-27
2023,NOMINAL,7895,PASTOR DANIEL DE CASTRO,PP,SIM,1,2026-08-27
2023,NOMINAL,7895,PAULA BELMONTE,CIDADANIA,SIM,1,2026-08-27
2023,NOMINAL,7895,RICARDO VALE,PT,SIM,1,2026-08-27
2023,NOMINAL,7895,ROBÉRIO NEGREIROS,PSD,SIM,1,2026-08-27
2023,NOMINAL,7895,ROGERIO MORRO DA CRUZ,NÃO INFORMADO,SIM,1,2026-08-27
2023,NOMINAL,7895,ROOSEVELT VILELA,PL,SIM,1,2026-08-27
2023,NOMINAL,7895,THIAGO MANZONI,PL,SIM,1,2026-08-27
2023,NOMINAL,7895,WELLINGTON LUIZ,MDB,SIM,1,2026-08-27
2023,NOMINAL,7896,CHICO VIGILANTE,PT,SIM,1,2026-08-27
2023,NOMINAL,7896,DANIEL DONIZET,MDB,SIM,1,2026-08-27
2023,NOMINAL,7896,DAYSE AMARILIO,PSB,SIM,1,2026-08-27
2023,NOMINAL,7896,DOUTORA JANE,MDB,SIM,1,2026-08-27
2023,NOMINAL,7896,EDUARDO PEDROSA,UNIÃO,SIM,1,2026-08-27
2023,NOMINAL,7896,FÁBIO FELIX,PSOL,SIM,1,2026-08-27
2023,NOMINAL,7896,GABRIEL MAGNO,PT,SIM,1,2026-08-27
2023,NOMINAL,7896,HERMETO,MDB,SIM,1,2026-08-27
2023,NOMINAL,7896,IOLANDO,MDB,SIM,1,2026-08-27
2023,NOMINAL,7896,JAQUELINE SILVA,MDB,SIM,1,2026-08-27
2023,NOMINAL,7896,JOAQUIM RORIZ NETO,PL,SIM,1,2026-08-27
2023,NOMINAL,7896,JORGE VIANNA,PSD,SIM,1,2026-08-27
2023,NOMINAL,7896,MARTINS MACHADO,REPUBLICANOS,SIM,1,2026-08-27
2023,NOMINAL,7896,MAX MACIEL,PSOL,SIM,1,2026-08-27
2023,NOMINAL,7896,PASTOR DANIEL DE CASTRO,PP,SIM,1,2026-08-27
2023,NOMINAL,7896,PAULA BELMONTE,CIDADANIA,SIM,1,2026-08-27
2023,NOMINAL,7896,RICARDO VALE,PT,SIM,1,2026-08-27
2023,NOMINAL,7896,ROBÉRIO NEGREIROS,PSD,SIM,1,2026-08-27
2023,NOMINAL,7896,ROGERIO MORRO DA CRUZ,NÃO INFORMADO,SIM,1,2026-08-27
2023,NOMINAL,7896,ROOSEVELT VILELA,PL,SIM,1,2026-08-27
2023,NOMINAL,7896,THIAGO MANZONI,PL,SIM,1,2026-08-27
2023,NOMINAL,7896,WELLINGTON LUIZ,MDB,SIM,1,2026-08-27
2023,NOMINAL,7899,CHICO VIGILANTE,PT,SIM,1,2026-08-27
2023,NOMINAL,7899,DANIEL DONIZET,MDB,SIM,1,2026-08-27
2023,NOMINAL,7899,DAYSE AMARILIO,PSB,SIM,1,2026-08-27
2023,NOMINAL,7899,FÁBIO FELIX,PSOL,SIM,1,2026-08-27
2023,NOMINAL,7899,GABRIEL MAGNO,PT,SIM,1,2026-08-27
2023,NOMINAL,7899,IOLANDO,MDB,SIM,1,2026-08-27
2023,NOMINAL,7899,JAQUELINE SILVA,MDB,SIM,1,2026-08-27
2023,NOMINAL,7899,JOAQUIM RORIZ NETO,PL,SIM,1,2026-08-27
2023,NOMINAL,7899,JOÃO CARDOSO,AVANTE,SIM,1,2026-08-27
2023,NOMINAL,7899,PASTOR DANIEL DE CASTRO,PP,SIM,1,2026-08-27
2023,NOMINAL,7899,RICARDO VALE,PT,SIM,1,2026-08-27
2023,NOMINAL,7899,ROBÉRIO NEGREIROS,PSD,SIM,1,2026-08-27
2023,NOMINAL,7899,ROGERIO MORRO DA CRUZ,NÃO INFORMADO,SIM,1,2026-08-27
2023,NOMINAL,7899,THIAGO MANZONI,PL,SIM,1,2026-08-27
2023,NOMINAL,7899,WELLINGTON LUIZ,MDB,SIM,1,2026-08-27
2023,NOMINAL,7933,CHICO VIGILANTE,PT,SIM,1,2026-08-27
2023,NOMINAL,7933,DANIEL DONIZET,MDB,SIM,1,2026-08-27
2023,NOMINAL,7933,DAYSE AMARILIO,PSB,SIM,1,2026-08-27
2023,NOMINAL,7933,DOUTORA JANE,MDB,SIM,1,2026-08-27
2023,NOMINAL,7933,EDUARDO PEDROSA,UNIÃO,SIM,1,2026-08-27
2023,NOMINAL,7933,FÁBIO FELIX,PSOL,SIM,1,2026-08-27
2023,NOMINAL,7933,IOLANDO,MDB,SIM,1,2026-08-27
2023,NOMINAL,7933,JAQUELINE SILVA,MDB,SIM,1,2026-08-27
2023,NOMINAL,7933,JOAQUIM RORIZ NETO,PL,SIM,1,2026-08-27
2023,NOMINAL,7933,JORGE VIANNA,PSD,SIM,1,2026-08-27
2023,NOMINAL,7933,MARTINS MACHADO,REPUBLICANOS,SIM,1,2026-08-27
2023,NOMINAL,7933,MAX MACIEL,PSOL,SIM,1,2026-08-27
2023,NOMINAL,7933,PASTOR DANIEL DE CASTRO,PP,SIM,1,2026-08-27
2023,NOMINAL,7933,PAULA BELMONTE,CIDADANIA,SIM,1,2026-08-27
2023,NOMINAL,7933,ROBÉRIO NEGREIROS,PSD,SIM,1,2026-08-27
2023,NOMINAL,7933,ROGERIO MORRO DA CRUZ,NÃO INFORMADO,SIM,1,2026-08-27
2023,NOMINAL,7933,ROOSEVELT VILELA,PL,SIM,1,2026-08-27
2023,NOMINAL,7933,THIAGO MANZONI,PL,SIM,1,2026-08-27
2023,NOMINAL,7933,WELLINGTON LUIZ,MDB,SIM,1,2026-08-27
2023,NOMINAL,7934,CHICO VIGILANTE,PT,SIM,1,2026-08-27
2023,NOMINAL,7934,DANIEL DONIZET,MDB,SIM,1,2026-08-27
2023,NOMINAL,7934,DOUTORA JANE,MDB,SIM,1,2026-08-27
2023,NOMINAL,7934,EDUARDO PEDROSA,UNIÃO,SIM,1,2026-08-27
2023,NOMINAL,7934,FÁBIO FELIX,PSOL,SIM,1,2026-08-27
2023,NOMINAL,7934,HERMETO,MDB,SIM,1,2026-08-27
2023,NOMINAL,7934,IOLANDO,MDB,SIM,1,2026-08-27
2023,NOMINAL,7934,JOAQUIM RORIZ NETO,PL,SIM,1,2026-08-27
2023,NOMINAL,7934,JORGE VIANNA,PSD,SIM,1,2026-08-27
2023,NOMINAL,7934,MARTINS MACHADO,REPUBLICANOS,SIM,1,2026-08-27
2023,NOMINAL,7934,MAX MACIEL,PSOL,SIM,1,2026-08-27
2023,NOMINAL,7934,PASTOR DANIEL DE CASTRO,PP,SIM,1,2026-08-27
2023,NOMINAL,7934,PAULA BELMONTE,CIDADANIA,SIM,1,2026-08-27
2023,NOMINAL,7934,RICARDO VALE,PT,SIM,1,2026-08-27
2023,NOMINAL,7934,ROBÉRIO NEGREIROS,PSD,SIM,1,2026-08-27
2023,NOMINAL,7934,ROGERIO MORRO DA CRUZ,NÃO INFORMADO,SIM,1,2026-08-27
2023,NOMINAL,7934,ROOSEVELT VILELA,PL,SIM,1,2026-08-27
2023,NOMINAL,7934,THIAGO MANZONI,PL,SIM,1,2026-08-27
2023,NOMINAL,7935,CHICO VIGILANTE,PT,SIM,1,2026-08-27
2023,NOMINAL,7935,DANIEL DONIZET,MDB,SIM,1,2026-08-27
2023,NOMINAL,7935,DAYSE AMARILIO,PSB,SIM,1,2026-08-27
2023,NOMINAL,7935,DOUTORA JANE,MDB,SIM,1,2026-08-27
2023,NOMINAL,7935,EDUARDO PEDROSA,UNIÃO,SIM,1,2026-08-27
2023,NOMINAL,7935,FÁBIO FELIX,PSOL,SIM,1,2026-08-27
2023,NOMINAL,7935,GABRIEL MAGNO,PT,SIM,1,2026-08-27
2023,NOMINAL,7935,HERMETO,MDB,SIM,1,2026-08-27
2023,NOMINAL,7935,IOLANDO,MDB,SIM,1,2026-08-27
2023,NOMINAL,7935,JAQUELINE SILVA,MDB,SIM,1,2026-08-27
2023,NOMINAL,7935,JOAQUIM RORIZ NETO,PL,SIM,1,2026-08-27
2023,NOMINAL,7935,JORGE VIANNA,PSD,SIM,1,2026-08-27
2023,NOMINAL,7935,MARTINS MACHADO,REPUBLICANOS,SIM,1,2026-08-27
2023,NOMINAL,7935,MAX MACIEL,PSOL,SIM,1,2026-08-27
2023,NOMINAL,7935,PASTOR DANIEL DE CASTRO,PP,SIM,1,2026-08-27
2023,NOMINAL,7935,PAULA BELMONTE,CIDADANIA,SIM,1,2026-08-27
2023,NOMINAL,7935,RICARDO VALE,PT,SIM,1,2026-08-27
2023,NOMINAL,7935,ROBÉRIO NEGREIROS,PSD,SIM,1,2026-08-27
2023,NOMINAL,7935,ROGERIO MORRO DA CRUZ,NÃO INFORMADO,SIM,1,2026-08-27
2023,NOMINAL,7935,ROOSEVELT VILELA,PL,SIM,1,2026-08-27
2023,NOMINAL,7935,THIAGO MANZONI,PL,SIM,1,2026-08-27
2023,NOMINAL,7935,WELLINGTON LUIZ,MDB,SIM,1,2026-08-27
2023,NOMINAL,7936,CHICO VIGILANTE,PT,SIM,1,2026-08-27
2023,NOMINAL,7936,DANIEL DONIZET,MDB,SIM,1,2026-08-27
2023,NOMINAL,7936,DAYSE AMARILIO,PSB,SIM,1,2026-08-27
2023,NOMINAL,7936,DOUTORA JANE,MDB,SIM,1,2026-08-27
2023,NOMINAL,7936,EDUARDO PEDROSA,UNIÃO,SIM,1,2026-08-27
2023,NOMINAL,7936,FÁBIO FELIX,PSOL,SIM,1,2026-08-27
2023,NOMINAL,7936,GABRIEL MAGNO,PT,SIM,1,2026-08-27
2023,NOMINAL,7936,HERMETO,MDB,SIM,1,2026-08-27
2023,NOMINAL,7936,IOLANDO,MDB,SIM,1,2026-08-27
2023,NOMINAL,7936,JAQUELINE SILVA,MDB,SIM,1,2026-08-27
2023,NOMINAL,7936,JOAQUIM RORIZ NETO,PL,SIM,1,2026-08-27
2023,NOMINAL,7936,JORGE VIANNA,PSD,SIM,1,2026-08-27
2023,NOMINAL,7936,MARTINS MACHADO,REPUBLICANOS,SIM,1,2026-08-27
2023,NOMINAL,7936,MAX MACIEL,PSOL,SIM,1,2026-08-27
2023,NOMINAL,7936,PASTOR DANIEL DE CASTRO,PP,SIM,1,2026-08-27
2023,NOMINAL,7936,PAULA BELMONTE,CIDADANIA,SIM,1,2026-08-27
2023,NOMINAL,7936,RICARDO VALE,PT,SIM,1,2026-08-27
2023,NOMINAL,7936,ROBÉRIO NEGREIROS,PSD,SIM,1,2026-08-27
2023,NOMINAL,7936,ROGERIO MORRO DA CRUZ,NÃO INFORMADO,SIM,1,2026-08-27
2023,NOMINAL,7936,ROOSEVELT VILELA,PL,SIM,1,2026-08-27
2023,NOMINAL,7936,THIAGO MANZONI,PL,SIM,1,2026-08-27
2023,NOMINAL,7936,WELLINGTON LUIZ,MDB,SIM,1,2026-08-27
2023,NOMINAL,7939,CHICO VIGILANTE,PT,SIM,1,2026-08-27
2023,NOMINAL,7939,DANIEL DONIZET,MDB,SIM,1,2026-08-27
2023,NOMINAL,7939,DAYSE AMARILIO,PSB,SIM,1,2026-08-27
2023,NOMINAL,7939,DOUTORA JANE,MDB,SIM,1,2026-08-27
2023,NOMINAL,7939,EDUARDO PEDROSA,UNIÃO,SIM,1,2026-08-27
2023,NOMINAL,7939,FÁBIO FELIX,PSOL,SIM,1,2026-08-27
2023,NOMINAL,7939,GABRIEL MAGNO,PT,SIM,1,2026-08-27
2023,NOMINAL,7939,IOLANDO,MDB,SIM,1,2026-08-27
2023,NOMINAL,7939,JAQUELINE SILVA,MDB,SIM,1,2026-08-27
2023,NOMINAL,7939,JOAQUIM RORIZ NETO,PL,SIM,1,2026-08-27
2023,NOMINAL,7939,JORGE VIANNA,PSD,SIM,1,2026-08-27
2023,NOMINAL,7939,MARTINS MACHADO,REPUBLICANOS,SIM,1,2026-08-27
2023,NOMINAL,7939,MAX MACIEL,PSOL,SIM,1,2026-08-27
2023,NOMINAL,7939,PASTOR DANIEL DE CASTRO,PP,SIM,1,2026-08-27
2023,NOMINAL,7939,PAULA BELMONTE,CIDADANIA,SIM,1,2026-08-27
2023,NOMINAL,7939,RICARDO VALE,PT,SIM,1,2026-08-27
2023,NOMINAL,7939,ROBÉRIO NEGREIROS,PSD,SIM,1,2026-08-27
2023,NOMINAL,7939,ROGERIO MORRO DA CRUZ,NÃO INFORMADO,SIM,1,2026-08-27
2023,NOMINAL,7939,ROOSEVELT VILELA,PL,SIM,1,2026-08-27
2023,NOMINAL,7939,THIAGO MANZONI,PL,SIM,1,2026-08-27
2023,NOMINAL,7939,WELLINGTON LUIZ,MDB,SIM,1,2026-08-27
2023,NOMINAL,7940,CHICO VIGILANTE,PT,SIM,1,2026-08-27
2023,NOMINAL,7940,DANIEL DONIZET,MDB,SIM,1,2026-08-27
2023,NOMINAL,7940,DAYSE AMARILIO,PSB,SIM,1,2026-08-27
2023,NOMINAL,7940,DOUTORA JANE,MDB,SIM,1,2026-08-27
2023,NOMINAL,7940,EDUARDO PEDROSA,UNIÃO,SIM,1,2026-08-27
2023,NOMINAL,7940,FÁBIO FELIX,PSOL,SIM,1,2026-08-27
2023,NOMINAL,7940,GABRIEL MAGNO,PT,SIM,1,2026-08-27
2023,NOMINAL,7940,HERMETO,MDB,SIM,1,2026-08-27
2023,NOMINAL,7940,IOLANDO,MDB,SIM,1,2026-08-27
2023,NOMINAL,7940,JAQUELINE SILVA,MDB,SIM,1,2026-08-27
2023,NOMINAL,7940,JOAQUIM RORIZ NETO,PL,SIM,1,2026-08-27
2023,NOMINAL,7940,JORGE VIANNA,PSD,SIM,1,2026-08-27
2023,NOMINAL,7940,MAX MACIEL,PSOL,SIM,1,2026-08-27
2023,NOMINAL,7940,PASTOR DANIEL DE CASTRO,PP,SIM,1,2026-08-27
2023,NOMINAL,7940,PAULA BELMONTE,CIDADANIA,SIM,1,2026-08-27
2023,NOMINAL,7940,RICARDO VALE,PT,SIM,1,2026-08-27
2023,NOMINAL,7940,ROBÉRIO NEGREIROS,PSD,SIM,1,2026-08-27
2023,NOMINAL,7940,ROGERIO MORRO DA CRUZ,NÃO INFORMADO,SIM,1,2026-08-27
2023,NOMINAL,7940,ROOSEVELT VILELA,PL,SIM,1,2026-08-27
2023,NOMINAL,7940,THIAGO MANZONI,PL,SIM,1,2026-08-27
2023,NOMINAL,7940,WELLINGTON LUIZ,MDB,SIM,1,2026-08-27
2023,NOMINAL,7948,CHICO VIGILANTE,PT,SIM,1,2026-08-27
2023,NOMINAL,7948,DANIEL DONIZET,MDB,SIM,1,2026-08-27
2023,NOMINAL,7948,DAYSE AMARILIO,PSB,SIM,1,2026-08-27
2023,NOMINAL,7948,DOUTORA JANE,MDB,SIM,1,2026-08-27
2023,NOMINAL,7948,EDUARDO PEDROSA,UNIÃO,SIM,1,2026-08-27
2023,NOMINAL,7948,FÁBIO FELIX,PSOL,SIM,1,2026-08-27
2023,NOMINAL,7948,GABRIEL MAGNO,PT,SIM,1,2026-08-27
2023,NOMINAL,7948,HERMETO,MDB,SIM,1,2026-08-27
2023,NOMINAL,7948,IOLANDO,MDB,SIM,1,2026-08-27
2023,NOMINAL,7948,JAQUELINE SILVA,MDB,SIM,1,2026-08-27
2023,NOMINAL,7948,JOAQUIM RORIZ NETO,PL,SIM,1,2026-08-27
2023,NOMINAL,7948,JORGE VIANNA,PSD,SIM,1,2026-08-27
2023,NOMINAL,7948,MARTINS MACHADO,REPUBLICANOS,SIM,1,2026-08-27
2023,NOMINAL,7948,MAX MACIEL,PSOL,SIM,1,2026-08-27
2023,NOMINAL,7948,PASTOR DANIEL DE CASTRO,PP,SIM,1,2026-08-27
2023,NOMINAL,7948,PAULA BELMONTE,CIDADANIA,SIM,1,2026-08-27
2023,NOMINAL,7948,RICARDO VALE,PT,SIM,1,2026-08-27
2023,NOMINAL,7948,ROBÉRIO NEGREIROS,PSD,SIM,1,2026-08-27
2023,NOMINAL,7948,ROGERIO MORRO DA CRUZ,NÃO INFORMADO,SIM,1,2026-08-27
2023,NOMINAL,7948,ROOSEVELT VILELA,PL,SIM,1,2026-08-27
2023,NOMINAL,7948,THIAGO MANZONI,PL,SIM,1,2026-08-27
2023,NOMINAL,7948,WELLINGTON LUIZ,MDB,SIM,1,2026-08-27
2023,NOMINAL,7949,CHICO VIGILANTE,PT,SIM,1,2026-08-27
2023,NOMINAL,7949,DANIEL DONIZET,MDB,SIM,1,2026-08-27
2023,NOMINAL,7949,DAYSE AMARILIO,PSB,SIM,1,2026-08-27
2023,NOMINAL,7949,DOUTORA JANE,MDB,SIM,1,2026-08-27
2023,NOMINAL,7949,EDUARDO PEDROSA,UNIÃO,SIM,1,2026-08-27
2023,NOMINAL,7949,FÁBIO FELIX,PSOL,SIM,1,2026-08-27
2023,NOMINAL,7949,GABRIEL MAGNO,PT,SIM,1,2026-08-27
2023,NOMINAL,7949,HERMETO,MDB,SIM,1,2026-08-27
2023,NOMINAL,7949,IOLANDO,MDB,SIM,1,2026-08-27
2023,NOMINAL,7949,JAQUELINE SILVA,MDB,SIM,1,2026-08-27
2023,NOMINAL,7949,JOAQUIM RORIZ NETO,PL,SIM,1,2026-08-27
2023,NOMINAL,7949,JORGE VIANNA,PSD,SIM,1,2026-08-27
2023,NOMINAL,7949,MARTINS MACHADO,REPUBLICANOS,SIM,1,2026-08-27
2023,NOMINAL,7949,MAX MACIEL,PSOL,SIM,1,2026-08-27
2023,NOMINAL,7949,PASTOR DANIEL DE CASTRO,PP,SIM,1,2026-08-27
2023,NOMINAL,7949,PAULA BELMONTE,CIDADANIA,SIM,1,2026-08-27
2023,NOMINAL,7949,RICARDO VALE,PT,SIM,1,2026-08-27
2023,NOMINAL,7949,ROBÉRIO NEGREIROS,PSD,SIM,1,2026-08-27
2023,NOMINAL,7949,ROGERIO MORRO DA CRUZ,NÃO INFORMADO,SIM,1,2026-08-27
2023,NOMINAL,7949,ROOSEVELT VILELA,PL,SIM,1,2026-08-27
2023,NOMINAL,7949,THIAGO MANZONI,PL,SIM,1,2026-08-27
2023,NOMINAL,7952,CHICO VIGILANTE,PT,SIM,1,2026-08-27
2023,NOMINAL,7952,DANIEL DONIZET,MDB,SIM,1,2026-08-27
2023,NOMINAL,7952,DAYSE AMARILIO,PSB,SIM,1,2026-08-27
2023,NOMINAL,7952,DOUTORA JANE,MDB,SIM,1,2026-08-27
2023,NOMINAL,7952,EDUARDO PEDROSA,UNIÃO,SIM,1,2026-08-27
2023,NOMINAL,7952,FÁBIO FELIX,PSOL,SIM,1,2026-08-27
2023,NOMINAL,7952,GABRIEL MAGNO,PT,SIM,1,2026-08-27
2023,NOMINAL,7952,HERMETO,MDB,SIM,1,2026-08-27
2023,NOMINAL,7952,IOLANDO,MDB,SIM,1,2026-08-27
2023,NOMINAL,7952,JAQUELINE SILVA,MDB,SIM,1,2026-08-27
2023,NOMINAL,7952,JOAQUIM RORIZ NETO,PL,SIM,1,2026-08-27
2023,NOMINAL,7952,JORGE VIANNA,PSD,SIM,1,2026-08-27
2023,NOMINAL,7952,MARTINS MACHADO,REPUBLICANOS,SIM,1,2026-08-27
2023,NOMINAL,7952,MAX MACIEL,PSOL,SIM,1,2026-08-27
2023,NOMINAL,7952,PASTOR DANIEL DE CASTRO,PP,SIM,1,2026-08-27
2023,NOMINAL,7952,PAULA BELMONTE,CIDADANIA,SIM,1,2026-08-27
2023,NOMINAL,7952,RICARDO VALE,PT,SIM,1,2026-08-27
2023,NOMINAL,7952,ROBÉRIO NEGREIROS,PSD,SIM,1,2026-08-27
2023,NOMINAL,7952,ROGERIO MORRO DA CRUZ,NÃO INFORMADO,SIM,1,2026-08-27
2023,NOMINAL,7952,ROOSEVELT VILELA,PL,SIM,1,2026-08-27
2023,NOMINAL,7952,THIAGO MANZONI,PL,SIM,1,2026-08-27
2023,NOMINAL,7952,WELLINGTON LUIZ,MDB,SIM,1,2026-08-27
2023,NOMINAL,7964,CHICO VIGILANTE,PT,NAO,1,2026-08-27
2023,NOMINAL,7964,DANIEL DONIZET,MDB,SIM,1,2026-08-27
2023,NOMINAL,7964,DAYSE AMARILIO,PSB,NAO,1,2026-08-27
2023,NOMINAL,7964,EDUARDO PEDROSA,UNIÃO,SIM,1,2026-08-27
2023,NOMINAL,7964,FÁBIO FELIX,PSOL,NAO,1,2026-08-27
2023,NOMINAL,7964,GABRIEL MAGNO,PT,NAO,1,2026-08-27
2023,NOMINAL,7964,HERMETO,MDB,SIM,1,2026-08-27
2023,NOMINAL,7964,IOLANDO,MDB,SIM,1,2026-08-27
2023,NOMINAL,7964,JAQUELINE SILVA,MDB,SIM,1,2026-08-27
2023,NOMINAL,7964,JOAQUIM RORIZ NETO,PL,SIM,1,2026-08-27
2023,NOMINAL,7964,JORGE VIANNA,PSD,SIM,1,2026-08-27
2023,NOMINAL,7964,JOÃO CARDOSO,AVANTE,SIM,1,2026-08-27
2023,NOMINAL,7964,MARTINS MACHADO,REPUBLICANOS,SIM,1,2026-08-27
2023,NOMINAL,7964,MAX MACIEL,PSOL,NAO,1,2026-08-27
2023,NOMINAL,7964,PASTOR DANIEL DE CASTRO,PP,SIM,1,2026-08-27
2023,NOMINAL,7964,PAULA BELMONTE,CIDADANIA,NAO,1,2026-08-27
2023,NOMINAL,7964,RICARDO VALE,PT,NAO,1,2026-08-27
2023,NOMINAL,7964,ROBÉRIO NEGREIROS,PSD,SIM,1,2026-08-27
2023,NOMINAL,7964,ROGERIO MORRO DA CRUZ,NÃO INFORMADO,SIM,1,2026-08-27
2023,NOMINAL,7964,ROOSEVELT VILELA,PL,SIM,1,2026-08-27
2023,NOMINAL,7964,THIAGO MANZONI,PL,SIM,1,2026-08-27
2023,NOMINAL,7964,WELLINGTON LUIZ,MDB,SIM,1,2026-08-27
2023,NOMINAL,7965,CHICO VIGILANTE,PT,NAO,1,2026-08-27
2023,NOMINAL,7965,DANIEL DONIZET,MDB,SIM,1,2026-08-27
2023,NOMINAL,7965,DAYSE AMARILIO,PSB,NAO,1,2026-08-27
2023,NOMINAL,7965,DOUTORA JANE,MDB,SIM,1,2026-08-27
2023,NOMINAL,7965,EDUARDO PEDROSA,UNIÃO,SIM,1,2026-08-27
2023,NOMINAL,7965,FÁBIO FELIX,PSOL,NAO,1,2026-08-27
2023,NOMINAL,7965,GABRIEL MAGNO,PT,NAO,1,2026-08-27
2023,NOMINAL,7965,HERMETO,MDB,SIM,1,2026-08-27
2023,NOMINAL,7965,IOLANDO,MDB,SIM,1,2026-08-27
2023,NOMINAL,7965,JAQUELINE SILVA,MDB,SIM,1,2026-08-27
2023,NOMINAL,7965,JOAQUIM RORIZ NETO,PL,SIM,1,2026-08-27
2023,NOMINAL,7965,JORGE VIANNA,PSD,SIM,1,2026-08-27
2023,NOMINAL,7965,JOÃO CARDOSO,AVANTE,SIM,1,2026-08-27
2023,NOMINAL,7965,MARTINS MACHADO,REPUBLICANOS,SIM,1,2026-08-27
2023,NOMINAL,7965,MAX MACIEL,PSOL,NAO,1,2026-08-27
2023,NOMINAL,7965,PASTOR DANIEL DE CASTRO,PP,SIM,1,2026-08-27
2023,NOMINAL,7965,PAULA BELMONTE,CIDADANIA,NAO,1,2026-08-27
2023,NOMINAL,7965,RICARDO VALE,PT,NAO,1,2026-08-27
2023,NOMINAL,7965,ROBÉRIO NEGREIROS,PSD,SIM,1,2026-08-27
2023,NOMINAL,7965,ROGERIO MORRO DA CRUZ,NÃO INFORMADO,SIM,1,2026-08-27
2023,NOMINAL,7965,ROOSEVELT VILELA,PL,SIM,1,2026-08-27
2023,NOMINAL,7965,THIAGO MANZONI,PL,SIM,1,2026-08-27
2023,NOMINAL,7965,WELLINGTON LUIZ,MDB,SIM,1,2026-08-27
2023,NOMINAL,7967,CHICO VIGILANTE,PT,NAO,1,2026-08-27
2023,NOMINAL,7967,DANIEL DONIZET,MDB,SIM,1,2026-08-27
2023,NOMINAL,7967,DAYSE AMARILIO,PSB,NAO,1,2026-08-27
2023,NOMINAL,7967,EDUARDO PEDROSA,UNIÃO,SIM,1,2026-08-27
2023,NOMINAL,7967,FÁBIO FELIX,PSOL,NAO,1,2026-08-27
2023,NOMINAL,7967,GABRIEL MAGNO,PT,NAO,1,2026-08-27
2023,NOMINAL,7967,HERMETO,MDB,SIM,1,2026-08-27
2023,NOMINAL,7967,IOLANDO,MDB,SIM,1,2026-08-27
2023,NOMINAL,7967,JAQUELINE SILVA,MDB,SIM,1,2026-08-27
2023,NOMINAL,7967,JOAQUIM RORIZ NETO,PL,SIM,1,2026-08-27
2023,NOMINAL,7967,JORGE VIANNA,PSD,SIM,1,2026-08-27
2023,NOMINAL,7967,JOÃO CARDOSO,AVANTE,SIM,1,2026-08-27
2023,NOMINAL,7967,MARTINS MACHADO,REPUBLICANOS,SIM,1,2026-08-27
2023,NOMINAL,7967,MAX MACIEL,PSOL,NAO,1,2026-08-27
2023,NOMINAL,7967,PASTOR DANIEL DE CASTRO,PP,SIM,1,2026-08-27
2023,NOMINAL,7967,RICARDO VALE,PT,NAO,1,2026-08-27
2023,NOMINAL,7967,ROBÉRIO NEGREIROS,PSD,SIM,1,2026-08-27
2023,NOMINAL,7967,ROGERIO MORRO DA CRUZ,NÃO INFORMADO,SIM,1,2026-08-27
2023,NOMINAL,7967,ROOSEVELT VILELA,PL,SIM,1,2026-08-27
2023,NOMINAL,7967,THIAGO MANZONI,PL,SIM,1,2026-08-27
2023,NOMINAL,7967,WELLINGTON LUIZ,MDB,SIM,1,2026-08-27
2023,NOMINAL,7968,CHICO VIGILANTE,PT,NAO,1,2026-08-27
2023,NOMINAL,7968,DANIEL DONIZET,MDB,SIM,1,2026-08-27
2023,NOMINAL,7968,DAYSE AMARILIO,PSB,NAO,1,2026-08-27
2023,NOMINAL,7968,EDUARDO PEDROSA,UNIÃO,SIM,1,2026-08-27
2023,NOMINAL,7968,FÁBIO FELIX,PSOL,NAO,1,2026-08-27
2023,NOMINAL,7968,GABRIEL MAGNO,PT,NAO,1,2026-08-27
2023,NOMINAL,7968,HERMETO,MDB,SIM,1,2026-08-27
2023,NOMINAL,7968,IOLANDO,MDB,SIM,1,2026-08-27
2023,NOMINAL,7968,JAQUELINE SILVA,MDB,SIM,1,2026-08-27
2023,NOMINAL,7968,JOAQUIM RORIZ NETO,PL,SIM,1,2026-08-27
2023,NOMINAL,7968,JORGE VIANNA,PSD,SIM,1,2026-08-27
2023,NOMINAL,7968,JOÃO CARDOSO,AVANTE,SIM,1,2026-08-27
2023,NOMINAL,7968,MARTINS MACHADO,REPUBLICANOS,SIM,1,2026-08-27
2023,NOMINAL,7968,MAX MACIEL,PSOL,NAO,1,2026-08-27
2023,NOMINAL,7968,PASTOR DANIEL DE CASTRO,PP,SIM,1,2026-08-27
2023,NOMINAL,7968,PAULA BELMONTE,CIDADANIA,NAO,1,2026-08-27
2023,NOMINAL,7968,RICARDO VALE,PT,NAO,1,2026-08-27
2023,NOMINAL,7968,ROBÉRIO NEGREIROS,PSD,SIM,1,2026-08-27
2023,NOMINAL,7968,ROGERIO MORRO DA CRUZ,NÃO INFORMADO,SIM,1,2026-08-27
2023,NOMINAL,7968,ROOSEVELT VILELA,PL,SIM,1,2026-08-27
2023,NOMINAL,7968,THIAGO MANZONI,PL,SIM,1,2026-08-27
2023,NOMINAL,7968,WELLINGTON LUIZ,MDB,SIM,1,2026-08-27
2023,NOMINAL,7969,CHICO VIGILANTE,PT,SIM,1,2026-08-27
2023,NOMINAL,7969,DANIEL DONIZET,MDB,NAO,1,2026-08-27
2023,NOMINAL,7969,DAYSE AMARILIO,PSB,SIM,1,2026-08-27
2023,NOMINAL,7969,EDUARDO PEDROSA,UNIÃO,NAO,1,2026-08-27
2023,NOMINAL,7969,FÁBIO FELIX,PSOL,SIM,1,2026-08-27
2023,NOMINAL,7969,GABRIEL MAGNO,PT,SIM,1,2026-08-27
2023,NOMINAL,7969,HERMETO,MDB,NAO,1,2026-08-27
2023,NOMINAL,7969,IOLANDO,MDB,NAO,1,2026-08-27
2023,NOMINAL,7969,IOLANDO,MDB,SIM,1,2026-08-27
2023,NOMINAL,7969,JAQUELINE SILVA,MDB,NAO,1,2026-08-27
2023,NOMINAL,7969,JOAQUIM RORIZ NETO,PL,NAO,1,2026-08-27
2023,NOMINAL,7969,JORGE VIANNA,PSD,NAO,1,2026-08-27
2023,NOMINAL,7969,JOÃO CARDOSO,AVANTE,NAO,1,2026-08-27
2023,NOMINAL,7969,MARTINS MACHADO,REPUBLICANOS,NAO,1,2026-08-27
2023,NOMINAL,7969,MAX MACIEL,PSOL,SIM,1,2026-08-27
2023,NOMINAL,7969,PASTOR DANIEL DE CASTRO,PP,NAO,1,2026-08-27
2023,NOMINAL,7969,PAULA BELMONTE,CIDADANIA,SIM,1,2026-08-27
2023,NOMINAL,7969,RICARDO VALE,PT,SIM,1,2026-08-27
2023,NOMINAL,7969,ROBÉRIO NEGREIROS,PSD,NAO,1,2026-08-27
2023,NOMINAL,7969,ROGERIO MORRO DA CRUZ,NÃO INFORMADO,NAO,1,2026-08-27
2023,NOMINAL,7969,ROOSEVELT VILELA,PL,NAO,1,2026-08-27
2023,NOMINAL,7969,THIAGO MANZONI,PL,NAO,1,2026-08-27
2023,NOMINAL,7969,WELLINGTON LUIZ,MDB,NAO,1,2026-08-27
2023,NOMINAL,7970,CHICO VIGILANTE,PT,NAO,1,2026-08-27
2023,NOMINAL,7970,DANIEL DONIZET,MDB,SIM,1,2026-08-27
2023,NOMINAL,7970,DAYSE AMARILIO,PSB,NAO,1,2026-08-27
2023,NOMINAL,7970,EDUARDO PEDROSA,UNIÃO,SIM,1,2026-08-27
2023,NOMINAL,7970,FÁBIO FELIX,PSOL,NAO,1,2026-08-27
2023,NOMINAL,7970,GABRIEL MAGNO,PT,NAO,1,2026-08-27
2023,NOMINAL,7970,HERMETO,MDB,SIM,1,2026-08-27
2023,NOMINAL,7970,IOLANDO,MDB,SIM,1,2026-08-27
2023,NOMINAL,7970,JAQUELINE SILVA,MDB,SIM,1,2026-08-27
2023,NOMINAL,7970,JOAQUIM RORIZ NETO,PL,SIM,1,2026-08-27
2023,NOMINAL,7970,JORGE VIANNA,PSD,SIM,1,2026-08-27
2023,NOMINAL,7970,JOÃO CARDOSO,AVANTE,SIM,1,2026-08-27
2023,NOMINAL,7970,MARTINS MACHADO,REPUBLICANOS,SIM,1,2026-08-27
2023,NOMINAL,7970,MAX MACIEL,PSOL,NAO,1,2026-08-27
2023,NOMINAL,7970,PASTOR DANIEL DE CASTRO,PP,SIM,1,2026-08-27
2023,NOMINAL,7970,PAULA BELMONTE,CIDADANIA,SIM,1,2026-08-27
2023,NOMINAL,7970,RICARDO VALE,PT,NAO,1,2026-08-27
2023,NOMINAL,7970,ROBÉRIO NEGREIROS,PSD,SIM,1,2026-08-27
2023,NOMINAL,7970,ROGERIO MORRO DA CRUZ,NÃO INFORMADO,SIM,1,2026-08-27
2023,NOMINAL,7970,ROOSEVELT VILELA,PL,SIM,1,2026-08-27
2023,NOMINAL,7970,THIAGO MANZONI,PL,SIM,1,2026-08-27
2023,NOMINAL,7970,WELLINGTON LUIZ,MDB,SIM,1,2026-08-27
2023,NOMINAL,7971,CHICO VIGILANTE,PT,NAO,1,2026-08-27
2023,NOMINAL,7971,DANIEL DONIZET,MDB,SIM,1,2026-08-27
2023,NOMINAL,7971,DAYSE AMARILIO,PSB,NAO,1,2026-08-27
2023,NOMINAL,7971,EDUARDO PEDROSA,UNIÃO,SIM,1,2026-08-27
2023,NOMINAL,7971,FÁBIO FELIX,PSOL,NAO,1,2026-08-27
2023,NOMINAL,7971,GABRIEL MAGNO,PT,NAO,1,2026-08-27
2023,NOMINAL,7971,HERMETO,MDB,SIM,1,2026-08-27
2023,NOMINAL,7971,IOLANDO,MDB,SIM,1,2026-08-27
2023,NOMINAL,7971,JAQUELINE SILVA,MDB,SIM,1,2026-08-27
2023,NOMINAL,7971,JOAQUIM RORIZ NETO,PL,SIM,1,2026-08-27
2023,NOMINAL,7971,JORGE VIANNA,PSD,SIM,1,2026-08-27
2023,NOMINAL,7971,JOÃO CARDOSO,AVANTE,SIM,1,2026-08-27
2023,NOMINAL,7971,MARTINS MACHADO,REPUBLICANOS,SIM,1,2026-08-27
2023,NOMINAL,7971,MAX MACIEL,PSOL,NAO,1,2026-08-27
2023,NOMINAL,7971,PASTOR DANIEL DE CASTRO,PP,SIM,1,2026-08-27
2023,NOMINAL,7971,PAULA BELMONTE,CIDADANIA,NAO,1,2026-08-27
2023,NOMINAL,7971,RICARDO VALE,PT,NAO,1,2026-08-27
2023,NOMINAL,7971,ROBÉRIO NEGREIROS,PSD,SIM,1,2026-08-27
2023,NOMINAL,7971,ROGERIO MORRO DA CRUZ,NÃO INFORMADO,SIM,1,2026-08-27
2023,NOMINAL,7971,ROOSEVELT VILELA,PL,SIM,1,2026-08-27
2023,NOMINAL,7971,THIAGO MANZONI,PL,SIM,1,2026-08-27
2023,NOMINAL,7971,WELLINGTON LUIZ,MDB,SIM,1,2026-08-27
2023,NOMINAL,7983,CHICO VIGILANTE,PT,NAO,1,2026-08-27
2023,NOMINAL,7983,DANIEL DONIZET,MDB,SIM,1,2026-08-27
2023,NOMINAL,7983,DAYSE AMARILIO,PSB,NAO,1,2026-08-27
2023,NOMINAL,7983,EDUARDO PEDROSA,UNIÃO,SIM,1,2026-08-27
2023,NOMINAL,7983,FÁBIO FELIX,PSOL,NAO,1,2026-08-27
2023,NOMINAL,7983,GABRIEL MAGNO,PT,NAO,1,2026-08-27
2023,NOMINAL,7983,HERMETO,MDB,SIM,1,2026-08-27
2023,NOMINAL,7983,IOLANDO,MDB,SIM,1,2026-08-27
2023,NOMINAL,7983,JAQUELINE SILVA,MDB,SIM,1,2026-08-27
2023,NOMINAL,7983,JOAQUIM RORIZ NETO,PL,SIM,1,2026-08-27
2023,NOMINAL,7983,JORGE VIANNA,PSD,SIM,1,2026-08-27
2023,NOMINAL,7983,JOÃO CARDOSO,AVANTE,SIM,1,2026-08-27
2023,NOMINAL,7983,MARTINS MACHADO,REPUBLICANOS,SIM,1,2026-08-27
2023,NOMINAL,7983,MAX MACIEL,PSOL,NAO,1,2026-08-27
2023,NOMINAL,7983,PASTOR DANIEL DE CASTRO,PP,SIM,1,2026-08-27
2023,NOMINAL,7983,PAULA BELMONTE,CIDADANIA,NAO,1,2026-08-27
2023,NOMINAL,7983,RICARDO VALE,PT,NAO,1,2026-08-27
2023,NOMINAL,7983,ROBÉRIO NEGREIROS,PSD,SIM,1,2026-08-27
2023,NOMINAL,7983,ROGERIO MORRO DA CRUZ,NÃO INFORMADO,SIM,1,2026-08-27
2023,NOMINAL,7983,ROOSEVELT VILELA,PL,SIM,1,2026-08-27
2023,NOMINAL,7983,THIAGO MANZONI,PL,SIM,1,2026-08-27
2023,NOMINAL,7983,WELLINGTON LUIZ,MDB,SIM,1,2026-08-27
2023,NOMINAL,8035,CHICO VIGILANTE,PT,SIM,1,2026-08-27
2023,NOMINAL,8035,DANIEL DONIZET,MDB,SIM,1,2026-08-27
2023,NOMINAL,8035,DAYSE AMARILIO,PSB,SIM,1,2026-08-27
2023,NOMINAL,8035,DOUTORA JANE,MDB,SIM,1,2026-08-27
2023,NOMINAL,8035,EDUARDO PEDROSA,UNIÃO,SIM,1,2026-08-27
2023,NOMINAL,8035,GABRIEL MAGNO,PT,SIM,1,2026-08-27
2023,NOMINAL,8035,IOLANDO,MDB,SIM,1,2026-08-27
2023,NOMINAL,8035,JAQUELINE SILVA,MDB,SIM,1,2026-08-27
2023,NOMINAL,8035,JOAQUIM RORIZ NETO,PL,SIM,1,2026-08-27
2023,NOMINAL,8035,JOÃO CARDOSO,AVANTE,SIM,1,2026-08-27
2023,NOMINAL,8035,MARTINS MACHADO,REPUBLICANOS,SIM,1,2026-08-27
2023,NOMINAL,8035,RICARDO VALE,PT,SIM,1,2026-08-27
2023,NOMINAL,8035,ROBÉRIO NEGREIROS,PSD,SIM,1,2026-08-27
2023,NOMINAL,8035,ROGERIO MORRO DA CRUZ,NÃO INFORMADO,SIM,1,2026-08-27
2023,NOMINAL,8035,THIAGO MANZONI,PL,ABSTENCAO,1,2026-08-27
2023,NOMINAL,8035,WELLINGTON LUIZ,MDB,SIM,1,2026-08-27
2023,NOMINAL,8043,DANIEL DONIZET,MDB,SIM,1,2026-08-27
2023,NOMINAL,8043,DAYSE AMARILIO,PSB,SIM,1,2026-08-27
2023,NOMINAL,8043,DOUTORA JANE,MDB,SIM,1,2026-08-27
2023,NOMINAL,8043,EDUARDO PEDROSA,UNIÃO,SIM,1,2026-08-27
2023,NOMINAL,8043,GABRIEL MAGNO,PT,SIM,1,2026-08-27
2023,NOMINAL,8043,HERMETO,MDB,SIM,1,2026-08-27
2023,NOMINAL,8043,JAQUELINE SILVA,MDB,SIM,1,2026-08-27
2023,NOMINAL,8043,JOAQUIM RORIZ NETO,PL,SIM,1,2026-08-27
2023,NOMINAL,8043,JORGE VIANNA,PSD,SIM,1,2026-08-27
2023,NOMINAL,8043,MARTINS MACHADO,REPUBLICANOS,SIM,1,2026-08-27
2023,NOMINAL,8043,MAX MACIEL,PSOL,SIM,1,2026-08-27
2023,NOMINAL,8043,PASTOR DANIEL DE CASTRO,PP,SIM,1,2026-08-27
2023,NOMINAL,8043,RICARDO VALE,PT,SIM,1,2026-08-27
2023,NOMINAL,8043,ROBÉRIO NEGREIROS,PSD,SIM,1,2026-08-27
2023,NOMINAL,8043,ROGERIO MORRO DA CRUZ,NÃO INFORMADO,SIM,1,2026-08-27
2023,NOMINAL,8043,ROOSEVELT VILELA,PL,SIM,1,2026-08-27
2023,NOMINAL,8043,THIAGO MANZONI,PL,SIM,1,2026-08-27
2023,NOMINAL,8043,WELLINGTON LUIZ,MDB,SIM,1,2026-08-27
2023,NOMINAL,8057,CHICO VIGILANTE,PT,NAO,1,2026-08-27
2023,NOMINAL,8057,DANIEL DONIZET,MDB,NAO,1,2026-08-27
2023,NOMINAL,8057,DAYSE AMARILIO,PSB,NAO,1,2026-08-27
2023,NOMINAL,8057,DOUTORA JANE,MDB,NAO,1,2026-08-27
2023,NOMINAL,8057,EDUARDO PEDROSA,UNIÃO,NAO,1,2026-08-27
2023,NOMINAL,8057,FÁBIO FELIX,PSOL,NAO,1,2026-08-27
2023,NOMINAL,8057,GABRIEL MAGNO,PT,NAO,1,2026-08-27
2023,NOMINAL,8057,HERMETO,MDB,NAO,1,2026-08-27
2023,NOMINAL,8057,JAQUELINE SILVA,MDB,NAO,1,2026-08-27
2023,NOMINAL,8057,JOAQUIM RORIZ NETO,PL,NAO,1,2026-08-27
2023,NOMINAL,8057,JORGE VIANNA,PSD,NAO,1,2026-08-27
2023,NOMINAL,8057,MARTINS MACHADO,REPUBLICANOS,NAO,1,2026-08-27
2023,NOMINAL,8057,MAX MACIEL,PSOL,NAO,1,2026-08-27
2023,NOMINAL,8057,PASTOR DANIEL DE CASTRO,PP,NAO,1,2026-08-27
2023,NOMINAL,8057,RICARDO VALE,PT,NAO,1,2026-08-27
2023,NOMINAL,8057,ROBÉRIO NEGREIROS,PSD,NAO,1,2026-08-27
2023,NOMINAL,8057,ROGERIO MORRO DA CRUZ,NÃO INFORMADO,NAO,1,2026-08-27
2023,NOMINAL,8057,ROOSEVELT VILELA,PL,NAO,1,2026-08-27
2023,NOMINAL,8057,THIAGO MANZONI,PL,NAO,1,2026-08-27
2024,NOMINAL,4557,CHICO VIGILANTE,PT,SIM,1,2026-08-27
2024,NOMINAL,4557,DAYSE AMARILIO,PSB,SIM,1,2026-08-27
2024,NOMINAL,4557,DOUTORA JANE,MDB,SIM,1,2026-08-27
2024,NOMINAL,4557,EDUARDO PEDROSA,UNIÃO,SIM,1,2026-08-27
2024,NOMINAL,4557,FÁBIO FELIX,PSOL,SIM,1,2026-08-27
2024,NOMINAL,4557,GABRIEL MAGNO,PT,SIM,1,2026-08-27
2024,NOMINAL,4557,HERMETO,MDB,NAO,1,2026-08-27
2024,NOMINAL,4557,HERMETO,MDB,SIM,1,2026-08-27
2024,NOMINAL,4557,JAQUELINE SILVA,MDB,SIM,1,2026-08-27
2024,NOMINAL,4557,MARTINS MACHADO,REPUBLICANOS,SIM,1,2026-08-27
2024,NOMINAL,4557,MAX MACIEL,PSOL,SIM,1,2026-08-27
2024,NOMINAL,4557,PASTOR DANIEL DE CASTRO,PP,SIM,1,2026-08-27
2024,NOMINAL,4557,PEPA,PP,SIM,1,2026-08-27
2024,NOMINAL,4557,RICARDO VALE,PT,SIM,1,2026-08-27
2024,NOMINAL,4557,ROBÉRIO NEGREIROS,PSD,SIM,1,2026-08-27
2024,NOMINAL,4557,ROGERIO MORRO DA CRUZ,NOVO,SIM,1,2026-08-27
2024,NOMINAL,4557,ROOSEVELT VILELA,PL,SIM,1,2026-08-27
2024,NOMINAL,4557,THIAGO MANZONI,PL,SIM,1,2026-08-27
2024,NOMINAL,4557,WELLINGTON LUIZ,MDB,SIM,1,2026-08-27
2024,NOMINAL,7849,CHICO VIGILANTE,PT,SIM,1,2026-08-27
2024,NOMINAL,7849,DAYSE AMARILIO,PSB,SIM,1,2026-08-27
2024,NOMINAL,7849,DOUTORA JANE,MDB,SIM,1,2026-08-27
2024,NOMINAL,7849,EDUARDO PEDROSA,UNIÃO,SIM,1,2026-08-27
2024,NOMINAL,7849,FÁBIO FELIX,PSOL,SIM,1,2026-08-27
2024,NOMINAL,7849,GABRIEL MAGNO,PT,SIM,1,2026-08-27
2024,NOMINAL,7849,HERMETO,MDB,SIM,1,2026-08-27
2024,NOMINAL,7849,IOLANDO,MDB,SIM,1,2026-08-27
2024,NOMINAL,7849,JAQUELINE SILVA,MDB,SIM,1,2026-08-27
2024,NOMINAL,7849,JOAQUIM RORIZ NETO,PL,SIM,1,2026-08-27
2024,NOMINAL,7849,JORGE VIANNA,PSD,SIM,1,2026-08-27
2024,NOMINAL,7849,JOÃO CARDOSO,AVANTE,SIM,1,2026-08-27
2024,NOMINAL,7849,MARTINS MACHADO,REPUBLICANOS,SIM,1,2026-08-27
2024,NOMINAL,7849,MAX MACIEL,PSOL,SIM,1,2026-08-27
2024,NOMINAL,7849,PASTOR DANIEL DE CASTRO,PP,SIM,1,2026-08-27
2024,NOMINAL,7849,PAULA BELMONTE,CIDADANIA,SIM,1,2026-08-27
2024,NOMINAL,7849,PEPA,PP,SIM,1,2026-08-27
2024,NOMINAL,7849,RICARDO VALE,PT,SIM,1,2026-08-27
2024,NOMINAL,7849,ROBÉRIO NEGREIROS,PSD,SIM,1,2026-08-27
2024,NOMINAL,7849,ROGERIO MORRO DA CRUZ,NOVO,SIM,1,2026-08-27
2024,NOMINAL,7849,THIAGO MANZONI,PL,SIM,1,2026-08-27
2024,NOMINAL,7849,WELLINGTON LUIZ,MDB,SIM,1,2026-08-27
2024,NOMINAL,7851,CHICO VIGILANTE,PT,SIM,1,2026-08-27
2024,NOMINAL,7851,DAYSE AMARILIO,PSB,SIM,1,2026-08-27
2024,NOMINAL,7851,DOUTORA JANE,MDB,SIM,1,2026-08-27
2024,NOMINAL,7851,EDUARDO PEDROSA,UNIÃO,SIM,1,2026-08-27
2024,NOMINAL,7851,FÁBIO FELIX,PSOL,SIM,1,2026-08-27
2024,NOMINAL,7851,GABRIEL MAGNO,PT,SIM,1,2026-08-27
2024,NOMINAL,7851,HERMETO,MDB,SIM,1,2026-08-27
2024,NOMINAL,7851,IOLANDO,MDB,SIM,1,2026-08-27
2024,NOMINAL,7851,JAQUELINE SILVA,MDB,SIM,1,2026-08-27
2024,NOMINAL,7851,JOAQUIM RORIZ NETO,PL,SIM,1,2026-08-27
2024,NOMINAL,7851,JORGE VIANNA,PSD,SIM,1,2026-08-27
2024,NOMINAL,7851,JOÃO CARDOSO,AVANTE,SIM,1,2026-08-27
2024,NOMINAL,7851,MARTINS MACHADO,REPUBLICANOS,SIM,1,2026-08-27
2024,NOMINAL,7851,MAX MACIEL,PSOL,SIM,1,2026-08-27
2024,NOMINAL,7851,PASTOR DANIEL DE CASTRO,PP,SIM,1,2026-08-27
2024,NOMINAL,7851,RICARDO VALE,PT,SIM,1,2026-08-27
2024,NOMINAL,7851,ROBÉRIO NEGREIROS,PSD,SIM,1,2026-08-27
2024,NOMINAL,7851,ROGERIO MORRO DA CRUZ,NOVO,SIM,1,2026-08-27
2024,NOMINAL,7851,THIAGO MANZONI,PL,SIM,1,2026-08-27
2024,NOMINAL,7851,WELLINGTON LUIZ,MDB,SIM,1,2026-08-27
2024,NOMINAL,7923,CHICO VIGILANTE,PT,SIM,1,2026-08-27
2024,NOMINAL,7923,DANIEL DONIZET,MDB,SIM,1,2026-08-27
2024,NOMINAL,7923,DAYSE AMARILIO,PSB,SIM,1,2026-08-27
2024,NOMINAL,7923,DOUTORA JANE,MDB,SIM,1,2026-08-27
2024,NOMINAL,7923,EDUARDO PEDROSA,UNIÃO,SIM,1,2026-08-27
2024,NOMINAL,7923,FÁBIO FELIX,PSOL,SIM,1,2026-08-27
2024,NOMINAL,7923,HERMETO,MDB,SIM,1,2026-08-27
2024,NOMINAL,7923,IOLANDO,MDB,SIM,1,2026-08-27
2024,NOMINAL,7923,JAQUELINE SILVA,MDB,SIM,1,2026-08-27
2024,NOMINAL,7923,JOAQUIM RORIZ NETO,PL,SIM,1,2026-08-27
2024,NOMINAL,7923,JOÃO CARDOSO,AVANTE,SIM,1,2026-08-27
2024,NOMINAL,7923,MARTINS MACHADO,REPUBLICANOS,SIM,1,2026-08-27
2024,NOMINAL,7923,MAX MACIEL,PSOL,SIM,1,2026-08-27
2024,NOMINAL,7923,PASTOR DANIEL DE CASTRO,PP,SIM,1,2026-08-27
2024,NOMINAL,7923,PEPA,PP,SIM,1,2026-08-27
2024,NOMINAL,7923,RICARDO VALE,PT,SIM,1,2026-08-27
2024,NOMINAL,7923,ROGERIO MORRO DA CRUZ,NÃO INFORMADO,SIM,1,2026-08-27
2024,NOMINAL,7923,ROOSEVELT VILELA,PL,SIM,1,2026-08-27
2024,NOMINAL,7923,THIAGO MANZONI,PL,SIM,1,2026-08-27
2024,NOMINAL,7923,WELLINGTON LUIZ,MDB,SIM,1,2026-08-27
2024,NOMINAL,7953,CHICO VIGILANTE,PT,SIM,1,2026-08-27
2024,NOMINAL,7953,DAYSE AMARILIO,PSB,SIM,1,2026-08-27
2024,NOMINAL,7953,DOUTORA JANE,MDB,SIM,1,2026-08-27
2024,NOMINAL,7953,EDUARDO PEDROSA,UNIÃO,SIM,1,2026-08-27
2024,NOMINAL,7953,FÁBIO FELIX,PSOL,SIM,1,2026-08-27
2024,NOMINAL,7953,GABRIEL MAGNO,PT,SIM,1,2026-08-27
2024,NOMINAL,7953,IOLANDO,MDB,SIM,1,2026-08-27
2024,NOMINAL,7953,JAQUELINE SILVA,MDB,SIM,1,2026-08-27
2024,NOMINAL,7953,JOÃO CARDOSO,AVANTE,SIM,1,2026-08-27
2024,NOMINAL,7953,MARTINS MACHADO,REPUBLICANOS,SIM,1,2026-08-27
2024,NOMINAL,7953,MAX MACIEL,PSOL,SIM,1,2026-08-27
2024,NOMINAL,7953,PASTOR DANIEL DE CASTRO,PP,SIM,1,2026-08-27
2024,NOMINAL,7953,PAULA BELMONTE,CIDADANIA,SIM,1,2026-08-27
2024,NOMINAL,7953,PEPA,PP,SIM,1,2026-08-27
2024,NOMINAL,7953,RICARDO VALE,PT,SIM,1,2026-08-27
2024,NOMINAL,7953,ROBÉRIO NEGREIROS,PSD,SIM,1,2026-08-27
2024,NOMINAL,7953,ROGERIO MORRO DA CRUZ,NOVO,SIM,1,2026-08-27
2024,NOMINAL,7953,THIAGO MANZONI,PL,SIM,1,2026-08-27
2024,NOMINAL,7953,WELLINGTON LUIZ,MDB,SIM,1,2026-08-27
2024,NOMINAL,8092,CHICO VIGILANTE,PT,NAO,1,2026-08-27
2024,NOMINAL,8092,DOUTORA JANE,MDB,NAO,1,2026-08-27
2024,NOMINAL,8092,EDUARDO PEDROSA,UNIÃO,NAO,1,2026-08-27
2024,NOMINAL,8092,FÁBIO FELIX,PSOL,NAO,1,2026-08-27
2024,NOMINAL,8092,GABRIEL MAGNO,PT,NAO,1,2026-08-27
2024,NOMINAL,8092,HERMETO,MDB,NAO,1,2026-08-27
2024,NOMINAL,8092,IOLANDO,MDB,NAO,1,2026-08-27
2024,NOMINAL,8092,JAQUELINE SILVA,MDB,NAO,1,2026-08-27
2024,NOMINAL,8092,JOÃO CARDOSO,AVANTE,NAO,1,2026-08-27
2024,NOMINAL,8092,MARTINS MACHADO,REPUBLICANOS,NAO,1,2026-08-27
2024,NOMINAL,8092,MAX MACIEL,PSOL,NAO,1,2026-08-27
2024,NOMINAL,8092,PASTOR DANIEL DE CASTRO,PP,NAO,1,2026-08-27
2024,NOMINAL,8092,PAULA BELMONTE,CIDADANIA,NAO,1,2026-08-27
2024,NOMINAL,8092,PEPA,PP,NAO,1,2026-08-27
2024,NOMINAL,8092,RICARDO VALE,PT,NAO,1,2026-08-27
2024,NOMINAL,8092,ROBÉRIO NEGREIROS,PSD,NAO,1,2026-08-27
2024,NOMINAL,8092,ROGERIO MORRO DA CRUZ,NÃO INFORMADO,NAO,1,2026-08-27
2024,NOMINAL,8092,ROOSEVELT VILELA,PL,NAO,1,2026-08-27
2024,NOMINAL,8092,THIAGO MANZONI,PL,NAO,1,2026-08-27
2024,NOMINAL,8092,WELLINGTON LUIZ,MDB,NAO,1,2026-08-27
2024,NOMINAL,8096,CHICO VIGILANTE,PT,NAO,1,2026-08-27
2024,NOMINAL,8096,DOUTORA JANE,MDB,SIM,1,2026-08-27
2024,NOMINAL,8096,EDUARDO PEDROSA,UNIÃO,SIM,1,2026-08-27
2024,NOMINAL,8096,FÁBIO FELIX,PSOL,NAO,1,2026-08-27
2024,NOMINAL,8096,GABRIEL MAGNO,PT,NAO,1,2026-08-27
2024,NOMINAL,8096,HERMETO,MDB,SIM,1,2026-08-27
2024,NOMINAL,8096,IOLANDO,MDB,SIM,1,2026-08-27
2024,NOMINAL,8096,JAQUELINE SILVA,MDB,SIM,1,2026-08-27
2024,NOMINAL,8096,MARTINS MACHADO,REPUBLICANOS,SIM,1,2026-08-27
2024,NOMINAL,8096,MAX MACIEL,PSOL,NAO,1,2026-08-27
2024,NOMINAL,8096,PASTOR DANIEL DE CASTRO,PP,SIM,1,2026-08-27
2024,NOMINAL,8096,PAULA BELMONTE,CIDADANIA,SIM,1,2026-08-27
2024,NOMINAL,8096,PEPA,PP,SIM,1,2026-08-27
2024,NOMINAL,8096,RICARDO VALE,PT,NAO,1,2026-08-27
2024,NOMINAL,8096,ROGERIO MORRO DA CRUZ,NÃO INFORMADO,SIM,1,2026-08-27
2024,NOMINAL,8096,ROOSEVELT VILELA,PL,SIM,1,2026-08-27
2024,NOMINAL,8096,THIAGO MANZONI,PL,SIM,1,2026-08-27
2024,NOMINAL,8096,WELLINGTON LUIZ,MDB,SIM,1,2026-08-27
2024,NOMINAL,8098,DAYSE AMARILIO,PSB,NAO,2,2026-08-27
2024,NOMINAL,8098,DOUTORA JANE,MDB,NAO,2,2026-08-27
2024,NOMINAL,8098,EDUARDO PEDROSA,UNIÃO,NAO,2,2026-08-27
2024,NOMINAL,8098,FÁBIO FELIX,PSOL,NAO,2,2026-08-27
2024,NOMINAL,8098,GABRIEL MAGNO,PT,NAO,2,2026-08-27
2024,NOMINAL,8098,HERMETO,MDB,NAO,2,2026-08-27
2024,NOMINAL,8098,IOLANDO,MDB,NAO,2,2026-08-27
2024,NOMINAL,8098,JOÃO CARDOSO,AVANTE,NAO,2,2026-08-27
2024,NOMINAL,8098,MARTINS MACHADO,REPUBLICANOS,NAO,2,2026-08-27
2024,NOMINAL,8098,MAX MACIEL,PSOL,NAO,2,2026-08-27
2024,NOMINAL,8098,PASTOR DANIEL DE CASTRO,PP,NAO,2,2026-08-27
2024,NOMINAL,8098,PAULA BELMONTE,CIDADANIA,NAO,2,2026-08-27
2024,NOMINAL,8098,PEPA,PP,NAO,2,2026-08-27
2024,NOMINAL,8098,RICARDO VALE,PT,NAO,2,2026-08-27
2024,NOMINAL,8098,ROOSEVELT VILELA,PL,NAO,2,2026-08-27
2024,NOMINAL,8098,THIAGO MANZONI,PL,NAO,2,2026-08-27
2024,NOMINAL,8098,WELLINGTON LUIZ,MDB,NAO,2,2026-08-27
2024,NOMINAL,8104,DANIEL DONIZET,MDB,SIM,1,2026-08-27
2024,NOMINAL,8104,DAYSE AMARILIO,PSB,SIM,1,2026-08-27
2024,NOMINAL,8104,DOUTORA JANE,MDB,SIM,1,2026-08-27
2024,NOMINAL,8104,EDUARDO PEDROSA,UNIÃO,SIM,1,2026-08-27
2024,NOMINAL,8104,FÁBIO FELIX,PSOL,SIM,1,2026-08-27
2024,NOMINAL,8104,GABRIEL MAGNO,PT,SIM,1,2026-08-27
2024,NOMINAL,8104,HERMETO,MDB,SIM,1,2026-08-27
2024,NOMINAL,8104,IOLANDO,MDB,SIM,1,2026-08-27
2024,NOMINAL,8104,JAQUELINE SILVA,MDB,SIM,1,2026-08-27
2024,NOMINAL,8104,JOAQUIM RORIZ NETO,PL,SIM,1,2026-08-27
2024,NOMINAL,8104,JOÃO CARDOSO,AVANTE,SIM,1,2026-08-27
2024,NOMINAL,8104,MARTINS MACHADO,REPUBLICANOS,SIM,1,2026-08-27
2024,NOMINAL,8104,MAX MACIEL,PSOL,SIM,1,2026-08-27
2024,NOMINAL,8104,PASTOR DANIEL DE CASTRO,PP,SIM,1,2026-08-27
2024,NOMINAL,8104,PAULA BELMONTE,CIDADANIA,SIM,1,2026-08-27
2024,NOMINAL,8104,PEPA,PP,SIM,1,2026-08-27
2024,NOMINAL,8104,RICARDO VALE,PT,SIM,1,2026-08-27
2024,NOMINAL,8104,THIAGO MANZONI,PL,SIM,1,2026-08-27
2024,NOMINAL,8104,WELLINGTON LUIZ,MDB,SIM,1,2026-08-27
2024,NOMINAL,8116,DAYSE AMARILIO,PSB,SIM,1,2026-08-27
2024,NOMINAL,8116,DOUTORA JANE,MDB,SIM,1,2026-08-27
2024,NOMINAL,8116,EDUARDO PEDROSA,UNIÃO,SIM,1,2026-08-27
2024,NOMINAL,8116,HERMETO,MDB,SIM,1,2026-08-27
2024,NOMINAL,8116,IOLANDO,MDB,SIM,1,2026-08-27
2024,NOMINAL,8116,JOAQUIM RORIZ NETO,PL,SIM,1,2026-08-27
2024,NOMINAL,8116,JOÃO CARDOSO,AVANTE,SIM,1,2026-08-27
2024,NOMINAL,8116,MARTINS MACHADO,REPUBLICANOS,SIM,1,2026-08-27
2024,NOMINAL,8116,MAX MACIEL,PSOL,SIM,1,2026-08-27
2024,NOMINAL,8116,PASTOR DANIEL DE CASTRO,PP,SIM,1,2026-08-27
2024,NOMINAL,8116,PAULA BELMONTE,CIDADANIA,SIM,1,2026-08-27
2024,NOMINAL,8116,PEPA,PP,SIM,1,2026-08-27
2024,NOMINAL,8116,RICARDO VALE,PT,SIM,1,2026-08-27
2024,NOMINAL,8116,ROOSEVELT VILELA,PL,SIM,1,2026-08-27
2024,NOMINAL,8116,THIAGO MANZONI,PL,SIM,1,2026-08-27
2024,NOMINAL,8116,WELLINGTON LUIZ,MDB,SIM,1,2026-08-27
2024,NOMINAL,8146,CHICO VIGILANTE,PT,NAO,1,2026-08-27
2024,NOMINAL,8146,DANIEL DONIZET,MDB,SIM,1,2026-08-27
2024,NOMINAL,8146,DAYSE AMARILIO,PSB,NAO,1,2026-08-27
2024,NOMINAL,8146,EDUARDO PEDROSA,UNIÃO,SIM,1,2026-08-27
2024,NOMINAL,8146,FÁBIO FELIX,PSOL,NAO,1,2026-08-27
2024,NOMINAL,8146,GABRIEL MAGNO,PT,NAO,1,2026-08-27
2024,NOMINAL,8146,HERMETO,MDB,SIM,1,2026-08-27
2024,NOMINAL,8146,IOLANDO,MDB,SIM,1,2026-08-27
2024,NOMINAL,8146,JAQUELINE SILVA,MDB,SIM,1,2026-08-27
2024,NOMINAL,8146,JOAQUIM RORIZ NETO,PL,SIM,1,2026-08-27
2024,NOMINAL,8146,JORGE VIANNA,PSD,SIM,1,2026-08-27
2024,NOMINAL,8146,JOÃO CARDOSO,AVANTE,SIM,1,2026-08-27
2024,NOMINAL,8146,MARTINS MACHADO,REPUBLICANOS,SIM,1,2026-08-27
2024,NOMINAL,8146,MAX MACIEL,PSOL,NAO,1,2026-08-27
2024,NOMINAL,8146,PASTOR DANIEL DE CASTRO,PP,SIM,1,2026-08-27
2024,NOMINAL,8146,PEPA,PP,SIM,1,2026-08-27
2024,NOMINAL,8146,RICARDO VALE,PT,NAO,1,2026-08-27
2024,NOMINAL,8146,ROBÉRIO NEGREIROS,PSD,SIM,1,2026-08-27
2024,NOMINAL,8146,ROGERIO MORRO DA CRUZ,NOVO,SIM,1,2026-08-27
2024,NOMINAL,8146,ROOSEVELT VILELA,PL,SIM,1,2026-08-27
2024,NOMINAL,8146,THIAGO MANZONI,PL,SIM,1,2026-08-27
2024,NOMINAL,8146,WELLINGTON LUIZ,MDB,SIM,1,2026-08-27
2024,NOMINAL,8147,CHICO VIGILANTE,PT,NAO,1,2026-08-27
2024,NOMINAL,8147,DANIEL DONIZET,MDB,SIM,1,2026-08-27
2024,NOMINAL,8147,DAYSE AMARILIO,PSB,NAO,1,2026-08-27
2024,NOMINAL,8147,EDUARDO PEDROSA,UNIÃO,SIM,1,2026-08-27
2024,NOMINAL,8147,FÁBIO FELIX,PSOL,NAO,1,2026-08-27
2024,NOMINAL,8147,GABRIEL MAGNO,PT,NAO,1,2026-08-27
2024,NOMINAL,8147,HERMETO,MDB,SIM,1,2026-08-27
2024,NOMINAL,8147,IOLANDO,MDB,SIM,1,2026-08-27
2024,NOMINAL,8147,JAQUELINE SILVA,MDB,SIM,1,2026-08-27
2024,NOMINAL,8147,JOAQUIM RORIZ NETO,PL,SIM,1,2026-08-27
2024,NOMINAL,8147,JORGE VIANNA,PSD,SIM,1,2026-08-27
2024,NOMINAL,8147,JOÃO CARDOSO,AVANTE,SIM,1,2026-08-27
2024,NOMINAL,8147,MARTINS MACHADO,REPUBLICANOS,SIM,1,2026-08-27
2024,NOMINAL,8147,MAX MACIEL,PSOL,NAO,1,2026-08-27
2024,NOMINAL,8147,PASTOR DANIEL DE CASTRO,PP,SIM,1,2026-08-27
2024,NOMINAL,8147,PEPA,PP,SIM,1,2026-08-27
2024,NOMINAL,8147,RICARDO VALE,PT,NAO,1,2026-08-27
2024,NOMINAL,8147,ROBÉRIO NEGREIROS,PSD,SIM,1,2026-08-27
2024,NOMINAL,8147,ROGERIO MORRO DA CRUZ,NOVO,SIM,1,2026-08-27
2024,NOMINAL,8147,ROOSEVELT VILELA,PL,SIM,1,2026-08-27
2024,NOMINAL,8147,THIAGO MANZONI,PL,SIM,1,2026-08-27
2024,NOMINAL,8147,WELLINGTON LUIZ,MDB,SIM,1,2026-08-27
2024,NOMINAL,8169,CHICO VIGILANTE,PT,SIM,1,2026-08-27
2024,NOMINAL,8169,DANIEL DONIZET,MDB,SIM,1,2026-08-27
2024,NOMINAL,8169,DAYSE AMARILIO,PSB,SIM,1,2026-08-27
2024,NOMINAL,8169,DOUTORA JANE,MDB,SIM,1,2026-08-27
2024,NOMINAL,8169,EDUARDO PEDROSA,UNIÃO,SIM,1,2026-08-27
2024,NOMINAL,8169,FÁBIO FELIX,PSOL,SIM,1,2026-08-27
2024,NOMINAL,8169,HERMETO,MDB,SIM,1,2026-08-27
2024,NOMINAL,8169,IOLANDO,MDB,SIM,1,2026-08-27
2024,NOMINAL,8169,JAQUELINE SILVA,MDB,SIM,1,2026-08-27
2024,NOMINAL,8169,JOAQUIM RORIZ NETO,PL,SIM,1,2026-08-27
2024,NOMINAL,8169,JOÃO CARDOSO,AVANTE,SIM,1,2026-08-27
2024,NOMINAL,8169,MARTINS MACHADO,REPUBLICANOS,SIM,1,2026-08-27
2024,NOMINAL,8169,MAX MACIEL,PSOL,SIM,1,2026-08-27
2024,NOMINAL,8169,PASTOR DANIEL DE CASTRO,PP,SIM,1,2026-08-27
2024,NOMINAL,8169,PEPA,PP,SIM,1,2026-08-27
2024,NOMINAL,8169,RICARDO VALE,PT,SIM,1,2026-08-27
2024,NOMINAL,8169,ROGERIO MORRO DA CRUZ,NÃO INFORMADO,SIM,1,2026-08-27
2024,NOMINAL,8169,ROOSEVELT VILELA,PL,SIM,1,2026-08-27
2024,NOMINAL,8169,THIAGO MANZONI,PL,SIM,1,2026-08-27
2024,NOMINAL,8169,WELLINGTON LUIZ,MDB,SIM,1,2026-08-27
2024,NOMINAL,8176,CHICO VIGILANTE,PT,SIM,1,2026-08-27
2024,NOMINAL,8176,DANIEL DONIZET,MDB,SIM,1,2026-08-27
2024,NOMINAL,8176,DAYSE AMARILIO,PSB,SIM,1,2026-08-27
2024,NOMINAL,8176,DOUTORA JANE,MDB,SIM,1,2026-08-27
2024,NOMINAL,8176,EDUARDO PEDROSA,UNIÃO,SIM,1,2026-08-27
2024,NOMINAL,8176,FÁBIO FELIX,PSOL,SIM,1,2026-08-27
2024,NOMINAL,8176,HERMETO,MDB,SIM,1,2026-08-27
2024,NOMINAL,8176,IOLANDO,MDB,SIM,1,2026-08-27
2024,NOMINAL,8176,JAQUELINE SILVA,MDB,SIM,1,2026-08-27
2024,NOMINAL,8176,JOAQUIM RORIZ NETO,PL,SIM,1,2026-08-27
2024,NOMINAL,8176,JOÃO CARDOSO,AVANTE,SIM,1,2026-08-27
2024,NOMINAL,8176,MARTINS MACHADO,REPUBLICANOS,SIM,1,2026-08-27
2024,NOMINAL,8176,MAX MACIEL,PSOL,SIM,1,2026-08-27
2024,NOMINAL,8176,PASTOR DANIEL DE CASTRO,PP,SIM,1,2026-08-27
2024,NOMINAL,8176,PEPA,PP,SIM,1,2026-08-27
2024,NOMINAL,8176,RICARDO VALE,PT,SIM,1,2026-08-27
2024,NOMINAL,8176,ROGERIO MORRO DA CRUZ,NÃO INFORMADO,SIM,1,2026-08-27
2024,NOMINAL,8176,ROOSEVELT VILELA,PL,SIM,1,2026-08-27
2024,NOMINAL,8176,THIAGO MANZONI,PL,SIM,1,2026-08-27
2024,NOMINAL,8176,WELLINGTON LUIZ,MDB,SIM,1,2026-08-27
2024,NOMINAL,8179,CHICO VIGILANTE,PT,SIM,1,2026-08-27
2024,NOMINAL,8179,DANIEL DONIZET,MDB,SIM,1,2026-08-27
2024,NOMINAL,8179,DAYSE AMARILIO,PSB,SIM,1,2026-08-27
2024,NOMINAL,8179,DOUTORA JANE,MDB,SIM,1,2026-08-27
2024,NOMINAL,8179,EDUARDO PEDROSA,UNIÃO,SIM,1,2026-08-27
2024,NOMINAL,8179,FÁBIO FELIX,PSOL,SIM,1,2026-08-27
2024,NOMINAL,8179,IOLANDO,MDB,SIM,1,2026-08-27
2024,NOMINAL,8179,JAQUELINE SILVA,MDB,SIM,1,2026-08-27
2024,NOMINAL,8179,JOÃO CARDOSO,AVANTE,SIM,1,2026-08-27
2024,NOMINAL,8179,MARTINS MACHADO,REPUBLICANOS,SIM,1,2026-08-27
2024,NOMINAL,8179,MAX MACIEL,PSOL,SIM,1,2026-08-27
2024,NOMINAL,8179,PASTOR DANIEL DE CASTRO,PP,SIM,1,2026-08-27
2024,NOMINAL,8179,PEPA,PP,SIM,1,2026-08-27
2024,NOMINAL,8179,RICARDO VALE,PT,SIM,1,2026-08-27
2024,NOMINAL,8179,ROGERIO MORRO DA CRUZ,NÃO INFORMADO,SIM,1,2026-08-27
2024,NOMINAL,8179,ROOSEVELT VILELA,PL,SIM,1,2026-08-27
2024,NOMINAL,8179,THIAGO MANZONI,PL,SIM,1,2026-08-27
2024,NOMINAL,8179,WELLINGTON LUIZ,MDB,SIM,1,2026-08-27
2024,NOMINAL,8203,CHICO VIGILANTE,PT,SIM,1,2026-08-27
2024,NOMINAL,8203,DANIEL DONIZET,MDB,SIM,1,2026-08-27
2024,NOMINAL,8203,DAYSE AMARILIO,PSB,SIM,1,2026-08-27
2024,NOMINAL,8203,DOUTORA JANE,MDB,SIM,1,2026-08-27
2024,NOMINAL,8203,EDUARDO PEDROSA,UNIÃO,SIM,1,2026-08-27
2024,NOMINAL,8203,FÁBIO FELIX,PSOL,SIM,1,2026-08-27
2024,NOMINAL,8203,GABRIEL MAGNO,PT,SIM,1,2026-08-27
2024,NOMINAL,8203,JAQUELINE SILVA,MDB,SIM,1,2026-08-27
2024,NOMINAL,8203,JOÃO CARDOSO,AVANTE,SIM,1,2026-08-27
2024,NOMINAL,8203,MARTINS MACHADO,REPUBLICANOS,SIM,1,2026-08-27
2024,NOMINAL,8203,MAX MACIEL,PSOL,SIM,1,2026-08-27
2024,NOMINAL,8203,PASTOR DANIEL DE CASTRO,PP,SIM,1,2026-08-27
2024,NOMINAL,8203,PAULA BELMONTE,CIDADANIA,SIM,1,2026-08-27
2024,NOMINAL,8203,PEPA,PP,SIM,1,2026-08-27
2024,NOMINAL,8203,ROBÉRIO NEGREIROS,PSD,SIM,1,2026-08-27
2024,NOMINAL,8203,ROGERIO MORRO DA CRUZ,NÃO INFORMADO,SIM,1,2026-08-27
2024,NOMINAL,8203,WELLINGTON LUIZ,MDB,SIM,1,2026-08-27
2024,NOMINAL,8242,CHICO VIGILANTE,PT,SIM,1,2026-08-27
2024,NOMINAL,8242,DAYSE AMARILIO,PSB,SIM,1,2026-08-27
2024,NOMINAL,8242,DOUTORA JANE,MDB,SIM,1,2026-08-27
2024,NOMINAL,8242,FÁBIO FELIX,PSOL,SIM,1,2026-08-27
2024,NOMINAL,8242,GABRIEL MAGNO,PT,SIM,1,2026-08-27
2024,NOMINAL,8242,JAQUELINE SILVA,MDB,SIM,1,2026-08-27
2024,NOMINAL,8242,JOÃO CARDOSO,AVANTE,SIM,1,2026-08-27
2024,NOMINAL,8242,MARTINS MACHADO,REPUBLICANOS,SIM,1,2026-08-27
2024,NOMINAL,8242,MAX MACIEL,PSOL,SIM,1,2026-08-27
2024,NOMINAL,8242,PASTOR DANIEL DE CASTRO,PP,SIM,1,2026-08-27
2024,NOMINAL,8242,PAULA BELMONTE,CIDADANIA,SIM,1,2026-08-27
2024,NOMINAL,8242,ROGERIO MORRO DA CRUZ,NÃO INFORMADO,SIM,1,2026-08-27
2024,NOMINAL,8242,WELLINGTON LUIZ,MDB,SIM,1,2026-08-27
2024,NOMINAL,8243,CHICO VIGILANTE,PT,SIM,1,2026-08-27
2024,NOMINAL,8243,DAYSE AMARILIO,PSB,SIM,1,2026-08-27
2024,NOMINAL,8243,DOUTORA JANE,MDB,SIM,1,2026-08-27
2024,NOMINAL,8243,FÁBIO FELIX,PSOL,SIM,1,2026-08-27
2024,NOMINAL,8243,GABRIEL MAGNO,PT,SIM,1,2026-08-27
2024,NOMINAL,8243,JAQUELINE SILVA,MDB,NAO,1,2026-08-27
2024,NOMINAL,8243,JAQUELINE SILVA,MDB,SIM,1,2026-08-27
2024,NOMINAL,8243,JOÃO CARDOSO,AVANTE,SIM,1,2026-08-27
2024,NOMINAL,8243,MARTINS MACHADO,REPUBLICANOS,SIM,1,2026-08-27
2024,NOMINAL,8243,MAX MACIEL,PSOL,SIM,1,2026-08-27
2024,NOMINAL,8243,PASTOR DANIEL DE CASTRO,PP,SIM,1,2026-08-27
2024,NOMINAL,8243,PAULA BELMONTE,CIDADANIA,SIM,1,2026-08-27
2024,NOMINAL,8243,PEPA,PP,SIM,1,2026-08-27
2024,NOMINAL,8243,WELLINGTON LUIZ,MDB,SIM,1,2026-08-27
2024,NOMINAL,8246,CHICO VIGILANTE,PT,SIM,1,2026-08-27
2024,NOMINAL,8246,DAYSE AMARILIO,PSB,SIM,1,2026-08-27
2024,NOMINAL,8246,DOUTORA JANE,MDB,SIM,1,2026-08-27
2024,NOMINAL,8246,EDUARDO PEDROSA,UNIÃO,SIM,1,2026-08-27
2024,NOMINAL,8246,FÁBIO FELIX,PSOL,SIM,1,2026-08-27
2024,NOMINAL,8246,GABRIEL MAGNO,PT,SIM,1,2026-08-27
2024,NOMINAL,8246,HERMETO,MDB,SIM,1,2026-08-27
2024,NOMINAL,8246,IOLANDO,MDB,SIM,1,2026-08-27
2024,NOMINAL,8246,JAQUELINE SILVA,MDB,SIM,1,2026-08-27
2024,NOMINAL,8246,MARTINS MACHADO,REPUBLICANOS,SIM,1,2026-08-27
2024,NOMINAL,8246,PASTOR DANIEL DE CASTRO,PP,SIM,1,2026-08-27
2024,NOMINAL,8246,PAULA BELMONTE,CIDADANIA,SIM,1,2026-08-27
2024,NOMINAL,8246,PEPA,PP,SIM,1,2026-08-27
2024,NOMINAL,8246,RICARDO VALE,PT,SIM,1,2026-08-27
2024,NOMINAL,8246,ROGERIO MORRO DA CRUZ,NOVO,SIM,1,2026-08-27
2024,NOMINAL,8246,ROOSEVELT VILELA,PL,SIM,1,2026-08-27
2024,NOMINAL,8246,THIAGO MANZONI,PL,SIM,1,2026-08-27
2024,NOMINAL,8246,WELLINGTON LUIZ,MDB,SIM,1,2026-08-27
2024,NOMINAL,8303,CHICO VIGILANTE,PT,SIM,1,2026-08-27
2024,NOMINAL,8303,DAYSE AMARILIO,PSB,SIM,1,2026-08-27
2024,NOMINAL,8303,DOUTORA JANE,MDB,SIM,1,2026-08-27
2024,NOMINAL,8303,EDUARDO PEDROSA,UNIÃO,SIM,1,2026-08-27
2024,NOMINAL,8303,FÁBIO FELIX,PSOL,SIM,1,2026-08-27
2024,NOMINAL,8303,GABRIEL MAGNO,PT,SIM,1,2026-08-27
2024,NOMINAL,8303,IOLANDO,MDB,SIM,1,2026-08-27
2024,NOMINAL,8303,JAQUELINE SILVA,MDB,SIM,1,2026-08-27
2024,NOMINAL,8303,JOAQUIM RORIZ NETO,PL,SIM,1,2026-08-27
2024,NOMINAL,8303,JORGE VIANNA,PSD,SIM,1,2026-08-27
2024,NOMINAL,8303,JOÃO CARDOSO,AVANTE,SIM,1,2026-08-27
2024,NOMINAL,8303,MARTINS MACHADO,REPUBLICANOS,SIM,1,2026-08-27
2024,NOMINAL,8303,MAX MACIEL,PSOL,SIM,1,2026-08-27
2024,NOMINAL,8303,PASTOR DANIEL DE CASTRO,PP,SIM,1,2026-08-27
2024,NOMINAL,8303,PEPA,PP,SIM,1,2026-08-27
2024,NOMINAL,8303,RICARDO VALE,PT,SIM,1,2026-08-27
2024,NOMINAL,8303,ROBÉRIO NEGREIROS,PSD,SIM,1,2026-08-27
2024,NOMINAL,8303,ROGERIO MORRO DA CRUZ,NÃO INFORMADO,SIM,1,2026-08-27
2024,NOMINAL,8303,ROOSEVELT VILELA,PL,SIM,1,2026-08-27
2024,NOMINAL,8303,WELLINGTON LUIZ,MDB,SIM,1,2026-08-27
2024,NOMINAL,8307,DAYSE AMARILIO,PSB,SIM,1,2026-08-27
2024,NOMINAL,8307,DOUTORA JANE,MDB,SIM,1,2026-08-27
2024,NOMINAL,8307,FÁBIO FELIX,PSOL,SIM,1,2026-08-27
2024,NOMINAL,8307,GABRIEL MAGNO,PT,SIM,1,2026-08-27
2024,NOMINAL,8307,IOLANDO,MDB,SIM,1,2026-08-27
2024,NOMINAL,8307,JAQUELINE SILVA,MDB,SIM,1,2026-08-27
2024,NOMINAL,8307,MARTINS MACHADO,REPUBLICANOS,SIM,1,2026-08-27
2024,NOMINAL,8307,MAX MACIEL,PSOL,SIM,1,2026-08-27
2024,NOMINAL,8307,PASTOR DANIEL DE CASTRO,PP,SIM,1,2026-08-27
2024,NOMINAL,8307,PEPA,PP,SIM,1,2026-08-27
2024,NOMINAL,8307,ROBÉRIO NEGREIROS,PSD,SIM,1,2026-08-27
2024,NOMINAL,8307,ROGERIO MORRO DA CRUZ,NÃO INFORMADO,SIM,1,2026-08-27
2024,NOMINAL,8307,ROOSEVELT VILELA,PL,SIM,1,2026-08-27
2024,NOMINAL,8308,DAYSE AMARILIO,PSB,SIM,1,2026-08-27
2024,NOMINAL,8308,EDUARDO PEDROSA,UNIÃO,SIM,1,2026-08-27
2024,NOMINAL,8308,FÁBIO FELIX,PSOL,SIM,1,2026-08-27
2024,NOMINAL,8308,GABRIEL MAGNO,PT,SIM,1,2026-08-27
2024,NOMINAL,8308,IOLANDO,MDB,SIM,1,2026-08-27
2024,NOMINAL,8308,JOÃO CARDOSO,AVANTE,SIM,1,2026-08-27
2024,NOMINAL,8308,MARTINS MACHADO,REPUBLICANOS,SIM,1,2026-08-27
2024,NOMINAL,8308,MAX MACIEL,PSOL,SIM,1,2026-08-27
2024,NOMINAL,8308,PASTOR DANIEL DE CASTRO,PP,SIM,1,2026-08-27
2024,NOMINAL,8308,PAULA BELMONTE,CIDADANIA,SIM,1,2026-08-27
2024,NOMINAL,8308,RICARDO VALE,PT,SIM,1,2026-08-27
2024,NOMINAL,8308,ROOSEVELT VILELA,PL,SIM,1,2026-08-27
2024,NOMINAL,8308,THIAGO MANZONI,PL,SIM,1,2026-08-27
2024,NOMINAL,8308,WELLINGTON LUIZ,MDB,SIM,1,2026-08-27
2024,NOMINAL,8350,CHICO VIGILANTE,PT,SIM,1,2026-08-27
2024,NOMINAL,8350,DANIEL DONIZET,MDB,SIM,1,2026-08-27
2024,NOMINAL,8350,DAYSE AMARILIO,PSB,SIM,1,2026-08-27
2024,NOMINAL,8350,DOUTORA JANE,MDB,SIM,1,2026-08-27
2024,NOMINAL,8350,EDUARDO PEDROSA,UNIÃO,SIM,1,2026-08-27
2024,NOMINAL,8350,FÁBIO FELIX,PSOL,SIM,1,2026-08-27
2024,NOMINAL,8350,GABRIEL MAGNO,PT,SIM,1,2026-08-27
2024,NOMINAL,8350,HERMETO,MDB,SIM,1,2026-08-27
2024,NOMINAL,8350,IOLANDO,MDB,SIM,1,2026-08-27
2024,NOMINAL,8350,JAQUELINE SILVA,MDB,SIM,1,2026-08-27
2024,NOMINAL,8350,MAX MACIEL,PSOL,SIM,1,2026-08-27
2024,NOMINAL,8350,PASTOR DANIEL DE CASTRO,PP,SIM,1,2026-08-27
2024,NOMINAL,8350,RICARDO VALE,PT,SIM,1,2026-08-27
2024,NOMINAL,8350,ROBÉRIO NEGREIROS,PSD,SIM,1,2026-08-27
2024,NOMINAL,8350,ROOSEVELT VILELA,PL,SIM,1,2026-08-27
2024,NOMINAL,8350,THIAGO MANZONI,PL,SIM,1,2026-08-27
2024,NOMINAL,8350,WELLINGTON LUIZ,MDB,SIM,1,2026-08-27
2024,NOMINAL,8351,CHICO VIGILANTE,PT,SIM,4,2026-08-27
2024,NOMINAL,8351,DOUTORA JANE,MDB,SIM,4,2026-08-27
2024,NOMINAL,8351,EDUARDO PEDROSA,UNIÃO,SIM,4,2026-08-27
2024,NOMINAL,8351,FÁBIO FELIX,PSOL,SIM,4,2026-08-27
2024,NOMINAL,8351,GABRIEL MAGNO,PT,SIM,4,2026-08-27
2024,NOMINAL,8351,HERMETO,MDB,SIM,4,2026-08-27
2024,NOMINAL,8351,JORGE VIANNA,PSD,SIM,4,2026-08-27
2024,NOMINAL,8351,JOÃO CARDOSO,AVANTE,SIM,4,2026-08-27
2024,NOMINAL,8351,MAX MACIEL,PSOL,SIM,4,2026-08-27
2024,NOMINAL,8351,PAULA BELMONTE,CIDADANIA,SIM,4,2026-08-27
2024,NOMINAL,8351,PEPA,PP,SIM,4,2026-08-27
2024,NOMINAL,8351,RICARDO VALE,PT,SIM,4,2026-08-27
2024,NOMINAL,8351,ROBÉRIO NEGREIROS,PSD,SIM,4,2026-08-27
2024,NOMINAL,8351,ROGERIO MORRO DA CRUZ,NÃO INFORMADO,SIM,4,2026-08-27
2024,NOMINAL,8351,THIAGO MANZONI,PL,SIM,4,2026-08-27
2024,NOMINAL,8351,WELLINGTON LUIZ,MDB,SIM,4,2026-08-27
2024,NOMINAL,8360,CHICO VIGILANTE,PT,SIM,1,2026-08-27
2024,NOMINAL,8360,DAYSE AMARILIO,PSB,SIM,1,2026-08-27
2024,NOMINAL,8360,DOUTORA JANE,MDB,SIM,1,2026-08-27
2024,NOMINAL,8360,EDUARDO PEDROSA,UNIÃO,SIM,1,2026-08-27
2024,NOMINAL,8360,FÁBIO FELIX,PSOL,SIM,1,2026-08-27
2024,NOMINAL,8360,GABRIEL MAGNO,PT,SIM,1,2026-08-27
2024,NOMINAL,8360,HERMETO,MDB,SIM,1,2026-08-27
2024,NOMINAL,8360,JAQUELINE SILVA,MDB,SIM,1,2026-08-27
2024,NOMINAL,8360,JOAQUIM RORIZ NETO,PL,SIM,1,2026-08-27
2024,NOMINAL,8360,JORGE VIANNA,PSD,SIM,1,2026-08-27
2024,NOMINAL,8360,JOÃO CARDOSO,AVANTE,SIM,1,2026-08-27
2024,NOMINAL,8360,MARTINS MACHADO,REPUBLICANOS,SIM,1,2026-08-27
2024,NOMINAL,8360,PASTOR DANIEL DE CASTRO,PP,SIM,1,2026-08-27
2024,NOMINAL,8360,PAULA BELMONTE,CIDADANIA,SIM,1,2026-08-27
2024,NOMINAL,8360,PEPA,PP,SIM,1,2026-08-27
2024,NOMINAL,8360,RICARDO VALE,PT,SIM,1,2026-08-27
2024,NOMINAL,8360,ROBÉRIO NEGREIROS,PSD,SIM,1,2026-08-27
2024,NOMINAL,8360,ROGERIO MORRO DA CRUZ,NOVO,SIM,1,2026-08-27
2024,NOMINAL,8360,THIAGO MANZONI,PL,SIM,1,2026-08-27
2024,NOMINAL,8360,WELLINGTON LUIZ,MDB,SIM,1,2026-08-27
2024,NOMINAL,8367,CHICO VIGILANTE,PT,SIM,1,2026-08-27
2024,NOMINAL,8367,DAYSE AMARILIO,PSB,SIM,1,2026-08-27
2024,NOMINAL,8367,DOUTORA JANE,MDB,SIM,1,2026-08-27
2024,NOMINAL,8367,EDUARDO PEDROSA,UNIÃO,SIM,1,2026-08-27
2024,NOMINAL,8367,FÁBIO FELIX,PSOL,SIM,1,2026-08-27
2024,NOMINAL,8367,GABRIEL MAGNO,PT,SIM,1,2026-08-27
2024,NOMINAL,8367,HERMETO,MDB,SIM,1,2026-08-27
2024,NOMINAL,8367,JAQUELINE SILVA,MDB,SIM,1,2026-08-27
2024,NOMINAL,8367,MARTINS MACHADO,REPUBLICANOS,SIM,1,2026-08-27
2024,NOMINAL,8367,MAX MACIEL,PSOL,SIM,1,2026-08-27
2024,NOMINAL,8367,PASTOR DANIEL DE CASTRO,PP,SIM,1,2026-08-27
2024,NOMINAL,8367,RICARDO VALE,PT,SIM,1,2026-08-27
2024,NOMINAL,8367,ROOSEVELT VILELA,PL,SIM,1,2026-08-27
2024,NOMINAL,8367,THIAGO MANZONI,PL,SIM,1,2026-08-27
2024,NOMINAL,8367,WELLINGTON LUIZ,MDB,SIM,1,2026-08-27
2024,NOMINAL,8380,CHICO VIGILANTE,PT,SIM,1,2026-08-27
2024,NOMINAL,8380,DAYSE AMARILIO,PSB,SIM,1,2026-08-27
2024,NOMINAL,8380,DOUTORA JANE,MDB,SIM,1,2026-08-27
2024,NOMINAL,8380,EDUARDO PEDROSA,UNIÃO,SIM,1,2026-08-27
2024,NOMINAL,8380,FÁBIO FELIX,PSOL,SIM,1,2026-08-27
2024,NOMINAL,8380,GABRIEL MAGNO,PT,SIM,1,2026-08-27
2024,NOMINAL,8380,HERMETO,MDB,SIM,1,2026-08-27
2024,NOMINAL,8380,IOLANDO,MDB,SIM,1,2026-08-27
2024,NOMINAL,8380,JAQUELINE SILVA,MDB,SIM,1,2026-08-27
2024,NOMINAL,8380,MARTINS MACHADO,REPUBLICANOS,SIM,1,2026-08-27
2024,NOMINAL,8380,PASTOR DANIEL DE CASTRO,PP,SIM,1,2026-08-27
2024,NOMINAL,8380,PAULA BELMONTE,CIDADANIA,SIM,1,2026-08-27
2024,NOMINAL,8380,PEPA,PP,SIM,1,2026-08-27
2024,NOMINAL,8380,RICARDO VALE,PT,SIM,1,2026-08-27
2024,NOMINAL,8380,ROGERIO MORRO DA CRUZ,NOVO,SIM,1,2026-08-27
2024,NOMINAL,8380,ROOSEVELT VILELA,PL,SIM,1,2026-08-27
2024,NOMINAL,8380,THIAGO MANZONI,PL,SIM,1,2026-08-27
2024,NOMINAL,8380,WELLINGTON LUIZ,MDB,SIM,1,2026-08-27
2024,NOMINAL,8386,CHICO VIGILANTE,PT,SIM,1,2026-08-27
2024,NOMINAL,8386,DAYSE AMARILIO,PSB,SIM,1,2026-08-27
2024,NOMINAL,8386,DOUTORA JANE,MDB,SIM,1,2026-08-27
2024,NOMINAL,8386,EDUARDO PEDROSA,UNIÃO,SIM,1,2026-08-27
2024,NOMINAL,8386,FÁBIO FELIX,PSOL,SIM,1,2026-08-27
2024,NOMINAL,8386,GABRIEL MAGNO,PT,SIM,1,2026-08-27
2024,NOMINAL,8386,HERMETO,MDB,SIM,1,2026-08-27
2024,NOMINAL,8386,IOLANDO,MDB,SIM,1,2026-08-27
2024,NOMINAL,8386,JAQUELINE SILVA,MDB,SIM,1,2026-08-27
2024,NOMINAL,8386,JORGE VIANNA,PSD,SIM,1,2026-08-27
2024,NOMINAL,8386,MARTINS MACHADO,REPUBLICANOS,SIM,1,2026-08-27
2024,NOMINAL,8386,PASTOR DANIEL DE CASTRO,PP,SIM,1,2026-08-27
2024,NOMINAL,8386,PAULA BELMONTE,CIDADANIA,SIM,1,2026-08-27
2024,NOMINAL,8386,PEPA,PP,SIM,1,2026-08-27
2024,NOMINAL,8386,RICARDO VALE,PT,SIM,1,2026-08-27
2024,NOMINAL,8386,ROBÉRIO NEGREIROS,PSD,SIM,1,2026-08-27
2024,NOMINAL,8386,ROGERIO MORRO DA CRUZ,NOVO,SIM,1,2026-08-27
2024,NOMINAL,8386,ROOSEVELT VILELA,PL,SIM,1,2026-08-27
2024,NOMINAL,8386,THIAGO MANZONI,PL,SIM,1,2026-08-27
2024,NOMINAL,8386,WELLINGTON LUIZ,MDB,SIM,1,2026-08-27
2024,NOMINAL,8388,CHICO VIGILANTE,PT,SIM,1,2026-08-27
2024,NOMINAL,8388,DANIEL DONIZET,MDB,SIM,1,2026-08-27
2024,NOMINAL,8388,DAYSE AMARILIO,PSB,SIM,1,2026-08-27
2024,NOMINAL,8388,DOUTORA JANE,MDB,SIM,1,2026-08-27
2024,NOMINAL,8388,EDUARDO PEDROSA,UNIÃO,SIM,1,2026-08-27
2024,NOMINAL,8388,GABRIEL MAGNO,PT,SIM,1,2026-08-27
2024,NOMINAL,8388,HERMETO,MDB,SIM,1,2026-08-27
2024,NOMINAL,8388,IOLANDO,MDB,SIM,1,2026-08-27
2024,NOMINAL,8388,JAQUELINE SILVA,MDB,SIM,1,2026-08-27
2024,NOMINAL,8388,JORGE VIANNA,PSD,SIM,1,2026-08-27
2024,NOMINAL,8388,MARTINS MACHADO,REPUBLICANOS,SIM,1,2026-08-27
2024,NOMINAL,8388,PAULA BELMONTE,CIDADANIA,SIM,1,2026-08-27
2024,NOMINAL,8388,PEPA,PP,SIM,1,2026-08-27
2024,NOMINAL,8388,RICARDO VALE,PT,SIM,1,2026-08-27
2024,NOMINAL,8388,ROBÉRIO NEGREIROS,PSD,SIM,1,2026-08-27
2024,NOMINAL,8388,ROGERIO MORRO DA CRUZ,NOVO,SIM,1,2026-08-27
2024,NOMINAL,8388,ROOSEVELT VILELA,PL,SIM,1,2026-08-27
2024,NOMINAL,8388,THIAGO MANZONI,PL,SIM,1,2026-08-27
2024,NOMINAL,8388,WELLINGTON LUIZ,MDB,SIM,1,2026-08-27
2024,NOMINAL,8389,CHICO VIGILANTE,PT,SIM,1,2026-08-27
2024,NOMINAL,8389,DAYSE AMARILIO,PSB,SIM,1,2026-08-27
2024,NOMINAL,8389,DOUTORA JANE,MDB,SIM,1,2026-08-27
2024,NOMINAL,8389,FÁBIO FELIX,PSOL,SIM,1,2026-08-27
2024,NOMINAL,8389,GABRIEL MAGNO,PT,SIM,1,2026-08-27
2024,NOMINAL,8389,HERMETO,MDB,SIM,1,2026-08-27
2024,NOMINAL,8389,JAQUELINE SILVA,MDB,SIM,1,2026-08-27
2024,NOMINAL,8389,JOAQUIM RORIZ NETO,PL,SIM,1,2026-08-27
2024,NOMINAL,8389,JORGE VIANNA,PSD,SIM,1,2026-08-27
2024,NOMINAL,8389,JOÃO CARDOSO,AVANTE,SIM,1,2026-08-27
2024,NOMINAL,8389,MARTINS MACHADO,REPUBLICANOS,SIM,1,2026-08-27
2024,NOMINAL,8389,MAX MACIEL,PSOL,SIM,1,2026-08-27
2024,NOMINAL,8389,PASTOR DANIEL DE CASTRO,PP,SIM,1,2026-08-27
2024,NOMINAL,8389,PAULA BELMONTE,CIDADANIA,SIM,1,2026-08-27
2024,NOMINAL,8389,PEPA,PP,SIM,1,2026-08-27
2024,NOMINAL,8389,RICARDO VALE,PT,SIM,1,2026-08-27
2024,NOMINAL,8389,ROBÉRIO NEGREIROS,PSD,SIM,1,2026-08-27
2024,NOMINAL,8389,ROGERIO MORRO DA CRUZ,NOVO,SIM,1,2026-08-27
2024,NOMINAL,8389,THIAGO MANZONI,PL,SIM,1,2026-08-27
2024,NOMINAL,8389,WELLINGTON LUIZ,MDB,SIM,1,2026-08-27
2024,NOMINAL,8487,CHICO VIGILANTE,PT,SIM,1,2026-08-27
2024,NOMINAL,8487,DANIEL DONIZET,MDB,SIM,1,2026-08-27
2024,NOMINAL,8487,DAYSE AMARILIO,PSB,SIM,1,2026-08-27
2024,NOMINAL,8487,EDUARDO PEDROSA,UNIÃO,SIM,1,2026-08-27
2024,NOMINAL,8487,FÁBIO FELIX,PSOL,SIM,1,2026-08-27
2024,NOMINAL,8487,GABRIEL MAGNO,PT,SIM,1,2026-08-27
2024,NOMINAL,8487,HERMETO,MDB,SIM,1,2026-08-27
2024,NOMINAL,8487,JAQUELINE SILVA,MDB,SIM,1,2026-08-27
2024,NOMINAL,8487,JOAQUIM RORIZ NETO,PL,SIM,1,2026-08-27
2024,NOMINAL,8487,JORGE VIANNA,PSD,SIM,1,2026-08-27
2024,NOMINAL,8487,JOÃO CARDOSO,AVANTE,SIM,1,2026-08-27
2024,NOMINAL,8487,MARTINS MACHADO,REPUBLICANOS,SIM,1,2026-08-27
2024,NOMINAL,8487,MAX MACIEL,PSOL,SIM,1,2026-08-27
2024,NOMINAL,8487,PASTOR DANIEL DE CASTRO,PP,SIM,1,2026-08-27
2024,NOMINAL,8487,PEPA,PP,SIM,1,2026-08-27
2024,NOMINAL,8487,RICARDO VALE,PT,SIM,1,2026-08-27
2024,NOMINAL,8487,ROBÉRIO NEGREIROS,PSD,SIM,1,2026-08-27
2024,NOMINAL,8487,ROGERIO MORRO DA CRUZ,NOVO,SIM,1,2026-08-27
2024,NOMINAL,8487,ROOSEVELT VILELA,PL,SIM,1,2026-08-27
2024,NOMINAL,8487,THIAGO MANZONI,PL,SIM,1,2026-08-27
2024,NOMINAL,8487,WELLINGTON LUIZ,MDB,SIM,1,2026-08-27
2024,NOMINAL,8488,CHICO VIGILANTE,PT,SIM,1,2026-08-27
2024,NOMINAL,8488,DANIEL DONIZET,MDB,SIM,1,2026-08-27
2024,NOMINAL,8488,DAYSE AMARILIO,PSB,SIM,1,2026-08-27
2024,NOMINAL,8488,EDUARDO PEDROSA,UNIÃO,SIM,1,2026-08-27
2024,NOMINAL,8488,FÁBIO FELIX,PSOL,SIM,1,2026-08-27
2024,NOMINAL,8488,GABRIEL MAGNO,PT,SIM,1,2026-08-27
2024,NOMINAL,8488,HERMETO,MDB,SIM,1,2026-08-27
2024,NOMINAL,8488,IOLANDO,MDB,SIM,1,2026-08-27
2024,NOMINAL,8488,JAQUELINE SILVA,MDB,SIM,1,2026-08-27
2024,NOMINAL,8488,JOAQUIM RORIZ NETO,PL,SIM,1,2026-08-27
2024,NOMINAL,8488,JORGE VIANNA,PSD,SIM,1,2026-08-27
2024,NOMINAL,8488,JOÃO CARDOSO,AVANTE,SIM,1,2026-08-27
2024,NOMINAL,8488,MARTINS MACHADO,REPUBLICANOS,SIM,1,2026-08-27
2024,NOMINAL,8488,MAX MACIEL,PSOL,SIM,1,2026-08-27
2024,NOMINAL,8488,PASTOR DANIEL DE CASTRO,PP,SIM,1,2026-08-27
2024,NOMINAL,8488,PEPA,PP,SIM,1,2026-08-27
2024,NOMINAL,8488,RICARDO VALE,PT,SIM,1,2026-08-27
2024,NOMINAL,8488,ROBÉRIO NEGREIROS,PSD,SIM,1,2026-08-27
2024,NOMINAL,8488,ROGERIO MORRO DA CRUZ,NOVO,SIM,1,2026-08-27
2024,NOMINAL,8488,ROOSEVELT VILELA,PL,SIM,1,2026-08-27
2024,NOMINAL,8488,THIAGO MANZONI,PL,SIM,1,2026-08-27
2024,NOMINAL,8488,WELLINGTON LUIZ,MDB,SIM,1,2026-08-27
2024,NOMINAL,8489,CHICO VIGILANTE,PT,NAO,1,2026-08-27
2024,NOMINAL,8489,DAYSE AMARILIO,PSB,SIM,1,2026-08-27
2024,NOMINAL,8489,DOUTORA JANE,MDB,SIM,1,2026-08-27
2024,NOMINAL,8489,EDUARDO PEDROSA,UNIÃO,SIM,1,2026-08-27
2024,NOMINAL,8489,FÁBIO FELIX,PSOL,SIM,1,2026-08-27
2024,NOMINAL,8489,GABRIEL MAGNO,PT,SIM,1,2026-08-27
2024,NOMINAL,8489,HERMETO,MDB,SIM,1,2026-08-27
2024,NOMINAL,8489,IOLANDO,MDB,SIM,1,2026-08-27
2024,NOMINAL,8489,JAQUELINE SILVA,MDB,SIM,1,2026-08-27
2024,NOMINAL,8489,JORGE VIANNA,PSD,SIM,1,2026-08-27
2024,NOMINAL,8489,MARTINS MACHADO,REPUBLICANOS,SIM,1,2026-08-27
2024,NOMINAL,8489,PASTOR DANIEL DE CASTRO,PP,SIM,1,2026-08-27
2024,NOMINAL,8489,PAULA BELMONTE,CIDADANIA,SIM,1,2026-08-27
2024,NOMINAL,8489,PEPA,PP,SIM,1,2026-08-27
2024,NOMINAL,8489,RICARDO VALE,PT,SIM,1,2026-08-27
2024,NOMINAL,8489,ROBÉRIO NEGREIROS,PSD,SIM,1,2026-08-27
2024,NOMINAL,8489,ROGERIO MORRO DA CRUZ,NOVO,SIM,1,2026-08-27
2024,NOMINAL,8489,ROOSEVELT VILELA,PL,SIM,1,2026-08-27
2024,NOMINAL,8489,THIAGO MANZONI,PL,SIM,1,2026-08-27
2024,NOMINAL,8489,WELLINGTON LUIZ,MDB,SIM,1,2026-08-27
2024,NOMINAL,8499,CHICO VIGILANTE,PT,SIM,1,2026-08-27
2024,NOMINAL,8499,DAYSE AMARILIO,PSB,SIM,1,2026-08-27
2024,NOMINAL,8499,DOUTORA JANE,MDB,SIM,1,2026-08-27
2024,NOMINAL,8499,EDUARDO PEDROSA,UNIÃO,SIM,1,2026-08-27
2024,NOMINAL,8499,FÁBIO FELIX,PSOL,SIM,1,2026-08-27
2024,NOMINAL,8499,GABRIEL MAGNO,PT,SIM,1,2026-08-27
2024,NOMINAL,8499,HERMETO,MDB,SIM,1,2026-08-27
2024,NOMINAL,8499,JAQUELINE SILVA,MDB,SIM,1,2026-08-27
2024,NOMINAL,8499,JOAQUIM RORIZ NETO,PL,SIM,1,2026-08-27
2024,NOMINAL,8499,JORGE VIANNA,PSD,SIM,1,2026-08-27
2024,NOMINAL,8499,MAX MACIEL,PSOL,SIM,1,2026-08-27
2024,NOMINAL,8499,PASTOR DANIEL DE CASTRO,PP,SIM,1,2026-08-27
2024,NOMINAL,8499,PAULA BELMONTE,CIDADANIA,SIM,1,2026-08-27
2024,NOMINAL,8499,PEPA,PP,SIM,1,2026-08-27
2024,NOMINAL,8499,RICARDO VALE,PT,SIM,1,2026-08-27
2024,NOMINAL,8499,ROBÉRIO NEGREIROS,PSD,SIM,1,2026-08-27
2024,NOMINAL,8499,ROGERIO MORRO DA CRUZ,NOVO,SIM,1,2026-08-27
2024,NOMINAL,8499,ROOSEVELT VILELA,PL,SIM,1,2026-08-27
2024,NOMINAL,8499,THIAGO MANZONI,PL,SIM,1,2026-08-27
2024,NOMINAL,8499,WELLINGTON LUIZ,MDB,SIM,1,2026-08-27
2024,NOMINAL,8501,CHICO VIGILANTE,PT,SIM,1,2026-08-27
2024,NOMINAL,8501,DAYSE AMARILIO,PSB,SIM,1,2026-08-27
2024,NOMINAL,8501,EDUARDO PEDROSA,UNIÃO,SIM,1,2026-08-27
2024,NOMINAL,8501,GABRIEL MAGNO,PT,SIM,1,2026-08-27
2024,NOMINAL,8501,IOLANDO,MDB,SIM,1,2026-08-27
2024,NOMINAL,8501,JAQUELINE SILVA,MDB,SIM,1,2026-08-27
2024,NOMINAL,8501,MARTINS MACHADO,REPUBLICANOS,SIM,1,2026-08-27
2024,NOMINAL,8501,PASTOR DANIEL DE CASTRO,PP,SIM,1,2026-08-27
2024,NOMINAL,8501,PAULA BELMONTE,CIDADANIA,SIM,1,2026-08-27
2024,NOMINAL,8501,RICARDO VALE,PT,SIM,1,2026-08-27
2024,NOMINAL,8501,ROBÉRIO NEGREIROS,PSD,SIM,1,2026-08-27
2024,NOMINAL,8501,THIAGO MANZONI,PL,SIM,1,2026-08-27
2024,NOMINAL,8501,WELLINGTON LUIZ,MDB,SIM,1,2026-08-27
2024,NOMINAL,8502,CHICO VIGILANTE,PT,SIM,1,2026-08-27
2024,NOMINAL,8502,DAYSE AMARILIO,PSB,SIM,1,2026-08-27
2024,NOMINAL,8502,EDUARDO PEDROSA,UNIÃO,SIM,1,2026-08-27
2024,NOMINAL,8502,GABRIEL MAGNO,PT,SIM,1,2026-08-27
2024,NOMINAL,8502,IOLANDO,MDB,SIM,1,2026-08-27
2024,NOMINAL,8502,JAQUELINE SILVA,MDB,SIM,1,2026-08-27
2024,NOMINAL,8502,MARTINS MACHADO,REPUBLICANOS,SIM,1,2026-08-27
2024,NOMINAL,8502,PASTOR DANIEL DE CASTRO,PP,SIM,1,2026-08-27
2024,NOMINAL,8502,PAULA BELMONTE,CIDADANIA,SIM,1,2026-08-27
2024,NOMINAL,8502,RICARDO VALE,PT,SIM,1,2026-08-27
2024,NOMINAL,8502,ROBÉRIO NEGREIROS,PSD,SIM,1,2026-08-27
2024,NOMINAL,8502,THIAGO MANZONI,PL,SIM,1,2026-08-27
2024,NOMINAL,8502,WELLINGTON LUIZ,MDB,SIM,1,2026-08-27
2024,NOMINAL,8514,CHICO VIGILANTE,PT,SIM,1,2026-08-27
2024,NOMINAL,8514,DAYSE AMARILIO,PSB,SIM,1,2026-08-27
2024,NOMINAL,8514,DOUTORA JANE,MDB,SIM,1,2026-08-27
2024,NOMINAL,8514,EDUARDO PEDROSA,UNIÃO,SIM,1,2026-08-27
2024,NOMINAL,8514,FÁBIO FELIX,PSOL,SIM,1,2026-08-27
2024,NOMINAL,8514,GABRIEL MAGNO,PT,SIM,1,2026-08-27
2024,NOMINAL,8514,IOLANDO,MDB,SIM,1,2026-08-27
2024,NOMINAL,8514,JAQUELINE SILVA,MDB,SIM,1,2026-08-27
2024,NOMINAL,8514,JOAQUIM RORIZ NETO,PL,SIM,1,2026-08-27
2024,NOMINAL,8514,JOÃO CARDOSO,AVANTE,SIM,1,2026-08-27
2024,NOMINAL,8514,MARTINS MACHADO,REPUBLICANOS,SIM,1,2026-08-27
2024,NOMINAL,8514,MAX MACIEL,PSOL,SIM,1,2026-08-27
2024,NOMINAL,8514,PASTOR DANIEL DE CASTRO,PP,SIM,1,2026-08-27
2024,NOMINAL,8514,PEPA,PP,SIM,1,2026-08-27
2024,NOMINAL,8514,ROBÉRIO NEGREIROS,PSD,SIM,1,2026-08-27
2024,NOMINAL,8514,ROGERIO MORRO DA CRUZ,NOVO,SIM,1,2026-08-27
2024,NOMINAL,8514,ROOSEVELT VILELA,PL,SIM,1,2026-08-27
2024,NOMINAL,8514,THIAGO MANZONI,PL,ABSTENCAO,1,2026-08-27
2024,NOMINAL,8542,CHICO VIGILANTE,PT,SIM,1,2026-08-27
2024,NOMINAL,8542,DAYSE AMARILIO,PSB,SIM,1,2026-08-27
2024,NOMINAL,8542,EDUARDO PEDROSA,UNIÃO,SIM,1,2026-08-27
2024,NOMINAL,8542,FÁBIO FELIX,PSOL,SIM,1,2026-08-27
2024,NOMINAL,8542,GABRIEL MAGNO,PT,SIM,1,2026-08-27
2024,NOMINAL,8542,IOLANDO,MDB,SIM,1,2026-08-27
2024,NOMINAL,8542,JAQUELINE SILVA,MDB,SIM,1,2026-08-27
2024,NOMINAL,8542,JOÃO CARDOSO,AVANTE,SIM,1,2026-08-27
2024,NOMINAL,8542,MARTINS MACHADO,REPUBLICANOS,SIM,1,2026-08-27
2024,NOMINAL,8542,MAX MACIEL,PSOL,SIM,1,2026-08-27
2024,NOMINAL,8542,PAULA BELMONTE,CIDADANIA,SIM,1,2026-08-27
2024,NOMINAL,8542,PEPA,PP,SIM,1,2026-08-27
2024,NOMINAL,8542,RICARDO VALE,PT,SIM,1,2026-08-27
2024,NOMINAL,8542,ROBÉRIO NEGREIROS,PSD,SIM,1,2026-08-27
2024,NOMINAL,8542,WELLINGTON LUIZ,MDB,SIM,1,2026-08-27
2024,NOMINAL,8566,CHICO VIGILANTE,PT,SIM,1,2026-08-27
2024,NOMINAL,8566,DOUTORA JANE,MDB,SIM,1,2026-08-27
2024,NOMINAL,8566,EDUARDO PEDROSA,UNIÃO,SIM,1,2026-08-27
2024,NOMINAL,8566,FÁBIO FELIX,PSOL,SIM,1,2026-08-27
2024,NOMINAL,8566,GABRIEL MAGNO,PT,SIM,1,2026-08-27
2024,NOMINAL,8566,HERMETO,MDB,SIM,1,2026-08-27
2024,NOMINAL,8566,IOLANDO,MDB,SIM,1,2026-08-27
2024,NOMINAL,8566,JAQUELINE SILVA,MDB,SIM,1,2026-08-27
2024,NOMINAL,8566,JOAQUIM RORIZ NETO,PL,SIM,1,2026-08-27
2024,NOMINAL,8566,JORGE VIANNA,PSD,SIM,1,2026-08-27
2024,NOMINAL,8566,MARTINS MACHADO,REPUBLICANOS,SIM,1,2026-08-27
2024,NOMINAL,8566,PASTOR DANIEL DE CASTRO,PP,SIM,1,2026-08-27
2024,NOMINAL,8566,PAULA BELMONTE,CIDADANIA,SIM,1,2026-08-27
2024,NOMINAL,8566,PEPA,PP,SIM,1,2026-08-27
2024,NOMINAL,8566,RICARDO VALE,PT,SIM,1,2026-08-27
2024,NOMINAL,8566,ROBÉRIO NEGREIROS,PSD,SIM,1,2026-08-27
2024,NOMINAL,8566,ROGERIO MORRO DA CRUZ,NOVO,SIM,1,2026-08-27
2024,NOMINAL,8566,THIAGO MANZONI,PL,SIM,1,2026-08-27
2024,NOMINAL,8566,WELLINGTON LUIZ,MDB,SIM,1,2026-08-27
2024,NOMINAL,8568,DAYSE AMARILIO,PSB,SIM,1,2026-08-27
2024,NOMINAL,8568,DOUTORA JANE,MDB,SIM,1,2026-08-27
2024,NOMINAL,8568,EDUARDO PEDROSA,UNIÃO,SIM,1,2026-08-27
2024,NOMINAL,8568,FÁBIO FELIX,PSOL,SIM,1,2026-08-27
2024,NOMINAL,8568,GABRIEL MAGNO,PT,SIM,1,2026-08-27
2024,NOMINAL,8568,IOLANDO,MDB,SIM,1,2026-08-27
2024,NOMINAL,8568,JAQUELINE SILVA,MDB,SIM,1,2026-08-27
2024,NOMINAL,8568,JORGE VIANNA,PSD,SIM,1,2026-08-27
2024,NOMINAL,8568,MARTINS MACHADO,REPUBLICANOS,SIM,1,2026-08-27
2024,NOMINAL,8568,PASTOR DANIEL DE CASTRO,PP,SIM,1,2026-08-27
2024,NOMINAL,8568,PAULA BELMONTE,CIDADANIA,SIM,1,2026-08-27
2024,NOMINAL,8568,PEPA,PP,SIM,1,2026-08-27
2024,NOMINAL,8568,RICARDO VALE,PT,SIM,1,2026-08-27
2024,NOMINAL,8568,ROBÉRIO NEGREIROS,PSD,SIM,1,2026-08-27
2024,NOMINAL,8568,ROGERIO MORRO DA CRUZ,NOVO,SIM,1,2026-08-27
2024,NOMINAL,8568,THIAGO MANZONI,PL,SIM,1,2026-08-27
2024,NOMINAL,8568,WELLINGTON LUIZ,MDB,SIM,1,2026-08-27
2024,NOMINAL,8603,CHICO VIGILANTE,PT,NAO,1,2026-08-27
2024,NOMINAL,8603,DANIEL DONIZET,MDB,SIM,1,2026-08-27
2024,NOMINAL,8603,DAYSE AMARILIO,PSB,SIM,1,2026-08-27
2024,NOMINAL,8603,EDUARDO PEDROSA,UNIÃO,SIM,1,2026-08-27
2024,NOMINAL,8603,FÁBIO FELIX,PSOL,SIM,1,2026-08-27
2024,NOMINAL,8603,GABRIEL MAGNO,PT,ABSTENCAO,1,2026-08-27
2024,NOMINAL,8603,HERMETO,MDB,SIM,1,2026-08-27
2024,NOMINAL,8603,IOLANDO,MDB,SIM,1,2026-08-27
2024,NOMINAL,8603,JAQUELINE SILVA,MDB,SIM,1,2026-08-27
2024,NOMINAL,8603,JOAQUIM RORIZ NETO,PL,SIM,1,2026-08-27
2024,NOMINAL,8603,JORGE VIANNA,PSD,SIM,1,2026-08-27
2024,NOMINAL,8603,JOÃO CARDOSO,AVANTE,SIM,1,2026-08-27
2024,NOMINAL,8603,MARTINS MACHADO,REPUBLICANOS,SIM,1,2026-08-27
2024,NOMINAL,8603,MAX MACIEL,PSOL,SIM,1,2026-08-27
2024,NOMINAL,8603,PASTOR DANIEL DE CASTRO,PP,SIM,1,2026-08-27
2024,NOMINAL,8603,PEPA,PP,SIM,1,2026-08-27
2024,NOMINAL,8603,RICARDO VALE,PT,SIM,1,2026-08-27
2024,NOMINAL,8603,ROBÉRIO NEGREIROS,PSD,SIM,1,2026-08-27
2024,NOMINAL,8603,ROGERIO MORRO DA CRUZ,NOVO,SIM,1,2026-08-27
2024,NOMINAL,8603,ROOSEVELT VILELA,PL,SIM,1,2026-08-27
2024,NOMINAL,8603,THIAGO MANZONI,PL,SIM,1,2026-08-27
2024,NOMINAL,8603,WELLINGTON LUIZ,MDB,SIM,1,2026-08-27
2024,NOMINAL,8604,CHICO VIGILANTE,PT,NAO,1,2026-08-27
2024,NOMINAL,8604,DANIEL DONIZET,MDB,SIM,1,2026-08-27
2024,NOMINAL,8604,DAYSE AMARILIO,PSB,SIM,1,2026-08-27
2024,NOMINAL,8604,EDUARDO PEDROSA,UNIÃO,SIM,1,2026-08-27
2024,NOMINAL,8604,FÁBIO FELIX,PSOL,SIM,1,2026-08-27
2024,NOMINAL,8604,GABRIEL MAGNO,PT,ABSTENCAO,1,2026-08-27
2024,NOMINAL,8604,HERMETO,MDB,SIM,1,2026-08-27
2024,NOMINAL,8604,IOLANDO,MDB,SIM,1,2026-08-27
2024,NOMINAL,8604,JAQUELINE SILVA,MDB,SIM,1,2026-08-27
2024,NOMINAL,8604,JOAQUIM RORIZ NETO,PL,SIM,1,2026-08-27
2024,NOMINAL,8604,JORGE VIANNA,PSD,SIM,1,2026-08-27
2024,NOMINAL,8604,MARTINS MACHADO,REPUBLICANOS,SIM,1,2026-08-27
2024,NOMINAL,8604,MAX MACIEL,PSOL,SIM,1,2026-08-27
2024,NOMINAL,8604,PASTOR DANIEL DE CASTRO,PP,SIM,1,2026-08-27
2024,NOMINAL,8604,PEPA,PP,SIM,1,2026-08-27
2024,NOMINAL,8604,RICARDO VALE,PT,SIM,1,2026-08-27
2024,NOMINAL,8604,ROBÉRIO NEGREIROS,PSD,SIM,1,2026-08-27
2024,NOMINAL,8604,ROGERIO MORRO DA CRUZ,NOVO,SIM,1,2026-08-27
2024,NOMINAL,8604,ROOSEVELT VILELA,PL,SIM,1,2026-08-27
2024,NOMINAL,8604,THIAGO MANZONI,PL,SIM,1,2026-08-27
2024,NOMINAL,8604,WELLINGTON LUIZ,MDB,SIM,1,2026-08-27
2024,NOMINAL,8617,CHICO VIGILANTE,PT,NAO,1,2026-08-27
2024,NOMINAL,8617,DANIEL DONIZET,MDB,NAO,1,2026-08-27
2024,NOMINAL,8617,DANIEL DONIZET,MDB,SIM,1,2026-08-27
2024,NOMINAL,8617,DAYSE AMARILIO,PSB,NAO,1,2026-08-27
2024,NOMINAL,8617,EDUARDO PEDROSA,UNIÃO,NAO,1,2026-08-27
2024,NOMINAL,8617,FÁBIO FELIX,PSOL,NAO,1,2026-08-27
2024,NOMINAL,8617,GABRIEL MAGNO,PT,NAO,1,2026-08-27
2024,NOMINAL,8617,HERMETO,MDB,ABSTENCAO,1,2026-08-27
2024,NOMINAL,8617,HERMETO,MDB,SIM,1,2026-08-27
2024,NOMINAL,8617,IOLANDO,MDB,NAO,1,2026-08-27
2024,NOMINAL,8617,JAQUELINE SILVA,MDB,NAO,1,2026-08-27
2024,NOMINAL,8617,JOAQUIM RORIZ NETO,PL,SIM,1,2026-08-27
2024,NOMINAL,8617,JORGE VIANNA,PSD,NAO,1,2026-08-27
2024,NOMINAL,8617,JOÃO CARDOSO,AVANTE,NAO,1,2026-08-27
2024,NOMINAL,8617,JOÃO CARDOSO,AVANTE,SIM,1,2026-08-27
2024,NOMINAL,8617,MARTINS MACHADO,REPUBLICANOS,NAO,1,2026-08-27
2024,NOMINAL,8617,MARTINS MACHADO,REPUBLICANOS,SIM,1,2026-08-27
2024,NOMINAL,8617,MAX MACIEL,PSOL,NAO,1,2026-08-27
2024,NOMINAL,8617,PASTOR DANIEL DE CASTRO,PP,SIM,1,2026-08-27
2024,NOMINAL,8617,PEPA,PP,NAO,1,2026-08-27
2024,NOMINAL,8617,PEPA,PP,SIM,1,2026-08-27
2024,NOMINAL,8617,RICARDO VALE,PT,NAO,1,2026-08-27
2024,NOMINAL,8617,ROBÉRIO NEGREIROS,PSD,SIM,1,2026-08-27
2024,NOMINAL,8617,ROGERIO MORRO DA CRUZ,NOVO,SIM,1,2026-08-27
2024,NOMINAL,8617,ROOSEVELT VILELA,PL,SIM,1,2026-08-27
2024,NOMINAL,8617,THIAGO MANZONI,PL,SIM,1,2026-08-27
2024,NOMINAL,8617,WELLINGTON LUIZ,MDB,ABSTENCAO,1,2026-08-27
2024,NOMINAL,8617,WELLINGTON LUIZ,MDB,SIM,1,2026-08-27
2024,NOMINAL,8626,CHICO VIGILANTE,PT,ABSTENCAO,1,2026-08-27
2024,NOMINAL,8626,DANIEL DONIZET,MDB,SIM,1,2026-08-27
2024,NOMINAL,8626,DAYSE AMARILIO,PSB,NAO,1,2026-08-27
2024,NOMINAL,8626,EDUARDO PEDROSA,UNIÃO,SIM,1,2026-08-27
2024,NOMINAL,8626,FÁBIO FELIX,PSOL,NAO,1,2026-08-27
2024,NOMINAL,8626,GABRIEL MAGNO,PT,NAO,1,2026-08-27
2024,NOMINAL,8626,HERMETO,MDB,SIM,1,2026-08-27
2024,NOMINAL,8626,IOLANDO,MDB,SIM,1,2026-08-27
2024,NOMINAL,8626,JAQUELINE SILVA,MDB,SIM,1,2026-08-27
2024,NOMINAL,8626,JOAQUIM RORIZ NETO,PL,SIM,1,2026-08-27
2024,NOMINAL,8626,JORGE VIANNA,PSD,SIM,1,2026-08-27
2024,NOMINAL,8626,JOÃO CARDOSO,AVANTE,SIM,1,2026-08-27
2024,NOMINAL,8626,MARTINS MACHADO,REPUBLICANOS,SIM,1,2026-08-27
2024,NOMINAL,8626,MAX MACIEL,PSOL,NAO,1,2026-08-27
2024,NOMINAL,8626,PASTOR DANIEL DE CASTRO,PP,SIM,1,2026-08-27
2024,NOMINAL,8626,PEPA,PP,SIM,1,2026-08-27
2024,NOMINAL,8626,RICARDO VALE,PT,SIM,1,2026-08-27
2024,NOMINAL,8626,ROBÉRIO NEGREIROS,PSD,SIM,1,2026-08-27
2024,NOMINAL,8626,ROGERIO MORRO DA CRUZ,NOVO,SIM,1,2026-08-27
2024,NOMINAL,8626,ROOSEVELT VILELA,PL,SIM,1,2026-08-27
2024,NOMINAL,8626,THIAGO MANZONI,PL,SIM,1,2026-08-27
2024,NOMINAL,8626,WELLINGTON LUIZ,MDB,SIM,1,2026-08-27
2024,NOMINAL,8628,CHICO VIGILANTE,PT,NAO,1,2026-08-27
2024,NOMINAL,8628,DANIEL DONIZET,MDB,SIM,1,2026-08-27
2024,NOMINAL,8628,DAYSE AMARILIO,PSB,NAO,1,2026-08-27
2024,NOMINAL,8628,EDUARDO PEDROSA,UNIÃO,SIM,1,2026-08-27
2024,NOMINAL,8628,FÁBIO FELIX,PSOL,NAO,1,2026-08-27
2024,NOMINAL,8628,GABRIEL MAGNO,PT,NAO,1,2026-08-27
2024,NOMINAL,8628,HERMETO,MDB,SIM,1,2026-08-27
2024,NOMINAL,8628,IOLANDO,MDB,SIM,1,2026-08-27
2024,NOMINAL,8628,JAQUELINE SILVA,MDB,SIM,1,2026-08-27
2024,NOMINAL,8628,JOAQUIM RORIZ NETO,PL,SIM,1,2026-08-27
2024,NOMINAL,8628,JORGE VIANNA,PSD,SIM,1,2026-08-27
2024,NOMINAL,8628,JOÃO CARDOSO,AVANTE,SIM,1,2026-08-27
2024,NOMINAL,8628,MARTINS MACHADO,REPUBLICANOS,SIM,1,2026-08-27
2024,NOMINAL,8628,MAX MACIEL,PSOL,NAO,1,2026-08-27
2024,NOMINAL,8628,PASTOR DANIEL DE CASTRO,PP,SIM,1,2026-08-27
2024,NOMINAL,8628,PEPA,PP,SIM,1,2026-08-27
2024,NOMINAL,8628,RICARDO VALE,PT,NAO,1,2026-08-27
2024,NOMINAL,8628,ROBÉRIO NEGREIROS,PSD,SIM,1,2026-08-27
2024,NOMINAL,8628,ROGERIO MORRO DA CRUZ,NOVO,SIM,1,2026-08-27
2024,NOMINAL,8628,ROOSEVELT VILELA,PL,SIM,1,2026-08-27
2024,NOMINAL,8628,THIAGO MANZONI,PL,SIM,1,2026-08-27
2024,NOMINAL,8628,WELLINGTON LUIZ,MDB,SIM,1,2026-08-27
2024,NOMINAL,8751,CHICO VIGILANTE,PT,SIM,1,2026-08-27
2024,NOMINAL,8751,DAYSE AMARILIO,PSB,SIM,1,2026-08-27
2024,NOMINAL,8751,DOUTORA JANE,MDB,SIM,1,2026-08-27
2024,NOMINAL,8751,EDUARDO PEDROSA,UNIÃO,SIM,1,2026-08-27
2024,NOMINAL,8751,FÁBIO FELIX,PSOL,SIM,1,2026-08-27
2024,NOMINAL,8751,GABRIEL MAGNO,PT,SIM,1,2026-08-27
2024,NOMINAL,8751,IOLANDO,MDB,SIM,1,2026-08-27
2024,NOMINAL,8751,JAQUELINE SILVA,MDB,SIM,1,2026-08-27
2024,NOMINAL,8751,JOAQUIM RORIZ NETO,PL,SIM,1,2026-08-27
2024,NOMINAL,8751,JOÃO CARDOSO,AVANTE,SIM,1,2026-08-27
2024,NOMINAL,8751,MARTINS MACHADO,REPUBLICANOS,SIM,1,2026-08-27
2024,NOMINAL,8751,MAX MACIEL,PSOL,SIM,1,2026-08-27
2024,NOMINAL,8751,PASTOR DANIEL DE CASTRO,PP,SIM,1,2026-08-27
2024,NOMINAL,8751,PEPA,PP,SIM,1,2026-08-27
2024,NOMINAL,8751,ROBÉRIO NEGREIROS,PSD,SIM,1,2026-08-27
2024,NOMINAL,8751,ROGERIO MORRO DA CRUZ,NOVO,SIM,1,2026-08-27
2024,NOMINAL,8751,ROOSEVELT VILELA,PL,SIM,1,2026-08-27
2024,NOMINAL,8751,THIAGO MANZONI,PL,SIM,1,2026-08-27
2024,NOMINAL,8752,CHICO VIGILANTE,PT,SIM,1,2026-08-27
2024,NOMINAL,8752,DAYSE AMARILIO,PSB,SIM,1,2026-08-27
2024,NOMINAL,8752,EDUARDO PEDROSA,UNIÃO,SIM,1,2026-08-27
2024,NOMINAL,8752,FÁBIO FELIX,PSOL,SIM,1,2026-08-27
2024,NOMINAL,8752,GABRIEL MAGNO,PT,SIM,1,2026-08-27
2024,NOMINAL,8752,IOLANDO,MDB,SIM,1,2026-08-27
2024,NOMINAL,8752,JOAQUIM RORIZ NETO,PL,SIM,1,2026-08-27
2024,NOMINAL,8752,JOÃO CARDOSO,AVANTE,SIM,1,2026-08-27
2024,NOMINAL,8752,MARTINS MACHADO,REPUBLICANOS,SIM,1,2026-08-27
2024,NOMINAL,8752,MAX MACIEL,PSOL,SIM,1,2026-08-27
2024,NOMINAL,8752,PASTOR DANIEL DE CASTRO,PP,SIM,1,2026-08-27
2024,NOMINAL,8752,ROBÉRIO NEGREIROS,PSD,SIM,1,2026-08-27
2024,NOMINAL,8752,ROGERIO MORRO DA CRUZ,NOVO,SIM,1,2026-08-27
2024,NOMINAL,8752,ROOSEVELT VILELA,PL,SIM,1,2026-08-27
2024,NOMINAL,8752,THIAGO MANZONI,PL,SIM,1,2026-08-27
2024,NOMINAL,8752,WELLINGTON LUIZ,MDB,SIM,1,2026-08-27
2024,NOMINAL,8758,CHICO VIGILANTE,PT,SIM,1,2026-08-27
2024,NOMINAL,8758,DAYSE AMARILIO,PSB,SIM,1,2026-08-27
2024,NOMINAL,8758,DOUTORA JANE,MDB,SIM,1,2026-08-27
2024,NOMINAL,8758,EDUARDO PEDROSA,UNIÃO,SIM,1,2026-08-27
2024,NOMINAL,8758,GABRIEL MAGNO,PT,SIM,1,2026-08-27
2024,NOMINAL,8758,IOLANDO,MDB,SIM,1,2026-08-27
2024,NOMINAL,8758,JOAQUIM RORIZ NETO,PL,SIM,1,2026-08-27
2024,NOMINAL,8758,JOÃO CARDOSO,AVANTE,SIM,1,2026-08-27
2024,NOMINAL,8758,MARTINS MACHADO,REPUBLICANOS,SIM,1,2026-08-27
2024,NOMINAL,8758,MAX MACIEL,PSOL,SIM,1,2026-08-27
2024,NOMINAL,8758,PASTOR DANIEL DE CASTRO,PP,SIM,1,2026-08-27
2024,NOMINAL,8758,PEPA,PP,SIM,1,2026-08-27
2024,NOMINAL,8758,ROGERIO MORRO DA CRUZ,NOVO,SIM,1,2026-08-27
2024,NOMINAL,8758,ROOSEVELT VILELA,PL,SIM,1,2026-08-27
2024,NOMINAL,8758,THIAGO MANZONI,PL,SIM,1,2026-08-27
2024,NOMINAL,8759,DAYSE AMARILIO,PSB,SIM,1,2026-08-27
2024,NOMINAL,8759,EDUARDO PEDROSA,UNIÃO,SIM,1,2026-08-27
2024,NOMINAL,8759,FÁBIO FELIX,PSOL,SIM,1,2026-08-27
2024,NOMINAL,8759,GABRIEL MAGNO,PT,SIM,1,2026-08-27
2024,NOMINAL,8759,IOLANDO,MDB,SIM,1,2026-08-27
2024,NOMINAL,8759,JOAQUIM RORIZ NETO,PL,SIM,1,2026-08-27
2024,NOMINAL,8759,JOÃO CARDOSO,AVANTE,SIM,1,2026-08-27
2024,NOMINAL,8759,MARTINS MACHADO,REPUBLICANOS,SIM,1,2026-08-27
2024,NOMINAL,8759,MAX MACIEL,PSOL,SIM,1,2026-08-27
2024,NOMINAL,8759,PASTOR DANIEL DE CASTRO,PP,SIM,1,2026-08-27
2024,NOMINAL,8759,PEPA,PP,SIM,1,2026-08-27
2024,NOMINAL,8759,ROBÉRIO NEGREIROS,PSD,SIM,1,2026-08-27
2024,NOMINAL,8759,ROGERIO MORRO DA CRUZ,NOVO,SIM,1,2026-08-27
2024,NOMINAL,8759,ROOSEVELT VILELA,PL,SIM,1,2026-08-27
2024,NOMINAL,8759,THIAGO MANZONI,PL,SIM,1,2026-08-27
2024,NOMINAL,8759,WELLINGTON LUIZ,MDB,SIM,1,2026-08-27
2024,NOMINAL,8772,CHICO VIGILANTE,PT,SIM,1,2026-08-27
2024,NOMINAL,8772,DANIEL DONIZET,MDB,SIM,1,2026-08-27
2024,NOMINAL,8772,DAYSE AMARILIO,PSB,SIM,1,2026-08-27
2024,NOMINAL,8772,EDUARDO PEDROSA,UNIÃO,SIM,1,2026-08-27
2024,NOMINAL,8772,FÁBIO FELIX,PSOL,SIM,1,2026-08-27
2024,NOMINAL,8772,GABRIEL MAGNO,PT,SIM,1,2026-08-27
2024,NOMINAL,8772,HERMETO,MDB,SIM,1,2026-08-27
2024,NOMINAL,8772,IOLANDO,MDB,SIM,1,2026-08-27
2024,NOMINAL,8772,JOAQUIM RORIZ NETO,PL,SIM,1,2026-08-27
2024,NOMINAL,8772,JORGE VIANNA,PSD,SIM,1,2026-08-27
2024,NOMINAL,8772,MARTINS MACHADO,REPUBLICANOS,SIM,1,2026-08-27
2024,NOMINAL,8772,MAX MACIEL,PSOL,SIM,1,2026-08-27
2024,NOMINAL,8772,PEPA,PP,SIM,1,2026-08-27
2024,NOMINAL,8772,RICARDO VALE,PT,SIM,1,2026-08-27
2024,NOMINAL,8772,ROBÉRIO NEGREIROS,PSD,SIM,1,2026-08-27
2024,NOMINAL,8772,ROGERIO MORRO DA CRUZ,NOVO,SIM,1,2026-08-27
2024,NOMINAL,8772,ROOSEVELT VILELA,PL,SIM,1,2026-08-27
2024,NOMINAL,8793,CHICO VIGILANTE,PT,SIM,1,2026-08-27
2024,NOMINAL,8793,DAYSE AMARILIO,PSB,SIM,1,2026-08-27
2024,NOMINAL,8793,DOUTORA JANE,MDB,SIM,1,2026-08-27
2024,NOMINAL,8793,EDUARDO PEDROSA,UNIÃO,SIM,1,2026-08-27
2024,NOMINAL,8793,FÁBIO FELIX,PSOL,SIM,1,2026-08-27
2024,NOMINAL,8793,GABRIEL MAGNO,PT,SIM,1,2026-08-27
2024,NOMINAL,8793,IOLANDO,MDB,SIM,1,2026-08-27
2024,NOMINAL,8793,JAQUELINE SILVA,MDB,SIM,1,2026-08-27
2024,NOMINAL,8793,JOÃO CARDOSO,AVANTE,SIM,1,2026-08-27
2024,NOMINAL,8793,MAX MACIEL,PSOL,SIM,1,2026-08-27
2024,NOMINAL,8793,PASTOR DANIEL DE CASTRO,PP,SIM,1,2026-08-27
2024,NOMINAL,8793,PAULA BELMONTE,CIDADANIA,SIM,1,2026-08-27
2024,NOMINAL,8793,PEPA,PP,SIM,1,2026-08-27
2024,NOMINAL,8793,RICARDO VALE,PT,SIM,1,2026-08-27
2024,NOMINAL,8793,ROBÉRIO NEGREIROS,PSD,SIM,1,2026-08-27
2024,NOMINAL,8793,ROGERIO MORRO DA CRUZ,NOVO,SIM,1,2026-08-27
2024,NOMINAL,8793,THIAGO MANZONI,PL,SIM,1,2026-08-27
2024,NOMINAL,8793,WELLINGTON LUIZ,MDB,SIM,1,2026-08-27
2024,NOMINAL,8817,CHICO VIGILANTE,PT,NAO,1,2026-08-27
2024,NOMINAL,8817,DANIEL DONIZET,MDB,SIM,1,2026-08-27
2024,NOMINAL,8817,DAYSE AMARILIO,PSB,NAO,1,2026-08-27
2024,NOMINAL,8817,DOUTORA JANE,MDB,SIM,1,2026-08-27
2024,NOMINAL,8817,EDUARDO PEDROSA,UNIÃO,SIM,1,2026-08-27
2024,NOMINAL,8817,FÁBIO FELIX,PSOL,NAO,1,2026-08-27
2024,NOMINAL,8817,GABRIEL MAGNO,PT,NAO,1,2026-08-27
2024,NOMINAL,8817,HERMETO,MDB,SIM,1,2026-08-27
2024,NOMINAL,8817,IOLANDO,MDB,SIM,1,2026-08-27
2024,NOMINAL,8817,JAQUELINE SILVA,MDB,SIM,1,2026-08-27
2024,NOMINAL,8817,JOAQUIM RORIZ NETO,PL,SIM,1,2026-08-27
2024,NOMINAL,8817,JORGE VIANNA,PSD,SIM,1,2026-08-27
2024,NOMINAL,8817,JOÃO CARDOSO,AVANTE,SIM,1,2026-08-27
2024,NOMINAL,8817,MARTINS MACHADO,REPUBLICANOS,SIM,1,2026-08-27
2024,NOMINAL,8817,MAX MACIEL,PSOL,NAO,1,2026-08-27
2024,NOMINAL,8817,PASTOR DANIEL DE CASTRO,PP,SIM,1,2026-08-27
2024,NOMINAL,8817,PAULA BELMONTE,CIDADANIA,SIM,1,2026-08-27
2024,NOMINAL,8817,PEPA,PP,SIM,1,2026-08-27
2024,NOMINAL,8817,RICARDO VALE,PT,NAO,1,2026-08-27
2024,NOMINAL,8817,ROBÉRIO NEGREIROS,PSD,SIM,1,2026-08-27
2024,NOMINAL,8817,ROGERIO MORRO DA CRUZ,NOVO,SIM,1,2026-08-27
2024,NOMINAL,8817,ROOSEVELT VILELA,PL,SIM,1,2026-08-27
2024,NOMINAL,8817,THIAGO MANZONI,PL,SIM,1,2026-08-27
2024,NOMINAL,8817,WELLINGTON LUIZ,MDB,SIM,1,2026-08-27
2024,NOMINAL,8818,CHICO VIGILANTE,PT,NAO,1,2026-08-27
2024,NOMINAL,8818,DANIEL DONIZET,MDB,SIM,1,2026-08-27
2024,NOMINAL,8818,DAYSE AMARILIO,PSB,NAO,1,2026-08-27
2024,NOMINAL,8818,DOUTORA JANE,MDB,SIM,1,2026-08-27
2024,NOMINAL,8818,EDUARDO PEDROSA,UNIÃO,SIM,1,2026-08-27
2024,NOMINAL,8818,FÁBIO FELIX,PSOL,NAO,1,2026-08-27
2024,NOMINAL,8818,GABRIEL MAGNO,PT,NAO,1,2026-08-27
2024,NOMINAL,8818,HERMETO,MDB,SIM,1,2026-08-27
2024,NOMINAL,8818,IOLANDO,MDB,SIM,1,2026-08-27
2024,NOMINAL,8818,JAQUELINE SILVA,MDB,SIM,1,2026-08-27
2024,NOMINAL,8818,JOAQUIM RORIZ NETO,PL,SIM,1,2026-08-27
2024,NOMINAL,8818,JORGE VIANNA,PSD,SIM,1,2026-08-27
2024,NOMINAL,8818,JOÃO CARDOSO,AVANTE,SIM,1,2026-08-27
2024,NOMINAL,8818,MARTINS MACHADO,REPUBLICANOS,SIM,1,2026-08-27
2024,NOMINAL,8818,MAX MACIEL,PSOL,NAO,1,2026-08-27
2024,NOMINAL,8818,PASTOR DANIEL DE CASTRO,PP,SIM,1,2026-08-27
2024,NOMINAL,8818,PAULA BELMONTE,CIDADANIA,SIM,1,2026-08-27
2024,NOMINAL,8818,PEPA,PP,SIM,1,2026-08-27
2024,NOMINAL,8818,RICARDO VALE,PT,NAO,1,2026-08-27
2024,NOMINAL,8818,ROBÉRIO NEGREIROS,PSD,SIM,1,2026-08-27
2024,NOMINAL,8818,ROGERIO MORRO DA CRUZ,NOVO,SIM,1,2026-08-27
2024,NOMINAL,8818,ROOSEVELT VILELA,PL,SIM,1,2026-08-27
2024,NOMINAL,8818,THIAGO MANZONI,PL,SIM,1,2026-08-27
2024,NOMINAL,8818,WELLINGTON LUIZ,MDB,SIM,1,2026-08-27
2024,NOMINAL,8821,CHICO VIGILANTE,PT,SIM,1,2026-08-27
2024,NOMINAL,8821,DANIEL DONIZET,MDB,NAO,1,2026-08-27
2024,NOMINAL,8821,DAYSE AMARILIO,PSB,SIM,1,2026-08-27
2024,NOMINAL,8821,DOUTORA JANE,MDB,NAO,1,2026-08-27
2024,NOMINAL,8821,EDUARDO PEDROSA,UNIÃO,NAO,1,2026-08-27
2024,NOMINAL,8821,FÁBIO FELIX,PSOL,SIM,1,2026-08-27
2024,NOMINAL,8821,GABRIEL MAGNO,PT,SIM,1,2026-08-27
2024,NOMINAL,8821,HERMETO,MDB,NAO,1,2026-08-27
2024,NOMINAL,8821,IOLANDO,MDB,NAO,1,2026-08-27
2024,NOMINAL,8821,JAQUELINE SILVA,MDB,NAO,1,2026-08-27
2024,NOMINAL,8821,JOAQUIM RORIZ NETO,PL,NAO,1,2026-08-27
2024,NOMINAL,8821,JORGE VIANNA,PSD,NAO,1,2026-08-27
2024,NOMINAL,8821,JOÃO CARDOSO,AVANTE,NAO,1,2026-08-27
2024,NOMINAL,8821,MARTINS MACHADO,REPUBLICANOS,NAO,1,2026-08-27
2024,NOMINAL,8821,MAX MACIEL,PSOL,SIM,1,2026-08-27
2024,NOMINAL,8821,PASTOR DANIEL DE CASTRO,PP,NAO,1,2026-08-27
2024,NOMINAL,8821,PAULA BELMONTE,CIDADANIA,SIM,1,2026-08-27
2024,NOMINAL,8821,PEPA,PP,NAO,1,2026-08-27
2024,NOMINAL,8821,RICARDO VALE,PT,SIM,1,2026-08-27
2024,NOMINAL,8821,ROBÉRIO NEGREIROS,PSD,NAO,1,2026-08-27
2024,NOMINAL,8821,ROGERIO MORRO DA CRUZ,NOVO,NAO,1,2026-08-27
2024,NOMINAL,8821,ROOSEVELT VILELA,PL,NAO,1,2026-08-27
2024,NOMINAL,8821,THIAGO MANZONI,PL,NAO,1,2026-08-27
2024,NOMINAL,8821,WELLINGTON LUIZ,MDB,NAO,1,2026-08-27
2024,NOMINAL,8822,CHICO VIGILANTE,PT,NAO,1,2026-08-27
2024,NOMINAL,8822,DANIEL DONIZET,MDB,SIM,1,2026-08-27
2024,NOMINAL,8822,DAYSE AMARILIO,PSB,NAO,1,2026-08-27
2024,NOMINAL,8822,DOUTORA JANE,MDB,SIM,1,2026-08-27
2024,NOMINAL,8822,EDUARDO PEDROSA,UNIÃO,SIM,1,2026-08-27
2024,NOMINAL,8822,FÁBIO FELIX,PSOL,NAO,1,2026-08-27
2024,NOMINAL,8822,GABRIEL MAGNO,PT,NAO,1,2026-08-27
2024,NOMINAL,8822,HERMETO,MDB,SIM,1,2026-08-27
2024,NOMINAL,8822,IOLANDO,MDB,SIM,1,2026-08-27
2024,NOMINAL,8822,JAQUELINE SILVA,MDB,SIM,1,2026-08-27
2024,NOMINAL,8822,JOAQUIM RORIZ NETO,PL,SIM,1,2026-08-27
2024,NOMINAL,8822,JORGE VIANNA,PSD,SIM,1,2026-08-27
2024,NOMINAL,8822,JOÃO CARDOSO,AVANTE,SIM,1,2026-08-27
2024,NOMINAL,8822,MARTINS MACHADO,REPUBLICANOS,SIM,1,2026-08-27
2024,NOMINAL,8822,MAX MACIEL,PSOL,NAO,1,2026-08-27
2024,NOMINAL,8822,PASTOR DANIEL DE CASTRO,PP,SIM,1,2026-08-27
2024,NOMINAL,8822,PAULA BELMONTE,CIDADANIA,NAO,1,2026-08-27
2024,NOMINAL,8822,PAULA BELMONTE,CIDADANIA,SIM,1,2026-08-27
2024,NOMINAL,8822,PEPA,PP,SIM,1,2026-08-27
2024,NOMINAL,8822,RICARDO VALE,PT,NAO,1,2026-08-27
2024,NOMINAL,8822,ROBÉRIO NEGREIROS,PSD,SIM,1,2026-08-27
2024,NOMINAL,8822,ROGERIO MORRO DA CRUZ,NOVO,SIM,1,2026-08-27
2024,NOMINAL,8822,ROOSEVELT VILELA,PL,SIM,1,2026-08-27
2024,NOMINAL,8822,THIAGO MANZONI,PL,SIM,1,2026-08-27
2024,NOMINAL,8822,WELLINGTON LUIZ,MDB,SIM,1,2026-08-27
2024,NOMINAL,8823,CHICO VIGILANTE,PT,NAO,1,2026-08-27
2024,NOMINAL,8823,DANIEL DONIZET,MDB,SIM,1,2026-08-27
2024,NOMINAL,8823,DAYSE AMARILIO,PSB,NAO,1,2026-08-27
2024,NOMINAL,8823,DOUTORA JANE,MDB,SIM,1,2026-08-27
2024,NOMINAL,8823,EDUARDO PEDROSA,UNIÃO,SIM,1,2026-08-27
2024,NOMINAL,8823,FÁBIO FELIX,PSOL,NAO,1,2026-08-27
2024,NOMINAL,8823,GABRIEL MAGNO,PT,NAO,1,2026-08-27
2024,NOMINAL,8823,HERMETO,MDB,SIM,1,2026-08-27
2024,NOMINAL,8823,IOLANDO,MDB,SIM,1,2026-08-27
2024,NOMINAL,8823,JAQUELINE SILVA,MDB,SIM,1,2026-08-27
2024,NOMINAL,8823,JOAQUIM RORIZ NETO,PL,SIM,1,2026-08-27
2024,NOMINAL,8823,JORGE VIANNA,PSD,SIM,1,2026-08-27
2024,NOMINAL,8823,JOÃO CARDOSO,AVANTE,SIM,1,2026-08-27
2024,NOMINAL,8823,MARTINS MACHADO,REPUBLICANOS,SIM,1,2026-08-27
2024,NOMINAL,8823,MAX MACIEL,PSOL,NAO,1,2026-08-27
2024,NOMINAL,8823,PASTOR DANIEL DE CASTRO,PP,SIM,1,2026-08-27
2024,NOMINAL,8823,PAULA BELMONTE,CIDADANIA,NAO,1,2026-08-27
2024,NOMINAL,8823,PAULA BELMONTE,CIDADANIA,SIM,1,2026-08-27
2024,NOMINAL,8823,PEPA,PP,SIM,1,2026-08-27
2024,NOMINAL,8823,RICARDO VALE,PT,NAO,1,2026-08-27
2024,NOMINAL,8823,ROBÉRIO NEGREIROS,PSD,SIM,1,2026-08-27
2024,NOMINAL,8823,ROGERIO MORRO DA CRUZ,NOVO,SIM,1,2026-08-27
2024,NOMINAL,8823,ROOSEVELT VILELA,PL,SIM,1,2026-08-27
2024,NOMINAL,8823,THIAGO MANZONI,PL,SIM,1,2026-08-27
2024,NOMINAL,8823,WELLINGTON LUIZ,MDB,SIM,1,2026-08-27
2024,NOMINAL,8854,CHICO VIGILANTE,PT,SIM,1,2026-08-27
2024,NOMINAL,8854,DAYSE AMARILIO,PSB,SIM,1,2026-08-27
2024,NOMINAL,8854,DOUTORA JANE,MDB,SIM,1,2026-08-27
2024,NOMINAL,8854,EDUARDO PEDROSA,UNIÃO,SIM,1,2026-08-27
2024,NOMINAL,8854,FÁBIO FELIX,PSOL,SIM,1,2026-08-27
2024,NOMINAL,8854,GABRIEL MAGNO,PT,SIM,1,2026-08-27
2024,NOMINAL,8854,IOLANDO,MDB,NAO,1,2026-08-27
2024,NOMINAL,8854,IOLANDO,MDB,SIM,1,2026-08-27
2024,NOMINAL,8854,JAQUELINE SILVA,MDB,SIM,1,2026-08-27
2024,NOMINAL,8854,JOÃO CARDOSO,AVANTE,NAO,1,2026-08-27
2024,NOMINAL,8854,JOÃO CARDOSO,AVANTE,SIM,1,2026-08-27
2024,NOMINAL,8854,MARTINS MACHADO,REPUBLICANOS,SIM,1,2026-08-27
2024,NOMINAL,8854,MAX MACIEL,PSOL,SIM,1,2026-08-27
2024,NOMINAL,8854,PASTOR DANIEL DE CASTRO,PP,NAO,1,2026-08-27
2024,NOMINAL,8854,PAULA BELMONTE,CIDADANIA,SIM,1,2026-08-27
2024,NOMINAL,8854,PEPA,PP,SIM,1,2026-08-27
2024,NOMINAL,8854,RICARDO VALE,PT,SIM,1,2026-08-27
2024,NOMINAL,8854,ROBÉRIO NEGREIROS,PSD,SIM,1,2026-08-27
2024,NOMINAL,8854,ROGERIO MORRO DA CRUZ,NOVO,NAO,1,2026-08-27
2024,NOMINAL,8854,ROGERIO MORRO DA CRUZ,NOVO,SIM,1,2026-08-27
2024,NOMINAL,8854,THIAGO MANZONI,PL,NAO,1,2026-08-27
2024,NOMINAL,8854,WELLINGTON LUIZ,MDB,SIM,1,2026-08-27
2024,NOMINAL,8860,CHICO VIGILANTE,PT,SIM,1,2026-08-27
2024,NOMINAL,8860,DANIEL DONIZET,MDB,NAO,1,2026-08-27
2024,NOMINAL,8860,DAYSE AMARILIO,PSB,SIM,1,2026-08-27
2024,NOMINAL,8860,DOUTORA JANE,MDB,NAO,1,2026-08-27
2024,NOMINAL,8860,EDUARDO PEDROSA,UNIÃO,NAO,1,2026-08-27
2024,NOMINAL,8860,FÁBIO FELIX,PSOL,SIM,1,2026-08-27
2024,NOMINAL,8860,GABRIEL MAGNO,PT,SIM,1,2026-08-27
2024,NOMINAL,8860,HERMETO,MDB,NAO,1,2026-08-27
2024,NOMINAL,8860,IOLANDO,MDB,NAO,1,2026-08-27
2024,NOMINAL,8860,JAQUELINE SILVA,MDB,NAO,1,2026-08-27
2024,NOMINAL,8860,JOAQUIM RORIZ NETO,PL,NAO,1,2026-08-27
2024,NOMINAL,8860,JORGE VIANNA,PSD,NAO,1,2026-08-27
2024,NOMINAL,8860,JOÃO CARDOSO,AVANTE,NAO,1,2026-08-27
2024,NOMINAL,8860,MARTINS MACHADO,REPUBLICANOS,NAO,1,2026-08-27
2024,NOMINAL,8860,MAX MACIEL,PSOL,SIM,1,2026-08-27
2024,NOMINAL,8860,PASTOR DANIEL DE CASTRO,PP,NAO,1,2026-08-27
2024,NOMINAL,8860,PAULA BELMONTE,CIDADANIA,NAO,1,2026-08-27
2024,NOMINAL,8860,PEPA,PP,NAO,1,2026-08-27
2024,NOMINAL,8860,RICARDO VALE,PT,SIM,1,2026-08-27
2024,NOMINAL,8860,ROBÉRIO NEGREIROS,PSD,NAO,1,2026-08-27
2024,NOMINAL,8860,ROGERIO MORRO DA CRUZ,NOVO,NAO,1,2026-08-27
2024,NOMINAL,8860,ROOSEVELT VILELA,PL,NAO,1,2026-08-27
2024,NOMINAL,8860,THIAGO MANZONI,PL,NAO,1,2026-08-27
2024,NOMINAL,8860,WELLINGTON LUIZ,MDB,NAO,1,2026-08-27
2024,NOMINAL,8862,CHICO VIGILANTE,PT,NAO,1,2026-08-27
2024,NOMINAL,8862,DANIEL DONIZET,MDB,SIM,1,2026-08-27
2024,NOMINAL,8862,DAYSE AMARILIO,PSB,NAO,1,2026-08-27
2024,NOMINAL,8862,DOUTORA JANE,MDB,SIM,1,2026-08-27
2024,NOMINAL,8862,EDUARDO PEDROSA,UNIÃO,SIM,1,2026-08-27
2024,NOMINAL,8862,FÁBIO FELIX,PSOL,NAO,1,2026-08-27
2024,NOMINAL,8862,GABRIEL MAGNO,PT,NAO,1,2026-08-27
2024,NOMINAL,8862,HERMETO,MDB,SIM,1,2026-08-27
2024,NOMINAL,8862,IOLANDO,MDB,SIM,1,2026-08-27
2024,NOMINAL,8862,JAQUELINE SILVA,MDB,SIM,1,2026-08-27
2024,NOMINAL,8862,JOAQUIM RORIZ NETO,PL,SIM,1,2026-08-27
2024,NOMINAL,8862,JORGE VIANNA,PSD,SIM,1,2026-08-27
2024,NOMINAL,8862,JOÃO CARDOSO,AVANTE,SIM,1,2026-08-27
2024,NOMINAL,8862,MARTINS MACHADO,REPUBLICANOS,SIM,1,2026-08-27
2024,NOMINAL,8862,MAX MACIEL,PSOL,NAO,1,2026-08-27
2024,NOMINAL,8862,PASTOR DANIEL DE CASTRO,PP,SIM,1,2026-08-27
2024,NOMINAL,8862,PAULA BELMONTE,CIDADANIA,SIM,1,2026-08-27
2024,NOMINAL,8862,PEPA,PP,SIM,1,2026-08-27
2024,NOMINAL,8862,RICARDO VALE,PT,NAO,1,2026-08-27
2024,NOMINAL,8862,ROBÉRIO NEGREIROS,PSD,SIM,1,2026-08-27
2024,NOMINAL,8862,ROGERIO MORRO DA CRUZ,NOVO,SIM,1,2026-08-27
2024,NOMINAL,8862,ROOSEVELT VILELA,PL,SIM,1,2026-08-27
2024,NOMINAL,8862,THIAGO MANZONI,PL,SIM,1,2026-08-27
2024,NOMINAL,8862,WELLINGTON LUIZ,MDB,SIM,1,2026-08-27
2024,NOMINAL,8865,CHICO VIGILANTE,PT,SIM,1,2026-08-27
2024,NOMINAL,8865,DANIEL DONIZET,MDB,NAO,1,2026-08-27
2024,NOMINAL,8865,DAYSE AMARILIO,PSB,SIM,1,2026-08-27
2024,NOMINAL,8865,DOUTORA JANE,MDB,NAO,1,2026-08-27
2024,NOMINAL,8865,EDUARDO PEDROSA,UNIÃO,NAO,1,2026-08-27
2024,NOMINAL,8865,FÁBIO FELIX,PSOL,SIM,1,2026-08-27
2024,NOMINAL,8865,GABRIEL MAGNO,PT,SIM,1,2026-08-27
2024,NOMINAL,8865,HERMETO,MDB,NAO,1,2026-08-27
2024,NOMINAL,8865,IOLANDO,MDB,NAO,1,2026-08-27
2024,NOMINAL,8865,JAQUELINE SILVA,MDB,NAO,1,2026-08-27
2024,NOMINAL,8865,JOAQUIM RORIZ NETO,PL,NAO,1,2026-08-27
2024,NOMINAL,8865,JORGE VIANNA,PSD,NAO,1,2026-08-27
2024,NOMINAL,8865,JOÃO CARDOSO,AVANTE,NAO,1,2026-08-27
2024,NOMINAL,8865,MARTINS MACHADO,REPUBLICANOS,NAO,1,2026-08-27
2024,NOMINAL,8865,MAX MACIEL,PSOL,SIM,1,2026-08-27
2024,NOMINAL,8865,PASTOR DANIEL DE CASTRO,PP,NAO,1,2026-08-27
2024,NOMINAL,8865,PAULA BELMONTE,CIDADANIA,SIM,1,2026-08-27
2024,NOMINAL,8865,PEPA,PP,NAO,1,2026-08-27
2024,NOMINAL,8865,RICARDO VALE,PT,SIM,1,2026-08-27
2024,NOMINAL,8865,ROBÉRIO NEGREIROS,PSD,NAO,1,2026-08-27
2024,NOMINAL,8865,ROGERIO MORRO DA CRUZ,NOVO,NAO,1,2026-08-27
2024,NOMINAL,8865,ROOSEVELT VILELA,PL,NAO,1,2026-08-27
2024,NOMINAL,8865,THIAGO MANZONI,PL,NAO,1,2026-08-27
2024,NOMINAL,8865,WELLINGTON LUIZ,MDB,NAO,1,2026-08-27
2024,NOMINAL,8868,CHICO VIGILANTE,PT,NAO,1,2026-08-27
2024,NOMINAL,8868,DANIEL DONIZET,MDB,SIM,1,2026-08-27
2024,NOMINAL,8868,DAYSE AMARILIO,PSB,NAO,1,2026-08-27
2024,NOMINAL,8868,DOUTORA JANE,MDB,SIM,1,2026-08-27
2024,NOMINAL,8868,EDUARDO PEDROSA,UNIÃO,NAO,1,2026-08-27
2024,NOMINAL,8868,FÁBIO FELIX,PSOL,NAO,1,2026-08-27
2024,NOMINAL,8868,GABRIEL MAGNO,PT,NAO,1,2026-08-27
2024,NOMINAL,8868,HERMETO,MDB,SIM,1,2026-08-27
2024,NOMINAL,8868,IOLANDO,MDB,SIM,1,2026-08-27
2024,NOMINAL,8868,JAQUELINE SILVA,MDB,SIM,1,2026-08-27
2024,NOMINAL,8868,JOAQUIM RORIZ NETO,PL,SIM,1,2026-08-27
2024,NOMINAL,8868,JORGE VIANNA,PSD,SIM,1,2026-08-27
2024,NOMINAL,8868,JOÃO CARDOSO,AVANTE,SIM,1,2026-08-27
2024,NOMINAL,8868,MARTINS MACHADO,REPUBLICANOS,SIM,1,2026-08-27
2024,NOMINAL,8868,MAX MACIEL,PSOL,NAO,1,2026-08-27
2024,NOMINAL,8868,PASTOR DANIEL DE CASTRO,PP,SIM,1,2026-08-27
2024,NOMINAL,8868,PAULA BELMONTE,CIDADANIA,SIM,1,2026-08-27
2024,NOMINAL,8868,PEPA,PP,SIM,1,2026-08-27
2024,NOMINAL,8868,RICARDO VALE,PT,NAO,1,2026-08-27
2024,NOMINAL,8868,ROBÉRIO NEGREIROS,PSD,SIM,1,2026-08-27
2024,NOMINAL,8868,ROGERIO MORRO DA CRUZ,NOVO,SIM,1,2026-08-27
2024,NOMINAL,8868,ROOSEVELT VILELA,PL,SIM,1,2026-08-27
2024,NOMINAL,8868,THIAGO MANZONI,PL,SIM,1,2026-08-27
2024,NOMINAL,8868,WELLINGTON LUIZ,MDB,SIM,1,2026-08-27
2024,NOMINAL,8869,CHICO VIGILANTE,PT,SIM,1,2026-08-27
2024,NOMINAL,8869,DANIEL DONIZET,MDB,NAO,1,2026-08-27
2024,NOMINAL,8869,DAYSE AMARILIO,PSB,SIM,1,2026-08-27
2024,NOMINAL,8869,DOUTORA JANE,MDB,NAO,1,2026-08-27
2024,NOMINAL,8869,EDUARDO PEDROSA,UNIÃO,NAO,1,2026-08-27
2024,NOMINAL,8869,FÁBIO FELIX,PSOL,SIM,1,2026-08-27
2024,NOMINAL,8869,GABRIEL MAGNO,PT,SIM,1,2026-08-27
2024,NOMINAL,8869,HERMETO,MDB,NAO,1,2026-08-27
2024,NOMINAL,8869,IOLANDO,MDB,NAO,1,2026-08-27
2024,NOMINAL,8869,JAQUELINE SILVA,MDB,NAO,1,2026-08-27
2024,NOMINAL,8869,JOAQUIM RORIZ NETO,PL,NAO,1,2026-08-27
2024,NOMINAL,8869,JORGE VIANNA,PSD,NAO,1,2026-08-27
2024,NOMINAL,8869,JOÃO CARDOSO,AVANTE,NAO,1,2026-08-27
2024,NOMINAL,8869,MARTINS MACHADO,REPUBLICANOS,NAO,1,2026-08-27
2024,NOMINAL,8869,MAX MACIEL,PSOL,SIM,1,2026-08-27
2024,NOMINAL,8869,PASTOR DANIEL DE CASTRO,PP,NAO,1,2026-08-27
2024,NOMINAL,8869,PEPA,PP,NAO,1,2026-08-27
2024,NOMINAL,8869,RICARDO VALE,PT,SIM,1,2026-08-27
2024,NOMINAL,8869,ROBÉRIO NEGREIROS,PSD,NAO,1,2026-08-27
2024,NOMINAL,8869,ROGERIO MORRO DA CRUZ,NOVO,NAO,1,2026-08-27
2024,NOMINAL,8869,ROOSEVELT VILELA,PL,NAO,1,2026-08-27
2024,NOMINAL,8869,THIAGO MANZONI,PL,NAO,1,2026-08-27
2024,NOMINAL,8869,WELLINGTON LUIZ,MDB,NAO,1,2026-08-27
2024,NOMINAL,8870,CHICO VIGILANTE,PT,SIM,1,2026-08-27
2024,NOMINAL,8870,DANIEL DONIZET,MDB,SIM,1,2026-08-27
2024,NOMINAL,8870,DAYSE AMARILIO,PSB,SIM,1,2026-08-27
2024,NOMINAL,8870,DOUTORA JANE,MDB,SIM,1,2026-08-27
2024,NOMINAL,8870,EDUARDO PEDROSA,UNIÃO,SIM,1,2026-08-27
2024,NOMINAL,8870,FÁBIO FELIX,PSOL,SIM,1,2026-08-27
2024,NOMINAL,8870,GABRIEL MAGNO,PT,SIM,1,2026-08-27
2024,NOMINAL,8870,HERMETO,MDB,SIM,1,2026-08-27
2024,NOMINAL,8870,IOLANDO,MDB,SIM,1,2026-08-27
2024,NOMINAL,8870,JAQUELINE SILVA,MDB,SIM,1,2026-08-27
2024,NOMINAL,8870,JOAQUIM RORIZ NETO,PL,SIM,1,2026-08-27
2024,NOMINAL,8870,JORGE VIANNA,PSD,SIM,1,2026-08-27
2024,NOMINAL,8870,JOÃO CARDOSO,AVANTE,SIM,1,2026-08-27
2024,NOMINAL,8870,MARTINS MACHADO,REPUBLICANOS,SIM,1,2026-08-27
2024,NOMINAL,8870,MAX MACIEL,PSOL,SIM,1,2026-08-27
2024,NOMINAL,8870,PASTOR DANIEL DE CASTRO,PP,SIM,1,2026-08-27
2024,NOMINAL,8870,PAULA BELMONTE,CIDADANIA,SIM,1,2026-08-27
2024,NOMINAL,8870,PEPA,PP,SIM,1,2026-08-27
2024,NOMINAL,8870,RICARDO VALE,PT,SIM,1,2026-08-27
2024,NOMINAL,8870,ROBÉRIO NEGREIROS,PSD,SIM,1,2026-08-27
2024,NOMINAL,8870,ROGERIO MORRO DA CRUZ,NOVO,SIM,1,2026-08-27
2024,NOMINAL,8870,ROOSEVELT VILELA,PL,SIM,1,2026-08-27
2024,NOMINAL,8870,THIAGO MANZONI,PL,SIM,1,2026-08-27
2024,NOMINAL,8870,WELLINGTON LUIZ,MDB,SIM,1,2026-08-27
2024,NOMINAL,8871,CHICO VIGILANTE,PT,SIM,1,2026-08-27
2024,NOMINAL,8871,DANIEL DONIZET,MDB,NAO,1,2026-08-27
2024,NOMINAL,8871,DAYSE AMARILIO,PSB,SIM,1,2026-08-27
2024,NOMINAL,8871,DOUTORA JANE,MDB,NAO,1,2026-08-27
2024,NOMINAL,8871,EDUARDO PEDROSA,UNIÃO,NAO,1,2026-08-27
2024,NOMINAL,8871,FÁBIO FELIX,PSOL,SIM,1,2026-08-27
2024,NOMINAL,8871,GABRIEL MAGNO,PT,SIM,1,2026-08-27
2024,NOMINAL,8871,HERMETO,MDB,NAO,1,2026-08-27
2024,NOMINAL,8871,IOLANDO,MDB,NAO,1,2026-08-27
2024,NOMINAL,8871,JAQUELINE SILVA,MDB,NAO,1,2026-08-27
2024,NOMINAL,8871,JOAQUIM RORIZ NETO,PL,NAO,1,2026-08-27
2024,NOMINAL,8871,JORGE VIANNA,PSD,NAO,1,2026-08-27
2024,NOMINAL,8871,JOÃO CARDOSO,AVANTE,NAO,1,2026-08-27
2024,NOMINAL,8871,MARTINS MACHADO,REPUBLICANOS,NAO,1,2026-08-27
2024,NOMINAL,8871,MAX MACIEL,PSOL,SIM,1,2026-08-27
2024,NOMINAL,8871,PASTOR DANIEL DE CASTRO,PP,NAO,1,2026-08-27
2024,NOMINAL,8871,PEPA,PP,NAO,1,2026-08-27
2024,NOMINAL,8871,RICARDO VALE,PT,SIM,1,2026-08-27
2024,NOMINAL,8871,ROBÉRIO NEGREIROS,PSD,NAO,1,2026-08-27
2024,NOMINAL,8871,ROGERIO MORRO DA CRUZ,NOVO,NAO,1,2026-08-27
2024,NOMINAL,8871,ROOSEVELT VILELA,PL,NAO,1,2026-08-27
2024,NOMINAL,8871,THIAGO MANZONI,PL,ABSTENCAO,1,2026-08-27
2024,NOMINAL,8871,WELLINGTON LUIZ,MDB,NAO,1,2026-08-27
2024,NOMINAL,8872,DANIEL DONIZET,MDB,NAO,1,2026-08-27
2024,NOMINAL,8872,DOUTORA JANE,MDB,NAO,1,2026-08-27
2024,NOMINAL,8872,EDUARDO PEDROSA,UNIÃO,NAO,1,2026-08-27
2024,NOMINAL,8872,HERMETO,MDB,NAO,1,2026-08-27
2024,NOMINAL,8872,IOLANDO,MDB,NAO,1,2026-08-27
2024,NOMINAL,8872,JOAQUIM RORIZ NETO,PL,NAO,1,2026-08-27
2024,NOMINAL,8872,JOÃO CARDOSO,AVANTE,NAO,1,2026-08-27
2024,NOMINAL,8872,MARTINS MACHADO,REPUBLICANOS,NAO,1,2026-08-27
2024,NOMINAL,8872,MARTINS MACHADO,REPUBLICANOS,SIM,1,2026-08-27
2024,NOMINAL,8872,PASTOR DANIEL DE CASTRO,PP,NAO,1,2026-08-27
2024,NOMINAL,8872,PASTOR DANIEL DE CASTRO,PP,SIM,1,2026-08-27
2024,NOMINAL,8872,PAULA BELMONTE,CIDADANIA,SIM,1,2026-08-27
2024,NOMINAL,8872,PEPA,PP,NAO,1,2026-08-27
2024,NOMINAL,8872,ROBÉRIO NEGREIROS,PSD,NAO,1,2026-08-27
2024,NOMINAL,8872,ROGERIO MORRO DA CRUZ,NOVO,NAO,1,2026-08-27
2024,NOMINAL,8872,ROOSEVELT VILELA,PL,NAO,1,2026-08-27
2024,NOMINAL,8872,THIAGO MANZONI,PL,NAO,1,2026-08-27
2024,NOMINAL,8872,WELLINGTON LUIZ,MDB,ABSTENCAO,1,2026-08-27
2024,NOMINAL,8932,CHICO VIGILANTE,PT,SIM,1,2026-08-27
2024,NOMINAL,8932,DANIEL DONIZET,MDB,SIM,1,2026-08-27
2024,NOMINAL,8932,DAYSE AMARILIO,PSB,SIM,1,2026-08-27
2024,NOMINAL,8932,EDUARDO PEDROSA,UNIÃO,SIM,1,2026-08-27
2024,NOMINAL,8932,FÁBIO FELIX,PSOL,SIM,1,2026-08-27
2024,NOMINAL,8932,HERMETO,MDB,SIM,1,2026-08-27
2024,NOMINAL,8932,IOLANDO,MDB,SIM,1,2026-08-27
2024,NOMINAL,8932,JAQUELINE SILVA,MDB,SIM,1,2026-08-27
2024,NOMINAL,8932,JOAQUIM RORIZ NETO,PL,SIM,1,2026-08-27
2024,NOMINAL,8932,JORGE VIANNA,PSD,SIM,1,2026-08-27
2024,NOMINAL,8932,JOÃO CARDOSO,AVANTE,SIM,1,2026-08-27
2024,NOMINAL,8932,MARTINS MACHADO,REPUBLICANOS,SIM,1,2026-08-27
2024,NOMINAL,8932,MAX MACIEL,PSOL,SIM,1,2026-08-27
2024,NOMINAL,8932,PASTOR DANIEL DE CASTRO,PP,SIM,1,2026-08-27
2024,NOMINAL,8932,PEPA,PP,SIM,1,2026-08-27
2024,NOMINAL,8932,RICARDO VALE,PT,SIM,1,2026-08-27
2024,NOMINAL,8932,ROBÉRIO NEGREIROS,PSD,SIM,1,2026-08-27
2024,NOMINAL,8932,ROGERIO MORRO DA CRUZ,NOVO,SIM,1,2026-08-27
2024,NOMINAL,8932,ROOSEVELT VILELA,PL,SIM,1,2026-08-27
2024,NOMINAL,8932,THIAGO MANZONI,PL,SIM,1,2026-08-27
2024,NOMINAL,8932,WELLINGTON LUIZ,MDB,SIM,1,2026-08-27
2024,NOMINAL,8933,CHICO VIGILANTE,PT,SIM,1,2026-08-27
2024,NOMINAL,8933,DANIEL DONIZET,MDB,SIM,1,2026-08-27
2024,NOMINAL,8933,DAYSE AMARILIO,PSB,SIM,1,2026-08-27
2024,NOMINAL,8933,EDUARDO PEDROSA,UNIÃO,SIM,1,2026-08-27
2024,NOMINAL,8933,FÁBIO FELIX,PSOL,SIM,1,2026-08-27
2024,NOMINAL,8933,GABRIEL MAGNO,PT,ABSTENCAO,1,2026-08-27
2024,NOMINAL,8933,HERMETO,MDB,SIM,1,2026-08-27
2024,NOMINAL,8933,IOLANDO,MDB,SIM,1,2026-08-27
2024,NOMINAL,8933,JAQUELINE SILVA,MDB,SIM,1,2026-08-27
2024,NOMINAL,8933,JOAQUIM RORIZ NETO,PL,SIM,1,2026-08-27
2024,NOMINAL,8933,JORGE VIANNA,PSD,SIM,1,2026-08-27
2024,NOMINAL,8933,JOÃO CARDOSO,AVANTE,SIM,1,2026-08-27
2024,NOMINAL,8933,MARTINS MACHADO,REPUBLICANOS,SIM,1,2026-08-27
2024,NOMINAL,8933,MAX MACIEL,PSOL,SIM,1,2026-08-27
2024,NOMINAL,8933,PASTOR DANIEL DE CASTRO,PP,SIM,1,2026-08-27
2024,NOMINAL,8933,PEPA,PP,SIM,1,2026-08-27
2024,NOMINAL,8933,RICARDO VALE,PT,SIM,1,2026-08-27
2024,NOMINAL,8933,ROBÉRIO NEGREIROS,PSD,SIM,1,2026-08-27
2024,NOMINAL,8933,ROGERIO MORRO DA CRUZ,NOVO,SIM,1,2026-08-27
2024,NOMINAL,8933,ROOSEVELT VILELA,PL,SIM,1,2026-08-27
2024,NOMINAL,8933,THIAGO MANZONI,PL,SIM,1,2026-08-27
2024,NOMINAL,8933,WELLINGTON LUIZ,MDB,SIM,1,2026-08-27
2024,NOMINAL,8938,CHICO VIGILANTE,PT,NAO,1,2026-08-27
2024,NOMINAL,8938,DANIEL DONIZET,MDB,SIM,1,2026-08-27
2024,NOMINAL,8938,DAYSE AMARILIO,PSB,NAO,1,2026-08-27
2024,NOMINAL,8938,EDUARDO PEDROSA,UNIÃO,SIM,1,2026-08-27
2024,NOMINAL,8938,FÁBIO FELIX,PSOL,NAO,1,2026-08-27
2024,NOMINAL,8938,GABRIEL MAGNO,PT,NAO,1,2026-08-27
2024,NOMINAL,8938,HERMETO,MDB,SIM,1,2026-08-27
2024,NOMINAL,8938,IOLANDO,MDB,SIM,1,2026-08-27
2024,NOMINAL,8938,JAQUELINE SILVA,MDB,SIM,1,2026-08-27
2024,NOMINAL,8938,JOAQUIM RORIZ NETO,PL,SIM,1,2026-08-27
2024,NOMINAL,8938,JORGE VIANNA,PSD,SIM,1,2026-08-27
2024,NOMINAL,8938,JOÃO CARDOSO,AVANTE,SIM,1,2026-08-27
2024,NOMINAL,8938,MARTINS MACHADO,REPUBLICANOS,SIM,1,2026-08-27
2024,NOMINAL,8938,MAX MACIEL,PSOL,NAO,1,2026-08-27
2024,NOMINAL,8938,PASTOR DANIEL DE CASTRO,PP,SIM,1,2026-08-27
2024,NOMINAL,8938,PEPA,PP,SIM,1,2026-08-27
2024,NOMINAL,8938,RICARDO VALE,PT,NAO,1,2026-08-27
2024,NOMINAL,8938,ROBÉRIO NEGREIROS,PSD,SIM,1,2026-08-27
2024,NOMINAL,8938,ROGERIO MORRO DA CRUZ,NOVO,SIM,1,2026-08-27
2024,NOMINAL,8938,ROOSEVELT VILELA,PL,SIM,1,2026-08-27
2024,NOMINAL,8938,THIAGO MANZONI,PL,SIM,1,2026-08-27
2024,NOMINAL,8938,WELLINGTON LUIZ,MDB,SIM,1,2026-08-27
2024,NOMINAL,8939,CHICO VIGILANTE,PT,NAO,1,2026-08-27
2024,NOMINAL,8939,DANIEL DONIZET,MDB,SIM,1,2026-08-27
2024,NOMINAL,8939,DAYSE AMARILIO,PSB,NAO,1,2026-08-27
2024,NOMINAL,8939,EDUARDO PEDROSA,UNIÃO,SIM,1,2026-08-27
2024,NOMINAL,8939,FÁBIO FELIX,PSOL,NAO,1,2026-08-27
2024,NOMINAL,8939,GABRIEL MAGNO,PT,NAO,1,2026-08-27
2024,NOMINAL,8939,HERMETO,MDB,SIM,1,2026-08-27
2024,NOMINAL,8939,IOLANDO,MDB,SIM,1,2026-08-27
2024,NOMINAL,8939,JAQUELINE SILVA,MDB,SIM,1,2026-08-27
2024,NOMINAL,8939,JOAQUIM RORIZ NETO,PL,SIM,1,2026-08-27
2024,NOMINAL,8939,JORGE VIANNA,PSD,SIM,1,2026-08-27
2024,NOMINAL,8939,JOÃO CARDOSO,AVANTE,SIM,1,2026-08-27
2024,NOMINAL,8939,MARTINS MACHADO,REPUBLICANOS,SIM,1,2026-08-27
2024,NOMINAL,8939,MAX MACIEL,PSOL,NAO,1,2026-08-27
2024,NOMINAL,8939,PASTOR DANIEL DE CASTRO,PP,SIM,1,2026-08-27
2024,NOMINAL,8939,PEPA,PP,SIM,1,2026-08-27
2024,NOMINAL,8939,RICARDO VALE,PT,NAO,1,2026-08-27
2024,NOMINAL,8939,ROBÉRIO NEGREIROS,PSD,SIM,1,2026-08-27
2024,NOMINAL,8939,ROGERIO MORRO DA CRUZ,NOVO,SIM,1,2026-08-27
2024,NOMINAL,8939,ROOSEVELT VILELA,PL,SIM,1,2026-08-27
2024,NOMINAL,8939,THIAGO MANZONI,PL,SIM,1,2026-08-27
2024,NOMINAL,8939,WELLINGTON LUIZ,MDB,SIM,1,2026-08-27
2024,NOMINAL,8963,CHICO VIGILANTE,PT,SIM,1,2026-08-27
2024,NOMINAL,8963,DAYSE AMARILIO,PSB,SIM,1,2026-08-27
2024,NOMINAL,8963,DOUTORA JANE,MDB,SIM,1,2026-08-27
2024,NOMINAL,8963,EDUARDO PEDROSA,UNIÃO,SIM,1,2026-08-27
2024,NOMINAL,8963,FÁBIO FELIX,PSOL,SIM,1,2026-08-27
2024,NOMINAL,8963,GABRIEL MAGNO,PT,SIM,1,2026-08-27
2024,NOMINAL,8963,HERMETO,MDB,SIM,1,2026-08-27
2024,NOMINAL,8963,IOLANDO,MDB,SIM,1,2026-08-27
2024,NOMINAL,8963,JAQUELINE SILVA,MDB,SIM,1,2026-08-27
2024,NOMINAL,8963,MARTINS MACHADO,REPUBLICANOS,SIM,1,2026-08-27
2024,NOMINAL,8963,PASTOR DANIEL DE CASTRO,PP,SIM,1,2026-08-27
2024,NOMINAL,8963,PEPA,PP,SIM,1,2026-08-27
2024,NOMINAL,8963,RICARDO VALE,PT,SIM,1,2026-08-27
2024,NOMINAL,8963,ROBÉRIO NEGREIROS,PSD,SIM,1,2026-08-27
2024,NOMINAL,8963,ROGERIO MORRO DA CRUZ,NOVO,SIM,1,2026-08-27
2024,NOMINAL,8963,ROOSEVELT VILELA,PL,SIM,1,2026-08-27
2024,NOMINAL,8963,THIAGO MANZONI,PL,SIM,1,2026-08-27
2024,NOMINAL,8963,WELLINGTON LUIZ,MDB,SIM,1,2026-08-27
2024,NOMINAL,8964,CHICO VIGILANTE,PT,SIM,1,2026-08-27
2024,NOMINAL,8964,DANIEL DONIZET,MDB,SIM,1,2026-08-27
2024,NOMINAL,8964,DAYSE AMARILIO,PSB,SIM,1,2026-08-27
2024,NOMINAL,8964,EDUARDO PEDROSA,UNIÃO,SIM,1,2026-08-27
2024,NOMINAL,8964,HERMETO,MDB,SIM,1,2026-08-27
2024,NOMINAL,8964,IOLANDO,MDB,SIM,1,2026-08-27
2024,NOMINAL,8964,JAQUELINE SILVA,MDB,SIM,1,2026-08-27
2024,NOMINAL,8964,JOAQUIM RORIZ NETO,PL,SIM,1,2026-08-27
2024,NOMINAL,8964,JORGE VIANNA,PSD,SIM,1,2026-08-27
2024,NOMINAL,8964,JOÃO CARDOSO,AVANTE,SIM,1,2026-08-27
2024,NOMINAL,8964,MARTINS MACHADO,REPUBLICANOS,SIM,1,2026-08-27
2024,NOMINAL,8964,PASTOR DANIEL DE CASTRO,PP,SIM,1,2026-08-27
2024,NOMINAL,8964,PEPA,PP,SIM,1,2026-08-27
2024,NOMINAL,8964,ROBÉRIO NEGREIROS,PSD,SIM,1,2026-08-27
2024,NOMINAL,8964,ROGERIO MORRO DA CRUZ,NOVO,SIM,1,2026-08-27
2024,NOMINAL,8964,ROOSEVELT VILELA,PL,SIM,1,2026-08-27
2024,NOMINAL,8964,THIAGO MANZONI,PL,SIM,1,2026-08-27
2024,NOMINAL,8964,WELLINGTON LUIZ,MDB,SIM,1,2026-08-27
2024,NOMINAL,8966,CHICO VIGILANTE,PT,NAO,1,2026-08-27
2024,NOMINAL,8966,DANIEL DONIZET,MDB,NAO,1,2026-08-27
2024,NOMINAL,8966,DAYSE AMARILIO,PSB,NAO,1,2026-08-27
2024,NOMINAL,8966,EDUARDO PEDROSA,UNIÃO,NAO,1,2026-08-27
2024,NOMINAL,8966,FÁBIO FELIX,PSOL,NAO,1,2026-08-27
2024,NOMINAL,8966,GABRIEL MAGNO,PT,NAO,1,2026-08-27
2024,NOMINAL,8966,HERMETO,MDB,NAO,1,2026-08-27
2024,NOMINAL,8966,IOLANDO,MDB,NAO,1,2026-08-27
2024,NOMINAL,8966,JAQUELINE SILVA,MDB,NAO,1,2026-08-27
2024,NOMINAL,8966,JOAQUIM RORIZ NETO,PL,NAO,1,2026-08-27
2024,NOMINAL,8966,JORGE VIANNA,PSD,NAO,1,2026-08-27
2024,NOMINAL,8966,JOÃO CARDOSO,AVANTE,NAO,1,2026-08-27
2024,NOMINAL,8966,MARTINS MACHADO,REPUBLICANOS,NAO,1,2026-08-27
2024,NOMINAL,8966,MAX MACIEL,PSOL,NAO,1,2026-08-27
2024,NOMINAL,8966,PASTOR DANIEL DE CASTRO,PP,NAO,1,2026-08-27
2024,NOMINAL,8966,PEPA,PP,NAO,1,2026-08-27
2024,NOMINAL,8966,RICARDO VALE,PT,NAO,1,2026-08-27
2024,NOMINAL,8966,ROBÉRIO NEGREIROS,PSD,NAO,1,2026-08-27
2024,NOMINAL,8966,ROGERIO MORRO DA CRUZ,NOVO,NAO,1,2026-08-27
2024,NOMINAL,8966,ROOSEVELT VILELA,PL,NAO,1,2026-08-27
2024,NOMINAL,8966,ROOSEVELT VILELA,PL,SIM,1,2026-08-27
2024,NOMINAL,8966,THIAGO MANZONI,PL,NAO,1,2026-08-27
2024,NOMINAL,8966,WELLINGTON LUIZ,MDB,NAO,1,2026-08-27
2024,NOMINAL,8980,CHICO VIGILANTE,PT,SIM,1,2026-08-27
2024,NOMINAL,8980,DANIEL DONIZET,MDB,SIM,1,2026-08-27
2024,NOMINAL,8980,DAYSE AMARILIO,PSB,SIM,1,2026-08-27
2024,NOMINAL,8980,DOUTORA JANE,MDB,SIM,1,2026-08-27
2024,NOMINAL,8980,EDUARDO PEDROSA,UNIÃO,SIM,1,2026-08-27
2024,NOMINAL,8980,FÁBIO FELIX,PSOL,SIM,1,2026-08-27
2024,NOMINAL,8980,GABRIEL MAGNO,PT,SIM,1,2026-08-27
2024,NOMINAL,8980,HERMETO,MDB,SIM,1,2026-08-27
2024,NOMINAL,8980,IOLANDO,MDB,SIM,1,2026-08-27
2024,NOMINAL,8980,JAQUELINE SILVA,MDB,SIM,1,2026-08-27
2024,NOMINAL,8980,JOAQUIM RORIZ NETO,PL,SIM,1,2026-08-27
2024,NOMINAL,8980,JORGE VIANNA,PSD,SIM,1,2026-08-27
2024,NOMINAL,8980,MARTINS MACHADO,REPUBLICANOS,SIM,1,2026-08-27
2024,NOMINAL,8980,MAX MACIEL,PSOL,SIM,1,2026-08-27
2024,NOMINAL,8980,PASTOR DANIEL DE CASTRO,PP,SIM,1,2026-08-27
2024,NOMINAL,8980,PAULA BELMONTE,CIDADANIA,SIM,1,2026-08-27
2024,NOMINAL,8980,PEPA,PP,SIM,1,2026-08-27
2024,NOMINAL,8980,RICARDO VALE,PT,SIM,1,2026-08-27
2024,NOMINAL,8980,ROBÉRIO NEGREIROS,PSD,SIM,1,2026-08-27
2024,NOMINAL,8980,ROGERIO MORRO DA CRUZ,NOVO,SIM,1,2026-08-27
2024,NOMINAL,8980,ROOSEVELT VILELA,PL,SIM,1,2026-08-27
2024,NOMINAL,8980,THIAGO MANZONI,PL,SIM,1,2026-08-27
2024,NOMINAL,8980,WELLINGTON LUIZ,MDB,SIM,1,2026-08-27
2024,NOMINAL,8981,DANIEL DONIZET,MDB,SIM,1,2026-08-27
2024,NOMINAL,8981,DAYSE AMARILIO,PSB,SIM,1,2026-08-27
2024,NOMINAL,8981,EDUARDO PEDROSA,UNIÃO,SIM,1,2026-08-27
2024,NOMINAL,8981,FÁBIO FELIX,PSOL,SIM,1,2026-08-27
2024,NOMINAL,8981,GABRIEL MAGNO,PT,SIM,1,2026-08-27
2024,NOMINAL,8981,HERMETO,MDB,SIM,1,2026-08-27
2024,NOMINAL,8981,JAQUELINE SILVA,MDB,SIM,1,2026-08-27
2024,NOMINAL,8981,JOAQUIM RORIZ NETO,PL,SIM,1,2026-08-27
2024,NOMINAL,8981,JORGE VIANNA,PSD,SIM,1,2026-08-27
2024,NOMINAL,8981,JOÃO CARDOSO,AVANTE,SIM,1,2026-08-27
2024,NOMINAL,8981,MARTINS MACHADO,REPUBLICANOS,SIM,1,2026-08-27
2024,NOMINAL,8981,MAX MACIEL,PSOL,SIM,1,2026-08-27
2024,NOMINAL,8981,PASTOR DANIEL DE CASTRO,PP,SIM,1,2026-08-27
2024,NOMINAL,8981,PEPA,PP,SIM,1,2026-08-27
2024,NOMINAL,8981,RICARDO VALE,PT,SIM,1,2026-08-27
2024,NOMINAL,8981,ROBÉRIO NEGREIROS,PSD,SIM,1,2026-08-27
2024,NOMINAL,8981,ROOSEVELT VILELA,PL,SIM,1,2026-08-27
2024,NOMINAL,8981,THIAGO MANZONI,PL,SIM,1,2026-08-27
2024,NOMINAL,8984,CHICO VIGILANTE,PT,SIM,1,2026-08-27
2024,NOMINAL,8984,DAYSE AMARILIO,PSB,SIM,1,2026-08-27
2024,NOMINAL,8984,EDUARDO PEDROSA,UNIÃO,SIM,1,2026-08-27
2024,NOMINAL,8984,FÁBIO FELIX,PSOL,SIM,1,2026-08-27
2024,NOMINAL,8984,GABRIEL MAGNO,PT,SIM,1,2026-08-27
2024,NOMINAL,8984,JAQUELINE SILVA,MDB,SIM,1,2026-08-27
2024,NOMINAL,8984,MARTINS MACHADO,REPUBLICANOS,SIM,1,2026-08-27
2024,NOMINAL,8984,MAX MACIEL,PSOL,SIM,1,2026-08-27
2024,NOMINAL,8984,PASTOR DANIEL DE CASTRO,PP,SIM,1,2026-08-27
2024,NOMINAL,8984,PAULA BELMONTE,CIDADANIA,SIM,1,2026-08-27
2024,NOMINAL,8984,PEPA,PP,SIM,1,2026-08-27
2024,NOMINAL,8984,RICARDO VALE,PT,SIM,1,2026-08-27
2024,NOMINAL,8984,WELLINGTON LUIZ,MDB,SIM,1,2026-08-27
2024,NOMINAL,9009,DANIEL DONIZET,MDB,NAO,1,2026-08-27
2024,NOMINAL,9009,DAYSE AMARILIO,PSB,NAO,1,2026-08-27
2024,NOMINAL,9009,EDUARDO PEDROSA,UNIÃO,NAO,1,2026-08-27
2024,NOMINAL,9009,FÁBIO FELIX,PSOL,NAO,1,2026-08-27
2024,NOMINAL,9009,GABRIEL MAGNO,PT,NAO,1,2026-08-27
2024,NOMINAL,9009,HERMETO,MDB,NAO,1,2026-08-27
2024,NOMINAL,9009,JAQUELINE SILVA,MDB,NAO,1,2026-08-27
2024,NOMINAL,9009,JOAQUIM RORIZ NETO,PL,NAO,1,2026-08-27
2024,NOMINAL,9009,JORGE VIANNA,PSD,NAO,1,2026-08-27
2024,NOMINAL,9009,JOÃO CARDOSO,AVANTE,NAO,1,2026-08-27
2024,NOMINAL,9009,MARTINS MACHADO,REPUBLICANOS,NAO,1,2026-08-27
2024,NOMINAL,9009,MAX MACIEL,PSOL,NAO,1,2026-08-27
2024,NOMINAL,9009,PASTOR DANIEL DE CASTRO,PP,NAO,1,2026-08-27
2024,NOMINAL,9009,PEPA,PP,NAO,1,2026-08-27
2024,NOMINAL,9009,RICARDO VALE,PT,NAO,1,2026-08-27
2024,NOMINAL,9009,ROBÉRIO NEGREIROS,PSD,NAO,1,2026-08-27
2024,NOMINAL,9009,ROOSEVELT VILELA,PL,NAO,1,2026-08-27
2024,NOMINAL,9009,THIAGO MANZONI,PL,NAO,1,2026-08-27
2024,NOMINAL,9016,DANIEL DONIZET,MDB,SIM,1,2026-08-27
2024,NOMINAL,9016,DAYSE AMARILIO,PSB,NAO,1,2026-08-27
2024,NOMINAL,9016,EDUARDO PEDROSA,UNIÃO,SIM,1,2026-08-27
2024,NOMINAL,9016,FÁBIO FELIX,PSOL,NAO,1,2026-08-27
2024,NOMINAL,9016,GABRIEL MAGNO,PT,NAO,1,2026-08-27
2024,NOMINAL,9016,HERMETO,MDB,SIM,1,2026-08-27
2024,NOMINAL,9016,JAQUELINE SILVA,MDB,SIM,1,2026-08-27
2024,NOMINAL,9016,JOAQUIM RORIZ NETO,PL,SIM,1,2026-08-27
2024,NOMINAL,9016,JOÃO CARDOSO,AVANTE,SIM,1,2026-08-27
2024,NOMINAL,9016,MARTINS MACHADO,REPUBLICANOS,SIM,1,2026-08-27
2024,NOMINAL,9016,MAX MACIEL,PSOL,NAO,1,2026-08-27
2024,NOMINAL,9016,PASTOR DANIEL DE CASTRO,PP,SIM,1,2026-08-27
2024,NOMINAL,9016,PAULA BELMONTE,CIDADANIA,SIM,1,2026-08-27
2024,NOMINAL,9016,PEPA,PP,SIM,1,2026-08-27
2024,NOMINAL,9016,RICARDO VALE,PT,SIM,1,2026-08-27
2024,NOMINAL,9016,ROBÉRIO NEGREIROS,PSD,SIM,1,2026-08-27
2024,NOMINAL,9016,ROOSEVELT VILELA,PL,SIM,1,2026-08-27
2024,NOMINAL,9016,WELLINGTON LUIZ,MDB,SIM,1,2026-08-27
2024,NOMINAL,9017,DANIEL DONIZET,MDB,SIM,1,2026-08-27
2024,NOMINAL,9017,DAYSE AMARILIO,PSB,NAO,1,2026-08-27
2024,NOMINAL,9017,EDUARDO PEDROSA,UNIÃO,SIM,1,2026-08-27
2024,NOMINAL,9017,FÁBIO FELIX,PSOL,NAO,1,2026-08-27
2024,NOMINAL,9017,GABRIEL MAGNO,PT,NAO,1,2026-08-27
2024,NOMINAL,9017,HERMETO,MDB,SIM,1,2026-08-27
2024,NOMINAL,9017,JAQUELINE SILVA,MDB,SIM,1,2026-08-27
2024,NOMINAL,9017,JOAQUIM RORIZ NETO,PL,SIM,1,2026-08-27
2024,NOMINAL,9017,JORGE VIANNA,PSD,NAO,1,2026-08-27
2024,NOMINAL,9017,MARTINS MACHADO,REPUBLICANOS,SIM,1,2026-08-27
2024,NOMINAL,9017,MAX MACIEL,PSOL,NAO,1,2026-08-27
2024,NOMINAL,9017,PASTOR DANIEL DE CASTRO,PP,SIM,1,2026-08-27
2024,NOMINAL,9017,PAULA BELMONTE,CIDADANIA,SIM,1,2026-08-27
2024,NOMINAL,9017,PEPA,PP,SIM,1,2026-08-27
2024,NOMINAL,9017,RICARDO VALE,PT,SIM,1,2026-08-27
2024,NOMINAL,9017,ROBÉRIO NEGREIROS,PSD,SIM,1,2026-08-27
2024,NOMINAL,9017,ROOSEVELT VILELA,PL,SIM,1,2026-08-27
2024,NOMINAL,9017,WELLINGTON LUIZ,MDB,SIM,1,2026-08-27
2024,NOMINAL,9025,CHICO VIGILANTE,PT,SIM,1,2026-08-27
2024,NOMINAL,9025,DAYSE AMARILIO,PSB,SIM,1,2026-08-27
2024,NOMINAL,9025,DOUTORA JANE,MDB,SIM,1,2026-08-27
2024,NOMINAL,9025,EDUARDO PEDROSA,UNIÃO,SIM,1,2026-08-27
2024,NOMINAL,9025,FÁBIO FELIX,PSOL,SIM,1,2026-08-27
2024,NOMINAL,9025,GABRIEL MAGNO,PT,SIM,1,2026-08-27
2024,NOMINAL,9025,IOLANDO,MDB,SIM,1,2026-08-27
2024,NOMINAL,9025,JAQUELINE SILVA,MDB,SIM,1,2026-08-27
2024,NOMINAL,9025,JOÃO CARDOSO,AVANTE,SIM,1,2026-08-27
2024,NOMINAL,9025,MARTINS MACHADO,REPUBLICANOS,SIM,1,2026-08-27
2024,NOMINAL,9025,MAX MACIEL,PSOL,SIM,1,2026-08-27
2024,NOMINAL,9025,PASTOR DANIEL DE CASTRO,PP,SIM,1,2026-08-27
2024,NOMINAL,9025,PEPA,PP,SIM,1,2026-08-27
2024,NOMINAL,9025,ROGERIO MORRO DA CRUZ,NOVO,SIM,1,2026-08-27
2024,NOMINAL,9025,WELLINGTON LUIZ,MDB,SIM,1,2026-08-27
2024,NOMINAL,9030,DANIEL DONIZET,MDB,SIM,1,2026-08-27
2024,NOMINAL,9030,DAYSE AMARILIO,PSB,SIM,1,2026-08-27
2024,NOMINAL,9030,EDUARDO PEDROSA,UNIÃO,SIM,1,2026-08-27
2024,NOMINAL,9030,FÁBIO FELIX,PSOL,SIM,1,2026-08-27
2024,NOMINAL,9030,HERMETO,MDB,SIM,1,2026-08-27
2024,NOMINAL,9030,JAQUELINE SILVA,MDB,SIM,1,2026-08-27
2024,NOMINAL,9030,JOAQUIM RORIZ NETO,PL,SIM,1,2026-08-27
2024,NOMINAL,9030,JOÃO CARDOSO,AVANTE,SIM,1,2026-08-27
2024,NOMINAL,9030,MARTINS MACHADO,REPUBLICANOS,SIM,1,2026-08-27
2024,NOMINAL,9030,MAX MACIEL,PSOL,SIM,1,2026-08-27
2024,NOMINAL,9030,PASTOR DANIEL DE CASTRO,PP,SIM,1,2026-08-27
2024,NOMINAL,9030,PAULA BELMONTE,CIDADANIA,SIM,1,2026-08-27
2024,NOMINAL,9030,PEPA,PP,SIM,1,2026-08-27
2024,NOMINAL,9030,RICARDO VALE,PT,SIM,1,2026-08-27
2024,NOMINAL,9030,ROBÉRIO NEGREIROS,PSD,SIM,1,2026-08-27
2024,NOMINAL,9030,ROOSEVELT VILELA,PL,SIM,1,2026-08-27
2024,NOMINAL,9030,WELLINGTON LUIZ,MDB,SIM,1,2026-08-27
2024,NOMINAL,9036,DANIEL DONIZET,MDB,NAO,1,2026-08-27
2024,NOMINAL,9036,DAYSE AMARILIO,PSB,NAO,1,2026-08-27
2024,NOMINAL,9036,EDUARDO PEDROSA,UNIÃO,NAO,1,2026-08-27
2024,NOMINAL,9036,FÁBIO FELIX,PSOL,NAO,1,2026-08-27
2024,NOMINAL,9036,GABRIEL MAGNO,PT,NAO,1,2026-08-27
2024,NOMINAL,9036,HERMETO,MDB,NAO,1,2026-08-27
2024,NOMINAL,9036,JAQUELINE SILVA,MDB,NAO,1,2026-08-27
2024,NOMINAL,9036,JOAQUIM RORIZ NETO,PL,NAO,1,2026-08-27
2024,NOMINAL,9036,JORGE VIANNA,PSD,NAO,1,2026-08-27
2024,NOMINAL,9036,MARTINS MACHADO,REPUBLICANOS,NAO,1,2026-08-27
2024,NOMINAL,9036,MAX MACIEL,PSOL,NAO,1,2026-08-27
2024,NOMINAL,9036,PASTOR DANIEL DE CASTRO,PP,NAO,1,2026-08-27
2024,NOMINAL,9036,PAULA BELMONTE,CIDADANIA,NAO,1,2026-08-27
2024,NOMINAL,9036,PEPA,PP,NAO,1,2026-08-27
2024,NOMINAL,9036,RICARDO VALE,PT,NAO,1,2026-08-27
2024,NOMINAL,9036,ROBÉRIO NEGREIROS,PSD,NAO,1,2026-08-27
2024,NOMINAL,9036,ROOSEVELT VILELA,PL,NAO,1,2026-08-27
2024,NOMINAL,9036,WELLINGTON LUIZ,MDB,NAO,1,2026-08-27
2024,NOMINAL,9037,CHICO VIGILANTE,PT,SIM,1,2026-08-27
2024,NOMINAL,9037,DAYSE AMARILIO,PSB,SIM,1,2026-08-27
2024,NOMINAL,9037,DOUTORA JANE,MDB,SIM,1,2026-08-27
2024,NOMINAL,9037,EDUARDO PEDROSA,UNIÃO,SIM,1,2026-08-27
2024,NOMINAL,9037,FÁBIO FELIX,PSOL,SIM,1,2026-08-27
2024,NOMINAL,9037,GABRIEL MAGNO,PT,SIM,1,2026-08-27
2024,NOMINAL,9037,IOLANDO,MDB,SIM,1,2026-08-27
2024,NOMINAL,9037,JAQUELINE SILVA,MDB,SIM,1,2026-08-27
2024,NOMINAL,9037,JOAQUIM RORIZ NETO,PL,SIM,1,2026-08-27
2024,NOMINAL,9037,JOÃO CARDOSO,AVANTE,SIM,1,2026-08-27
2024,NOMINAL,9037,MARTINS MACHADO,REPUBLICANOS,SIM,1,2026-08-27
2024,NOMINAL,9037,PASTOR DANIEL DE CASTRO,PP,SIM,1,2026-08-27
2024,NOMINAL,9037,PEPA,PP,SIM,1,2026-08-27
2024,NOMINAL,9037,ROGERIO MORRO DA CRUZ,NOVO,SIM,1,2026-08-27
2024,NOMINAL,9037,WELLINGTON LUIZ,MDB,SIM,1,2026-08-27
2024,NOMINAL,9124,DAYSE AMARILIO,PSB,SIM,1,2026-08-27
2024,NOMINAL,9124,EDUARDO PEDROSA,UNIÃO,SIM,1,2026-08-27
2024,NOMINAL,9124,FÁBIO FELIX,PSOL,SIM,1,2026-08-27
2024,NOMINAL,9124,GABRIEL MAGNO,PT,SIM,1,2026-08-27
2024,NOMINAL,9124,JORGE VIANNA,PSD,SIM,1,2026-08-27
2024,NOMINAL,9124,MARTINS MACHADO,REPUBLICANOS,SIM,1,2026-08-27
2024,NOMINAL,9124,MAX MACIEL,PSOL,SIM,1,2026-08-27
2024,NOMINAL,9124,PASTOR DANIEL DE CASTRO,PP,SIM,1,2026-08-27
2024,NOMINAL,9124,PAULA BELMONTE,CIDADANIA,SIM,1,2026-08-27
2024,NOMINAL,9124,PEPA,PP,SIM,1,2026-08-27
2024,NOMINAL,9124,RICARDO VALE,PT,SIM,1,2026-08-27
2024,NOMINAL,9124,ROGERIO MORRO DA CRUZ,NOVO,SIM,1,2026-08-27
2024,NOMINAL,9124,ROOSEVELT VILELA,PL,SIM,1,2026-08-27
2024,NOMINAL,9124,THIAGO MANZONI,PL,SIM,1,2026-08-27
2024,NOMINAL,9149,CHICO VIGILANTE,PT,NAO,1,2026-08-27
2024,NOMINAL,9149,DANIEL DONIZET,MDB,SIM,1,2026-08-27
2024,NOMINAL,9149,DAYSE AMARILIO,PSB,NAO,1,2026-08-27
2024,NOMINAL,9149,DOUTORA JANE,MDB,SIM,1,2026-08-27
2024,NOMINAL,9149,EDUARDO PEDROSA,UNIÃO,SIM,1,2026-08-27
2024,NOMINAL,9149,FÁBIO FELIX,PSOL,NAO,1,2026-08-27
2024,NOMINAL,9149,GABRIEL MAGNO,PT,NAO,1,2026-08-27
2024,NOMINAL,9149,HERMETO,MDB,SIM,1,2026-08-27
2024,NOMINAL,9149,IOLANDO,MDB,SIM,1,2026-08-27
2024,NOMINAL,9149,JAQUELINE SILVA,MDB,SIM,1,2026-08-27
2024,NOMINAL,9149,JOÃO CARDOSO,AVANTE,SIM,1,2026-08-27
2024,NOMINAL,9149,MARTINS MACHADO,REPUBLICANOS,SIM,1,2026-08-27
2024,NOMINAL,9149,MAX MACIEL,PSOL,NAO,1,2026-08-27
2024,NOMINAL,9149,PASTOR DANIEL DE CASTRO,PP,SIM,1,2026-08-27
2024,NOMINAL,9149,PAULA BELMONTE,CIDADANIA,NAO,1,2026-08-27
2024,NOMINAL,9149,PEPA,PP,SIM,1,2026-08-27
2024,NOMINAL,9149,RICARDO VALE,PT,NAO,1,2026-08-27
2024,NOMINAL,9149,ROGERIO MORRO DA CRUZ,NOVO,SIM,1,2026-08-27
2024,NOMINAL,9149,ROOSEVELT VILELA,PL,SIM,1,2026-08-27
2024,NOMINAL,9149,WELLINGTON LUIZ,MDB,SIM,1,2026-08-27
2024,NOMINAL,9162,CHICO VIGILANTE,PT,SIM,1,2026-08-27
2024,NOMINAL,9162,DAYSE AMARILIO,PSB,SIM,1,2026-08-27
2024,NOMINAL,9162,DOUTORA JANE,MDB,SIM,1,2026-08-27
2024,NOMINAL,9162,EDUARDO PEDROSA,UNIÃO,SIM,1,2026-08-27
2024,NOMINAL,9162,FÁBIO FELIX,PSOL,SIM,1,2026-08-27
2024,NOMINAL,9162,GABRIEL MAGNO,PT,SIM,1,2026-08-27
2024,NOMINAL,9162,HERMETO,MDB,SIM,1,2026-08-27
2024,NOMINAL,9162,IOLANDO,MDB,SIM,1,2026-08-27
2024,NOMINAL,9162,JAQUELINE SILVA,MDB,SIM,1,2026-08-27
2024,NOMINAL,9162,MARTINS MACHADO,REPUBLICANOS,SIM,1,2026-08-27
2024,NOMINAL,9162,PASTOR DANIEL DE CASTRO,PP,SIM,1,2026-08-27
2024,NOMINAL,9162,PEPA,PP,SIM,1,2026-08-27
2024,NOMINAL,9162,RICARDO VALE,PT,SIM,1,2026-08-27
2024,NOMINAL,9162,ROBÉRIO NEGREIROS,PSD,SIM,1,2026-08-27
2024,NOMINAL,9162,ROGERIO MORRO DA CRUZ,NOVO,SIM,1,2026-08-27
2024,NOMINAL,9162,ROOSEVELT VILELA,PL,SIM,1,2026-08-27
2024,NOMINAL,9162,THIAGO MANZONI,PL,SIM,1,2026-08-27
2024,NOMINAL,9162,WELLINGTON LUIZ,MDB,SIM,1,2026-08-27
2024,NOMINAL,9163,CHICO VIGILANTE,PT,SIM,1,2026-08-27
2024,NOMINAL,9163,DAYSE AMARILIO,PSB,SIM,1,2026-08-27
2024,NOMINAL,9163,DOUTORA JANE,MDB,SIM,1,2026-08-27
2024,NOMINAL,9163,FÁBIO FELIX,PSOL,SIM,1,2026-08-27
2024,NOMINAL,9163,GABRIEL MAGNO,PT,SIM,1,2026-08-27
2024,NOMINAL,9163,HERMETO,MDB,SIM,1,2026-08-27
2024,NOMINAL,9163,IOLANDO,MDB,SIM,1,2026-08-27
2024,NOMINAL,9163,JAQUELINE SILVA,MDB,SIM,1,2026-08-27
2024,NOMINAL,9163,MARTINS MACHADO,REPUBLICANOS,SIM,1,2026-08-27
2024,NOMINAL,9163,MAX MACIEL,PSOL,SIM,1,2026-08-27
2024,NOMINAL,9163,PASTOR DANIEL DE CASTRO,PP,SIM,1,2026-08-27
2024,NOMINAL,9163,PEPA,PP,SIM,1,2026-08-27
2024,NOMINAL,9163,RICARDO VALE,PT,SIM,1,2026-08-27
2024,NOMINAL,9163,ROBÉRIO NEGREIROS,PSD,SIM,1,2026-08-27
2024,NOMINAL,9163,ROGERIO MORRO DA CRUZ,NOVO,SIM,1,2026-08-27
2024,NOMINAL,9163,ROOSEVELT VILELA,PL,SIM,1,2026-08-27
2024,NOMINAL,9163,THIAGO MANZONI,PL,SIM,1,2026-08-27
2024,NOMINAL,9163,WELLINGTON LUIZ,MDB,SIM,1,2026-08-27
2024,NOMINAL,9238,CHICO VIGILANTE,PT,SIM,1,2026-08-27
2024,NOMINAL,9238,DANIEL DONIZET,MDB,SIM,1,2026-08-27
2024,NOMINAL,9238,DAYSE AMARILIO,PSB,SIM,1,2026-08-27
2024,NOMINAL,9238,DOUTORA JANE,MDB,SIM,1,2026-08-27
2024,NOMINAL,9238,EDUARDO PEDROSA,UNIÃO,SIM,1,2026-08-27
2024,NOMINAL,9238,FÁBIO FELIX,PSOL,SIM,1,2026-08-27
2024,NOMINAL,9238,GABRIEL MAGNO,PT,SIM,1,2026-08-27
2024,NOMINAL,9238,HERMETO,MDB,SIM,1,2026-08-27
2024,NOMINAL,9238,IOLANDO,MDB,SIM,1,2026-08-27
2024,NOMINAL,9238,JAQUELINE SILVA,MDB,SIM,1,2026-08-27
2024,NOMINAL,9238,JOAQUIM RORIZ NETO,PL,SIM,1,2026-08-27
2024,NOMINAL,9238,JORGE VIANNA,PSD,SIM,1,2026-08-27
2024,NOMINAL,9238,JOÃO CARDOSO,AVANTE,SIM,1,2026-08-27
2024,NOMINAL,9238,MARTINS MACHADO,REPUBLICANOS,SIM,1,2026-08-27
2024,NOMINAL,9238,MAX MACIEL,PSOL,SIM,1,2026-08-27
2024,NOMINAL,9238,PASTOR DANIEL DE CASTRO,PP,SIM,1,2026-08-27
2024,NOMINAL,9238,PEPA,PP,SIM,1,2026-08-27
2024,NOMINAL,9238,RICARDO VALE,PT,SIM,1,2026-08-27
2024,NOMINAL,9238,ROGERIO MORRO DA CRUZ,NOVO,SIM,1,2026-08-27
2024,NOMINAL,9238,THIAGO MANZONI,PL,SIM,1,2026-08-27
2024,NOMINAL,9238,WELLINGTON LUIZ,MDB,SIM,1,2026-08-27
2024,NOMINAL,9262,CHICO VIGILANTE,PT,NAO,1,2026-08-27
2024,NOMINAL,9262,DANIEL DONIZET,MDB,NAO,1,2026-08-27
2024,NOMINAL,9262,DAYSE AMARILIO,PSB,SIM,1,2026-08-27
2024,NOMINAL,9262,DOUTORA JANE,MDB,NAO,1,2026-08-27
2024,NOMINAL,9262,EDUARDO PEDROSA,UNIÃO,NAO,1,2026-08-27
2024,NOMINAL,9262,FÁBIO FELIX,PSOL,SIM,1,2026-08-27
2024,NOMINAL,9262,GABRIEL MAGNO,PT,SIM,1,2026-08-27
2024,NOMINAL,9262,HERMETO,MDB,NAO,1,2026-08-27
2024,NOMINAL,9262,IOLANDO,MDB,NAO,1,2026-08-27
2024,NOMINAL,9262,JAQUELINE SILVA,MDB,NAO,1,2026-08-27
2024,NOMINAL,9262,JOÃO CARDOSO,AVANTE,NAO,1,2026-08-27
2024,NOMINAL,9262,MARTINS MACHADO,REPUBLICANOS,NAO,1,2026-08-27
2024,NOMINAL,9262,MARTINS MACHADO,REPUBLICANOS,SIM,1,2026-08-27
2024,NOMINAL,9262,MAX MACIEL,PSOL,SIM,1,2026-08-27
2024,NOMINAL,9262,PASTOR DANIEL DE CASTRO,PP,NAO,1,2026-08-27
2024,NOMINAL,9262,PAULA BELMONTE,CIDADANIA,SIM,1,2026-08-27
2024,NOMINAL,9262,PEPA,PP,NAO,1,2026-08-27
2024,NOMINAL,9262,RICARDO VALE,PT,NAO,1,2026-08-27
2024,NOMINAL,9262,ROGERIO MORRO DA CRUZ,NOVO,NAO,1,2026-08-27
2024,NOMINAL,9262,ROOSEVELT VILELA,PL,ABSTENCAO,1,2026-08-27
2024,NOMINAL,9262,ROOSEVELT VILELA,PL,NAO,1,2026-08-27
2024,NOMINAL,9262,THIAGO MANZONI,PL,NAO,1,2026-08-27
2024,NOMINAL,9262,WELLINGTON LUIZ,MDB,NAO,1,2026-08-27
2024,NOMINAL,9279,CHICO VIGILANTE,PT,SIM,1,2026-08-27
2024,NOMINAL,9279,EDUARDO PEDROSA,UNIÃO,SIM,1,2026-08-27
2024,NOMINAL,9279,FÁBIO FELIX,PSOL,SIM,1,2026-08-27
2024,NOMINAL,9279,GABRIEL MAGNO,PT,SIM,1,2026-08-27
2024,NOMINAL,9279,IOLANDO,MDB,SIM,1,2026-08-27
2024,NOMINAL,9279,JAQUELINE SILVA,MDB,SIM,1,2026-08-27
2024,NOMINAL,9279,JORGE VIANNA,PSD,SIM,1,2026-08-27
2024,NOMINAL,9279,MARTINS MACHADO,REPUBLICANOS,SIM,1,2026-08-27
2024,NOMINAL,9279,MAX MACIEL,PSOL,SIM,1,2026-08-27
2024,NOMINAL,9279,PASTOR DANIEL DE CASTRO,PP,SIM,1,2026-08-27
2024,NOMINAL,9279,RICARDO VALE,PT,SIM,1,2026-08-27
2024,NOMINAL,9279,ROBÉRIO NEGREIROS,PSD,SIM,1,2026-08-27
2024,NOMINAL,9279,ROGERIO MORRO DA CRUZ,NOVO,SIM,1,2026-08-27
2024,NOMINAL,9279,WELLINGTON LUIZ,MDB,SIM,1,2026-08-27
2024,NOMINAL,9284,CHICO VIGILANTE,PT,SIM,1,2026-08-27
2024,NOMINAL,9284,DANIEL DONIZET,MDB,SIM,1,2026-08-27
2024,NOMINAL,9284,DOUTORA JANE,MDB,SIM,1,2026-08-27
2024,NOMINAL,9284,EDUARDO PEDROSA,UNIÃO,SIM,1,2026-08-27
2024,NOMINAL,9284,FÁBIO FELIX,PSOL,SIM,1,2026-08-27
2024,NOMINAL,9284,GABRIEL MAGNO,PT,SIM,1,2026-08-27
2024,NOMINAL,9284,HERMETO,MDB,SIM,1,2026-08-27
2024,NOMINAL,9284,IOLANDO,MDB,SIM,1,2026-08-27
2024,NOMINAL,9284,JAQUELINE SILVA,MDB,SIM,1,2026-08-27
2024,NOMINAL,9284,JOAQUIM RORIZ NETO,PL,SIM,1,2026-08-27
2024,NOMINAL,9284,JORGE VIANNA,PSD,SIM,1,2026-08-27
2024,NOMINAL,9284,MAX MACIEL,PSOL,SIM,1,2026-08-27
2024,NOMINAL,9284,PAULA BELMONTE,CIDADANIA,SIM,1,2026-08-27
2024,NOMINAL,9284,PEPA,PP,SIM,1,2026-08-27
2024,NOMINAL,9284,RICARDO VALE,PT,SIM,1,2026-08-27
2024,NOMINAL,9284,ROBÉRIO NEGREIROS,PSD,SIM,1,2026-08-27
2024,NOMINAL,9284,ROGERIO MORRO DA CRUZ,NOVO,SIM,1,2026-08-27
2024,NOMINAL,9284,THIAGO MANZONI,PL,SIM,1,2026-08-27
2024,NOMINAL,9284,WELLINGTON LUIZ,MDB,SIM,1,2026-08-27
2024,NOMINAL,9285,CHICO VIGILANTE,PT,SIM,1,2026-08-27
2024,NOMINAL,9285,DANIEL DONIZET,MDB,SIM,1,2026-08-27
2024,NOMINAL,9285,EDUARDO PEDROSA,UNIÃO,SIM,1,2026-08-27
2024,NOMINAL,9285,FÁBIO FELIX,PSOL,SIM,1,2026-08-27
2024,NOMINAL,9285,GABRIEL MAGNO,PT,SIM,1,2026-08-27
2024,NOMINAL,9285,IOLANDO,MDB,SIM,1,2026-08-27
2024,NOMINAL,9285,JAQUELINE SILVA,MDB,SIM,1,2026-08-27
2024,NOMINAL,9285,JOAQUIM RORIZ NETO,PL,SIM,1,2026-08-27
2024,NOMINAL,9285,JORGE VIANNA,PSD,SIM,1,2026-08-27
2024,NOMINAL,9285,JOÃO CARDOSO,AVANTE,SIM,1,2026-08-27
2024,NOMINAL,9285,MARTINS MACHADO,REPUBLICANOS,SIM,1,2026-08-27
2024,NOMINAL,9285,MAX MACIEL,PSOL,SIM,1,2026-08-27
2024,NOMINAL,9285,ROBÉRIO NEGREIROS,PSD,SIM,1,2026-08-27
2024,NOMINAL,9285,ROOSEVELT VILELA,PL,SIM,1,2026-08-27
2024,NOMINAL,9285,THIAGO MANZONI,PL,SIM,1,2026-08-27
2024,NOMINAL,9285,WELLINGTON LUIZ,MDB,SIM,1,2026-08-27
2024,NOMINAL,9296,CHICO VIGILANTE,PT,SIM,1,2026-08-27
2024,NOMINAL,9296,DAYSE AMARILIO,PSB,SIM,1,2026-08-27
2024,NOMINAL,9296,DOUTORA JANE,MDB,SIM,1,2026-08-27
2024,NOMINAL,9296,FÁBIO FELIX,PSOL,SIM,1,2026-08-27
2024,NOMINAL,9296,GABRIEL MAGNO,PT,SIM,1,2026-08-27
2024,NOMINAL,9296,HERMETO,MDB,SIM,1,2026-08-27
2024,NOMINAL,9296,IOLANDO,MDB,SIM,1,2026-08-27
2024,NOMINAL,9296,JAQUELINE SILVA,MDB,SIM,1,2026-08-27
2024,NOMINAL,9296,MARTINS MACHADO,REPUBLICANOS,SIM,1,2026-08-27
2024,NOMINAL,9296,MAX MACIEL,PSOL,SIM,1,2026-08-27
2024,NOMINAL,9296,PASTOR DANIEL DE CASTRO,PP,SIM,1,2026-08-27
2024,NOMINAL,9296,PEPA,PP,SIM,1,2026-08-27
2024,NOMINAL,9296,RICARDO VALE,PT,SIM,1,2026-08-27
2024,NOMINAL,9296,ROBÉRIO NEGREIROS,PSD,SIM,1,2026-08-27
2024,NOMINAL,9296,ROGERIO MORRO DA CRUZ,NOVO,SIM,1,2026-08-27
2024,NOMINAL,9296,ROOSEVELT VILELA,PL,SIM,1,2026-08-27
2024,NOMINAL,9296,THIAGO MANZONI,PL,SIM,1,2026-08-27
2024,NOMINAL,9296,WELLINGTON LUIZ,MDB,SIM,1,2026-08-27
2024,NOMINAL,9297,CHICO VIGILANTE,PT,SIM,1,2026-08-27
2024,NOMINAL,9297,DAYSE AMARILIO,PSB,SIM,1,2026-08-27
2024,NOMINAL,9297,DOUTORA JANE,MDB,SIM,1,2026-08-27
2024,NOMINAL,9297,EDUARDO PEDROSA,UNIÃO,SIM,1,2026-08-27
2024,NOMINAL,9297,FÁBIO FELIX,PSOL,SIM,1,2026-08-27
2024,NOMINAL,9297,GABRIEL MAGNO,PT,SIM,1,2026-08-27
2024,NOMINAL,9297,HERMETO,MDB,SIM,1,2026-08-27
2024,NOMINAL,9297,IOLANDO,MDB,SIM,1,2026-08-27
2024,NOMINAL,9297,JAQUELINE SILVA,MDB,SIM,1,2026-08-27
2024,NOMINAL,9297,MARTINS MACHADO,REPUBLICANOS,SIM,1,2026-08-27
2024,NOMINAL,9297,PASTOR DANIEL DE CASTRO,PP,SIM,1,2026-08-27
2024,NOMINAL,9297,RICARDO VALE,PT,SIM,1,2026-08-27
2024,NOMINAL,9297,ROBÉRIO NEGREIROS,PSD,SIM,1,2026-08-27
2024,NOMINAL,9297,ROGERIO MORRO DA CRUZ,NOVO,SIM,1,2026-08-27
2024,NOMINAL,9297,ROOSEVELT VILELA,PL,SIM,1,2026-08-27
2024,NOMINAL,9297,THIAGO MANZONI,PL,SIM,1,2026-08-27
2024,NOMINAL,9297,WELLINGTON LUIZ,MDB,SIM,1,2026-08-27
2024,NOMINAL,9322,CHICO VIGILANTE,PT,SIM,1,2026-08-27
2024,NOMINAL,9322,DANIEL DONIZET,MDB,SIM,1,2026-08-27
2024,NOMINAL,9322,DAYSE AMARILIO,PSB,SIM,1,2026-08-27
2024,NOMINAL,9322,DOUTORA JANE,MDB,SIM,1,2026-08-27
2024,NOMINAL,9322,EDUARDO PEDROSA,UNIÃO,SIM,1,2026-08-27
2024,NOMINAL,9322,FÁBIO FELIX,PSOL,SIM,1,2026-08-27
2024,NOMINAL,9322,GABRIEL MAGNO,PT,SIM,1,2026-08-27
2024,NOMINAL,9322,HERMETO,MDB,SIM,1,2026-08-27
2024,NOMINAL,9322,IOLANDO,MDB,SIM,1,2026-08-27
2024,NOMINAL,9322,JAQUELINE SILVA,MDB,SIM,1,2026-08-27
2024,NOMINAL,9322,JOAQUIM RORIZ NETO,PL,SIM,1,2026-08-27
2024,NOMINAL,9322,JORGE VIANNA,PSD,SIM,1,2026-08-27
2024,NOMINAL,9322,JOÃO CARDOSO,AVANTE,SIM,1,2026-08-27
2024,NOMINAL,9322,MARTINS MACHADO,REPUBLICANOS,SIM,1,2026-08-27
2024,NOMINAL,9322,MAX MACIEL,PSOL,SIM,1,2026-08-27
2024,NOMINAL,9322,PASTOR DANIEL DE CASTRO,PP,SIM,1,2026-08-27
2024,NOMINAL,9322,PAULA BELMONTE,CIDADANIA,SIM,1,2026-08-27
2024,NOMINAL,9322,PEPA,PP,SIM,1,2026-08-27
2024,NOMINAL,9322,RICARDO VALE,PT,SIM,1,2026-08-27
2024,NOMINAL,9322,ROBÉRIO NEGREIROS,PSD,SIM,1,2026-08-27
2024,NOMINAL,9322,ROGERIO MORRO DA CRUZ,NOVO,SIM,1,2026-08-27
2024,NOMINAL,9322,THIAGO MANZONI,PL,SIM,1,2026-08-27
2024,NOMINAL,9322,WELLINGTON LUIZ,MDB,SIM,1,2026-08-27
2024,NOMINAL,9323,CHICO VIGILANTE,PT,SIM,1,2026-08-27
2024,NOMINAL,9323,DANIEL DONIZET,MDB,SIM,1,2026-08-27
2024,NOMINAL,9323,DAYSE AMARILIO,PSB,SIM,1,2026-08-27
2024,NOMINAL,9323,DOUTORA JANE,MDB,SIM,1,2026-08-27
2024,NOMINAL,9323,EDUARDO PEDROSA,UNIÃO,SIM,1,2026-08-27
2024,NOMINAL,9323,FÁBIO FELIX,PSOL,SIM,1,2026-08-27
2024,NOMINAL,9323,GABRIEL MAGNO,PT,SIM,1,2026-08-27
2024,NOMINAL,9323,IOLANDO,MDB,SIM,1,2026-08-27
2024,NOMINAL,9323,JAQUELINE SILVA,MDB,SIM,1,2026-08-27
2024,NOMINAL,9323,JOAQUIM RORIZ NETO,PL,SIM,1,2026-08-27
2024,NOMINAL,9323,JORGE VIANNA,PSD,SIM,1,2026-08-27
2024,NOMINAL,9323,JOÃO CARDOSO,AVANTE,SIM,1,2026-08-27
2024,NOMINAL,9323,MARTINS MACHADO,REPUBLICANOS,SIM,1,2026-08-27
2024,NOMINAL,9323,MAX MACIEL,PSOL,SIM,1,2026-08-27
2024,NOMINAL,9323,PASTOR DANIEL DE CASTRO,PP,SIM,1,2026-08-27
2024,NOMINAL,9323,PAULA BELMONTE,CIDADANIA,SIM,1,2026-08-27
2024,NOMINAL,9323,PEPA,PP,SIM,1,2026-08-27
2024,NOMINAL,9323,RICARDO VALE,PT,SIM,1,2026-08-27
2024,NOMINAL,9323,ROBÉRIO NEGREIROS,PSD,SIM,1,2026-08-27
2024,NOMINAL,9323,ROGERIO MORRO DA CRUZ,NOVO,SIM,1,2026-08-27
2024,NOMINAL,9323,THIAGO MANZONI,PL,SIM,1,2026-08-27
2024,NOMINAL,9323,WELLINGTON LUIZ,MDB,SIM,1,2026-08-27
2024,NOMINAL,9340,CHICO VIGILANTE,PT,SIM,1,2026-08-27
2024,NOMINAL,9340,DAYSE AMARILIO,PSB,SIM,1,2026-08-27
2024,NOMINAL,9340,DOUTORA JANE,MDB,SIM,1,2026-08-27
2024,NOMINAL,9340,EDUARDO PEDROSA,UNIÃO,SIM,1,2026-08-27
2024,NOMINAL,9340,GABRIEL MAGNO,PT,SIM,1,2026-08-27
2024,NOMINAL,9340,IOLANDO,MDB,SIM,1,2026-08-27
2024,NOMINAL,9340,JAQUELINE SILVA,MDB,SIM,1,2026-08-27
2024,NOMINAL,9340,JORGE VIANNA,PSD,SIM,1,2026-08-27
2024,NOMINAL,9340,JOÃO CARDOSO,AVANTE,SIM,1,2026-08-27
2024,NOMINAL,9340,MARTINS MACHADO,REPUBLICANOS,SIM,1,2026-08-27
2024,NOMINAL,9340,MAX MACIEL,PSOL,SIM,1,2026-08-27
2024,NOMINAL,9340,PASTOR DANIEL DE CASTRO,PP,SIM,1,2026-08-27
2024,NOMINAL,9340,PAULA BELMONTE,CIDADANIA,SIM,1,2026-08-27
2024,NOMINAL,9340,RICARDO VALE,PT,SIM,1,2026-08-27
2024,NOMINAL,9340,ROBÉRIO NEGREIROS,PSD,SIM,1,2026-08-27
2024,NOMINAL,9340,ROGERIO MORRO DA CRUZ,NOVO,SIM,1,2026-08-27
2024,NOMINAL,9340,WELLINGTON LUIZ,MDB,SIM,1,2026-08-27
2024,NOMINAL,9341,CHICO VIGILANTE,PT,SIM,1,2026-08-27
2024,NOMINAL,9341,DAYSE AMARILIO,PSB,SIM,1,2026-08-27
2024,NOMINAL,9341,DOUTORA JANE,MDB,SIM,1,2026-08-27
2024,NOMINAL,9341,FÁBIO FELIX,PSOL,SIM,1,2026-08-27
2024,NOMINAL,9341,GABRIEL MAGNO,PT,SIM,1,2026-08-27
2024,NOMINAL,9341,HERMETO,MDB,SIM,1,2026-08-27
2024,NOMINAL,9341,IOLANDO,MDB,SIM,1,2026-08-27
2024,NOMINAL,9341,JAQUELINE SILVA,MDB,SIM,1,2026-08-27
2024,NOMINAL,9341,JOAQUIM RORIZ NETO,PL,SIM,1,2026-08-27
2024,NOMINAL,9341,JORGE VIANNA,PSD,SIM,1,2026-08-27
2024,NOMINAL,9341,JOÃO CARDOSO,AVANTE,SIM,1,2026-08-27
2024,NOMINAL,9341,MARTINS MACHADO,REPUBLICANOS,SIM,1,2026-08-27
2024,NOMINAL,9341,MAX MACIEL,PSOL,SIM,1,2026-08-27
2024,NOMINAL,9341,PASTOR DANIEL DE CASTRO,PP,SIM,1,2026-08-27
2024,NOMINAL,9341,PAULA BELMONTE,CIDADANIA,SIM,1,2026-08-27
2024,NOMINAL,9341,RICARDO VALE,PT,SIM,1,2026-08-27
2024,NOMINAL,9341,ROGERIO MORRO DA CRUZ,NOVO,SIM,1,2026-08-27
2024,NOMINAL,9341,WELLINGTON LUIZ,MDB,SIM,1,2026-08-27
2024,NOMINAL,9363,CHICO VIGILANTE,PT,SIM,1,2026-08-27
2024,NOMINAL,9363,DANIEL DONIZET,MDB,NAO,1,2026-08-27
2024,NOMINAL,9363,DAYSE AMARILIO,PSB,SIM,1,2026-08-27
2024,NOMINAL,9363,DOUTORA JANE,MDB,NAO,1,2026-08-27
2024,NOMINAL,9363,EDUARDO PEDROSA,UNIÃO,NAO,1,2026-08-27
2024,NOMINAL,9363,FÁBIO FELIX,PSOL,SIM,1,2026-08-27
2024,NOMINAL,9363,GABRIEL MAGNO,PT,SIM,1,2026-08-27
2024,NOMINAL,9363,HERMETO,MDB,NAO,1,2026-08-27
2024,NOMINAL,9363,IOLANDO,MDB,NAO,1,2026-08-27
2024,NOMINAL,9363,JAQUELINE SILVA,MDB,NAO,1,2026-08-27
2024,NOMINAL,9363,JOAQUIM RORIZ NETO,PL,NAO,1,2026-08-27
2024,NOMINAL,9363,JORGE VIANNA,PSD,NAO,1,2026-08-27
2024,NOMINAL,9363,MARTINS MACHADO,REPUBLICANOS,NAO,1,2026-08-27
2024,NOMINAL,9363,MAX MACIEL,PSOL,SIM,1,2026-08-27
2024,NOMINAL,9363,PASTOR DANIEL DE CASTRO,PP,NAO,1,2026-08-27
2024,NOMINAL,9363,PAULA BELMONTE,CIDADANIA,NAO,1,2026-08-27
2024,NOMINAL,9363,PEPA,PP,NAO,1,2026-08-27
2024,NOMINAL,9363,RICARDO VALE,PT,SIM,1,2026-08-27
2024,NOMINAL,9363,ROBÉRIO NEGREIROS,PSD,NAO,1,2026-08-27
2024,NOMINAL,9363,ROGERIO MORRO DA CRUZ,NOVO,NAO,1,2026-08-27
2024,NOMINAL,9363,ROOSEVELT VILELA,PL,NAO,1,2026-08-27
2024,NOMINAL,9363,THIAGO MANZONI,PL,NAO,1,2026-08-27
2024,NOMINAL,9363,WELLINGTON LUIZ,MDB,NAO,1,2026-08-27
2024,NOMINAL,9371,CHICO VIGILANTE,PT,SIM,1,2026-08-27
2024,NOMINAL,9371,DAYSE AMARILIO,PSB,SIM,1,2026-08-27
2024,NOMINAL,9371,EDUARDO PEDROSA,UNIÃO,SIM,1,2026-08-27
2024,NOMINAL,9371,FÁBIO FELIX,PSOL,SIM,1,2026-08-27
2024,NOMINAL,9371,GABRIEL MAGNO,PT,SIM,1,2026-08-27
2024,NOMINAL,9371,JAQUELINE SILVA,MDB,SIM,1,2026-08-27
2024,NOMINAL,9371,JOÃO CARDOSO,AVANTE,SIM,1,2026-08-27
2024,NOMINAL,9371,MARTINS MACHADO,REPUBLICANOS,SIM,1,2026-08-27
2024,NOMINAL,9371,MAX MACIEL,PSOL,SIM,1,2026-08-27
2024,NOMINAL,9371,PASTOR DANIEL DE CASTRO,PP,SIM,1,2026-08-27
2024,NOMINAL,9371,PAULA BELMONTE,CIDADANIA,SIM,1,2026-08-27
2024,NOMINAL,9371,RICARDO VALE,PT,SIM,1,2026-08-27
2024,NOMINAL,9371,ROGERIO MORRO DA CRUZ,NOVO,SIM,1,2026-08-27
2024,NOMINAL,9371,ROOSEVELT VILELA,PL,SIM,1,2026-08-27
2024,NOMINAL,9371,THIAGO MANZONI,PL,SIM,1,2026-08-27
2024,NOMINAL,9374,CHICO VIGILANTE,PT,SIM,1,2026-08-27
2024,NOMINAL,9374,DANIEL DONIZET,MDB,SIM,1,2026-08-27
2024,NOMINAL,9374,DAYSE AMARILIO,PSB,SIM,1,2026-08-27
2024,NOMINAL,9374,DOUTORA JANE,MDB,SIM,1,2026-08-27
2024,NOMINAL,9374,EDUARDO PEDROSA,UNIÃO,SIM,1,2026-08-27
2024,NOMINAL,9374,FÁBIO FELIX,PSOL,SIM,1,2026-08-27
2024,NOMINAL,9374,GABRIEL MAGNO,PT,SIM,1,2026-08-27
2024,NOMINAL,9374,HERMETO,MDB,SIM,1,2026-08-27
2024,NOMINAL,9374,IOLANDO,MDB,NAO,1,2026-08-27
2024,NOMINAL,9374,JAQUELINE SILVA,MDB,SIM,1,2026-08-27
2024,NOMINAL,9374,JOAQUIM RORIZ NETO,PL,NAO,1,2026-08-27
2024,NOMINAL,9374,JORGE VIANNA,PSD,SIM,1,2026-08-27
2024,NOMINAL,9374,JOÃO CARDOSO,AVANTE,SIM,1,2026-08-27
2024,NOMINAL,9374,MARTINS MACHADO,REPUBLICANOS,SIM,1,2026-08-27
2024,NOMINAL,9374,MAX MACIEL,PSOL,SIM,1,2026-08-27
2024,NOMINAL,9374,PASTOR DANIEL DE CASTRO,PP,ABSTENCAO,1,2026-08-27
2024,NOMINAL,9374,PEPA,PP,SIM,1,2026-08-27
2024,NOMINAL,9374,RICARDO VALE,PT,SIM,1,2026-08-27
2024,NOMINAL,9374,ROGERIO MORRO DA CRUZ,NOVO,SIM,1,2026-08-27
2024,NOMINAL,9374,THIAGO MANZONI,PL,NAO,1,2026-08-27
2024,NOMINAL,9374,WELLINGTON LUIZ,MDB,SIM,1,2026-08-27
2024,NOMINAL,9375,FÁBIO FELIX,PSOL,SIM,1,2026-08-27
2024,NOMINAL,9375,GABRIEL MAGNO,PT,SIM,1,2026-08-27
2024,NOMINAL,9375,JAQUELINE SILVA,MDB,SIM,1,2026-08-27
2024,NOMINAL,9375,JOÃO CARDOSO,AVANTE,SIM,1,2026-08-27
2024,NOMINAL,9375,MARTINS MACHADO,REPUBLICANOS,SIM,1,2026-08-27
2024,NOMINAL,9375,MAX MACIEL,PSOL,SIM,1,2026-08-27
2024,NOMINAL,9375,PASTOR DANIEL DE CASTRO,PP,SIM,1,2026-08-27
2024,NOMINAL,9375,PAULA BELMONTE,CIDADANIA,SIM,1,2026-08-27
2024,NOMINAL,9375,RICARDO VALE,PT,SIM,1,2026-08-27
2024,NOMINAL,9375,ROGERIO MORRO DA CRUZ,NOVO,SIM,1,2026-08-27
2024,NOMINAL,9375,ROOSEVELT VILELA,PL,SIM,1,2026-08-27
2024,NOMINAL,9375,THIAGO MANZONI,PL,SIM,1,2026-08-27
2024,NOMINAL,9375,WELLINGTON LUIZ,MDB,SIM,1,2026-08-27
2024,NOMINAL,9457,CHICO VIGILANTE,PT,SIM,1,2026-08-27
2024,NOMINAL,9457,DAYSE AMARILIO,PSB,SIM,1,2026-08-27
2024,NOMINAL,9457,DOUTORA JANE,MDB,SIM,1,2026-08-27
2024,NOMINAL,9457,EDUARDO PEDROSA,UNIÃO,SIM,1,2026-08-27
2024,NOMINAL,9457,FÁBIO FELIX,PSOL,SIM,1,2026-08-27
2024,NOMINAL,9457,GABRIEL MAGNO,PT,SIM,1,2026-08-27
2024,NOMINAL,9457,IOLANDO,MDB,SIM,1,2026-08-27
2024,NOMINAL,9457,JAQUELINE SILVA,MDB,SIM,1,2026-08-27
2024,NOMINAL,9457,MARTINS MACHADO,REPUBLICANOS,SIM,1,2026-08-27
2024,NOMINAL,9457,MAX MACIEL,PSOL,SIM,1,2026-08-27
2024,NOMINAL,9457,PASTOR DANIEL DE CASTRO,PP,SIM,1,2026-08-27
2024,NOMINAL,9457,PEPA,PP,SIM,1,2026-08-27
2024,NOMINAL,9457,RICARDO VALE,PT,SIM,1,2026-08-27
2024,NOMINAL,9457,THIAGO MANZONI,PL,SIM,1,2026-08-27
2024,NOMINAL,9457,WELLINGTON LUIZ,MDB,SIM,1,2026-08-27
2024,NOMINAL,9481,CHICO VIGILANTE,PT,SIM,1,2026-08-27
2024,NOMINAL,9481,DANIEL DONIZET,MDB,NAO,1,2026-08-27
2024,NOMINAL,9481,DAYSE AMARILIO,PSB,SIM,1,2026-08-27
2024,NOMINAL,9481,EDUARDO PEDROSA,UNIÃO,SIM,1,2026-08-27
2024,NOMINAL,9481,FÁBIO FELIX,PSOL,SIM,1,2026-08-27
2024,NOMINAL,9481,GABRIEL MAGNO,PT,SIM,1,2026-08-27
2024,NOMINAL,9481,HERMETO,MDB,ABSTENCAO,1,2026-08-27
2024,NOMINAL,9481,IOLANDO,MDB,NAO,1,2026-08-27
2024,NOMINAL,9481,JAQUELINE SILVA,MDB,NAO,1,2026-08-27
2024,NOMINAL,9481,JOAQUIM RORIZ NETO,PL,NAO,1,2026-08-27
2024,NOMINAL,9481,JOAQUIM RORIZ NETO,PL,SIM,1,2026-08-27
2024,NOMINAL,9481,JORGE VIANNA,PSD,SIM,1,2026-08-27
2024,NOMINAL,9481,MARTINS MACHADO,REPUBLICANOS,NAO,1,2026-08-27
2024,NOMINAL,9481,MARTINS MACHADO,REPUBLICANOS,SIM,1,2026-08-27
2024,NOMINAL,9481,MAX MACIEL,PSOL,SIM,1,2026-08-27
2024,NOMINAL,9481,PASTOR DANIEL DE CASTRO,PP,ABSTENCAO,1,2026-08-27
2024,NOMINAL,9481,PAULA BELMONTE,CIDADANIA,SIM,1,2026-08-27
2024,NOMINAL,9481,PEPA,PP,NAO,1,2026-08-27
2024,NOMINAL,9481,PEPA,PP,SIM,1,2026-08-27
2024,NOMINAL,9481,RICARDO VALE,PT,SIM,1,2026-08-27
2024,NOMINAL,9481,ROBÉRIO NEGREIROS,PSD,NAO,1,2026-08-27
2024,NOMINAL,9481,ROGERIO MORRO DA CRUZ,NOVO,NAO,1,2026-08-27
2024,NOMINAL,9481,ROGERIO MORRO DA CRUZ,NOVO,SIM,1,2026-08-27
2024,NOMINAL,9481,THIAGO MANZONI,PL,ABSTENCAO,1,2026-08-27
2024,NOMINAL,9481,THIAGO MANZONI,PL,NAO,1,2026-08-27
2024,NOMINAL,9481,WELLINGTON LUIZ,MDB,SIM,1,2026-08-27
2024,NOMINAL,9482,CHICO VIGILANTE,PT,NAO,1,2026-08-27
2024,NOMINAL,9482,DANIEL DONIZET,MDB,NAO,1,2026-08-27
2024,NOMINAL,9482,DAYSE AMARILIO,PSB,NAO,1,2026-08-27
2024,NOMINAL,9482,EDUARDO PEDROSA,UNIÃO,NAO,1,2026-08-27
2024,NOMINAL,9482,FÁBIO FELIX,PSOL,NAO,1,2026-08-27
2024,NOMINAL,9482,GABRIEL MAGNO,PT,NAO,1,2026-08-27
2024,NOMINAL,9482,HERMETO,MDB,NAO,1,2026-08-27
2024,NOMINAL,9482,IOLANDO,MDB,NAO,1,2026-08-27
2024,NOMINAL,9482,JAQUELINE SILVA,MDB,NAO,1,2026-08-27
2024,NOMINAL,9482,JOAQUIM RORIZ NETO,PL,NAO,1,2026-08-27
2024,NOMINAL,9482,JORGE VIANNA,PSD,NAO,1,2026-08-27
2024,NOMINAL,9482,MARTINS MACHADO,REPUBLICANOS,NAO,1,2026-08-27
2024,NOMINAL,9482,MAX MACIEL,PSOL,NAO,1,2026-08-27
2024,NOMINAL,9482,PASTOR DANIEL DE CASTRO,PP,NAO,1,2026-08-27
2024,NOMINAL,9482,PAULA BELMONTE,CIDADANIA,NAO,1,2026-08-27
2024,NOMINAL,9482,PEPA,PP,NAO,1,2026-08-27
2024,NOMINAL,9482,RICARDO VALE,PT,NAO,1,2026-08-27
2024,NOMINAL,9482,ROBÉRIO NEGREIROS,PSD,NAO,1,2026-08-27
2024,NOMINAL,9482,ROGERIO MORRO DA CRUZ,NOVO,NAO,1,2026-08-27
2024,NOMINAL,9482,THIAGO MANZONI,PL,NAO,1,2026-08-27
2024,NOMINAL,9482,WELLINGTON LUIZ,MDB,NAO,1,2026-08-27
2024,NOMINAL,9489,CHICO VIGILANTE,PT,SIM,1,2026-08-27
2024,NOMINAL,9489,DANIEL DONIZET,MDB,SIM,1,2026-08-27
2024,NOMINAL,9489,DAYSE AMARILIO,PSB,SIM,1,2026-08-27
2024,NOMINAL,9489,EDUARDO PEDROSA,UNIÃO,SIM,1,2026-08-27
2024,NOMINAL,9489,FÁBIO FELIX,PSOL,SIM,1,2026-08-27
2024,NOMINAL,9489,GABRIEL MAGNO,PT,SIM,1,2026-08-27
2024,NOMINAL,9489,HERMETO,MDB,SIM,1,2026-08-27
2024,NOMINAL,9489,IOLANDO,MDB,SIM,1,2026-08-27
2024,NOMINAL,9489,JAQUELINE SILVA,MDB,SIM,1,2026-08-27
2024,NOMINAL,9489,JOAQUIM RORIZ NETO,PL,SIM,1,2026-08-27
2024,NOMINAL,9489,JORGE VIANNA,PSD,SIM,1,2026-08-27
2024,NOMINAL,9489,MARTINS MACHADO,REPUBLICANOS,SIM,1,2026-08-27
2024,NOMINAL,9489,MAX MACIEL,PSOL,SIM,1,2026-08-27
2024,NOMINAL,9489,PASTOR DANIEL DE CASTRO,PP,ABSTENCAO,1,2026-08-27
2024,NOMINAL,9489,PAULA BELMONTE,CIDADANIA,SIM,1,2026-08-27
2024,NOMINAL,9489,PEPA,PP,SIM,1,2026-08-27
2024,NOMINAL,9489,RICARDO VALE,PT,SIM,1,2026-08-27
2024,NOMINAL,9489,ROBÉRIO NEGREIROS,PSD,SIM,1,2026-08-27
2024,NOMINAL,9489,ROGERIO MORRO DA CRUZ,NOVO,SIM,1,2026-08-27
2024,NOMINAL,9489,THIAGO MANZONI,PL,ABSTENCAO,1,2026-08-27
2024,NOMINAL,9489,WELLINGTON LUIZ,MDB,SIM,1,2026-08-27
2024,NOMINAL,9507,CHICO VIGILANTE,PT,SIM,1,2026-08-27
2024,NOMINAL,9507,DAYSE AMARILIO,PSB,SIM,1,2026-08-27
2024,NOMINAL,9507,EDUARDO PEDROSA,UNIÃO,SIM,1,2026-08-27
2024,NOMINAL,9507,FÁBIO FELIX,PSOL,SIM,1,2026-08-27
2024,NOMINAL,9507,GABRIEL MAGNO,PT,SIM,1,2026-08-27
2024,NOMINAL,9507,HERMETO,MDB,SIM,1,2026-08-27
2024,NOMINAL,9507,IOLANDO,MDB,SIM,1,2026-08-27
2024,NOMINAL,9507,JAQUELINE SILVA,MDB,SIM,1,2026-08-27
2024,NOMINAL,9507,MARTINS MACHADO,REPUBLICANOS,SIM,1,2026-08-27
2024,NOMINAL,9507,MAX MACIEL,PSOL,SIM,1,2026-08-27
2024,NOMINAL,9507,PASTOR DANIEL DE CASTRO,PP,SIM,1,2026-08-27
2024,NOMINAL,9507,PEPA,PP,SIM,1,2026-08-27
2024,NOMINAL,9507,RICARDO VALE,PT,SIM,1,2026-08-27
2024,NOMINAL,9507,ROBÉRIO NEGREIROS,PSD,SIM,1,2026-08-27
2024,NOMINAL,9507,ROGERIO MORRO DA CRUZ,NOVO,SIM,1,2026-08-27
2024,NOMINAL,9507,ROOSEVELT VILELA,PL,SIM,1,2026-08-27
2024,NOMINAL,9507,THIAGO MANZONI,PL,SIM,1,2026-08-27
2024,NOMINAL,9507,WELLINGTON LUIZ,MDB,SIM,1,2026-08-27
2024,NOMINAL,9564,CHICO VIGILANTE,PT,SIM,1,2026-08-27
2024,NOMINAL,9564,DANIEL DONIZET,MDB,SIM,1,2026-08-27
2024,NOMINAL,9564,EDUARDO PEDROSA,UNIÃO,SIM,1,2026-08-27
2024,NOMINAL,9564,FÁBIO FELIX,PSOL,SIM,1,2026-08-27
2024,NOMINAL,9564,GABRIEL MAGNO,PT,SIM,1,2026-08-27
2024,NOMINAL,9564,HERMETO,MDB,SIM,1,2026-08-27
2024,NOMINAL,9564,JAQUELINE SILVA,MDB,SIM,1,2026-08-27
2024,NOMINAL,9564,JOAQUIM RORIZ NETO,PL,SIM,1,2026-08-27
2024,NOMINAL,9564,MARTINS MACHADO,REPUBLICANOS,SIM,1,2026-08-27
2024,NOMINAL,9564,MAX MACIEL,PSOL,SIM,1,2026-08-27
2024,NOMINAL,9564,PASTOR DANIEL DE CASTRO,PP,SIM,1,2026-08-27
2024,NOMINAL,9564,PAULA BELMONTE,CIDADANIA,SIM,1,2026-08-27
2024,NOMINAL,9564,PEPA,PP,SIM,1,2026-08-27
2024,NOMINAL,9564,RICARDO VALE,PT,SIM,1,2026-08-27
2024,NOMINAL,9564,ROBÉRIO NEGREIROS,PSD,SIM,1,2026-08-27
2024,NOMINAL,9564,ROGERIO MORRO DA CRUZ,NOVO,SIM,1,2026-08-27
2024,NOMINAL,9593,CHICO VIGILANTE,PT,SIM,1,2026-08-27
2024,NOMINAL,9593,DAYSE AMARILIO,PSB,SIM,1,2026-08-27
2024,NOMINAL,9593,DOUTORA JANE,MDB,SIM,1,2026-08-27
2024,NOMINAL,9593,FÁBIO FELIX,PSOL,SIM,1,2026-08-27
2024,NOMINAL,9593,GABRIEL MAGNO,PT,SIM,1,2026-08-27
2024,NOMINAL,9593,HERMETO,MDB,SIM,1,2026-08-27
2024,NOMINAL,9593,IOLANDO,MDB,SIM,1,2026-08-27
2024,NOMINAL,9593,JAQUELINE SILVA,MDB,SIM,1,2026-08-27
2024,NOMINAL,9593,MARTINS MACHADO,REPUBLICANOS,SIM,1,2026-08-27
2024,NOMINAL,9593,MAX MACIEL,PSOL,SIM,1,2026-08-27
2024,NOMINAL,9593,PASTOR DANIEL DE CASTRO,PP,SIM,1,2026-08-27
2024,NOMINAL,9593,PEPA,PP,SIM,1,2026-08-27
2024,NOMINAL,9593,RICARDO VALE,PT,SIM,1,2026-08-27
2024,NOMINAL,9593,ROBÉRIO NEGREIROS,PSD,SIM,1,2026-08-27
2024,NOMINAL,9593,ROGERIO MORRO DA CRUZ,NOVO,SIM,1,2026-08-27
2024,NOMINAL,9593,ROOSEVELT VILELA,PL,SIM,1,2026-08-27
2024,NOMINAL,9593,THIAGO MANZONI,PL,SIM,1,2026-08-27
2024,NOMINAL,9593,WELLINGTON LUIZ,MDB,SIM,1,2026-08-27
2024,NOMINAL,9605,CHICO VIGILANTE,PT,SIM,1,2026-08-27
2024,NOMINAL,9605,DAYSE AMARILIO,PSB,SIM,1,2026-08-27
2024,NOMINAL,9605,DOUTORA JANE,MDB,SIM,1,2026-08-27
2024,NOMINAL,9605,EDUARDO PEDROSA,UNIÃO,SIM,1,2026-08-27
2024,NOMINAL,9605,FÁBIO FELIX,PSOL,SIM,1,2026-08-27
2024,NOMINAL,9605,GABRIEL MAGNO,PT,SIM,1,2026-08-27
2024,NOMINAL,9605,HERMETO,MDB,SIM,1,2026-08-27
2024,NOMINAL,9605,IOLANDO,MDB,SIM,1,2026-08-27
2024,NOMINAL,9605,JAQUELINE SILVA,MDB,SIM,1,2026-08-27
2024,NOMINAL,9605,MARTINS MACHADO,REPUBLICANOS,SIM,1,2026-08-27
2024,NOMINAL,9605,PASTOR DANIEL DE CASTRO,PP,SIM,1,2026-08-27
2024,NOMINAL,9605,PEPA,PP,SIM,1,2026-08-27
2024,NOMINAL,9605,RICARDO VALE,PT,SIM,1,2026-08-27
2024,NOMINAL,9605,ROBÉRIO NEGREIROS,PSD,SIM,1,2026-08-27
2024,NOMINAL,9605,ROGERIO MORRO DA CRUZ,NOVO,SIM,1,2026-08-27
2024,NOMINAL,9605,ROOSEVELT VILELA,PL,SIM,1,2026-08-27
2024,NOMINAL,9605,THIAGO MANZONI,PL,SIM,1,2026-08-27
2024,NOMINAL,9605,WELLINGTON LUIZ,MDB,SIM,1,2026-08-27
2024,NOMINAL,9606,CHICO VIGILANTE,PT,SIM,1,2026-08-27
2024,NOMINAL,9606,DAYSE AMARILIO,PSB,SIM,1,2026-08-27
2024,NOMINAL,9606,DOUTORA JANE,MDB,SIM,1,2026-08-27
2024,NOMINAL,9606,EDUARDO PEDROSA,UNIÃO,SIM,1,2026-08-27
2024,NOMINAL,9606,FÁBIO FELIX,PSOL,SIM,1,2026-08-27
2024,NOMINAL,9606,GABRIEL MAGNO,PT,SIM,1,2026-08-27
2024,NOMINAL,9606,HERMETO,MDB,SIM,1,2026-08-27
2024,NOMINAL,9606,IOLANDO,MDB,SIM,1,2026-08-27
2024,NOMINAL,9606,JAQUELINE SILVA,MDB,SIM,1,2026-08-27
2024,NOMINAL,9606,MARTINS MACHADO,REPUBLICANOS,SIM,1,2026-08-27
2024,NOMINAL,9606,MAX MACIEL,PSOL,SIM,1,2026-08-27
2024,NOMINAL,9606,PASTOR DANIEL DE CASTRO,PP,SIM,1,2026-08-27
2024,NOMINAL,9606,PEPA,PP,SIM,1,2026-08-27
2024,NOMINAL,9606,RICARDO VALE,PT,SIM,1,2026-08-27
2024,NOMINAL,9606,ROBÉRIO NEGREIROS,PSD,SIM,1,2026-08-27
2024,NOMINAL,9606,ROGERIO MORRO DA CRUZ,NOVO,SIM,1,2026-08-27
2024,NOMINAL,9606,ROOSEVELT VILELA,PL,SIM,1,2026-08-27
2024,NOMINAL,9606,THIAGO MANZONI,PL,SIM,1,2026-08-27
2024,NOMINAL,9606,WELLINGTON LUIZ,MDB,SIM,1,2026-08-27
2024,NOMINAL,9618,CHICO VIGILANTE,PT,NAO,1,2026-08-27
2024,NOMINAL,9618,DANIEL DONIZET,MDB,SIM,1,2026-08-27
2024,NOMINAL,9618,DAYSE AMARILIO,PSB,ABSTENCAO,1,2026-08-27
2024,NOMINAL,9618,DOUTORA JANE,MDB,SIM,1,2026-08-27
2024,NOMINAL,9618,EDUARDO PEDROSA,UNIÃO,SIM,1,2026-08-27
2024,NOMINAL,9618,FÁBIO FELIX,PSOL,NAO,1,2026-08-27
2024,NOMINAL,9618,GABRIEL MAGNO,PT,NAO,1,2026-08-27
2024,NOMINAL,9618,HERMETO,MDB,SIM,1,2026-08-27
2024,NOMINAL,9618,IOLANDO,MDB,SIM,1,2026-08-27
2024,NOMINAL,9618,JAQUELINE SILVA,MDB,SIM,1,2026-08-27
2024,NOMINAL,9618,JOAQUIM RORIZ NETO,PL,SIM,1,2026-08-27
2024,NOMINAL,9618,JORGE VIANNA,PSD,SIM,1,2026-08-27
2024,NOMINAL,9618,JOÃO CARDOSO,AVANTE,SIM,1,2026-08-27
2024,NOMINAL,9618,MARTINS MACHADO,REPUBLICANOS,SIM,1,2026-08-27
2024,NOMINAL,9618,MAX MACIEL,PSOL,NAO,1,2026-08-27
2024,NOMINAL,9618,PASTOR DANIEL DE CASTRO,PP,SIM,1,2026-08-27
2024,NOMINAL,9618,PAULA BELMONTE,CIDADANIA,SIM,1,2026-08-27
2024,NOMINAL,9618,PEPA,PP,SIM,1,2026-08-27
2024,NOMINAL,9618,RICARDO VALE,PT,NAO,1,2026-08-27
2024,NOMINAL,9618,ROBÉRIO NEGREIROS,PSD,SIM,1,2026-08-27
2024,NOMINAL,9618,ROGERIO MORRO DA CRUZ,NOVO,SIM,1,2026-08-27
2024,NOMINAL,9618,ROOSEVELT VILELA,PL,SIM,1,2026-08-27
2024,NOMINAL,9618,WELLINGTON LUIZ,MDB,SIM,1,2026-08-27
2024,NOMINAL,9619,CHICO VIGILANTE,PT,NAO,1,2026-08-27
2024,NOMINAL,9619,DANIEL DONIZET,MDB,SIM,1,2026-08-27
2024,NOMINAL,9619,DAYSE AMARILIO,PSB,ABSTENCAO,1,2026-08-27
2024,NOMINAL,9619,DOUTORA JANE,MDB,SIM,1,2026-08-27
2024,NOMINAL,9619,EDUARDO PEDROSA,UNIÃO,SIM,1,2026-08-27
2024,NOMINAL,9619,FÁBIO FELIX,PSOL,NAO,1,2026-08-27
2024,NOMINAL,9619,GABRIEL MAGNO,PT,NAO,1,2026-08-27
2024,NOMINAL,9619,HERMETO,MDB,SIM,1,2026-08-27
2024,NOMINAL,9619,IOLANDO,MDB,SIM,1,2026-08-27
2024,NOMINAL,9619,JAQUELINE SILVA,MDB,SIM,1,2026-08-27
2024,NOMINAL,9619,JOAQUIM RORIZ NETO,PL,SIM,1,2026-08-27
2024,NOMINAL,9619,JORGE VIANNA,PSD,SIM,1,2026-08-27
2024,NOMINAL,9619,JOÃO CARDOSO,AVANTE,SIM,1,2026-08-27
2024,NOMINAL,9619,MARTINS MACHADO,REPUBLICANOS,SIM,1,2026-08-27
2024,NOMINAL,9619,MAX MACIEL,PSOL,NAO,1,2026-08-27
2024,NOMINAL,9619,PASTOR DANIEL DE CASTRO,PP,SIM,1,2026-08-27
2024,NOMINAL,9619,PAULA BELMONTE,CIDADANIA,SIM,1,2026-08-27
2024,NOMINAL,9619,PEPA,PP,SIM,1,2026-08-27
2024,NOMINAL,9619,RICARDO VALE,PT,NAO,1,2026-08-27
2024,NOMINAL,9619,ROBÉRIO NEGREIROS,PSD,SIM,1,2026-08-27
2024,NOMINAL,9619,ROGERIO MORRO DA CRUZ,NOVO,SIM,1,2026-08-27
2024,NOMINAL,9619,ROOSEVELT VILELA,PL,SIM,1,2026-08-27
2024,NOMINAL,9619,WELLINGTON LUIZ,MDB,SIM,1,2026-08-27
2024,NOMINAL,9632,CHICO VIGILANTE,PT,SIM,1,2026-08-27
2024,NOMINAL,9632,DAYSE AMARILIO,PSB,SIM,1,2026-08-27
2024,NOMINAL,9632,DOUTORA JANE,MDB,NAO,1,2026-08-27
2024,NOMINAL,9632,EDUARDO PEDROSA,UNIÃO,NAO,1,2026-08-27
2024,NOMINAL,9632,FÁBIO FELIX,PSOL,SIM,1,2026-08-27
2024,NOMINAL,9632,GABRIEL MAGNO,PT,SIM,1,2026-08-27
2024,NOMINAL,9632,HERMETO,MDB,NAO,1,2026-08-27
2024,NOMINAL,9632,IOLANDO,MDB,NAO,1,2026-08-27
2024,NOMINAL,9632,JAQUELINE SILVA,MDB,NAO,1,2026-08-27
2024,NOMINAL,9632,MARTINS MACHADO,REPUBLICANOS,NAO,1,2026-08-27
2024,NOMINAL,9632,MARTINS MACHADO,REPUBLICANOS,SIM,1,2026-08-27
2024,NOMINAL,9632,MAX MACIEL,PSOL,SIM,1,2026-08-27
2024,NOMINAL,9632,PASTOR DANIEL DE CASTRO,PP,NAO,1,2026-08-27
2024,NOMINAL,9632,PEPA,PP,NAO,1,2026-08-27
2024,NOMINAL,9632,RICARDO VALE,PT,SIM,1,2026-08-27
2024,NOMINAL,9632,ROBÉRIO NEGREIROS,PSD,NAO,1,2026-08-27
2024,NOMINAL,9632,ROGERIO MORRO DA CRUZ,NOVO,NAO,1,2026-08-27
2024,NOMINAL,9632,ROOSEVELT VILELA,PL,NAO,1,2026-08-27
2024,NOMINAL,9632,THIAGO MANZONI,PL,NAO,1,2026-08-27
2024,NOMINAL,9632,WELLINGTON LUIZ,MDB,NAO,1,2026-08-27
2024,NOMINAL,9649,CHICO VIGILANTE,PT,NAO,1,2026-08-27
2024,NOMINAL,9649,DAYSE AMARILIO,PSB,ABSTENCAO,1,2026-08-27
2024,NOMINAL,9649,DOUTORA JANE,MDB,SIM,1,2026-08-27
2024,NOMINAL,9649,EDUARDO PEDROSA,UNIÃO,SIM,1,2026-08-27
2024,NOMINAL,9649,FÁBIO FELIX,PSOL,ABSTENCAO,1,2026-08-27
2024,NOMINAL,9649,GABRIEL MAGNO,PT,NAO,1,2026-08-27
2024,NOMINAL,9649,HERMETO,MDB,SIM,1,2026-08-27
2024,NOMINAL,9649,IOLANDO,MDB,SIM,1,2026-08-27
2024,NOMINAL,9649,JAQUELINE SILVA,MDB,SIM,1,2026-08-27
2024,NOMINAL,9649,MARTINS MACHADO,REPUBLICANOS,SIM,1,2026-08-27
2024,NOMINAL,9649,MAX MACIEL,PSOL,ABSTENCAO,1,2026-08-27
2024,NOMINAL,9649,PASTOR DANIEL DE CASTRO,PP,SIM,1,2026-08-27
2024,NOMINAL,9649,PEPA,PP,SIM,1,2026-08-27
2024,NOMINAL,9649,RICARDO VALE,PT,SIM,1,2026-08-27
2024,NOMINAL,9649,ROBÉRIO NEGREIROS,PSD,SIM,1,2026-08-27
2024,NOMINAL,9649,ROGERIO MORRO DA CRUZ,NOVO,SIM,1,2026-08-27
2024,NOMINAL,9649,ROOSEVELT VILELA,PL,SIM,1,2026-08-27
2024,NOMINAL,9649,THIAGO MANZONI,PL,SIM,1,2026-08-27
2024,NOMINAL,9649,WELLINGTON LUIZ,MDB,SIM,1,2026-08-27
2024,NOMINAL,9670,CHICO VIGILANTE,PT,SIM,1,2026-08-27
2024,NOMINAL,9670,DANIEL DONIZET,MDB,SIM,1,2026-08-27
2024,NOMINAL,9670,EDUARDO PEDROSA,UNIÃO,SIM,1,2026-08-27
2024,NOMINAL,9670,FÁBIO FELIX,PSOL,SIM,1,2026-08-27
2024,NOMINAL,9670,GABRIEL MAGNO,PT,SIM,1,2026-08-27
2024,NOMINAL,9670,HERMETO,MDB,SIM,1,2026-08-27
2024,NOMINAL,9670,IOLANDO,MDB,SIM,1,2026-08-27
2024,NOMINAL,9670,JAQUELINE SILVA,MDB,SIM,1,2026-08-27
2024,NOMINAL,9670,JOAQUIM RORIZ NETO,PL,SIM,1,2026-08-27
2024,NOMINAL,9670,JORGE VIANNA,PSD,SIM,1,2026-08-27
2024,NOMINAL,9670,JOÃO CARDOSO,AVANTE,SIM,1,2026-08-27
2024,NOMINAL,9670,MARTINS MACHADO,REPUBLICANOS,SIM,1,2026-08-27
2024,NOMINAL,9670,MAX MACIEL,PSOL,SIM,1,2026-08-27
2024,NOMINAL,9670,PASTOR DANIEL DE CASTRO,PP,SIM,1,2026-08-27
2024,NOMINAL,9670,PEPA,PP,SIM,1,2026-08-27
2024,NOMINAL,9670,RICARDO VALE,PT,SIM,1,2026-08-27
2024,NOMINAL,9670,ROBÉRIO NEGREIROS,PSD,SIM,1,2026-08-27
2024,NOMINAL,9670,ROGERIO MORRO DA CRUZ,NOVO,SIM,1,2026-08-27
2024,NOMINAL,9671,CHICO VIGILANTE,PT,SIM,1,2026-08-27
2024,NOMINAL,9671,DANIEL DONIZET,MDB,SIM,1,2026-08-27
2024,NOMINAL,9671,DAYSE AMARILIO,PSB,SIM,1,2026-08-27
2024,NOMINAL,9671,EDUARDO PEDROSA,UNIÃO,SIM,1,2026-08-27
2024,NOMINAL,9671,FÁBIO FELIX,PSOL,SIM,1,2026-08-27
2024,NOMINAL,9671,GABRIEL MAGNO,PT,SIM,1,2026-08-27
2024,NOMINAL,9671,IOLANDO,MDB,SIM,1,2026-08-27
2024,NOMINAL,9671,JAQUELINE SILVA,MDB,SIM,1,2026-08-27
2024,NOMINAL,9671,JOAQUIM RORIZ NETO,PL,SIM,1,2026-08-27
2024,NOMINAL,9671,JORGE VIANNA,PSD,SIM,1,2026-08-27
2024,NOMINAL,9671,JOÃO CARDOSO,AVANTE,SIM,1,2026-08-27
2024,NOMINAL,9671,MAX MACIEL,PSOL,SIM,1,2026-08-27
2024,NOMINAL,9671,PASTOR DANIEL DE CASTRO,PP,SIM,1,2026-08-27
2024,NOMINAL,9671,PAULA BELMONTE,CIDADANIA,SIM,1,2026-08-27
2024,NOMINAL,9671,PEPA,PP,SIM,1,2026-08-27
2024,NOMINAL,9671,RICARDO VALE,PT,SIM,1,2026-08-27
2024,NOMINAL,9671,ROGERIO MORRO DA CRUZ,NOVO,SIM,1,2026-08-27
2024,NOMINAL,9671,THIAGO MANZONI,PL,SIM,1,2026-08-27
2024,NOMINAL,9671,WELLINGTON LUIZ,MDB,SIM,1,2026-08-27
2024,NOMINAL,9881,CHICO VIGILANTE,PT,SIM,1,2026-08-27
2024,NOMINAL,9881,DANIEL DONIZET,MDB,NAO,1,2026-08-27
2024,NOMINAL,9881,DAYSE AMARILIO,PSB,SIM,1,2026-08-27
2024,NOMINAL,9881,DOUTORA JANE,MDB,ABSTENCAO,1,2026-08-27
2024,NOMINAL,9881,EDUARDO PEDROSA,UNIÃO,NAO,1,2026-08-27
2024,NOMINAL,9881,FÁBIO FELIX,PSOL,SIM,1,2026-08-27
2024,NOMINAL,9881,GABRIEL MAGNO,PT,SIM,1,2026-08-27
2024,NOMINAL,9881,HERMETO,MDB,NAO,1,2026-08-27
2024,NOMINAL,9881,IOLANDO,MDB,NAO,1,2026-08-27
2024,NOMINAL,9881,JAQUELINE SILVA,MDB,NAO,1,2026-08-27
2024,NOMINAL,9881,JOAQUIM RORIZ NETO,PL,NAO,1,2026-08-27
2024,NOMINAL,9881,JORGE VIANNA,PSD,NAO,1,2026-08-27
2024,NOMINAL,9881,JOÃO CARDOSO,AVANTE,SIM,1,2026-08-27
2024,NOMINAL,9881,MARTINS MACHADO,REPUBLICANOS,NAO,1,2026-08-27
2024,NOMINAL,9881,MAX MACIEL,PSOL,SIM,1,2026-08-27
2024,NOMINAL,9881,PASTOR DANIEL DE CASTRO,PP,SIM,1,2026-08-27
2024,NOMINAL,9881,PAULA BELMONTE,CIDADANIA,SIM,1,2026-08-27
2024,NOMINAL,9881,PEPA,PP,NAO,1,2026-08-27
2024,NOMINAL,9881,RICARDO VALE,PT,SIM,1,2026-08-27
2024,NOMINAL,9881,ROBÉRIO NEGREIROS,PSD,NAO,1,2026-08-27
2024,NOMINAL,9881,ROGERIO MORRO DA CRUZ,NOVO,NAO,1,2026-08-27
2024,NOMINAL,9881,ROOSEVELT VILELA,PL,NAO,1,2026-08-27
2024,NOMINAL,9881,ROOSEVELT VILELA,PL,SIM,1,2026-08-27
2024,NOMINAL,9881,WELLINGTON LUIZ,MDB,NAO,1,2026-08-27
2024,NOMINAL,9982,CHICO VIGILANTE,PT,SIM,1,2026-08-27
2024,NOMINAL,9982,DANIEL DONIZET,MDB,SIM,1,2026-08-27
2024,NOMINAL,9982,DAYSE AMARILIO,PSB,SIM,1,2026-08-27
2024,NOMINAL,9982,DOUTORA JANE,MDB,SIM,1,2026-08-27
2024,NOMINAL,9982,EDUARDO PEDROSA,UNIÃO,SIM,1,2026-08-27
2024,NOMINAL,9982,FÁBIO FELIX,PSOL,NAO,1,2026-08-27
2024,NOMINAL,9982,HERMETO,MDB,SIM,1,2026-08-27
2024,NOMINAL,9982,IOLANDO,MDB,SIM,1,2026-08-27
2024,NOMINAL,9982,JAQUELINE SILVA,MDB,SIM,1,2026-08-27
2024,NOMINAL,9982,JOAQUIM RORIZ NETO,PL,SIM,1,2026-08-27
2024,NOMINAL,9982,JOÃO CARDOSO,AVANTE,SIM,1,2026-08-27
2024,NOMINAL,9982,MARTINS MACHADO,REPUBLICANOS,SIM,1,2026-08-27
2024,NOMINAL,9982,MAX MACIEL,PSOL,NAO,1,2026-08-27
2024,NOMINAL,9982,PASTOR DANIEL DE CASTRO,PP,SIM,1,2026-08-27
2024,NOMINAL,9982,PAULA BELMONTE,CIDADANIA,SIM,1,2026-08-27
2024,NOMINAL,9982,PEPA,PP,SIM,1,2026-08-27
2024,NOMINAL,9982,RICARDO VALE,PT,ABSTENCAO,1,2026-08-27
2024,NOMINAL,9982,ROGERIO MORRO DA CRUZ,NOVO,SIM,1,2026-08-27
2024,NOMINAL,9982,THIAGO MANZONI,PL,SIM,1,2026-08-27
2024,NOMINAL,9982,WELLINGTON LUIZ,MDB,SIM,1,2026-08-27
2024,NOMINAL,9983,CHICO VIGILANTE,PT,SIM,1,2026-08-27
2024,NOMINAL,9983,DANIEL DONIZET,MDB,SIM,1,2026-08-27
2024,NOMINAL,9983,DAYSE AMARILIO,PSB,SIM,1,2026-08-27
2024,NOMINAL,9983,DOUTORA JANE,MDB,SIM,1,2026-08-27
2024,NOMINAL,9983,EDUARDO PEDROSA,UNIÃO,SIM,1,2026-08-27
2024,NOMINAL,9983,FÁBIO FELIX,PSOL,SIM,1,2026-08-27
2024,NOMINAL,9983,GABRIEL MAGNO,PT,SIM,1,2026-08-27
2024,NOMINAL,9983,HERMETO,MDB,SIM,1,2026-08-27
2024,NOMINAL,9983,IOLANDO,MDB,SIM,1,2026-08-27
2024,NOMINAL,9983,JAQUELINE SILVA,MDB,SIM,1,2026-08-27
2024,NOMINAL,9983,JOAQUIM RORIZ NETO,PL,SIM,1,2026-08-27
2024,NOMINAL,9983,JOÃO CARDOSO,AVANTE,SIM,1,2026-08-27
2024,NOMINAL,9983,MARTINS MACHADO,REPUBLICANOS,SIM,1,2026-08-27
2024,NOMINAL,9983,MAX MACIEL,PSOL,SIM,1,2026-08-27
2024,NOMINAL,9983,PASTOR DANIEL DE CASTRO,PP,SIM,1,2026-08-27
2024,NOMINAL,9983,PAULA BELMONTE,CIDADANIA,SIM,1,2026-08-27
2024,NOMINAL,9983,PEPA,PP,SIM,1,2026-08-27
2024,NOMINAL,9983,RICARDO VALE,PT,SIM,1,2026-08-27
2024,NOMINAL,9983,ROGERIO MORRO DA CRUZ,NOVO,SIM,1,2026-08-27
2024,NOMINAL,9983,WELLINGTON LUIZ,MDB,SIM,1,2026-08-27
2024,NOMINAL,9987,CHICO VIGILANTE,PT,NAO,1,2026-08-27
2024,NOMINAL,9987,DANIEL DONIZET,MDB,NAO,1,2026-08-27
2024,NOMINAL,9987,DAYSE AMARILIO,PSB,SIM,1,2026-08-27
2024,NOMINAL,9987,DOUTORA JANE,MDB,NAO,1,2026-08-27
2024,NOMINAL,9987,EDUARDO PEDROSA,UNIÃO,NAO,1,2026-08-27
2024,NOMINAL,9987,FÁBIO FELIX,PSOL,SIM,1,2026-08-27
2024,NOMINAL,9987,GABRIEL MAGNO,PT,SIM,1,2026-08-27
2024,NOMINAL,9987,HERMETO,MDB,NAO,1,2026-08-27
2024,NOMINAL,9987,IOLANDO,MDB,NAO,1,2026-08-27
2024,NOMINAL,9987,JAQUELINE SILVA,MDB,NAO,1,2026-08-27
2024,NOMINAL,9987,JOAQUIM RORIZ NETO,PL,NAO,1,2026-08-27
2024,NOMINAL,9987,JORGE VIANNA,PSD,SIM,1,2026-08-27
2024,NOMINAL,9987,JOÃO CARDOSO,AVANTE,NAO,1,2026-08-27
2024,NOMINAL,9987,MARTINS MACHADO,REPUBLICANOS,NAO,1,2026-08-27
2024,NOMINAL,9987,MAX MACIEL,PSOL,SIM,1,2026-08-27
2024,NOMINAL,9987,PASTOR DANIEL DE CASTRO,PP,NAO,1,2026-08-27
2024,NOMINAL,9987,PAULA BELMONTE,CIDADANIA,SIM,1,2026-08-27
2024,NOMINAL,9987,PEPA,PP,NAO,1,2026-08-27
2024,NOMINAL,9987,RICARDO VALE,PT,SIM,1,2026-08-27
2024,NOMINAL,9987,ROGERIO MORRO DA CRUZ,NOVO,NAO,1,2026-08-27
2024,NOMINAL,9987,THIAGO MANZONI,PL,NAO,1,2026-08-27
2024,NOMINAL,9987,WELLINGTON LUIZ,MDB,NAO,1,2026-08-27
2025,NOMINAL,368,CHICO VIGILANTE,PT,SIM,1,2026-08-27
2025,NOMINAL,368,DANIEL DONIZET,MDB,SIM,1,2026-08-27
2025,NOMINAL,368,DAYSE AMARILIO,PSB,SIM,1,2026-08-27
2025,NOMINAL,368,EDUARDO PEDROSA,UNIÃO,SIM,1,2026-08-27
2025,NOMINAL,368,FÁBIO FELIX,PSOL,SIM,1,2026-08-27
2025,NOMINAL,368,GABRIEL MAGNO,PT,SIM,1,2026-08-27
2025,NOMINAL,368,IOLANDO,MDB,SIM,1,2026-08-27
2025,NOMINAL,368,JAQUELINE SILVA,MDB,SIM,1,2026-08-27
2025,NOMINAL,368,JOAQUIM RORIZ NETO,PL,SIM,1,2026-08-27
2025,NOMINAL,368,JORGE VIANNA,PSD,SIM,1,2026-08-27
2025,NOMINAL,368,MARTINS MACHADO,REPUBLICANOS,SIM,1,2026-08-27
2025,NOMINAL,368,MAX MACIEL,PSOL,SIM,1,2026-08-27
2025,NOMINAL,368,PAULA BELMONTE,CIDADANIA,SIM,1,2026-08-27
2025,NOMINAL,368,PEPA,PP,SIM,1,2026-08-27
2025,NOMINAL,368,RICARDO VALE,PT,SIM,1,2026-08-27
2025,NOMINAL,368,ROBÉRIO NEGREIROS,PSD,SIM,1,2026-08-27
2025,NOMINAL,368,ROGERIO MORRO DA CRUZ,PRD,SIM,1,2026-08-27
2025,NOMINAL,368,ROOSEVELT VILELA,PL,SIM,1,2026-08-27
2025,NOMINAL,368,THIAGO MANZONI,PL,SIM,1,2026-08-27
2025,NOMINAL,368,WELLINGTON LUIZ,MDB,SIM,1,2026-08-27
2025,NOMINAL,369,DANIEL DONIZET,MDB,SIM,1,2026-08-27
2025,NOMINAL,369,DAYSE AMARILIO,PSB,SIM,1,2026-08-27
2025,NOMINAL,369,EDUARDO PEDROSA,UNIÃO,SIM,1,2026-08-27
2025,NOMINAL,369,FÁBIO FELIX,PSOL,SIM,1,2026-08-27
2025,NOMINAL,369,GABRIEL MAGNO,PT,SIM,1,2026-08-27
2025,NOMINAL,369,IOLANDO,MDB,SIM,1,2026-08-27
2025,NOMINAL,369,JAQUELINE SILVA,MDB,SIM,1,2026-08-27
2025,NOMINAL,369,MARTINS MACHADO,REPUBLICANOS,SIM,1,2026-08-27
2025,NOMINAL,369,MAX MACIEL,PSOL,SIM,1,2026-08-27
2025,NOMINAL,369,PAULA BELMONTE,CIDADANIA,SIM,1,2026-08-27
2025,NOMINAL,369,PEPA,PP,SIM,1,2026-08-27
2025,NOMINAL,369,RICARDO VALE,PT,SIM,1,2026-08-27
2025,NOMINAL,369,WELLINGTON LUIZ,MDB,SIM,1,2026-08-27
2025,NOMINAL,2120,CHICO VIGILANTE,PT,SIM,1,2026-08-27
2025,NOMINAL,2120,DAYSE AMARILIO,PSB,SIM,1,2026-08-27
2025,NOMINAL,2120,EDUARDO PEDROSA,UNIÃO,SIM,1,2026-08-27
2025,NOMINAL,2120,FÁBIO FELIX,PSOL,SIM,1,2026-08-27
2025,NOMINAL,2120,GABRIEL MAGNO,PT,SIM,1,2026-08-27
2025,NOMINAL,2120,HERMETO,MDB,SIM,1,2026-08-27
2025,NOMINAL,2120,IOLANDO,MDB,SIM,1,2026-08-27
2025,NOMINAL,2120,JAQUELINE SILVA,MDB,SIM,1,2026-08-27
2025,NOMINAL,2120,JOAQUIM RORIZ NETO,PL,SIM,1,2026-08-27
2025,NOMINAL,2120,JOÃO CARDOSO,AVANTE,SIM,1,2026-08-27
2025,NOMINAL,2120,MARTINS MACHADO,REPUBLICANOS,SIM,1,2026-08-27
2025,NOMINAL,2120,MAX MACIEL,PSOL,SIM,1,2026-08-27
2025,NOMINAL,2120,PASTOR DANIEL DE CASTRO,PP,SIM,1,2026-08-27
2025,NOMINAL,2120,PAULA BELMONTE,CIDADANIA,SIM,1,2026-08-27
2025,NOMINAL,2120,PEPA,PP,SIM,1,2026-08-27
2025,NOMINAL,2120,RICARDO VALE,PT,SIM,1,2026-08-27
2025,NOMINAL,2120,ROGERIO MORRO DA CRUZ,PRD,SIM,1,2026-08-27
2025,NOMINAL,2120,ROOSEVELT VILELA,PL,SIM,1,2026-08-27
2025,NOMINAL,2120,THIAGO MANZONI,PL,SIM,1,2026-08-27
2025,NOMINAL,2120,WELLINGTON LUIZ,MDB,SIM,1,2026-08-27
2025,NOMINAL,2121,DAYSE AMARILIO,PSB,SIM,1,2026-08-27
2025,NOMINAL,2121,EDUARDO PEDROSA,UNIÃO,SIM,1,2026-08-27
2025,NOMINAL,2121,FÁBIO FELIX,PSOL,SIM,1,2026-08-27
2025,NOMINAL,2121,GABRIEL MAGNO,PT,SIM,1,2026-08-27
2025,NOMINAL,2121,HERMETO,MDB,SIM,1,2026-08-27
2025,NOMINAL,2121,IOLANDO,MDB,SIM,1,2026-08-27
2025,NOMINAL,2121,JAQUELINE SILVA,MDB,SIM,1,2026-08-27
2025,NOMINAL,2121,JOAQUIM RORIZ NETO,PL,SIM,1,2026-08-27
2025,NOMINAL,2121,JOÃO CARDOSO,AVANTE,SIM,1,2026-08-27
2025,NOMINAL,2121,MARTINS MACHADO,REPUBLICANOS,SIM,1,2026-08-27
2025,NOMINAL,2121,MAX MACIEL,PSOL,SIM,1,2026-08-27
2025,NOMINAL,2121,PASTOR DANIEL DE CASTRO,PP,SIM,1,2026-08-27
2025,NOMINAL,2121,PAULA BELMONTE,CIDADANIA,SIM,1,2026-08-27
2025,NOMINAL,2121,RICARDO VALE,PT,SIM,1,2026-08-27
2025,NOMINAL,2121,ROGERIO MORRO DA CRUZ,PRD,SIM,1,2026-08-27
2025,NOMINAL,2121,THIAGO MANZONI,PL,SIM,1,2026-08-27
2025,NOMINAL,2121,WELLINGTON LUIZ,MDB,SIM,1,2026-08-27
2025,NOMINAL,2141,CHICO VIGILANTE,PT,NAO,1,2026-08-27
2025,NOMINAL,2141,DAYSE AMARILIO,PSB,ABSTENCAO,1,2026-08-27
2025,NOMINAL,2141,EDUARDO PEDROSA,UNIÃO,NAO,1,2026-08-27
2025,NOMINAL,2141,FÁBIO FELIX,PSOL,ABSTENCAO,1,2026-08-27
2025,NOMINAL,2141,GABRIEL MAGNO,PT,NAO,1,2026-08-27
2025,NOMINAL,2141,HERMETO,MDB,NAO,1,2026-08-27
2025,NOMINAL,2141,IOLANDO,MDB,NAO,1,2026-08-27
2025,NOMINAL,2141,JAQUELINE SILVA,MDB,NAO,1,2026-08-27
2025,NOMINAL,2141,JOAQUIM RORIZ NETO,PL,NAO,1,2026-08-27
2025,NOMINAL,2141,JOÃO CARDOSO,AVANTE,NAO,1,2026-08-27
2025,NOMINAL,2141,MAX MACIEL,PSOL,ABSTENCAO,1,2026-08-27
2025,NOMINAL,2141,PASTOR DANIEL DE CASTRO,PP,NAO,1,2026-08-27
2025,NOMINAL,2141,PAULA BELMONTE,CIDADANIA,NAO,1,2026-08-27
2025,NOMINAL,2141,RICARDO VALE,PT,NAO,1,2026-08-27
2025,NOMINAL,2141,ROGERIO MORRO DA CRUZ,PRD,NAO,1,2026-08-27
2025,NOMINAL,2141,ROOSEVELT VILELA,PL,NAO,1,2026-08-27
2025,NOMINAL,2141,THIAGO MANZONI,PL,NAO,1,2026-08-27
2025,NOMINAL,2141,WELLINGTON LUIZ,MDB,NAO,1,2026-08-27
2025,NOMINAL,2146,CHICO VIGILANTE,PT,NAO,1,2026-08-27
2025,NOMINAL,2146,DANIEL DONIZET,MDB,SIM,1,2026-08-27
2025,NOMINAL,2146,DAYSE AMARILIO,PSB,NAO,1,2026-08-27
2025,NOMINAL,2146,EDUARDO PEDROSA,UNIÃO,SIM,1,2026-08-27
2025,NOMINAL,2146,FÁBIO FELIX,PSOL,NAO,1,2026-08-27
2025,NOMINAL,2146,GABRIEL MAGNO,PT,NAO,1,2026-08-27
2025,NOMINAL,2146,HERMETO,MDB,SIM,1,2026-08-27
2025,NOMINAL,2146,IOLANDO,MDB,SIM,1,2026-08-27
2025,NOMINAL,2146,JAQUELINE SILVA,MDB,SIM,1,2026-08-27
2025,NOMINAL,2146,JOAQUIM RORIZ NETO,PL,SIM,1,2026-08-27
2025,NOMINAL,2146,JORGE VIANNA,PSD,SIM,1,2026-08-27
2025,NOMINAL,2146,MARTINS MACHADO,REPUBLICANOS,SIM,1,2026-08-27
2025,NOMINAL,2146,MAX MACIEL,PSOL,NAO,1,2026-08-27
2025,NOMINAL,2146,PASTOR DANIEL DE CASTRO,PP,SIM,1,2026-08-27
2025,NOMINAL,2146,PAULA BELMONTE,CIDADANIA,SIM,1,2026-08-27
2025,NOMINAL,2146,PEPA,PP,SIM,1,2026-08-27
2025,NOMINAL,2146,RICARDO VALE,PT,NAO,1,2026-08-27
2025,NOMINAL,2146,ROBÉRIO NEGREIROS,PSD,SIM,1,2026-08-27
2025,NOMINAL,2146,ROGERIO MORRO DA CRUZ,PRD,SIM,1,2026-08-27
2025,NOMINAL,2146,ROOSEVELT VILELA,PL,SIM,1,2026-08-27
2025,NOMINAL,2146,WELLINGTON LUIZ,MDB,SIM,1,2026-08-27
2025,NOMINAL,2147,CHICO VIGILANTE,PT,NAO,1,2026-08-27
2025,NOMINAL,2147,DANIEL DONIZET,MDB,SIM,1,2026-08-27
2025,NOMINAL,2147,DAYSE AMARILIO,PSB,NAO,1,2026-08-27
2025,NOMINAL,2147,EDUARDO PEDROSA,UNIÃO,SIM,1,2026-08-27
2025,NOMINAL,2147,FÁBIO FELIX,PSOL,NAO,1,2026-08-27
2025,NOMINAL,2147,GABRIEL MAGNO,PT,NAO,1,2026-08-27
2025,NOMINAL,2147,HERMETO,MDB,SIM,1,2026-08-27
2025,NOMINAL,2147,IOLANDO,MDB,SIM,1,2026-08-27
2025,NOMINAL,2147,JAQUELINE SILVA,MDB,SIM,1,2026-08-27
2025,NOMINAL,2147,JORGE VIANNA,PSD,SIM,1,2026-08-27
2025,NOMINAL,2147,MARTINS MACHADO,REPUBLICANOS,SIM,1,2026-08-27
2025,NOMINAL,2147,MAX MACIEL,PSOL,NAO,1,2026-08-27
2025,NOMINAL,2147,PASTOR DANIEL DE CASTRO,PP,SIM,1,2026-08-27
2025,NOMINAL,2147,PAULA BELMONTE,CIDADANIA,SIM,1,2026-08-27
2025,NOMINAL,2147,PEPA,PP,SIM,1,2026-08-27
2025,NOMINAL,2147,RICARDO VALE,PT,NAO,1,2026-08-27
2025,NOMINAL,2147,ROGERIO MORRO DA CRUZ,PRD,SIM,1,2026-08-27
2025,NOMINAL,2147,ROOSEVELT VILELA,PL,SIM,1,2026-08-27
2025,NOMINAL,2147,THIAGO MANZONI,PL,SIM,1,2026-08-27
2025,NOMINAL,2147,WELLINGTON LUIZ,MDB,SIM,1,2026-08-27
2025,NOMINAL,2152,CHICO VIGILANTE,PT,SIM,1,2026-08-27
2025,NOMINAL,2152,DANIEL DONIZET,MDB,SIM,1,2026-08-27
2025,NOMINAL,2152,EDUARDO PEDROSA,UNIÃO,SIM,1,2026-08-27
2025,NOMINAL,2152,FÁBIO FELIX,PSOL,SIM,1,2026-08-27
2025,NOMINAL,2152,GABRIEL MAGNO,PT,SIM,1,2026-08-27
2025,NOMINAL,2152,HERMETO,MDB,SIM,1,2026-08-27
2025,NOMINAL,2152,IOLANDO,MDB,SIM,1,2026-08-27
2025,NOMINAL,2152,JAQUELINE SILVA,MDB,SIM,1,2026-08-27
2025,NOMINAL,2152,JORGE VIANNA,PSD,SIM,1,2026-08-27
2025,NOMINAL,2152,MARTINS MACHADO,REPUBLICANOS,SIM,1,2026-08-27
2025,NOMINAL,2152,MAX MACIEL,PSOL,SIM,1,2026-08-27
2025,NOMINAL,2152,PASTOR DANIEL DE CASTRO,PP,SIM,1,2026-08-27
2025,NOMINAL,2152,PEPA,PP,SIM,1,2026-08-27
2025,NOMINAL,2152,RICARDO VALE,PT,SIM,1,2026-08-27
2025,NOMINAL,2152,ROGERIO MORRO DA CRUZ,PRD,SIM,1,2026-08-27
2025,NOMINAL,2152,THIAGO MANZONI,PL,SIM,1,2026-08-27
2025,NOMINAL,2152,WELLINGTON LUIZ,MDB,SIM,1,2026-08-27
2025,NOMINAL,2153,CHICO VIGILANTE,PT,ABSTENCAO,1,2026-08-27
2025,NOMINAL,2153,DANIEL DONIZET,MDB,SIM,1,2026-08-27
2025,NOMINAL,2153,DAYSE AMARILIO,PSB,NAO,1,2026-08-27
2025,NOMINAL,2153,EDUARDO PEDROSA,UNIÃO,SIM,1,2026-08-27
2025,NOMINAL,2153,FÁBIO FELIX,PSOL,NAO,1,2026-08-27
2025,NOMINAL,2153,GABRIEL MAGNO,PT,NAO,1,2026-08-27
2025,NOMINAL,2153,HERMETO,MDB,SIM,1,2026-08-27
2025,NOMINAL,2153,IOLANDO,MDB,SIM,1,2026-08-27
2025,NOMINAL,2153,JAQUELINE SILVA,MDB,SIM,1,2026-08-27
2025,NOMINAL,2153,JOAQUIM RORIZ NETO,PL,SIM,1,2026-08-27
2025,NOMINAL,2153,JORGE VIANNA,PSD,SIM,1,2026-08-27
2025,NOMINAL,2153,MARTINS MACHADO,REPUBLICANOS,SIM,1,2026-08-27
2025,NOMINAL,2153,MAX MACIEL,PSOL,NAO,1,2026-08-27
2025,NOMINAL,2153,PASTOR DANIEL DE CASTRO,PP,SIM,1,2026-08-27
2025,NOMINAL,2153,PAULA BELMONTE,CIDADANIA,NAO,1,2026-08-27
2025,NOMINAL,2153,PEPA,PP,SIM,1,2026-08-27
2025,NOMINAL,2153,RICARDO VALE,PT,ABSTENCAO,1,2026-08-27
2025,NOMINAL,2153,ROGERIO MORRO DA CRUZ,PRD,SIM,1,2026-08-27
2025,NOMINAL,2153,WELLINGTON LUIZ,MDB,SIM,1,2026-08-27
2025,NOMINAL,2164,CHICO VIGILANTE,PT,SIM,1,2026-08-27
2025,NOMINAL,2164,DAYSE AMARILIO,PSB,ABSTENCAO,1,2026-08-27
2025,NOMINAL,2164,DOUTORA JANE,MDB,SIM,1,2026-08-27
2025,NOMINAL,2164,EDUARDO PEDROSA,UNIÃO,SIM,1,2026-08-27
2025,NOMINAL,2164,FÁBIO FELIX,PSOL,ABSTENCAO,1,2026-08-27
2025,NOMINAL,2164,GABRIEL MAGNO,PT,SIM,1,2026-08-27
2025,NOMINAL,2164,HERMETO,MDB,SIM,1,2026-08-27
2025,NOMINAL,2164,IOLANDO,MDB,SIM,1,2026-08-27
2025,NOMINAL,2164,JAQUELINE SILVA,MDB,SIM,1,2026-08-27
2025,NOMINAL,2164,MARTINS MACHADO,REPUBLICANOS,SIM,1,2026-08-27
2025,NOMINAL,2164,MAX MACIEL,PSOL,ABSTENCAO,1,2026-08-27
2025,NOMINAL,2164,PASTOR DANIEL DE CASTRO,PP,SIM,1,2026-08-27
2025,NOMINAL,2164,PAULA BELMONTE,CIDADANIA,SIM,1,2026-08-27
2025,NOMINAL,2164,PEPA,PP,SIM,1,2026-08-27
2025,NOMINAL,2164,RICARDO VALE,PT,SIM,1,2026-08-27
2025,NOMINAL,2164,ROBÉRIO NEGREIROS,PSD,SIM,1,2026-08-27
2025,NOMINAL,2164,ROOSEVELT VILELA,PL,SIM,1,2026-08-27
2025,NOMINAL,2164,THIAGO MANZONI,PL,SIM,1,2026-08-27
2025,NOMINAL,2164,WELLINGTON LUIZ,MDB,SIM,1,2026-08-27
2025,NOMINAL,2166,CHICO VIGILANTE,PT,SIM,1,2026-08-27
2025,NOMINAL,2166,DAYSE AMARILIO,PSB,ABSTENCAO,1,2026-08-27
2025,NOMINAL,2166,DOUTORA JANE,MDB,SIM,1,2026-08-27
2025,NOMINAL,2166,EDUARDO PEDROSA,UNIÃO,SIM,1,2026-08-27
2025,NOMINAL,2166,FÁBIO FELIX,PSOL,ABSTENCAO,1,2026-08-27
2025,NOMINAL,2166,GABRIEL MAGNO,PT,SIM,1,2026-08-27
2025,NOMINAL,2166,HERMETO,MDB,SIM,1,2026-08-27
2025,NOMINAL,2166,IOLANDO,MDB,SIM,1,2026-08-27
2025,NOMINAL,2166,JAQUELINE SILVA,MDB,SIM,1,2026-08-27
2025,NOMINAL,2166,JOAQUIM RORIZ NETO,PL,SIM,1,2026-08-27
2025,NOMINAL,2166,JORGE VIANNA,PSD,SIM,1,2026-08-27
2025,NOMINAL,2166,MARTINS MACHADO,REPUBLICANOS,SIM,1,2026-08-27
2025,NOMINAL,2166,MAX MACIEL,PSOL,ABSTENCAO,1,2026-08-27
2025,NOMINAL,2166,PASTOR DANIEL DE CASTRO,PP,SIM,1,2026-08-27
2025,NOMINAL,2166,PAULA BELMONTE,CIDADANIA,SIM,1,2026-08-27
2025,NOMINAL,2166,PEPA,PP,SIM,1,2026-08-27
2025,NOMINAL,2166,RICARDO VALE,PT,SIM,1,2026-08-27
2025,NOMINAL,2166,ROBÉRIO NEGREIROS,PSD,SIM,1,2026-08-27
2025,NOMINAL,2166,ROOSEVELT VILELA,PL,SIM,1,2026-08-27
2025,NOMINAL,2166,THIAGO MANZONI,PL,SIM,1,2026-08-27
2025,NOMINAL,2166,WELLINGTON LUIZ,MDB,SIM,1,2026-08-27
2025,NOMINAL,2169,CHICO VIGILANTE,PT,SIM,1,2026-08-27
2025,NOMINAL,2169,DAYSE AMARILIO,PSB,SIM,1,2026-08-27
2025,NOMINAL,2169,DOUTORA JANE,MDB,SIM,1,2026-08-27
2025,NOMINAL,2169,EDUARDO PEDROSA,UNIÃO,SIM,1,2026-08-27
2025,NOMINAL,2169,FÁBIO FELIX,PSOL,SIM,1,2026-08-27
2025,NOMINAL,2169,GABRIEL MAGNO,PT,SIM,1,2026-08-27
2025,NOMINAL,2169,HERMETO,MDB,SIM,1,2026-08-27
2025,NOMINAL,2169,IOLANDO,MDB,SIM,1,2026-08-27
2025,NOMINAL,2169,JAQUELINE SILVA,MDB,SIM,1,2026-08-27
2025,NOMINAL,2169,JOAQUIM RORIZ NETO,PL,SIM,1,2026-08-27
2025,NOMINAL,2169,MAX MACIEL,PSOL,SIM,1,2026-08-27
2025,NOMINAL,2169,PASTOR DANIEL DE CASTRO,PP,SIM,1,2026-08-27
2025,NOMINAL,2169,PAULA BELMONTE,CIDADANIA,SIM,1,2026-08-27
2025,NOMINAL,2169,PEPA,PP,SIM,1,2026-08-27
2025,NOMINAL,2169,RICARDO VALE,PT,SIM,1,2026-08-27
2025,NOMINAL,2169,ROBÉRIO NEGREIROS,PSD,SIM,1,2026-08-27
2025,NOMINAL,2169,ROOSEVELT VILELA,PL,SIM,1,2026-08-27
2025,NOMINAL,2169,THIAGO MANZONI,PL,SIM,1,2026-08-27
2025,NOMINAL,2169,WELLINGTON LUIZ,MDB,SIM,1,2026-08-27
2025,NOMINAL,2174,CHICO VIGILANTE,PT,SIM,1,2026-08-27
2025,NOMINAL,2174,DAYSE AMARILIO,PSB,SIM,1,2026-08-27
2025,NOMINAL,2174,DOUTORA JANE,MDB,SIM,1,2026-08-27
2025,NOMINAL,2174,EDUARDO PEDROSA,UNIÃO,SIM,1,2026-08-27
2025,NOMINAL,2174,FÁBIO FELIX,PSOL,SIM,1,2026-08-27
2025,NOMINAL,2174,GABRIEL MAGNO,PT,SIM,1,2026-08-27
2025,NOMINAL,2174,HERMETO,MDB,SIM,1,2026-08-27
2025,NOMINAL,2174,IOLANDO,MDB,SIM,1,2026-08-27
2025,NOMINAL,2174,JAQUELINE SILVA,MDB,SIM,1,2026-08-27
2025,NOMINAL,2174,JOAQUIM RORIZ NETO,PL,SIM,1,2026-08-27
2025,NOMINAL,2174,MARTINS MACHADO,REPUBLICANOS,SIM,1,2026-08-27
2025,NOMINAL,2174,MAX MACIEL,PSOL,SIM,1,2026-08-27
2025,NOMINAL,2174,PASTOR DANIEL DE CASTRO,PP,ABSTENCAO,1,2026-08-27
2025,NOMINAL,2174,PEPA,PP,SIM,1,2026-08-27
2025,NOMINAL,2174,RICARDO VALE,PT,SIM,1,2026-08-27
2025,NOMINAL,2174,THIAGO MANZONI,PL,ABSTENCAO,1,2026-08-27
2025,NOMINAL,2174,WELLINGTON LUIZ,MDB,SIM,1,2026-08-27
2025,NOMINAL,2189,CHICO VIGILANTE,PT,SIM,1,2026-08-27
2025,NOMINAL,2189,DOUTORA JANE,MDB,SIM,1,2026-08-27
2025,NOMINAL,2189,EDUARDO PEDROSA,UNIÃO,SIM,1,2026-08-27
2025,NOMINAL,2189,FÁBIO FELIX,PSOL,SIM,1,2026-08-27
2025,NOMINAL,2189,GABRIEL MAGNO,PT,SIM,1,2026-08-27
2025,NOMINAL,2189,HERMETO,MDB,SIM,1,2026-08-27
2025,NOMINAL,2189,IOLANDO,MDB,SIM,1,2026-08-27
2025,NOMINAL,2189,JAQUELINE SILVA,MDB,SIM,1,2026-08-27
2025,NOMINAL,2189,JOAQUIM RORIZ NETO,PL,SIM,1,2026-08-27
2025,NOMINAL,2189,JORGE VIANNA,PSD,SIM,1,2026-08-27
2025,NOMINAL,2189,MARTINS MACHADO,REPUBLICANOS,SIM,1,2026-08-27
2025,NOMINAL,2189,MAX MACIEL,PSOL,SIM,1,2026-08-27
2025,NOMINAL,2189,PASTOR DANIEL DE CASTRO,PP,SIM,1,2026-08-27
2025,NOMINAL,2189,RICARDO VALE,PT,SIM,1,2026-08-27
2025,NOMINAL,2189,ROGERIO MORRO DA CRUZ,PRD,SIM,1,2026-08-27
2025,NOMINAL,2189,ROOSEVELT VILELA,PL,SIM,1,2026-08-27
2025,NOMINAL,2189,THIAGO MANZONI,PL,SIM,1,2026-08-27
2025,NOMINAL,2189,WELLINGTON LUIZ,MDB,SIM,1,2026-08-27
2025,NOMINAL,2191,CHICO VIGILANTE,PT,SIM,1,2026-08-27
2025,NOMINAL,2191,DOUTORA JANE,MDB,SIM,1,2026-08-27
2025,NOMINAL,2191,EDUARDO PEDROSA,UNIÃO,SIM,1,2026-08-27
2025,NOMINAL,2191,FÁBIO FELIX,PSOL,SIM,1,2026-08-27
2025,NOMINAL,2191,GABRIEL MAGNO,PT,SIM,1,2026-08-27
2025,NOMINAL,2191,HERMETO,MDB,SIM,1,2026-08-27
2025,NOMINAL,2191,IOLANDO,MDB,SIM,1,2026-08-27
2025,NOMINAL,2191,JAQUELINE SILVA,MDB,SIM,1,2026-08-27
2025,NOMINAL,2191,JOAQUIM RORIZ NETO,PL,SIM,1,2026-08-27
2025,NOMINAL,2191,MARTINS MACHADO,REPUBLICANOS,SIM,1,2026-08-27
2025,NOMINAL,2191,MAX MACIEL,PSOL,SIM,1,2026-08-27
2025,NOMINAL,2191,RICARDO VALE,PT,SIM,1,2026-08-27
2025,NOMINAL,2191,ROGERIO MORRO DA CRUZ,PRD,SIM,1,2026-08-27
2025,NOMINAL,2191,ROOSEVELT VILELA,PL,SIM,1,2026-08-27
2025,NOMINAL,2191,WELLINGTON LUIZ,MDB,SIM,1,2026-08-27
2025,NOMINAL,2195,CHICO VIGILANTE,PT,NAO,1,2026-08-27
2025,NOMINAL,2195,DAYSE AMARILIO,PSB,NAO,1,2026-08-27
2025,NOMINAL,2195,DOUTORA JANE,MDB,NAO,1,2026-08-27
2025,NOMINAL,2195,FÁBIO FELIX,PSOL,NAO,1,2026-08-27
2025,NOMINAL,2195,GABRIEL MAGNO,PT,NAO,1,2026-08-27
2025,NOMINAL,2195,IOLANDO,MDB,NAO,1,2026-08-27
2025,NOMINAL,2195,JAQUELINE SILVA,MDB,NAO,1,2026-08-27
2025,NOMINAL,2195,JOAQUIM RORIZ NETO,PL,NAO,1,2026-08-27
2025,NOMINAL,2195,JOÃO CARDOSO,AVANTE,NAO,1,2026-08-27
2025,NOMINAL,2195,MAX MACIEL,PSOL,NAO,1,2026-08-27
2025,NOMINAL,2195,PAULA BELMONTE,CIDADANIA,NAO,1,2026-08-27
2025,NOMINAL,2195,RICARDO VALE,PT,NAO,1,2026-08-27
2025,NOMINAL,2195,ROGERIO MORRO DA CRUZ,PRD,NAO,1,2026-08-27
2025,NOMINAL,2195,ROOSEVELT VILELA,PL,NAO,1,2026-08-27
2025,NOMINAL,2195,THIAGO MANZONI,PL,NAO,1,2026-08-27
2025,NOMINAL,2195,WELLINGTON LUIZ,MDB,NAO,1,2026-08-27
2025,NOMINAL,2196,CHICO VIGILANTE,PT,SIM,1,2026-08-27
2025,NOMINAL,2196,DAYSE AMARILIO,PSB,SIM,1,2026-08-27
2025,NOMINAL,2196,DOUTORA JANE,MDB,SIM,1,2026-08-27
2025,NOMINAL,2196,EDUARDO PEDROSA,UNIÃO,SIM,1,2026-08-27
2025,NOMINAL,2196,FÁBIO FELIX,PSOL,SIM,1,2026-08-27
2025,NOMINAL,2196,GABRIEL MAGNO,PT,SIM,1,2026-08-27
2025,NOMINAL,2196,IOLANDO,MDB,SIM,1,2026-08-27
2025,NOMINAL,2196,JAQUELINE SILVA,MDB,SIM,1,2026-08-27
2025,NOMINAL,2196,JOAQUIM RORIZ NETO,PL,SIM,1,2026-08-27
2025,NOMINAL,2196,MARTINS MACHADO,REPUBLICANOS,SIM,1,2026-08-27
2025,NOMINAL,2196,MAX MACIEL,PSOL,SIM,1,2026-08-27
2025,NOMINAL,2196,PAULA BELMONTE,CIDADANIA,SIM,1,2026-08-27
2025,NOMINAL,2196,RICARDO VALE,PT,SIM,1,2026-08-27
2025,NOMINAL,2196,ROGERIO MORRO DA CRUZ,PRD,SIM,1,2026-08-27
2025,NOMINAL,2196,WELLINGTON LUIZ,MDB,SIM,1,2026-08-27
2025,NOMINAL,2211,CHICO VIGILANTE,PT,SIM,1,2026-08-27
2025,NOMINAL,2211,EDUARDO PEDROSA,UNIÃO,SIM,1,2026-08-27
2025,NOMINAL,2211,FÁBIO FELIX,PSOL,SIM,1,2026-08-27
2025,NOMINAL,2211,GABRIEL MAGNO,PT,SIM,1,2026-08-27
2025,NOMINAL,2211,HERMETO,MDB,SIM,1,2026-08-27
2025,NOMINAL,2211,IOLANDO,MDB,SIM,1,2026-08-27
2025,NOMINAL,2211,JAQUELINE SILVA,MDB,SIM,1,2026-08-27
2025,NOMINAL,2211,JOAQUIM RORIZ NETO,PL,SIM,1,2026-08-27
2025,NOMINAL,2211,JORGE VIANNA,PSD,SIM,1,2026-08-27
2025,NOMINAL,2211,MARTINS MACHADO,REPUBLICANOS,SIM,1,2026-08-27
2025,NOMINAL,2211,MAX MACIEL,PSOL,SIM,1,2026-08-27
2025,NOMINAL,2211,PASTOR DANIEL DE CASTRO,PP,SIM,1,2026-08-27
2025,NOMINAL,2211,RICARDO VALE,PT,SIM,1,2026-08-27
2025,NOMINAL,2211,ROGERIO MORRO DA CRUZ,PRD,SIM,1,2026-08-27
2025,NOMINAL,2211,ROOSEVELT VILELA,PL,SIM,1,2026-08-27
2025,NOMINAL,2211,THIAGO MANZONI,PL,SIM,1,2026-08-27
2025,NOMINAL,2211,WELLINGTON LUIZ,MDB,SIM,1,2026-08-27
2025,NOMINAL,2212,CHICO VIGILANTE,PT,SIM,1,2026-08-27
2025,NOMINAL,2212,DOUTORA JANE,MDB,NAO,1,2026-08-27
2025,NOMINAL,2212,EDUARDO PEDROSA,UNIÃO,NAO,1,2026-08-27
2025,NOMINAL,2212,FÁBIO FELIX,PSOL,NAO,1,2026-08-27
2025,NOMINAL,2212,GABRIEL MAGNO,PT,SIM,1,2026-08-27
2025,NOMINAL,2212,HERMETO,MDB,NAO,1,2026-08-27
2025,NOMINAL,2212,IOLANDO,MDB,NAO,1,2026-08-27
2025,NOMINAL,2212,JAQUELINE SILVA,MDB,NAO,1,2026-08-27
2025,NOMINAL,2212,JOAQUIM RORIZ NETO,PL,NAO,1,2026-08-27
2025,NOMINAL,2212,JORGE VIANNA,PSD,NAO,1,2026-08-27
2025,NOMINAL,2212,MARTINS MACHADO,REPUBLICANOS,NAO,1,2026-08-27
2025,NOMINAL,2212,MAX MACIEL,PSOL,NAO,1,2026-08-27
2025,NOMINAL,2212,PASTOR DANIEL DE CASTRO,PP,NAO,1,2026-08-27
2025,NOMINAL,2212,RICARDO VALE,PT,SIM,1,2026-08-27
2025,NOMINAL,2212,ROGERIO MORRO DA CRUZ,PRD,NAO,1,2026-08-27
2025,NOMINAL,2212,ROOSEVELT VILELA,PL,NAO,1,2026-08-27
2025,NOMINAL,2212,THIAGO MANZONI,PL,NAO,1,2026-08-27
2025,NOMINAL,2212,WELLINGTON LUIZ,MDB,NAO,1,2026-08-27
2025,NOMINAL,2224,CHICO VIGILANTE,PT,SIM,1,2026-08-27
2025,NOMINAL,2224,DAYSE AMARILIO,PSB,SIM,1,2026-08-27
2025,NOMINAL,2224,DOUTORA JANE,MDB,SIM,1,2026-08-27
2025,NOMINAL,2224,EDUARDO PEDROSA,UNIÃO,SIM,1,2026-08-27
2025,NOMINAL,2224,FÁBIO FELIX,PSOL,SIM,1,2026-08-27
2025,NOMINAL,2224,GABRIEL MAGNO,PT,SIM,1,2026-08-27
2025,NOMINAL,2224,IOLANDO,MDB,SIM,1,2026-08-27
2025,NOMINAL,2224,JAQUELINE SILVA,MDB,SIM,1,2026-08-27
2025,NOMINAL,2224,JOAQUIM RORIZ NETO,PL,SIM,1,2026-08-27
2025,NOMINAL,2224,JOÃO CARDOSO,AVANTE,SIM,1,2026-08-27
2025,NOMINAL,2224,MARTINS MACHADO,REPUBLICANOS,SIM,1,2026-08-27
2025,NOMINAL,2224,MAX MACIEL,PSOL,SIM,1,2026-08-27
2025,NOMINAL,2224,PASTOR DANIEL DE CASTRO,PP,SIM,1,2026-08-27
2025,NOMINAL,2224,PAULA BELMONTE,CIDADANIA,SIM,1,2026-08-27
2025,NOMINAL,2224,PEPA,PP,SIM,1,2026-08-27
2025,NOMINAL,2224,RICARDO VALE,PT,SIM,1,2026-08-27
2025,NOMINAL,2224,ROGERIO MORRO DA CRUZ,PRD,SIM,1,2026-08-27
2025,NOMINAL,2224,THIAGO MANZONI,PL,SIM,1,2026-08-27
2025,NOMINAL,2224,WELLINGTON LUIZ,MDB,SIM,1,2026-08-27
2025,NOMINAL,2225,CHICO VIGILANTE,PT,SIM,1,2026-08-27
2025,NOMINAL,2225,DAYSE AMARILIO,PSB,SIM,1,2026-08-27
2025,NOMINAL,2225,DOUTORA JANE,MDB,SIM,1,2026-08-27
2025,NOMINAL,2225,EDUARDO PEDROSA,UNIÃO,SIM,1,2026-08-27
2025,NOMINAL,2225,FÁBIO FELIX,PSOL,SIM,1,2026-08-27
2025,NOMINAL,2225,GABRIEL MAGNO,PT,SIM,1,2026-08-27
2025,NOMINAL,2225,HERMETO,MDB,SIM,1,2026-08-27
2025,NOMINAL,2225,IOLANDO,MDB,SIM,1,2026-08-27
2025,NOMINAL,2225,JAQUELINE SILVA,MDB,SIM,1,2026-08-27
2025,NOMINAL,2225,JOAQUIM RORIZ NETO,PL,SIM,1,2026-08-27
2025,NOMINAL,2225,JORGE VIANNA,PSD,SIM,1,2026-08-27
2025,NOMINAL,2225,JOÃO CARDOSO,AVANTE,SIM,1,2026-08-27
2025,NOMINAL,2225,PASTOR DANIEL DE CASTRO,PP,SIM,1,2026-08-27
2025,NOMINAL,2225,PAULA BELMONTE,CIDADANIA,SIM,1,2026-08-27
2025,NOMINAL,2225,PEPA,PP,SIM,1,2026-08-27
2025,NOMINAL,2225,ROBÉRIO NEGREIROS,PSD,SIM,1,2026-08-27
2025,NOMINAL,2225,ROGERIO MORRO DA CRUZ,PRD,SIM,1,2026-08-27
2025,NOMINAL,2225,ROOSEVELT VILELA,PL,SIM,1,2026-08-27
2025,NOMINAL,2225,THIAGO MANZONI,PL,SIM,1,2026-08-27
2025,NOMINAL,2225,WELLINGTON LUIZ,MDB,SIM,1,2026-08-27
2025,NOMINAL,2265,CHICO VIGILANTE,PT,SIM,1,2026-08-27
2025,NOMINAL,2265,DANIEL DONIZET,MDB,SIM,1,2026-08-27
2025,NOMINAL,2265,DAYSE AMARILIO,PSB,SIM,1,2026-08-27
2025,NOMINAL,2265,DOUTORA JANE,MDB,SIM,1,2026-08-27
2025,NOMINAL,2265,EDUARDO PEDROSA,UNIÃO,SIM,1,2026-08-27
2025,NOMINAL,2265,GABRIEL MAGNO,PT,SIM,1,2026-08-27
2025,NOMINAL,2265,HERMETO,MDB,SIM,1,2026-08-27
2025,NOMINAL,2265,JAQUELINE SILVA,MDB,SIM,1,2026-08-27
2025,NOMINAL,2265,JORGE VIANNA,PSD,SIM,1,2026-08-27
2025,NOMINAL,2265,JOÃO CARDOSO,AVANTE,SIM,1,2026-08-27
2025,NOMINAL,2265,MARTINS MACHADO,REPUBLICANOS,SIM,1,2026-08-27
2025,NOMINAL,2265,MAX MACIEL,PSOL,SIM,1,2026-08-27
2025,NOMINAL,2265,PASTOR DANIEL DE CASTRO,PP,SIM,1,2026-08-27
2025,NOMINAL,2265,PEPA,PP,SIM,1,2026-08-27
2025,NOMINAL,2265,RICARDO VALE,PT,SIM,1,2026-08-27
2025,NOMINAL,2265,ROBÉRIO NEGREIROS,PSD,SIM,1,2026-08-27
2025,NOMINAL,2265,ROOSEVELT VILELA,PL,SIM,1,2026-08-27
2025,NOMINAL,2265,THIAGO MANZONI,PL,SIM,1,2026-08-27
2025,NOMINAL,2265,WELLINGTON LUIZ,MDB,SIM,1,2026-08-27
2025,NOMINAL,2266,CHICO VIGILANTE,PT,SIM,1,2026-08-27
2025,NOMINAL,2266,DANIEL DONIZET,MDB,SIM,1,2026-08-27
2025,NOMINAL,2266,DAYSE AMARILIO,PSB,SIM,1,2026-08-27
2025,NOMINAL,2266,DOUTORA JANE,MDB,SIM,1,2026-08-27
2025,NOMINAL,2266,FÁBIO FELIX,PSOL,SIM,1,2026-08-27
2025,NOMINAL,2266,HERMETO,MDB,SIM,1,2026-08-27
2025,NOMINAL,2266,JAQUELINE SILVA,MDB,SIM,1,2026-08-27
2025,NOMINAL,2266,JORGE VIANNA,PSD,SIM,1,2026-08-27
2025,NOMINAL,2266,JOÃO CARDOSO,AVANTE,SIM,1,2026-08-27
2025,NOMINAL,2266,MARTINS MACHADO,REPUBLICANOS,SIM,1,2026-08-27
2025,NOMINAL,2266,MAX MACIEL,PSOL,SIM,1,2026-08-27
2025,NOMINAL,2266,PASTOR DANIEL DE CASTRO,PP,SIM,1,2026-08-27
2025,NOMINAL,2266,PEPA,PP,SIM,1,2026-08-27
2025,NOMINAL,2266,RICARDO VALE,PT,SIM,1,2026-08-27
2025,NOMINAL,2266,ROOSEVELT VILELA,PL,SIM,1,2026-08-27
2025,NOMINAL,2266,THIAGO MANZONI,PL,SIM,1,2026-08-27
2025,NOMINAL,2266,WELLINGTON LUIZ,MDB,SIM,1,2026-08-27
2025,NOMINAL,2267,DANIEL DONIZET,MDB,SIM,1,2026-08-27
2025,NOMINAL,2267,DOUTORA JANE,MDB,SIM,1,2026-08-27
2025,NOMINAL,2267,EDUARDO PEDROSA,UNIÃO,SIM,1,2026-08-27
2025,NOMINAL,2267,HERMETO,MDB,SIM,1,2026-08-27
2025,NOMINAL,2267,IOLANDO,MDB,SIM,1,2026-08-27
2025,NOMINAL,2267,JAQUELINE SILVA,MDB,SIM,1,2026-08-27
2025,NOMINAL,2267,JORGE VIANNA,PSD,SIM,1,2026-08-27
2025,NOMINAL,2267,MARTINS MACHADO,REPUBLICANOS,SIM,1,2026-08-27
2025,NOMINAL,2267,PASTOR DANIEL DE CASTRO,PP,SIM,1,2026-08-27
2025,NOMINAL,2267,PEPA,PP,SIM,1,2026-08-27
2025,NOMINAL,2267,ROBÉRIO NEGREIROS,PSD,SIM,1,2026-08-27
2025,NOMINAL,2267,ROGERIO MORRO DA CRUZ,PRD,SIM,1,2026-08-27
2025,NOMINAL,2267,ROOSEVELT VILELA,PL,SIM,1,2026-08-27
2025,NOMINAL,2267,WELLINGTON LUIZ,MDB,SIM,1,2026-08-27
2025,NOMINAL,2268,DANIEL DONIZET,MDB,SIM,1,2026-08-27
2025,NOMINAL,2268,DOUTORA JANE,MDB,SIM,1,2026-08-27
2025,NOMINAL,2268,EDUARDO PEDROSA,UNIÃO,SIM,1,2026-08-27
2025,NOMINAL,2268,HERMETO,MDB,SIM,1,2026-08-27
2025,NOMINAL,2268,IOLANDO,MDB,SIM,1,2026-08-27
2025,NOMINAL,2268,JAQUELINE SILVA,MDB,SIM,1,2026-08-27
2025,NOMINAL,2268,JORGE VIANNA,PSD,SIM,1,2026-08-27
2025,NOMINAL,2268,MARTINS MACHADO,REPUBLICANOS,SIM,1,2026-08-27
2025,NOMINAL,2268,PASTOR DANIEL DE CASTRO,PP,SIM,1,2026-08-27
2025,NOMINAL,2268,PEPA,PP,SIM,1,2026-08-27
2025,NOMINAL,2268,ROBÉRIO NEGREIROS,PSD,SIM,1,2026-08-27
2025,NOMINAL,2268,ROGERIO MORRO DA CRUZ,PRD,SIM,1,2026-08-27
2025,NOMINAL,2268,ROOSEVELT VILELA,PL,SIM,1,2026-08-27
2025,NOMINAL,2268,WELLINGTON LUIZ,MDB,SIM,1,2026-08-27
2025,NOMINAL,2270,CHICO VIGILANTE,PT,NAO,1,2026-08-27
2025,NOMINAL,2270,DAYSE AMARILIO,PSB,SIM,1,2026-08-27
2025,NOMINAL,2270,DOUTORA JANE,MDB,SIM,1,2026-08-27
2025,NOMINAL,2270,EDUARDO PEDROSA,UNIÃO,SIM,1,2026-08-27
2025,NOMINAL,2270,FÁBIO FELIX,PSOL,NAO,1,2026-08-27
2025,NOMINAL,2270,GABRIEL MAGNO,PT,NAO,1,2026-08-27
2025,NOMINAL,2270,HERMETO,MDB,SIM,1,2026-08-27
2025,NOMINAL,2270,IOLANDO,MDB,SIM,1,2026-08-27
2025,NOMINAL,2270,JAQUELINE SILVA,MDB,SIM,1,2026-08-27
2025,NOMINAL,2270,JOAQUIM RORIZ NETO,PL,SIM,1,2026-08-27
2025,NOMINAL,2270,JORGE VIANNA,PSD,SIM,1,2026-08-27
2025,NOMINAL,2270,JOÃO CARDOSO,AVANTE,SIM,1,2026-08-27
2025,NOMINAL,2270,MARTINS MACHADO,REPUBLICANOS,SIM,1,2026-08-27
2025,NOMINAL,2270,PASTOR DANIEL DE CASTRO,PP,SIM,1,2026-08-27
2025,NOMINAL,2270,PAULA BELMONTE,CIDADANIA,NAO,1,2026-08-27
2025,NOMINAL,2270,PEPA,PP,SIM,1,2026-08-27
2025,NOMINAL,2270,ROBÉRIO NEGREIROS,PSD,SIM,1,2026-08-27
2025,NOMINAL,2270,ROGERIO MORRO DA CRUZ,PRD,SIM,1,2026-08-27
2025,NOMINAL,2270,ROOSEVELT VILELA,PL,SIM,1,2026-08-27
2025,NOMINAL,2270,THIAGO MANZONI,PL,SIM,1,2026-08-27
2025,NOMINAL,2270,WELLINGTON LUIZ,MDB,SIM,1,2026-08-27
2025,NOMINAL,2299,CHICO VIGILANTE,PT,SIM,1,2026-08-27
2025,NOMINAL,2299,DANIEL DONIZET,MDB,SIM,1,2026-08-27
2025,NOMINAL,2299,DOUTORA JANE,MDB,SIM,1,2026-08-27
2025,NOMINAL,2299,EDUARDO PEDROSA,UNIÃO,SIM,1,2026-08-27
2025,NOMINAL,2299,FÁBIO FELIX,PSOL,SIM,1,2026-08-27
2025,NOMINAL,2299,GABRIEL MAGNO,PT,SIM,1,2026-08-27
2025,NOMINAL,2299,JAQUELINE SILVA,MDB,SIM,1,2026-08-27
2025,NOMINAL,2299,JORGE VIANNA,PSD,SIM,1,2026-08-27
2025,NOMINAL,2299,MARTINS MACHADO,REPUBLICANOS,SIM,1,2026-08-27
2025,NOMINAL,2299,MAX MACIEL,PSOL,SIM,1,2026-08-27
2025,NOMINAL,2299,PASTOR DANIEL DE CASTRO,PP,SIM,1,2026-08-27
2025,NOMINAL,2299,PEPA,PP,SIM,1,2026-08-27
2025,NOMINAL,2299,RICARDO VALE,PT,SIM,1,2026-08-27
2025,NOMINAL,2299,ROGERIO MORRO DA CRUZ,PRD,SIM,1,2026-08-27
2025,NOMINAL,2299,THIAGO MANZONI,PL,SIM,1,2026-08-27
2025,NOMINAL,2299,WELLINGTON LUIZ,MDB,SIM,1,2026-08-27
2025,NOMINAL,2300,CHICO VIGILANTE,PT,SIM,1,2026-08-27
2025,NOMINAL,2300,DANIEL DONIZET,MDB,SIM,1,2026-08-27
2025,NOMINAL,2300,DAYSE AMARILIO,PSB,SIM,1,2026-08-27
2025,NOMINAL,2300,DOUTORA JANE,MDB,SIM,1,2026-08-27
2025,NOMINAL,2300,EDUARDO PEDROSA,UNIÃO,SIM,1,2026-08-27
2025,NOMINAL,2300,FÁBIO FELIX,PSOL,SIM,1,2026-08-27
2025,NOMINAL,2300,GABRIEL MAGNO,PT,SIM,1,2026-08-27
2025,NOMINAL,2300,IOLANDO,MDB,SIM,1,2026-08-27
2025,NOMINAL,2300,JAQUELINE SILVA,MDB,SIM,1,2026-08-27
2025,NOMINAL,2300,JORGE VIANNA,PSD,SIM,1,2026-08-27
2025,NOMINAL,2300,JOÃO CARDOSO,AVANTE,SIM,1,2026-08-27
2025,NOMINAL,2300,MARTINS MACHADO,REPUBLICANOS,SIM,1,2026-08-27
2025,NOMINAL,2300,MAX MACIEL,PSOL,SIM,1,2026-08-27
2025,NOMINAL,2300,PASTOR DANIEL DE CASTRO,PP,SIM,1,2026-08-27
2025,NOMINAL,2300,PAULA BELMONTE,CIDADANIA,SIM,1,2026-08-27
2025,NOMINAL,2300,PEPA,PP,SIM,1,2026-08-27
2025,NOMINAL,2300,RICARDO VALE,PT,SIM,1,2026-08-27
2025,NOMINAL,2300,ROGERIO MORRO DA CRUZ,PRD,SIM,1,2026-08-27
2025,NOMINAL,2300,THIAGO MANZONI,PL,SIM,1,2026-08-27
2025,NOMINAL,2300,WELLINGTON LUIZ,MDB,SIM,1,2026-08-27
2025,NOMINAL,2302,CHICO VIGILANTE,PT,SIM,1,2026-08-27
2025,NOMINAL,2302,DANIEL DONIZET,MDB,SIM,1,2026-08-27
2025,NOMINAL,2302,DAYSE AMARILIO,PSB,SIM,1,2026-08-27
2025,NOMINAL,2302,DOUTORA JANE,REPUBLICANOS,SIM,1,2026-08-27
2025,NOMINAL,2302,EDUARDO PEDROSA,UNIÃO,SIM,1,2026-08-27
2025,NOMINAL,2302,FÁBIO FELIX,PSOL,SIM,1,2026-08-27
2025,NOMINAL,2302,HERMETO,MDB,SIM,1,2026-08-27
2025,NOMINAL,2302,JAQUELINE SILVA,MDB,SIM,1,2026-08-27
2025,NOMINAL,2302,JOAQUIM RORIZ NETO,PL,SIM,1,2026-08-27
2025,NOMINAL,2302,JORGE VIANNA,PSD,SIM,1,2026-08-27
2025,NOMINAL,2302,JOÃO CARDOSO,AVANTE,SIM,1,2026-08-27
2025,NOMINAL,2302,MARTINS MACHADO,REPUBLICANOS,SIM,1,2026-08-27
2025,NOMINAL,2302,MAX MACIEL,PSOL,SIM,1,2026-08-27
2025,NOMINAL,2302,PASTOR DANIEL DE CASTRO,PP,SIM,1,2026-08-27
2025,NOMINAL,2302,PEPA,PP,SIM,1,2026-08-27
2025,NOMINAL,2302,RICARDO VALE,PT,SIM,1,2026-08-27
2025,NOMINAL,2302,ROGERIO MORRO DA CRUZ,PRD,SIM,1,2026-08-27
2025,NOMINAL,2302,ROOSEVELT VILELA,PL,SIM,1,2026-08-27
2025,NOMINAL,2302,THIAGO MANZONI,PL,SIM,1,2026-08-27
2025,NOMINAL,2302,WELLINGTON LUIZ,MDB,SIM,1,2026-08-27
2025,NOMINAL,2308,CHICO VIGILANTE,PT,SIM,1,2026-08-27
2025,NOMINAL,2308,DANIEL DONIZET,MDB,SIM,1,2026-08-27
2025,NOMINAL,2308,DAYSE AMARILIO,PSB,SIM,1,2026-08-27
2025,NOMINAL,2308,DOUTORA JANE,MDB,SIM,1,2026-08-27
2025,NOMINAL,2308,EDUARDO PEDROSA,UNIÃO,SIM,1,2026-08-27
2025,NOMINAL,2308,FÁBIO FELIX,PSOL,SIM,1,2026-08-27
2025,NOMINAL,2308,GABRIEL MAGNO,PT,SIM,1,2026-08-27
2025,NOMINAL,2308,IOLANDO,MDB,SIM,1,2026-08-27
2025,NOMINAL,2308,JAQUELINE SILVA,MDB,SIM,1,2026-08-27
2025,NOMINAL,2308,JOÃO CARDOSO,AVANTE,SIM,1,2026-08-27
2025,NOMINAL,2308,MARTINS MACHADO,REPUBLICANOS,SIM,1,2026-08-27
2025,NOMINAL,2308,MAX MACIEL,PSOL,SIM,1,2026-08-27
2025,NOMINAL,2308,PASTOR DANIEL DE CASTRO,PP,SIM,1,2026-08-27
2025,NOMINAL,2308,PAULA BELMONTE,CIDADANIA,SIM,1,2026-08-27
2025,NOMINAL,2308,RICARDO VALE,PT,SIM,1,2026-08-27
2025,NOMINAL,2308,ROGERIO MORRO DA CRUZ,PRD,SIM,1,2026-08-27
2025,NOMINAL,2308,THIAGO MANZONI,PL,SIM,1,2026-08-27
2025,NOMINAL,2308,WELLINGTON LUIZ,MDB,SIM,1,2026-08-27
2025,NOMINAL,2333,CHICO VIGILANTE,PT,SIM,1,2026-08-27
2025,NOMINAL,2333,DANIEL DONIZET,MDB,SIM,1,2026-08-27
2025,NOMINAL,2333,DAYSE AMARILIO,PSB,SIM,1,2026-08-27
2025,NOMINAL,2333,DOUTORA JANE,MDB,SIM,1,2026-08-27
2025,NOMINAL,2333,EDUARDO PEDROSA,UNIÃO,SIM,1,2026-08-27
2025,NOMINAL,2333,FÁBIO FELIX,PSOL,SIM,1,2026-08-27
2025,NOMINAL,2333,GABRIEL MAGNO,PT,SIM,1,2026-08-27
2025,NOMINAL,2333,HERMETO,MDB,SIM,1,2026-08-27
2025,NOMINAL,2333,IOLANDO,MDB,SIM,1,2026-08-27
2025,NOMINAL,2333,JAQUELINE SILVA,MDB,SIM,1,2026-08-27
2025,NOMINAL,2333,JORGE VIANNA,PSD,SIM,1,2026-08-27
2025,NOMINAL,2333,JOÃO CARDOSO,AVANTE,SIM,1,2026-08-27
2025,NOMINAL,2333,MARTINS MACHADO,REPUBLICANOS,SIM,1,2026-08-27
2025,NOMINAL,2333,MAX MACIEL,PSOL,SIM,1,2026-08-27
2025,NOMINAL,2333,PASTOR DANIEL DE CASTRO,PP,SIM,1,2026-08-27
2025,NOMINAL,2333,PEPA,PP,SIM,1,2026-08-27
2025,NOMINAL,2333,RICARDO VALE,PT,SIM,1,2026-08-27
2025,NOMINAL,2333,ROBÉRIO NEGREIROS,PSD,SIM,1,2026-08-27
2025,NOMINAL,2333,THIAGO MANZONI,PL,SIM,1,2026-08-27
2025,NOMINAL,2333,WELLINGTON LUIZ,MDB,SIM,1,2026-08-27
2025,NOMINAL,2335,CHICO VIGILANTE,PT,NAO,1,2026-08-27
2025,NOMINAL,2335,DANIEL DONIZET,MDB,SIM,1,2026-08-27
2025,NOMINAL,2335,DAYSE AMARILIO,PSB,SIM,1,2026-08-27
2025,NOMINAL,2335,DOUTORA JANE,MDB,SIM,1,2026-08-27
2025,NOMINAL,2335,EDUARDO PEDROSA,UNIÃO,SIM,1,2026-08-27
2025,NOMINAL,2335,FÁBIO FELIX,PSOL,SIM,1,2026-08-27
2025,NOMINAL,2335,GABRIEL MAGNO,PT,NAO,1,2026-08-27
2025,NOMINAL,2335,HERMETO,MDB,SIM,1,2026-08-27
2025,NOMINAL,2335,IOLANDO,MDB,SIM,1,2026-08-27
2025,NOMINAL,2335,JAQUELINE SILVA,MDB,SIM,1,2026-08-27
2025,NOMINAL,2335,JORGE VIANNA,PSD,SIM,1,2026-08-27
2025,NOMINAL,2335,JOÃO CARDOSO,AVANTE,SIM,1,2026-08-27
2025,NOMINAL,2335,MARTINS MACHADO,REPUBLICANOS,SIM,1,2026-08-27
2025,NOMINAL,2335,MAX MACIEL,PSOL,SIM,1,2026-08-27
2025,NOMINAL,2335,PASTOR DANIEL DE CASTRO,PP,SIM,1,2026-08-27
2025,NOMINAL,2335,PEPA,PP,SIM,1,2026-08-27
2025,NOMINAL,2335,RICARDO VALE,PT,SIM,1,2026-08-27
2025,NOMINAL,2335,ROGERIO MORRO DA CRUZ,PRD,SIM,1,2026-08-27
2025,NOMINAL,2335,ROOSEVELT VILELA,PL,SIM,1,2026-08-27
2025,NOMINAL,2335,THIAGO MANZONI,PL,SIM,1,2026-08-27
2025,NOMINAL,2335,WELLINGTON LUIZ,MDB,SIM,1,2026-08-27
2025,NOMINAL,2336,CHICO VIGILANTE,PT,NAO,1,2026-08-27
2025,NOMINAL,2336,DANIEL DONIZET,MDB,SIM,1,2026-08-27
2025,NOMINAL,2336,DAYSE AMARILIO,PSB,SIM,1,2026-08-27
2025,NOMINAL,2336,DOUTORA JANE,MDB,SIM,1,2026-08-27
2025,NOMINAL,2336,EDUARDO PEDROSA,UNIÃO,SIM,1,2026-08-27
2025,NOMINAL,2336,GABRIEL MAGNO,PT,NAO,1,2026-08-27
2025,NOMINAL,2336,HERMETO,MDB,SIM,1,2026-08-27
2025,NOMINAL,2336,IOLANDO,MDB,SIM,1,2026-08-27
2025,NOMINAL,2336,JAQUELINE SILVA,MDB,SIM,1,2026-08-27
2025,NOMINAL,2336,JORGE VIANNA,PSD,SIM,1,2026-08-27
2025,NOMINAL,2336,JOÃO CARDOSO,AVANTE,SIM,1,2026-08-27
2025,NOMINAL,2336,MARTINS MACHADO,REPUBLICANOS,SIM,1,2026-08-27
2025,NOMINAL,2336,MAX MACIEL,PSOL,SIM,1,2026-08-27
2025,NOMINAL,2336,PASTOR DANIEL DE CASTRO,PP,SIM,1,2026-08-27
2025,NOMINAL,2336,PAULA BELMONTE,CIDADANIA,SIM,1,2026-08-27
2025,NOMINAL,2336,PEPA,PP,SIM,1,2026-08-27
2025,NOMINAL,2336,RICARDO VALE,PT,SIM,1,2026-08-27
2025,NOMINAL,2336,ROGERIO MORRO DA CRUZ,PRD,SIM,1,2026-08-27
2025,NOMINAL,2336,ROOSEVELT VILELA,PL,SIM,1,2026-08-27
2025,NOMINAL,2336,THIAGO MANZONI,PL,SIM,1,2026-08-27
2025,NOMINAL,2336,WELLINGTON LUIZ,MDB,SIM,1,2026-08-27
2025,NOMINAL,2339,CHICO VIGILANTE,PT,SIM,1,2026-08-27
2025,NOMINAL,2339,DANIEL DONIZET,MDB,SIM,1,2026-08-27
2025,NOMINAL,2339,DAYSE AMARILIO,PSB,SIM,1,2026-08-27
2025,NOMINAL,2339,DOUTORA JANE,MDB,ABSTENCAO,1,2026-08-27
2025,NOMINAL,2339,EDUARDO PEDROSA,UNIÃO,SIM,1,2026-08-27
2025,NOMINAL,2339,FÁBIO FELIX,PSOL,SIM,1,2026-08-27
2025,NOMINAL,2339,GABRIEL MAGNO,PT,SIM,1,2026-08-27
2025,NOMINAL,2339,HERMETO,MDB,SIM,1,2026-08-27
2025,NOMINAL,2339,JAQUELINE SILVA,MDB,SIM,1,2026-08-27
2025,NOMINAL,2339,JORGE VIANNA,PSD,SIM,1,2026-08-27
2025,NOMINAL,2339,JOÃO CARDOSO,AVANTE,SIM,1,2026-08-27
2025,NOMINAL,2339,MARTINS MACHADO,REPUBLICANOS,SIM,1,2026-08-27
2025,NOMINAL,2339,MAX MACIEL,PSOL,SIM,1,2026-08-27
2025,NOMINAL,2339,PASTOR DANIEL DE CASTRO,PP,ABSTENCAO,1,2026-08-27
2025,NOMINAL,2339,RICARDO VALE,PT,SIM,1,2026-08-27
2025,NOMINAL,2339,ROBÉRIO NEGREIROS,PSD,SIM,1,2026-08-27
2025,NOMINAL,2339,THIAGO MANZONI,PL,NAO,1,2026-08-27
2025,NOMINAL,2339,WELLINGTON LUIZ,MDB,SIM,1,2026-08-27
2025,NOMINAL,2340,CHICO VIGILANTE,PT,SIM,1,2026-08-27
2025,NOMINAL,2340,DANIEL DONIZET,MDB,SIM,1,2026-08-27
2025,NOMINAL,2340,DAYSE AMARILIO,PSB,SIM,1,2026-08-27
2025,NOMINAL,2340,DOUTORA JANE,MDB,SIM,1,2026-08-27
2025,NOMINAL,2340,EDUARDO PEDROSA,UNIÃO,SIM,1,2026-08-27
2025,NOMINAL,2340,FÁBIO FELIX,PSOL,ABSTENCAO,1,2026-08-27
2025,NOMINAL,2340,GABRIEL MAGNO,PT,ABSTENCAO,1,2026-08-27
2025,NOMINAL,2340,HERMETO,MDB,SIM,1,2026-08-27
2025,NOMINAL,2340,JAQUELINE SILVA,MDB,SIM,1,2026-08-27
2025,NOMINAL,2340,JORGE VIANNA,PSD,SIM,1,2026-08-27
2025,NOMINAL,2340,JOÃO CARDOSO,AVANTE,SIM,1,2026-08-27
2025,NOMINAL,2340,MARTINS MACHADO,REPUBLICANOS,SIM,1,2026-08-27
2025,NOMINAL,2340,MAX MACIEL,PSOL,ABSTENCAO,1,2026-08-27
2025,NOMINAL,2340,PASTOR DANIEL DE CASTRO,PP,SIM,1,2026-08-27
2025,NOMINAL,2340,PEPA,PP,SIM,1,2026-08-27
2025,NOMINAL,2340,RICARDO VALE,PT,SIM,1,2026-08-27
2025,NOMINAL,2340,ROBÉRIO NEGREIROS,PSD,SIM,1,2026-08-27
2025,NOMINAL,2340,ROOSEVELT VILELA,PL,SIM,1,2026-08-27
2025,NOMINAL,2340,THIAGO MANZONI,PL,SIM,1,2026-08-27
2025,NOMINAL,2340,WELLINGTON LUIZ,MDB,SIM,1,2026-08-27
2025,NOMINAL,2343,CHICO VIGILANTE,PT,SIM,1,2026-08-27
2025,NOMINAL,2343,DANIEL DONIZET,MDB,SIM,1,2026-08-27
2025,NOMINAL,2343,DAYSE AMARILIO,PSB,SIM,1,2026-08-27
2025,NOMINAL,2343,DOUTORA JANE,MDB,SIM,1,2026-08-27
2025,NOMINAL,2343,EDUARDO PEDROSA,UNIÃO,SIM,1,2026-08-27
2025,NOMINAL,2343,HERMETO,MDB,SIM,1,2026-08-27
2025,NOMINAL,2343,JAQUELINE SILVA,MDB,SIM,1,2026-08-27
2025,NOMINAL,2343,JORGE VIANNA,PSD,SIM,1,2026-08-27
2025,NOMINAL,2343,JOÃO CARDOSO,AVANTE,SIM,1,2026-08-27
2025,NOMINAL,2343,MARTINS MACHADO,REPUBLICANOS,SIM,1,2026-08-27
2025,NOMINAL,2343,MAX MACIEL,PSOL,SIM,1,2026-08-27
2025,NOMINAL,2343,PASTOR DANIEL DE CASTRO,PP,SIM,1,2026-08-27
2025,NOMINAL,2343,PEPA,PP,SIM,1,2026-08-27
2025,NOMINAL,2343,RICARDO VALE,PT,SIM,1,2026-08-27
2025,NOMINAL,2343,ROBÉRIO NEGREIROS,PSD,SIM,1,2026-08-27
2025,NOMINAL,2343,ROOSEVELT VILELA,PL,SIM,1,2026-08-27
2025,NOMINAL,2343,THIAGO MANZONI,PL,SIM,1,2026-08-27
2025,NOMINAL,2343,WELLINGTON LUIZ,MDB,SIM,1,2026-08-27
2025,NOMINAL,2356,DANIEL DONIZET,MDB,SIM,1,2026-08-27
2025,NOMINAL,2356,DAYSE AMARILIO,PSB,SIM,1,2026-08-27
2025,NOMINAL,2356,DOUTORA JANE,MDB,SIM,1,2026-08-27
2025,NOMINAL,2356,FÁBIO FELIX,PSOL,SIM,1,2026-08-27
2025,NOMINAL,2356,GABRIEL MAGNO,PT,SIM,1,2026-08-27
2025,NOMINAL,2356,HERMETO,MDB,SIM,1,2026-08-27
2025,NOMINAL,2356,IOLANDO,MDB,SIM,1,2026-08-27
2025,NOMINAL,2356,JAQUELINE SILVA,MDB,SIM,1,2026-08-27
2025,NOMINAL,2356,JORGE VIANNA,PSD,SIM,1,2026-08-27
2025,NOMINAL,2356,JOÃO CARDOSO,AVANTE,SIM,1,2026-08-27
2025,NOMINAL,2356,MAX MACIEL,PSOL,SIM,1,2026-08-27
2025,NOMINAL,2356,PASTOR DANIEL DE CASTRO,PP,SIM,1,2026-08-27
2025,NOMINAL,2356,PAULA BELMONTE,CIDADANIA,SIM,1,2026-08-27
2025,NOMINAL,2356,PEPA,PP,SIM,1,2026-08-27
2025,NOMINAL,2356,RICARDO VALE,PT,SIM,1,2026-08-27
2025,NOMINAL,2356,ROGERIO MORRO DA CRUZ,PRD,SIM,1,2026-08-27
2025,NOMINAL,2356,ROOSEVELT VILELA,PL,SIM,1,2026-08-27
2025,NOMINAL,2356,WELLINGTON LUIZ,MDB,SIM,1,2026-08-27
2025,NOMINAL,2357,DAYSE AMARILIO,PSB,SIM,1,2026-08-27
2025,NOMINAL,2357,DOUTORA JANE,MDB,SIM,1,2026-08-27
2025,NOMINAL,2357,FÁBIO FELIX,PSOL,SIM,1,2026-08-27
2025,NOMINAL,2357,HERMETO,MDB,SIM,1,2026-08-27
2025,NOMINAL,2357,IOLANDO,MDB,SIM,1,2026-08-27
2025,NOMINAL,2357,JAQUELINE SILVA,MDB,SIM,1,2026-08-27
2025,NOMINAL,2357,JORGE VIANNA,PSD,SIM,1,2026-08-27
2025,NOMINAL,2357,JOÃO CARDOSO,AVANTE,SIM,1,2026-08-27
2025,NOMINAL,2357,MAX MACIEL,PSOL,SIM,1,2026-08-27
2025,NOMINAL,2357,PASTOR DANIEL DE CASTRO,PP,SIM,1,2026-08-27
2025,NOMINAL,2357,PEPA,PP,SIM,1,2026-08-27
2025,NOMINAL,2357,RICARDO VALE,PT,SIM,1,2026-08-27
2025,NOMINAL,2357,ROGERIO MORRO DA CRUZ,PRD,SIM,1,2026-08-27
2025,NOMINAL,2357,ROOSEVELT VILELA,PL,SIM,1,2026-08-27
2025,NOMINAL,2357,WELLINGTON LUIZ,MDB,SIM,1,2026-08-27
2025,NOMINAL,2362,DAYSE AMARILIO,PSB,SIM,1,2026-08-27
2025,NOMINAL,2362,DOUTORA JANE,MDB,SIM,1,2026-08-27
2025,NOMINAL,2362,FÁBIO FELIX,PSOL,SIM,1,2026-08-27
2025,NOMINAL,2362,HERMETO,MDB,SIM,1,2026-08-27
2025,NOMINAL,2362,IOLANDO,MDB,SIM,1,2026-08-27
2025,NOMINAL,2362,JAQUELINE SILVA,MDB,SIM,1,2026-08-27
2025,NOMINAL,2362,JORGE VIANNA,PSD,SIM,1,2026-08-27
2025,NOMINAL,2362,JOÃO CARDOSO,AVANTE,SIM,1,2026-08-27
2025,NOMINAL,2362,MAX MACIEL,PSOL,SIM,1,2026-08-27
2025,NOMINAL,2362,PASTOR DANIEL DE CASTRO,PP,SIM,1,2026-08-27
2025,NOMINAL,2362,PEPA,PP,SIM,1,2026-08-27
2025,NOMINAL,2362,RICARDO VALE,PT,SIM,1,2026-08-27
2025,NOMINAL,2362,ROGERIO MORRO DA CRUZ,PRD,SIM,1,2026-08-27
2025,NOMINAL,2362,ROOSEVELT VILELA,PL,SIM,1,2026-08-27
2025,NOMINAL,2362,WELLINGTON LUIZ,MDB,SIM,1,2026-08-27
2025,NOMINAL,2363,CHICO VIGILANTE,PT,SIM,1,2026-08-27
2025,NOMINAL,2363,DANIEL DONIZET,MDB,NAO,1,2026-08-27
2025,NOMINAL,2363,DOUTORA JANE,MDB,NAO,1,2026-08-27
2025,NOMINAL,2363,FÁBIO FELIX,PSOL,SIM,1,2026-08-27
2025,NOMINAL,2363,GABRIEL MAGNO,PT,SIM,1,2026-08-27
2025,NOMINAL,2363,HERMETO,MDB,NAO,1,2026-08-27
2025,NOMINAL,2363,IOLANDO,MDB,NAO,1,2026-08-27
2025,NOMINAL,2363,JAQUELINE SILVA,MDB,NAO,1,2026-08-27
2025,NOMINAL,2363,JORGE VIANNA,PSD,NAO,1,2026-08-27
2025,NOMINAL,2363,JOÃO CARDOSO,AVANTE,NAO,1,2026-08-27
2025,NOMINAL,2363,MAX MACIEL,PSOL,SIM,1,2026-08-27
2025,NOMINAL,2363,PASTOR DANIEL DE CASTRO,PP,NAO,1,2026-08-27
2025,NOMINAL,2363,PAULA BELMONTE,CIDADANIA,SIM,1,2026-08-27
2025,NOMINAL,2363,PEPA,PP,NAO,1,2026-08-27
2025,NOMINAL,2363,RICARDO VALE,PT,SIM,1,2026-08-27
2025,NOMINAL,2363,ROGERIO MORRO DA CRUZ,PRD,NAO,1,2026-08-27
2025,NOMINAL,2363,ROOSEVELT VILELA,PL,NAO,1,2026-08-27
2025,NOMINAL,2363,WELLINGTON LUIZ,MDB,NAO,1,2026-08-27
2025,NOMINAL,2384,DANIEL DONIZET,MDB,SIM,1,2026-08-27
2025,NOMINAL,2384,DOUTORA JANE,MDB,SIM,1,2026-08-27
2025,NOMINAL,2384,EDUARDO PEDROSA,UNIÃO,SIM,1,2026-08-27
2025,NOMINAL,2384,HERMETO,MDB,SIM,1,2026-08-27
2025,NOMINAL,2384,IOLANDO,MDB,SIM,1,2026-08-27
2025,NOMINAL,2384,JAQUELINE SILVA,MDB,SIM,1,2026-08-27
2025,NOMINAL,2384,JORGE VIANNA,PSD,SIM,1,2026-08-27
2025,NOMINAL,2384,MARTINS MACHADO,REPUBLICANOS,SIM,1,2026-08-27
2025,NOMINAL,2384,PASTOR DANIEL DE CASTRO,PP,SIM,1,2026-08-27
2025,NOMINAL,2384,PEPA,PP,SIM,1,2026-08-27
2025,NOMINAL,2384,ROBÉRIO NEGREIROS,PSD,SIM,1,2026-08-27
2025,NOMINAL,2384,ROGERIO MORRO DA CRUZ,PRD,SIM,1,2026-08-27
2025,NOMINAL,2384,ROOSEVELT VILELA,PL,SIM,1,2026-08-27
2025,NOMINAL,2384,WELLINGTON LUIZ,MDB,SIM,1,2026-08-27
2025,NOMINAL,2385,DANIEL DONIZET,MDB,SIM,1,2026-08-27
2025,NOMINAL,2385,DOUTORA JANE,MDB,SIM,1,2026-08-27
2025,NOMINAL,2385,EDUARDO PEDROSA,UNIÃO,SIM,1,2026-08-27
2025,NOMINAL,2385,HERMETO,MDB,SIM,1,2026-08-27
2025,NOMINAL,2385,IOLANDO,MDB,SIM,1,2026-08-27
2025,NOMINAL,2385,JAQUELINE SILVA,MDB,SIM,1,2026-08-27
2025,NOMINAL,2385,JORGE VIANNA,PSD,SIM,1,2026-08-27
2025,NOMINAL,2385,MARTINS MACHADO,REPUBLICANOS,SIM,1,2026-08-27
2025,NOMINAL,2385,PASTOR DANIEL DE CASTRO,PP,SIM,1,2026-08-27
2025,NOMINAL,2385,PEPA,PP,SIM,1,2026-08-27
2025,NOMINAL,2385,ROBÉRIO NEGREIROS,PSD,SIM,1,2026-08-27
2025,NOMINAL,2385,ROGERIO MORRO DA CRUZ,PRD,SIM,1,2026-08-27
2025,NOMINAL,2385,ROOSEVELT VILELA,PL,SIM,1,2026-08-27
2025,NOMINAL,2385,WELLINGTON LUIZ,MDB,SIM,1,2026-08-27
2025,NOMINAL,2393,DANIEL DONIZET,MDB,SIM,1,2026-08-27
2025,NOMINAL,2393,DOUTORA JANE,MDB,SIM,1,2026-08-27
2025,NOMINAL,2393,EDUARDO PEDROSA,UNIÃO,SIM,1,2026-08-27
2025,NOMINAL,2393,HERMETO,MDB,SIM,1,2026-08-27
2025,NOMINAL,2393,IOLANDO,MDB,SIM,1,2026-08-27
2025,NOMINAL,2393,JAQUELINE SILVA,MDB,SIM,1,2026-08-27
2025,NOMINAL,2393,JORGE VIANNA,PSD,SIM,1,2026-08-27
2025,NOMINAL,2393,MARTINS MACHADO,REPUBLICANOS,SIM,1,2026-08-27
2025,NOMINAL,2393,PASTOR DANIEL DE CASTRO,PP,SIM,1,2026-08-27
2025,NOMINAL,2393,PEPA,PP,SIM,1,2026-08-27
2025,NOMINAL,2393,ROBÉRIO NEGREIROS,PSD,SIM,1,2026-08-27
2025,NOMINAL,2393,ROGERIO MORRO DA CRUZ,PRD,SIM,1,2026-08-27
2025,NOMINAL,2393,ROOSEVELT VILELA,PL,SIM,1,2026-08-27
2025,NOMINAL,2393,WELLINGTON LUIZ,MDB,SIM,1,2026-08-27
2025,NOMINAL,2394,DANIEL DONIZET,MDB,SIM,1,2026-08-27
2025,NOMINAL,2394,DOUTORA JANE,MDB,SIM,1,2026-08-27
2025,NOMINAL,2394,EDUARDO PEDROSA,UNIÃO,SIM,1,2026-08-27
2025,NOMINAL,2394,HERMETO,MDB,SIM,1,2026-08-27
2025,NOMINAL,2394,IOLANDO,MDB,SIM,1,2026-08-27
2025,NOMINAL,2394,JAQUELINE SILVA,MDB,SIM,1,2026-08-27
2025,NOMINAL,2394,JORGE VIANNA,PSD,SIM,1,2026-08-27
2025,NOMINAL,2394,MARTINS MACHADO,REPUBLICANOS,SIM,1,2026-08-27
2025,NOMINAL,2394,PASTOR DANIEL DE CASTRO,PP,SIM,1,2026-08-27
2025,NOMINAL,2394,PEPA,PP,SIM,1,2026-08-27
2025,NOMINAL,2394,ROBÉRIO NEGREIROS,PSD,SIM,1,2026-08-27
2025,NOMINAL,2394,ROGERIO MORRO DA CRUZ,PRD,SIM,1,2026-08-27
2025,NOMINAL,2394,ROOSEVELT VILELA,PL,SIM,1,2026-08-27
2025,NOMINAL,2394,WELLINGTON LUIZ,MDB,SIM,1,2026-08-27
2025,NOMINAL,2396,DANIEL DONIZET,MDB,SIM,1,2026-08-27
2025,NOMINAL,2396,DOUTORA JANE,MDB,SIM,1,2026-08-27
2025,NOMINAL,2396,EDUARDO PEDROSA,UNIÃO,SIM,1,2026-08-27
2025,NOMINAL,2396,HERMETO,MDB,SIM,1,2026-08-27
2025,NOMINAL,2396,IOLANDO,MDB,SIM,1,2026-08-27
2025,NOMINAL,2396,JAQUELINE SILVA,MDB,SIM,1,2026-08-27
2025,NOMINAL,2396,JORGE VIANNA,PSD,SIM,1,2026-08-27
2025,NOMINAL,2396,MARTINS MACHADO,REPUBLICANOS,SIM,1,2026-08-27
2025,NOMINAL,2396,PASTOR DANIEL DE CASTRO,PP,SIM,1,2026-08-27
2025,NOMINAL,2396,PEPA,PP,SIM,1,2026-08-27
2025,NOMINAL,2396,ROBÉRIO NEGREIROS,PSD,SIM,1,2026-08-27
2025,NOMINAL,2396,ROGERIO MORRO DA CRUZ,PRD,SIM,1,2026-08-27
2025,NOMINAL,2396,ROOSEVELT VILELA,PL,SIM,1,2026-08-27
2025,NOMINAL,2396,WELLINGTON LUIZ,MDB,SIM,1,2026-08-27
2025,NOMINAL,2397,DANIEL DONIZET,MDB,SIM,1,2026-08-27
2025,NOMINAL,2397,DOUTORA JANE,MDB,SIM,1,2026-08-27
2025,NOMINAL,2397,EDUARDO PEDROSA,UNIÃO,SIM,1,2026-08-27
2025,NOMINAL,2397,HERMETO,MDB,SIM,1,2026-08-27
2025,NOMINAL,2397,IOLANDO,MDB,SIM,1,2026-08-27
2025,NOMINAL,2397,JAQUELINE SILVA,MDB,SIM,1,2026-08-27
2025,NOMINAL,2397,JORGE VIANNA,PSD,SIM,1,2026-08-27
2025,NOMINAL,2397,MARTINS MACHADO,REPUBLICANOS,SIM,1,2026-08-27
2025,NOMINAL,2397,PASTOR DANIEL DE CASTRO,PP,SIM,1,2026-08-27
2025,NOMINAL,2397,PEPA,PP,SIM,1,2026-08-27
2025,NOMINAL,2397,ROBÉRIO NEGREIROS,PSD,SIM,1,2026-08-27
2025,NOMINAL,2397,ROGERIO MORRO DA CRUZ,PRD,SIM,1,2026-08-27
2025,NOMINAL,2397,ROOSEVELT VILELA,PL,SIM,1,2026-08-27
2025,NOMINAL,2397,WELLINGTON LUIZ,MDB,SIM,1,2026-08-27
2025,NOMINAL,2403,DANIEL DONIZET,MDB,SIM,1,2026-08-27
2025,NOMINAL,2403,DOUTORA JANE,MDB,SIM,1,2026-08-27
2025,NOMINAL,2403,EDUARDO PEDROSA,UNIÃO,SIM,1,2026-08-27
2025,NOMINAL,2403,HERMETO,MDB,SIM,1,2026-08-27
2025,NOMINAL,2403,IOLANDO,MDB,SIM,1,2026-08-27
2025,NOMINAL,2403,JAQUELINE SILVA,MDB,SIM,1,2026-08-27
2025,NOMINAL,2403,JORGE VIANNA,PSD,SIM,1,2026-08-27
2025,NOMINAL,2403,MARTINS MACHADO,REPUBLICANOS,SIM,1,2026-08-27
2025,NOMINAL,2403,PASTOR DANIEL DE CASTRO,PP,SIM,1,2026-08-27
2025,NOMINAL,2403,PEPA,PP,SIM,1,2026-08-27
2025,NOMINAL,2403,ROBÉRIO NEGREIROS,PSD,SIM,1,2026-08-27
2025,NOMINAL,2403,ROGERIO MORRO DA CRUZ,PRD,SIM,1,2026-08-27
2025,NOMINAL,2403,ROOSEVELT VILELA,PL,SIM,1,2026-08-27
2025,NOMINAL,2403,WELLINGTON LUIZ,MDB,SIM,1,2026-08-27
2025,NOMINAL,2427,CHICO VIGILANTE,PT,SIM,1,2026-08-27
2025,NOMINAL,2427,DANIEL DONIZET,MDB,SIM,1,2026-08-27
2025,NOMINAL,2427,DAYSE AMARILIO,PSB,SIM,1,2026-08-27
2025,NOMINAL,2427,EDUARDO PEDROSA,UNIÃO,SIM,1,2026-08-27
2025,NOMINAL,2427,FÁBIO FELIX,PSOL,SIM,1,2026-08-27
2025,NOMINAL,2427,GABRIEL MAGNO,PT,SIM,1,2026-08-27
2025,NOMINAL,2427,HERMETO,MDB,SIM,1,2026-08-27
2025,NOMINAL,2427,IOLANDO,MDB,SIM,1,2026-08-27
2025,NOMINAL,2427,JAQUELINE SILVA,MDB,SIM,1,2026-08-27
2025,NOMINAL,2427,MARTINS MACHADO,REPUBLICANOS,SIM,1,2026-08-27
2025,NOMINAL,2427,MAX MACIEL,PSOL,SIM,1,2026-08-27
2025,NOMINAL,2427,PEPA,PP,SIM,1,2026-08-27
2025,NOMINAL,2427,RICARDO VALE,PT,SIM,1,2026-08-27
2025,NOMINAL,2427,ROGERIO MORRO DA CRUZ,PRD,SIM,1,2026-08-27
2025,NOMINAL,2427,THIAGO MANZONI,PL,NAO,1,2026-08-27
2025,NOMINAL,2427,WELLINGTON LUIZ,MDB,SIM,1,2026-08-27
2025,NOMINAL,2428,CHICO VIGILANTE,PT,SIM,1,2026-08-27
2025,NOMINAL,2428,DANIEL DONIZET,MDB,SIM,1,2026-08-27
2025,NOMINAL,2428,DAYSE AMARILIO,PSB,SIM,1,2026-08-27
2025,NOMINAL,2428,EDUARDO PEDROSA,UNIÃO,SIM,1,2026-08-27
2025,NOMINAL,2428,FÁBIO FELIX,PSOL,SIM,1,2026-08-27
2025,NOMINAL,2428,GABRIEL MAGNO,PT,SIM,1,2026-08-27
2025,NOMINAL,2428,HERMETO,MDB,SIM,1,2026-08-27
2025,NOMINAL,2428,IOLANDO,MDB,SIM,1,2026-08-27
2025,NOMINAL,2428,JAQUELINE SILVA,MDB,SIM,1,2026-08-27
2025,NOMINAL,2428,JORGE VIANNA,PSD,SIM,1,2026-08-27
2025,NOMINAL,2428,MARTINS MACHADO,REPUBLICANOS,SIM,1,2026-08-27
2025,NOMINAL,2428,MAX MACIEL,PSOL,SIM,1,2026-08-27
2025,NOMINAL,2428,PASTOR DANIEL DE CASTRO,PP,SIM,1,2026-08-27
2025,NOMINAL,2428,PAULA BELMONTE,CIDADANIA,ABSTENCAO,1,2026-08-27
2025,NOMINAL,2428,PEPA,PP,SIM,1,2026-08-27
2025,NOMINAL,2428,RICARDO VALE,PT,SIM,1,2026-08-27
2025,NOMINAL,2428,ROGERIO MORRO DA CRUZ,PRD,SIM,1,2026-08-27
2025,NOMINAL,2428,THIAGO MANZONI,PL,NAO,1,2026-08-27
2025,NOMINAL,2428,WELLINGTON LUIZ,MDB,SIM,1,2026-08-27
2025,NOMINAL,2430,CHICO VIGILANTE,PT,SIM,1,2026-08-27
2025,NOMINAL,2430,DANIEL DONIZET,MDB,SIM,1,2026-08-27
2025,NOMINAL,2430,DAYSE AMARILIO,PSB,SIM,1,2026-08-27
2025,NOMINAL,2430,FÁBIO FELIX,PSOL,SIM,1,2026-08-27
2025,NOMINAL,2430,GABRIEL MAGNO,PT,SIM,1,2026-08-27
2025,NOMINAL,2430,HERMETO,MDB,SIM,1,2026-08-27
2025,NOMINAL,2430,IOLANDO,MDB,SIM,1,2026-08-27
2025,NOMINAL,2430,JAQUELINE SILVA,MDB,SIM,1,2026-08-27
2025,NOMINAL,2430,MARTINS MACHADO,REPUBLICANOS,SIM,1,2026-08-27
2025,NOMINAL,2430,MAX MACIEL,PSOL,SIM,1,2026-08-27
2025,NOMINAL,2430,PASTOR DANIEL DE CASTRO,PP,SIM,1,2026-08-27
2025,NOMINAL,2430,PEPA,PP,SIM,1,2026-08-27
2025,NOMINAL,2430,RICARDO VALE,PT,SIM,1,2026-08-27
2025,NOMINAL,2430,ROGERIO MORRO DA CRUZ,PRD,SIM,1,2026-08-27
2025,NOMINAL,2430,THIAGO MANZONI,PL,ABSTENCAO,1,2026-08-27
2025,NOMINAL,2430,WELLINGTON LUIZ,MDB,SIM,1,2026-08-27
2025,NOMINAL,2431,CHICO VIGILANTE,PT,SIM,1,2026-08-27
2025,NOMINAL,2431,DANIEL DONIZET,MDB,SIM,1,2026-08-27
2025,NOMINAL,2431,DAYSE AMARILIO,PSB,SIM,1,2026-08-27
2025,NOMINAL,2431,EDUARDO PEDROSA,UNIÃO,SIM,1,2026-08-27
2025,NOMINAL,2431,FÁBIO FELIX,PSOL,SIM,1,2026-08-27
2025,NOMINAL,2431,GABRIEL MAGNO,PT,SIM,1,2026-08-27
2025,NOMINAL,2431,HERMETO,MDB,SIM,1,2026-08-27
2025,NOMINAL,2431,IOLANDO,MDB,SIM,1,2026-08-27
2025,NOMINAL,2431,JAQUELINE SILVA,MDB,SIM,1,2026-08-27
2025,NOMINAL,2431,JORGE VIANNA,PSD,SIM,1,2026-08-27
2025,NOMINAL,2431,MARTINS MACHADO,REPUBLICANOS,SIM,1,2026-08-27
2025,NOMINAL,2431,MAX MACIEL,PSOL,SIM,1,2026-08-27
2025,NOMINAL,2431,PASTOR DANIEL DE CASTRO,PP,SIM,1,2026-08-27
2025,NOMINAL,2431,PAULA BELMONTE,CIDADANIA,SIM,1,2026-08-27
2025,NOMINAL,2431,PEPA,PP,SIM,1,2026-08-27
2025,NOMINAL,2431,RICARDO VALE,PT,SIM,1,2026-08-27
2025,NOMINAL,2431,ROGERIO MORRO DA CRUZ,PRD,SIM,1,2026-08-27
2025,NOMINAL,2431,THIAGO MANZONI,PL,ABSTENCAO,1,2026-08-27
2025,NOMINAL,2431,WELLINGTON LUIZ,MDB,SIM,1,2026-08-27
2025,NOMINAL,2454,DAYSE AMARILIO,PSB,NAO,1,2026-08-27
2025,NOMINAL,2454,DOUTORA JANE,REPUBLICANOS,SIM,1,2026-08-27
2025,NOMINAL,2454,EDUARDO PEDROSA,UNIÃO,SIM,1,2026-08-27
2025,NOMINAL,2454,FÁBIO FELIX,PSOL,NAO,1,2026-08-27
2025,NOMINAL,2454,GABRIEL MAGNO,PT,NAO,1,2026-08-27
2025,NOMINAL,2454,HERMETO,MDB,SIM,1,2026-08-27
2025,NOMINAL,2454,IOLANDO,MDB,SIM,1,2026-08-27
2025,NOMINAL,2454,JAQUELINE SILVA,MDB,SIM,1,2026-08-27
2025,NOMINAL,2454,JORGE VIANNA,PSD,ABSTENCAO,1,2026-08-27
2025,NOMINAL,2454,JOÃO CARDOSO,AVANTE,SIM,1,2026-08-27
2025,NOMINAL,2454,MARTINS MACHADO,REPUBLICANOS,SIM,1,2026-08-27
2025,NOMINAL,2454,MAX MACIEL,PSOL,NAO,1,2026-08-27
2025,NOMINAL,2454,PEPA,PP,SIM,1,2026-08-27
2025,NOMINAL,2454,ROGERIO MORRO DA CRUZ,PRD,SIM,1,2026-08-27
2025,NOMINAL,2454,ROOSEVELT VILELA,PL,SIM,1,2026-08-27
2025,NOMINAL,2454,WELLINGTON LUIZ,MDB,SIM,1,2026-08-27
2025,NOMINAL,2455,DAYSE AMARILIO,PSB,NAO,1,2026-08-27
2025,NOMINAL,2455,DOUTORA JANE,REPUBLICANOS,SIM,1,2026-08-27
2025,NOMINAL,2455,EDUARDO PEDROSA,UNIÃO,SIM,1,2026-08-27
2025,NOMINAL,2455,FÁBIO FELIX,PSOL,NAO,1,2026-08-27
2025,NOMINAL,2455,GABRIEL MAGNO,PT,NAO,1,2026-08-27
2025,NOMINAL,2455,HERMETO,MDB,SIM,1,2026-08-27
2025,NOMINAL,2455,IOLANDO,MDB,SIM,1,2026-08-27
2025,NOMINAL,2455,JAQUELINE SILVA,MDB,SIM,1,2026-08-27
2025,NOMINAL,2455,JORGE VIANNA,PSD,ABSTENCAO,1,2026-08-27
2025,NOMINAL,2455,JOÃO CARDOSO,AVANTE,SIM,1,2026-08-27
2025,NOMINAL,2455,MARTINS MACHADO,REPUBLICANOS,SIM,1,2026-08-27
2025,NOMINAL,2455,MAX MACIEL,PSOL,NAO,1,2026-08-27
2025,NOMINAL,2455,PASTOR DANIEL DE CASTRO,PP,SIM,1,2026-08-27
2025,NOMINAL,2455,PEPA,PP,SIM,1,2026-08-27
2025,NOMINAL,2455,ROGERIO MORRO DA CRUZ,PRD,SIM,1,2026-08-27
2025,NOMINAL,2455,ROOSEVELT VILELA,PL,SIM,1,2026-08-27
2025,NOMINAL,2455,WELLINGTON LUIZ,MDB,SIM,1,2026-08-27
2025,NOMINAL,2464,CHICO VIGILANTE,PT,NAO,1,2026-08-27
2025,NOMINAL,2464,DANIEL DONIZET,MDB,SIM,1,2026-08-27
2025,NOMINAL,2464,DAYSE AMARILIO,PSB,SIM,1,2026-08-27
2025,NOMINAL,2464,EDUARDO PEDROSA,UNIÃO,SIM,1,2026-08-27
2025,NOMINAL,2464,FÁBIO FELIX,PSOL,ABSTENCAO,1,2026-08-27
2025,NOMINAL,2464,GABRIEL MAGNO,PT,NAO,1,2026-08-27
2025,NOMINAL,2464,HERMETO,MDB,SIM,1,2026-08-27
2025,NOMINAL,2464,IOLANDO,MDB,SIM,1,2026-08-27
2025,NOMINAL,2464,JAQUELINE SILVA,MDB,SIM,1,2026-08-27
2025,NOMINAL,2464,JOAQUIM RORIZ NETO,PL,SIM,1,2026-08-27
2025,NOMINAL,2464,JORGE VIANNA,PSD,SIM,1,2026-08-27
2025,NOMINAL,2464,MARTINS MACHADO,REPUBLICANOS,SIM,1,2026-08-27
2025,NOMINAL,2464,MAX MACIEL,PSOL,SIM,1,2026-08-27
2025,NOMINAL,2464,PASTOR DANIEL DE CASTRO,PP,SIM,1,2026-08-27
2025,NOMINAL,2464,PEPA,PP,SIM,1,2026-08-27
2025,NOMINAL,2464,RICARDO VALE,PT,SIM,1,2026-08-27
2025,NOMINAL,2464,ROBÉRIO NEGREIROS,PSD,ABSTENCAO,1,2026-08-27
2025,NOMINAL,2464,ROGERIO MORRO DA CRUZ,PRD,SIM,1,2026-08-27
2025,NOMINAL,2464,THIAGO MANZONI,PL,SIM,1,2026-08-27
2025,NOMINAL,2464,WELLINGTON LUIZ,MDB,SIM,1,2026-08-27
2025,NOMINAL,2466,DANIEL DONIZET,MDB,SIM,1,2026-08-27
2025,NOMINAL,2466,DAYSE AMARILIO,PSB,SIM,1,2026-08-27
2025,NOMINAL,2466,EDUARDO PEDROSA,UNIÃO,SIM,1,2026-08-27
2025,NOMINAL,2466,FÁBIO FELIX,PSOL,SIM,1,2026-08-27
2025,NOMINAL,2466,GABRIEL MAGNO,PT,SIM,1,2026-08-27
2025,NOMINAL,2466,HERMETO,MDB,SIM,1,2026-08-27
2025,NOMINAL,2466,IOLANDO,MDB,SIM,1,2026-08-27
2025,NOMINAL,2466,JAQUELINE SILVA,MDB,SIM,1,2026-08-27
2025,NOMINAL,2466,JORGE VIANNA,PSD,SIM,1,2026-08-27
2025,NOMINAL,2466,MARTINS MACHADO,REPUBLICANOS,SIM,1,2026-08-27
2025,NOMINAL,2466,MAX MACIEL,PSOL,SIM,1,2026-08-27
2025,NOMINAL,2466,PASTOR DANIEL DE CASTRO,PP,SIM,1,2026-08-27
2025,NOMINAL,2466,PAULA BELMONTE,CIDADANIA,SIM,1,2026-08-27
2025,NOMINAL,2466,PEPA,PP,SIM,1,2026-08-27
2025,NOMINAL,2466,ROGERIO MORRO DA CRUZ,PRD,SIM,1,2026-08-27
2025,NOMINAL,2466,THIAGO MANZONI,PL,SIM,1,2026-08-27
2025,NOMINAL,2466,WELLINGTON LUIZ,MDB,SIM,1,2026-08-27
2025,NOMINAL,2504,CHICO VIGILANTE,PT,SIM,1,2026-08-27
2025,NOMINAL,2504,DANIEL DONIZET,MDB,SIM,1,2026-08-27
2025,NOMINAL,2504,FÁBIO FELIX,PSOL,NAO,1,2026-08-27
2025,NOMINAL,2504,GABRIEL MAGNO,PT,NAO,1,2026-08-27
2025,NOMINAL,2504,HERMETO,MDB,SIM,1,2026-08-27
2025,NOMINAL,2504,IOLANDO,MDB,SIM,1,2026-08-27
2025,NOMINAL,2504,JAQUELINE SILVA,MDB,SIM,1,2026-08-27
2025,NOMINAL,2504,JOAQUIM RORIZ NETO,PL,SIM,1,2026-08-27
2025,NOMINAL,2504,JORGE VIANNA,PSD,SIM,1,2026-08-27
2025,NOMINAL,2504,JOÃO CARDOSO,AVANTE,SIM,1,2026-08-27
2025,NOMINAL,2504,MARTINS MACHADO,REPUBLICANOS,SIM,1,2026-08-27
2025,NOMINAL,2504,PEPA,PP,SIM,1,2026-08-27
2025,NOMINAL,2504,ROBÉRIO NEGREIROS,PSD,SIM,1,2026-08-27
2025,NOMINAL,2504,ROGERIO MORRO DA CRUZ,PRD,SIM,1,2026-08-27
2025,NOMINAL,2504,THIAGO MANZONI,PL,SIM,1,2026-08-27
2025,NOMINAL,2506,CHICO VIGILANTE,PT,SIM,1,2026-08-27
2025,NOMINAL,2506,DANIEL DONIZET,MDB,SIM,1,2026-08-27
2025,NOMINAL,2506,FÁBIO FELIX,PSOL,NAO,1,2026-08-27
2025,NOMINAL,2506,GABRIEL MAGNO,PT,NAO,1,2026-08-27
2025,NOMINAL,2506,HERMETO,MDB,SIM,1,2026-08-27
2025,NOMINAL,2506,IOLANDO,MDB,SIM,1,2026-08-27
2025,NOMINAL,2506,JAQUELINE SILVA,MDB,SIM,1,2026-08-27
2025,NOMINAL,2506,JOAQUIM RORIZ NETO,PL,SIM,1,2026-08-27
2025,NOMINAL,2506,JORGE VIANNA,PSD,SIM,1,2026-08-27
2025,NOMINAL,2506,JOÃO CARDOSO,AVANTE,SIM,1,2026-08-27
2025,NOMINAL,2506,MARTINS MACHADO,REPUBLICANOS,SIM,1,2026-08-27
2025,NOMINAL,2506,PEPA,PP,SIM,1,2026-08-27
2025,NOMINAL,2506,ROBÉRIO NEGREIROS,PSD,SIM,1,2026-08-27
2025,NOMINAL,2506,ROGERIO MORRO DA CRUZ,PRD,SIM,1,2026-08-27
2025,NOMINAL,2506,THIAGO MANZONI,PL,SIM,1,2026-08-27
2025,NOMINAL,2507,CHICO VIGILANTE,PT,SIM,1,2026-08-27
2025,NOMINAL,2507,EDUARDO PEDROSA,UNIÃO,SIM,1,2026-08-27
2025,NOMINAL,2507,FÁBIO FELIX,PSOL,SIM,1,2026-08-27
2025,NOMINAL,2507,GABRIEL MAGNO,PT,SIM,1,2026-08-27
2025,NOMINAL,2507,HERMETO,MDB,SIM,1,2026-08-27
2025,NOMINAL,2507,IOLANDO,MDB,SIM,1,2026-08-27
2025,NOMINAL,2507,JAQUELINE SILVA,MDB,SIM,1,2026-08-27
2025,NOMINAL,2507,JOÃO CARDOSO,AVANTE,SIM,1,2026-08-27
2025,NOMINAL,2507,MARTINS MACHADO,REPUBLICANOS,SIM,1,2026-08-27
2025,NOMINAL,2507,MAX MACIEL,PSOL,ABSTENCAO,1,2026-08-27
2025,NOMINAL,2507,PASTOR DANIEL DE CASTRO,PP,SIM,1,2026-08-27
2025,NOMINAL,2507,PAULA BELMONTE,CIDADANIA,SIM,1,2026-08-27
2025,NOMINAL,2507,PEPA,PP,SIM,1,2026-08-27
2025,NOMINAL,2507,RICARDO VALE,PT,SIM,1,2026-08-27
2025,NOMINAL,2507,ROGERIO MORRO DA CRUZ,PRD,SIM,1,2026-08-27
2025,NOMINAL,2507,ROOSEVELT VILELA,PL,SIM,1,2026-08-27
2025,NOMINAL,2507,THIAGO MANZONI,PL,SIM,1,2026-08-27
2025,NOMINAL,2556,CHICO VIGILANTE,PT,SIM,1,2026-08-27
2025,NOMINAL,2556,EDUARDO PEDROSA,UNIÃO,SIM,1,2026-08-27
2025,NOMINAL,2556,FÁBIO FELIX,PSOL,SIM,1,2026-08-27
2025,NOMINAL,2556,GABRIEL MAGNO,PT,SIM,1,2026-08-27
2025,NOMINAL,2556,HERMETO,MDB,SIM,1,2026-08-27
2025,NOMINAL,2556,IOLANDO,MDB,SIM,1,2026-08-27
2025,NOMINAL,2556,JAQUELINE SILVA,MDB,SIM,1,2026-08-27
2025,NOMINAL,2556,JOÃO CARDOSO,AVANTE,SIM,1,2026-08-27
2025,NOMINAL,2556,MARTINS MACHADO,REPUBLICANOS,SIM,1,2026-08-27
2025,NOMINAL,2556,MAX MACIEL,PSOL,SIM,1,2026-08-27
2025,NOMINAL,2556,PASTOR DANIEL DE CASTRO,PP,SIM,1,2026-08-27
2025,NOMINAL,2556,PAULA BELMONTE,CIDADANIA,SIM,1,2026-08-27
2025,NOMINAL,2556,PEPA,PP,SIM,1,2026-08-27
2025,NOMINAL,2556,RICARDO VALE,PT,SIM,1,2026-08-27
2025,NOMINAL,2556,ROGERIO MORRO DA CRUZ,PRD,SIM,1,2026-08-27
2025,NOMINAL,2556,ROOSEVELT VILELA,PL,SIM,1,2026-08-27
2025,NOMINAL,2556,THIAGO MANZONI,PL,SIM,1,2026-08-27
2025,NOMINAL,2596,CHICO VIGILANTE,PT,SIM,1,2026-08-27
2025,NOMINAL,2596,DAYSE AMARILIO,PSB,SIM,1,2026-08-27
2025,NOMINAL,2596,EDUARDO PEDROSA,UNIÃO,SIM,1,2026-08-27
2025,NOMINAL,2596,FÁBIO FELIX,PSOL,SIM,1,2026-08-27
2025,NOMINAL,2596,GABRIEL MAGNO,PT,SIM,1,2026-08-27
2025,NOMINAL,2596,HERMETO,MDB,SIM,1,2026-08-27
2025,NOMINAL,2596,IOLANDO,MDB,SIM,1,2026-08-27
2025,NOMINAL,2596,JAQUELINE SILVA,MDB,SIM,1,2026-08-27
2025,NOMINAL,2596,JORGE VIANNA,PSD,SIM,1,2026-08-27
2025,NOMINAL,2596,JOÃO CARDOSO,AVANTE,SIM,1,2026-08-27
2025,NOMINAL,2596,MARTINS MACHADO,REPUBLICANOS,SIM,1,2026-08-27
2025,NOMINAL,2596,MAX MACIEL,PSOL,SIM,1,2026-08-27
2025,NOMINAL,2596,PASTOR DANIEL DE CASTRO,PP,SIM,1,2026-08-27
2025,NOMINAL,2596,PAULA BELMONTE,CIDADANIA,SIM,1,2026-08-27
2025,NOMINAL,2596,RICARDO VALE,PT,SIM,1,2026-08-27
2025,NOMINAL,2596,ROBÉRIO NEGREIROS,PSD,SIM,1,2026-08-27
2025,NOMINAL,2596,ROGERIO MORRO DA CRUZ,PRD,SIM,1,2026-08-27
2025,NOMINAL,2596,ROOSEVELT VILELA,PL,SIM,1,2026-08-27
2025,NOMINAL,2596,THIAGO MANZONI,PL,SIM,1,2026-08-27
2025,NOMINAL,2596,WELLINGTON LUIZ,MDB,SIM,1,2026-08-27
2025,NOMINAL,2598,CHICO VIGILANTE,PT,NAO,1,2026-08-27
2025,NOMINAL,2598,DAYSE AMARILIO,PSB,NAO,1,2026-08-27
2025,NOMINAL,2598,DOUTORA JANE,MDB,SIM,1,2026-08-27
2025,NOMINAL,2598,EDUARDO PEDROSA,UNIÃO,SIM,1,2026-08-27
2025,NOMINAL,2598,FÁBIO FELIX,PSOL,NAO,1,2026-08-27
2025,NOMINAL,2598,GABRIEL MAGNO,PT,NAO,1,2026-08-27
2025,NOMINAL,2598,HERMETO,MDB,SIM,1,2026-08-27
2025,NOMINAL,2598,IOLANDO,MDB,SIM,1,2026-08-27
2025,NOMINAL,2598,JAQUELINE SILVA,MDB,SIM,1,2026-08-27
2025,NOMINAL,2598,JORGE VIANNA,PSD,SIM,1,2026-08-27
2025,NOMINAL,2598,JOÃO CARDOSO,AVANTE,SIM,1,2026-08-27
2025,NOMINAL,2598,MARTINS MACHADO,REPUBLICANOS,SIM,1,2026-08-27
2025,NOMINAL,2598,MAX MACIEL,PSOL,NAO,1,2026-08-27
2025,NOMINAL,2598,PASTOR DANIEL DE CASTRO,PP,SIM,1,2026-08-27
2025,NOMINAL,2598,PAULA BELMONTE,CIDADANIA,NAO,1,2026-08-27
2025,NOMINAL,2598,PEPA,PP,SIM,1,2026-08-27
2025,NOMINAL,2598,RICARDO VALE,PT,NAO,1,2026-08-27
2025,NOMINAL,2598,ROBÉRIO NEGREIROS,PSD,SIM,1,2026-08-27
2025,NOMINAL,2598,ROGERIO MORRO DA CRUZ,PRD,SIM,1,2026-08-27
2025,NOMINAL,2598,ROOSEVELT VILELA,PL,SIM,1,2026-08-27
2025,NOMINAL,2598,THIAGO MANZONI,PL,SIM,1,2026-08-27
2025,NOMINAL,2598,WELLINGTON LUIZ,MDB,SIM,1,2026-08-27
2025,NOMINAL,2599,CHICO VIGILANTE,PT,NAO,1,2026-08-27
2025,NOMINAL,2599,DAYSE AMARILIO,PSB,NAO,1,2026-08-27
2025,NOMINAL,2599,DOUTORA JANE,MDB,SIM,1,2026-08-27
2025,NOMINAL,2599,EDUARDO PEDROSA,UNIÃO,SIM,1,2026-08-27
2025,NOMINAL,2599,FÁBIO FELIX,PSOL,NAO,1,2026-08-27
2025,NOMINAL,2599,GABRIEL MAGNO,PT,NAO,1,2026-08-27
2025,NOMINAL,2599,HERMETO,MDB,SIM,1,2026-08-27
2025,NOMINAL,2599,IOLANDO,MDB,SIM,1,2026-08-27
2025,NOMINAL,2599,JAQUELINE SILVA,MDB,SIM,1,2026-08-27
2025,NOMINAL,2599,JORGE VIANNA,PSD,SIM,1,2026-08-27
2025,NOMINAL,2599,JOÃO CARDOSO,AVANTE,SIM,1,2026-08-27
2025,NOMINAL,2599,MARTINS MACHADO,REPUBLICANOS,SIM,1,2026-08-27
2025,NOMINAL,2599,MAX MACIEL,PSOL,NAO,1,2026-08-27
2025,NOMINAL,2599,PASTOR DANIEL DE CASTRO,PP,SIM,1,2026-08-27
2025,NOMINAL,2599,PAULA BELMONTE,CIDADANIA,NAO,1,2026-08-27
2025,NOMINAL,2599,PEPA,PP,SIM,1,2026-08-27
2025,NOMINAL,2599,RICARDO VALE,PT,NAO,1,2026-08-27
2025,NOMINAL,2599,ROBÉRIO NEGREIROS,PSD,SIM,1,2026-08-27
2025,NOMINAL,2599,ROGERIO MORRO DA CRUZ,PRD,SIM,1,2026-08-27
2025,NOMINAL,2599,ROOSEVELT VILELA,PL,SIM,1,2026-08-27
2025,NOMINAL,2599,WELLINGTON LUIZ,MDB,SIM,1,2026-08-27
2025,NOMINAL,2600,CHICO VIGILANTE,PT,NAO,1,2026-08-27
2025,NOMINAL,2600,DAYSE AMARILIO,PSB,NAO,1,2026-08-27
2025,NOMINAL,2600,DOUTORA JANE,MDB,SIM,1,2026-08-27
2025,NOMINAL,2600,EDUARDO PEDROSA,UNIÃO,SIM,1,2026-08-27
2025,NOMINAL,2600,FÁBIO FELIX,PSOL,NAO,1,2026-08-27
2025,NOMINAL,2600,GABRIEL MAGNO,PT,NAO,1,2026-08-27
2025,NOMINAL,2600,HERMETO,MDB,SIM,1,2026-08-27
2025,NOMINAL,2600,IOLANDO,MDB,SIM,1,2026-08-27
2025,NOMINAL,2600,JAQUELINE SILVA,MDB,SIM,1,2026-08-27
2025,NOMINAL,2600,JORGE VIANNA,PSD,SIM,1,2026-08-27
2025,NOMINAL,2600,JOÃO CARDOSO,AVANTE,SIM,1,2026-08-27
2025,NOMINAL,2600,MARTINS MACHADO,REPUBLICANOS,SIM,1,2026-08-27
2025,NOMINAL,2600,MAX MACIEL,PSOL,NAO,1,2026-08-27
2025,NOMINAL,2600,PASTOR DANIEL DE CASTRO,PP,SIM,1,2026-08-27
2025,NOMINAL,2600,PAULA BELMONTE,CIDADANIA,NAO,1,2026-08-27
2025,NOMINAL,2600,PEPA,PP,SIM,1,2026-08-27
2025,NOMINAL,2600,RICARDO VALE,PT,NAO,1,2026-08-27
2025,NOMINAL,2600,ROGERIO MORRO DA CRUZ,PRD,SIM,1,2026-08-27
2025,NOMINAL,2600,ROOSEVELT VILELA,PL,SIM,1,2026-08-27
2025,NOMINAL,2600,THIAGO MANZONI,PL,SIM,1,2026-08-27
2025,NOMINAL,2600,WELLINGTON LUIZ,MDB,SIM,1,2026-08-27
2025,NOMINAL,2601,CHICO VIGILANTE,PT,SIM,1,2026-08-27
2025,NOMINAL,2601,DAYSE AMARILIO,PSB,SIM,1,2026-08-27
2025,NOMINAL,2601,DOUTORA JANE,MDB,SIM,1,2026-08-27
2025,NOMINAL,2601,EDUARDO PEDROSA,UNIÃO,SIM,1,2026-08-27
2025,NOMINAL,2601,FÁBIO FELIX,PSOL,SIM,1,2026-08-27
2025,NOMINAL,2601,GABRIEL MAGNO,PT,SIM,1,2026-08-27
2025,NOMINAL,2601,HERMETO,MDB,SIM,1,2026-08-27
2025,NOMINAL,2601,IOLANDO,MDB,SIM,1,2026-08-27
2025,NOMINAL,2601,JAQUELINE SILVA,MDB,SIM,1,2026-08-27
2025,NOMINAL,2601,JOAQUIM RORIZ NETO,PL,SIM,1,2026-08-27
2025,NOMINAL,2601,JORGE VIANNA,PSD,SIM,1,2026-08-27
2025,NOMINAL,2601,MARTINS MACHADO,REPUBLICANOS,SIM,1,2026-08-27
2025,NOMINAL,2601,MAX MACIEL,PSOL,SIM,1,2026-08-27
2025,NOMINAL,2601,PASTOR DANIEL DE CASTRO,PP,SIM,1,2026-08-27
2025,NOMINAL,2601,PEPA,PP,SIM,1,2026-08-27
2025,NOMINAL,2601,RICARDO VALE,PT,SIM,1,2026-08-27
2025,NOMINAL,2601,ROGERIO MORRO DA CRUZ,PRD,SIM,1,2026-08-27
2025,NOMINAL,2601,ROOSEVELT VILELA,PL,SIM,1,2026-08-27
2025,NOMINAL,2617,CHICO VIGILANTE,PT,SIM,1,2026-08-27
2025,NOMINAL,2617,DAYSE AMARILIO,PSB,SIM,1,2026-08-27
2025,NOMINAL,2617,DOUTORA JANE,MDB,SIM,1,2026-08-27
2025,NOMINAL,2617,EDUARDO PEDROSA,UNIÃO,SIM,1,2026-08-27
2025,NOMINAL,2617,HERMETO,MDB,SIM,1,2026-08-27
2025,NOMINAL,2617,JAQUELINE SILVA,MDB,SIM,1,2026-08-27
2025,NOMINAL,2617,JOAQUIM RORIZ NETO,PL,SIM,1,2026-08-27
2025,NOMINAL,2617,JORGE VIANNA,PSD,SIM,1,2026-08-27
2025,NOMINAL,2617,MARTINS MACHADO,REPUBLICANOS,SIM,1,2026-08-27
2025,NOMINAL,2617,PASTOR DANIEL DE CASTRO,PP,SIM,1,2026-08-27
2025,NOMINAL,2617,PEPA,PP,SIM,1,2026-08-27
2025,NOMINAL,2617,RICARDO VALE,PT,SIM,1,2026-08-27
2025,NOMINAL,2617,ROGERIO MORRO DA CRUZ,PRD,SIM,1,2026-08-27
2025,NOMINAL,2617,ROOSEVELT VILELA,PL,SIM,1,2026-08-27
2025,NOMINAL,2626,CHICO VIGILANTE,PT,SIM,1,2026-08-27
2025,NOMINAL,2626,DOUTORA JANE,MDB,SIM,1,2026-08-27
2025,NOMINAL,2626,FÁBIO FELIX,PSOL,SIM,1,2026-08-27
2025,NOMINAL,2626,IOLANDO,MDB,SIM,1,2026-08-27
2025,NOMINAL,2626,JAQUELINE SILVA,MDB,SIM,1,2026-08-27
2025,NOMINAL,2626,JOAQUIM RORIZ NETO,PL,SIM,1,2026-08-27
2025,NOMINAL,2626,JOÃO CARDOSO,AVANTE,SIM,1,2026-08-27
2025,NOMINAL,2626,MARTINS MACHADO,REPUBLICANOS,SIM,1,2026-08-27
2025,NOMINAL,2626,PAULA BELMONTE,CIDADANIA,SIM,1,2026-08-27
2025,NOMINAL,2626,PEPA,PP,SIM,1,2026-08-27
2025,NOMINAL,2626,RICARDO VALE,PT,SIM,1,2026-08-27
2025,NOMINAL,2626,ROGERIO MORRO DA CRUZ,PRD,SIM,1,2026-08-27
2025,NOMINAL,2626,ROOSEVELT VILELA,PL,SIM,1,2026-08-27
2025,NOMINAL,2626,THIAGO MANZONI,PL,SIM,1,2026-08-27
2025,NOMINAL,2626,WELLINGTON LUIZ,MDB,SIM,1,2026-08-27
2025,NOMINAL,2627,CHICO VIGILANTE,PT,SIM,1,2026-08-27
2025,NOMINAL,2627,DOUTORA JANE,MDB,SIM,1,2026-08-27
2025,NOMINAL,2627,FÁBIO FELIX,PSOL,SIM,1,2026-08-27
2025,NOMINAL,2627,GABRIEL MAGNO,PT,SIM,1,2026-08-27
2025,NOMINAL,2627,JAQUELINE SILVA,MDB,SIM,1,2026-08-27
2025,NOMINAL,2627,JOAQUIM RORIZ NETO,PL,SIM,1,2026-08-27
2025,NOMINAL,2627,JOÃO CARDOSO,AVANTE,SIM,1,2026-08-27
2025,NOMINAL,2627,MARTINS MACHADO,REPUBLICANOS,SIM,1,2026-08-27
2025,NOMINAL,2627,PAULA BELMONTE,CIDADANIA,SIM,1,2026-08-27
2025,NOMINAL,2627,PEPA,PP,SIM,1,2026-08-27
2025,NOMINAL,2627,RICARDO VALE,PT,SIM,1,2026-08-27
2025,NOMINAL,2627,ROGERIO MORRO DA CRUZ,PRD,SIM,1,2026-08-27
2025,NOMINAL,2627,ROOSEVELT VILELA,PL,SIM,1,2026-08-27
2025,NOMINAL,2627,THIAGO MANZONI,PL,SIM,1,2026-08-27
2025,NOMINAL,2627,WELLINGTON LUIZ,MDB,SIM,1,2026-08-27
2025,NOMINAL,2632,CHICO VIGILANTE,PT,SIM,1,2026-08-27
2025,NOMINAL,2632,DAYSE AMARILIO,PSB,SIM,1,2026-08-27
2025,NOMINAL,2632,DOUTORA JANE,MDB,SIM,1,2026-08-27
2025,NOMINAL,2632,FÁBIO FELIX,PSOL,SIM,1,2026-08-27
2025,NOMINAL,2632,HERMETO,MDB,SIM,1,2026-08-27
2025,NOMINAL,2632,IOLANDO,MDB,SIM,1,2026-08-27
2025,NOMINAL,2632,JAQUELINE SILVA,MDB,SIM,1,2026-08-27
2025,NOMINAL,2632,JORGE VIANNA,PSD,SIM,1,2026-08-27
2025,NOMINAL,2632,MARTINS MACHADO,REPUBLICANOS,SIM,1,2026-08-27
2025,NOMINAL,2632,MAX MACIEL,PSOL,SIM,1,2026-08-27
2025,NOMINAL,2632,PASTOR DANIEL DE CASTRO,PP,SIM,1,2026-08-27
2025,NOMINAL,2632,PAULA BELMONTE,CIDADANIA,SIM,1,2026-08-27
2025,NOMINAL,2632,PEPA,PP,SIM,1,2026-08-27
2025,NOMINAL,2632,RICARDO VALE,PT,SIM,1,2026-08-27
2025,NOMINAL,2632,ROBÉRIO NEGREIROS,PSD,SIM,1,2026-08-27
2025,NOMINAL,2632,ROGERIO MORRO DA CRUZ,PRD,SIM,1,2026-08-27
2025,NOMINAL,2632,THIAGO MANZONI,PL,SIM,1,2026-08-27
2025,NOMINAL,2633,CHICO VIGILANTE,PT,SIM,1,2026-08-27
2025,NOMINAL,2633,DAYSE AMARILIO,PSB,SIM,1,2026-08-27
2025,NOMINAL,2633,EDUARDO PEDROSA,UNIÃO,SIM,1,2026-08-27
2025,NOMINAL,2633,GABRIEL MAGNO,PT,SIM,1,2026-08-27
2025,NOMINAL,2633,HERMETO,MDB,SIM,1,2026-08-27
2025,NOMINAL,2633,IOLANDO,MDB,SIM,1,2026-08-27
2025,NOMINAL,2633,JAQUELINE SILVA,MDB,SIM,1,2026-08-27
2025,NOMINAL,2633,JORGE VIANNA,PSD,SIM,1,2026-08-27
2025,NOMINAL,2633,MARTINS MACHADO,REPUBLICANOS,SIM,1,2026-08-27
2025,NOMINAL,2633,MAX MACIEL,PSOL,SIM,1,2026-08-27
2025,NOMINAL,2633,PASTOR DANIEL DE CASTRO,PP,SIM,1,2026-08-27
2025,NOMINAL,2633,PAULA BELMONTE,CIDADANIA,SIM,1,2026-08-27
2025,NOMINAL,2633,PEPA,PP,SIM,1,2026-08-27
2025,NOMINAL,2633,RICARDO VALE,PT,SIM,1,2026-08-27
2025,NOMINAL,2633,ROBÉRIO NEGREIROS,PSD,SIM,1,2026-08-27
2025,NOMINAL,2633,ROGERIO MORRO DA CRUZ,PRD,SIM,1,2026-08-27
2025,NOMINAL,2633,THIAGO MANZONI,PL,SIM,1,2026-08-27
2025,NOMINAL,2634,CHICO VIGILANTE,PT,NAO,1,2026-08-27
2025,NOMINAL,2634,DOUTORA JANE,MDB,NAO,1,2026-08-27
2025,NOMINAL,2634,EDUARDO PEDROSA,UNIÃO,NAO,1,2026-08-27
2025,NOMINAL,2634,FÁBIO FELIX,PSOL,NAO,1,2026-08-27
2025,NOMINAL,2634,GABRIEL MAGNO,PT,NAO,1,2026-08-27
2025,NOMINAL,2634,IOLANDO,MDB,NAO,1,2026-08-27
2025,NOMINAL,2634,JAQUELINE SILVA,MDB,NAO,1,2026-08-27
2025,NOMINAL,2634,JOAQUIM RORIZ NETO,PL,NAO,1,2026-08-27
2025,NOMINAL,2634,JOÃO CARDOSO,AVANTE,NAO,1,2026-08-27
2025,NOMINAL,2634,MARTINS MACHADO,REPUBLICANOS,NAO,1,2026-08-27
2025,NOMINAL,2634,MAX MACIEL,PSOL,NAO,1,2026-08-27
2025,NOMINAL,2634,PAULA BELMONTE,CIDADANIA,NAO,1,2026-08-27
2025,NOMINAL,2634,PEPA,PP,NAO,1,2026-08-27
2025,NOMINAL,2634,RICARDO VALE,PT,NAO,1,2026-08-27
2025,NOMINAL,2634,ROGERIO MORRO DA CRUZ,PRD,NAO,1,2026-08-27
2025,NOMINAL,2634,ROOSEVELT VILELA,PL,NAO,1,2026-08-27
2025,NOMINAL,2634,THIAGO MANZONI,PL,NAO,1,2026-08-27
2025,NOMINAL,2634,WELLINGTON LUIZ,MDB,NAO,1,2026-08-27
2025,NOMINAL,2639,CHICO VIGILANTE,PT,SIM,1,2026-08-27
2025,NOMINAL,2639,DAYSE AMARILIO,PSB,SIM,1,2026-08-27
2025,NOMINAL,2639,EDUARDO PEDROSA,UNIÃO,SIM,1,2026-08-27
2025,NOMINAL,2639,FÁBIO FELIX,PSOL,SIM,1,2026-08-27
2025,NOMINAL,2639,GABRIEL MAGNO,PT,SIM,1,2026-08-27
2025,NOMINAL,2639,HERMETO,MDB,SIM,1,2026-08-27
2025,NOMINAL,2639,IOLANDO,MDB,SIM,1,2026-08-27
2025,NOMINAL,2639,JAQUELINE SILVA,MDB,SIM,1,2026-08-27
2025,NOMINAL,2639,JORGE VIANNA,PSD,SIM,1,2026-08-27
2025,NOMINAL,2639,MARTINS MACHADO,REPUBLICANOS,SIM,1,2026-08-27
2025,NOMINAL,2639,MAX MACIEL,PSOL,SIM,1,2026-08-27
2025,NOMINAL,2639,PASTOR DANIEL DE CASTRO,PP,SIM,1,2026-08-27
2025,NOMINAL,2639,PAULA BELMONTE,CIDADANIA,SIM,1,2026-08-27
2025,NOMINAL,2639,PEPA,PP,SIM,1,2026-08-27
2025,NOMINAL,2639,RICARDO VALE,PT,SIM,1,2026-08-27
2025,NOMINAL,2639,ROBÉRIO NEGREIROS,PSD,SIM,1,2026-08-27
2025,NOMINAL,2639,ROGERIO MORRO DA CRUZ,PRD,SIM,1,2026-08-27
2025,NOMINAL,2639,ROOSEVELT VILELA,PL,SIM,1,2026-08-27
2025,NOMINAL,2639,THIAGO MANZONI,PL,SIM,1,2026-08-27
2025,NOMINAL,2640,CHICO VIGILANTE,PT,NAO,1,2026-08-27
2025,NOMINAL,2640,DAYSE AMARILIO,PSB,NAO,1,2026-08-27
2025,NOMINAL,2640,EDUARDO PEDROSA,UNIÃO,SIM,1,2026-08-27
2025,NOMINAL,2640,FÁBIO FELIX,PSOL,NAO,1,2026-08-27
2025,NOMINAL,2640,GABRIEL MAGNO,PT,NAO,1,2026-08-27
2025,NOMINAL,2640,HERMETO,MDB,SIM,1,2026-08-27
2025,NOMINAL,2640,IOLANDO,MDB,SIM,1,2026-08-27
2025,NOMINAL,2640,JAQUELINE SILVA,MDB,SIM,1,2026-08-27
2025,NOMINAL,2640,JORGE VIANNA,PSD,SIM,1,2026-08-27
2025,NOMINAL,2640,MARTINS MACHADO,REPUBLICANOS,SIM,1,2026-08-27
2025,NOMINAL,2640,MAX MACIEL,PSOL,NAO,1,2026-08-27
2025,NOMINAL,2640,PASTOR DANIEL DE CASTRO,PP,SIM,1,2026-08-27
2025,NOMINAL,2640,PAULA BELMONTE,CIDADANIA,SIM,1,2026-08-27
2025,NOMINAL,2640,PEPA,PP,SIM,1,2026-08-27
2025,NOMINAL,2640,RICARDO VALE,PT,NAO,1,2026-08-27
2025,NOMINAL,2640,ROBÉRIO NEGREIROS,PSD,SIM,1,2026-08-27
2025,NOMINAL,2640,ROGERIO MORRO DA CRUZ,PRD,SIM,1,2026-08-27
2025,NOMINAL,2640,ROOSEVELT VILELA,PL,SIM,1,2026-08-27
2025,NOMINAL,2640,THIAGO MANZONI,PL,SIM,1,2026-08-27
2025,NOMINAL,2646,CHICO VIGILANTE,PT,SIM,1,2026-08-27
2025,NOMINAL,2646,DAYSE AMARILIO,PSB,SIM,1,2026-08-27
2025,NOMINAL,2646,EDUARDO PEDROSA,UNIÃO,SIM,1,2026-08-27
2025,NOMINAL,2646,HERMETO,MDB,SIM,1,2026-08-27
2025,NOMINAL,2646,JAQUELINE SILVA,MDB,SIM,1,2026-08-27
2025,NOMINAL,2646,MARTINS MACHADO,REPUBLICANOS,SIM,1,2026-08-27
2025,NOMINAL,2646,MAX MACIEL,PSOL,SIM,1,2026-08-27
2025,NOMINAL,2646,PASTOR DANIEL DE CASTRO,PP,SIM,1,2026-08-27
2025,NOMINAL,2646,PAULA BELMONTE,CIDADANIA,SIM,1,2026-08-27
2025,NOMINAL,2646,PEPA,PP,SIM,1,2026-08-27
2025,NOMINAL,2646,RICARDO VALE,PT,SIM,1,2026-08-27
2025,NOMINAL,2646,ROBÉRIO NEGREIROS,PSD,SIM,1,2026-08-27
2025,NOMINAL,2646,ROGERIO MORRO DA CRUZ,PRD,SIM,1,2026-08-27
2025,NOMINAL,2646,THIAGO MANZONI,PL,SIM,1,2026-08-27
2025,NOMINAL,2653,CHICO VIGILANTE,PT,NAO,1,2026-08-27
2025,NOMINAL,2653,DAYSE AMARILIO,PSB,NAO,1,2026-08-27
2025,NOMINAL,2653,EDUARDO PEDROSA,UNIÃO,SIM,1,2026-08-27
2025,NOMINAL,2653,FÁBIO FELIX,PSOL,NAO,1,2026-08-27
2025,NOMINAL,2653,GABRIEL MAGNO,PT,NAO,1,2026-08-27
2025,NOMINAL,2653,HERMETO,MDB,SIM,1,2026-08-27
2025,NOMINAL,2653,IOLANDO,MDB,SIM,1,2026-08-27
2025,NOMINAL,2653,JAQUELINE SILVA,MDB,SIM,1,2026-08-27
2025,NOMINAL,2653,JOAQUIM RORIZ NETO,PL,SIM,1,2026-08-27
2025,NOMINAL,2653,JORGE VIANNA,PSD,SIM,1,2026-08-27
2025,NOMINAL,2653,JOÃO CARDOSO,AVANTE,SIM,1,2026-08-27
2025,NOMINAL,2653,MARTINS MACHADO,REPUBLICANOS,SIM,1,2026-08-27
2025,NOMINAL,2653,MAX MACIEL,PSOL,NAO,1,2026-08-27
2025,NOMINAL,2653,PASTOR DANIEL DE CASTRO,PP,SIM,1,2026-08-27
2025,NOMINAL,2653,PAULA BELMONTE,CIDADANIA,SIM,1,2026-08-27
2025,NOMINAL,2653,PEPA,PP,SIM,1,2026-08-27
2025,NOMINAL,2653,RICARDO VALE,PT,NAO,1,2026-08-27
2025,NOMINAL,2653,ROOSEVELT VILELA,PL,SIM,1,2026-08-27
2025,NOMINAL,2653,THIAGO MANZONI,PL,SIM,1,2026-08-27
2025,NOMINAL,2653,WELLINGTON LUIZ,MDB,SIM,1,2026-08-27
2025,NOMINAL,2654,CHICO VIGILANTE,PT,NAO,1,2026-08-27
2025,NOMINAL,2654,DAYSE AMARILIO,PSB,NAO,1,2026-08-27
2025,NOMINAL,2654,EDUARDO PEDROSA,UNIÃO,SIM,1,2026-08-27
2025,NOMINAL,2654,FÁBIO FELIX,PSOL,NAO,1,2026-08-27
2025,NOMINAL,2654,GABRIEL MAGNO,PT,NAO,1,2026-08-27
2025,NOMINAL,2654,HERMETO,MDB,SIM,1,2026-08-27
2025,NOMINAL,2654,IOLANDO,MDB,SIM,1,2026-08-27
2025,NOMINAL,2654,JAQUELINE SILVA,MDB,SIM,1,2026-08-27
2025,NOMINAL,2654,JOAQUIM RORIZ NETO,PL,SIM,1,2026-08-27
2025,NOMINAL,2654,JORGE VIANNA,PSD,SIM,1,2026-08-27
2025,NOMINAL,2654,JOÃO CARDOSO,AVANTE,SIM,1,2026-08-27
2025,NOMINAL,2654,MARTINS MACHADO,REPUBLICANOS,SIM,1,2026-08-27
2025,NOMINAL,2654,MAX MACIEL,PSOL,NAO,1,2026-08-27
2025,NOMINAL,2654,PASTOR DANIEL DE CASTRO,PP,SIM,1,2026-08-27
2025,NOMINAL,2654,PEPA,PP,SIM,1,2026-08-27
2025,NOMINAL,2654,RICARDO VALE,PT,NAO,1,2026-08-27
2025,NOMINAL,2654,ROOSEVELT VILELA,PL,SIM,1,2026-08-27
2025,NOMINAL,2654,THIAGO MANZONI,PL,SIM,1,2026-08-27
2025,NOMINAL,2654,WELLINGTON LUIZ,MDB,SIM,1,2026-08-27
2025,NOMINAL,2655,CHICO VIGILANTE,PT,NAO,1,2026-08-27
2025,NOMINAL,2655,DAYSE AMARILIO,PSB,NAO,1,2026-08-27
2025,NOMINAL,2655,DOUTORA JANE,REPUBLICANOS,SIM,1,2026-08-27
2025,NOMINAL,2655,EDUARDO PEDROSA,UNIÃO,SIM,1,2026-08-27
2025,NOMINAL,2655,FÁBIO FELIX,PSOL,NAO,1,2026-08-27
2025,NOMINAL,2655,GABRIEL MAGNO,PT,NAO,1,2026-08-27
2025,NOMINAL,2655,HERMETO,MDB,SIM,1,2026-08-27
2025,NOMINAL,2655,IOLANDO,MDB,SIM,1,2026-08-27
2025,NOMINAL,2655,JAQUELINE SILVA,MDB,SIM,1,2026-08-27
2025,NOMINAL,2655,JOAQUIM RORIZ NETO,PL,SIM,1,2026-08-27
2025,NOMINAL,2655,JORGE VIANNA,PSD,SIM,1,2026-08-27
2025,NOMINAL,2655,JOÃO CARDOSO,AVANTE,SIM,1,2026-08-27
2025,NOMINAL,2655,MARTINS MACHADO,REPUBLICANOS,SIM,1,2026-08-27
2025,NOMINAL,2655,PASTOR DANIEL DE CASTRO,PP,SIM,1,2026-08-27
2025,NOMINAL,2655,PAULA BELMONTE,CIDADANIA,SIM,1,2026-08-27
2025,NOMINAL,2655,PEPA,PP,SIM,1,2026-08-27
2025,NOMINAL,2655,RICARDO VALE,PT,NAO,1,2026-08-27
2025,NOMINAL,2655,ROOSEVELT VILELA,PL,SIM,1,2026-08-27
2025,NOMINAL,2655,THIAGO MANZONI,PL,SIM,1,2026-08-27
2025,NOMINAL,2655,WELLINGTON LUIZ,MDB,SIM,1,2026-08-27
2025,NOMINAL,2656,CHICO VIGILANTE,PT,SIM,1,2026-08-27
2025,NOMINAL,2656,DANIEL DONIZET,MDB,SIM,1,2026-08-27
2025,NOMINAL,2656,DAYSE AMARILIO,PSB,SIM,1,2026-08-27
2025,NOMINAL,2656,EDUARDO PEDROSA,UNIÃO,SIM,1,2026-08-27
2025,NOMINAL,2656,FÁBIO FELIX,PSOL,SIM,1,2026-08-27
2025,NOMINAL,2656,GABRIEL MAGNO,PT,SIM,1,2026-08-27
2025,NOMINAL,2656,IOLANDO,MDB,SIM,1,2026-08-27
2025,NOMINAL,2656,JAQUELINE SILVA,MDB,SIM,1,2026-08-27
2025,NOMINAL,2656,JOAQUIM RORIZ NETO,PL,SIM,1,2026-08-27
2025,NOMINAL,2656,JORGE VIANNA,PSD,SIM,1,2026-08-27
2025,NOMINAL,2656,MARTINS MACHADO,REPUBLICANOS,SIM,1,2026-08-27
2025,NOMINAL,2656,MAX MACIEL,PSOL,SIM,1,2026-08-27
2025,NOMINAL,2656,PAULA BELMONTE,CIDADANIA,SIM,1,2026-08-27
2025,NOMINAL,2656,PEPA,PP,SIM,1,2026-08-27
2025,NOMINAL,2656,RICARDO VALE,PT,SIM,1,2026-08-27
2025,NOMINAL,2656,ROBÉRIO NEGREIROS,PSD,SIM,1,2026-08-27
2025,NOMINAL,2656,ROGERIO MORRO DA CRUZ,PRD,SIM,1,2026-08-27
2025,NOMINAL,2656,ROOSEVELT VILELA,PL,SIM,1,2026-08-27
2025,NOMINAL,2656,THIAGO MANZONI,PL,SIM,1,2026-08-27
2025,NOMINAL,2656,WELLINGTON LUIZ,MDB,SIM,1,2026-08-27
2025,NOMINAL,2658,CHICO VIGILANTE,PT,NAO,1,2026-08-27
2025,NOMINAL,2658,DAYSE AMARILIO,PSB,NAO,1,2026-08-27
2025,NOMINAL,2658,DOUTORA JANE,REPUBLICANOS,SIM,1,2026-08-27
2025,NOMINAL,2658,EDUARDO PEDROSA,UNIÃO,SIM,1,2026-08-27
2025,NOMINAL,2658,FÁBIO FELIX,PSOL,NAO,1,2026-08-27
2025,NOMINAL,2658,GABRIEL MAGNO,PT,NAO,1,2026-08-27
2025,NOMINAL,2658,HERMETO,MDB,SIM,1,2026-08-27
2025,NOMINAL,2658,IOLANDO,MDB,SIM,1,2026-08-27
2025,NOMINAL,2658,JAQUELINE SILVA,MDB,SIM,1,2026-08-27
2025,NOMINAL,2658,JOAQUIM RORIZ NETO,PL,SIM,1,2026-08-27
2025,NOMINAL,2658,JORGE VIANNA,PSD,SIM,1,2026-08-27
2025,NOMINAL,2658,JOÃO CARDOSO,AVANTE,SIM,1,2026-08-27
2025,NOMINAL,2658,MARTINS MACHADO,REPUBLICANOS,SIM,1,2026-08-27
2025,NOMINAL,2658,PASTOR DANIEL DE CASTRO,PP,SIM,1,2026-08-27
2025,NOMINAL,2658,PAULA BELMONTE,CIDADANIA,NAO,1,2026-08-27
2025,NOMINAL,2658,PEPA,PP,SIM,1,2026-08-27
2025,NOMINAL,2658,RICARDO VALE,PT,NAO,1,2026-08-27
2025,NOMINAL,2658,ROOSEVELT VILELA,PL,SIM,1,2026-08-27
2025,NOMINAL,2658,THIAGO MANZONI,PL,SIM,1,2026-08-27
2025,NOMINAL,2658,WELLINGTON LUIZ,MDB,SIM,1,2026-08-27
2025,NOMINAL,2659,CHICO VIGILANTE,PT,NAO,1,2026-08-27
2025,NOMINAL,2659,DAYSE AMARILIO,PSB,NAO,1,2026-08-27
2025,NOMINAL,2659,EDUARDO PEDROSA,UNIÃO,SIM,1,2026-08-27
2025,NOMINAL,2659,FÁBIO FELIX,PSOL,NAO,1,2026-08-27
2025,NOMINAL,2659,GABRIEL MAGNO,PT,NAO,1,2026-08-27
2025,NOMINAL,2659,HERMETO,MDB,SIM,1,2026-08-27
2025,NOMINAL,2659,IOLANDO,MDB,SIM,1,2026-08-27
2025,NOMINAL,2659,JAQUELINE SILVA,MDB,SIM,1,2026-08-27
2025,NOMINAL,2659,JOAQUIM RORIZ NETO,PL,SIM,1,2026-08-27
2025,NOMINAL,2659,JORGE VIANNA,PSD,SIM,1,2026-08-27
2025,NOMINAL,2659,JOÃO CARDOSO,AVANTE,SIM,1,2026-08-27
2025,NOMINAL,2659,MARTINS MACHADO,REPUBLICANOS,SIM,1,2026-08-27
2025,NOMINAL,2659,MAX MACIEL,PSOL,NAO,1,2026-08-27
2025,NOMINAL,2659,PASTOR DANIEL DE CASTRO,PP,SIM,1,2026-08-27
2025,NOMINAL,2659,PEPA,PP,SIM,1,2026-08-27
2025,NOMINAL,2659,RICARDO VALE,PT,NAO,1,2026-08-27
2025,NOMINAL,2659,ROOSEVELT VILELA,PL,SIM,1,2026-08-27
2025,NOMINAL,2659,THIAGO MANZONI,PL,SIM,1,2026-08-27
2025,NOMINAL,2659,WELLINGTON LUIZ,MDB,SIM,1,2026-08-27
2025,NOMINAL,2696,CHICO VIGILANTE,PT,NAO,1,2026-08-27
2025,NOMINAL,2696,DANIEL DONIZET,MDB,SIM,1,2026-08-27
2025,NOMINAL,2696,DAYSE AMARILIO,PSB,NAO,1,2026-08-27
2025,NOMINAL,2696,DOUTORA JANE,REPUBLICANOS,SIM,1,2026-08-27
2025,NOMINAL,2696,EDUARDO PEDROSA,UNIÃO,SIM,1,2026-08-27
2025,NOMINAL,2696,GABRIEL MAGNO,PT,NAO,1,2026-08-27
2025,NOMINAL,2696,HERMETO,MDB,SIM,1,2026-08-27
2025,NOMINAL,2696,JAQUELINE SILVA,MDB,SIM,1,2026-08-27
2025,NOMINAL,2696,JOAQUIM RORIZ NETO,PL,SIM,1,2026-08-27
2025,NOMINAL,2696,JORGE VIANNA,PSD,SIM,1,2026-08-27
2025,NOMINAL,2696,JOÃO CARDOSO,AVANTE,SIM,1,2026-08-27
2025,NOMINAL,2696,MARTINS MACHADO,REPUBLICANOS,SIM,1,2026-08-27
2025,NOMINAL,2696,MAX MACIEL,PSOL,NAO,1,2026-08-27
2025,NOMINAL,2696,PEPA,PP,SIM,1,2026-08-27
2025,NOMINAL,2696,RICARDO VALE,PT,NAO,1,2026-08-27
2025,NOMINAL,2696,ROGERIO MORRO DA CRUZ,PRD,SIM,1,2026-08-27
2025,NOMINAL,2696,ROOSEVELT VILELA,PL,SIM,1,2026-08-27
2025,NOMINAL,2696,THIAGO MANZONI,PL,SIM,1,2026-08-27
2025,NOMINAL,2696,WELLINGTON LUIZ,MDB,SIM,1,2026-08-27
2025,NOMINAL,2697,CHICO VIGILANTE,PT,NAO,1,2026-08-27
2025,NOMINAL,2697,DANIEL DONIZET,MDB,SIM,1,2026-08-27
2025,NOMINAL,2697,DAYSE AMARILIO,PSB,NAO,1,2026-08-27
2025,NOMINAL,2697,DOUTORA JANE,REPUBLICANOS,SIM,1,2026-08-27
2025,NOMINAL,2697,EDUARDO PEDROSA,UNIÃO,SIM,1,2026-08-27
2025,NOMINAL,2697,FÁBIO FELIX,PSOL,NAO,1,2026-08-27
2025,NOMINAL,2697,HERMETO,MDB,SIM,1,2026-08-27
2025,NOMINAL,2697,JAQUELINE SILVA,MDB,SIM,1,2026-08-27
2025,NOMINAL,2697,JOAQUIM RORIZ NETO,PL,SIM,1,2026-08-27
2025,NOMINAL,2697,JORGE VIANNA,PSD,SIM,1,2026-08-27
2025,NOMINAL,2697,JOÃO CARDOSO,AVANTE,SIM,1,2026-08-27
2025,NOMINAL,2697,MARTINS MACHADO,REPUBLICANOS,SIM,1,2026-08-27
2025,NOMINAL,2697,MAX MACIEL,PSOL,NAO,1,2026-08-27
2025,NOMINAL,2697,PASTOR DANIEL DE CASTRO,PP,SIM,1,2026-08-27
2025,NOMINAL,2697,PEPA,PP,SIM,1,2026-08-27
2025,NOMINAL,2697,RICARDO VALE,PT,NAO,1,2026-08-27
2025,NOMINAL,2697,ROGERIO MORRO DA CRUZ,PRD,SIM,1,2026-08-27
2025,NOMINAL,2697,ROOSEVELT VILELA,PL,SIM,1,2026-08-27
2025,NOMINAL,2697,THIAGO MANZONI,PL,SIM,1,2026-08-27
2025,NOMINAL,2697,WELLINGTON LUIZ,MDB,SIM,1,2026-08-27
2025,NOMINAL,2700,CHICO VIGILANTE,PT,NAO,1,2026-08-27
2025,NOMINAL,2700,DANIEL DONIZET,MDB,SIM,1,2026-08-27
2025,NOMINAL,2700,DAYSE AMARILIO,PSB,NAO,1,2026-08-27
2025,NOMINAL,2700,DOUTORA JANE,REPUBLICANOS,SIM,1,2026-08-27
2025,NOMINAL,2700,EDUARDO PEDROSA,UNIÃO,SIM,1,2026-08-27
2025,NOMINAL,2700,FÁBIO FELIX,PSOL,NAO,1,2026-08-27
2025,NOMINAL,2700,GABRIEL MAGNO,PT,NAO,1,2026-08-27
2025,NOMINAL,2700,IOLANDO,MDB,SIM,1,2026-08-27
2025,NOMINAL,2700,JAQUELINE SILVA,MDB,SIM,1,2026-08-27
2025,NOMINAL,2700,JOAQUIM RORIZ NETO,PL,SIM,1,2026-08-27
2025,NOMINAL,2700,JOÃO CARDOSO,AVANTE,SIM,1,2026-08-27
2025,NOMINAL,2700,MARTINS MACHADO,REPUBLICANOS,SIM,1,2026-08-27
2025,NOMINAL,2700,MAX MACIEL,PSOL,NAO,1,2026-08-27
2025,NOMINAL,2700,PASTOR DANIEL DE CASTRO,PP,SIM,1,2026-08-27
2025,NOMINAL,2700,PEPA,PP,SIM,1,2026-08-27
2025,NOMINAL,2700,RICARDO VALE,PT,NAO,1,2026-08-27
2025,NOMINAL,2700,ROBÉRIO NEGREIROS,PSD,SIM,1,2026-08-27
2025,NOMINAL,2700,ROGERIO MORRO DA CRUZ,PRD,SIM,1,2026-08-27
2025,NOMINAL,2700,ROOSEVELT VILELA,PL,SIM,1,2026-08-27
2025,NOMINAL,2700,THIAGO MANZONI,PL,SIM,1,2026-08-27
2025,NOMINAL,2700,WELLINGTON LUIZ,MDB,SIM,1,2026-08-27
2025,NOMINAL,2702,CHICO VIGILANTE,PT,SIM,1,2026-08-27
2025,NOMINAL,2702,DAYSE AMARILIO,PSB,SIM,1,2026-08-27
2025,NOMINAL,2702,DOUTORA JANE,REPUBLICANOS,SIM,1,2026-08-27
2025,NOMINAL,2702,EDUARDO PEDROSA,UNIÃO,SIM,1,2026-08-27
2025,NOMINAL,2702,FÁBIO FELIX,PSOL,SIM,1,2026-08-27
2025,NOMINAL,2702,GABRIEL MAGNO,PT,SIM,1,2026-08-27
2025,NOMINAL,2702,HERMETO,MDB,SIM,1,2026-08-27
2025,NOMINAL,2702,IOLANDO,MDB,SIM,1,2026-08-27
2025,NOMINAL,2702,JAQUELINE SILVA,MDB,SIM,1,2026-08-27
2025,NOMINAL,2702,JOAQUIM RORIZ NETO,PL,SIM,1,2026-08-27
2025,NOMINAL,2702,JORGE VIANNA,PSD,SIM,1,2026-08-27
2025,NOMINAL,2702,JOÃO CARDOSO,AVANTE,SIM,1,2026-08-27
2025,NOMINAL,2702,MARTINS MACHADO,REPUBLICANOS,SIM,1,2026-08-27
2025,NOMINAL,2702,MAX MACIEL,PSOL,SIM,1,2026-08-27
2025,NOMINAL,2702,PASTOR DANIEL DE CASTRO,PP,SIM,1,2026-08-27
2025,NOMINAL,2702,PEPA,PP,SIM,1,2026-08-27
2025,NOMINAL,2702,RICARDO VALE,PT,SIM,1,2026-08-27
2025,NOMINAL,2702,ROGERIO MORRO DA CRUZ,PRD,SIM,1,2026-08-27
2025,NOMINAL,2702,ROOSEVELT VILELA,PL,SIM,1,2026-08-27
2025,NOMINAL,2702,THIAGO MANZONI,PL,SIM,1,2026-08-27
2025,NOMINAL,2702,WELLINGTON LUIZ,MDB,SIM,1,2026-08-27
2025,NOMINAL,2704,CHICO VIGILANTE,PT,NAO,1,2026-08-27
2025,NOMINAL,2704,DANIEL DONIZET,MDB,SIM,1,2026-08-27
2025,NOMINAL,2704,DAYSE AMARILIO,PSB,NAO,1,2026-08-27
2025,NOMINAL,2704,DOUTORA JANE,REPUBLICANOS,SIM,1,2026-08-27
2025,NOMINAL,2704,EDUARDO PEDROSA,UNIÃO,SIM,1,2026-08-27
2025,NOMINAL,2704,FÁBIO FELIX,PSOL,NAO,1,2026-08-27
2025,NOMINAL,2704,GABRIEL MAGNO,PT,NAO,1,2026-08-27
2025,NOMINAL,2704,HERMETO,MDB,SIM,1,2026-08-27
2025,NOMINAL,2704,JAQUELINE SILVA,MDB,SIM,1,2026-08-27
2025,NOMINAL,2704,JOAQUIM RORIZ NETO,PL,SIM,1,2026-08-27
2025,NOMINAL,2704,JORGE VIANNA,PSD,SIM,1,2026-08-27
2025,NOMINAL,2704,JOÃO CARDOSO,AVANTE,SIM,1,2026-08-27
2025,NOMINAL,2704,MARTINS MACHADO,REPUBLICANOS,SIM,1,2026-08-27
2025,NOMINAL,2704,MAX MACIEL,PSOL,NAO,1,2026-08-27
2025,NOMINAL,2704,PASTOR DANIEL DE CASTRO,PP,SIM,1,2026-08-27
2025,NOMINAL,2704,PEPA,PP,SIM,1,2026-08-27
2025,NOMINAL,2704,RICARDO VALE,PT,NAO,1,2026-08-27
2025,NOMINAL,2704,ROGERIO MORRO DA CRUZ,PRD,SIM,1,2026-08-27
2025,NOMINAL,2704,ROOSEVELT VILELA,PL,SIM,1,2026-08-27
2025,NOMINAL,2704,THIAGO MANZONI,PL,SIM,1,2026-08-27
2025,NOMINAL,2704,WELLINGTON LUIZ,MDB,SIM,1,2026-08-27
2025,NOMINAL,2705,CHICO VIGILANTE,PT,NAO,1,2026-08-27
2025,NOMINAL,2705,DANIEL DONIZET,MDB,SIM,1,2026-08-27
2025,NOMINAL,2705,DAYSE AMARILIO,PSB,NAO,1,2026-08-27
2025,NOMINAL,2705,DOUTORA JANE,REPUBLICANOS,SIM,1,2026-08-27
2025,NOMINAL,2705,EDUARDO PEDROSA,UNIÃO,SIM,1,2026-08-27
2025,NOMINAL,2705,FÁBIO FELIX,PSOL,NAO,1,2026-08-27
2025,NOMINAL,2705,HERMETO,MDB,SIM,1,2026-08-27
2025,NOMINAL,2705,JAQUELINE SILVA,MDB,SIM,1,2026-08-27
2025,NOMINAL,2705,JOAQUIM RORIZ NETO,PL,SIM,1,2026-08-27
2025,NOMINAL,2705,JORGE VIANNA,PSD,SIM,1,2026-08-27
2025,NOMINAL,2705,JOÃO CARDOSO,AVANTE,SIM,1,2026-08-27
2025,NOMINAL,2705,MARTINS MACHADO,REPUBLICANOS,SIM,1,2026-08-27
2025,NOMINAL,2705,MAX MACIEL,PSOL,NAO,1,2026-08-27
2025,NOMINAL,2705,PASTOR DANIEL DE CASTRO,PP,SIM,1,2026-08-27
2025,NOMINAL,2705,PEPA,PP,SIM,1,2026-08-27
2025,NOMINAL,2705,RICARDO VALE,PT,NAO,1,2026-08-27
2025,NOMINAL,2705,ROGERIO MORRO DA CRUZ,PRD,SIM,1,2026-08-27
2025,NOMINAL,2705,ROOSEVELT VILELA,PL,SIM,1,2026-08-27
2025,NOMINAL,2705,THIAGO MANZONI,PL,SIM,1,2026-08-27
2025,NOMINAL,2705,WELLINGTON LUIZ,MDB,SIM,1,2026-08-27
2025,NOMINAL,2707,CHICO VIGILANTE,PT,SIM,1,2026-08-27
2025,NOMINAL,2707,DANIEL DONIZET,MDB,ABSTENCAO,1,2026-08-27
2025,NOMINAL,2707,DAYSE AMARILIO,PSB,SIM,1,2026-08-27
2025,NOMINAL,2707,DOUTORA JANE,REPUBLICANOS,SIM,1,2026-08-27
2025,NOMINAL,2707,EDUARDO PEDROSA,UNIÃO,ABSTENCAO,1,2026-08-27
2025,NOMINAL,2707,FÁBIO FELIX,PSOL,SIM,1,2026-08-27
2025,NOMINAL,2707,GABRIEL MAGNO,PT,SIM,1,2026-08-27
2025,NOMINAL,2707,HERMETO,MDB,ABSTENCAO,1,2026-08-27
2025,NOMINAL,2707,JAQUELINE SILVA,MDB,SIM,1,2026-08-27
2025,NOMINAL,2707,JOAQUIM RORIZ NETO,PL,SIM,1,2026-08-27
2025,NOMINAL,2707,JORGE VIANNA,PSD,SIM,1,2026-08-27
2025,NOMINAL,2707,JOÃO CARDOSO,AVANTE,SIM,1,2026-08-27
2025,NOMINAL,2707,MARTINS MACHADO,REPUBLICANOS,SIM,1,2026-08-27
2025,NOMINAL,2707,MAX MACIEL,PSOL,SIM,1,2026-08-27
2025,NOMINAL,2707,PASTOR DANIEL DE CASTRO,PP,SIM,1,2026-08-27
2025,NOMINAL,2707,PEPA,PP,SIM,1,2026-08-27
2025,NOMINAL,2707,RICARDO VALE,PT,SIM,1,2026-08-27
2025,NOMINAL,2707,ROGERIO MORRO DA CRUZ,PRD,SIM,1,2026-08-27
2025,NOMINAL,2707,ROOSEVELT VILELA,PL,SIM,1,2026-08-27
2025,NOMINAL,2707,THIAGO MANZONI,PL,ABSTENCAO,1,2026-08-27
2025,NOMINAL,2707,WELLINGTON LUIZ,MDB,SIM,1,2026-08-27
2025,NOMINAL,2709,CHICO VIGILANTE,PT,SIM,1,2026-08-27
2025,NOMINAL,2709,DANIEL DONIZET,MDB,SIM,1,2026-08-27
2025,NOMINAL,2709,DAYSE AMARILIO,PSB,SIM,1,2026-08-27
2025,NOMINAL,2709,DOUTORA JANE,REPUBLICANOS,SIM,1,2026-08-27
2025,NOMINAL,2709,EDUARDO PEDROSA,UNIÃO,SIM,1,2026-08-27
2025,NOMINAL,2709,FÁBIO FELIX,PSOL,SIM,1,2026-08-27
2025,NOMINAL,2709,HERMETO,MDB,SIM,1,2026-08-27
2025,NOMINAL,2709,JAQUELINE SILVA,MDB,SIM,1,2026-08-27
2025,NOMINAL,2709,JOAQUIM RORIZ NETO,PL,SIM,1,2026-08-27
2025,NOMINAL,2709,JORGE VIANNA,PSD,SIM,1,2026-08-27
2025,NOMINAL,2709,JOÃO CARDOSO,AVANTE,SIM,1,2026-08-27
2025,NOMINAL,2709,MARTINS MACHADO,REPUBLICANOS,SIM,1,2026-08-27
2025,NOMINAL,2709,MAX MACIEL,PSOL,SIM,1,2026-08-27
2025,NOMINAL,2709,PASTOR DANIEL DE CASTRO,PP,SIM,1,2026-08-27
2025,NOMINAL,2709,PEPA,PP,SIM,1,2026-08-27
2025,NOMINAL,2709,RICARDO VALE,PT,SIM,1,2026-08-27
2025,NOMINAL,2709,ROGERIO MORRO DA CRUZ,PRD,SIM,1,2026-08-27
2025,NOMINAL,2709,ROOSEVELT VILELA,PL,SIM,1,2026-08-27
2025,NOMINAL,2709,THIAGO MANZONI,PL,ABSTENCAO,1,2026-08-27
2025,NOMINAL,2709,WELLINGTON LUIZ,MDB,SIM,1,2026-08-27
2025,NOMINAL,2750,CHICO VIGILANTE,PT,SIM,1,2026-08-27
2025,NOMINAL,2750,DANIEL DONIZET,MDB,SIM,1,2026-08-27
2025,NOMINAL,2750,DAYSE AMARILIO,PSB,NAO,1,2026-08-27
2025,NOMINAL,2750,DOUTORA JANE,REPUBLICANOS,SIM,1,2026-08-27
2025,NOMINAL,2750,EDUARDO PEDROSA,UNIÃO,SIM,1,2026-08-27
2025,NOMINAL,2750,FÁBIO FELIX,PSOL,NAO,1,2026-08-27
2025,NOMINAL,2750,GABRIEL MAGNO,PT,NAO,1,2026-08-27
2025,NOMINAL,2750,HERMETO,MDB,SIM,1,2026-08-27
2025,NOMINAL,2750,JAQUELINE SILVA,MDB,SIM,1,2026-08-27
2025,NOMINAL,2750,JOAQUIM RORIZ NETO,PL,SIM,1,2026-08-27
2025,NOMINAL,2750,JORGE VIANNA,PSD,SIM,1,2026-08-27
2025,NOMINAL,2750,JOÃO CARDOSO,AVANTE,SIM,1,2026-08-27
2025,NOMINAL,2750,MARTINS MACHADO,REPUBLICANOS,SIM,1,2026-08-27
2025,NOMINAL,2750,MAX MACIEL,PSOL,NAO,1,2026-08-27
2025,NOMINAL,2750,PASTOR DANIEL DE CASTRO,PP,SIM,1,2026-08-27
2025,NOMINAL,2750,PEPA,PP,SIM,1,2026-08-27
2025,NOMINAL,2750,RICARDO VALE,PT,SIM,1,2026-08-27
2025,NOMINAL,2750,ROGERIO MORRO DA CRUZ,PRD,SIM,1,2026-08-27
2025,NOMINAL,2750,ROOSEVELT VILELA,PL,SIM,1,2026-08-27
2025,NOMINAL,2750,THIAGO MANZONI,PL,SIM,1,2026-08-27
2025,NOMINAL,2750,WELLINGTON LUIZ,MDB,SIM,1,2026-08-27
2025,NOMINAL,2751,CHICO VIGILANTE,PT,SIM,1,2026-08-27
2025,NOMINAL,2751,DANIEL DONIZET,MDB,SIM,1,2026-08-27
2025,NOMINAL,2751,DAYSE AMARILIO,PSB,NAO,1,2026-08-27
2025,NOMINAL,2751,DOUTORA JANE,REPUBLICANOS,SIM,1,2026-08-27
2025,NOMINAL,2751,EDUARDO PEDROSA,UNIÃO,SIM,1,2026-08-27
2025,NOMINAL,2751,FÁBIO FELIX,PSOL,NAO,1,2026-08-27
2025,NOMINAL,2751,HERMETO,MDB,SIM,1,2026-08-27
2025,NOMINAL,2751,JAQUELINE SILVA,MDB,SIM,1,2026-08-27
2025,NOMINAL,2751,JOAQUIM RORIZ NETO,PL,SIM,1,2026-08-27
2025,NOMINAL,2751,JORGE VIANNA,PSD,SIM,1,2026-08-27
2025,NOMINAL,2751,JOÃO CARDOSO,AVANTE,SIM,1,2026-08-27
2025,NOMINAL,2751,MARTINS MACHADO,REPUBLICANOS,SIM,1,2026-08-27
2025,NOMINAL,2751,MAX MACIEL,PSOL,NAO,1,2026-08-27
2025,NOMINAL,2751,PASTOR DANIEL DE CASTRO,PP,SIM,1,2026-08-27
2025,NOMINAL,2751,PEPA,PP,SIM,1,2026-08-27
2025,NOMINAL,2751,RICARDO VALE,PT,SIM,1,2026-08-27
2025,NOMINAL,2751,ROGERIO MORRO DA CRUZ,PRD,SIM,1,2026-08-27
2025,NOMINAL,2751,ROOSEVELT VILELA,PL,SIM,1,2026-08-27
2025,NOMINAL,2751,THIAGO MANZONI,PL,SIM,1,2026-08-27
2025,NOMINAL,2751,WELLINGTON LUIZ,MDB,SIM,1,2026-08-27
2025,NOMINAL,2758,CHICO VIGILANTE,PT,SIM,1,2026-08-27
2025,NOMINAL,2758,DANIEL DONIZET,MDB,SIM,1,2026-08-27
2025,NOMINAL,2758,DAYSE AMARILIO,PSB,SIM,1,2026-08-27
2025,NOMINAL,2758,DOUTORA JANE,REPUBLICANOS,SIM,1,2026-08-27
2025,NOMINAL,2758,EDUARDO PEDROSA,UNIÃO,SIM,1,2026-08-27
2025,NOMINAL,2758,FÁBIO FELIX,PSOL,SIM,1,2026-08-27
2025,NOMINAL,2758,GABRIEL MAGNO,PT,SIM,1,2026-08-27
2025,NOMINAL,2758,HERMETO,MDB,SIM,1,2026-08-27
2025,NOMINAL,2758,JAQUELINE SILVA,MDB,SIM,1,2026-08-27
2025,NOMINAL,2758,JOAQUIM RORIZ NETO,PL,SIM,1,2026-08-27
2025,NOMINAL,2758,JORGE VIANNA,PSD,SIM,1,2026-08-27
2025,NOMINAL,2758,JOÃO CARDOSO,AVANTE,SIM,1,2026-08-27
2025,NOMINAL,2758,MARTINS MACHADO,REPUBLICANOS,SIM,1,2026-08-27
2025,NOMINAL,2758,PASTOR DANIEL DE CASTRO,PP,SIM,1,2026-08-27
2025,NOMINAL,2758,PEPA,PP,SIM,1,2026-08-27
2025,NOMINAL,2758,RICARDO VALE,PT,SIM,1,2026-08-27
2025,NOMINAL,2758,ROGERIO MORRO DA CRUZ,PRD,SIM,1,2026-08-27
2025,NOMINAL,2758,ROOSEVELT VILELA,PL,SIM,1,2026-08-27
2025,NOMINAL,2758,THIAGO MANZONI,PL,SIM,1,2026-08-27
2025,NOMINAL,2758,WELLINGTON LUIZ,MDB,SIM,1,2026-08-27
2025,NOMINAL,2759,CHICO VIGILANTE,PT,NAO,1,2026-08-27
2025,NOMINAL,2759,DANIEL DONIZET,MDB,SIM,1,2026-08-27
2025,NOMINAL,2759,DAYSE AMARILIO,PSB,NAO,1,2026-08-27
2025,NOMINAL,2759,DOUTORA JANE,REPUBLICANOS,SIM,1,2026-08-27
2025,NOMINAL,2759,EDUARDO PEDROSA,UNIÃO,SIM,1,2026-08-27
2025,NOMINAL,2759,FÁBIO FELIX,PSOL,NAO,1,2026-08-27
2025,NOMINAL,2759,GABRIEL MAGNO,PT,NAO,1,2026-08-27
2025,NOMINAL,2759,HERMETO,MDB,SIM,1,2026-08-27
2025,NOMINAL,2759,JAQUELINE SILVA,MDB,SIM,1,2026-08-27
2025,NOMINAL,2759,JOAQUIM RORIZ NETO,PL,SIM,1,2026-08-27
2025,NOMINAL,2759,JOÃO CARDOSO,AVANTE,SIM,1,2026-08-27
2025,NOMINAL,2759,MARTINS MACHADO,REPUBLICANOS,SIM,1,2026-08-27
2025,NOMINAL,2759,MAX MACIEL,PSOL,NAO,1,2026-08-27
2025,NOMINAL,2759,PASTOR DANIEL DE CASTRO,PP,SIM,1,2026-08-27
2025,NOMINAL,2759,PEPA,PP,SIM,1,2026-08-27
2025,NOMINAL,2759,RICARDO VALE,PT,NAO,1,2026-08-27
2025,NOMINAL,2759,ROGERIO MORRO DA CRUZ,PRD,SIM,1,2026-08-27
2025,NOMINAL,2759,ROOSEVELT VILELA,PL,SIM,1,2026-08-27
2025,NOMINAL,2759,THIAGO MANZONI,PL,SIM,1,2026-08-27
2025,NOMINAL,2759,WELLINGTON LUIZ,MDB,SIM,1,2026-08-27
2025,NOMINAL,2760,CHICO VIGILANTE,PT,SIM,1,2026-08-27
2025,NOMINAL,2760,DANIEL DONIZET,MDB,NAO,1,2026-08-27
2025,NOMINAL,2760,DAYSE AMARILIO,PSB,SIM,1,2026-08-27
2025,NOMINAL,2760,DOUTORA JANE,REPUBLICANOS,NAO,1,2026-08-27
2025,NOMINAL,2760,EDUARDO PEDROSA,UNIÃO,NAO,1,2026-08-27
2025,NOMINAL,2760,FÁBIO FELIX,PSOL,SIM,1,2026-08-27
2025,NOMINAL,2760,GABRIEL MAGNO,PT,SIM,1,2026-08-27
2025,NOMINAL,2760,HERMETO,MDB,NAO,1,2026-08-27
2025,NOMINAL,2760,JAQUELINE SILVA,MDB,NAO,1,2026-08-27
2025,NOMINAL,2760,JOAQUIM RORIZ NETO,PL,NAO,1,2026-08-27
2025,NOMINAL,2760,JORGE VIANNA,PSD,ABSTENCAO,1,2026-08-27
2025,NOMINAL,2760,JOÃO CARDOSO,AVANTE,NAO,1,2026-08-27
2025,NOMINAL,2760,MARTINS MACHADO,REPUBLICANOS,NAO,1,2026-08-27
2025,NOMINAL,2760,MAX MACIEL,PSOL,SIM,1,2026-08-27
2025,NOMINAL,2760,PASTOR DANIEL DE CASTRO,PP,NAO,1,2026-08-27
2025,NOMINAL,2760,PEPA,PP,NAO,1,2026-08-27
2025,NOMINAL,2760,RICARDO VALE,PT,SIM,1,2026-08-27
2025,NOMINAL,2760,ROGERIO MORRO DA CRUZ,PRD,NAO,1,2026-08-27
2025,NOMINAL,2760,ROOSEVELT VILELA,PL,NAO,1,2026-08-27
2025,NOMINAL,2760,THIAGO MANZONI,PL,NAO,1,2026-08-27
2025,NOMINAL,2760,WELLINGTON LUIZ,MDB,NAO,1,2026-08-27
2025,NOMINAL,2761,CHICO VIGILANTE,PT,SIM,1,2026-08-27
2025,NOMINAL,2761,DANIEL DONIZET,MDB,NAO,1,2026-08-27
2025,NOMINAL,2761,DAYSE AMARILIO,PSB,SIM,1,2026-08-27
2025,NOMINAL,2761,DOUTORA JANE,REPUBLICANOS,NAO,1,2026-08-27
2025,NOMINAL,2761,EDUARDO PEDROSA,UNIÃO,NAO,1,2026-08-27
2025,NOMINAL,2761,FÁBIO FELIX,PSOL,SIM,1,2026-08-27
2025,NOMINAL,2761,GABRIEL MAGNO,PT,SIM,1,2026-08-27
2025,NOMINAL,2761,HERMETO,MDB,NAO,1,2026-08-27
2025,NOMINAL,2761,JAQUELINE SILVA,MDB,NAO,1,2026-08-27
2025,NOMINAL,2761,JOAQUIM RORIZ NETO,PL,NAO,1,2026-08-27
2025,NOMINAL,2761,JORGE VIANNA,PSD,ABSTENCAO,1,2026-08-27
2025,NOMINAL,2761,JOÃO CARDOSO,AVANTE,NAO,1,2026-08-27
2025,NOMINAL,2761,MARTINS MACHADO,REPUBLICANOS,NAO,1,2026-08-27
2025,NOMINAL,2761,MAX MACIEL,PSOL,SIM,1,2026-08-27
2025,NOMINAL,2761,PASTOR DANIEL DE CASTRO,PP,NAO,1,2026-08-27
2025,NOMINAL,2761,PEPA,PP,NAO,1,2026-08-27
2025,NOMINAL,2761,RICARDO VALE,PT,SIM,1,2026-08-27
2025,NOMINAL,2761,ROGERIO MORRO DA CRUZ,PRD,NAO,1,2026-08-27
2025,NOMINAL,2761,ROOSEVELT VILELA,PL,NAO,1,2026-08-27
2025,NOMINAL,2761,THIAGO MANZONI,PL,NAO,1,2026-08-27
2025,NOMINAL,2761,WELLINGTON LUIZ,MDB,NAO,1,2026-08-27
2025,NOMINAL,2762,CHICO VIGILANTE,PT,NAO,1,2026-08-27
2025,NOMINAL,2762,DANIEL DONIZET,MDB,SIM,1,2026-08-27
2025,NOMINAL,2762,DAYSE AMARILIO,PSB,NAO,1,2026-08-27
2025,NOMINAL,2762,DOUTORA JANE,REPUBLICANOS,SIM,1,2026-08-27
2025,NOMINAL,2762,EDUARDO PEDROSA,UNIÃO,SIM,1,2026-08-27
2025,NOMINAL,2762,FÁBIO FELIX,PSOL,NAO,1,2026-08-27
2025,NOMINAL,2762,GABRIEL MAGNO,PT,NAO,1,2026-08-27
2025,NOMINAL,2762,HERMETO,MDB,SIM,1,2026-08-27
2025,NOMINAL,2762,JAQUELINE SILVA,MDB,SIM,1,2026-08-27
2025,NOMINAL,2762,JOAQUIM RORIZ NETO,PL,SIM,1,2026-08-27
2025,NOMINAL,2762,JORGE VIANNA,PSD,SIM,1,2026-08-27
2025,NOMINAL,2762,JOÃO CARDOSO,AVANTE,SIM,1,2026-08-27
2025,NOMINAL,2762,MARTINS MACHADO,REPUBLICANOS,SIM,1,2026-08-27
2025,NOMINAL,2762,MAX MACIEL,PSOL,NAO,1,2026-08-27
2025,NOMINAL,2762,PASTOR DANIEL DE CASTRO,PP,SIM,1,2026-08-27
2025,NOMINAL,2762,PEPA,PP,SIM,1,2026-08-27
2025,NOMINAL,2762,RICARDO VALE,PT,NAO,1,2026-08-27
2025,NOMINAL,2762,ROGERIO MORRO DA CRUZ,PRD,SIM,1,2026-08-27
2025,NOMINAL,2762,ROOSEVELT VILELA,PL,SIM,1,2026-08-27
2025,NOMINAL,2762,THIAGO MANZONI,PL,SIM,1,2026-08-27
2025,NOMINAL,2762,WELLINGTON LUIZ,MDB,SIM,1,2026-08-27
2025,NOMINAL,2763,CHICO VIGILANTE,PT,SIM,1,2026-08-27
2025,NOMINAL,2763,DANIEL DONIZET,MDB,NAO,1,2026-08-27
2025,NOMINAL,2763,DAYSE AMARILIO,PSB,SIM,1,2026-08-27
2025,NOMINAL,2763,DOUTORA JANE,REPUBLICANOS,NAO,1,2026-08-27
2025,NOMINAL,2763,EDUARDO PEDROSA,UNIÃO,NAO,1,2026-08-27
2025,NOMINAL,2763,FÁBIO FELIX,PSOL,SIM,1,2026-08-27
2025,NOMINAL,2763,GABRIEL MAGNO,PT,SIM,1,2026-08-27
2025,NOMINAL,2763,HERMETO,MDB,NAO,1,2026-08-27
2025,NOMINAL,2763,JAQUELINE SILVA,MDB,NAO,1,2026-08-27
2025,NOMINAL,2763,JOAQUIM RORIZ NETO,PL,NAO,1,2026-08-27
2025,NOMINAL,2763,JORGE VIANNA,PSD,NAO,1,2026-08-27
2025,NOMINAL,2763,JOÃO CARDOSO,AVANTE,NAO,1,2026-08-27
2025,NOMINAL,2763,MARTINS MACHADO,REPUBLICANOS,NAO,1,2026-08-27
2025,NOMINAL,2763,MAX MACIEL,PSOL,SIM,1,2026-08-27
2025,NOMINAL,2763,PASTOR DANIEL DE CASTRO,PP,NAO,1,2026-08-27
2025,NOMINAL,2763,PEPA,PP,NAO,1,2026-08-27
2025,NOMINAL,2763,RICARDO VALE,PT,SIM,1,2026-08-27
2025,NOMINAL,2763,ROGERIO MORRO DA CRUZ,PRD,NAO,1,2026-08-27
2025,NOMINAL,2763,ROOSEVELT VILELA,PL,NAO,1,2026-08-27
2025,NOMINAL,2763,THIAGO MANZONI,PL,NAO,1,2026-08-27
2025,NOMINAL,2763,WELLINGTON LUIZ,MDB,NAO,1,2026-08-27
2025,NOMINAL,2768,CHICO VIGILANTE,PT,SIM,1,2026-08-27
2025,NOMINAL,2768,DANIEL DONIZET,MDB,SIM,1,2026-08-27
2025,NOMINAL,2768,DAYSE AMARILIO,PSB,SIM,1,2026-08-27
2025,NOMINAL,2768,DOUTORA JANE,REPUBLICANOS,SIM,1,2026-08-27
2025,NOMINAL,2768,EDUARDO PEDROSA,UNIÃO,SIM,1,2026-08-27
2025,NOMINAL,2768,FÁBIO FELIX,PSOL,SIM,1,2026-08-27
2025,NOMINAL,2768,HERMETO,MDB,SIM,1,2026-08-27
2025,NOMINAL,2768,JAQUELINE SILVA,MDB,SIM,1,2026-08-27
2025,NOMINAL,2768,JOAQUIM RORIZ NETO,PL,SIM,1,2026-08-27
2025,NOMINAL,2768,JORGE VIANNA,PSD,SIM,1,2026-08-27
2025,NOMINAL,2768,MARTINS MACHADO,REPUBLICANOS,SIM,1,2026-08-27
2025,NOMINAL,2768,MAX MACIEL,PSOL,SIM,1,2026-08-27
2025,NOMINAL,2768,PASTOR DANIEL DE CASTRO,PP,SIM,1,2026-08-27
2025,NOMINAL,2768,PEPA,PP,SIM,1,2026-08-27
2025,NOMINAL,2768,RICARDO VALE,PT,SIM,1,2026-08-27
2025,NOMINAL,2768,ROGERIO MORRO DA CRUZ,PRD,SIM,1,2026-08-27
2025,NOMINAL,2768,ROOSEVELT VILELA,PL,SIM,1,2026-08-27
2025,NOMINAL,2768,THIAGO MANZONI,PL,SIM,1,2026-08-27
2025,NOMINAL,2768,WELLINGTON LUIZ,MDB,SIM,1,2026-08-27
2025,NOMINAL,2787,CHICO VIGILANTE,PT,NAO,1,2026-08-27
2025,NOMINAL,2787,DANIEL DONIZET,MDB,SIM,1,2026-08-27
2025,NOMINAL,2787,DAYSE AMARILIO,PSB,NAO,1,2026-08-27
2025,NOMINAL,2787,EDUARDO PEDROSA,UNIÃO,SIM,1,2026-08-27
2025,NOMINAL,2787,FÁBIO FELIX,PSOL,NAO,1,2026-08-27
2025,NOMINAL,2787,GABRIEL MAGNO,PT,NAO,1,2026-08-27
2025,NOMINAL,2787,IOLANDO,MDB,SIM,1,2026-08-27
2025,NOMINAL,2787,JAQUELINE SILVA,MDB,SIM,1,2026-08-27
2025,NOMINAL,2787,JORGE VIANNA,PSD,SIM,1,2026-08-27
2025,NOMINAL,2787,MARTINS MACHADO,REPUBLICANOS,SIM,1,2026-08-27
2025,NOMINAL,2787,MAX MACIEL,PSOL,NAO,1,2026-08-27
2025,NOMINAL,2787,PASTOR DANIEL DE CASTRO,PP,SIM,1,2026-08-27
2025,NOMINAL,2787,PAULA BELMONTE,CIDADANIA,NAO,1,2026-08-27
2025,NOMINAL,2787,PEPA,PP,SIM,1,2026-08-27
2025,NOMINAL,2787,RICARDO VALE,PT,NAO,1,2026-08-27
2025,NOMINAL,2787,ROBÉRIO NEGREIROS,PSD,SIM,1,2026-08-27
2025,NOMINAL,2787,ROGERIO MORRO DA CRUZ,PRD,SIM,1,2026-08-27
2025,NOMINAL,2787,ROOSEVELT VILELA,PL,SIM,1,2026-08-27
2025,NOMINAL,2787,WELLINGTON LUIZ,MDB,SIM,1,2026-08-27
2025,NOMINAL,2843,CHICO VIGILANTE,PT,ABSTENCAO,1,2026-08-27
2025,NOMINAL,2843,DANIEL DONIZET,MDB,NAO,1,2026-08-27
2025,NOMINAL,2843,DAYSE AMARILIO,PSB,SIM,1,2026-08-27
2025,NOMINAL,2843,EDUARDO PEDROSA,UNIÃO,NAO,1,2026-08-27
2025,NOMINAL,2843,FÁBIO FELIX,PSOL,SIM,1,2026-08-27
2025,NOMINAL,2843,GABRIEL MAGNO,PT,SIM,1,2026-08-27
2025,NOMINAL,2843,IOLANDO,MDB,NAO,1,2026-08-27
2025,NOMINAL,2843,JAQUELINE SILVA,MDB,NAO,1,2026-08-27
2025,NOMINAL,2843,JOAQUIM RORIZ NETO,PL,NAO,1,2026-08-27
2025,NOMINAL,2843,JORGE VIANNA,PSD,NAO,1,2026-08-27
2025,NOMINAL,2843,MARTINS MACHADO,REPUBLICANOS,NAO,1,2026-08-27
2025,NOMINAL,2843,MAX MACIEL,PSOL,SIM,1,2026-08-27
2025,NOMINAL,2843,PAULA BELMONTE,CIDADANIA,SIM,1,2026-08-27
2025,NOMINAL,2843,PEPA,PP,NAO,1,2026-08-27
2025,NOMINAL,2843,RICARDO VALE,PT,SIM,1,2026-08-27
2025,NOMINAL,2843,ROBÉRIO NEGREIROS,PSD,NAO,1,2026-08-27
2025,NOMINAL,2843,ROGERIO MORRO DA CRUZ,PRD,NAO,1,2026-08-27
2025,NOMINAL,2843,ROOSEVELT VILELA,PL,NAO,1,2026-08-27
2025,NOMINAL,2843,THIAGO MANZONI,PL,NAO,1,2026-08-27
2025,NOMINAL,2843,WELLINGTON LUIZ,MDB,NAO,1,2026-08-27
2025,NOMINAL,2849,CHICO VIGILANTE,PT,SIM,1,2026-08-27
2025,NOMINAL,2849,EDUARDO PEDROSA,UNIÃO,SIM,1,2026-08-27
2025,NOMINAL,2849,HERMETO,MDB,SIM,1,2026-08-27
2025,NOMINAL,2849,JAQUELINE SILVA,MDB,SIM,1,2026-08-27
2025,NOMINAL,2849,JOAQUIM RORIZ NETO,PL,SIM,1,2026-08-27
2025,NOMINAL,2849,JORGE VIANNA,PSD,SIM,1,2026-08-27
2025,NOMINAL,2849,JOÃO CARDOSO,AVANTE,SIM,1,2026-08-27
2025,NOMINAL,2849,MARTINS MACHADO,REPUBLICANOS,SIM,1,2026-08-27
2025,NOMINAL,2849,PASTOR DANIEL DE CASTRO,PP,SIM,1,2026-08-27
2025,NOMINAL,2849,PEPA,PP,SIM,1,2026-08-27
2025,NOMINAL,2849,RICARDO VALE,PT,SIM,1,2026-08-27
2025,NOMINAL,2849,ROBÉRIO NEGREIROS,PSD,SIM,1,2026-08-27
2025,NOMINAL,2849,ROGERIO MORRO DA CRUZ,PRD,SIM,1,2026-08-27
2025,NOMINAL,2849,ROOSEVELT VILELA,PL,SIM,1,2026-08-27
2025,NOMINAL,2849,THIAGO MANZONI,PL,SIM,1,2026-08-27
2025,NOMINAL,2849,WELLINGTON LUIZ,MDB,SIM,1,2026-08-27
2025,NOMINAL,2850,CHICO VIGILANTE,PT,SIM,1,2026-08-27
2025,NOMINAL,2850,DOUTORA JANE,REPUBLICANOS,SIM,1,2026-08-27
2025,NOMINAL,2850,EDUARDO PEDROSA,UNIÃO,SIM,1,2026-08-27
2025,NOMINAL,2850,HERMETO,MDB,SIM,1,2026-08-27
2025,NOMINAL,2850,JAQUELINE SILVA,MDB,SIM,1,2026-08-27
2025,NOMINAL,2850,JOAQUIM RORIZ NETO,PL,SIM,1,2026-08-27
2025,NOMINAL,2850,JORGE VIANNA,PSD,SIM,1,2026-08-27
2025,NOMINAL,2850,JOÃO CARDOSO,AVANTE,SIM,1,2026-08-27
2025,NOMINAL,2850,MARTINS MACHADO,REPUBLICANOS,SIM,1,2026-08-27
2025,NOMINAL,2850,PASTOR DANIEL DE CASTRO,PP,SIM,1,2026-08-27
2025,NOMINAL,2850,PEPA,PP,SIM,1,2026-08-27
2025,NOMINAL,2850,RICARDO VALE,PT,SIM,1,2026-08-27
2025,NOMINAL,2850,ROBÉRIO NEGREIROS,PSD,SIM,1,2026-08-27
2025,NOMINAL,2850,ROGERIO MORRO DA CRUZ,PRD,SIM,1,2026-08-27
2025,NOMINAL,2850,ROOSEVELT VILELA,PL,SIM,1,2026-08-27
2025,NOMINAL,2850,THIAGO MANZONI,PL,SIM,1,2026-08-27
2025,NOMINAL,2850,WELLINGTON LUIZ,MDB,SIM,1,2026-08-27
2025,NOMINAL,2851,CHICO VIGILANTE,PT,SIM,1,2026-08-27
2025,NOMINAL,2851,DOUTORA JANE,REPUBLICANOS,SIM,1,2026-08-27
2025,NOMINAL,2851,EDUARDO PEDROSA,UNIÃO,SIM,1,2026-08-27
2025,NOMINAL,2851,FÁBIO FELIX,PSOL,ABSTENCAO,1,2026-08-27
2025,NOMINAL,2851,GABRIEL MAGNO,PT,ABSTENCAO,1,2026-08-27
2025,NOMINAL,2851,HERMETO,MDB,SIM,1,2026-08-27
2025,NOMINAL,2851,JAQUELINE SILVA,MDB,SIM,1,2026-08-27
2025,NOMINAL,2851,JOAQUIM RORIZ NETO,PL,SIM,1,2026-08-27
2025,NOMINAL,2851,JORGE VIANNA,PSD,SIM,1,2026-08-27
2025,NOMINAL,2851,JOÃO CARDOSO,AVANTE,SIM,1,2026-08-27
2025,NOMINAL,2851,MARTINS MACHADO,REPUBLICANOS,SIM,1,2026-08-27
2025,NOMINAL,2851,MAX MACIEL,PSOL,ABSTENCAO,1,2026-08-27
2025,NOMINAL,2851,PASTOR DANIEL DE CASTRO,PP,SIM,1,2026-08-27
2025,NOMINAL,2851,PEPA,PP,SIM,1,2026-08-27
2025,NOMINAL,2851,RICARDO VALE,PT,SIM,1,2026-08-27
2025,NOMINAL,2851,ROBÉRIO NEGREIROS,PSD,SIM,1,2026-08-27
2025,NOMINAL,2851,ROGERIO MORRO DA CRUZ,PRD,SIM,1,2026-08-27
2025,NOMINAL,2851,ROOSEVELT VILELA,PL,SIM,1,2026-08-27
2025,NOMINAL,2851,THIAGO MANZONI,PL,SIM,1,2026-08-27
2025,NOMINAL,2851,WELLINGTON LUIZ,MDB,SIM,1,2026-08-27
2025,NOMINAL,2853,CHICO VIGILANTE,PT,SIM,1,2026-08-27
2025,NOMINAL,2853,DOUTORA JANE,REPUBLICANOS,SIM,1,2026-08-27
2025,NOMINAL,2853,EDUARDO PEDROSA,UNIÃO,SIM,1,2026-08-27
2025,NOMINAL,2853,FÁBIO FELIX,PSOL,ABSTENCAO,1,2026-08-27
2025,NOMINAL,2853,GABRIEL MAGNO,PT,ABSTENCAO,1,2026-08-27
2025,NOMINAL,2853,HERMETO,MDB,SIM,1,2026-08-27
2025,NOMINAL,2853,JAQUELINE SILVA,MDB,SIM,1,2026-08-27
2025,NOMINAL,2853,JOAQUIM RORIZ NETO,PL,SIM,1,2026-08-27
2025,NOMINAL,2853,JORGE VIANNA,PSD,SIM,1,2026-08-27
2025,NOMINAL,2853,JOÃO CARDOSO,AVANTE,SIM,1,2026-08-27
2025,NOMINAL,2853,MARTINS MACHADO,REPUBLICANOS,SIM,1,2026-08-27
2025,NOMINAL,2853,MAX MACIEL,PSOL,ABSTENCAO,1,2026-08-27
2025,NOMINAL,2853,PASTOR DANIEL DE CASTRO,PP,SIM,1,2026-08-27
2025,NOMINAL,2853,PEPA,PP,SIM,1,2026-08-27
2025,NOMINAL,2853,RICARDO VALE,PT,SIM,1,2026-08-27
2025,NOMINAL,2853,ROBÉRIO NEGREIROS,PSD,SIM,1,2026-08-27
2025,NOMINAL,2853,ROGERIO MORRO DA CRUZ,PRD,SIM,1,2026-08-27
2025,NOMINAL,2853,ROOSEVELT VILELA,PL,SIM,1,2026-08-27
2025,NOMINAL,2853,THIAGO MANZONI,PL,SIM,1,2026-08-27
2025,NOMINAL,2853,WELLINGTON LUIZ,MDB,SIM,1,2026-08-27
2025,NOMINAL,2857,CHICO VIGILANTE,PT,SIM,1,2026-08-27
2025,NOMINAL,2857,DAYSE AMARILIO,PSB,SIM,1,2026-08-27
2025,NOMINAL,2857,EDUARDO PEDROSA,UNIÃO,SIM,1,2026-08-27
2025,NOMINAL,2857,FÁBIO FELIX,PSOL,SIM,1,2026-08-27
2025,NOMINAL,2857,GABRIEL MAGNO,PT,SIM,1,2026-08-27
2025,NOMINAL,2857,HERMETO,MDB,SIM,1,2026-08-27
2025,NOMINAL,2857,IOLANDO,MDB,NAO,1,2026-08-27
2025,NOMINAL,2857,JAQUELINE SILVA,MDB,SIM,1,2026-08-27
2025,NOMINAL,2857,JOAQUIM RORIZ NETO,PL,SIM,1,2026-08-27
2025,NOMINAL,2857,JORGE VIANNA,PSD,SIM,1,2026-08-27
2025,NOMINAL,2857,JOÃO CARDOSO,AVANTE,NAO,1,2026-08-27
2025,NOMINAL,2857,MAX MACIEL,PSOL,SIM,1,2026-08-27
2025,NOMINAL,2857,PASTOR DANIEL DE CASTRO,PP,NAO,1,2026-08-27
2025,NOMINAL,2857,PEPA,PP,SIM,1,2026-08-27
2025,NOMINAL,2857,ROGERIO MORRO DA CRUZ,PRD,SIM,1,2026-08-27
2025,NOMINAL,2857,WELLINGTON LUIZ,MDB,SIM,1,2026-08-27
2025,NOMINAL,2863,CHICO VIGILANTE,PT,SIM,1,2026-08-27
2025,NOMINAL,2863,EDUARDO PEDROSA,UNIÃO,SIM,1,2026-08-27
2025,NOMINAL,2863,FÁBIO FELIX,PSOL,SIM,1,2026-08-27
2025,NOMINAL,2863,GABRIEL MAGNO,PT,SIM,1,2026-08-27
2025,NOMINAL,2863,HERMETO,MDB,SIM,1,2026-08-27
2025,NOMINAL,2863,JAQUELINE SILVA,MDB,SIM,1,2026-08-27
2025,NOMINAL,2863,JOAQUIM RORIZ NETO,PL,SIM,1,2026-08-27
2025,NOMINAL,2863,JORGE VIANNA,PSD,SIM,1,2026-08-27
2025,NOMINAL,2863,MARTINS MACHADO,REPUBLICANOS,SIM,1,2026-08-27
2025,NOMINAL,2863,MAX MACIEL,PSOL,SIM,1,2026-08-27
2025,NOMINAL,2863,PASTOR DANIEL DE CASTRO,PP,SIM,1,2026-08-27
2025,NOMINAL,2863,PEPA,PP,SIM,1,2026-08-27
2025,NOMINAL,2863,RICARDO VALE,PT,SIM,1,2026-08-27
2025,NOMINAL,2863,ROBÉRIO NEGREIROS,PSD,SIM,1,2026-08-27
2025,NOMINAL,2863,ROGERIO MORRO DA CRUZ,PRD,SIM,1,2026-08-27
2025,NOMINAL,2863,ROOSEVELT VILELA,PL,SIM,1,2026-08-27
2025,NOMINAL,2863,THIAGO MANZONI,PL,SIM,1,2026-08-27
2025,NOMINAL,2863,WELLINGTON LUIZ,MDB,SIM,1,2026-08-27
2025,NOMINAL,2872,CHICO VIGILANTE,PT,SIM,1,2026-08-27
2025,NOMINAL,2872,EDUARDO PEDROSA,UNIÃO,SIM,1,2026-08-27
2025,NOMINAL,2872,FÁBIO FELIX,PSOL,NAO,1,2026-08-27
2025,NOMINAL,2872,GABRIEL MAGNO,PT,NAO,1,2026-08-27
2025,NOMINAL,2872,HERMETO,MDB,SIM,1,2026-08-27
2025,NOMINAL,2872,JAQUELINE SILVA,MDB,SIM,1,2026-08-27
2025,NOMINAL,2872,JOAQUIM RORIZ NETO,PL,SIM,1,2026-08-27
2025,NOMINAL,2872,JORGE VIANNA,PSD,SIM,1,2026-08-27
2025,NOMINAL,2872,JOÃO CARDOSO,AVANTE,SIM,1,2026-08-27
2025,NOMINAL,2872,MARTINS MACHADO,REPUBLICANOS,SIM,1,2026-08-27
2025,NOMINAL,2872,MAX MACIEL,PSOL,ABSTENCAO,1,2026-08-27
2025,NOMINAL,2872,PASTOR DANIEL DE CASTRO,PP,SIM,1,2026-08-27
2025,NOMINAL,2872,PEPA,PP,SIM,1,2026-08-27
2025,NOMINAL,2872,RICARDO VALE,PT,SIM,1,2026-08-27
2025,NOMINAL,2872,ROBÉRIO NEGREIROS,PSD,SIM,1,2026-08-27
2025,NOMINAL,2872,ROGERIO MORRO DA CRUZ,PRD,SIM,1,2026-08-27
2025,NOMINAL,2872,ROOSEVELT VILELA,PL,SIM,1,2026-08-27
2025,NOMINAL,2872,THIAGO MANZONI,PL,SIM,1,2026-08-27
2025,NOMINAL,2872,WELLINGTON LUIZ,MDB,SIM,1,2026-08-27
2025,NOMINAL,2873,CHICO VIGILANTE,PT,SIM,1,2026-08-27
2025,NOMINAL,2873,DOUTORA JANE,REPUBLICANOS,SIM,1,2026-08-27
2025,NOMINAL,2873,EDUARDO PEDROSA,UNIÃO,SIM,1,2026-08-27
2025,NOMINAL,2873,FÁBIO FELIX,PSOL,SIM,1,2026-08-27
2025,NOMINAL,2873,GABRIEL MAGNO,PT,SIM,1,2026-08-27
2025,NOMINAL,2873,JAQUELINE SILVA,MDB,SIM,1,2026-08-27
2025,NOMINAL,2873,JOAQUIM RORIZ NETO,PL,SIM,1,2026-08-27
2025,NOMINAL,2873,JORGE VIANNA,PSD,SIM,1,2026-08-27
2025,NOMINAL,2873,MAX MACIEL,PSOL,SIM,1,2026-08-27
2025,NOMINAL,2873,PASTOR DANIEL DE CASTRO,PP,ABSTENCAO,1,2026-08-27
2025,NOMINAL,2873,PEPA,PP,SIM,1,2026-08-27
2025,NOMINAL,2873,RICARDO VALE,PT,SIM,1,2026-08-27
2025,NOMINAL,2873,ROGERIO MORRO DA CRUZ,PRD,SIM,1,2026-08-27
2025,NOMINAL,2873,ROOSEVELT VILELA,PL,SIM,1,2026-08-27
2025,NOMINAL,2873,THIAGO MANZONI,PL,ABSTENCAO,1,2026-08-27
2025,NOMINAL,2873,WELLINGTON LUIZ,MDB,SIM,1,2026-08-27
2025,NOMINAL,2882,CHICO VIGILANTE,PT,SIM,1,2026-08-27
2025,NOMINAL,2882,DANIEL DONIZET,MDB,SIM,1,2026-08-27
2025,NOMINAL,2882,DOUTORA JANE,REPUBLICANOS,SIM,1,2026-08-27
2025,NOMINAL,2882,GABRIEL MAGNO,PT,SIM,1,2026-08-27
2025,NOMINAL,2882,HERMETO,MDB,SIM,1,2026-08-27
2025,NOMINAL,2882,IOLANDO,MDB,SIM,1,2026-08-27
2025,NOMINAL,2882,JAQUELINE SILVA,MDB,SIM,1,2026-08-27
2025,NOMINAL,2882,JOAQUIM RORIZ NETO,PL,SIM,1,2026-08-27
2025,NOMINAL,2882,JOÃO CARDOSO,AVANTE,SIM,1,2026-08-27
2025,NOMINAL,2882,MARTINS MACHADO,REPUBLICANOS,SIM,1,2026-08-27
2025,NOMINAL,2882,PEPA,PP,SIM,1,2026-08-27
2025,NOMINAL,2882,RICARDO VALE,PT,SIM,1,2026-08-27
2025,NOMINAL,2882,ROBÉRIO NEGREIROS,PSD,SIM,1,2026-08-27
2025,NOMINAL,2882,ROGERIO MORRO DA CRUZ,PRD,SIM,1,2026-08-27
2025,NOMINAL,2882,ROOSEVELT VILELA,PL,SIM,1,2026-08-27
2025,NOMINAL,2882,THIAGO MANZONI,PL,SIM,1,2026-08-27
2025,NOMINAL,2882,WELLINGTON LUIZ,MDB,SIM,1,2026-08-27
2025,NOMINAL,2891,CHICO VIGILANTE,PT,SIM,1,2026-08-27
2025,NOMINAL,2891,DANIEL DONIZET,MDB,SIM,1,2026-08-27
2025,NOMINAL,2891,DAYSE AMARILIO,PSB,SIM,1,2026-08-27
2025,NOMINAL,2891,EDUARDO PEDROSA,UNIÃO,SIM,1,2026-08-27
2025,NOMINAL,2891,HERMETO,MDB,SIM,1,2026-08-27
2025,NOMINAL,2891,IOLANDO,MDB,SIM,1,2026-08-27
2025,NOMINAL,2891,JAQUELINE SILVA,MDB,SIM,1,2026-08-27
2025,NOMINAL,2891,MARTINS MACHADO,REPUBLICANOS,SIM,1,2026-08-27
2025,NOMINAL,2891,MAX MACIEL,PSOL,SIM,1,2026-08-27
2025,NOMINAL,2891,PASTOR DANIEL DE CASTRO,PP,SIM,1,2026-08-27
2025,NOMINAL,2891,PEPA,PP,SIM,1,2026-08-27
2025,NOMINAL,2891,ROGERIO MORRO DA CRUZ,PRD,SIM,1,2026-08-27
2025,NOMINAL,2891,ROOSEVELT VILELA,PL,SIM,1,2026-08-27
2025,NOMINAL,2891,THIAGO MANZONI,PL,SIM,1,2026-08-27
2025,NOMINAL,2891,WELLINGTON LUIZ,MDB,SIM,1,2026-08-27
2025,NOMINAL,2892,CHICO VIGILANTE,PT,SIM,1,2026-08-27
2025,NOMINAL,2892,DANIEL DONIZET,MDB,SIM,1,2026-08-27
2025,NOMINAL,2892,DAYSE AMARILIO,PSB,SIM,1,2026-08-27
2025,NOMINAL,2892,EDUARDO PEDROSA,UNIÃO,SIM,1,2026-08-27
2025,NOMINAL,2892,HERMETO,MDB,SIM,1,2026-08-27
2025,NOMINAL,2892,IOLANDO,MDB,SIM,1,2026-08-27
2025,NOMINAL,2892,JAQUELINE SILVA,MDB,SIM,1,2026-08-27
2025,NOMINAL,2892,MARTINS MACHADO,REPUBLICANOS,SIM,1,2026-08-27
2025,NOMINAL,2892,MAX MACIEL,PSOL,SIM,1,2026-08-27
2025,NOMINAL,2892,PASTOR DANIEL DE CASTRO,PP,SIM,1,2026-08-27
2025,NOMINAL,2892,PEPA,PP,SIM,1,2026-08-27
2025,NOMINAL,2892,THIAGO MANZONI,PL,SIM,1,2026-08-27
2025,NOMINAL,2892,WELLINGTON LUIZ,MDB,SIM,1,2026-08-27
2025,NOMINAL,2894,CHICO VIGILANTE,PT,SIM,1,2026-08-27
2025,NOMINAL,2894,DANIEL DONIZET,MDB,SIM,1,2026-08-27
2025,NOMINAL,2894,DOUTORA JANE,REPUBLICANOS,SIM,1,2026-08-27
2025,NOMINAL,2894,GABRIEL MAGNO,PT,NAO,1,2026-08-27
2025,NOMINAL,2894,HERMETO,MDB,SIM,1,2026-08-27
2025,NOMINAL,2894,IOLANDO,MDB,SIM,1,2026-08-27
2025,NOMINAL,2894,JAQUELINE SILVA,MDB,SIM,1,2026-08-27
2025,NOMINAL,2894,JOAQUIM RORIZ NETO,PL,SIM,1,2026-08-27
2025,NOMINAL,2894,JOÃO CARDOSO,AVANTE,SIM,1,2026-08-27
2025,NOMINAL,2894,MARTINS MACHADO,REPUBLICANOS,SIM,1,2026-08-27
2025,NOMINAL,2894,PASTOR DANIEL DE CASTRO,PP,SIM,1,2026-08-27
2025,NOMINAL,2894,PAULA BELMONTE,CIDADANIA,SIM,1,2026-08-27
2025,NOMINAL,2894,PEPA,PP,SIM,1,2026-08-27
2025,NOMINAL,2894,RICARDO VALE,PT,SIM,1,2026-08-27
2025,NOMINAL,2894,ROBÉRIO NEGREIROS,PSD,SIM,1,2026-08-27
2025,NOMINAL,2894,ROGERIO MORRO DA CRUZ,PRD,SIM,1,2026-08-27
2025,NOMINAL,2894,ROOSEVELT VILELA,PL,SIM,1,2026-08-27
2025,NOMINAL,2894,THIAGO MANZONI,PL,SIM,1,2026-08-27
2025,NOMINAL,2894,WELLINGTON LUIZ,MDB,SIM,1,2026-08-27
2025,NOMINAL,2895,CHICO VIGILANTE,PT,SIM,1,2026-08-27
2025,NOMINAL,2895,DANIEL DONIZET,MDB,SIM,1,2026-08-27
2025,NOMINAL,2895,DOUTORA JANE,REPUBLICANOS,SIM,1,2026-08-27
2025,NOMINAL,2895,EDUARDO PEDROSA,UNIÃO,SIM,1,2026-08-27
2025,NOMINAL,2895,GABRIEL MAGNO,PT,NAO,1,2026-08-27
2025,NOMINAL,2895,HERMETO,MDB,SIM,1,2026-08-27
2025,NOMINAL,2895,IOLANDO,MDB,SIM,1,2026-08-27
2025,NOMINAL,2895,JAQUELINE SILVA,MDB,SIM,1,2026-08-27
2025,NOMINAL,2895,JOAQUIM RORIZ NETO,PL,SIM,1,2026-08-27
2025,NOMINAL,2895,JOÃO CARDOSO,AVANTE,SIM,1,2026-08-27
2025,NOMINAL,2895,MARTINS MACHADO,REPUBLICANOS,SIM,1,2026-08-27
2025,NOMINAL,2895,PASTOR DANIEL DE CASTRO,PP,SIM,1,2026-08-27
2025,NOMINAL,2895,PAULA BELMONTE,CIDADANIA,SIM,1,2026-08-27
2025,NOMINAL,2895,PEPA,PP,SIM,1,2026-08-27
2025,NOMINAL,2895,RICARDO VALE,PT,SIM,1,2026-08-27
2025,NOMINAL,2895,ROBÉRIO NEGREIROS,PSD,SIM,1,2026-08-27
2025,NOMINAL,2895,ROGERIO MORRO DA CRUZ,PRD,SIM,1,2026-08-27
2025,NOMINAL,2895,ROOSEVELT VILELA,PL,SIM,1,2026-08-27
2025,NOMINAL,2895,THIAGO MANZONI,PL,SIM,1,2026-08-27
2025,NOMINAL,2895,WELLINGTON LUIZ,MDB,SIM,1,2026-08-27
2025,NOMINAL,2897,CHICO VIGILANTE,PT,NAO,1,2026-08-27
2025,NOMINAL,2897,DANIEL DONIZET,MDB,SIM,1,2026-08-27
2025,NOMINAL,2897,DAYSE AMARILIO,PSB,NAO,1,2026-08-27
2025,NOMINAL,2897,DOUTORA JANE,REPUBLICANOS,SIM,1,2026-08-27
2025,NOMINAL,2897,EDUARDO PEDROSA,UNIÃO,SIM,1,2026-08-27
2025,NOMINAL,2897,FÁBIO FELIX,PSOL,NAO,1,2026-08-27
2025,NOMINAL,2897,GABRIEL MAGNO,PT,NAO,1,2026-08-27
2025,NOMINAL,2897,HERMETO,MDB,SIM,1,2026-08-27
2025,NOMINAL,2897,IOLANDO,MDB,SIM,1,2026-08-27
2025,NOMINAL,2897,JAQUELINE SILVA,MDB,SIM,1,2026-08-27
2025,NOMINAL,2897,JOAQUIM RORIZ NETO,PL,SIM,1,2026-08-27
2025,NOMINAL,2897,JORGE VIANNA,PSD,SIM,1,2026-08-27
2025,NOMINAL,2897,JOÃO CARDOSO,AVANTE,SIM,1,2026-08-27
2025,NOMINAL,2897,MARTINS MACHADO,REPUBLICANOS,SIM,1,2026-08-27
2025,NOMINAL,2897,MAX MACIEL,PSOL,NAO,1,2026-08-27
2025,NOMINAL,2897,PASTOR DANIEL DE CASTRO,PP,SIM,1,2026-08-27
2025,NOMINAL,2897,PEPA,PP,SIM,1,2026-08-27
2025,NOMINAL,2897,RICARDO VALE,PT,NAO,1,2026-08-27
2025,NOMINAL,2897,ROBÉRIO NEGREIROS,PSD,SIM,1,2026-08-27
2025,NOMINAL,2897,ROGERIO MORRO DA CRUZ,PRD,SIM,1,2026-08-27
2025,NOMINAL,2897,ROOSEVELT VILELA,PL,SIM,1,2026-08-27
2025,NOMINAL,2897,WELLINGTON LUIZ,MDB,SIM,1,2026-08-27
2025,NOMINAL,2898,CHICO VIGILANTE,PT,SIM,1,2026-08-27
2025,NOMINAL,2898,DANIEL DONIZET,MDB,SIM,1,2026-08-27
2025,NOMINAL,2898,DOUTORA JANE,REPUBLICANOS,SIM,1,2026-08-27
2025,NOMINAL,2898,EDUARDO PEDROSA,UNIÃO,SIM,1,2026-08-27
2025,NOMINAL,2898,GABRIEL MAGNO,PT,SIM,1,2026-08-27
2025,NOMINAL,2898,HERMETO,MDB,SIM,1,2026-08-27
2025,NOMINAL,2898,IOLANDO,MDB,SIM,1,2026-08-27
2025,NOMINAL,2898,JAQUELINE SILVA,MDB,SIM,1,2026-08-27
2025,NOMINAL,2898,JOAQUIM RORIZ NETO,PL,SIM,1,2026-08-27
2025,NOMINAL,2898,JORGE VIANNA,PSD,SIM,1,2026-08-27
2025,NOMINAL,2898,JOÃO CARDOSO,AVANTE,SIM,1,2026-08-27
2025,NOMINAL,2898,MARTINS MACHADO,REPUBLICANOS,SIM,1,2026-08-27
2025,NOMINAL,2898,MAX MACIEL,PSOL,SIM,1,2026-08-27
2025,NOMINAL,2898,PASTOR DANIEL DE CASTRO,PP,SIM,1,2026-08-27
2025,NOMINAL,2898,PAULA BELMONTE,INVÁLIDO,SIM,1,2026-08-27
2025,NOMINAL,2898,PEPA,PP,SIM,1,2026-08-27
2025,NOMINAL,2898,ROBÉRIO NEGREIROS,PSD,SIM,1,2026-08-27
2025,NOMINAL,2898,ROGERIO MORRO DA CRUZ,PRD,SIM,1,2026-08-27
2025,NOMINAL,2898,ROOSEVELT VILELA,PL,SIM,1,2026-08-27
2025,NOMINAL,2898,THIAGO MANZONI,PL,SIM,1,2026-08-27
2025,NOMINAL,2898,WELLINGTON LUIZ,MDB,SIM,1,2026-08-27
2025,NOMINAL,2899,CHICO VIGILANTE,PT,SIM,1,2026-08-27
2025,NOMINAL,2899,DAYSE AMARILIO,PSB,SIM,1,2026-08-27
2025,NOMINAL,2899,DOUTORA JANE,REPUBLICANOS,SIM,1,2026-08-27
2025,NOMINAL,2899,EDUARDO PEDROSA,UNIÃO,SIM,1,2026-08-27
2025,NOMINAL,2899,FÁBIO FELIX,PSOL,SIM,1,2026-08-27
2025,NOMINAL,2899,GABRIEL MAGNO,PT,SIM,1,2026-08-27
2025,NOMINAL,2899,HERMETO,MDB,SIM,1,2026-08-27
2025,NOMINAL,2899,IOLANDO,MDB,SIM,1,2026-08-27
2025,NOMINAL,2899,JAQUELINE SILVA,MDB,SIM,1,2026-08-27
2025,NOMINAL,2899,JOAQUIM RORIZ NETO,PL,SIM,1,2026-08-27
2025,NOMINAL,2899,JORGE VIANNA,PSD,SIM,1,2026-08-27
2025,NOMINAL,2899,JOÃO CARDOSO,AVANTE,SIM,1,2026-08-27
2025,NOMINAL,2899,MARTINS MACHADO,REPUBLICANOS,SIM,1,2026-08-27
2025,NOMINAL,2899,MAX MACIEL,PSOL,SIM,1,2026-08-27
2025,NOMINAL,2899,PASTOR DANIEL DE CASTRO,PP,SIM,1,2026-08-27
2025,NOMINAL,2899,PAULA BELMONTE,INVÁLIDO,SIM,1,2026-08-27
2025,NOMINAL,2899,PEPA,PP,SIM,1,2026-08-27
2025,NOMINAL,2899,RICARDO VALE,PT,SIM,1,2026-08-27
2025,NOMINAL,2899,ROBÉRIO NEGREIROS,PSD,SIM,1,2026-08-27
2025,NOMINAL,2899,ROGERIO MORRO DA CRUZ,PRD,SIM,1,2026-08-27
2025,NOMINAL,2899,ROOSEVELT VILELA,PL,SIM,1,2026-08-27
2025,NOMINAL,2899,WELLINGTON LUIZ,MDB,SIM,1,2026-08-27
2025,NOMINAL,2904,CHICO VIGILANTE,PT,SIM,1,2026-08-27
2025,NOMINAL,2904,DANIEL DONIZET,MDB,SIM,1,2026-08-27
2025,NOMINAL,2904,DAYSE AMARILIO,PSB,SIM,1,2026-08-27
2025,NOMINAL,2904,EDUARDO PEDROSA,UNIÃO,SIM,1,2026-08-27
2025,NOMINAL,2904,FÁBIO FELIX,PSOL,SIM,1,2026-08-27
2025,NOMINAL,2904,GABRIEL MAGNO,PT,SIM,1,2026-08-27
2025,NOMINAL,2904,HERMETO,MDB,SIM,1,2026-08-27
2025,NOMINAL,2904,IOLANDO,MDB,SIM,1,2026-08-27
2025,NOMINAL,2904,JAQUELINE SILVA,MDB,SIM,1,2026-08-27
2025,NOMINAL,2904,JOÃO CARDOSO,AVANTE,SIM,1,2026-08-27
2025,NOMINAL,2904,MARTINS MACHADO,REPUBLICANOS,SIM,1,2026-08-27
2025,NOMINAL,2904,MAX MACIEL,PSOL,SIM,1,2026-08-27
2025,NOMINAL,2904,PASTOR DANIEL DE CASTRO,PP,SIM,1,2026-08-27
2025,NOMINAL,2904,PEPA,PP,SIM,1,2026-08-27
2025,NOMINAL,2904,ROGERIO MORRO DA CRUZ,PRD,SIM,1,2026-08-27
2025,NOMINAL,2904,ROOSEVELT VILELA,PL,SIM,1,2026-08-27
2025,NOMINAL,2904,WELLINGTON LUIZ,MDB,SIM,1,2026-08-27
2025,NOMINAL,2905,CHICO VIGILANTE,PT,SIM,1,2026-08-27
2025,NOMINAL,2905,DAYSE AMARILIO,PSB,SIM,1,2026-08-27
2025,NOMINAL,2905,EDUARDO PEDROSA,UNIÃO,SIM,1,2026-08-27
2025,NOMINAL,2905,FÁBIO FELIX,PSOL,SIM,1,2026-08-27
2025,NOMINAL,2905,GABRIEL MAGNO,PT,SIM,1,2026-08-27
2025,NOMINAL,2905,HERMETO,MDB,SIM,1,2026-08-27
2025,NOMINAL,2905,IOLANDO,MDB,SIM,1,2026-08-27
2025,NOMINAL,2905,JAQUELINE SILVA,MDB,SIM,1,2026-08-27
2025,NOMINAL,2905,JOAQUIM RORIZ NETO,PL,SIM,1,2026-08-27
2025,NOMINAL,2905,JORGE VIANNA,PSD,SIM,1,2026-08-27
2025,NOMINAL,2905,JOÃO CARDOSO,AVANTE,SIM,1,2026-08-27
2025,NOMINAL,2905,MARTINS MACHADO,REPUBLICANOS,SIM,1,2026-08-27
2025,NOMINAL,2905,MAX MACIEL,PSOL,SIM,1,2026-08-27
2025,NOMINAL,2905,PASTOR DANIEL DE CASTRO,PP,SIM,1,2026-08-27
2025,NOMINAL,2905,PEPA,PP,SIM,1,2026-08-27
2025,NOMINAL,2905,ROGERIO MORRO DA CRUZ,PRD,SIM,1,2026-08-27
2025,NOMINAL,2905,WELLINGTON LUIZ,MDB,SIM,1,2026-08-27
2025,NOMINAL,2926,DAYSE AMARILIO,PSB,SIM,1,2026-08-27
2025,NOMINAL,2926,DOUTORA JANE,REPUBLICANOS,SIM,1,2026-08-27
2025,NOMINAL,2926,EDUARDO PEDROSA,UNIÃO,SIM,1,2026-08-27
2025,NOMINAL,2926,FÁBIO FELIX,PSOL,SIM,1,2026-08-27
2025,NOMINAL,2926,GABRIEL MAGNO,PT,SIM,1,2026-08-27
2025,NOMINAL,2926,HERMETO,MDB,SIM,1,2026-08-27
2025,NOMINAL,2926,JAQUELINE SILVA,MDB,SIM,1,2026-08-27
2025,NOMINAL,2926,JOAQUIM RORIZ NETO,PL,SIM,1,2026-08-27
2025,NOMINAL,2926,JOÃO CARDOSO,AVANTE,SIM,1,2026-08-27
2025,NOMINAL,2926,MAX MACIEL,PSOL,SIM,1,2026-08-27
2025,NOMINAL,2926,PASTOR DANIEL DE CASTRO,PP,SIM,1,2026-08-27
2025,NOMINAL,2926,RICARDO VALE,PT,SIM,1,2026-08-27
2025,NOMINAL,2926,ROGERIO MORRO DA CRUZ,PRD,SIM,1,2026-08-27
2025,NOMINAL,2926,ROOSEVELT VILELA,PL,SIM,1,2026-08-27
2025,NOMINAL,2926,THIAGO MANZONI,PL,SIM,1,2026-08-27
2025,NOMINAL,2926,WELLINGTON LUIZ,MDB,SIM,1,2026-08-27
2025,NOMINAL,2927,CHICO VIGILANTE,PT,SIM,1,2026-08-27
2025,NOMINAL,2927,DANIEL DONIZET,MDB,NAO,1,2026-08-27
2025,NOMINAL,2927,DAYSE AMARILIO,PSB,SIM,1,2026-08-27
2025,NOMINAL,2927,DOUTORA JANE,REPUBLICANOS,NAO,1,2026-08-27
2025,NOMINAL,2927,FÁBIO FELIX,PSOL,SIM,1,2026-08-27
2025,NOMINAL,2927,GABRIEL MAGNO,PT,SIM,1,2026-08-27
2025,NOMINAL,2927,HERMETO,MDB,NAO,1,2026-08-27
2025,NOMINAL,2927,IOLANDO,MDB,NAO,1,2026-08-27
2025,NOMINAL,2927,JOAQUIM RORIZ NETO,PL,NAO,1,2026-08-27
2025,NOMINAL,2927,MARTINS MACHADO,REPUBLICANOS,NAO,1,2026-08-27
2025,NOMINAL,2927,MAX MACIEL,PSOL,SIM,1,2026-08-27
2025,NOMINAL,2927,PASTOR DANIEL DE CASTRO,PP,NAO,1,2026-08-27
2025,NOMINAL,2927,PAULA BELMONTE,CIDADANIA,SIM,1,2026-08-27
2025,NOMINAL,2927,PEPA,PP,NAO,1,2026-08-27
2025,NOMINAL,2927,RICARDO VALE,PT,SIM,1,2026-08-27
2025,NOMINAL,2927,ROBÉRIO NEGREIROS,PSD,NAO,1,2026-08-27
2025,NOMINAL,2927,ROGERIO MORRO DA CRUZ,PRD,NAO,1,2026-08-27
2025,NOMINAL,2927,ROOSEVELT VILELA,PL,NAO,1,2026-08-27
2025,NOMINAL,2927,THIAGO MANZONI,PL,NAO,1,2026-08-27
2025,NOMINAL,2927,WELLINGTON LUIZ,MDB,NAO,1,2026-08-27
2025,NOMINAL,2929,CHICO VIGILANTE,PT,SIM,1,2026-08-27
2025,NOMINAL,2929,DANIEL DONIZET,MDB,SIM,1,2026-08-27
2025,NOMINAL,2929,DAYSE AMARILIO,PSB,SIM,1,2026-08-27
2025,NOMINAL,2929,FÁBIO FELIX,PSOL,SIM,1,2026-08-27
2025,NOMINAL,2929,GABRIEL MAGNO,PT,SIM,1,2026-08-27
2025,NOMINAL,2929,HERMETO,MDB,SIM,1,2026-08-27
2025,NOMINAL,2929,IOLANDO,MDB,SIM,1,2026-08-27
2025,NOMINAL,2929,JAQUELINE SILVA,MDB,SIM,1,2026-08-27
2025,NOMINAL,2929,JOAQUIM RORIZ NETO,PL,SIM,1,2026-08-27
2025,NOMINAL,2929,JOÃO CARDOSO,AVANTE,SIM,1,2026-08-27
2025,NOMINAL,2929,MARTINS MACHADO,REPUBLICANOS,SIM,1,2026-08-27
2025,NOMINAL,2929,MAX MACIEL,PSOL,SIM,1,2026-08-27
2025,NOMINAL,2929,PASTOR DANIEL DE CASTRO,PP,SIM,1,2026-08-27
2025,NOMINAL,2929,PAULA BELMONTE,CIDADANIA,SIM,1,2026-08-27
2025,NOMINAL,2929,PEPA,PP,SIM,1,2026-08-27
2025,NOMINAL,2929,RICARDO VALE,PT,SIM,1,2026-08-27
2025,NOMINAL,2929,ROBÉRIO NEGREIROS,PSD,SIM,1,2026-08-27
2025,NOMINAL,2929,ROGERIO MORRO DA CRUZ,PRD,SIM,1,2026-08-27
2025,NOMINAL,2929,ROOSEVELT VILELA,PL,SIM,1,2026-08-27
2025,NOMINAL,2929,THIAGO MANZONI,PL,SIM,1,2026-08-27
2025,NOMINAL,2929,WELLINGTON LUIZ,MDB,SIM,1,2026-08-27
2025,NOMINAL,2930,CHICO VIGILANTE,PT,SIM,1,2026-08-27
2025,NOMINAL,2930,DANIEL DONIZET,MDB,NAO,1,2026-08-27
2025,NOMINAL,2930,DAYSE AMARILIO,PSB,SIM,1,2026-08-27
2025,NOMINAL,2930,FÁBIO FELIX,PSOL,SIM,1,2026-08-27
2025,NOMINAL,2930,GABRIEL MAGNO,PT,SIM,1,2026-08-27
2025,NOMINAL,2930,HERMETO,MDB,NAO,1,2026-08-27
2025,NOMINAL,2930,IOLANDO,MDB,NAO,1,2026-08-27
2025,NOMINAL,2930,JAQUELINE SILVA,MDB,SIM,1,2026-08-27
2025,NOMINAL,2930,JOAQUIM RORIZ NETO,PL,NAO,1,2026-08-27
2025,NOMINAL,2930,JOÃO CARDOSO,AVANTE,NAO,1,2026-08-27
2025,NOMINAL,2930,MARTINS MACHADO,REPUBLICANOS,NAO,1,2026-08-27
2025,NOMINAL,2930,MAX MACIEL,PSOL,SIM,1,2026-08-27
2025,NOMINAL,2930,PASTOR DANIEL DE CASTRO,PP,NAO,1,2026-08-27
2025,NOMINAL,2930,PAULA BELMONTE,CIDADANIA,SIM,1,2026-08-27
2025,NOMINAL,2930,PEPA,PP,NAO,1,2026-08-27
2025,NOMINAL,2930,RICARDO VALE,PT,SIM,1,2026-08-27
2025,NOMINAL,2930,ROBÉRIO NEGREIROS,PSD,NAO,1,2026-08-27
2025,NOMINAL,2930,ROGERIO MORRO DA CRUZ,PRD,NAO,1,2026-08-27
2025,NOMINAL,2930,ROOSEVELT VILELA,PL,NAO,1,2026-08-27
2025,NOMINAL,2930,THIAGO MANZONI,PL,NAO,1,2026-08-27
2025,NOMINAL,2930,WELLINGTON LUIZ,MDB,NAO,1,2026-08-27
2025,NOMINAL,2931,CHICO VIGILANTE,PT,SIM,1,2026-08-27
2025,NOMINAL,2931,DANIEL DONIZET,MDB,NAO,1,2026-08-27
2025,NOMINAL,2931,DAYSE AMARILIO,PSB,SIM,1,2026-08-27
2025,NOMINAL,2931,EDUARDO PEDROSA,UNIÃO,NAO,1,2026-08-27
2025,NOMINAL,2931,FÁBIO FELIX,PSOL,SIM,1,2026-08-27
2025,NOMINAL,2931,GABRIEL MAGNO,PT,SIM,1,2026-08-27
2025,NOMINAL,2931,HERMETO,MDB,NAO,1,2026-08-27
2025,NOMINAL,2931,IOLANDO,MDB,NAO,1,2026-08-27
2025,NOMINAL,2931,JAQUELINE SILVA,MDB,NAO,1,2026-08-27
2025,NOMINAL,2931,JOAQUIM RORIZ NETO,PL,NAO,1,2026-08-27
2025,NOMINAL,2931,JOÃO CARDOSO,AVANTE,NAO,1,2026-08-27
2025,NOMINAL,2931,MARTINS MACHADO,REPUBLICANOS,NAO,1,2026-08-27
2025,NOMINAL,2931,MAX MACIEL,PSOL,SIM,1,2026-08-27
2025,NOMINAL,2931,PASTOR DANIEL DE CASTRO,PP,NAO,1,2026-08-27
2025,NOMINAL,2931,PAULA BELMONTE,CIDADANIA,SIM,1,2026-08-27
2025,NOMINAL,2931,PEPA,PP,NAO,1,2026-08-27
2025,NOMINAL,2931,RICARDO VALE,PT,SIM,1,2026-08-27
2025,NOMINAL,2931,ROBÉRIO NEGREIROS,PSD,SIM,1,2026-08-27
2025,NOMINAL,2931,ROGERIO MORRO DA CRUZ,PRD,NAO,1,2026-08-27
2025,NOMINAL,2931,ROOSEVELT VILELA,PL,NAO,1,2026-08-27
2025,NOMINAL,2931,THIAGO MANZONI,PL,NAO,1,2026-08-27
2025,NOMINAL,2931,WELLINGTON LUIZ,MDB,SIM,1,2026-08-27
2025,NOMINAL,2932,CHICO VIGILANTE,PT,SIM,1,2026-08-27
2025,NOMINAL,2932,DANIEL DONIZET,MDB,NAO,1,2026-08-27
2025,NOMINAL,2932,DAYSE AMARILIO,PSB,SIM,1,2026-08-27
2025,NOMINAL,2932,DOUTORA JANE,REPUBLICANOS,NAO,1,2026-08-27
2025,NOMINAL,2932,EDUARDO PEDROSA,UNIÃO,NAO,1,2026-08-27
2025,NOMINAL,2932,FÁBIO FELIX,PSOL,SIM,1,2026-08-27
2025,NOMINAL,2932,GABRIEL MAGNO,PT,SIM,1,2026-08-27
2025,NOMINAL,2932,HERMETO,MDB,NAO,1,2026-08-27
2025,NOMINAL,2932,IOLANDO,MDB,NAO,1,2026-08-27
2025,NOMINAL,2932,JAQUELINE SILVA,MDB,NAO,1,2026-08-27
2025,NOMINAL,2932,JOAQUIM RORIZ NETO,PL,NAO,1,2026-08-27
2025,NOMINAL,2932,MARTINS MACHADO,REPUBLICANOS,NAO,1,2026-08-27
2025,NOMINAL,2932,MAX MACIEL,PSOL,SIM,1,2026-08-27
2025,NOMINAL,2932,PASTOR DANIEL DE CASTRO,PP,NAO,1,2026-08-27
2025,NOMINAL,2932,PAULA BELMONTE,CIDADANIA,SIM,1,2026-08-27
2025,NOMINAL,2932,PEPA,PP,NAO,1,2026-08-27
2025,NOMINAL,2932,RICARDO VALE,PT,SIM,1,2026-08-27
2025,NOMINAL,2932,ROBÉRIO NEGREIROS,PSD,NAO,1,2026-08-27
2025,NOMINAL,2932,ROGERIO MORRO DA CRUZ,PRD,NAO,1,2026-08-27
2025,NOMINAL,2932,ROOSEVELT VILELA,PL,NAO,1,2026-08-27
2025,NOMINAL,2932,THIAGO MANZONI,PL,NAO,1,2026-08-27
2025,NOMINAL,2932,WELLINGTON LUIZ,MDB,NAO,1,2026-08-27
2025,NOMINAL,2933,CHICO VIGILANTE,PT,SIM,1,2026-08-27
2025,NOMINAL,2933,DANIEL DONIZET,MDB,NAO,1,2026-08-27
2025,NOMINAL,2933,DAYSE AMARILIO,PSB,SIM,1,2026-08-27
2025,NOMINAL,2933,DOUTORA JANE,REPUBLICANOS,NAO,1,2026-08-27
2025,NOMINAL,2933,EDUARDO PEDROSA,UNIÃO,NAO,1,2026-08-27
2025,NOMINAL,2933,FÁBIO FELIX,PSOL,SIM,1,2026-08-27
2025,NOMINAL,2933,GABRIEL MAGNO,PT,SIM,1,2026-08-27
2025,NOMINAL,2933,HERMETO,MDB,NAO,1,2026-08-27
2025,NOMINAL,2933,IOLANDO,MDB,NAO,1,2026-08-27
2025,NOMINAL,2933,JOAQUIM RORIZ NETO,PL,NAO,1,2026-08-27
2025,NOMINAL,2933,JOÃO CARDOSO,AVANTE,NAO,1,2026-08-27
2025,NOMINAL,2933,MARTINS MACHADO,REPUBLICANOS,NAO,1,2026-08-27
2025,NOMINAL,2933,MAX MACIEL,PSOL,SIM,1,2026-08-27
2025,NOMINAL,2933,PASTOR DANIEL DE CASTRO,PP,NAO,1,2026-08-27
2025,NOMINAL,2933,PAULA BELMONTE,CIDADANIA,SIM,1,2026-08-27
2025,NOMINAL,2933,PEPA,PP,NAO,1,2026-08-27
2025,NOMINAL,2933,RICARDO VALE,PT,SIM,1,2026-08-27
2025,NOMINAL,2933,ROBÉRIO NEGREIROS,PSD,NAO,1,2026-08-27
2025,NOMINAL,2933,ROGERIO MORRO DA CRUZ,PRD,NAO,1,2026-08-27
2025,NOMINAL,2933,ROOSEVELT VILELA,PL,NAO,1,2026-08-27
2025,NOMINAL,2933,THIAGO MANZONI,PL,NAO,1,2026-08-27
2025,NOMINAL,2933,WELLINGTON LUIZ,MDB,NAO,1,2026-08-27
2025,NOMINAL,2934,CHICO VIGILANTE,PT,SIM,1,2026-08-27
2025,NOMINAL,2934,DANIEL DONIZET,MDB,SIM,1,2026-08-27
2025,NOMINAL,2934,DAYSE AMARILIO,PSB,SIM,1,2026-08-27
2025,NOMINAL,2934,FÁBIO FELIX,PSOL,SIM,1,2026-08-27
2025,NOMINAL,2934,GABRIEL MAGNO,PT,SIM,1,2026-08-27
2025,NOMINAL,2934,HERMETO,MDB,SIM,1,2026-08-27
2025,NOMINAL,2934,IOLANDO,MDB,SIM,1,2026-08-27
2025,NOMINAL,2934,JAQUELINE SILVA,MDB,SIM,1,2026-08-27
2025,NOMINAL,2934,JOÃO CARDOSO,AVANTE,SIM,1,2026-08-27
2025,NOMINAL,2934,MARTINS MACHADO,REPUBLICANOS,SIM,1,2026-08-27
2025,NOMINAL,2934,MAX MACIEL,PSOL,SIM,1,2026-08-27
2025,NOMINAL,2934,PASTOR DANIEL DE CASTRO,PP,SIM,1,2026-08-27
2025,NOMINAL,2934,PEPA,PP,SIM,1,2026-08-27
2025,NOMINAL,2934,ROGERIO MORRO DA CRUZ,PRD,SIM,1,2026-08-27
2025,NOMINAL,2934,ROOSEVELT VILELA,PL,SIM,1,2026-08-27
2025,NOMINAL,2934,WELLINGTON LUIZ,MDB,SIM,1,2026-08-27
2025,NOMINAL,2937,CHICO VIGILANTE,PT,SIM,1,2026-08-27
2025,NOMINAL,2937,DANIEL DONIZET,MDB,SIM,1,2026-08-27
2025,NOMINAL,2937,DAYSE AMARILIO,PSB,SIM,1,2026-08-27
2025,NOMINAL,2937,FÁBIO FELIX,PSOL,SIM,1,2026-08-27
2025,NOMINAL,2937,GABRIEL MAGNO,PT,SIM,1,2026-08-27
2025,NOMINAL,2937,HERMETO,MDB,SIM,1,2026-08-27
2025,NOMINAL,2937,IOLANDO,MDB,SIM,1,2026-08-27
2025,NOMINAL,2937,JAQUELINE SILVA,MDB,SIM,1,2026-08-27
2025,NOMINAL,2937,JOÃO CARDOSO,AVANTE,SIM,1,2026-08-27
2025,NOMINAL,2937,MARTINS MACHADO,REPUBLICANOS,SIM,1,2026-08-27
2025,NOMINAL,2937,MAX MACIEL,PSOL,SIM,1,2026-08-27
2025,NOMINAL,2937,PASTOR DANIEL DE CASTRO,PP,SIM,1,2026-08-27
2025,NOMINAL,2937,PEPA,PP,SIM,1,2026-08-27
2025,NOMINAL,2937,ROOSEVELT VILELA,PL,SIM,1,2026-08-27
2025,NOMINAL,2937,WELLINGTON LUIZ,MDB,SIM,1,2026-08-27
2025,NOMINAL,2943,CHICO VIGILANTE,PT,SIM,1,2026-08-27
2025,NOMINAL,2943,DANIEL DONIZET,MDB,SIM,1,2026-08-27
2025,NOMINAL,2943,DOUTORA JANE,REPUBLICANOS,SIM,1,2026-08-27
2025,NOMINAL,2943,EDUARDO PEDROSA,UNIÃO,SIM,1,2026-08-27
2025,NOMINAL,2943,FÁBIO FELIX,PSOL,NAO,1,2026-08-27
2025,NOMINAL,2943,GABRIEL MAGNO,PT,NAO,1,2026-08-27
2025,NOMINAL,2943,HERMETO,MDB,SIM,1,2026-08-27
2025,NOMINAL,2943,IOLANDO,MDB,SIM,1,2026-08-27
2025,NOMINAL,2943,JAQUELINE SILVA,MDB,SIM,1,2026-08-27
2025,NOMINAL,2943,JOAQUIM RORIZ NETO,PL,SIM,1,2026-08-27
2025,NOMINAL,2943,JOÃO CARDOSO,AVANTE,SIM,1,2026-08-27
2025,NOMINAL,2943,MARTINS MACHADO,REPUBLICANOS,SIM,1,2026-08-27
2025,NOMINAL,2943,MAX MACIEL,PSOL,NAO,1,2026-08-27
2025,NOMINAL,2943,PEPA,PP,SIM,1,2026-08-27
2025,NOMINAL,2943,RICARDO VALE,PT,SIM,1,2026-08-27
2025,NOMINAL,2943,ROBÉRIO NEGREIROS,PSD,SIM,1,2026-08-27
2025,NOMINAL,2943,ROGERIO MORRO DA CRUZ,PRD,SIM,1,2026-08-27
2025,NOMINAL,2943,ROOSEVELT VILELA,PL,SIM,1,2026-08-27
2025,NOMINAL,2943,WELLINGTON LUIZ,MDB,SIM,1,2026-08-27
2025,NOMINAL,2944,CHICO VIGILANTE,PT,SIM,1,2026-08-27
2025,NOMINAL,2944,DANIEL DONIZET,MDB,SIM,1,2026-08-27
2025,NOMINAL,2944,DOUTORA JANE,REPUBLICANOS,SIM,1,2026-08-27
2025,NOMINAL,2944,FÁBIO FELIX,PSOL,NAO,1,2026-08-27
2025,NOMINAL,2944,GABRIEL MAGNO,PT,NAO,1,2026-08-27
2025,NOMINAL,2944,HERMETO,MDB,SIM,1,2026-08-27
2025,NOMINAL,2944,IOLANDO,MDB,SIM,1,2026-08-27
2025,NOMINAL,2944,JAQUELINE SILVA,MDB,SIM,1,2026-08-27
2025,NOMINAL,2944,JOAQUIM RORIZ NETO,PL,SIM,1,2026-08-27
2025,NOMINAL,2944,JOÃO CARDOSO,AVANTE,SIM,1,2026-08-27
2025,NOMINAL,2944,MARTINS MACHADO,REPUBLICANOS,SIM,1,2026-08-27
2025,NOMINAL,2944,MAX MACIEL,PSOL,NAO,1,2026-08-27
2025,NOMINAL,2944,PEPA,PP,SIM,1,2026-08-27
2025,NOMINAL,2944,RICARDO VALE,PT,SIM,1,2026-08-27
2025,NOMINAL,2944,ROBÉRIO NEGREIROS,PSD,SIM,1,2026-08-27
2025,NOMINAL,2944,ROGERIO MORRO DA CRUZ,PRD,SIM,1,2026-08-27
2025,NOMINAL,2944,ROOSEVELT VILELA,PL,SIM,1,2026-08-27
2025,NOMINAL,2944,WELLINGTON LUIZ,MDB,SIM,1,2026-08-27
2025,NOMINAL,2977,CHICO VIGILANTE,PT,SIM,1,2026-08-27
2025,NOMINAL,2977,DANIEL DONIZET,MDB,SIM,1,2026-08-27
2025,NOMINAL,2977,DOUTORA JANE,REPUBLICANOS,SIM,1,2026-08-27
2025,NOMINAL,2977,EDUARDO PEDROSA,UNIÃO,SIM,1,2026-08-27
2025,NOMINAL,2977,FÁBIO FELIX,PSOL,SIM,1,2026-08-27
2025,NOMINAL,2977,GABRIEL MAGNO,PT,SIM,1,2026-08-27
2025,NOMINAL,2977,HERMETO,MDB,SIM,1,2026-08-27
2025,NOMINAL,2977,IOLANDO,MDB,SIM,1,2026-08-27
2025,NOMINAL,2977,JAQUELINE SILVA,MDB,SIM,1,2026-08-27
2025,NOMINAL,2977,JOAQUIM RORIZ NETO,PL,SIM,1,2026-08-27
2025,NOMINAL,2977,JOÃO CARDOSO,AVANTE,SIM,1,2026-08-27
2025,NOMINAL,2977,MARTINS MACHADO,REPUBLICANOS,SIM,1,2026-08-27
2025,NOMINAL,2977,MAX MACIEL,PSOL,SIM,1,2026-08-27
2025,NOMINAL,2977,PEPA,PP,SIM,1,2026-08-27
2025,NOMINAL,2977,RICARDO VALE,PT,SIM,1,2026-08-27
2025,NOMINAL,2977,ROBÉRIO NEGREIROS,PSD,SIM,1,2026-08-27
2025,NOMINAL,2977,ROGERIO MORRO DA CRUZ,PRD,SIM,1,2026-08-27
2025,NOMINAL,2977,ROOSEVELT VILELA,PL,SIM,1,2026-08-27
2025,NOMINAL,2977,THIAGO MANZONI,PL,SIM,1,2026-08-27
2025,NOMINAL,2977,WELLINGTON LUIZ,MDB,SIM,1,2026-08-27
2025,NOMINAL,2978,CHICO VIGILANTE,PT,SIM,1,2026-08-27
2025,NOMINAL,2978,DANIEL DONIZET,MDB,SIM,1,2026-08-27
2025,NOMINAL,2978,DOUTORA JANE,REPUBLICANOS,SIM,1,2026-08-27
2025,NOMINAL,2978,EDUARDO PEDROSA,UNIÃO,SIM,1,2026-08-27
2025,NOMINAL,2978,FÁBIO FELIX,PSOL,SIM,1,2026-08-27
2025,NOMINAL,2978,GABRIEL MAGNO,PT,SIM,1,2026-08-27
2025,NOMINAL,2978,HERMETO,MDB,SIM,1,2026-08-27
2025,NOMINAL,2978,IOLANDO,MDB,SIM,1,2026-08-27
2025,NOMINAL,2978,JAQUELINE SILVA,MDB,SIM,1,2026-08-27
2025,NOMINAL,2978,JOAQUIM RORIZ NETO,PL,SIM,1,2026-08-27
2025,NOMINAL,2978,JOÃO CARDOSO,AVANTE,SIM,1,2026-08-27
2025,NOMINAL,2978,MARTINS MACHADO,REPUBLICANOS,SIM,1,2026-08-27
2025,NOMINAL,2978,MAX MACIEL,PSOL,SIM,1,2026-08-27
2025,NOMINAL,2978,PEPA,PP,SIM,1,2026-08-27
2025,NOMINAL,2978,RICARDO VALE,PT,SIM,1,2026-08-27
2025,NOMINAL,2978,ROBÉRIO NEGREIROS,PSD,SIM,1,2026-08-27
2025,NOMINAL,2978,ROGERIO MORRO DA CRUZ,PRD,SIM,1,2026-08-27
2025,NOMINAL,2978,ROOSEVELT VILELA,PL,SIM,1,2026-08-27
2025,NOMINAL,2978,THIAGO MANZONI,PL,SIM,1,2026-08-27
2025,NOMINAL,2978,WELLINGTON LUIZ,MDB,SIM,1,2026-08-27
2025,NOMINAL,2986,CHICO VIGILANTE,PT,NAO,1,2026-08-27
2025,NOMINAL,2986,DANIEL DONIZET,MDB,SIM,1,2026-08-27
2025,NOMINAL,2986,DOUTORA JANE,REPUBLICANOS,SIM,1,2026-08-27
2025,NOMINAL,2986,EDUARDO PEDROSA,UNIÃO,SIM,1,2026-08-27
2025,NOMINAL,2986,GABRIEL MAGNO,PT,NAO,1,2026-08-27
2025,NOMINAL,2986,HERMETO,MDB,SIM,1,2026-08-27
2025,NOMINAL,2986,IOLANDO,MDB,SIM,1,2026-08-27
2025,NOMINAL,2986,JAQUELINE SILVA,MDB,SIM,1,2026-08-27
2025,NOMINAL,2986,JOAQUIM RORIZ NETO,PL,SIM,1,2026-08-27
2025,NOMINAL,2986,JOÃO CARDOSO,AVANTE,SIM,1,2026-08-27
2025,NOMINAL,2986,MARTINS MACHADO,REPUBLICANOS,SIM,1,2026-08-27
2025,NOMINAL,2986,MAX MACIEL,PSOL,NAO,1,2026-08-27
2025,NOMINAL,2986,PEPA,PP,SIM,1,2026-08-27
2025,NOMINAL,2986,RICARDO VALE,PT,NAO,1,2026-08-27
2025,NOMINAL,2986,ROBÉRIO NEGREIROS,PSD,SIM,1,2026-08-27
2025,NOMINAL,2986,ROGERIO MORRO DA CRUZ,PRD,SIM,1,2026-08-27
2025,NOMINAL,2986,ROOSEVELT VILELA,PL,SIM,1,2026-08-27
2025,NOMINAL,2986,THIAGO MANZONI,PL,NAO,1,2026-08-27
2025,NOMINAL,2986,WELLINGTON LUIZ,MDB,SIM,1,2026-08-27
2025,NOMINAL,2987,CHICO VIGILANTE,PT,NAO,1,2026-08-27
2025,NOMINAL,2987,DANIEL DONIZET,MDB,SIM,1,2026-08-27
2025,NOMINAL,2987,DOUTORA JANE,REPUBLICANOS,ABSTENCAO,1,2026-08-27
2025,NOMINAL,2987,EDUARDO PEDROSA,UNIÃO,SIM,1,2026-08-27
2025,NOMINAL,2987,FÁBIO FELIX,PSOL,NAO,1,2026-08-27
2025,NOMINAL,2987,GABRIEL MAGNO,PT,NAO,1,2026-08-27
2025,NOMINAL,2987,HERMETO,MDB,SIM,1,2026-08-27
2025,NOMINAL,2987,IOLANDO,MDB,SIM,1,2026-08-27
2025,NOMINAL,2987,JAQUELINE SILVA,MDB,SIM,1,2026-08-27
2025,NOMINAL,2987,JOAQUIM RORIZ NETO,PL,SIM,1,2026-08-27
2025,NOMINAL,2987,JOÃO CARDOSO,AVANTE,SIM,1,2026-08-27
2025,NOMINAL,2987,MARTINS MACHADO,REPUBLICANOS,SIM,1,2026-08-27
2025,NOMINAL,2987,MAX MACIEL,PSOL,NAO,1,2026-08-27
2025,NOMINAL,2987,PEPA,PP,SIM,1,2026-08-27
2025,NOMINAL,2987,RICARDO VALE,PT,NAO,1,2026-08-27
2025,NOMINAL,2987,ROBÉRIO NEGREIROS,PSD,SIM,1,2026-08-27
2025,NOMINAL,2987,ROGERIO MORRO DA CRUZ,PRD,SIM,1,2026-08-27
2025,NOMINAL,2987,ROOSEVELT VILELA,PL,SIM,1,2026-08-27
2025,NOMINAL,2987,THIAGO MANZONI,PL,ABSTENCAO,1,2026-08-27
2025,NOMINAL,2987,WELLINGTON LUIZ,MDB,SIM,1,2026-08-27
2025,NOMINAL,3007,CHICO VIGILANTE,PT,SIM,1,2026-08-27
2025,NOMINAL,3007,DAYSE AMARILIO,PSB,SIM,1,2026-08-27
2025,NOMINAL,3007,EDUARDO PEDROSA,UNIÃO,SIM,1,2026-08-27
2025,NOMINAL,3007,FÁBIO FELIX,PSOL,SIM,1,2026-08-27
2025,NOMINAL,3007,GABRIEL MAGNO,PT,SIM,1,2026-08-27
2025,NOMINAL,3007,HERMETO,MDB,SIM,1,2026-08-27
2025,NOMINAL,3007,IOLANDO,MDB,NAO,1,2026-08-27
2025,NOMINAL,3007,JAQUELINE SILVA,MDB,SIM,1,2026-08-27
2025,NOMINAL,3007,JORGE VIANNA,PSD,SIM,1,2026-08-27
2025,NOMINAL,3007,JOÃO CARDOSO,AVANTE,NAO,1,2026-08-27
2025,NOMINAL,3007,MARTINS MACHADO,REPUBLICANOS,NAO,1,2026-08-27
2025,NOMINAL,3007,MAX MACIEL,PSOL,SIM,1,2026-08-27
2025,NOMINAL,3007,PASTOR DANIEL DE CASTRO,PP,NAO,1,2026-08-27
2025,NOMINAL,3007,PEPA,PP,SIM,1,2026-08-27
2025,NOMINAL,3007,ROGERIO MORRO DA CRUZ,PRD,SIM,1,2026-08-27
2025,NOMINAL,3007,WELLINGTON LUIZ,MDB,SIM,1,2026-08-27
2025,NOMINAL,3008,CHICO VIGILANTE,PT,SIM,1,2026-08-27
2025,NOMINAL,3008,DAYSE AMARILIO,PSB,SIM,1,2026-08-27
2025,NOMINAL,3008,EDUARDO PEDROSA,UNIÃO,SIM,1,2026-08-27
2025,NOMINAL,3008,FÁBIO FELIX,PSOL,SIM,1,2026-08-27
2025,NOMINAL,3008,GABRIEL MAGNO,PT,SIM,1,2026-08-27
2025,NOMINAL,3008,HERMETO,MDB,SIM,1,2026-08-27
2025,NOMINAL,3008,IOLANDO,MDB,NAO,1,2026-08-27
2025,NOMINAL,3008,JAQUELINE SILVA,MDB,SIM,1,2026-08-27
2025,NOMINAL,3008,JOAQUIM RORIZ NETO,PL,SIM,1,2026-08-27
2025,NOMINAL,3008,JORGE VIANNA,PSD,SIM,1,2026-08-27
2025,NOMINAL,3008,JOÃO CARDOSO,AVANTE,NAO,1,2026-08-27
2025,NOMINAL,3008,MARTINS MACHADO,REPUBLICANOS,NAO,1,2026-08-27
2025,NOMINAL,3008,MAX MACIEL,PSOL,SIM,1,2026-08-27
2025,NOMINAL,3008,PASTOR DANIEL DE CASTRO,PP,NAO,1,2026-08-27
2025,NOMINAL,3008,PEPA,PP,SIM,1,2026-08-27
2025,NOMINAL,3008,ROGERIO MORRO DA CRUZ,PRD,SIM,1,2026-08-27
2025,NOMINAL,3008,WELLINGTON LUIZ,MDB,SIM,1,2026-08-27
2025,NOMINAL,3026,CHICO VIGILANTE,PT,NAO,1,2026-08-27
2025,NOMINAL,3026,EDUARDO PEDROSA,UNIÃO,NAO,1,2026-08-27
2025,NOMINAL,3026,FÁBIO FELIX,PSOL,NAO,1,2026-08-27
2025,NOMINAL,3026,GABRIEL MAGNO,PT,NAO,1,2026-08-27
2025,NOMINAL,3026,HERMETO,MDB,NAO,1,2026-08-27
2025,NOMINAL,3026,IOLANDO,MDB,NAO,1,2026-08-27
2025,NOMINAL,3026,JAQUELINE SILVA,MDB,NAO,1,2026-08-27
2025,NOMINAL,3026,JOAQUIM RORIZ NETO,PL,NAO,1,2026-08-27
2025,NOMINAL,3026,JOÃO CARDOSO,AVANTE,NAO,1,2026-08-27
2025,NOMINAL,3026,MARTINS MACHADO,REPUBLICANOS,NAO,1,2026-08-27
2025,NOMINAL,3026,MAX MACIEL,PSOL,NAO,1,2026-08-27
2025,NOMINAL,3026,PEPA,PP,NAO,1,2026-08-27
2025,NOMINAL,3026,RICARDO VALE,PT,NAO,1,2026-08-27
2025,NOMINAL,3026,ROBÉRIO NEGREIROS,PSD,NAO,1,2026-08-27
2025,NOMINAL,3026,ROGERIO MORRO DA CRUZ,PRD,NAO,1,2026-08-27
2025,NOMINAL,3026,THIAGO MANZONI,PL,NAO,1,2026-08-27
2025,NOMINAL,3026,WELLINGTON LUIZ,MDB,NAO,1,2026-08-27
2025,NOMINAL,3051,CHICO VIGILANTE,PT,SIM,1,2026-08-27
2025,NOMINAL,3051,DANIEL DONIZET,MDB,SIM,1,2026-08-27
2025,NOMINAL,3051,DOUTORA JANE,REPUBLICANOS,SIM,1,2026-08-27
2025,NOMINAL,3051,FÁBIO FELIX,PSOL,SIM,1,2026-08-27
2025,NOMINAL,3051,GABRIEL MAGNO,PT,SIM,1,2026-08-27
2025,NOMINAL,3051,HERMETO,MDB,SIM,1,2026-08-27
2025,NOMINAL,3051,IOLANDO,MDB,SIM,1,2026-08-27
2025,NOMINAL,3051,JAQUELINE SILVA,MDB,SIM,1,2026-08-27
2025,NOMINAL,3051,JOAQUIM RORIZ NETO,PL,SIM,1,2026-08-27
2025,NOMINAL,3051,JOÃO CARDOSO,AVANTE,SIM,1,2026-08-27
2025,NOMINAL,3051,MARTINS MACHADO,REPUBLICANOS,SIM,1,2026-08-27
2025,NOMINAL,3051,MAX MACIEL,PSOL,SIM,1,2026-08-27
2025,NOMINAL,3051,PEPA,PP,SIM,1,2026-08-27
2025,NOMINAL,3051,RICARDO VALE,PT,SIM,1,2026-08-27
2025,NOMINAL,3051,ROBÉRIO NEGREIROS,PSD,SIM,1,2026-08-27
2025,NOMINAL,3051,ROGERIO MORRO DA CRUZ,PRD,SIM,1,2026-08-27
2025,NOMINAL,3051,ROOSEVELT VILELA,PL,SIM,1,2026-08-27
2025,NOMINAL,3051,THIAGO MANZONI,PL,SIM,1,2026-08-27
2025,NOMINAL,3051,WELLINGTON LUIZ,MDB,SIM,1,2026-08-27
2025,NOMINAL,3061,CHICO VIGILANTE,PT,SIM,1,2026-08-27
2025,NOMINAL,3061,DANIEL DONIZET,MDB,NAO,1,2026-08-27
2025,NOMINAL,3061,DOUTORA JANE,REPUBLICANOS,NAO,1,2026-08-27
2025,NOMINAL,3061,EDUARDO PEDROSA,UNIÃO,NAO,1,2026-08-27
2025,NOMINAL,3061,FÁBIO FELIX,PSOL,SIM,1,2026-08-27
2025,NOMINAL,3061,GABRIEL MAGNO,PT,SIM,1,2026-08-27
2025,NOMINAL,3061,HERMETO,MDB,NAO,1,2026-08-27
2025,NOMINAL,3061,IOLANDO,MDB,NAO,1,2026-08-27
2025,NOMINAL,3061,JAQUELINE SILVA,MDB,NAO,1,2026-08-27
2025,NOMINAL,3061,JOAQUIM RORIZ NETO,PL,NAO,1,2026-08-27
2025,NOMINAL,3061,JOÃO CARDOSO,AVANTE,NAO,1,2026-08-27
2025,NOMINAL,3061,MARTINS MACHADO,REPUBLICANOS,NAO,1,2026-08-27
2025,NOMINAL,3061,MAX MACIEL,PSOL,SIM,1,2026-08-27
2025,NOMINAL,3061,PEPA,PP,NAO,1,2026-08-27
2025,NOMINAL,3061,RICARDO VALE,PT,SIM,1,2026-08-27
2025,NOMINAL,3061,ROBÉRIO NEGREIROS,PSD,NAO,1,2026-08-27
2025,NOMINAL,3061,ROGERIO MORRO DA CRUZ,PRD,NAO,1,2026-08-27
2025,NOMINAL,3061,ROOSEVELT VILELA,PL,NAO,1,2026-08-27
2025,NOMINAL,3061,THIAGO MANZONI,PL,NAO,1,2026-08-27
2025,NOMINAL,3061,WELLINGTON LUIZ,MDB,NAO,1,2026-08-27
2025,NOMINAL,3062,CHICO VIGILANTE,PT,SIM,1,2026-08-27
2025,NOMINAL,3062,DOUTORA JANE,REPUBLICANOS,ABSTENCAO,1,2026-08-27
2025,NOMINAL,3062,FÁBIO FELIX,PSOL,SIM,1,2026-08-27
2025,NOMINAL,3062,GABRIEL MAGNO,PT,SIM,1,2026-08-27
2025,NOMINAL,3062,HERMETO,MDB,NAO,1,2026-08-27
2025,NOMINAL,3062,IOLANDO,MDB,NAO,1,2026-08-27
2025,NOMINAL,3062,JAQUELINE SILVA,MDB,NAO,1,2026-08-27
2025,NOMINAL,3062,JOAQUIM RORIZ NETO,PL,NAO,1,2026-08-27
2025,NOMINAL,3062,JOÃO CARDOSO,AVANTE,NAO,1,2026-08-27
2025,NOMINAL,3062,MARTINS MACHADO,REPUBLICANOS,NAO,1,2026-08-27
2025,NOMINAL,3062,MAX MACIEL,PSOL,SIM,1,2026-08-27
2025,NOMINAL,3062,PEPA,PP,NAO,1,2026-08-27
2025,NOMINAL,3062,RICARDO VALE,PT,SIM,1,2026-08-27
2025,NOMINAL,3062,ROBÉRIO NEGREIROS,PSD,NAO,1,2026-08-27
2025,NOMINAL,3062,ROGERIO MORRO DA CRUZ,PRD,NAO,1,2026-08-27
2025,NOMINAL,3062,ROOSEVELT VILELA,PL,NAO,1,2026-08-27
2025,NOMINAL,3062,THIAGO MANZONI,PL,ABSTENCAO,1,2026-08-27
2025,NOMINAL,3062,WELLINGTON LUIZ,MDB,NAO,1,2026-08-27
2025,NOMINAL,3063,CHICO VIGILANTE,PT,SIM,1,2026-08-27
2025,NOMINAL,3063,DANIEL DONIZET,MDB,SIM,1,2026-08-27
2025,NOMINAL,3063,DOUTORA JANE,REPUBLICANOS,SIM,1,2026-08-27
2025,NOMINAL,3063,FÁBIO FELIX,PSOL,SIM,1,2026-08-27
2025,NOMINAL,3063,GABRIEL MAGNO,PT,SIM,1,2026-08-27
2025,NOMINAL,3063,HERMETO,MDB,SIM,1,2026-08-27
2025,NOMINAL,3063,IOLANDO,MDB,SIM,1,2026-08-27
2025,NOMINAL,3063,JAQUELINE SILVA,MDB,SIM,1,2026-08-27
2025,NOMINAL,3063,JOAQUIM RORIZ NETO,PL,SIM,1,2026-08-27
2025,NOMINAL,3063,JOÃO CARDOSO,AVANTE,SIM,1,2026-08-27
2025,NOMINAL,3063,MARTINS MACHADO,REPUBLICANOS,SIM,1,2026-08-27
2025,NOMINAL,3063,MAX MACIEL,PSOL,SIM,1,2026-08-27
2025,NOMINAL,3063,PEPA,PP,SIM,1,2026-08-27
2025,NOMINAL,3063,RICARDO VALE,PT,SIM,1,2026-08-27
2025,NOMINAL,3063,ROBÉRIO NEGREIROS,PSD,SIM,1,2026-08-27
2025,NOMINAL,3063,ROGERIO MORRO DA CRUZ,PRD,SIM,1,2026-08-27
2025,NOMINAL,3063,ROOSEVELT VILELA,PL,SIM,1,2026-08-27
2025,NOMINAL,3063,THIAGO MANZONI,PL,SIM,1,2026-08-27
2025,NOMINAL,3063,WELLINGTON LUIZ,MDB,SIM,1,2026-08-27
2025,NOMINAL,3073,CHICO VIGILANTE,PT,SIM,1,2026-08-27
2025,NOMINAL,3073,DOUTORA JANE,REPUBLICANOS,SIM,1,2026-08-27
2025,NOMINAL,3073,EDUARDO PEDROSA,UNIÃO,SIM,1,2026-08-27
2025,NOMINAL,3073,FÁBIO FELIX,PSOL,SIM,1,2026-08-27
2025,NOMINAL,3073,GABRIEL MAGNO,PT,SIM,1,2026-08-27
2025,NOMINAL,3073,HERMETO,MDB,SIM,1,2026-08-27
2025,NOMINAL,3073,IOLANDO,MDB,SIM,1,2026-08-27
2025,NOMINAL,3073,JAQUELINE SILVA,MDB,SIM,1,2026-08-27
2025,NOMINAL,3073,JOAQUIM RORIZ NETO,PL,SIM,1,2026-08-27
2025,NOMINAL,3073,JORGE VIANNA,PSD,SIM,1,2026-08-27
2025,NOMINAL,3073,JOÃO CARDOSO,AVANTE,SIM,1,2026-08-27
2025,NOMINAL,3073,MARTINS MACHADO,REPUBLICANOS,SIM,1,2026-08-27
2025,NOMINAL,3073,MAX MACIEL,PSOL,SIM,1,2026-08-27
2025,NOMINAL,3073,PASTOR DANIEL DE CASTRO,PP,SIM,1,2026-08-27
2025,NOMINAL,3073,PAULA BELMONTE,INVÁLIDO,SIM,1,2026-08-27
2025,NOMINAL,3073,PEPA,PP,SIM,1,2026-08-27
2025,NOMINAL,3073,ROBÉRIO NEGREIROS,PSD,SIM,1,2026-08-27
2025,NOMINAL,3073,ROGERIO MORRO DA CRUZ,PRD,SIM,1,2026-08-27
2025,NOMINAL,3073,ROOSEVELT VILELA,PL,SIM,1,2026-08-27
2025,NOMINAL,3073,THIAGO MANZONI,PL,SIM,1,2026-08-27
2025,NOMINAL,3073,WELLINGTON LUIZ,MDB,SIM,1,2026-08-27
2025,NOMINAL,3074,CHICO VIGILANTE,PT,SIM,1,2026-08-27
2025,NOMINAL,3074,DOUTORA JANE,REPUBLICANOS,SIM,1,2026-08-27
2025,NOMINAL,3074,EDUARDO PEDROSA,UNIÃO,SIM,1,2026-08-27
2025,NOMINAL,3074,FÁBIO FELIX,PSOL,SIM,1,2026-08-27
2025,NOMINAL,3074,HERMETO,MDB,SIM,1,2026-08-27
2025,NOMINAL,3074,IOLANDO,MDB,SIM,1,2026-08-27
2025,NOMINAL,3074,JAQUELINE SILVA,MDB,SIM,1,2026-08-27
2025,NOMINAL,3074,JOAQUIM RORIZ NETO,PL,SIM,1,2026-08-27
2025,NOMINAL,3074,JORGE VIANNA,PSD,SIM,1,2026-08-27
2025,NOMINAL,3074,JOÃO CARDOSO,AVANTE,SIM,1,2026-08-27
2025,NOMINAL,3074,MARTINS MACHADO,REPUBLICANOS,SIM,1,2026-08-27
2025,NOMINAL,3074,PASTOR DANIEL DE CASTRO,PP,SIM,1,2026-08-27
2025,NOMINAL,3074,PAULA BELMONTE,INVÁLIDO,SIM,1,2026-08-27
2025,NOMINAL,3074,PEPA,PP,SIM,1,2026-08-27
2025,NOMINAL,3074,ROBÉRIO NEGREIROS,PSD,SIM,1,2026-08-27
2025,NOMINAL,3074,ROGERIO MORRO DA CRUZ,PRD,SIM,1,2026-08-27
2025,NOMINAL,3074,ROOSEVELT VILELA,PL,SIM,1,2026-08-27
2025,NOMINAL,3074,THIAGO MANZONI,PL,SIM,1,2026-08-27
2025,NOMINAL,3074,WELLINGTON LUIZ,MDB,SIM,1,2026-08-27
2025,NOMINAL,3077,CHICO VIGILANTE,PT,SIM,1,2026-08-27
2025,NOMINAL,3077,DAYSE AMARILIO,PSB,SIM,1,2026-08-27
2025,NOMINAL,3077,DOUTORA JANE,REPUBLICANOS,SIM,1,2026-08-27
2025,NOMINAL,3077,EDUARDO PEDROSA,UNIÃO,SIM,1,2026-08-27
2025,NOMINAL,3077,FÁBIO FELIX,PSOL,SIM,1,2026-08-27
2025,NOMINAL,3077,GABRIEL MAGNO,PT,SIM,1,2026-08-27
2025,NOMINAL,3077,HERMETO,MDB,SIM,1,2026-08-27
2025,NOMINAL,3077,JAQUELINE SILVA,MDB,SIM,1,2026-08-27
2025,NOMINAL,3077,JOAQUIM RORIZ NETO,PL,SIM,1,2026-08-27
2025,NOMINAL,3077,JORGE VIANNA,PSD,SIM,1,2026-08-27
2025,NOMINAL,3077,JOÃO CARDOSO,AVANTE,SIM,1,2026-08-27
2025,NOMINAL,3077,MARTINS MACHADO,REPUBLICANOS,SIM,1,2026-08-27
2025,NOMINAL,3077,MAX MACIEL,PSOL,SIM,1,2026-08-27
2025,NOMINAL,3077,PASTOR DANIEL DE CASTRO,PP,SIM,1,2026-08-27
2025,NOMINAL,3077,PAULA BELMONTE,INVÁLIDO,SIM,1,2026-08-27
2025,NOMINAL,3077,PEPA,PP,SIM,1,2026-08-27
2025,NOMINAL,3077,ROBÉRIO NEGREIROS,PSD,SIM,1,2026-08-27
2025,NOMINAL,3077,ROGERIO MORRO DA CRUZ,PRD,SIM,1,2026-08-27
2025,NOMINAL,3077,ROOSEVELT VILELA,PL,SIM,1,2026-08-27
2025,NOMINAL,3077,THIAGO MANZONI,PL,SIM,1,2026-08-27
2025,NOMINAL,3077,WELLINGTON LUIZ,MDB,SIM,1,2026-08-27
2025,NOMINAL,3080,CHICO VIGILANTE,PT,SIM,1,2026-08-27
2025,NOMINAL,3080,DAYSE AMARILIO,PSB,SIM,1,2026-08-27
2025,NOMINAL,3080,DOUTORA JANE,REPUBLICANOS,SIM,1,2026-08-27
2025,NOMINAL,3080,EDUARDO PEDROSA,UNIÃO,SIM,1,2026-08-27
2025,NOMINAL,3080,FÁBIO FELIX,PSOL,SIM,1,2026-08-27
2025,NOMINAL,3080,GABRIEL MAGNO,PT,SIM,1,2026-08-27
2025,NOMINAL,3080,HERMETO,MDB,SIM,1,2026-08-27
2025,NOMINAL,3080,JAQUELINE SILVA,MDB,SIM,1,2026-08-27
2025,NOMINAL,3080,JOAQUIM RORIZ NETO,PL,SIM,1,2026-08-27
2025,NOMINAL,3080,JORGE VIANNA,PSD,SIM,1,2026-08-27
2025,NOMINAL,3080,JOÃO CARDOSO,AVANTE,SIM,1,2026-08-27
2025,NOMINAL,3080,MARTINS MACHADO,REPUBLICANOS,SIM,1,2026-08-27
2025,NOMINAL,3080,MAX MACIEL,PSOL,SIM,1,2026-08-27
2025,NOMINAL,3080,PASTOR DANIEL DE CASTRO,PP,SIM,1,2026-08-27
2025,NOMINAL,3080,PAULA BELMONTE,INVÁLIDO,SIM,1,2026-08-27
2025,NOMINAL,3080,PEPA,PP,SIM,1,2026-08-27
2025,NOMINAL,3080,ROBÉRIO NEGREIROS,PSD,SIM,1,2026-08-27
2025,NOMINAL,3080,ROGERIO MORRO DA CRUZ,PRD,SIM,1,2026-08-27
2025,NOMINAL,3080,ROOSEVELT VILELA,PL,SIM,1,2026-08-27
2025,NOMINAL,3080,THIAGO MANZONI,PL,SIM,1,2026-08-27
2025,NOMINAL,3080,WELLINGTON LUIZ,MDB,SIM,1,2026-08-27
2025,NOMINAL,3082,CHICO VIGILANTE,PT,SIM,1,2026-08-27
2025,NOMINAL,3082,DAYSE AMARILIO,PSB,SIM,1,2026-08-27
2025,NOMINAL,3082,DOUTORA JANE,REPUBLICANOS,SIM,1,2026-08-27
2025,NOMINAL,3082,EDUARDO PEDROSA,UNIÃO,SIM,1,2026-08-27
2025,NOMINAL,3082,FÁBIO FELIX,PSOL,SIM,1,2026-08-27
2025,NOMINAL,3082,GABRIEL MAGNO,PT,SIM,1,2026-08-27
2025,NOMINAL,3082,HERMETO,MDB,SIM,1,2026-08-27
2025,NOMINAL,3082,IOLANDO,MDB,SIM,1,2026-08-27
2025,NOMINAL,3082,JAQUELINE SILVA,MDB,SIM,1,2026-08-27
2025,NOMINAL,3082,JOAQUIM RORIZ NETO,PL,SIM,1,2026-08-27
2025,NOMINAL,3082,JORGE VIANNA,PSD,SIM,1,2026-08-27
2025,NOMINAL,3082,JOÃO CARDOSO,AVANTE,SIM,1,2026-08-27
2025,NOMINAL,3082,MARTINS MACHADO,REPUBLICANOS,SIM,1,2026-08-27
2025,NOMINAL,3082,MAX MACIEL,PSOL,SIM,1,2026-08-27
2025,NOMINAL,3082,PASTOR DANIEL DE CASTRO,PP,SIM,1,2026-08-27
2025,NOMINAL,3082,PAULA BELMONTE,INVÁLIDO,SIM,1,2026-08-27
2025,NOMINAL,3082,PEPA,PP,SIM,1,2026-08-27
2025,NOMINAL,3082,RICARDO VALE,PT,SIM,1,2026-08-27
2025,NOMINAL,3082,ROBÉRIO NEGREIROS,PSD,SIM,1,2026-08-27
2025,NOMINAL,3082,ROGERIO MORRO DA CRUZ,PRD,SIM,1,2026-08-27
2025,NOMINAL,3082,ROOSEVELT VILELA,PL,SIM,1,2026-08-27
2025,NOMINAL,3082,THIAGO MANZONI,PL,SIM,1,2026-08-27
2025,NOMINAL,3082,WELLINGTON LUIZ,MDB,SIM,1,2026-08-27
2025,NOMINAL,3084,CHICO VIGILANTE,PT,SIM,1,2026-08-27
2025,NOMINAL,3084,DANIEL DONIZET,MDB,SIM,1,2026-08-27
2025,NOMINAL,3084,DOUTORA JANE,REPUBLICANOS,SIM,1,2026-08-27
2025,NOMINAL,3084,EDUARDO PEDROSA,UNIÃO,SIM,1,2026-08-27
2025,NOMINAL,3084,GABRIEL MAGNO,PT,SIM,1,2026-08-27
2025,NOMINAL,3084,HERMETO,MDB,SIM,1,2026-08-27
2025,NOMINAL,3084,IOLANDO,MDB,SIM,1,2026-08-27
2025,NOMINAL,3084,JAQUELINE SILVA,MDB,SIM,1,2026-08-27
2025,NOMINAL,3084,JOAQUIM RORIZ NETO,PL,SIM,1,2026-08-27
2025,NOMINAL,3084,JORGE VIANNA,PSD,SIM,1,2026-08-27
2025,NOMINAL,3084,JOÃO CARDOSO,AVANTE,SIM,1,2026-08-27
2025,NOMINAL,3084,MARTINS MACHADO,REPUBLICANOS,SIM,1,2026-08-27
2025,NOMINAL,3084,MAX MACIEL,PSOL,SIM,1,2026-08-27
2025,NOMINAL,3084,PASTOR DANIEL DE CASTRO,PP,SIM,1,2026-08-27
2025,NOMINAL,3084,PAULA BELMONTE,INVÁLIDO,SIM,1,2026-08-27
2025,NOMINAL,3084,PEPA,PP,SIM,1,2026-08-27
2025,NOMINAL,3084,ROBÉRIO NEGREIROS,PSD,SIM,1,2026-08-27
2025,NOMINAL,3084,ROGERIO MORRO DA CRUZ,PRD,SIM,1,2026-08-27
2025,NOMINAL,3084,ROOSEVELT VILELA,PL,SIM,1,2026-08-27
2025,NOMINAL,3084,THIAGO MANZONI,PL,SIM,1,2026-08-27
2025,NOMINAL,3084,WELLINGTON LUIZ,MDB,SIM,1,2026-08-27
2025,NOMINAL,3087,CHICO VIGILANTE,PT,SIM,1,2026-08-27
2025,NOMINAL,3087,DAYSE AMARILIO,PSB,NAO,1,2026-08-27
2025,NOMINAL,3087,DOUTORA JANE,REPUBLICANOS,SIM,1,2026-08-27
2025,NOMINAL,3087,EDUARDO PEDROSA,UNIÃO,SIM,1,2026-08-27
2025,NOMINAL,3087,FÁBIO FELIX,PSOL,NAO,1,2026-08-27
2025,NOMINAL,3087,GABRIEL MAGNO,PT,NAO,1,2026-08-27
2025,NOMINAL,3087,HERMETO,MDB,SIM,1,2026-08-27
2025,NOMINAL,3087,IOLANDO,MDB,SIM,1,2026-08-27
2025,NOMINAL,3087,JAQUELINE SILVA,MDB,SIM,1,2026-08-27
2025,NOMINAL,3087,JOAQUIM RORIZ NETO,PL,SIM,1,2026-08-27
2025,NOMINAL,3087,JORGE VIANNA,PSD,SIM,1,2026-08-27
2025,NOMINAL,3087,JOÃO CARDOSO,AVANTE,SIM,1,2026-08-27
2025,NOMINAL,3087,MARTINS MACHADO,REPUBLICANOS,SIM,1,2026-08-27
2025,NOMINAL,3087,MAX MACIEL,PSOL,NAO,1,2026-08-27
2025,NOMINAL,3087,PAULA BELMONTE,INVÁLIDO,SIM,1,2026-08-27
2025,NOMINAL,3087,PEPA,PP,SIM,1,2026-08-27
2025,NOMINAL,3087,RICARDO VALE,PT,SIM,1,2026-08-27
2025,NOMINAL,3087,ROBÉRIO NEGREIROS,PSD,SIM,1,2026-08-27
2025,NOMINAL,3087,ROGERIO MORRO DA CRUZ,PRD,SIM,1,2026-08-27
2025,NOMINAL,3087,ROOSEVELT VILELA,PL,SIM,1,2026-08-27
2025,NOMINAL,3087,THIAGO MANZONI,PL,SIM,1,2026-08-27
2025,NOMINAL,3087,WELLINGTON LUIZ,MDB,SIM,1,2026-08-27
2025,NOMINAL,3088,CHICO VIGILANTE,PT,SIM,1,2026-08-27
2025,NOMINAL,3088,DANIEL DONIZET,MDB,SIM,1,2026-08-27
2025,NOMINAL,3088,DAYSE AMARILIO,PSB,NAO,1,2026-08-27
2025,NOMINAL,3088,DOUTORA JANE,REPUBLICANOS,SIM,1,2026-08-27
2025,NOMINAL,3088,EDUARDO PEDROSA,UNIÃO,SIM,1,2026-08-27
2025,NOMINAL,3088,FÁBIO FELIX,PSOL,NAO,1,2026-08-27
2025,NOMINAL,3088,GABRIEL MAGNO,PT,NAO,1,2026-08-27
2025,NOMINAL,3088,HERMETO,MDB,SIM,1,2026-08-27
2025,NOMINAL,3088,IOLANDO,MDB,SIM,1,2026-08-27
2025,NOMINAL,3088,JAQUELINE SILVA,MDB,SIM,1,2026-08-27
2025,NOMINAL,3088,JORGE VIANNA,PSD,SIM,1,2026-08-27
2025,NOMINAL,3088,JOÃO CARDOSO,AVANTE,SIM,1,2026-08-27
2025,NOMINAL,3088,MARTINS MACHADO,REPUBLICANOS,SIM,1,2026-08-27
2025,NOMINAL,3088,MAX MACIEL,PSOL,NAO,1,2026-08-27
2025,NOMINAL,3088,PAULA BELMONTE,INVÁLIDO,SIM,1,2026-08-27
2025,NOMINAL,3088,PEPA,PP,SIM,1,2026-08-27
2025,NOMINAL,3088,RICARDO VALE,PT,SIM,1,2026-08-27
2025,NOMINAL,3088,ROBÉRIO NEGREIROS,PSD,SIM,1,2026-08-27
2025,NOMINAL,3088,ROGERIO MORRO DA CRUZ,PRD,SIM,1,2026-08-27
2025,NOMINAL,3088,ROOSEVELT VILELA,PL,SIM,1,2026-08-27
2025,NOMINAL,3088,WELLINGTON LUIZ,MDB,SIM,1,2026-08-27
2025,NOMINAL,3089,CHICO VIGILANTE,PT,SIM,1,2026-08-27
2025,NOMINAL,3089,DAYSE AMARILIO,PSB,SIM,1,2026-08-27
2025,NOMINAL,3089,DOUTORA JANE,REPUBLICANOS,SIM,1,2026-08-27
2025,NOMINAL,3089,EDUARDO PEDROSA,UNIÃO,SIM,1,2026-08-27
2025,NOMINAL,3089,FÁBIO FELIX,PSOL,SIM,1,2026-08-27
2025,NOMINAL,3089,GABRIEL MAGNO,PT,SIM,1,2026-08-27
2025,NOMINAL,3089,HERMETO,MDB,SIM,1,2026-08-27
2025,NOMINAL,3089,IOLANDO,MDB,SIM,1,2026-08-27
2025,NOMINAL,3089,JAQUELINE SILVA,MDB,SIM,1,2026-08-27
2025,NOMINAL,3089,JOAQUIM RORIZ NETO,PL,SIM,1,2026-08-27
2025,NOMINAL,3089,JORGE VIANNA,PSD,SIM,1,2026-08-27
2025,NOMINAL,3089,JOÃO CARDOSO,AVANTE,SIM,1,2026-08-27
2025,NOMINAL,3089,MARTINS MACHADO,REPUBLICANOS,SIM,1,2026-08-27
2025,NOMINAL,3089,MAX MACIEL,PSOL,SIM,1,2026-08-27
2025,NOMINAL,3089,PASTOR DANIEL DE CASTRO,PP,SIM,1,2026-08-27
2025,NOMINAL,3089,PAULA BELMONTE,INVÁLIDO,SIM,1,2026-08-27
2025,NOMINAL,3089,PEPA,PP,SIM,1,2026-08-27
2025,NOMINAL,3089,RICARDO VALE,PT,SIM,1,2026-08-27
2025,NOMINAL,3089,ROBÉRIO NEGREIROS,PSD,SIM,1,2026-08-27
2025,NOMINAL,3089,ROGERIO MORRO DA CRUZ,PRD,SIM,1,2026-08-27
2025,NOMINAL,3089,ROOSEVELT VILELA,PL,SIM,1,2026-08-27
2025,NOMINAL,3089,WELLINGTON LUIZ,MDB,SIM,1,2026-08-27
2025,NOMINAL,3090,CHICO VIGILANTE,PT,SIM,1,2026-08-27
2025,NOMINAL,3090,DANIEL DONIZET,MDB,SIM,1,2026-08-27
2025,NOMINAL,3090,DAYSE AMARILIO,PSB,NAO,1,2026-08-27
2025,NOMINAL,3090,DOUTORA JANE,REPUBLICANOS,SIM,1,2026-08-27
2025,NOMINAL,3090,EDUARDO PEDROSA,UNIÃO,SIM,1,2026-08-27
2025,NOMINAL,3090,FÁBIO FELIX,PSOL,NAO,1,2026-08-27
2025,NOMINAL,3090,GABRIEL MAGNO,PT,NAO,1,2026-08-27
2025,NOMINAL,3090,HERMETO,MDB,SIM,1,2026-08-27
2025,NOMINAL,3090,IOLANDO,MDB,SIM,1,2026-08-27
2025,NOMINAL,3090,JAQUELINE SILVA,MDB,SIM,1,2026-08-27
2025,NOMINAL,3090,JORGE VIANNA,PSD,SIM,1,2026-08-27
2025,NOMINAL,3090,JOÃO CARDOSO,AVANTE,SIM,1,2026-08-27
2025,NOMINAL,3090,MARTINS MACHADO,REPUBLICANOS,SIM,1,2026-08-27
2025,NOMINAL,3090,MAX MACIEL,PSOL,NAO,1,2026-08-27
2025,NOMINAL,3090,PAULA BELMONTE,INVÁLIDO,SIM,1,2026-08-27
2025,NOMINAL,3090,PEPA,PP,SIM,1,2026-08-27
2025,NOMINAL,3090,RICARDO VALE,PT,SIM,1,2026-08-27
2025,NOMINAL,3090,ROBÉRIO NEGREIROS,PSD,SIM,1,2026-08-27
2025,NOMINAL,3090,ROGERIO MORRO DA CRUZ,PRD,SIM,1,2026-08-27
2025,NOMINAL,3090,ROOSEVELT VILELA,PL,SIM,1,2026-08-27
2025,NOMINAL,3090,WELLINGTON LUIZ,MDB,SIM,1,2026-08-27
2025,NOMINAL,3095,CHICO VIGILANTE,PT,SIM,1,2026-08-27
2025,NOMINAL,3095,DANIEL DONIZET,MDB,SIM,1,2026-08-27
2025,NOMINAL,3095,DOUTORA JANE,REPUBLICANOS,SIM,1,2026-08-27
2025,NOMINAL,3095,EDUARDO PEDROSA,UNIÃO,SIM,1,2026-08-27
2025,NOMINAL,3095,GABRIEL MAGNO,PT,SIM,1,2026-08-27
2025,NOMINAL,3095,HERMETO,MDB,SIM,1,2026-08-27
2025,NOMINAL,3095,IOLANDO,MDB,SIM,1,2026-08-27
2025,NOMINAL,3095,JAQUELINE SILVA,MDB,SIM,1,2026-08-27
2025,NOMINAL,3095,JOAQUIM RORIZ NETO,PL,SIM,1,2026-08-27
2025,NOMINAL,3095,JORGE VIANNA,PSD,SIM,1,2026-08-27
2025,NOMINAL,3095,JOÃO CARDOSO,AVANTE,SIM,1,2026-08-27
2025,NOMINAL,3095,MARTINS MACHADO,REPUBLICANOS,SIM,1,2026-08-27
2025,NOMINAL,3095,MAX MACIEL,PSOL,SIM,1,2026-08-27
2025,NOMINAL,3095,PASTOR DANIEL DE CASTRO,PP,SIM,1,2026-08-27
2025,NOMINAL,3095,PAULA BELMONTE,INVÁLIDO,SIM,1,2026-08-27
2025,NOMINAL,3095,PEPA,PP,SIM,1,2026-08-27
2025,NOMINAL,3095,ROBÉRIO NEGREIROS,PSD,SIM,1,2026-08-27
2025,NOMINAL,3095,ROGERIO MORRO DA CRUZ,PRD,SIM,1,2026-08-27
2025,NOMINAL,3095,ROOSEVELT VILELA,PL,SIM,1,2026-08-27
2025,NOMINAL,3095,THIAGO MANZONI,PL,SIM,1,2026-08-27
2025,NOMINAL,3095,WELLINGTON LUIZ,MDB,SIM,1,2026-08-27
2025,NOMINAL,3096,CHICO VIGILANTE,PT,SIM,1,2026-08-27
2025,NOMINAL,3096,DAYSE AMARILIO,PSB,SIM,1,2026-08-27
2025,NOMINAL,3096,DOUTORA JANE,REPUBLICANOS,SIM,1,2026-08-27
2025,NOMINAL,3096,EDUARDO PEDROSA,UNIÃO,SIM,1,2026-08-27
2025,NOMINAL,3096,FÁBIO FELIX,PSOL,SIM,1,2026-08-27
2025,NOMINAL,3096,GABRIEL MAGNO,PT,SIM,1,2026-08-27
2025,NOMINAL,3096,HERMETO,MDB,SIM,1,2026-08-27
2025,NOMINAL,3096,IOLANDO,MDB,SIM,1,2026-08-27
2025,NOMINAL,3096,JAQUELINE SILVA,MDB,SIM,1,2026-08-27
2025,NOMINAL,3096,JOAQUIM RORIZ NETO,PL,SIM,1,2026-08-27
2025,NOMINAL,3096,JORGE VIANNA,PSD,SIM,1,2026-08-27
2025,NOMINAL,3096,JOÃO CARDOSO,AVANTE,SIM,1,2026-08-27
2025,NOMINAL,3096,MARTINS MACHADO,REPUBLICANOS,SIM,1,2026-08-27
2025,NOMINAL,3096,MAX MACIEL,PSOL,SIM,1,2026-08-27
2025,NOMINAL,3096,PASTOR DANIEL DE CASTRO,PP,SIM,1,2026-08-27
2025,NOMINAL,3096,PAULA BELMONTE,INVÁLIDO,SIM,1,2026-08-27
2025,NOMINAL,3096,PEPA,PP,SIM,1,2026-08-27
2025,NOMINAL,3096,RICARDO VALE,PT,SIM,1,2026-08-27
2025,NOMINAL,3096,ROBÉRIO NEGREIROS,PSD,SIM,1,2026-08-27
2025,NOMINAL,3096,ROGERIO MORRO DA CRUZ,PRD,SIM,1,2026-08-27
2025,NOMINAL,3096,ROOSEVELT VILELA,PL,SIM,1,2026-08-27
2025,NOMINAL,3096,WELLINGTON LUIZ,MDB,SIM,1,2026-08-27
2025,NOMINAL,3115,CHICO VIGILANTE,PT,SIM,1,2026-08-27
2025,NOMINAL,3115,DAYSE AMARILIO,PSB,SIM,1,2026-08-27
2025,NOMINAL,3115,DOUTORA JANE,REPUBLICANOS,SIM,1,2026-08-27
2025,NOMINAL,3115,EDUARDO PEDROSA,UNIÃO,SIM,1,2026-08-27
2025,NOMINAL,3115,FÁBIO FELIX,PSOL,SIM,1,2026-08-27
2025,NOMINAL,3115,GABRIEL MAGNO,PT,SIM,1,2026-08-27
2025,NOMINAL,3115,HERMETO,MDB,SIM,1,2026-08-27
2025,NOMINAL,3115,IOLANDO,MDB,SIM,1,2026-08-27
2025,NOMINAL,3115,JAQUELINE SILVA,MDB,SIM,1,2026-08-27
2025,NOMINAL,3115,JOAQUIM RORIZ NETO,PL,SIM,1,2026-08-27
2025,NOMINAL,3115,JORGE VIANNA,PSD,SIM,1,2026-08-27
2025,NOMINAL,3115,JOÃO CARDOSO,AVANTE,SIM,1,2026-08-27
2025,NOMINAL,3115,MAX MACIEL,PSOL,SIM,1,2026-08-27
2025,NOMINAL,3115,PASTOR DANIEL DE CASTRO,PP,SIM,1,2026-08-27
2025,NOMINAL,3115,PAULA BELMONTE,INVÁLIDO,SIM,1,2026-08-27
2025,NOMINAL,3115,PEPA,PP,SIM,1,2026-08-27
2025,NOMINAL,3115,RICARDO VALE,PT,SIM,1,2026-08-27
2025,NOMINAL,3115,ROBÉRIO NEGREIROS,PSD,SIM,1,2026-08-27
2025,NOMINAL,3115,ROGERIO MORRO DA CRUZ,PRD,SIM,1,2026-08-27
2025,NOMINAL,3115,ROOSEVELT VILELA,PL,SIM,1,2026-08-27
2025,NOMINAL,3115,THIAGO MANZONI,PL,SIM,1,2026-08-27
2025,NOMINAL,3117,CHICO VIGILANTE,PT,SIM,1,2026-08-27
2025,NOMINAL,3117,DAYSE AMARILIO,PSB,SIM,1,2026-08-27
2025,NOMINAL,3117,DOUTORA JANE,REPUBLICANOS,SIM,1,2026-08-27
2025,NOMINAL,3117,EDUARDO PEDROSA,UNIÃO,SIM,1,2026-08-27
2025,NOMINAL,3117,FÁBIO FELIX,PSOL,SIM,1,2026-08-27
2025,NOMINAL,3117,GABRIEL MAGNO,PT,SIM,1,2026-08-27
2025,NOMINAL,3117,HERMETO,MDB,SIM,1,2026-08-27
2025,NOMINAL,3117,IOLANDO,MDB,SIM,1,2026-08-27
2025,NOMINAL,3117,JAQUELINE SILVA,MDB,SIM,1,2026-08-27
2025,NOMINAL,3117,JOAQUIM RORIZ NETO,PL,SIM,1,2026-08-27
2025,NOMINAL,3117,JORGE VIANNA,PSD,SIM,1,2026-08-27
2025,NOMINAL,3117,JOÃO CARDOSO,AVANTE,SIM,1,2026-08-27
2025,NOMINAL,3117,MARTINS MACHADO,REPUBLICANOS,SIM,1,2026-08-27
2025,NOMINAL,3117,MAX MACIEL,PSOL,SIM,1,2026-08-27
2025,NOMINAL,3117,PASTOR DANIEL DE CASTRO,PP,SIM,1,2026-08-27
2025,NOMINAL,3117,PAULA BELMONTE,INVÁLIDO,SIM,1,2026-08-27
2025,NOMINAL,3117,PEPA,PP,SIM,1,2026-08-27
2025,NOMINAL,3117,RICARDO VALE,PT,SIM,1,2026-08-27
2025,NOMINAL,3117,ROBÉRIO NEGREIROS,PSD,SIM,1,2026-08-27
2025,NOMINAL,3117,ROGERIO MORRO DA CRUZ,PRD,SIM,1,2026-08-27
2025,NOMINAL,3117,ROOSEVELT VILELA,PL,SIM,1,2026-08-27
2025,NOMINAL,3117,THIAGO MANZONI,PL,ABSTENCAO,1,2026-08-27
2025,NOMINAL,3117,WELLINGTON LUIZ,MDB,SIM,1,2026-08-27
2025,NOMINAL,3119,CHICO VIGILANTE,PT,SIM,1,2026-08-27
2025,NOMINAL,3119,DAYSE AMARILIO,PSB,SIM,1,2026-08-27
2025,NOMINAL,3119,DOUTORA JANE,REPUBLICANOS,SIM,1,2026-08-27
2025,NOMINAL,3119,EDUARDO PEDROSA,UNIÃO,SIM,1,2026-08-27
2025,NOMINAL,3119,FÁBIO FELIX,PSOL,SIM,1,2026-08-27
2025,NOMINAL,3119,GABRIEL MAGNO,PT,SIM,1,2026-08-27
2025,NOMINAL,3119,HERMETO,MDB,SIM,1,2026-08-27
2025,NOMINAL,3119,IOLANDO,MDB,SIM,1,2026-08-27
2025,NOMINAL,3119,JAQUELINE SILVA,MDB,SIM,1,2026-08-27
2025,NOMINAL,3119,JOAQUIM RORIZ NETO,PL,SIM,1,2026-08-27
2025,NOMINAL,3119,JORGE VIANNA,PSD,SIM,1,2026-08-27
2025,NOMINAL,3119,JOÃO CARDOSO,AVANTE,SIM,1,2026-08-27
2025,NOMINAL,3119,MARTINS MACHADO,REPUBLICANOS,SIM,1,2026-08-27
2025,NOMINAL,3119,MAX MACIEL,PSOL,SIM,1,2026-08-27
2025,NOMINAL,3119,PASTOR DANIEL DE CASTRO,PP,SIM,1,2026-08-27
2025,NOMINAL,3119,PAULA BELMONTE,INVÁLIDO,SIM,1,2026-08-27
2025,NOMINAL,3119,PEPA,PP,SIM,1,2026-08-27
2025,NOMINAL,3119,RICARDO VALE,PT,SIM,1,2026-08-27
2025,NOMINAL,3119,ROBÉRIO NEGREIROS,PSD,SIM,1,2026-08-27
2025,NOMINAL,3119,ROGERIO MORRO DA CRUZ,PRD,SIM,1,2026-08-27
2025,NOMINAL,3119,ROOSEVELT VILELA,PL,SIM,1,2026-08-27
2025,NOMINAL,3119,WELLINGTON LUIZ,MDB,SIM,1,2026-08-27
2025,NOMINAL,3143,CHICO VIGILANTE,PT,NAO,1,2026-08-27
2025,NOMINAL,3143,DANIEL DONIZET,MDB,SIM,1,2026-08-27
2025,NOMINAL,3143,DAYSE AMARILIO,PSB,NAO,1,2026-08-27
2025,NOMINAL,3143,EDUARDO PEDROSA,UNIÃO,SIM,1,2026-08-27
2025,NOMINAL,3143,FÁBIO FELIX,PSOL,NAO,1,2026-08-27
2025,NOMINAL,3143,GABRIEL MAGNO,PT,NAO,1,2026-08-27
2025,NOMINAL,3143,HERMETO,MDB,SIM,1,2026-08-27
2025,NOMINAL,3143,IOLANDO,MDB,SIM,1,2026-08-27
2025,NOMINAL,3143,JAQUELINE SILVA,MDB,SIM,1,2026-08-27
2025,NOMINAL,3143,JOAQUIM RORIZ NETO,PL,SIM,1,2026-08-27
2025,NOMINAL,3143,JORGE VIANNA,PSD,SIM,1,2026-08-27
2025,NOMINAL,3143,JOÃO CARDOSO,AVANTE,SIM,1,2026-08-27
2025,NOMINAL,3143,MARTINS MACHADO,REPUBLICANOS,SIM,1,2026-08-27
2025,NOMINAL,3143,MAX MACIEL,PSOL,NAO,1,2026-08-27
2025,NOMINAL,3143,PASTOR DANIEL DE CASTRO,PP,SIM,1,2026-08-27
2025,NOMINAL,3143,PAULA BELMONTE,INVÁLIDO,NAO,1,2026-08-27
2025,NOMINAL,3143,PEPA,PP,SIM,1,2026-08-27
2025,NOMINAL,3143,RICARDO VALE,PT,NAO,1,2026-08-27
2025,NOMINAL,3143,ROGERIO MORRO DA CRUZ,PRD,SIM,1,2026-08-27
2025,NOMINAL,3143,ROOSEVELT VILELA,PL,SIM,1,2026-08-27
2025,NOMINAL,3143,THIAGO MANZONI,PL,SIM,1,2026-08-27
2025,NOMINAL,3143,WELLINGTON LUIZ,MDB,SIM,1,2026-08-27
2025,NOMINAL,3176,CHICO VIGILANTE,PT,SIM,1,2026-08-27
2025,NOMINAL,3176,DAYSE AMARILIO,PSB,SIM,1,2026-08-27
2025,NOMINAL,3176,DOUTORA JANE,REPUBLICANOS,SIM,1,2026-08-27
2025,NOMINAL,3176,EDUARDO PEDROSA,UNIÃO,SIM,1,2026-08-27
2025,NOMINAL,3176,HERMETO,MDB,SIM,1,2026-08-27
2025,NOMINAL,3176,IOLANDO,MDB,SIM,1,2026-08-27
2025,NOMINAL,3176,JAQUELINE SILVA,MDB,SIM,1,2026-08-27
2025,NOMINAL,3176,JOAQUIM RORIZ NETO,PL,SIM,1,2026-08-27
2025,NOMINAL,3176,JORGE VIANNA,PSD,SIM,1,2026-08-27
2025,NOMINAL,3176,JOÃO CARDOSO,AVANTE,SIM,1,2026-08-27
2025,NOMINAL,3176,MARTINS MACHADO,REPUBLICANOS,SIM,1,2026-08-27
2025,NOMINAL,3176,MAX MACIEL,PSOL,SIM,1,2026-08-27
2025,NOMINAL,3176,PASTOR DANIEL DE CASTRO,PP,SIM,1,2026-08-27
2025,NOMINAL,3176,PAULA BELMONTE,INVÁLIDO,SIM,1,2026-08-27
2025,NOMINAL,3176,PEPA,PP,SIM,1,2026-08-27
2025,NOMINAL,3176,RICARDO VALE,PT,SIM,1,2026-08-27
2025,NOMINAL,3176,ROBÉRIO NEGREIROS,PSD,SIM,1,2026-08-27
2025,NOMINAL,3176,ROGERIO MORRO DA CRUZ,PRD,SIM,1,2026-08-27
2025,NOMINAL,3176,ROOSEVELT VILELA,PL,SIM,1,2026-08-27
2025,NOMINAL,3176,WELLINGTON LUIZ,MDB,SIM,1,2026-08-27
2025,NOMINAL,3177,CHICO VIGILANTE,PT,SIM,1,2026-08-27
2025,NOMINAL,3177,DAYSE AMARILIO,PSB,SIM,1,2026-08-27
2025,NOMINAL,3177,DOUTORA JANE,REPUBLICANOS,SIM,1,2026-08-27
2025,NOMINAL,3177,EDUARDO PEDROSA,UNIÃO,SIM,1,2026-08-27
2025,NOMINAL,3177,HERMETO,MDB,SIM,1,2026-08-27
2025,NOMINAL,3177,IOLANDO,MDB,SIM,1,2026-08-27
2025,NOMINAL,3177,JAQUELINE SILVA,MDB,SIM,1,2026-08-27
2025,NOMINAL,3177,JOAQUIM RORIZ NETO,PL,SIM,1,2026-08-27
2025,NOMINAL,3177,JORGE VIANNA,PSD,SIM,1,2026-08-27
2025,NOMINAL,3177,JOÃO CARDOSO,AVANTE,SIM,1,2026-08-27
2025,NOMINAL,3177,MARTINS MACHADO,REPUBLICANOS,SIM,1,2026-08-27
2025,NOMINAL,3177,MAX MACIEL,PSOL,SIM,1,2026-08-27
2025,NOMINAL,3177,PASTOR DANIEL DE CASTRO,PP,SIM,1,2026-08-27
2025,NOMINAL,3177,PAULA BELMONTE,INVÁLIDO,SIM,1,2026-08-27
2025,NOMINAL,3177,PEPA,PP,SIM,1,2026-08-27
2025,NOMINAL,3177,RICARDO VALE,PT,SIM,1,2026-08-27
2025,NOMINAL,3177,ROBÉRIO NEGREIROS,PSD,SIM,1,2026-08-27
2025,NOMINAL,3177,ROGERIO MORRO DA CRUZ,PRD,SIM,1,2026-08-27
2025,NOMINAL,3177,ROOSEVELT VILELA,PL,SIM,1,2026-08-27
2025,NOMINAL,3177,THIAGO MANZONI,PL,SIM,1,2026-08-27
2025,NOMINAL,3177,WELLINGTON LUIZ,MDB,SIM,1,2026-08-27
2025,NOMINAL,3213,CHICO VIGILANTE,PT,NAO,1,2026-08-27
2025,NOMINAL,3213,DANIEL DONIZET,MDB,SIM,1,2026-08-27
2025,NOMINAL,3213,DAYSE AMARILIO,PSB,NAO,1,2026-08-27
2025,NOMINAL,3213,DOUTORA JANE,REPUBLICANOS,SIM,1,2026-08-27
2025,NOMINAL,3213,EDUARDO PEDROSA,UNIÃO,SIM,1,2026-08-27
2025,NOMINAL,3213,FÁBIO FELIX,PSOL,NAO,1,2026-08-27
2025,NOMINAL,3213,GABRIEL MAGNO,PT,NAO,1,2026-08-27
2025,NOMINAL,3213,HERMETO,MDB,SIM,1,2026-08-27
2025,NOMINAL,3213,IOLANDO,MDB,SIM,1,2026-08-27
2025,NOMINAL,3213,JAQUELINE SILVA,MDB,SIM,1,2026-08-27
2025,NOMINAL,3213,JOAQUIM RORIZ NETO,PL,SIM,1,2026-08-27
2025,NOMINAL,3213,JORGE VIANNA,PSD,SIM,1,2026-08-27
2025,NOMINAL,3213,JOÃO CARDOSO,AVANTE,SIM,1,2026-08-27
2025,NOMINAL,3213,MARTINS MACHADO,REPUBLICANOS,SIM,1,2026-08-27
2025,NOMINAL,3213,MAX MACIEL,PSOL,NAO,1,2026-08-27
2025,NOMINAL,3213,PAULA BELMONTE,INVÁLIDO,NAO,1,2026-08-27
2025,NOMINAL,3213,PEPA,PP,SIM,1,2026-08-27
2025,NOMINAL,3213,RICARDO VALE,PT,NAO,1,2026-08-27
2025,NOMINAL,3213,ROBÉRIO NEGREIROS,PSD,SIM,1,2026-08-27
2025,NOMINAL,3213,ROGERIO MORRO DA CRUZ,PRD,SIM,1,2026-08-27
2025,NOMINAL,3213,ROOSEVELT VILELA,PL,SIM,1,2026-08-27
2025,NOMINAL,3213,THIAGO MANZONI,PL,SIM,1,2026-08-27
2025,NOMINAL,3213,WELLINGTON LUIZ,MDB,SIM,1,2026-08-27
2025,NOMINAL,3214,CHICO VIGILANTE,PT,NAO,1,2026-08-27
2025,NOMINAL,3214,DANIEL DONIZET,MDB,SIM,1,2026-08-27
2025,NOMINAL,3214,DAYSE AMARILIO,PSB,NAO,1,2026-08-27
2025,NOMINAL,3214,DOUTORA JANE,REPUBLICANOS,SIM,1,2026-08-27
2025,NOMINAL,3214,EDUARDO PEDROSA,UNIÃO,SIM,1,2026-08-27
2025,NOMINAL,3214,FÁBIO FELIX,PSOL,NAO,1,2026-08-27
2025,NOMINAL,3214,GABRIEL MAGNO,PT,NAO,1,2026-08-27
2025,NOMINAL,3214,HERMETO,MDB,SIM,1,2026-08-27
2025,NOMINAL,3214,IOLANDO,MDB,SIM,1,2026-08-27
2025,NOMINAL,3214,JAQUELINE SILVA,MDB,SIM,1,2026-08-27
2025,NOMINAL,3214,JORGE VIANNA,PSD,SIM,1,2026-08-27
2025,NOMINAL,3214,JOÃO CARDOSO,AVANTE,SIM,1,2026-08-27
2025,NOMINAL,3214,MARTINS MACHADO,REPUBLICANOS,SIM,1,2026-08-27
2025,NOMINAL,3214,MAX MACIEL,PSOL,NAO,1,2026-08-27
2025,NOMINAL,3214,PASTOR DANIEL DE CASTRO,PP,SIM,1,2026-08-27
2025,NOMINAL,3214,PAULA BELMONTE,INVÁLIDO,NAO,1,2026-08-27
2025,NOMINAL,3214,PEPA,PP,SIM,1,2026-08-27
2025,NOMINAL,3214,RICARDO VALE,PT,NAO,1,2026-08-27
2025,NOMINAL,3214,ROBÉRIO NEGREIROS,PSD,SIM,1,2026-08-27
2025,NOMINAL,3214,ROGERIO MORRO DA CRUZ,PRD,SIM,1,2026-08-27
2025,NOMINAL,3214,ROOSEVELT VILELA,PL,SIM,1,2026-08-27
2025,NOMINAL,3214,THIAGO MANZONI,PL,SIM,1,2026-08-27
2025,NOMINAL,3214,WELLINGTON LUIZ,MDB,SIM,1,2026-08-27
2025,NOMINAL,3215,CHICO VIGILANTE,PT,SIM,1,2026-08-27
2025,NOMINAL,3215,DANIEL DONIZET,MDB,SIM,1,2026-08-27
2025,NOMINAL,3215,DAYSE AMARILIO,PSB,SIM,1,2026-08-27
2025,NOMINAL,3215,DOUTORA JANE,REPUBLICANOS,SIM,1,2026-08-27
2025,NOMINAL,3215,EDUARDO PEDROSA,UNIÃO,SIM,1,2026-08-27
2025,NOMINAL,3215,FÁBIO FELIX,PSOL,SIM,1,2026-08-27
2025,NOMINAL,3215,GABRIEL MAGNO,PT,SIM,1,2026-08-27
2025,NOMINAL,3215,HERMETO,MDB,SIM,1,2026-08-27
2025,NOMINAL,3215,IOLANDO,MDB,SIM,1,2026-08-27
2025,NOMINAL,3215,JAQUELINE SILVA,MDB,SIM,1,2026-08-27
2025,NOMINAL,3215,JOAQUIM RORIZ NETO,PL,SIM,1,2026-08-27
2025,NOMINAL,3215,JORGE VIANNA,PSD,SIM,1,2026-08-27
2025,NOMINAL,3215,JOÃO CARDOSO,AVANTE,SIM,1,2026-08-27
2025,NOMINAL,3215,MARTINS MACHADO,REPUBLICANOS,SIM,1,2026-08-27
2025,NOMINAL,3215,MAX MACIEL,PSOL,SIM,1,2026-08-27
2025,NOMINAL,3215,PASTOR DANIEL DE CASTRO,PP,SIM,1,2026-08-27
2025,NOMINAL,3215,PAULA BELMONTE,INVÁLIDO,NAO,1,2026-08-27
2025,NOMINAL,3215,PEPA,PP,SIM,1,2026-08-27
2025,NOMINAL,3215,RICARDO VALE,PT,SIM,1,2026-08-27
2025,NOMINAL,3215,ROBÉRIO NEGREIROS,PSD,SIM,1,2026-08-27
2025,NOMINAL,3215,ROGERIO MORRO DA CRUZ,PRD,SIM,1,2026-08-27
2025,NOMINAL,3215,ROOSEVELT VILELA,PL,SIM,1,2026-08-27
2025,NOMINAL,3215,THIAGO MANZONI,PL,SIM,1,2026-08-27
2025,NOMINAL,3215,WELLINGTON LUIZ,MDB,SIM,1,2026-08-27
2025,NOMINAL,3216,CHICO VIGILANTE,PT,SIM,1,2026-08-27
2025,NOMINAL,3216,DANIEL DONIZET,MDB,NAO,1,2026-08-27
2025,NOMINAL,3216,DAYSE AMARILIO,PSB,SIM,1,2026-08-27
2025,NOMINAL,3216,DOUTORA JANE,REPUBLICANOS,NAO,1,2026-08-27
2025,NOMINAL,3216,EDUARDO PEDROSA,UNIÃO,NAO,1,2026-08-27
2025,NOMINAL,3216,FÁBIO FELIX,PSOL,SIM,1,2026-08-27
2025,NOMINAL,3216,GABRIEL MAGNO,PT,SIM,1,2026-08-27
2025,NOMINAL,3216,HERMETO,MDB,NAO,1,2026-08-27
2025,NOMINAL,3216,IOLANDO,MDB,NAO,1,2026-08-27
2025,NOMINAL,3216,JAQUELINE SILVA,MDB,NAO,1,2026-08-27
2025,NOMINAL,3216,JORGE VIANNA,PSD,NAO,1,2026-08-27
2025,NOMINAL,3216,JOÃO CARDOSO,AVANTE,NAO,1,2026-08-27
2025,NOMINAL,3216,MARTINS MACHADO,REPUBLICANOS,NAO,1,2026-08-27
2025,NOMINAL,3216,MAX MACIEL,PSOL,SIM,1,2026-08-27
2025,NOMINAL,3216,PASTOR DANIEL DE CASTRO,PP,ABSTENCAO,1,2026-08-27
2025,NOMINAL,3216,PAULA BELMONTE,INVÁLIDO,SIM,1,2026-08-27
2025,NOMINAL,3216,PEPA,PP,NAO,1,2026-08-27
2025,NOMINAL,3216,RICARDO VALE,PT,SIM,1,2026-08-27
2025,NOMINAL,3216,ROBÉRIO NEGREIROS,PSD,NAO,1,2026-08-27
2025,NOMINAL,3216,ROGERIO MORRO DA CRUZ,PRD,NAO,1,2026-08-27
2025,NOMINAL,3216,ROOSEVELT VILELA,PL,NAO,1,2026-08-27
2025,NOMINAL,3216,THIAGO MANZONI,PL,ABSTENCAO,1,2026-08-27
2025,NOMINAL,3216,WELLINGTON LUIZ,MDB,NAO,1,2026-08-27
2026,NOMINAL,2652,CHICO VIGILANTE,PT,NAO,1,2026-08-27
2026,NOMINAL,2652,DOUTORA JANE,REPUBLICANOS,NAO,1,2026-08-27
2026,NOMINAL,2652,EDUARDO PEDROSA,UNIÃO,NAO,1,2026-08-27
2026,NOMINAL,2652,FÁBIO FELIX,PSOL,NAO,1,2026-08-27
2026,NOMINAL,2652,GABRIEL MAGNO,PT,NAO,1,2026-08-27
2026,NOMINAL,2652,HERMETO,MDB,NAO,1,2026-08-27
2026,NOMINAL,2652,IOLANDO,MDB,NAO,1,2026-08-27
2026,NOMINAL,2652,JAQUELINE SILVA,MDB,NAO,1,2026-08-27
2026,NOMINAL,2652,JOAQUIM RORIZ NETO,PL,NAO,1,2026-08-27
2026,NOMINAL,2652,JORGE VIANNA,INVÁLIDO,NAO,1,2026-08-27
2026,NOMINAL,2652,MARTINS MACHADO,REPUBLICANOS,NAO,1,2026-08-27
2026,NOMINAL,2652,PASTOR DANIEL DE CASTRO,PP,NAO,1,2026-08-27
2026,NOMINAL,2652,PEPA,PP,NAO,1,2026-08-27
2026,NOMINAL,2652,RICARDO VALE,PT,NAO,1,2026-08-27
2026,NOMINAL,2652,ROGERIO MORRO DA CRUZ,PSD,NAO,1,2026-08-27
2026,NOMINAL,2652,ROOSEVELT VILELA,PL,NAO,1,2026-08-27
2026,NOMINAL,2652,WELLINGTON LUIZ,MDB,NAO,1,2026-08-27
2026,NOMINAL,3323,CHICO VIGILANTE,PT,NAO,1,2026-08-27
2026,NOMINAL,3323,DANIEL DONIZET,MDB,SIM,1,2026-08-27
2026,NOMINAL,3323,DAYSE AMARILIO,PSB,NAO,1,2026-08-27
2026,NOMINAL,3323,DOUTORA JANE,REPUBLICANOS,SIM,1,2026-08-27
2026,NOMINAL,3323,EDUARDO PEDROSA,UNIÃO,SIM,1,2026-08-27
2026,NOMINAL,3323,FÁBIO FELIX,PSOL,NAO,1,2026-08-27
2026,NOMINAL,3323,GABRIEL MAGNO,PT,NAO,1,2026-08-27
2026,NOMINAL,3323,HERMETO,MDB,SIM,1,2026-08-27
2026,NOMINAL,3323,IOLANDO,MDB,SIM,1,2026-08-27
2026,NOMINAL,3323,JAQUELINE SILVA,MDB,SIM,1,2026-08-27
2026,NOMINAL,3323,JOAQUIM RORIZ NETO,PL,SIM,1,2026-08-27
2026,NOMINAL,3323,JORGE VIANNA,PSD,SIM,1,2026-08-27
2026,NOMINAL,3323,JOÃO CARDOSO,AVANTE,NAO,1,2026-08-27
2026,NOMINAL,3323,MARTINS MACHADO,REPUBLICANOS,SIM,1,2026-08-27
2026,NOMINAL,3323,MAX MACIEL,PSOL,NAO,1,2026-08-27
2026,NOMINAL,3323,PASTOR DANIEL DE CASTRO,PP,SIM,1,2026-08-27
2026,NOMINAL,3323,PAULA BELMONTE,INVÁLIDO,NAO,1,2026-08-27
2026,NOMINAL,3323,PEPA,PP,SIM,1,2026-08-27
2026,NOMINAL,3323,RICARDO VALE,PT,NAO,1,2026-08-27
2026,NOMINAL,3323,ROBÉRIO NEGREIROS,PSD,SIM,1,2026-08-27
2026,NOMINAL,3323,ROGERIO MORRO DA CRUZ,PRD,NAO,1,2026-08-27
2026,NOMINAL,3323,ROOSEVELT VILELA,PL,SIM,1,2026-08-27
2026,NOMINAL,3323,THIAGO MANZONI,PL,NAO,1,2026-08-27
2026,NOMINAL,3323,WELLINGTON LUIZ,MDB,SIM,1,2026-08-27
2026,NOMINAL,3324,CHICO VIGILANTE,PT,NAO,1,2026-08-27
2026,NOMINAL,3324,DANIEL DONIZET,MDB,SIM,1,2026-08-27
2026,NOMINAL,3324,DAYSE AMARILIO,PSB,NAO,1,2026-08-27
2026,NOMINAL,3324,DOUTORA JANE,REPUBLICANOS,SIM,1,2026-08-27
2026,NOMINAL,3324,EDUARDO PEDROSA,UNIÃO,SIM,1,2026-08-27
2026,NOMINAL,3324,FÁBIO FELIX,PSOL,NAO,1,2026-08-27
2026,NOMINAL,3324,GABRIEL MAGNO,PT,NAO,1,2026-08-27
2026,NOMINAL,3324,HERMETO,MDB,SIM,1,2026-08-27
2026,NOMINAL,3324,IOLANDO,MDB,SIM,1,2026-08-27
2026,NOMINAL,3324,JAQUELINE SILVA,MDB,SIM,1,2026-08-27
2026,NOMINAL,3324,JOAQUIM RORIZ NETO,PL,SIM,1,2026-08-27
2026,NOMINAL,3324,JORGE VIANNA,PSD,SIM,1,2026-08-27
2026,NOMINAL,3324,JOÃO CARDOSO,AVANTE,NAO,1,2026-08-27
2026,NOMINAL,3324,MARTINS MACHADO,REPUBLICANOS,SIM,1,2026-08-27
2026,NOMINAL,3324,MAX MACIEL,PSOL,NAO,1,2026-08-27
2026,NOMINAL,3324,PASTOR DANIEL DE CASTRO,PP,SIM,1,2026-08-27
2026,NOMINAL,3324,PAULA BELMONTE,INVÁLIDO,NAO,1,2026-08-27
2026,NOMINAL,3324,PEPA,PP,SIM,1,2026-08-27
2026,NOMINAL,3324,RICARDO VALE,PT,NAO,1,2026-08-27
2026,NOMINAL,3324,ROBÉRIO NEGREIROS,PSD,SIM,1,2026-08-27
2026,NOMINAL,3324,ROGERIO MORRO DA CRUZ,PRD,NAO,1,2026-08-27
2026,NOMINAL,3324,ROOSEVELT VILELA,PL,SIM,1,2026-08-27
2026,NOMINAL,3324,THIAGO MANZONI,PL,NAO,1,2026-08-27
2026,NOMINAL,3324,WELLINGTON LUIZ,MDB,SIM,1,2026-08-27
2026,NOMINAL,3328,CHICO VIGILANTE,PT,SIM,1,2026-08-27
2026,NOMINAL,3328,DANIEL DONIZET,MDB,NAO,1,2026-08-27
2026,NOMINAL,3328,DAYSE AMARILIO,PSB,SIM,1,2026-08-27
2026,NOMINAL,3328,DOUTORA JANE,REPUBLICANOS,NAO,1,2026-08-27
2026,NOMINAL,3328,EDUARDO PEDROSA,UNIÃO,NAO,1,2026-08-27
2026,NOMINAL,3328,FÁBIO FELIX,PSOL,SIM,1,2026-08-27
2026,NOMINAL,3328,GABRIEL MAGNO,PT,SIM,1,2026-08-27
2026,NOMINAL,3328,HERMETO,MDB,NAO,1,2026-08-27
2026,NOMINAL,3328,IOLANDO,MDB,NAO,1,2026-08-27
2026,NOMINAL,3328,JAQUELINE SILVA,MDB,NAO,1,2026-08-27
2026,NOMINAL,3328,JOAQUIM RORIZ NETO,PL,SIM,1,2026-08-27
2026,NOMINAL,3328,JORGE VIANNA,PSD,NAO,1,2026-08-27
2026,NOMINAL,3328,JOÃO CARDOSO,AVANTE,NAO,1,2026-08-27
2026,NOMINAL,3328,MARTINS MACHADO,REPUBLICANOS,NAO,1,2026-08-27
2026,NOMINAL,3328,MAX MACIEL,PSOL,SIM,1,2026-08-27
2026,NOMINAL,3328,PASTOR DANIEL DE CASTRO,PP,NAO,1,2026-08-27
2026,NOMINAL,3328,PAULA BELMONTE,INVÁLIDO,SIM,1,2026-08-27
2026,NOMINAL,3328,PEPA,PP,NAO,1,2026-08-27
2026,NOMINAL,3328,RICARDO VALE,PT,SIM,1,2026-08-27
2026,NOMINAL,3328,ROBÉRIO NEGREIROS,PSD,NAO,1,2026-08-27
2026,NOMINAL,3328,ROGERIO MORRO DA CRUZ,PRD,NAO,1,2026-08-27
2026,NOMINAL,3328,ROOSEVELT VILELA,PL,NAO,1,2026-08-27
2026,NOMINAL,3328,THIAGO MANZONI,PL,SIM,1,2026-08-27
2026,NOMINAL,3328,WELLINGTON LUIZ,MDB,NAO,1,2026-08-27
2026,NOMINAL,3330,CHICO VIGILANTE,PT,SIM,1,2026-08-27
2026,NOMINAL,3330,DANIEL DONIZET,MDB,NAO,1,2026-08-27
2026,NOMINAL,3330,DAYSE AMARILIO,PSB,SIM,1,2026-08-27
2026,NOMINAL,3330,DOUTORA JANE,REPUBLICANOS,NAO,1,2026-08-27
2026,NOMINAL,3330,EDUARDO PEDROSA,UNIÃO,NAO,1,2026-08-27
2026,NOMINAL,3330,FÁBIO FELIX,PSOL,SIM,1,2026-08-27
2026,NOMINAL,3330,GABRIEL MAGNO,PT,SIM,1,2026-08-27
2026,NOMINAL,3330,HERMETO,MDB,NAO,1,2026-08-27
2026,NOMINAL,3330,IOLANDO,MDB,NAO,1,2026-08-27
2026,NOMINAL,3330,JAQUELINE SILVA,MDB,NAO,1,2026-08-27
2026,NOMINAL,3330,JOAQUIM RORIZ NETO,PL,NAO,1,2026-08-27
2026,NOMINAL,3330,JORGE VIANNA,PSD,NAO,1,2026-08-27
2026,NOMINAL,3330,MARTINS MACHADO,REPUBLICANOS,NAO,1,2026-08-27
2026,NOMINAL,3330,MAX MACIEL,PSOL,SIM,1,2026-08-27
2026,NOMINAL,3330,PASTOR DANIEL DE CASTRO,PP,NAO,1,2026-08-27
2026,NOMINAL,3330,PAULA BELMONTE,INVÁLIDO,SIM,1,2026-08-27
2026,NOMINAL,3330,PEPA,PP,NAO,1,2026-08-27
2026,NOMINAL,3330,RICARDO VALE,PT,SIM,1,2026-08-27
2026,NOMINAL,3330,ROBÉRIO NEGREIROS,PSD,NAO,1,2026-08-27
2026,NOMINAL,3330,ROGERIO MORRO DA CRUZ,PRD,SIM,1,2026-08-27
2026,NOMINAL,3330,ROOSEVELT VILELA,PL,NAO,1,2026-08-27
2026,NOMINAL,3330,THIAGO MANZONI,PL,SIM,1,2026-08-27
2026,NOMINAL,3330,WELLINGTON LUIZ,MDB,NAO,1,2026-08-27
2026,NOMINAL,3341,CHICO VIGILANTE,PT,SIM,1,2026-08-27
2026,NOMINAL,3341,DAYSE AMARILIO,PSB,SIM,1,2026-08-27
2026,NOMINAL,3341,DOUTORA JANE,REPUBLICANOS,SIM,1,2026-08-27
2026,NOMINAL,3341,EDUARDO PEDROSA,UNIÃO,SIM,1,2026-08-27
2026,NOMINAL,3341,FÁBIO FELIX,PSOL,SIM,1,2026-08-27
2026,NOMINAL,3341,IOLANDO,MDB,SIM,1,2026-08-27
2026,NOMINAL,3341,JAQUELINE SILVA,MDB,SIM,1,2026-08-27
2026,NOMINAL,3341,JOÃO CARDOSO,PL,SIM,1,2026-08-27
2026,NOMINAL,3341,MAX MACIEL,PSOL,SIM,1,2026-08-27
2026,NOMINAL,3341,PASTOR DANIEL DE CASTRO,PP,SIM,1,2026-08-27
2026,NOMINAL,3341,PAULA BELMONTE,INVÁLIDO,SIM,1,2026-08-27
2026,NOMINAL,3341,PEPA,PP,SIM,1,2026-08-27
2026,NOMINAL,3341,RICARDO VALE,PT,SIM,1,2026-08-27
2026,NOMINAL,3341,ROBÉRIO NEGREIROS,PSD,SIM,1,2026-08-27
2026,NOMINAL,3341,ROGERIO MORRO DA CRUZ,PRD,SIM,1,2026-08-27
2026,NOMINAL,3341,THIAGO MANZONI,PL,SIM,1,2026-08-27
2026,NOMINAL,3341,WELLINGTON LUIZ,MDB,SIM,1,2026-08-27
2026,NOMINAL,3342,CHICO VIGILANTE,PT,SIM,1,2026-08-27
2026,NOMINAL,3342,DAYSE AMARILIO,PSB,SIM,1,2026-08-27
2026,NOMINAL,3342,DOUTORA JANE,REPUBLICANOS,SIM,1,2026-08-27
2026,NOMINAL,3342,EDUARDO PEDROSA,UNIÃO,SIM,1,2026-08-27
2026,NOMINAL,3342,FÁBIO FELIX,PSOL,SIM,1,2026-08-27
2026,NOMINAL,3342,IOLANDO,MDB,SIM,1,2026-08-27
2026,NOMINAL,3342,JAQUELINE SILVA,MDB,SIM,1,2026-08-27
2026,NOMINAL,3342,JOÃO CARDOSO,PL,SIM,1,2026-08-27
2026,NOMINAL,3342,MAX MACIEL,PSOL,SIM,1,2026-08-27
2026,NOMINAL,3342,PASTOR DANIEL DE CASTRO,PP,SIM,1,2026-08-27
2026,NOMINAL,3342,PEPA,PP,SIM,1,2026-08-27
2026,NOMINAL,3342,RICARDO VALE,PT,SIM,1,2026-08-27
2026,NOMINAL,3342,ROBÉRIO NEGREIROS,PSD,SIM,1,2026-08-27
2026,NOMINAL,3342,ROGERIO MORRO DA CRUZ,PRD,SIM,1,2026-08-27
2026,NOMINAL,3342,THIAGO MANZONI,PL,SIM,1,2026-08-27
2026,NOMINAL,3342,WELLINGTON LUIZ,MDB,SIM,1,2026-08-27
2026,NOMINAL,3345,CHICO VIGILANTE,PT,SIM,1,2026-08-27
2026,NOMINAL,3345,DAYSE AMARILIO,PSB,SIM,1,2026-08-27
2026,NOMINAL,3345,DOUTORA JANE,REPUBLICANOS,SIM,1,2026-08-27
2026,NOMINAL,3345,EDUARDO PEDROSA,UNIÃO,SIM,1,2026-08-27
2026,NOMINAL,3345,FÁBIO FELIX,PSOL,SIM,1,2026-08-27
2026,NOMINAL,3345,IOLANDO,MDB,SIM,1,2026-08-27
2026,NOMINAL,3345,JAQUELINE SILVA,MDB,SIM,1,2026-08-27
2026,NOMINAL,3345,JOÃO CARDOSO,PL,SIM,1,2026-08-27
2026,NOMINAL,3345,MAX MACIEL,PSOL,SIM,1,2026-08-27
2026,NOMINAL,3345,PASTOR DANIEL DE CASTRO,PP,SIM,1,2026-08-27
2026,NOMINAL,3345,PEPA,PP,SIM,1,2026-08-27
2026,NOMINAL,3345,RICARDO VALE,PT,SIM,1,2026-08-27
2026,NOMINAL,3345,ROBÉRIO NEGREIROS,PSD,SIM,1,2026-08-27
2026,NOMINAL,3345,ROGERIO MORRO DA CRUZ,PRD,SIM,1,2026-08-27
2026,NOMINAL,3345,THIAGO MANZONI,PL,SIM,1,2026-08-27
2026,NOMINAL,3345,WELLINGTON LUIZ,MDB,SIM,1,2026-08-27
2026,NOMINAL,3360,CHICO VIGILANTE,PT,SIM,1,2026-08-27
2026,NOMINAL,3360,DAYSE AMARILIO,PSB,SIM,1,2026-08-27
2026,NOMINAL,3360,EDUARDO PEDROSA,UNIÃO,SIM,1,2026-08-27
2026,NOMINAL,3360,GABRIEL MAGNO,PT,SIM,1,2026-08-27
2026,NOMINAL,3360,HERMETO,MDB,SIM,1,2026-08-27
2026,NOMINAL,3360,JAQUELINE SILVA,MDB,SIM,1,2026-08-27
2026,NOMINAL,3360,JOAQUIM RORIZ NETO,PL,SIM,1,2026-08-27
2026,NOMINAL,3360,JORGE VIANNA,INVÁLIDO,SIM,1,2026-08-27
2026,NOMINAL,3360,JOÃO CARDOSO,PL,SIM,1,2026-08-27
2026,NOMINAL,3360,MARTINS MACHADO,REPUBLICANOS,SIM,1,2026-08-27
2026,NOMINAL,3360,PASTOR DANIEL DE CASTRO,PP,SIM,1,2026-08-27
2026,NOMINAL,3360,PEPA,PP,SIM,1,2026-08-27
2026,NOMINAL,3360,RICARDO VALE,PT,SIM,1,2026-08-27
2026,NOMINAL,3360,ROGERIO MORRO DA CRUZ,PRD,SIM,1,2026-08-27
2026,NOMINAL,3360,WELLINGTON LUIZ,MDB,SIM,1,2026-08-27
2026,NOMINAL,3361,CHICO VIGILANTE,PT,SIM,1,2026-08-27
2026,NOMINAL,3361,DAYSE AMARILIO,PSB,SIM,1,2026-08-27
2026,NOMINAL,3361,EDUARDO PEDROSA,UNIÃO,SIM,1,2026-08-27
2026,NOMINAL,3361,FÁBIO FELIX,PSOL,SIM,1,2026-08-27
2026,NOMINAL,3361,GABRIEL MAGNO,PT,SIM,1,2026-08-27
2026,NOMINAL,3361,HERMETO,MDB,SIM,1,2026-08-27
2026,NOMINAL,3361,IOLANDO,MDB,SIM,1,2026-08-27
2026,NOMINAL,3361,JAQUELINE SILVA,MDB,SIM,1,2026-08-27
2026,NOMINAL,3361,JOAQUIM RORIZ NETO,PL,SIM,1,2026-08-27
2026,NOMINAL,3361,JORGE VIANNA,INVÁLIDO,SIM,1,2026-08-27
2026,NOMINAL,3361,JOÃO CARDOSO,PL,SIM,1,2026-08-27
2026,NOMINAL,3361,MARTINS MACHADO,REPUBLICANOS,SIM,1,2026-08-27
2026,NOMINAL,3361,PASTOR DANIEL DE CASTRO,PP,SIM,1,2026-08-27
2026,NOMINAL,3361,PEPA,PP,SIM,1,2026-08-27
2026,NOMINAL,3361,RICARDO VALE,PT,SIM,1,2026-08-27
2026,NOMINAL,3361,ROGERIO MORRO DA CRUZ,PRD,SIM,1,2026-08-27
2026,NOMINAL,3361,WELLINGTON LUIZ,MDB,SIM,1,2026-08-27
2026,NOMINAL,3403,CHICO VIGILANTE,PT,SIM,1,2026-08-27
2026,NOMINAL,3403,DAYSE AMARILIO,PSB,SIM,1,2026-08-27
2026,NOMINAL,3403,EDUARDO PEDROSA,UNIÃO,SIM,1,2026-08-27
2026,NOMINAL,3403,FÁBIO FELIX,PSOL,SIM,1,2026-08-27
2026,NOMINAL,3403,GABRIEL MAGNO,PT,SIM,1,2026-08-27
2026,NOMINAL,3403,HERMETO,MDB,SIM,1,2026-08-27
2026,NOMINAL,3403,IOLANDO,MDB,SIM,1,2026-08-27
2026,NOMINAL,3403,JAQUELINE SILVA,MDB,SIM,1,2026-08-27
2026,NOMINAL,3403,JOAQUIM RORIZ NETO,PL,SIM,1,2026-08-27
2026,NOMINAL,3403,JORGE VIANNA,INVÁLIDO,SIM,1,2026-08-27
2026,NOMINAL,3403,JOÃO CARDOSO,PL,SIM,1,2026-08-27
2026,NOMINAL,3403,MARTINS MACHADO,REPUBLICANOS,SIM,1,2026-08-27
2026,NOMINAL,3403,PASTOR DANIEL DE CASTRO,PP,SIM,1,2026-08-27
2026,NOMINAL,3403,PEPA,PP,SIM,1,2026-08-27
2026,NOMINAL,3403,RICARDO VALE,PT,SIM,1,2026-08-27
2026,NOMINAL,3403,ROGERIO MORRO DA CRUZ,PRD,SIM,1,2026-08-27
2026,NOMINAL,3403,WELLINGTON LUIZ,MDB,SIM,1,2026-08-27
2026,NOMINAL,3414,CHICO VIGILANTE,PT,NAO,1,2026-08-27
2026,NOMINAL,3414,DAYSE AMARILIO,PSB,SIM,1,2026-08-27
2026,NOMINAL,3414,EDUARDO PEDROSA,UNIÃO,NAO,1,2026-08-27
2026,NOMINAL,3414,FÁBIO FELIX,PSOL,SIM,1,2026-08-27
2026,NOMINAL,3414,GABRIEL MAGNO,PT,SIM,1,2026-08-27
2026,NOMINAL,3414,HERMETO,MDB,NAO,1,2026-08-27
2026,NOMINAL,3414,IOLANDO,MDB,NAO,1,2026-08-27
2026,NOMINAL,3414,JAQUELINE SILVA,MDB,NAO,1,2026-08-27
2026,NOMINAL,3414,JOAQUIM RORIZ NETO,PL,NAO,1,2026-08-27
2026,NOMINAL,3414,JORGE VIANNA,INVÁLIDO,NAO,1,2026-08-27
2026,NOMINAL,3414,JOÃO CARDOSO,PL,SIM,1,2026-08-27
2026,NOMINAL,3414,MARTINS MACHADO,REPUBLICANOS,NAO,1,2026-08-27
2026,NOMINAL,3414,PASTOR DANIEL DE CASTRO,PP,NAO,1,2026-08-27
2026,NOMINAL,3414,PEPA,PP,NAO,1,2026-08-27
2026,NOMINAL,3414,RICARDO VALE,PT,ABSTENCAO,1,2026-08-27
2026,NOMINAL,3414,ROGERIO MORRO DA CRUZ,PRD,ABSTENCAO,1,2026-08-27
2026,NOMINAL,3414,WELLINGTON LUIZ,MDB,NAO,1,2026-08-27
2026,NOMINAL,3415,CHICO VIGILANTE,PT,ABSTENCAO,1,2026-08-27
2026,NOMINAL,3415,DAYSE AMARILIO,PSB,SIM,1,2026-08-27
2026,NOMINAL,3415,EDUARDO PEDROSA,UNIÃO,NAO,1,2026-08-27
2026,NOMINAL,3415,FÁBIO FELIX,PSOL,SIM,1,2026-08-27
2026,NOMINAL,3415,GABRIEL MAGNO,PT,SIM,1,2026-08-27
2026,NOMINAL,3415,HERMETO,MDB,NAO,1,2026-08-27
2026,NOMINAL,3415,IOLANDO,MDB,NAO,1,2026-08-27
2026,NOMINAL,3415,JAQUELINE SILVA,MDB,NAO,1,2026-08-27
2026,NOMINAL,3415,JOAQUIM RORIZ NETO,PL,NAO,1,2026-08-27
2026,NOMINAL,3415,JORGE VIANNA,INVÁLIDO,NAO,1,2026-08-27
2026,NOMINAL,3415,JOÃO CARDOSO,PL,SIM,1,2026-08-27
2026,NOMINAL,3415,MARTINS MACHADO,REPUBLICANOS,NAO,1,2026-08-27
2026,NOMINAL,3415,PASTOR DANIEL DE CASTRO,PP,NAO,1,2026-08-27
2026,NOMINAL,3415,PEPA,PP,NAO,1,2026-08-27
2026,NOMINAL,3415,RICARDO VALE,PT,SIM,1,2026-08-27
2026,NOMINAL,3415,ROGERIO MORRO DA CRUZ,PRD,ABSTENCAO,1,2026-08-27
2026,NOMINAL,3415,WELLINGTON LUIZ,MDB,NAO,1,2026-08-27
2026,NOMINAL,3417,CHICO VIGILANTE,PT,SIM,1,2026-08-27
2026,NOMINAL,3417,DAYSE AMARILIO,PSB,SIM,1,2026-08-27
2026,NOMINAL,3417,EDUARDO PEDROSA,UNIÃO,SIM,1,2026-08-27
2026,NOMINAL,3417,FÁBIO FELIX,PSOL,SIM,1,2026-08-27
2026,NOMINAL,3417,GABRIEL MAGNO,PT,SIM,1,2026-08-27
2026,NOMINAL,3417,JAQUELINE SILVA,MDB,SIM,1,2026-08-27
2026,NOMINAL,3417,JOAQUIM RORIZ NETO,PL,SIM,1,2026-08-27
2026,NOMINAL,3417,JORGE VIANNA,INVÁLIDO,SIM,1,2026-08-27
2026,NOMINAL,3417,JOÃO CARDOSO,PL,SIM,1,2026-08-27
2026,NOMINAL,3417,MARTINS MACHADO,REPUBLICANOS,SIM,1,2026-08-27
2026,NOMINAL,3417,PASTOR DANIEL DE CASTRO,PP,SIM,1,2026-08-27
2026,NOMINAL,3417,PAULA BELMONTE,INVÁLIDO,SIM,1,2026-08-27
2026,NOMINAL,3417,PEPA,PP,SIM,1,2026-08-27
2026,NOMINAL,3417,RICARDO VALE,PT,SIM,1,2026-08-27
2026,NOMINAL,3417,ROGERIO MORRO DA CRUZ,PRD,SIM,1,2026-08-27
2026,NOMINAL,3417,ROOSEVELT VILELA,PL,SIM,1,2026-08-27
2026,NOMINAL,3417,WELLINGTON LUIZ,MDB,SIM,1,2026-08-27
2026,NOMINAL,3429,CHICO VIGILANTE,PT,SIM,1,2026-08-27
2026,NOMINAL,3429,DOUTORA JANE,REPUBLICANOS,SIM,1,2026-08-27
2026,NOMINAL,3429,EDUARDO PEDROSA,UNIÃO,SIM,1,2026-08-27
2026,NOMINAL,3429,FÁBIO FELIX,PSOL,SIM,1,2026-08-27
2026,NOMINAL,3429,GABRIEL MAGNO,PT,SIM,1,2026-08-27
2026,NOMINAL,3429,IOLANDO,MDB,SIM,1,2026-08-27
2026,NOMINAL,3429,JOÃO CARDOSO,PL,SIM,1,2026-08-27
2026,NOMINAL,3429,MARTINS MACHADO,REPUBLICANOS,SIM,1,2026-08-27
2026,NOMINAL,3429,MAX MACIEL,PSOL,SIM,1,2026-08-27
2026,NOMINAL,3429,PASTOR DANIEL DE CASTRO,PP,SIM,1,2026-08-27
2026,NOMINAL,3429,PEPA,PP,SIM,1,2026-08-27
2026,NOMINAL,3429,RICARDO VALE,PT,SIM,1,2026-08-27
2026,NOMINAL,3429,ROGERIO MORRO DA CRUZ,PSD,SIM,1,2026-08-27
2026,NOMINAL,3429,THIAGO MANZONI,PL,SIM,1,2026-08-27
2026,NOMINAL,3430,CHICO VIGILANTE,PT,SIM,1,2026-08-27
2026,NOMINAL,3430,DOUTORA JANE,REPUBLICANOS,SIM,1,2026-08-27
2026,NOMINAL,3430,EDUARDO PEDROSA,UNIÃO,SIM,1,2026-08-27
2026,NOMINAL,3430,FÁBIO FELIX,PSOL,SIM,1,2026-08-27
2026,NOMINAL,3430,GABRIEL MAGNO,PT,SIM,1,2026-08-27
2026,NOMINAL,3430,IOLANDO,MDB,SIM,1,2026-08-27
2026,NOMINAL,3430,JOÃO CARDOSO,PL,SIM,1,2026-08-27
2026,NOMINAL,3430,MARTINS MACHADO,REPUBLICANOS,SIM,1,2026-08-27
2026,NOMINAL,3430,PASTOR DANIEL DE CASTRO,PP,SIM,1,2026-08-27
2026,NOMINAL,3430,PEPA,PP,SIM,1,2026-08-27
2026,NOMINAL,3430,RICARDO VALE,PT,SIM,1,2026-08-27
2026,NOMINAL,3430,ROGERIO MORRO DA CRUZ,PSD,SIM,1,2026-08-27
2026,NOMINAL,3430,THIAGO MANZONI,PL,SIM,1,2026-08-27
2026,NOMINAL,3431,CHICO VIGILANTE,PT,SIM,1,2026-08-27
2026,NOMINAL,3431,DOUTORA JANE,REPUBLICANOS,SIM,1,2026-08-27
2026,NOMINAL,3431,EDUARDO PEDROSA,UNIÃO,SIM,1,2026-08-27
2026,NOMINAL,3431,FÁBIO FELIX,PSOL,SIM,1,2026-08-27
2026,NOMINAL,3431,GABRIEL MAGNO,PT,SIM,1,2026-08-27
2026,NOMINAL,3431,IOLANDO,MDB,SIM,1,2026-08-27
2026,NOMINAL,3431,JOÃO CARDOSO,PL,SIM,1,2026-08-27
2026,NOMINAL,3431,MARTINS MACHADO,REPUBLICANOS,SIM,1,2026-08-27
2026,NOMINAL,3431,MAX MACIEL,PSOL,SIM,1,2026-08-27
2026,NOMINAL,3431,PASTOR DANIEL DE CASTRO,PP,SIM,1,2026-08-27
2026,NOMINAL,3431,RICARDO VALE,PT,SIM,1,2026-08-27
2026,NOMINAL,3431,ROGERIO MORRO DA CRUZ,PSD,SIM,1,2026-08-27
2026,NOMINAL,3431,THIAGO MANZONI,PL,SIM,1,2026-08-27
2026,NOMINAL,3432,CHICO VIGILANTE,PT,SIM,1,2026-08-27
2026,NOMINAL,3432,DOUTORA JANE,REPUBLICANOS,SIM,1,2026-08-27
2026,NOMINAL,3432,EDUARDO PEDROSA,UNIÃO,SIM,1,2026-08-27
2026,NOMINAL,3432,FÁBIO FELIX,PSOL,SIM,1,2026-08-27
2026,NOMINAL,3432,GABRIEL MAGNO,PT,SIM,1,2026-08-27
2026,NOMINAL,3432,IOLANDO,MDB,SIM,1,2026-08-27
2026,NOMINAL,3432,JOÃO CARDOSO,PL,SIM,1,2026-08-27
2026,NOMINAL,3432,MARTINS MACHADO,REPUBLICANOS,SIM,1,2026-08-27
2026,NOMINAL,3432,MAX MACIEL,PSOL,SIM,1,2026-08-27
2026,NOMINAL,3432,PASTOR DANIEL DE CASTRO,PP,SIM,1,2026-08-27
2026,NOMINAL,3432,PEPA,PP,SIM,1,2026-08-27
2026,NOMINAL,3432,RICARDO VALE,PT,SIM,1,2026-08-27
2026,NOMINAL,3432,ROGERIO MORRO DA CRUZ,PSD,SIM,1,2026-08-27
2026,NOMINAL,3432,THIAGO MANZONI,PL,SIM,1,2026-08-27
2026,NOMINAL,3435,CHICO VIGILANTE,PT,SIM,1,2026-08-27
2026,NOMINAL,3435,DANIEL DONIZET,MDB,SIM,1,2026-08-27
2026,NOMINAL,3435,DAYSE AMARILIO,PSB,SIM,1,2026-08-27
2026,NOMINAL,3435,DOUTORA JANE,REPUBLICANOS,SIM,1,2026-08-27
2026,NOMINAL,3435,EDUARDO PEDROSA,UNIÃO,SIM,1,2026-08-27
2026,NOMINAL,3435,FÁBIO FELIX,PSOL,SIM,1,2026-08-27
2026,NOMINAL,3435,GABRIEL MAGNO,PT,SIM,1,2026-08-27
2026,NOMINAL,3435,HERMETO,MDB,SIM,1,2026-08-27
2026,NOMINAL,3435,IOLANDO,MDB,SIM,1,2026-08-27
2026,NOMINAL,3435,JAQUELINE SILVA,MDB,SIM,1,2026-08-27
2026,NOMINAL,3435,JOAQUIM RORIZ NETO,PL,SIM,1,2026-08-27
2026,NOMINAL,3435,JOÃO CARDOSO,PL,SIM,1,2026-08-27
2026,NOMINAL,3435,MARTINS MACHADO,REPUBLICANOS,SIM,1,2026-08-27
2026,NOMINAL,3435,MAX MACIEL,PSOL,SIM,1,2026-08-27
2026,NOMINAL,3435,PASTOR DANIEL DE CASTRO,PP,SIM,1,2026-08-27
2026,NOMINAL,3435,PAULA BELMONTE,INVÁLIDO,SIM,1,2026-08-27
2026,NOMINAL,3435,PEPA,PP,SIM,1,2026-08-27
2026,NOMINAL,3435,RICARDO VALE,PT,SIM,1,2026-08-27
2026,NOMINAL,3435,ROGERIO MORRO DA CRUZ,PSD,SIM,1,2026-08-27
2026,NOMINAL,3435,ROOSEVELT VILELA,PL,SIM,1,2026-08-27
2026,NOMINAL,3435,WELLINGTON LUIZ,MDB,SIM,1,2026-08-27
2026,NOMINAL,3464,CHICO VIGILANTE,PT,NAO,1,2026-08-27
2026,NOMINAL,3464,DAYSE AMARILIO,PSB,NAO,1,2026-08-27
2026,NOMINAL,3464,DOUTORA JANE,REPUBLICANOS,SIM,1,2026-08-27
2026,NOMINAL,3464,EDUARDO PEDROSA,UNIÃO,SIM,1,2026-08-27
2026,NOMINAL,3464,FÁBIO FELIX,PSOL,NAO,1,2026-08-27
2026,NOMINAL,3464,GABRIEL MAGNO,PT,NAO,1,2026-08-27
2026,NOMINAL,3464,HERMETO,MDB,SIM,1,2026-08-27
2026,NOMINAL,3464,IOLANDO,MDB,SIM,1,2026-08-27
2026,NOMINAL,3464,JAQUELINE SILVA,MDB,SIM,1,2026-08-27
2026,NOMINAL,3464,JOAQUIM RORIZ NETO,PL,SIM,1,2026-08-27
2026,NOMINAL,3464,MARTINS MACHADO,REPUBLICANOS,SIM,1,2026-08-27
2026,NOMINAL,3464,MAX MACIEL,PSOL,NAO,1,2026-08-27
2026,NOMINAL,3464,PASTOR DANIEL DE CASTRO,PP,SIM,1,2026-08-27
2026,NOMINAL,3464,PEPA,PP,SIM,1,2026-08-27
2026,NOMINAL,3464,RICARDO VALE,PT,NAO,1,2026-08-27
2026,NOMINAL,3464,ROBÉRIO NEGREIROS,PODEMOS,SIM,1,2026-08-27
2026,NOMINAL,3464,ROGERIO MORRO DA CRUZ,PSD,SIM,1,2026-08-27
2026,NOMINAL,3464,ROOSEVELT VILELA,PL,SIM,1,2026-08-27
2026,NOMINAL,3464,THIAGO MANZONI,PL,SIM,1,2026-08-27
2026,NOMINAL,3464,WELLINGTON LUIZ,MDB,SIM,1,2026-08-27
2026,NOMINAL,3510,CHICO VIGILANTE,PT,SIM,1,2026-08-27
2026,NOMINAL,3510,DAYSE AMARILIO,PSB,SIM,1,2026-08-27
2026,NOMINAL,3510,EDUARDO PEDROSA,UNIÃO,SIM,1,2026-08-27
2026,NOMINAL,3510,FÁBIO FELIX,PSOL,SIM,1,2026-08-27
2026,NOMINAL,3510,IOLANDO,MDB,SIM,1,2026-08-27
2026,NOMINAL,3510,JAQUELINE SILVA,MDB,SIM,1,2026-08-27
2026,NOMINAL,3510,JORGE VIANNA,INVÁLIDO,SIM,1,2026-08-27
2026,NOMINAL,3510,MARTINS MACHADO,REPUBLICANOS,SIM,1,2026-08-27
2026,NOMINAL,3510,PEPA,PP,SIM,1,2026-08-27
2026,NOMINAL,3510,RICARDO VALE,PT,SIM,1,2026-08-27
2026,NOMINAL,3510,ROOSEVELT VILELA,PL,SIM,1,2026-08-27
2026,NOMINAL,3510,THIAGO MANZONI,PL,SIM,1,2026-08-27
2026,NOMINAL,3510,WELLINGTON LUIZ,MDB,SIM,1,2026-08-27
2026,NOMINAL,3511,CHICO VIGILANTE,PT,SIM,1,2026-08-27
2026,NOMINAL,3511,DAYSE AMARILIO,PSB,SIM,1,2026-08-27
2026,NOMINAL,3511,EDUARDO PEDROSA,UNIÃO,SIM,1,2026-08-27
2026,NOMINAL,3511,FÁBIO FELIX,PSOL,SIM,1,2026-08-27
2026,NOMINAL,3511,GABRIEL MAGNO,PT,SIM,1,2026-08-27
2026,NOMINAL,3511,JAQUELINE SILVA,MDB,SIM,1,2026-08-27
2026,NOMINAL,3511,JORGE VIANNA,INVÁLIDO,SIM,1,2026-08-27
2026,NOMINAL,3511,MARTINS MACHADO,REPUBLICANOS,SIM,1,2026-08-27
2026,NOMINAL,3511,PEPA,PP,SIM,1,2026-08-27
2026,NOMINAL,3511,RICARDO VALE,PT,SIM,1,2026-08-27
2026,NOMINAL,3511,ROOSEVELT VILELA,PL,SIM,1,2026-08-27
2026,NOMINAL,3511,THIAGO MANZONI,PL,SIM,1,2026-08-27
2026,NOMINAL,3511,WELLINGTON LUIZ,MDB,SIM,1,2026-08-27
2026,NOMINAL,3526,DAYSE AMARILIO,PSB,SIM,1,2026-08-27
2026,NOMINAL,3526,DOUTORA JANE,REPUBLICANOS,SIM,1,2026-08-27
2026,NOMINAL,3526,FÁBIO FELIX,PSOL,SIM,1,2026-08-27
2026,NOMINAL,3526,GABRIEL MAGNO,PT,SIM,1,2026-08-27
2026,NOMINAL,3526,HERMETO,MDB,SIM,1,2026-08-27
2026,NOMINAL,3526,JOAQUIM RORIZ NETO,PL,SIM,1,2026-08-27
2026,NOMINAL,3526,JORGE VIANNA,INVÁLIDO,SIM,1,2026-08-27
2026,NOMINAL,3526,MARTINS MACHADO,REPUBLICANOS,SIM,1,2026-08-27
2026,NOMINAL,3526,MAX MACIEL,PSOL,SIM,1,2026-08-27
2026,NOMINAL,3526,PASTOR DANIEL DE CASTRO,PP,SIM,1,2026-08-27
2026,NOMINAL,3526,PAULA BELMONTE,INVÁLIDO,SIM,1,2026-08-27
2026,NOMINAL,3526,PEPA,PP,SIM,1,2026-08-27
2026,NOMINAL,3526,RICARDO VALE,PT,SIM,1,2026-08-27
2026,NOMINAL,3526,ROGERIO MORRO DA CRUZ,PSD,SIM,1,2026-08-27
2026,NOMINAL,3526,ROOSEVELT VILELA,PL,SIM,1,2026-08-27
2026,NOMINAL,3526,WELLINGTON LUIZ,MDB,SIM,1,2026-08-27
2026,NOMINAL,3536,CHICO VIGILANTE,PT,SIM,1,2026-08-27
2026,NOMINAL,3536,DANIEL DONIZET,MDB,SIM,1,2026-08-27
2026,NOMINAL,3536,DAYSE AMARILIO,PSB,SIM,1,2026-08-27
2026,NOMINAL,3536,DOUTORA JANE,REPUBLICANOS,SIM,1,2026-08-27
2026,NOMINAL,3536,EDUARDO PEDROSA,UNIÃO,SIM,1,2026-08-27
2026,NOMINAL,3536,GABRIEL MAGNO,PT,SIM,1,2026-08-27
2026,NOMINAL,3536,HERMETO,MDB,SIM,1,2026-08-27
2026,NOMINAL,3536,IOLANDO,MDB,SIM,1,2026-08-27
2026,NOMINAL,3536,JAQUELINE SILVA,MDB,SIM,1,2026-08-27
2026,NOMINAL,3536,JOAQUIM RORIZ NETO,PL,SIM,1,2026-08-27
2026,NOMINAL,3536,JORGE VIANNA,INVÁLIDO,SIM,1,2026-08-27
2026,NOMINAL,3536,JOÃO CARDOSO,PL,SIM,1,2026-08-27
2026,NOMINAL,3536,MARTINS MACHADO,REPUBLICANOS,SIM,1,2026-08-27
2026,NOMINAL,3536,MAX MACIEL,PSOL,SIM,1,2026-08-27
2026,NOMINAL,3536,PASTOR DANIEL DE CASTRO,PP,SIM,1,2026-08-27
2026,NOMINAL,3536,PEPA,PP,SIM,1,2026-08-27
2026,NOMINAL,3536,RICARDO VALE,PT,SIM,1,2026-08-27
2026,NOMINAL,3536,ROGERIO MORRO DA CRUZ,PSD,SIM,1,2026-08-27
2026,NOMINAL,3536,ROOSEVELT VILELA,PL,SIM,1,2026-08-27
2026,NOMINAL,3536,THIAGO MANZONI,PL,SIM,1,2026-08-27
2026,NOMINAL,3536,WELLINGTON LUIZ,MDB,SIM,1,2026-08-27
2026,NOMINAL,3537,CHICO VIGILANTE,PT,SIM,1,2026-08-27
2026,NOMINAL,3537,DAYSE AMARILIO,PSB,SIM,1,2026-08-27
2026,NOMINAL,3537,DOUTORA JANE,REPUBLICANOS,SIM,1,2026-08-27
2026,NOMINAL,3537,EDUARDO PEDROSA,UNIÃO,SIM,1,2026-08-27
2026,NOMINAL,3537,FÁBIO FELIX,PSOL,SIM,1,2026-08-27
2026,NOMINAL,3537,HERMETO,MDB,SIM,1,2026-08-27
2026,NOMINAL,3537,JAQUELINE SILVA,MDB,SIM,1,2026-08-27
2026,NOMINAL,3537,JOAQUIM RORIZ NETO,PL,SIM,1,2026-08-27
2026,NOMINAL,3537,MARTINS MACHADO,REPUBLICANOS,SIM,1,2026-08-27
2026,NOMINAL,3537,MAX MACIEL,PSOL,SIM,1,2026-08-27
2026,NOMINAL,3537,PASTOR DANIEL DE CASTRO,PP,SIM,1,2026-08-27
2026,NOMINAL,3537,PEPA,PP,SIM,1,2026-08-27
2026,NOMINAL,3537,RICARDO VALE,PT,SIM,1,2026-08-27
2026,NOMINAL,3537,ROGERIO MORRO DA CRUZ,PSD,SIM,1,2026-08-27
2026,NOMINAL,3537,ROOSEVELT VILELA,PL,SIM,1,2026-08-27
2026,NOMINAL,3537,WELLINGTON LUIZ,MDB,SIM,1,2026-08-27
2026,NOMINAL,3544,CHICO VIGILANTE,PT,SIM,1,2026-08-27
2026,NOMINAL,3544,DANIEL DONIZET,MDB,SIM,1,2026-08-27
2026,NOMINAL,3544,DAYSE AMARILIO,PSB,SIM,1,2026-08-27
2026,NOMINAL,3544,DOUTORA JANE,REPUBLICANOS,SIM,1,2026-08-27
2026,NOMINAL,3544,EDUARDO PEDROSA,UNIÃO,SIM,1,2026-08-27
2026,NOMINAL,3544,HERMETO,MDB,SIM,1,2026-08-27
2026,NOMINAL,3544,IOLANDO,MDB,SIM,1,2026-08-27
2026,NOMINAL,3544,JAQUELINE SILVA,MDB,SIM,1,2026-08-27
2026,NOMINAL,3544,JOAQUIM RORIZ NETO,PL,SIM,1,2026-08-27
2026,NOMINAL,3544,JORGE VIANNA,INVÁLIDO,SIM,1,2026-08-27
2026,NOMINAL,3544,JOÃO CARDOSO,PL,SIM,1,2026-08-27
2026,NOMINAL,3544,MARTINS MACHADO,REPUBLICANOS,SIM,1,2026-08-27
2026,NOMINAL,3544,PASTOR DANIEL DE CASTRO,PP,SIM,1,2026-08-27
2026,NOMINAL,3544,PEPA,PP,SIM,1,2026-08-27
2026,NOMINAL,3544,RICARDO VALE,PT,SIM,1,2026-08-27
2026,NOMINAL,3544,ROGERIO MORRO DA CRUZ,PSD,SIM,1,2026-08-27
2026,NOMINAL,3544,ROOSEVELT VILELA,PL,SIM,1,2026-08-27
2026,NOMINAL,3544,THIAGO MANZONI,PL,SIM,1,2026-08-27
2026,NOMINAL,3544,WELLINGTON LUIZ,MDB,SIM,1,2026-08-27
2026,NOMINAL,3546,CHICO VIGILANTE,PT,SIM,1,2026-08-27
2026,NOMINAL,3546,DOUTORA JANE,REPUBLICANOS,SIM,1,2026-08-27
2026,NOMINAL,3546,FÁBIO FELIX,PSOL,SIM,1,2026-08-27
2026,NOMINAL,3546,GABRIEL MAGNO,PT,SIM,1,2026-08-27
2026,NOMINAL,3546,HERMETO,MDB,SIM,1,2026-08-27
2026,NOMINAL,3546,IOLANDO,MDB,SIM,1,2026-08-27
2026,NOMINAL,3546,JORGE VIANNA,INVÁLIDO,SIM,1,2026-08-27
2026,NOMINAL,3546,MARTINS MACHADO,REPUBLICANOS,SIM,1,2026-08-27
2026,NOMINAL,3546,MAX MACIEL,PSOL,SIM,1,2026-08-27
2026,NOMINAL,3546,PASTOR DANIEL DE CASTRO,PP,SIM,1,2026-08-27
2026,NOMINAL,3546,PEPA,PP,SIM,1,2026-08-27
2026,NOMINAL,3546,RICARDO VALE,PT,SIM,1,2026-08-27
2026,NOMINAL,3546,ROGERIO MORRO DA CRUZ,PSD,SIM,1,2026-08-27
2026,NOMINAL,3546,WELLINGTON LUIZ,MDB,SIM,1,2026-08-27
2026,NOMINAL,3548,CHICO VIGILANTE,PT,SIM,1,2026-08-27
2026,NOMINAL,3548,DOUTORA JANE,REPUBLICANOS,NAO,1,2026-08-27
2026,NOMINAL,3548,EDUARDO PEDROSA,UNIÃO,NAO,1,2026-08-27
2026,NOMINAL,3548,FÁBIO FELIX,PSOL,SIM,1,2026-08-27
2026,NOMINAL,3548,GABRIEL MAGNO,PT,SIM,1,2026-08-27
2026,NOMINAL,3548,HERMETO,MDB,NAO,1,2026-08-27
2026,NOMINAL,3548,JAQUELINE SILVA,MDB,NAO,1,2026-08-27
2026,NOMINAL,3548,JORGE VIANNA,INVÁLIDO,NAO,1,2026-08-27
2026,NOMINAL,3548,MARTINS MACHADO,REPUBLICANOS,NAO,1,2026-08-27
2026,NOMINAL,3548,MAX MACIEL,PSOL,SIM,1,2026-08-27
2026,NOMINAL,3548,PASTOR DANIEL DE CASTRO,PP,NAO,1,2026-08-27
2026,NOMINAL,3548,PEPA,PP,NAO,1,2026-08-27
2026,NOMINAL,3548,RICARDO VALE,PT,SIM,1,2026-08-27
2026,NOMINAL,3548,ROGERIO MORRO DA CRUZ,PSD,SIM,1,2026-08-27
2026,NOMINAL,3548,ROOSEVELT VILELA,PL,NAO,1,2026-08-27
2026,NOMINAL,3548,WELLINGTON LUIZ,MDB,NAO,1,2026-08-27
2026,NOMINAL,3549,CHICO VIGILANTE,PT,SIM,1,2026-08-27
2026,NOMINAL,3549,DOUTORA JANE,REPUBLICANOS,NAO,1,2026-08-27
2026,NOMINAL,3549,EDUARDO PEDROSA,UNIÃO,NAO,1,2026-08-27
2026,NOMINAL,3549,FÁBIO FELIX,PSOL,SIM,1,2026-08-27
2026,NOMINAL,3549,GABRIEL MAGNO,PT,SIM,1,2026-08-27
2026,NOMINAL,3549,HERMETO,MDB,NAO,1,2026-08-27
2026,NOMINAL,3549,IOLANDO,MDB,NAO,1,2026-08-27
2026,NOMINAL,3549,JAQUELINE SILVA,MDB,NAO,1,2026-08-27
2026,NOMINAL,3549,JORGE VIANNA,INVÁLIDO,NAO,1,2026-08-27
2026,NOMINAL,3549,MARTINS MACHADO,REPUBLICANOS,NAO,1,2026-08-27
2026,NOMINAL,3549,MAX MACIEL,PSOL,SIM,1,2026-08-27
2026,NOMINAL,3549,PASTOR DANIEL DE CASTRO,PP,NAO,1,2026-08-27
2026,NOMINAL,3549,RICARDO VALE,PT,SIM,1,2026-08-27
2026,NOMINAL,3549,ROGERIO MORRO DA CRUZ,PSD,SIM,1,2026-08-27
2026,NOMINAL,3549,ROOSEVELT VILELA,PL,NAO,1,2026-08-27
2026,NOMINAL,3549,WELLINGTON LUIZ,MDB,NAO,1,2026-08-27
2026,NOMINAL,3550,CHICO VIGILANTE,PT,SIM,1,2026-08-27
2026,NOMINAL,3550,DOUTORA JANE,REPUBLICANOS,NAO,1,2026-08-27
2026,NOMINAL,3550,EDUARDO PEDROSA,UNIÃO,NAO,1,2026-08-27
2026,NOMINAL,3550,FÁBIO FELIX,PSOL,SIM,1,2026-08-27
2026,NOMINAL,3550,GABRIEL MAGNO,PT,SIM,1,2026-08-27
2026,NOMINAL,3550,HERMETO,MDB,NAO,1,2026-08-27
2026,NOMINAL,3550,JAQUELINE SILVA,MDB,NAO,1,2026-08-27
2026,NOMINAL,3550,JORGE VIANNA,INVÁLIDO,NAO,1,2026-08-27
2026,NOMINAL,3550,MARTINS MACHADO,REPUBLICANOS,NAO,1,2026-08-27
2026,NOMINAL,3550,MAX MACIEL,PSOL,SIM,1,2026-08-27
2026,NOMINAL,3550,PASTOR DANIEL DE CASTRO,PP,NAO,1,2026-08-27
2026,NOMINAL,3550,RICARDO VALE,PT,SIM,1,2026-08-27
2026,NOMINAL,3550,ROGERIO MORRO DA CRUZ,PSD,SIM,1,2026-08-27
2026,NOMINAL,3550,ROOSEVELT VILELA,PL,NAO,1,2026-08-27
2026,NOMINAL,3550,WELLINGTON LUIZ,MDB,NAO,1,2026-08-27
2026,NOMINAL,3551,CHICO VIGILANTE,PT,SIM,1,2026-08-27
2026,NOMINAL,3551,DOUTORA JANE,REPUBLICANOS,NAO,1,2026-08-27
2026,NOMINAL,3551,EDUARDO PEDROSA,UNIÃO,NAO,1,2026-08-27
2026,NOMINAL,3551,FÁBIO FELIX,PSOL,SIM,1,2026-08-27
2026,NOMINAL,3551,GABRIEL MAGNO,PT,SIM,1,2026-08-27
2026,NOMINAL,3551,HERMETO,MDB,NAO,1,2026-08-27
2026,NOMINAL,3551,JAQUELINE SILVA,MDB,NAO,1,2026-08-27
2026,NOMINAL,3551,JORGE VIANNA,INVÁLIDO,NAO,1,2026-08-27
2026,NOMINAL,3551,MARTINS MACHADO,REPUBLICANOS,NAO,1,2026-08-27
2026,NOMINAL,3551,MAX MACIEL,PSOL,SIM,1,2026-08-27
2026,NOMINAL,3551,PASTOR DANIEL DE CASTRO,PP,NAO,1,2026-08-27
2026,NOMINAL,3551,PEPA,PP,NAO,1,2026-08-27
2026,NOMINAL,3551,RICARDO VALE,PT,SIM,1,2026-08-27
2026,NOMINAL,3551,ROGERIO MORRO DA CRUZ,PSD,SIM,1,2026-08-27
2026,NOMINAL,3551,WELLINGTON LUIZ,MDB,NAO,1,2026-08-27
2026,NOMINAL,3552,CHICO VIGILANTE,PT,SIM,1,2026-08-27
2026,NOMINAL,3552,DOUTORA JANE,REPUBLICANOS,NAO,1,2026-08-27
2026,NOMINAL,3552,EDUARDO PEDROSA,UNIÃO,NAO,1,2026-08-27
2026,NOMINAL,3552,FÁBIO FELIX,PSOL,SIM,1,2026-08-27
2026,NOMINAL,3552,GABRIEL MAGNO,PT,SIM,1,2026-08-27
2026,NOMINAL,3552,HERMETO,MDB,NAO,1,2026-08-27
2026,NOMINAL,3552,IOLANDO,MDB,NAO,1,2026-08-27
2026,NOMINAL,3552,JAQUELINE SILVA,MDB,NAO,1,2026-08-27
2026,NOMINAL,3552,JOAQUIM RORIZ NETO,PL,NAO,1,2026-08-27
2026,NOMINAL,3552,JORGE VIANNA,INVÁLIDO,NAO,1,2026-08-27
2026,NOMINAL,3552,MARTINS MACHADO,REPUBLICANOS,NAO,1,2026-08-27
2026,NOMINAL,3552,MAX MACIEL,PSOL,SIM,1,2026-08-27
2026,NOMINAL,3552,PASTOR DANIEL DE CASTRO,PP,NAO,1,2026-08-27
2026,NOMINAL,3552,PEPA,PP,NAO,1,2026-08-27
2026,NOMINAL,3552,RICARDO VALE,PT,SIM,1,2026-08-27
2026,NOMINAL,3552,ROGERIO MORRO DA CRUZ,PSD,SIM,1,2026-08-27
2026,NOMINAL,3552,WELLINGTON LUIZ,MDB,NAO,1,2026-08-27
2026,NOMINAL,3580,CHICO VIGILANTE,PT,ABSTENCAO,1,2026-08-27
2026,NOMINAL,3580,DAYSE AMARILIO,PSB,NAO,1,2026-08-27
2026,NOMINAL,3580,DOUTORA JANE,REPUBLICANOS,SIM,1,2026-08-27
2026,NOMINAL,3580,EDUARDO PEDROSA,UNIÃO,SIM,1,2026-08-27
2026,NOMINAL,3580,FÁBIO FELIX,PSOL,NAO,1,2026-08-27
2026,NOMINAL,3580,GABRIEL MAGNO,PT,NAO,1,2026-08-27
2026,NOMINAL,3580,HERMETO,MDB,SIM,1,2026-08-27
2026,NOMINAL,3580,IOLANDO,MDB,SIM,1,2026-08-27
2026,NOMINAL,3580,JAQUELINE SILVA,MDB,SIM,1,2026-08-27
2026,NOMINAL,3580,JOAQUIM RORIZ NETO,PL,SIM,1,2026-08-27
2026,NOMINAL,3580,JORGE VIANNA,INVÁLIDO,SIM,1,2026-08-27
2026,NOMINAL,3580,MARTINS MACHADO,REPUBLICANOS,SIM,1,2026-08-27
2026,NOMINAL,3580,MAX MACIEL,PSOL,NAO,1,2026-08-27
2026,NOMINAL,3580,PASTOR DANIEL DE CASTRO,PP,SIM,1,2026-08-27
2026,NOMINAL,3580,PEPA,PP,SIM,1,2026-08-27
2026,NOMINAL,3580,RICARDO VALE,PT,SIM,1,2026-08-27
2026,NOMINAL,3580,ROBÉRIO NEGREIROS,PODEMOS,SIM,1,2026-08-27
2026,NOMINAL,3580,ROGERIO MORRO DA CRUZ,PSD,SIM,1,2026-08-27
2026,NOMINAL,3580,ROOSEVELT VILELA,PL,SIM,1,2026-08-27
2026,NOMINAL,3580,THIAGO MANZONI,PL,SIM,1,2026-08-27
2026,NOMINAL,3580,WELLINGTON LUIZ,MDB,SIM,1,2026-08-27
2026,NOMINAL,3597,CHICO VIGILANTE,PT,ABSTENCAO,1,2026-08-27
2026,NOMINAL,3597,DAYSE AMARILIO,PSB,SIM,1,2026-08-27
2026,NOMINAL,3597,DOUTORA JANE,REPUBLICANOS,NAO,1,2026-08-27
2026,NOMINAL,3597,EDUARDO PEDROSA,UNIÃO,NAO,1,2026-08-27
2026,NOMINAL,3597,FÁBIO FELIX,PSOL,SIM,1,2026-08-27
2026,NOMINAL,3597,GABRIEL MAGNO,PT,SIM,1,2026-08-27
2026,NOMINAL,3597,HERMETO,MDB,NAO,1,2026-08-27
2026,NOMINAL,3597,IOLANDO,MDB,NAO,1,2026-08-27
2026,NOMINAL,3597,JAQUELINE SILVA,MDB,NAO,1,2026-08-27
2026,NOMINAL,3597,JOAQUIM RORIZ NETO,PL,NAO,1,2026-08-27
2026,NOMINAL,3597,JORGE VIANNA,INVÁLIDO,NAO,1,2026-08-27
2026,NOMINAL,3597,MARTINS MACHADO,REPUBLICANOS,NAO,1,2026-08-27
2026,NOMINAL,3597,MAX MACIEL,PSOL,SIM,1,2026-08-27
2026,NOMINAL,3597,PASTOR DANIEL DE CASTRO,PP,NAO,1,2026-08-27
2026,NOMINAL,3597,PEPA,PP,NAO,1,2026-08-27
2026,NOMINAL,3597,RICARDO VALE,PT,NAO,1,2026-08-27
2026,NOMINAL,3597,ROBÉRIO NEGREIROS,PODEMOS,NAO,1,2026-08-27
2026,NOMINAL,3597,ROGERIO MORRO DA CRUZ,PSD,NAO,1,2026-08-27
2026,NOMINAL,3597,ROOSEVELT VILELA,PL,NAO,1,2026-08-27
2026,NOMINAL,3597,THIAGO MANZONI,PL,NAO,1,2026-08-27
2026,NOMINAL,3597,WELLINGTON LUIZ,MDB,NAO,1,2026-08-27
2026,NOMINAL,3655,DAYSE AMARILIO,PSB,SIM,1,2026-08-27
2026,NOMINAL,3655,DOUTORA JANE,REPUBLICANOS,SIM,1,2026-08-27
2026,NOMINAL,3655,FÁBIO FELIX,PSOL,SIM,1,2026-08-27
2026,NOMINAL,3655,GABRIEL MAGNO,PT,SIM,1,2026-08-27
2026,NOMINAL,3655,HERMETO,MDB,SIM,1,2026-08-27
2026,NOMINAL,3655,JOAQUIM RORIZ NETO,PL,SIM,1,2026-08-27
2026,NOMINAL,3655,MARTINS MACHADO,REPUBLICANOS,SIM,1,2026-08-27
2026,NOMINAL,3655,MAX MACIEL,PSOL,SIM,1,2026-08-27
2026,NOMINAL,3655,PASTOR DANIEL DE CASTRO,PP,SIM,1,2026-08-27
2026,NOMINAL,3655,PAULA BELMONTE,INVÁLIDO,SIM,1,2026-08-27
2026,NOMINAL,3655,PEPA,PP,SIM,1,2026-08-27
2026,NOMINAL,3655,RICARDO VALE,PT,SIM,1,2026-08-27
2026,NOMINAL,3655,ROBÉRIO NEGREIROS,PODEMOS,SIM,1,2026-08-27
2026,NOMINAL,3655,ROGERIO MORRO DA CRUZ,PSD,SIM,1,2026-08-27
2026,NOMINAL,3655,ROOSEVELT VILELA,PL,SIM,1,2026-08-27
2026,NOMINAL,3655,WELLINGTON LUIZ,MDB,SIM,1,2026-08-27
2026,NOMINAL,3656,CHICO VIGILANTE,PT,SIM,1,2026-08-27
2026,NOMINAL,3656,DAYSE AMARILIO,PSB,SIM,1,2026-08-27
2026,NOMINAL,3656,DOUTORA JANE,REPUBLICANOS,SIM,1,2026-08-27
2026,NOMINAL,3656,EDUARDO PEDROSA,UNIÃO,SIM,1,2026-08-27
2026,NOMINAL,3656,FÁBIO FELIX,PSOL,SIM,1,2026-08-27
2026,NOMINAL,3656,GABRIEL MAGNO,PT,SIM,1,2026-08-27
2026,NOMINAL,3656,HERMETO,MDB,SIM,1,2026-08-27
2026,NOMINAL,3656,JAQUELINE SILVA,MDB,SIM,1,2026-08-27
2026,NOMINAL,3656,JOAQUIM RORIZ NETO,PL,SIM,1,2026-08-27
2026,NOMINAL,3656,JORGE VIANNA,INVÁLIDO,SIM,1,2026-08-27
2026,NOMINAL,3656,MARTINS MACHADO,REPUBLICANOS,SIM,1,2026-08-27
2026,NOMINAL,3656,MAX MACIEL,PSOL,SIM,1,2026-08-27
2026,NOMINAL,3656,PASTOR DANIEL DE CASTRO,PP,SIM,1,2026-08-27
2026,NOMINAL,3656,PEPA,PP,SIM,1,2026-08-27
2026,NOMINAL,3656,RICARDO VALE,PT,SIM,1,2026-08-27
2026,NOMINAL,3656,ROBÉRIO NEGREIROS,PODEMOS,SIM,1,2026-08-27
2026,NOMINAL,3656,ROOSEVELT VILELA,PL,SIM,1,2026-08-27
2026,NOMINAL,3656,WELLINGTON LUIZ,MDB,SIM,1,2026-08-27
2026,NOMINAL,3688,CHICO VIGILANTE,PT,NAO,1,2026-08-27
2026,NOMINAL,3688,DAYSE AMARILIO,PSB,NAO,1,2026-08-27
2026,NOMINAL,3688,DOUTORA JANE,REPUBLICANOS,ABSTENCAO,1,2026-08-27
2026,NOMINAL,3688,EDUARDO PEDROSA,UNIÃO,SIM,1,2026-08-27
2026,NOMINAL,3688,FÁBIO FELIX,PSOL,NAO,1,2026-08-27
2026,NOMINAL,3688,GABRIEL MAGNO,PT,NAO,1,2026-08-27
2026,NOMINAL,3688,HERMETO,MDB,SIM,1,2026-08-27
2026,NOMINAL,3688,IOLANDO,MDB,SIM,1,2026-08-27
2026,NOMINAL,3688,JAQUELINE SILVA,MDB,SIM,1,2026-08-27
2026,NOMINAL,3688,JOAQUIM RORIZ NETO,PL,SIM,1,2026-08-27
2026,NOMINAL,3688,JORGE VIANNA,INVÁLIDO,NAO,1,2026-08-27
2026,NOMINAL,3688,MARTINS MACHADO,REPUBLICANOS,SIM,1,2026-08-27
2026,NOMINAL,3688,MAX MACIEL,PSOL,NAO,1,2026-08-27
2026,NOMINAL,3688,PASTOR DANIEL DE CASTRO,PP,SIM,1,2026-08-27
2026,NOMINAL,3688,PAULA BELMONTE,INVÁLIDO,NAO,1,2026-08-27
2026,NOMINAL,3688,PEPA,PP,SIM,1,2026-08-27
2026,NOMINAL,3688,RICARDO VALE,PT,NAO,1,2026-08-27
2026,NOMINAL,3688,ROBÉRIO NEGREIROS,PODEMOS,SIM,1,2026-08-27
2026,NOMINAL,3688,ROGERIO MORRO DA CRUZ,PSD,NAO,1,2026-08-27
2026,NOMINAL,3688,ROOSEVELT VILELA,PL,SIM,1,2026-08-27
2026,NOMINAL,3688,WELLINGTON LUIZ,MDB,SIM,1,2026-08-27
2026,NOMINAL,3689,CHICO VIGILANTE,PT,NAO,1,2026-08-27
2026,NOMINAL,3689,DAYSE AMARILIO,PSB,NAO,1,2026-08-27
2026,NOMINAL,3689,DOUTORA JANE,REPUBLICANOS,ABSTENCAO,1,2026-08-27
2026,NOMINAL,3689,EDUARDO PEDROSA,UNIÃO,SIM,1,2026-08-27
2026,NOMINAL,3689,FÁBIO FELIX,PSOL,NAO,1,2026-08-27
2026,NOMINAL,3689,GABRIEL MAGNO,PT,NAO,1,2026-08-27
2026,NOMINAL,3689,HERMETO,MDB,SIM,1,2026-08-27
2026,NOMINAL,3689,IOLANDO,MDB,SIM,1,2026-08-27
2026,NOMINAL,3689,JAQUELINE SILVA,MDB,SIM,1,2026-08-27
2026,NOMINAL,3689,JOAQUIM RORIZ NETO,PL,SIM,1,2026-08-27
2026,NOMINAL,3689,JORGE VIANNA,INVÁLIDO,NAO,1,2026-08-27
2026,NOMINAL,3689,MARTINS MACHADO,REPUBLICANOS,SIM,1,2026-08-27
2026,NOMINAL,3689,MAX MACIEL,PSOL,NAO,1,2026-08-27
2026,NOMINAL,3689,PASTOR DANIEL DE CASTRO,PP,SIM,1,2026-08-27
2026,NOMINAL,3689,PAULA BELMONTE,INVÁLIDO,NAO,1,2026-08-27
2026,NOMINAL,3689,PEPA,PP,SIM,1,2026-08-27
2026,NOMINAL,3689,RICARDO VALE,PT,NAO,1,2026-08-27
2026,NOMINAL,3689,ROBÉRIO NEGREIROS,PODEMOS,SIM,1,2026-08-27
2026,NOMINAL,3689,ROGERIO MORRO DA CRUZ,PSD,NAO,1,2026-08-27
2026,NOMINAL,3689,ROOSEVELT VILELA,PL,SIM,1,2026-08-27
2026,NOMINAL,3689,WELLINGTON LUIZ,MDB,SIM,1,2026-08-27
2026,NOMINAL,3693,CHICO VIGILANTE,PT,SIM,1,2026-08-27
2026,NOMINAL,3693,DAYSE AMARILIO,PSB,SIM,1,2026-08-27
2026,NOMINAL,3693,DOUTORA JANE,REPUBLICANOS,ABSTENCAO,1,2026-08-27
2026,NOMINAL,3693,FÁBIO FELIX,PSOL,SIM,1,2026-08-27
2026,NOMINAL,3693,GABRIEL MAGNO,PT,SIM,1,2026-08-27
2026,NOMINAL,3693,HERMETO,MDB,NAO,1,2026-08-27
2026,NOMINAL,3693,IOLANDO,MDB,NAO,1,2026-08-27
2026,NOMINAL,3693,JAQUELINE SILVA,MDB,NAO,1,2026-08-27
2026,NOMINAL,3693,JOAQUIM RORIZ NETO,PL,NAO,1,2026-08-27
2026,NOMINAL,3693,JORGE VIANNA,INVÁLIDO,NAO,1,2026-08-27
2026,NOMINAL,3693,MARTINS MACHADO,REPUBLICANOS,NAO,1,2026-08-27
2026,NOMINAL,3693,MAX MACIEL,PSOL,SIM,1,2026-08-27
2026,NOMINAL,3693,PASTOR DANIEL DE CASTRO,PP,NAO,1,2026-08-27
2026,NOMINAL,3693,PAULA BELMONTE,INVÁLIDO,SIM,1,2026-08-27
2026,NOMINAL,3693,PEPA,PP,NAO,1,2026-08-27
2026,NOMINAL,3693,RICARDO VALE,PT,SIM,1,2026-08-27
2026,NOMINAL,3693,ROBÉRIO NEGREIROS,PODEMOS,NAO,1,2026-08-27
2026,NOMINAL,3693,ROGERIO MORRO DA CRUZ,PSD,SIM,1,2026-08-27
2026,NOMINAL,3693,ROOSEVELT VILELA,PL,NAO,1,2026-08-27
2026,NOMINAL,3693,WELLINGTON LUIZ,MDB,NAO,1,2026-08-27
2026,NOMINAL,3695,DOUTORA JANE,REPUBLICANOS,ABSTENCAO,1,2026-08-27
2026,NOMINAL,3695,EDUARDO PEDROSA,UNIÃO,SIM,1,2026-08-27
2026,NOMINAL,3695,HERMETO,MDB,SIM,1,2026-08-27
2026,NOMINAL,3695,IOLANDO,MDB,SIM,1,2026-08-27
2026,NOMINAL,3695,JAQUELINE SILVA,MDB,SIM,1,2026-08-27
2026,NOMINAL,3695,JOAQUIM RORIZ NETO,PL,SIM,1,2026-08-27
2026,NOMINAL,3695,JORGE VIANNA,INVÁLIDO,ABSTENCAO,1,2026-08-27
2026,NOMINAL,3695,MARTINS MACHADO,REPUBLICANOS,SIM,1,2026-08-27
2026,NOMINAL,3695,PASTOR DANIEL DE CASTRO,PP,SIM,1,2026-08-27
2026,NOMINAL,3695,PEPA,PP,SIM,1,2026-08-27
2026,NOMINAL,3695,ROBÉRIO NEGREIROS,PODEMOS,SIM,1,2026-08-27
2026,NOMINAL,3695,ROGERIO MORRO DA CRUZ,PSD,NAO,1,2026-08-27
2026,NOMINAL,3695,ROOSEVELT VILELA,PL,SIM,1,2026-08-27
2026,NOMINAL,3695,WELLINGTON LUIZ,MDB,SIM,1,2026-08-27
2026,NOMINAL,3696,CHICO VIGILANTE,PT,SIM,1,2026-08-27
2026,NOMINAL,3696,DAYSE AMARILIO,PSB,SIM,1,2026-08-27
2026,NOMINAL,3696,DOUTORA JANE,REPUBLICANOS,ABSTENCAO,1,2026-08-27
2026,NOMINAL,3696,EDUARDO PEDROSA,UNIÃO,NAO,1,2026-08-27
2026,NOMINAL,3696,FÁBIO FELIX,PSOL,SIM,1,2026-08-27
2026,NOMINAL,3696,GABRIEL MAGNO,PT,SIM,1,2026-08-27
2026,NOMINAL,3696,HERMETO,MDB,NAO,1,2026-08-27
2026,NOMINAL,3696,IOLANDO,MDB,NAO,1,2026-08-27
2026,NOMINAL,3696,JAQUELINE SILVA,MDB,NAO,1,2026-08-27
2026,NOMINAL,3696,JOAQUIM RORIZ NETO,PL,NAO,1,2026-08-27
2026,NOMINAL,3696,JORGE VIANNA,INVÁLIDO,NAO,1,2026-08-27
2026,NOMINAL,3696,MARTINS MACHADO,REPUBLICANOS,NAO,1,2026-08-27
2026,NOMINAL,3696,MAX MACIEL,PSOL,SIM,1,2026-08-27
2026,NOMINAL,3696,PASTOR DANIEL DE CASTRO,PP,NAO,1,2026-08-27
2026,NOMINAL,3696,PAULA BELMONTE,INVÁLIDO,SIM,1,2026-08-27
2026,NOMINAL,3696,PEPA,PP,NAO,1,2026-08-27
2026,NOMINAL,3696,RICARDO VALE,PT,SIM,1,2026-08-27
2026,NOMINAL,3696,ROBÉRIO NEGREIROS,PODEMOS,NAO,1,2026-08-27
2026,NOMINAL,3696,ROGERIO MORRO DA CRUZ,PSD,SIM,1,2026-08-27
2026,NOMINAL,3696,ROOSEVELT VILELA,PL,NAO,1,2026-08-27
2026,NOMINAL,3696,WELLINGTON LUIZ,MDB,NAO,1,2026-08-27
2026,NOMINAL,3697,CHICO VIGILANTE,PT,SIM,1,2026-08-27
2026,NOMINAL,3697,DAYSE AMARILIO,PSB,SIM,1,2026-08-27
2026,NOMINAL,3697,DOUTORA JANE,REPUBLICANOS,ABSTENCAO,1,2026-08-27
2026,NOMINAL,3697,EDUARDO PEDROSA,UNIÃO,NAO,1,2026-08-27
2026,NOMINAL,3697,FÁBIO FELIX,PSOL,SIM,1,2026-08-27
2026,NOMINAL,3697,GABRIEL MAGNO,PT,SIM,1,2026-08-27
2026,NOMINAL,3697,HERMETO,MDB,NAO,1,2026-08-27
2026,NOMINAL,3697,IOLANDO,MDB,NAO,1,2026-08-27
2026,NOMINAL,3697,JAQUELINE SILVA,MDB,NAO,1,2026-08-27
2026,NOMINAL,3697,JOAQUIM RORIZ NETO,PL,NAO,1,2026-08-27
2026,NOMINAL,3697,JORGE VIANNA,INVÁLIDO,ABSTENCAO,1,2026-08-27
2026,NOMINAL,3697,MARTINS MACHADO,REPUBLICANOS,NAO,1,2026-08-27
2026,NOMINAL,3697,MAX MACIEL,PSOL,SIM,1,2026-08-27
2026,NOMINAL,3697,PASTOR DANIEL DE CASTRO,PP,NAO,1,2026-08-27
2026,NOMINAL,3697,PAULA BELMONTE,INVÁLIDO,SIM,1,2026-08-27
2026,NOMINAL,3697,PEPA,PP,NAO,1,2026-08-27
2026,NOMINAL,3697,RICARDO VALE,PT,SIM,1,2026-08-27
2026,NOMINAL,3697,ROBÉRIO NEGREIROS,PODEMOS,NAO,1,2026-08-27
2026,NOMINAL,3697,ROGERIO MORRO DA CRUZ,PSD,SIM,1,2026-08-27
2026,NOMINAL,3697,ROOSEVELT VILELA,PL,NAO,1,2026-08-27
2026,NOMINAL,3697,WELLINGTON LUIZ,MDB,NAO,1,2026-08-27
2026,NOMINAL,3700,CHICO VIGILANTE,PT,SIM,1,2026-08-27
2026,NOMINAL,3700,DAYSE AMARILIO,PSB,SIM,1,2026-08-27
2026,NOMINAL,3700,EDUARDO PEDROSA,UNIÃO,NAO,1,2026-08-27
2026,NOMINAL,3700,FÁBIO FELIX,PSOL,SIM,1,2026-08-27
2026,NOMINAL,3700,GABRIEL MAGNO,PT,SIM,1,2026-08-27
2026,NOMINAL,3700,HERMETO,MDB,NAO,1,2026-08-27
2026,NOMINAL,3700,IOLANDO,MDB,NAO,1,2026-08-27
2026,NOMINAL,3700,JAQUELINE SILVA,MDB,NAO,1,2026-08-27
2026,NOMINAL,3700,JOAQUIM RORIZ NETO,PL,NAO,1,2026-08-27
2026,NOMINAL,3700,JORGE VIANNA,INVÁLIDO,ABSTENCAO,1,2026-08-27
2026,NOMINAL,3700,MARTINS MACHADO,REPUBLICANOS,NAO,1,2026-08-27
2026,NOMINAL,3700,MAX MACIEL,PSOL,SIM,1,2026-08-27
2026,NOMINAL,3700,PASTOR DANIEL DE CASTRO,PP,NAO,1,2026-08-27
2026,NOMINAL,3700,PAULA BELMONTE,INVÁLIDO,SIM,1,2026-08-27
2026,NOMINAL,3700,PEPA,PP,NAO,1,2026-08-27
2026,NOMINAL,3700,RICARDO VALE,PT,SIM,1,2026-08-27
2026,NOMINAL,3700,ROBÉRIO NEGREIROS,PODEMOS,NAO,1,2026-08-27
2026,NOMINAL,3700,ROGERIO MORRO DA CRUZ,PSD,SIM,1,2026-08-27
2026,NOMINAL,3700,ROOSEVELT VILELA,PL,NAO,1,2026-08-27
2026,NOMINAL,3700,WELLINGTON LUIZ,MDB,NAO,1,2026-08-27
2026,NOMINAL,3701,CHICO VIGILANTE,PT,SIM,1,2026-08-27
2026,NOMINAL,3701,DAYSE AMARILIO,PSB,SIM,1,2026-08-27
2026,NOMINAL,3701,DOUTORA JANE,REPUBLICANOS,ABSTENCAO,1,2026-08-27
2026,NOMINAL,3701,EDUARDO PEDROSA,UNIÃO,NAO,1,2026-08-27
2026,NOMINAL,3701,FÁBIO FELIX,PSOL,SIM,1,2026-08-27
2026,NOMINAL,3701,GABRIEL MAGNO,PT,SIM,1,2026-08-27
2026,NOMINAL,3701,HERMETO,MDB,NAO,1,2026-08-27
2026,NOMINAL,3701,IOLANDO,MDB,NAO,1,2026-08-27
2026,NOMINAL,3701,JAQUELINE SILVA,MDB,NAO,1,2026-08-27
2026,NOMINAL,3701,JOAQUIM RORIZ NETO,PL,NAO,1,2026-08-27
2026,NOMINAL,3701,JORGE VIANNA,INVÁLIDO,ABSTENCAO,1,2026-08-27
2026,NOMINAL,3701,MARTINS MACHADO,REPUBLICANOS,NAO,1,2026-08-27
2026,NOMINAL,3701,MAX MACIEL,PSOL,SIM,1,2026-08-27
2026,NOMINAL,3701,PASTOR DANIEL DE CASTRO,PP,NAO,1,2026-08-27
2026,NOMINAL,3701,PAULA BELMONTE,INVÁLIDO,SIM,1,2026-08-27
2026,NOMINAL,3701,PEPA,PP,NAO,1,2026-08-27
2026,NOMINAL,3701,RICARDO VALE,PT,SIM,1,2026-08-27
2026,NOMINAL,3701,ROBÉRIO NEGREIROS,PODEMOS,NAO,1,2026-08-27
2026,NOMINAL,3701,ROGERIO MORRO DA CRUZ,PSD,SIM,1,2026-08-27
2026,NOMINAL,3701,ROOSEVELT VILELA,PL,NAO,1,2026-08-27
2026,NOMINAL,3701,WELLINGTON LUIZ,MDB,NAO,1,2026-08-27
2026,NOMINAL,3717,DAYSE AMARILIO,PSB,SIM,1,2026-08-27
2026,NOMINAL,3717,DOUTORA JANE,REPUBLICANOS,SIM,1,2026-08-27
2026,NOMINAL,3717,EDUARDO PEDROSA,UNIÃO,SIM,1,2026-08-27
2026,NOMINAL,3717,IOLANDO,MDB,SIM,1,2026-08-27
2026,NOMINAL,3717,JAQUELINE SILVA,MDB,SIM,1,2026-08-27
2026,NOMINAL,3717,JORGE VIANNA,INVÁLIDO,SIM,1,2026-08-27
2026,NOMINAL,3717,JOÃO CARDOSO,PL,SIM,1,2026-08-27
2026,NOMINAL,3717,MARTINS MACHADO,REPUBLICANOS,SIM,1,2026-08-27
2026,NOMINAL,3717,PASTOR DANIEL DE CASTRO,PP,SIM,1,2026-08-27
2026,NOMINAL,3717,PEPA,PP,SIM,1,2026-08-27
2026,NOMINAL,3717,ROGERIO MORRO DA CRUZ,PSD,SIM,1,2026-08-27
2026,NOMINAL,3717,THIAGO MANZONI,PL,SIM,1,2026-08-27
2026,NOMINAL,3717,WELLINGTON LUIZ,MDB,SIM,1,2026-08-27
2026,NOMINAL,3718,DAYSE AMARILIO,PSB,SIM,1,2026-08-27
2026,NOMINAL,3718,DOUTORA JANE,REPUBLICANOS,SIM,1,2026-08-27
2026,NOMINAL,3718,EDUARDO PEDROSA,UNIÃO,SIM,1,2026-08-27
2026,NOMINAL,3718,IOLANDO,MDB,SIM,1,2026-08-27
2026,NOMINAL,3718,JAQUELINE SILVA,MDB,SIM,1,2026-08-27
2026,NOMINAL,3718,JORGE VIANNA,INVÁLIDO,SIM,1,2026-08-27
2026,NOMINAL,3718,JOÃO CARDOSO,PL,SIM,1,2026-08-27
2026,NOMINAL,3718,MARTINS MACHADO,REPUBLICANOS,SIM,1,2026-08-27
2026,NOMINAL,3718,PASTOR DANIEL DE CASTRO,PP,SIM,1,2026-08-27
2026,NOMINAL,3718,PEPA,PP,SIM,1,2026-08-27
2026,NOMINAL,3718,ROGERIO MORRO DA CRUZ,PSD,SIM,1,2026-08-27
2026,NOMINAL,3718,THIAGO MANZONI,PL,SIM,1,2026-08-27
2026,NOMINAL,3718,WELLINGTON LUIZ,MDB,SIM,1,2026-08-27
2026,NOMINAL,3719,DAYSE AMARILIO,PSB,SIM,1,2026-08-27
2026,NOMINAL,3719,DOUTORA JANE,REPUBLICANOS,SIM,1,2026-08-27
2026,NOMINAL,3719,EDUARDO PEDROSA,UNIÃO,SIM,1,2026-08-27
2026,NOMINAL,3719,IOLANDO,MDB,SIM,1,2026-08-27
2026,NOMINAL,3719,JAQUELINE SILVA,MDB,SIM,1,2026-08-27
2026,NOMINAL,3719,JOAQUIM RORIZ NETO,PL,SIM,1,2026-08-27
2026,NOMINAL,3719,JORGE VIANNA,INVÁLIDO,SIM,1,2026-08-27
2026,NOMINAL,3719,JOÃO CARDOSO,PL,SIM,1,2026-08-27
2026,NOMINAL,3719,MARTINS MACHADO,REPUBLICANOS,SIM,1,2026-08-27
2026,NOMINAL,3719,PASTOR DANIEL DE CASTRO,PP,SIM,1,2026-08-27
2026,NOMINAL,3719,PEPA,PP,SIM,1,2026-08-27
2026,NOMINAL,3719,ROGERIO MORRO DA CRUZ,PSD,SIM,1,2026-08-27
2026,NOMINAL,3719,THIAGO MANZONI,PL,SIM,1,2026-08-27
2026,NOMINAL,3719,WELLINGTON LUIZ,MDB,SIM,1,2026-08-27
2026,NOMINAL,3721,DAYSE AMARILIO,PSB,SIM,1,2026-08-27
2026,NOMINAL,3721,DOUTORA JANE,REPUBLICANOS,SIM,1,2026-08-27
2026,NOMINAL,3721,EDUARDO PEDROSA,UNIÃO,SIM,1,2026-08-27
2026,NOMINAL,3721,IOLANDO,MDB,SIM,1,2026-08-27
2026,NOMINAL,3721,JAQUELINE SILVA,MDB,SIM,1,2026-08-27
2026,NOMINAL,3721,JORGE VIANNA,INVÁLIDO,SIM,1,2026-08-27
2026,NOMINAL,3721,JOÃO CARDOSO,PL,SIM,1,2026-08-27
2026,NOMINAL,3721,MARTINS MACHADO,REPUBLICANOS,SIM,1,2026-08-27
2026,NOMINAL,3721,PASTOR DANIEL DE CASTRO,PP,SIM,1,2026-08-27
2026,NOMINAL,3721,PEPA,PP,SIM,1,2026-08-27
2026,NOMINAL,3721,ROGERIO MORRO DA CRUZ,PSD,SIM,1,2026-08-27
2026,NOMINAL,3721,THIAGO MANZONI,PL,SIM,1,2026-08-27
2026,NOMINAL,3721,WELLINGTON LUIZ,MDB,SIM,1,2026-08-27
2026,NOMINAL,3722,DAYSE AMARILIO,PSB,SIM,1,2026-08-27
2026,NOMINAL,3722,DOUTORA JANE,REPUBLICANOS,SIM,1,2026-08-27
2026,NOMINAL,3722,EDUARDO PEDROSA,UNIÃO,SIM,1,2026-08-27
2026,NOMINAL,3722,IOLANDO,MDB,SIM,1,2026-08-27
2026,NOMINAL,3722,JAQUELINE SILVA,MDB,SIM,1,2026-08-27
2026,NOMINAL,3722,JOAQUIM RORIZ NETO,PL,SIM,1,2026-08-27
2026,NOMINAL,3722,JORGE VIANNA,INVÁLIDO,SIM,1,2026-08-27
2026,NOMINAL,3722,JOÃO CARDOSO,PL,SIM,1,2026-08-27
2026,NOMINAL,3722,MARTINS MACHADO,REPUBLICANOS,SIM,1,2026-08-27
2026,NOMINAL,3722,PASTOR DANIEL DE CASTRO,PP,SIM,1,2026-08-27
2026,NOMINAL,3722,PEPA,PP,SIM,1,2026-08-27
2026,NOMINAL,3722,ROGERIO MORRO DA CRUZ,PSD,SIM,1,2026-08-27
2026,NOMINAL,3722,WELLINGTON LUIZ,MDB,SIM,1,2026-08-27
2026,NOMINAL,3725,DAYSE AMARILIO,PSB,SIM,1,2026-08-27
2026,NOMINAL,3725,DOUTORA JANE,REPUBLICANOS,SIM,1,2026-08-27
2026,NOMINAL,3725,EDUARDO PEDROSA,UNIÃO,SIM,1,2026-08-27
2026,NOMINAL,3725,FÁBIO FELIX,PSOL,SIM,1,2026-08-27
2026,NOMINAL,3725,IOLANDO,MDB,SIM,1,2026-08-27
2026,NOMINAL,3725,JAQUELINE SILVA,MDB,SIM,1,2026-08-27
2026,NOMINAL,3725,JOAQUIM RORIZ NETO,PL,SIM,1,2026-08-27
2026,NOMINAL,3725,JORGE VIANNA,INVÁLIDO,SIM,1,2026-08-27
2026,NOMINAL,3725,JOÃO CARDOSO,PL,SIM,1,2026-08-27
2026,NOMINAL,3725,MARTINS MACHADO,REPUBLICANOS,SIM,1,2026-08-27
2026,NOMINAL,3725,PASTOR DANIEL DE CASTRO,PP,SIM,1,2026-08-27
2026,NOMINAL,3725,PEPA,PP,SIM,1,2026-08-27
2026,NOMINAL,3725,ROGERIO MORRO DA CRUZ,PSD,SIM,1,2026-08-27
2026,NOMINAL,3725,THIAGO MANZONI,PL,SIM,1,2026-08-27
2026,NOMINAL,3725,WELLINGTON LUIZ,MDB,SIM,1,2026-08-27
2026,NOMINAL,3755,CHICO VIGILANTE,PT,SIM,1,2026-08-27
2026,NOMINAL,3755,DAYSE AMARILIO,PSB,SIM,1,2026-08-27
2026,NOMINAL,3755,DOUTORA JANE,REPUBLICANOS,SIM,1,2026-08-27
2026,NOMINAL,3755,EDUARDO PEDROSA,UNIÃO,SIM,1,2026-08-27
2026,NOMINAL,3755,FÁBIO FELIX,PSOL,SIM,1,2026-08-27
2026,NOMINAL,3755,GABRIEL MAGNO,PT,SIM,1,2026-08-27
2026,NOMINAL,3755,IOLANDO,MDB,SIM,1,2026-08-27
2026,NOMINAL,3755,JAQUELINE SILVA,MDB,SIM,1,2026-08-27
2026,NOMINAL,3755,JOAQUIM RORIZ NETO,PL,SIM,1,2026-08-27
2026,NOMINAL,3755,JORGE VIANNA,INVÁLIDO,SIM,1,2026-08-27
2026,NOMINAL,3755,MARTINS MACHADO,REPUBLICANOS,SIM,1,2026-08-27
2026,NOMINAL,3755,MAX MACIEL,PSOL,ABSTENCAO,1,2026-08-27
2026,NOMINAL,3755,PASTOR DANIEL DE CASTRO,PP,SIM,1,2026-08-27
2026,NOMINAL,3755,PEPA,PP,SIM,1,2026-08-27
2026,NOMINAL,3755,RICARDO VALE,PT,SIM,1,2026-08-27
2026,NOMINAL,3755,ROBÉRIO NEGREIROS,PODEMOS,SIM,1,2026-08-27
2026,NOMINAL,3755,ROOSEVELT VILELA,PL,SIM,1,2026-08-27
2026,NOMINAL,3755,THIAGO MANZONI,PL,SIM,1,2026-08-27
2026,NOMINAL,3755,WELLINGTON LUIZ,MDB,SIM,1,2026-08-27
2026,NOMINAL,3756,DAYSE AMARILIO,PSB,SIM,1,2026-08-27
2026,NOMINAL,3756,DOUTORA JANE,REPUBLICANOS,SIM,1,2026-08-27
2026,NOMINAL,3756,EDUARDO PEDROSA,UNIÃO,SIM,1,2026-08-27
2026,NOMINAL,3756,FÁBIO FELIX,PSOL,SIM,1,2026-08-27
2026,NOMINAL,3756,GABRIEL MAGNO,PT,SIM,1,2026-08-27
2026,NOMINAL,3756,HERMETO,MDB,SIM,1,2026-08-27
2026,NOMINAL,3756,JAQUELINE SILVA,MDB,SIM,1,2026-08-27
2026,NOMINAL,3756,JOAQUIM RORIZ NETO,PL,SIM,1,2026-08-27
2026,NOMINAL,3756,JORGE VIANNA,INVÁLIDO,SIM,1,2026-08-27
2026,NOMINAL,3756,MARTINS MACHADO,REPUBLICANOS,SIM,1,2026-08-27
2026,NOMINAL,3756,MAX MACIEL,PSOL,ABSTENCAO,1,2026-08-27
2026,NOMINAL,3756,PASTOR DANIEL DE CASTRO,PP,SIM,1,2026-08-27
2026,NOMINAL,3756,PEPA,PP,SIM,1,2026-08-27
2026,NOMINAL,3756,RICARDO VALE,PT,SIM,1,2026-08-27
2026,NOMINAL,3756,ROBÉRIO NEGREIROS,PODEMOS,SIM,1,2026-08-27
2026,NOMINAL,3756,ROGERIO MORRO DA CRUZ,PSD,SIM,1,2026-08-27
2026,NOMINAL,3756,ROOSEVELT VILELA,PL,SIM,1,2026-08-27
2026,NOMINAL,3756,THIAGO MANZONI,PL,SIM,1,2026-08-27
2026,NOMINAL,3756,WELLINGTON LUIZ,MDB,SIM,1,2026-08-27
2026,NOMINAL,3758,CHICO VIGILANTE,PT,SIM,1,2026-08-27
2026,NOMINAL,3758,DAYSE AMARILIO,PSB,SIM,1,2026-08-27
2026,NOMINAL,3758,DOUTORA JANE,REPUBLICANOS,SIM,1,2026-08-27
2026,NOMINAL,3758,EDUARDO PEDROSA,UNIÃO,SIM,1,2026-08-27
2026,NOMINAL,3758,FÁBIO FELIX,PSOL,SIM,1,2026-08-27
2026,NOMINAL,3758,GABRIEL MAGNO,PT,SIM,1,2026-08-27
2026,NOMINAL,3758,IOLANDO,MDB,SIM,1,2026-08-27
2026,NOMINAL,3758,JAQUELINE SILVA,MDB,SIM,1,2026-08-27
2026,NOMINAL,3758,JOAQUIM RORIZ NETO,PL,SIM,1,2026-08-27
2026,NOMINAL,3758,JORGE VIANNA,INVÁLIDO,SIM,1,2026-08-27
2026,NOMINAL,3758,MARTINS MACHADO,REPUBLICANOS,SIM,1,2026-08-27
2026,NOMINAL,3758,MAX MACIEL,PSOL,ABSTENCAO,1,2026-08-27
2026,NOMINAL,3758,PASTOR DANIEL DE CASTRO,PP,SIM,1,2026-08-27
2026,NOMINAL,3758,PEPA,PP,SIM,1,2026-08-27
2026,NOMINAL,3758,RICARDO VALE,PT,SIM,1,2026-08-27
2026,NOMINAL,3758,ROBÉRIO NEGREIROS,PODEMOS,SIM,1,2026-08-27
2026,NOMINAL,3758,ROOSEVELT VILELA,PL,SIM,1,2026-08-27
2026,NOMINAL,3758,THIAGO MANZONI,PL,SIM,1,2026-08-27
2026,NOMINAL,3758,WELLINGTON LUIZ,MDB,SIM,1,2026-08-27
2026,NOMINAL,3759,CHICO VIGILANTE,PT,SIM,1,2026-08-27
2026,NOMINAL,3759,DAYSE AMARILIO,PSB,SIM,1,2026-08-27
2026,NOMINAL,3759,DOUTORA JANE,REPUBLICANOS,SIM,1,2026-08-27
2026,NOMINAL,3759,EDUARDO PEDROSA,UNIÃO,SIM,1,2026-08-27
2026,NOMINAL,3759,FÁBIO FELIX,PSOL,SIM,1,2026-08-27
2026,NOMINAL,3759,GABRIEL MAGNO,PT,SIM,1,2026-08-27
2026,NOMINAL,3759,HERMETO,MDB,SIM,1,2026-08-27
2026,NOMINAL,3759,JAQUELINE SILVA,MDB,SIM,1,2026-08-27
2026,NOMINAL,3759,JOAQUIM RORIZ NETO,PL,SIM,1,2026-08-27
2026,NOMINAL,3759,JORGE VIANNA,INVÁLIDO,SIM,1,2026-08-27
2026,NOMINAL,3759,MARTINS MACHADO,REPUBLICANOS,SIM,1,2026-08-27
2026,NOMINAL,3759,MAX MACIEL,PSOL,ABSTENCAO,1,2026-08-27
2026,NOMINAL,3759,PASTOR DANIEL DE CASTRO,PP,SIM,1,2026-08-27
2026,NOMINAL,3759,PEPA,PP,SIM,1,2026-08-27
2026,NOMINAL,3759,RICARDO VALE,PT,SIM,1,2026-08-27
2026,NOMINAL,3759,ROBÉRIO NEGREIROS,PODEMOS,SIM,1,2026-08-27
2026,NOMINAL,3759,ROGERIO MORRO DA CRUZ,PSD,SIM,1,2026-08-27
2026,NOMINAL,3759,ROOSEVELT VILELA,PL,SIM,1,2026-08-27
2026,NOMINAL,3759,THIAGO MANZONI,PL,SIM,1,2026-08-27
2026,NOMINAL,3759,WELLINGTON LUIZ,MDB,SIM,1,2026-08-27
2026,NOMINAL,3783,CHICO VIGILANTE,PT,NAO,1,2026-08-27
2026,NOMINAL,3783,DAYSE AMARILIO,PSB,NAO,1,2026-08-27
2026,NOMINAL,3783,DOUTORA JANE,REPUBLICANOS,SIM,1,2026-08-27
2026,NOMINAL,3783,EDUARDO PEDROSA,UNIÃO,SIM,1,2026-08-27
2026,NOMINAL,3783,FÁBIO FELIX,PSOL,NAO,1,2026-08-27
2026,NOMINAL,3783,GABRIEL MAGNO,PT,NAO,1,2026-08-27
2026,NOMINAL,3783,HERMETO,MDB,SIM,1,2026-08-27
2026,NOMINAL,3783,IOLANDO,MDB,SIM,1,2026-08-27
2026,NOMINAL,3783,JAQUELINE SILVA,MDB,SIM,1,2026-08-27
2026,NOMINAL,3783,JOAQUIM RORIZ NETO,PL,SIM,1,2026-08-27
2026,NOMINAL,3783,JORGE VIANNA,INVÁLIDO,SIM,1,2026-08-27
2026,NOMINAL,3783,MARTINS MACHADO,REPUBLICANOS,SIM,1,2026-08-27
2026,NOMINAL,3783,MAX MACIEL,PSOL,NAO,1,2026-08-27
2026,NOMINAL,3783,PASTOR DANIEL DE CASTRO,PP,SIM,1,2026-08-27
2026,NOMINAL,3783,PAULA BELMONTE,INVÁLIDO,SIM,1,2026-08-27
2026,NOMINAL,3783,PEPA,PP,SIM,1,2026-08-27
2026,NOMINAL,3783,RICARDO VALE,PT,NAO,1,2026-08-27
2026,NOMINAL,3783,ROBÉRIO NEGREIROS,PODEMOS,SIM,1,2026-08-27
2026,NOMINAL,3783,ROGERIO MORRO DA CRUZ,PSD,SIM,1,2026-08-27
2026,NOMINAL,3783,ROOSEVELT VILELA,PL,SIM,1,2026-08-27
2026,NOMINAL,3783,THIAGO MANZONI,PL,SIM,1,2026-08-27
2026,NOMINAL,3783,WELLINGTON LUIZ,MDB,SIM,1,2026-08-27
2026,NOMINAL,3784,CHICO VIGILANTE,PT,NAO,1,2026-08-27
2026,NOMINAL,3784,DAYSE AMARILIO,PSB,NAO,1,2026-08-27
2026,NOMINAL,3784,DOUTORA JANE,REPUBLICANOS,SIM,1,2026-08-27
2026,NOMINAL,3784,EDUARDO PEDROSA,UNIÃO,SIM,1,2026-08-27
2026,NOMINAL,3784,FÁBIO FELIX,PSOL,NAO,1,2026-08-27
2026,NOMINAL,3784,GABRIEL MAGNO,PT,NAO,1,2026-08-27
2026,NOMINAL,3784,HERMETO,MDB,SIM,1,2026-08-27
2026,NOMINAL,3784,JAQUELINE SILVA,MDB,SIM,1,2026-08-27
2026,NOMINAL,3784,JOAQUIM RORIZ NETO,PL,SIM,1,2026-08-27
2026,NOMINAL,3784,MARTINS MACHADO,REPUBLICANOS,SIM,1,2026-08-27
2026,NOMINAL,3784,MAX MACIEL,PSOL,NAO,1,2026-08-27
2026,NOMINAL,3784,PASTOR DANIEL DE CASTRO,PP,SIM,1,2026-08-27
2026,NOMINAL,3784,PAULA BELMONTE,INVÁLIDO,SIM,1,2026-08-27
2026,NOMINAL,3784,PEPA,PP,SIM,1,2026-08-27
2026,NOMINAL,3784,RICARDO VALE,PT,NAO,1,2026-08-27
2026,NOMINAL,3784,ROBÉRIO NEGREIROS,PODEMOS,SIM,1,2026-08-27
2026,NOMINAL,3784,ROGERIO MORRO DA CRUZ,PSD,SIM,1,2026-08-27
2026,NOMINAL,3784,ROOSEVELT VILELA,PL,SIM,1,2026-08-27
2026,NOMINAL,3784,THIAGO MANZONI,PL,SIM,1,2026-08-27
2026,NOMINAL,3784,WELLINGTON LUIZ,MDB,SIM,1,2026-08-27
2026,NOMINAL,3785,CHICO VIGILANTE,PT,NAO,1,2026-08-27
2026,NOMINAL,3785,DAYSE AMARILIO,PSB,NAO,1,2026-08-27
2026,NOMINAL,3785,DOUTORA JANE,REPUBLICANOS,SIM,1,2026-08-27
2026,NOMINAL,3785,EDUARDO PEDROSA,UNIÃO,SIM,1,2026-08-27
2026,NOMINAL,3785,FÁBIO FELIX,PSOL,NAO,1,2026-08-27
2026,NOMINAL,3785,GABRIEL MAGNO,PT,NAO,1,2026-08-27
2026,NOMINAL,3785,HERMETO,MDB,SIM,1,2026-08-27
2026,NOMINAL,3785,IOLANDO,MDB,SIM,1,2026-08-27
2026,NOMINAL,3785,JAQUELINE SILVA,MDB,SIM,1,2026-08-27
2026,NOMINAL,3785,JOAQUIM RORIZ NETO,PL,SIM,1,2026-08-27
2026,NOMINAL,3785,JORGE VIANNA,INVÁLIDO,SIM,1,2026-08-27
2026,NOMINAL,3785,MARTINS MACHADO,REPUBLICANOS,SIM,1,2026-08-27
2026,NOMINAL,3785,MAX MACIEL,PSOL,NAO,1,2026-08-27
2026,NOMINAL,3785,PASTOR DANIEL DE CASTRO,PP,SIM,1,2026-08-27
2026,NOMINAL,3785,PAULA BELMONTE,INVÁLIDO,SIM,1,2026-08-27
2026,NOMINAL,3785,PEPA,PP,SIM,1,2026-08-27
2026,NOMINAL,3785,RICARDO VALE,PT,NAO,1,2026-08-27
2026,NOMINAL,3785,ROBÉRIO NEGREIROS,PODEMOS,SIM,1,2026-08-27
2026,NOMINAL,3785,ROGERIO MORRO DA CRUZ,PSD,SIM,1,2026-08-27
2026,NOMINAL,3785,ROOSEVELT VILELA,PL,SIM,1,2026-08-27
2026,NOMINAL,3785,THIAGO MANZONI,PL,SIM,1,2026-08-27
2026,NOMINAL,3785,WELLINGTON LUIZ,MDB,SIM,1,2026-08-27
2026,NOMINAL,3787,CHICO VIGILANTE,PT,NAO,1,2026-08-27
2026,NOMINAL,3787,DAYSE AMARILIO,PSB,NAO,1,2026-08-27
2026,NOMINAL,3787,DOUTORA JANE,REPUBLICANOS,SIM,1,2026-08-27
2026,NOMINAL,3787,EDUARDO PEDROSA,UNIÃO,SIM,1,2026-08-27
2026,NOMINAL,3787,FÁBIO FELIX,PSOL,NAO,1,2026-08-27
2026,NOMINAL,3787,GABRIEL MAGNO,PT,NAO,1,2026-08-27
2026,NOMINAL,3787,HERMETO,MDB,SIM,1,2026-08-27
2026,NOMINAL,3787,IOLANDO,MDB,SIM,1,2026-08-27
2026,NOMINAL,3787,JAQUELINE SILVA,MDB,SIM,1,2026-08-27
2026,NOMINAL,3787,JOAQUIM RORIZ NETO,PL,SIM,1,2026-08-27
2026,NOMINAL,3787,MARTINS MACHADO,REPUBLICANOS,SIM,1,2026-08-27
2026,NOMINAL,3787,MAX MACIEL,PSOL,NAO,1,2026-08-27
2026,NOMINAL,3787,PASTOR DANIEL DE CASTRO,PP,SIM,1,2026-08-27
2026,NOMINAL,3787,PAULA BELMONTE,INVÁLIDO,NAO,1,2026-08-27
2026,NOMINAL,3787,PEPA,PP,SIM,1,2026-08-27
2026,NOMINAL,3787,RICARDO VALE,PT,NAO,1,2026-08-27
2026,NOMINAL,3787,ROBÉRIO NEGREIROS,PODEMOS,SIM,1,2026-08-27
2026,NOMINAL,3787,ROGERIO MORRO DA CRUZ,PSD,SIM,1,2026-08-27
2026,NOMINAL,3787,ROOSEVELT VILELA,PL,SIM,1,2026-08-27
2026,NOMINAL,3787,THIAGO MANZONI,PL,SIM,1,2026-08-27
2026,NOMINAL,3787,WELLINGTON LUIZ,MDB,SIM,1,2026-08-27
2026,NOMINAL,3792,CHICO VIGILANTE,PT,SIM,1,2026-08-27
2026,NOMINAL,3792,DAYSE AMARILIO,PSB,SIM,1,2026-08-27
2026,NOMINAL,3792,DOUTORA JANE,REPUBLICANOS,NAO,1,2026-08-27
2026,NOMINAL,3792,EDUARDO PEDROSA,UNIÃO,NAO,1,2026-08-27
2026,NOMINAL,3792,FÁBIO FELIX,PSOL,SIM,1,2026-08-27
2026,NOMINAL,3792,GABRIEL MAGNO,PT,SIM,1,2026-08-27
2026,NOMINAL,3792,HERMETO,MDB,NAO,1,2026-08-27
2026,NOMINAL,3792,IOLANDO,MDB,NAO,1,2026-08-27
2026,NOMINAL,3792,JAQUELINE SILVA,MDB,NAO,1,2026-08-27
2026,NOMINAL,3792,JOAQUIM RORIZ NETO,PL,NAO,1,2026-08-27
2026,NOMINAL,3792,JORGE VIANNA,INVÁLIDO,NAO,1,2026-08-27
2026,NOMINAL,3792,MARTINS MACHADO,REPUBLICANOS,NAO,1,2026-08-27
2026,NOMINAL,3792,MAX MACIEL,PSOL,SIM,1,2026-08-27
2026,NOMINAL,3792,PASTOR DANIEL DE CASTRO,PP,NAO,1,2026-08-27
2026,NOMINAL,3792,PAULA BELMONTE,INVÁLIDO,SIM,1,2026-08-27
2026,NOMINAL,3792,PEPA,PP,NAO,1,2026-08-27
2026,NOMINAL,3792,RICARDO VALE,PT,SIM,1,2026-08-27
2026,NOMINAL,3792,ROBÉRIO NEGREIROS,PODEMOS,NAO,1,2026-08-27
2026,NOMINAL,3792,ROGERIO MORRO DA CRUZ,PSD,NAO,1,2026-08-27
2026,NOMINAL,3792,ROOSEVELT VILELA,PL,NAO,1,2026-08-27
2026,NOMINAL,3792,THIAGO MANZONI,PL,NAO,1,2026-08-27
2026,NOMINAL,3792,WELLINGTON LUIZ,MDB,NAO,1,2026-08-27
2026,NOMINAL,3810,CHICO VIGILANTE,PT,SIM,1,2026-08-27
2026,NOMINAL,3810,DAYSE AMARILIO,PSB,SIM,1,2026-08-27
2026,NOMINAL,3810,DOUTORA JANE,REPUBLICANOS,SIM,1,2026-08-27
2026,NOMINAL,3810,EDUARDO PEDROSA,UNIÃO,SIM,1,2026-08-27
2026,NOMINAL,3810,FÁBIO FELIX,PSOL,SIM,1,2026-08-27
2026,NOMINAL,3810,GABRIEL MAGNO,PT,SIM,1,2026-08-27
2026,NOMINAL,3810,HERMETO,MDB,SIM,1,2026-08-27
2026,NOMINAL,3810,IOLANDO,MDB,SIM,1,2026-08-27
2026,NOMINAL,3810,JAQUELINE SILVA,MDB,SIM,1,2026-08-27
2026,NOMINAL,3810,JOAQUIM RORIZ NETO,PL,SIM,1,2026-08-27
2026,NOMINAL,3810,MARTINS MACHADO,REPUBLICANOS,SIM,1,2026-08-27
2026,NOMINAL,3810,MAX MACIEL,PSOL,SIM,1,2026-08-27
2026,NOMINAL,3810,PASTOR DANIEL DE CASTRO,PP,SIM,1,2026-08-27
2026,NOMINAL,3810,PAULA BELMONTE,INVÁLIDO,SIM,1,2026-08-27
2026,NOMINAL,3810,PEPA,PP,SIM,1,2026-08-27
2026,NOMINAL,3810,RICARDO VALE,PT,SIM,1,2026-08-27
2026,NOMINAL,3810,ROBÉRIO NEGREIROS,PODEMOS,SIM,1,2026-08-27
2026,NOMINAL,3810,ROGERIO MORRO DA CRUZ,PSD,SIM,1,2026-08-27
2026,NOMINAL,3810,ROOSEVELT VILELA,PL,SIM,1,2026-08-27
2026,NOMINAL,3810,THIAGO MANZONI,PL,SIM,1,2026-08-27
2026,NOMINAL,3810,WELLINGTON LUIZ,MDB,SIM,1,2026-08-27
2026,NOMINAL,3819,CHICO VIGILANTE,PT,NAO,1,2026-08-27
2026,NOMINAL,3819,DAYSE AMARILIO,PSB,NAO,1,2026-08-27
2026,NOMINAL,3819,DOUTORA JANE,REPUBLICANOS,SIM,1,2026-08-27
2026,NOMINAL,3819,EDUARDO PEDROSA,UNIÃO,SIM,1,2026-08-27
2026,NOMINAL,3819,FÁBIO FELIX,PSOL,NAO,1,2026-08-27
2026,NOMINAL,3819,GABRIEL MAGNO,PT,NAO,1,2026-08-27
2026,NOMINAL,3819,HERMETO,MDB,SIM,1,2026-08-27
2026,NOMINAL,3819,IOLANDO,MDB,SIM,1,2026-08-27
2026,NOMINAL,3819,JAQUELINE SILVA,MDB,SIM,1,2026-08-27
2026,NOMINAL,3819,JOAQUIM RORIZ NETO,PL,SIM,1,2026-08-27
2026,NOMINAL,3819,JORGE VIANNA,INVÁLIDO,SIM,1,2026-08-27
2026,NOMINAL,3819,MARTINS MACHADO,REPUBLICANOS,SIM,1,2026-08-27
2026,NOMINAL,3819,MAX MACIEL,PSOL,NAO,1,2026-08-27
2026,NOMINAL,3819,PASTOR DANIEL DE CASTRO,PP,SIM,1,2026-08-27
2026,NOMINAL,3819,PAULA BELMONTE,INVÁLIDO,SIM,1,2026-08-27
2026,NOMINAL,3819,PEPA,PP,SIM,1,2026-08-27
2026,NOMINAL,3819,RICARDO VALE,PT,NAO,1,2026-08-27
2026,NOMINAL,3819,ROBÉRIO NEGREIROS,PODEMOS,SIM,1,2026-08-27
2026,NOMINAL,3819,ROGERIO MORRO DA CRUZ,PSD,SIM,1,2026-08-27
2026,NOMINAL,3819,ROOSEVELT VILELA,PL,SIM,1,2026-08-27
2026,NOMINAL,3819,THIAGO MANZONI,PL,SIM,1,2026-08-27
2026,NOMINAL,3819,WELLINGTON LUIZ,MDB,SIM,1,2026-08-27
2026,NOMINAL,3828,CHICO VIGILANTE,PT,SIM,1,2026-08-27
2026,NOMINAL,3828,DAYSE AMARILIO,PSB,SIM,1,2026-08-27
2026,NOMINAL,3828,DOUTORA JANE,REPUBLICANOS,NAO,1,2026-08-27
2026,NOMINAL,3828,EDUARDO PEDROSA,UNIÃO,NAO,1,2026-08-27
2026,NOMINAL,3828,FÁBIO FELIX,PSOL,SIM,1,2026-08-27
2026,NOMINAL,3828,GABRIEL MAGNO,PT,SIM,1,2026-08-27
2026,NOMINAL,3828,HERMETO,MDB,NAO,1,2026-08-27
2026,NOMINAL,3828,IOLANDO,MDB,NAO,1,2026-08-27
2026,NOMINAL,3828,JAQUELINE SILVA,MDB,NAO,1,2026-08-27
2026,NOMINAL,3828,JOAQUIM RORIZ NETO,PL,NAO,1,2026-08-27
2026,NOMINAL,3828,MAX MACIEL,PSOL,SIM,1,2026-08-27
2026,NOMINAL,3828,PASTOR DANIEL DE CASTRO,PP,NAO,1,2026-08-27
2026,NOMINAL,3828,PEPA,PP,NAO,1,2026-08-27
2026,NOMINAL,3828,RICARDO VALE,PT,SIM,1,2026-08-27
2026,NOMINAL,3828,ROBÉRIO NEGREIROS,PODEMOS,NAO,1,2026-08-27
2026,NOMINAL,3828,ROGERIO MORRO DA CRUZ,PSD,NAO,1,2026-08-27
2026,NOMINAL,3828,ROOSEVELT VILELA,PL,NAO,1,2026-08-27
2026,NOMINAL,3828,THIAGO MANZONI,PL,NAO,1,2026-08-27
2026,NOMINAL,3828,WELLINGTON LUIZ,MDB,NAO,1,2026-08-27
